rec_id,axis,severity,arm,label,logit,prob,var_logit
aaaaaayx_s002_t000,bandwidth,100.0,canonicalized,0,0.182929,0.437647,0.750818
aaaaabdo_s003_t000,bandwidth,100.0,canonicalized,1,4.733603,0.966451,0.760261
aaaaabsk_s007_t000,bandwidth,100.0,canonicalized,1,-0.403456,0.328261,1.067896
aaaaabuv_s002_t000,bandwidth,100.0,canonicalized,1,0.354644,0.471420,0.883885
aaaaacad_s003_t000,bandwidth,100.0,canonicalized,0,-0.007978,0.400780,0.148497
aaaaacby_s004_t000,bandwidth,100.0,canonicalized,0,0.594919,0.519049,0.084122
aaaaaddm_s006_t000,bandwidth,100.0,canonicalized,1,2.317527,0.808960,0.487143
aaaaadeu_s002_t000,bandwidth,100.0,canonicalized,1,2.399141,0.818769,0.692453
aaaaadjk_s002_t000,bandwidth,100.0,canonicalized,0,-1.019912,0.230539,0.079576
aaaaadkb_s002_t000,bandwidth,100.0,canonicalized,1,3.639160,0.923585,4.033931
aaaaadsm_s002_t001,bandwidth,100.0,canonicalized,0,-1.586951,0.160399,0.454613
aaaaaeab_s003_t000,bandwidth,100.0,canonicalized,0,-1.337394,0.188893,0.411111
aaaaaejc_s003_t001,bandwidth,100.0,canonicalized,0,-0.239120,0.357635,0.251591
aaaaaezn_s003_t001,bandwidth,100.0,canonicalized,1,0.427188,0.485785,3.293796
aaaaafhl_s003_t000,bandwidth,100.0,canonicalized,1,1.927630,0.756549,0.704112
aaaaagfk_s003_t000,bandwidth,100.0,canonicalized,0,-1.152040,0.212466,0.299194
aaaaagsc_s003_t001,bandwidth,100.0,canonicalized,1,2.294237,0.806087,5.305226
aaaaagsc_s006_t001,bandwidth,100.0,canonicalized,1,-1.430471,0.177836,0.478999
aaaaaguk_s002_t001,bandwidth,100.0,canonicalized,0,-2.949007,0.060873,0.305164
aaaaagvx_s002_t000,bandwidth,100.0,canonicalized,1,-0.067286,0.389532,0.287396
aaaaagvx_s003_t001,bandwidth,100.0,canonicalized,1,0.075607,0.416810,0.803803
aaaaagyr_s002_t000,bandwidth,100.0,canonicalized,1,-0.203047,0.364238,0.736783
aaaaahie_s005_t001,bandwidth,100.0,canonicalized,1,4.273408,0.952367,0.638785
aaaaahsv_s002_t000,bandwidth,100.0,canonicalized,0,-1.259413,0.198558,1.129182
aaaaahte_s002_t000,bandwidth,100.0,canonicalized,1,5.629126,0.983231,1.264593
aaaaahte_s003_t000,bandwidth,100.0,canonicalized,1,6.345386,0.990432,0.878020
aaaaahuy_s002_t000,bandwidth,100.0,canonicalized,1,-2.747294,0.070693,0.335077
aaaaahzi_s001_t000,bandwidth,100.0,canonicalized,0,-1.160577,0.211335,0.284523
aaaaahzm_s001_t001,bandwidth,100.0,canonicalized,0,1.479449,0.685288,0.244501
aaaaahzq_s001_t000,bandwidth,100.0,canonicalized,0,-3.670580,0.035271,0.214070
aaaaahzs_s001_t001,bandwidth,100.0,canonicalized,0,0.170991,0.435317,1.184057
aaaaaiae_s001_t000,bandwidth,100.0,canonicalized,0,1.689192,0.720034,0.661690
aaaaaibx_s001_t000,bandwidth,100.0,canonicalized,0,-1.032257,0.228806,0.208732
aaaaaiby_s001_t000,bandwidth,100.0,canonicalized,0,-1.113932,0.217570,1.290656
aaaaaici_s001_t000,bandwidth,100.0,canonicalized,0,-1.844288,0.134764,2.744451
aaaaaicn_s001_t000,bandwidth,100.0,canonicalized,0,0.725693,0.544882,0.748677
aaaaaijh_s002_t000,bandwidth,100.0,canonicalized,1,-2.572097,0.080390,0.476071
aaaaaijn_s001_t001,bandwidth,100.0,canonicalized,0,-0.382418,0.331953,0.275048
aaaaairb_s001_t001,bandwidth,100.0,canonicalized,0,0.576209,0.515342,0.251112
aaaaairo_s001_t000,bandwidth,100.0,canonicalized,0,-1.697737,0.148910,0.552415
aaaaaitt_s001_t000,bandwidth,100.0,canonicalized,0,-1.890191,0.130572,0.352607
aaaaaiue_s004_t000,bandwidth,100.0,canonicalized,1,0.329461,0.466443,0.407862
aaaaaiuo_s002_t000,bandwidth,100.0,canonicalized,0,0.827258,0.564787,0.639368
aaaaaiwz_s001_t001,bandwidth,100.0,canonicalized,0,-0.837606,0.257196,0.508859
aaaaaiyy_s001_t001,bandwidth,100.0,canonicalized,0,-1.967678,0.123749,3.277483
aaaaaizd_s001_t001,bandwidth,100.0,canonicalized,0,-0.166865,0.370912,1.060150
aaaaaizs_s001_t000,bandwidth,100.0,canonicalized,0,0.260178,0.452788,0.745996
aaaaajae_s001_t001,bandwidth,100.0,canonicalized,0,2.792759,0.860614,0.382326
aaaaajah_s002_t001,bandwidth,100.0,canonicalized,1,-0.841630,0.256586,0.546904
aaaaajah_s004_t000,bandwidth,100.0,canonicalized,1,-0.947670,0.240866,0.946142
aaaaajal_s001_t001,bandwidth,100.0,canonicalized,0,-2.903010,0.062993,0.458976
aaaaajam_s001_t000,bandwidth,100.0,canonicalized,1,0.227480,0.446367,0.223045
aaaaajar_s001_t001,bandwidth,100.0,canonicalized,0,-1.411374,0.180062,0.661805
aaaaajbb_s001_t000,bandwidth,100.0,canonicalized,0,0.699214,0.539666,0.708622
aaaaajbh_s002_t000,bandwidth,100.0,canonicalized,0,0.395355,0.479477,0.521650
aaaaajce_s001_t000,bandwidth,100.0,canonicalized,0,-1.257423,0.198809,0.374290
aaaaajci_s001_t000,bandwidth,100.0,canonicalized,0,-1.561421,0.163147,0.385087
aaaaajck_s001_t000,bandwidth,100.0,canonicalized,0,-2.453134,0.087652,0.198345
aaaaajct_s001_t000,bandwidth,100.0,canonicalized,0,1.465467,0.682890,0.520922
aaaaajcu_s001_t000,bandwidth,100.0,canonicalized,0,-1.549856,0.164403,0.572604
aaaaajda_s001_t000,bandwidth,100.0,canonicalized,0,-2.442404,0.088335,0.353551
aaaaajdb_s001_t000,bandwidth,100.0,canonicalized,0,-1.346226,0.187822,1.000174
aaaaajdv_s001_t000,bandwidth,100.0,canonicalized,0,-0.074062,0.388254,2.309584
aaaaajdy_s001_t000,bandwidth,100.0,canonicalized,0,-2.221159,0.103534,0.156094
aaaaajdz_s001_t000,bandwidth,100.0,canonicalized,0,-0.766811,0.268075,0.504148
aaaaajea_s001_t000,bandwidth,100.0,canonicalized,0,1.423877,0.675700,0.921597
aaaaajen_s001_t000,bandwidth,100.0,canonicalized,0,-1.170256,0.210058,1.206973
aaaaajey_s001_t000,bandwidth,100.0,canonicalized,0,-1.038542,0.227927,0.191428
aaaaajfb_s001_t000,bandwidth,100.0,canonicalized,0,-3.087463,0.054886,2.426004
aaaaajfe_s001_t000,bandwidth,100.0,canonicalized,0,-1.533879,0.166153,0.745423
aaaaajff_s001_t000,bandwidth,100.0,canonicalized,0,-2.874844,0.064326,0.755921
aaaaajfi_s001_t001,bandwidth,100.0,canonicalized,0,-1.103936,0.218924,0.163209
aaaaajfn_s001_t001,bandwidth,100.0,canonicalized,0,-2.335417,0.095416,0.515953
aaaaajfy_s001_t000,bandwidth,100.0,canonicalized,0,-2.710404,0.072641,0.093870
aaaaajga_s001_t001,bandwidth,100.0,canonicalized,0,0.206263,0.442210,3.452449
aaaaajhy_s001_t000,bandwidth,100.0,canonicalized,0,-1.545134,0.164919,1.186593
aaaaajit_s001_t001,bandwidth,100.0,canonicalized,0,-2.155098,0.108502,0.787293
aaaaajiu_s001_t000,bandwidth,100.0,canonicalized,0,1.284658,0.651036,1.730076
aaaaajiy_s001_t001,bandwidth,100.0,canonicalized,0,-1.151407,0.212550,1.130896
aaaaajiz_s001_t000,bandwidth,100.0,canonicalized,0,-1.092410,0.220492,1.035552
aaaaajjb_s001_t001,bandwidth,100.0,canonicalized,0,0.129602,0.427261,0.443856
aaaaajje_s001_t000,bandwidth,100.0,canonicalized,0,-1.498635,0.170064,0.674025
aaaaajjk_s001_t000,bandwidth,100.0,canonicalized,0,-0.882955,0.250381,1.940197
aaaaajna_s001_t000,bandwidth,100.0,canonicalized,0,-2.326774,0.096010,0.494378
aaaaajnu_s001_t000,bandwidth,100.0,canonicalized,0,-1.673131,0.151401,1.059398
aaaaajon_s001_t000,bandwidth,100.0,canonicalized,0,-1.369170,0.185060,1.567649
aaaaajoo_s002_t001,bandwidth,100.0,canonicalized,1,-0.285157,0.349286,0.447771
aaaaajpg_s001_t001,bandwidth,100.0,canonicalized,0,-2.072748,0.114987,0.400694
aaaaajqh_s004_t000,bandwidth,100.0,canonicalized,1,4.995833,0.972581,2.139344
aaaaajqk_s003_t001,bandwidth,100.0,canonicalized,1,2.367395,0.815001,1.053818
aaaaajrf_s001_t000,bandwidth,100.0,canonicalized,1,7.851492,0.997085,2.591535
aaaaajrf_s002_t000,bandwidth,100.0,canonicalized,1,12.071531,0.999897,2.201887
aaaaajrf_s003_t002,bandwidth,100.0,canonicalized,1,8.761608,0.998582,3.172848
aaaaajrf_s004_t000,bandwidth,100.0,canonicalized,1,3.251745,0.898862,1.145608
aaaaajso_s001_t000,bandwidth,100.0,canonicalized,1,5.944096,0.986891,0.691121
aaaaajtg_s001_t000,bandwidth,100.0,canonicalized,0,-1.434252,0.177397,1.765330
aaaaajtu_s001_t000,bandwidth,100.0,canonicalized,0,-0.798316,0.263198,0.387008
aaaaajuh_s001_t000,bandwidth,100.0,canonicalized,1,4.134876,0.947124,4.329583
aaaaajun_s001_t000,bandwidth,100.0,canonicalized,0,0.279385,0.456568,0.862451
aaaaajvh_s001_t001,bandwidth,100.0,canonicalized,0,-1.095620,0.220055,1.231784
aaaaajxp_s001_t000,bandwidth,100.0,canonicalized,0,-0.271726,0.351712,0.733175
aaaaakck_s001_t001,bandwidth,100.0,canonicalized,1,0.219830,0.444867,0.149277
aaaaakcx_s001_t001,bandwidth,100.0,canonicalized,1,6.634159,0.992377,2.411362
aaaaakcy_s005_t001,bandwidth,100.0,canonicalized,1,6.092782,0.988333,2.595225
aaaaakdj_s001_t000,bandwidth,100.0,canonicalized,1,-0.255459,0.354661,0.226452
aaaaakdo_s001_t000,bandwidth,100.0,canonicalized,1,-0.978683,0.236394,1.077207
aaaaakeq_s001_t000,bandwidth,100.0,canonicalized,1,2.014138,0.768969,1.265527
aaaaakeq_s002_t000,bandwidth,100.0,canonicalized,1,0.873951,0.573872,0.504698
aaaaakeq_s003_t000,bandwidth,100.0,canonicalized,1,2.111461,0.782405,1.965892
aaaaakev_s001_t001,bandwidth,100.0,canonicalized,1,10.481898,0.999638,7.012305
aaaaakev_s002_t000,bandwidth,100.0,canonicalized,1,8.744474,0.998563,4.212753
aaaaakft_s001_t000,bandwidth,100.0,canonicalized,0,-1.617619,0.157149,1.179508
aaaaakgp_s001_t001,bandwidth,100.0,canonicalized,0,0.066629,0.415079,0.648675
aaaaakgu_s001_t000,bandwidth,100.0,canonicalized,1,-0.574980,0.298976,0.270966
aaaaakjk_s002_t002,bandwidth,100.0,canonicalized,1,2.252229,0.800823,1.228950
aaaaakjk_s003_t000,bandwidth,100.0,canonicalized,1,0.915857,0.581984,0.467618
aaaaakka_s001_t001,bandwidth,100.0,canonicalized,0,-1.328583,0.189967,0.427198
aaaaakmg_s003_t001,bandwidth,100.0,canonicalized,1,4.459534,0.958637,0.417984
aaaaakmh_s001_t000,bandwidth,100.0,canonicalized,1,0.324762,0.465515,2.330436
aaaaaknt_s001_t000,bandwidth,100.0,canonicalized,1,-0.358764,0.336129,1.259562
aaaaakoo_s001_t001,bandwidth,100.0,canonicalized,1,8.306612,0.997967,2.193364
aaaaakqg_s001_t001,bandwidth,100.0,canonicalized,0,-0.838686,0.257032,1.268317
aaaaakqr_s001_t000,bandwidth,100.0,canonicalized,0,-1.253153,0.199350,0.726421
aaaaakrt_s001_t001,bandwidth,100.0,canonicalized,1,3.819972,0.933117,0.272009
aaaaakrt_s002_t001,bandwidth,100.0,canonicalized,1,3.563891,0.919262,1.303920
aaaaaksb_s001_t000,bandwidth,100.0,canonicalized,0,-2.158833,0.108216,0.271195
aaaaaksu_s001_t001,bandwidth,100.0,canonicalized,0,-0.029517,0.396682,1.077182
aaaaakxz_s001_t001,bandwidth,100.0,canonicalized,1,2.496164,0.829915,0.201901
aaaaakxz_s002_t001,bandwidth,100.0,canonicalized,1,4.841830,0.969127,1.825964
aaaaalaf_s001_t000,bandwidth,100.0,canonicalized,0,-1.793917,0.139493,0.152864
aaaaalau_s001_t000,bandwidth,100.0,canonicalized,1,2.817285,0.862933,1.264811
aaaaalbh_s001_t000,bandwidth,100.0,canonicalized,1,2.185518,0.792244,4.474137
aaaaalbt_s001_t001,bandwidth,100.0,canonicalized,0,-0.302992,0.346076,0.235922
aaaaalbt_s002_t000,bandwidth,100.0,canonicalized,0,-0.526470,0.307107,1.989808
aaaaalbz_s006_t000,bandwidth,100.0,canonicalized,1,7.961943,0.997329,5.163817
aaaaalid_s001_t001,bandwidth,100.0,canonicalized,0,1.593819,0.704526,2.216574
aaaaaljf_s001_t000,bandwidth,100.0,canonicalized,1,1.228050,0.640762,0.962253
aaaaaljj_s001_t000,bandwidth,100.0,canonicalized,0,-2.654908,0.075664,0.574041
aaaaallc_s001_t001,bandwidth,100.0,canonicalized,0,-0.652909,0.286178,0.775197
aaaaalle_s002_t000,bandwidth,100.0,canonicalized,1,1.318470,0.657107,0.446186
aaaaalox_s001_t001,bandwidth,100.0,canonicalized,0,1.817644,0.740115,2.725240
aaaaalpv_s001_t000,bandwidth,100.0,canonicalized,0,0.007051,0.403648,1.127062
aaaaalqa_s001_t000,bandwidth,100.0,canonicalized,0,-1.711200,0.147561,0.612414
aaaaalqr_s001_t001,bandwidth,100.0,canonicalized,1,2.768900,0.858327,0.265267
aaaaalqs_s001_t001,bandwidth,100.0,canonicalized,0,-1.374185,0.184461,0.401899
aaaaalqx_s001_t000,bandwidth,100.0,canonicalized,0,-1.662975,0.152440,2.066058
aaaaalrc_s002_t000,bandwidth,100.0,canonicalized,1,14.152174,0.999980,1.364875
aaaaalsq_s001_t000,bandwidth,100.0,canonicalized,0,0.654732,0.530886,0.189570
aaaaalsx_s001_t000,bandwidth,100.0,canonicalized,1,-0.096584,0.384017,0.080550
aaaaalsx_s004_t001,bandwidth,100.0,canonicalized,1,2.146562,0.787110,0.209851
aaaaaluz_s001_t001,bandwidth,100.0,canonicalized,0,-1.925269,0.127445,0.261257
aaaaalvw_s001_t000,bandwidth,100.0,canonicalized,0,-3.993298,0.027521,0.267338
aaaaalvz_s001_t000,bandwidth,100.0,canonicalized,1,8.128245,0.997658,1.061580
aaaaalxk_s001_t000,bandwidth,100.0,canonicalized,0,0.524309,0.505049,0.905694
aaaaalyr_s001_t000,bandwidth,100.0,canonicalized,1,1.336639,0.660349,0.459035
aaaaalzk_s002_t001,bandwidth,100.0,canonicalized,1,7.917219,0.997233,2.085730
aaaaamcb_s001_t001,bandwidth,100.0,canonicalized,1,4.887698,0.970197,0.744469
aaaaamfe_s001_t001,bandwidth,100.0,canonicalized,0,-0.608015,0.293511,0.556889
aaaaamft_s001_t001,bandwidth,100.0,canonicalized,1,3.165110,0.892438,0.699602
aaaaamfu_s001_t000,bandwidth,100.0,canonicalized,0,-0.562077,0.301127,0.277619
aaaaamhi_s001_t000,bandwidth,100.0,canonicalized,1,5.388321,0.979771,4.100780
aaaaamhk_s001_t000,bandwidth,100.0,canonicalized,1,2.458397,0.825643,0.268431
aaaaamjc_s001_t001,bandwidth,100.0,canonicalized,1,6.906616,0.993850,1.885981
aaaaammh_s001_t001,bandwidth,100.0,canonicalized,1,1.021132,0.602159,0.500182
aaaaamnq_s001_t000,bandwidth,100.0,canonicalized,1,3.538958,0.917781,6.866843
aaaaamnq_s002_t000,bandwidth,100.0,canonicalized,1,2.706998,0.852248,1.523601
aaaaamon_s001_t000,bandwidth,100.0,canonicalized,0,-0.737057,0.272733,1.353232
aaaaampz_s001_t000,bandwidth,100.0,canonicalized,1,-0.357898,0.336282,0.706005
aaaaamrj_s001_t000,bandwidth,100.0,canonicalized,0,-0.084843,0.386224,0.163107
aaaaamsc_s001_t000,bandwidth,100.0,canonicalized,1,2.825823,0.863732,0.195338
aaaaamtb_s001_t000,bandwidth,100.0,canonicalized,0,1.682811,0.719012,0.767835
aaaaamuc_s001_t000,bandwidth,100.0,canonicalized,0,-1.093986,0.220277,0.161251
aaaaamxn_s001_t000,bandwidth,100.0,canonicalized,1,-0.519255,0.308326,0.180939
aaaaamyb_s001_t001,bandwidth,100.0,canonicalized,0,-0.161460,0.371914,1.825119
aaaaamye_s001_t000,bandwidth,100.0,canonicalized,1,7.289668,0.995455,0.706678
aaaaamzi_s001_t001,bandwidth,100.0,canonicalized,1,5.726171,0.984454,2.858590
aaaaamzl_s001_t000,bandwidth,100.0,canonicalized,0,-1.944678,0.125742,0.251444
aaaaamzx_s001_t000,bandwidth,100.0,canonicalized,0,-3.034425,0.057111,1.902928
aaaaanbq_s001_t000,bandwidth,100.0,canonicalized,0,-0.458958,0.318623,0.328876
aaaaanek_s001_t000,bandwidth,100.0,canonicalized,0,-2.505489,0.084386,0.268602
aaaaangp_s001_t000,bandwidth,100.0,canonicalized,0,-0.486172,0.313953,0.328580
aaaaanhb_s001_t003,bandwidth,100.0,canonicalized,1,3.227690,0.897113,4.239278
aaaaanhb_s003_t001,bandwidth,100.0,canonicalized,1,3.472553,0.913716,0.688620
aaaaanhb_s005_t000,bandwidth,100.0,canonicalized,1,5.341090,0.979014,1.040995
aaaaankf_s001_t000,bandwidth,100.0,canonicalized,1,3.526442,0.917028,1.133013
aaaaanlp_s001_t000,bandwidth,100.0,canonicalized,0,-0.633192,0.289385,0.712389
aaaaanmc_s001_t000,bandwidth,100.0,canonicalized,1,5.033142,0.973360,3.332291
aaaaanop_s001_t000,bandwidth,100.0,canonicalized,0,-0.170284,0.370279,1.177782
aaaaanoz_s001_t000,bandwidth,100.0,canonicalized,1,-0.362657,0.335440,0.510164
aaaaanpr_s001_t002,bandwidth,100.0,canonicalized,1,1.890546,0.751087,1.529346
aaaaanqe_s001_t000,bandwidth,100.0,canonicalized,0,-1.872577,0.132168,0.502619
aaaaanro_s001_t000,bandwidth,100.0,canonicalized,1,1.493819,0.687742,1.257428
aaaaansj_s001_t000,bandwidth,100.0,canonicalized,1,1.923028,0.755875,2.377455
aaaaanta_s001_t000,bandwidth,100.0,canonicalized,1,5.518166,0.981715,3.701153
aaaaanum_s001_t000,bandwidth,100.0,canonicalized,0,-1.364693,0.185597,0.383144
aaaaanvb_s002_t000,bandwidth,100.0,canonicalized,0,-1.837970,0.135350,0.267373
aaaaanvg_s001_t002,bandwidth,100.0,canonicalized,0,1.619659,0.708776,0.364886
aaaaanvw_s001_t000,bandwidth,100.0,canonicalized,0,-2.574706,0.080237,1.098344
aaaaanwc_s001_t001,bandwidth,100.0,canonicalized,1,4.582574,0.962340,5.813119
aaaaanxl_s001_t000,bandwidth,100.0,canonicalized,1,5.887407,0.986296,5.819463
aaaaanyb_s001_t001,bandwidth,100.0,canonicalized,0,-0.013003,0.399823,0.081767
aaaaanyt_s002_t000,bandwidth,100.0,canonicalized,1,5.482923,0.981206,4.843706
aaaaanyw_s001_t000,bandwidth,100.0,canonicalized,1,1.649916,0.713708,0.336946
aaaaanyw_s002_t000,bandwidth,100.0,canonicalized,1,2.274485,0.803625,2.844598
aaaaanzh_s001_t000,bandwidth,100.0,canonicalized,1,-0.268594,0.352279,0.399683
aaaaanzu_s001_t003,bandwidth,100.0,canonicalized,1,1.744370,0.728775,0.851939
aaaaaoav_s001_t000,bandwidth,100.0,canonicalized,0,-0.598526,0.295075,0.262793
aaaaaoav_s002_t000,bandwidth,100.0,canonicalized,0,-2.067018,0.115451,0.382022
aaaaaobi_s001_t000,bandwidth,100.0,canonicalized,1,-0.894200,0.248710,0.250544
aaaaaobl_s001_t000,bandwidth,100.0,canonicalized,0,-0.763426,0.268602,0.619835
aaaaaoby_s001_t000,bandwidth,100.0,canonicalized,0,-0.777459,0.266420,1.129695
aaaaaoda_s001_t000,bandwidth,100.0,canonicalized,1,5.988414,0.987338,2.339960
aaaaaoeg_s001_t000,bandwidth,100.0,canonicalized,0,-1.205362,0.205472,0.199648
aaaaaofj_s001_t000,bandwidth,100.0,canonicalized,0,-0.173316,0.369719,0.737719
aaaaaofr_s001_t000,bandwidth,100.0,canonicalized,0,1.449689,0.680172,1.105010
aaaaaofz_s001_t000,bandwidth,100.0,canonicalized,0,-0.761111,0.268963,0.398370
aaaaaohb_s001_t000,bandwidth,100.0,canonicalized,1,2.431403,0.822537,0.254439
aaaaaohr_s002_t001,bandwidth,100.0,canonicalized,1,2.711304,0.852678,0.607426
aaaaaoiq_s001_t000,bandwidth,100.0,canonicalized,1,0.326232,0.465805,0.296897
aaaaaoiv_s001_t000,bandwidth,100.0,canonicalized,1,0.026541,0.407377,0.106902
aaaaaoiv_s002_t001,bandwidth,100.0,canonicalized,1,6.748024,0.993031,0.989641
aaaaaoiv_s003_t003,bandwidth,100.0,canonicalized,1,7.388382,0.995796,1.386339
aaaaaojd_s001_t002,bandwidth,100.0,canonicalized,0,-0.554637,0.302371,0.705386
aaaaaokg_s001_t000,bandwidth,100.0,canonicalized,0,2.707307,0.852279,4.554993
aaaaaoly_s001_t000,bandwidth,100.0,canonicalized,0,-0.346343,0.338332,3.965034
aaaaaome_s001_t000,bandwidth,100.0,canonicalized,0,-1.660765,0.152667,0.159922
aaaaaomx_s001_t000,bandwidth,100.0,canonicalized,0,-0.843346,0.256327,0.170883
aaaaaomy_s001_t000,bandwidth,100.0,canonicalized,1,2.918850,0.872190,7.683039
aaaaaonb_s001_t000,bandwidth,100.0,canonicalized,0,-0.214595,0.362118,0.466583
aaaaaons_s002_t002,bandwidth,100.0,canonicalized,1,1.635147,0.711307,0.420434
aaaaaopd_s001_t000,bandwidth,100.0,canonicalized,0,-2.110529,0.111971,1.817703
aaaaaopo_s001_t000,bandwidth,100.0,canonicalized,0,-1.425115,0.178458,0.713421
aaaaaora_s002_t000,bandwidth,100.0,canonicalized,1,0.507012,0.501618,0.589342
aaaaaord_s001_t000,bandwidth,100.0,canonicalized,1,-0.884702,0.250121,0.626213
aaaaaosh_s001_t000,bandwidth,100.0,canonicalized,1,-0.718819,0.275613,0.233244
aaaaaosw_s001_t000,bandwidth,100.0,canonicalized,0,-0.049799,0.392837,1.075483
aaaaaote_s001_t000,bandwidth,100.0,canonicalized,0,0.214784,0.443879,0.926160
aaaaaout_s001_t000,bandwidth,100.0,canonicalized,1,1.086622,0.614541,1.343300
aaaaaovl_s001_t000,bandwidth,100.0,canonicalized,1,4.354620,0.955207,0.363551
aaaaaovo_s001_t000,bandwidth,100.0,canonicalized,1,7.405345,0.995852,1.221647
aaaaaowb_s001_t000,bandwidth,100.0,canonicalized,0,-0.487302,0.313760,0.862793
aaaaaoxf_s001_t000,bandwidth,100.0,canonicalized,0,-1.869933,0.132408,0.224601
aaaaaozf_s001_t001,bandwidth,100.0,canonicalized,0,-1.201144,0.206019,1.310874
aaaaapag_s001_t000,bandwidth,100.0,canonicalized,0,-1.826423,0.136426,2.129738
aaaaapar_s001_t000,bandwidth,100.0,canonicalized,1,11.406872,0.999826,0.868775
aaaaapcb_s001_t000,bandwidth,100.0,canonicalized,0,1.990415,0.765608,0.048815
aaaaapcy_s001_t002,bandwidth,100.0,canonicalized,0,-1.866284,0.132741,0.688123
aaaaapdg_s001_t000,bandwidth,100.0,canonicalized,0,-1.663071,0.152430,0.042575
aaaaaphs_s001_t000,bandwidth,100.0,canonicalized,1,2.234787,0.798606,0.345399
aaaaaphw_s001_t000,bandwidth,100.0,canonicalized,0,1.258358,0.646280,0.577655
aaaaapij_s001_t000,bandwidth,100.0,canonicalized,0,0.397810,0.479964,0.549057
aaaaapjc_s001_t001,bandwidth,100.0,canonicalized,0,-2.639318,0.076534,1.290462
aaaaapka_s001_t000,bandwidth,100.0,canonicalized,0,-1.560511,0.163245,0.528170
aaaaapkx_s001_t001,bandwidth,100.0,canonicalized,1,-1.729122,0.145781,2.407536
aaaaaply_s001_t001,bandwidth,100.0,canonicalized,1,3.120300,0.888977,2.189688
aaaaapmb_s002_t001,bandwidth,100.0,canonicalized,1,3.677907,0.925727,0.182461
aaaaapmp_s001_t000,bandwidth,100.0,canonicalized,1,-0.547660,0.303540,0.551836
aaaaapnr_s001_t000,bandwidth,100.0,canonicalized,1,-1.263078,0.198095,0.519501
aaaaapoc_s001_t000,bandwidth,100.0,canonicalized,1,3.116600,0.888687,0.783273
aaaaapof_s001_t000,bandwidth,100.0,canonicalized,0,-1.941101,0.126054,0.180668
aaaaapoo_s001_t000,bandwidth,100.0,canonicalized,0,-1.290423,0.194671,3.654037
aaaaapoq_s001_t000,bandwidth,100.0,canonicalized,0,0.567403,0.513596,0.725232
aaaaappb_s001_t000,bandwidth,100.0,canonicalized,0,-1.160798,0.211306,0.386396
aaaaapqd_s001_t000,bandwidth,100.0,canonicalized,1,1.684303,0.719251,1.105106
aaaaapqv_s001_t000,bandwidth,100.0,canonicalized,0,-0.781368,0.265814,3.859950
aaaaapta_s001_t000,bandwidth,100.0,canonicalized,1,1.869464,0.747946,1.928428
aaaaapth_s001_t000,bandwidth,100.0,canonicalized,1,1.796735,0.736911,1.753140
aaaaapua_s001_t001,bandwidth,100.0,canonicalized,0,-3.436576,0.042165,0.260477
aaaaapuu_s001_t000,bandwidth,100.0,canonicalized,0,-1.393082,0.182215,0.342271
aaaaapvw_s001_t001,bandwidth,100.0,canonicalized,1,2.223608,0.797175,0.769468
aaaaapvy_s001_t000,bandwidth,100.0,canonicalized,1,2.866784,0.867513,1.837655
aaaaapwn_s001_t001,bandwidth,100.0,canonicalized,0,-1.023323,0.230060,1.413432
aaaaapwo_s001_t001,bandwidth,100.0,canonicalized,1,6.452952,0.991208,0.339400
aaaaapxm_s001_t001,bandwidth,100.0,canonicalized,0,-2.300566,0.097830,0.111164
aaaaapys_s001_t001,bandwidth,100.0,canonicalized,1,11.419050,0.999828,0.315721
aaaaapys_s002_t001,bandwidth,100.0,canonicalized,1,7.906055,0.997208,1.398233
aaaaaayx_s002_t000,bandwidth,100.0,naive,0,0.182929,0.437647,0.750818
aaaaabdo_s003_t000,bandwidth,100.0,naive,1,4.733603,0.966451,0.760261
aaaaabsk_s007_t000,bandwidth,100.0,naive,1,-0.403456,0.328261,1.067896
aaaaabuv_s002_t000,bandwidth,100.0,naive,1,0.354644,0.471420,0.883885
aaaaacad_s003_t000,bandwidth,100.0,naive,0,-0.007978,0.400780,0.148497
aaaaacby_s004_t000,bandwidth,100.0,naive,0,0.594919,0.519049,0.084122
aaaaaddm_s006_t000,bandwidth,100.0,naive,1,2.317527,0.808960,0.487143
aaaaadeu_s002_t000,bandwidth,100.0,naive,1,2.399141,0.818769,0.692453
aaaaadjk_s002_t000,bandwidth,100.0,naive,0,-1.019912,0.230539,0.079576
aaaaadkb_s002_t000,bandwidth,100.0,naive,1,3.639160,0.923585,4.033931
aaaaadsm_s002_t001,bandwidth,100.0,naive,0,-1.586951,0.160399,0.454613
aaaaaeab_s003_t000,bandwidth,100.0,naive,0,-1.337394,0.188893,0.411111
aaaaaejc_s003_t001,bandwidth,100.0,naive,0,-0.239120,0.357635,0.251591
aaaaaezn_s003_t001,bandwidth,100.0,naive,1,0.427188,0.485785,3.293796
aaaaafhl_s003_t000,bandwidth,100.0,naive,1,1.927630,0.756549,0.704112
aaaaagfk_s003_t000,bandwidth,100.0,naive,0,-1.152040,0.212466,0.299194
aaaaagsc_s003_t001,bandwidth,100.0,naive,1,2.294237,0.806087,5.305226
aaaaagsc_s006_t001,bandwidth,100.0,naive,1,-1.430471,0.177836,0.478999
aaaaaguk_s002_t001,bandwidth,100.0,naive,0,-2.949007,0.060873,0.305164
aaaaagvx_s002_t000,bandwidth,100.0,naive,1,-0.067286,0.389532,0.287396
aaaaagvx_s003_t001,bandwidth,100.0,naive,1,0.075607,0.416810,0.803803
aaaaagyr_s002_t000,bandwidth,100.0,naive,1,-0.203047,0.364238,0.736783
aaaaahie_s005_t001,bandwidth,100.0,naive,1,4.273408,0.952367,0.638785
aaaaahsv_s002_t000,bandwidth,100.0,naive,0,-1.259413,0.198558,1.129182
aaaaahte_s002_t000,bandwidth,100.0,naive,1,5.629126,0.983231,1.264593
aaaaahte_s003_t000,bandwidth,100.0,naive,1,6.345386,0.990432,0.878020
aaaaahuy_s002_t000,bandwidth,100.0,naive,1,-2.747294,0.070693,0.335077
aaaaahzi_s001_t000,bandwidth,100.0,naive,0,-1.160577,0.211335,0.284523
aaaaahzm_s001_t001,bandwidth,100.0,naive,0,1.479449,0.685288,0.244501
aaaaahzq_s001_t000,bandwidth,100.0,naive,0,-3.670580,0.035271,0.214070
aaaaahzs_s001_t001,bandwidth,100.0,naive,0,0.170991,0.435317,1.184057
aaaaaiae_s001_t000,bandwidth,100.0,naive,0,1.689192,0.720034,0.661690
aaaaaibx_s001_t000,bandwidth,100.0,naive,0,-1.032257,0.228806,0.208732
aaaaaiby_s001_t000,bandwidth,100.0,naive,0,-1.113932,0.217570,1.290656
aaaaaici_s001_t000,bandwidth,100.0,naive,0,-1.844288,0.134764,2.744451
aaaaaicn_s001_t000,bandwidth,100.0,naive,0,0.725693,0.544882,0.748677
aaaaaijh_s002_t000,bandwidth,100.0,naive,1,-2.572097,0.080390,0.476071
aaaaaijn_s001_t001,bandwidth,100.0,naive,0,-0.382418,0.331953,0.275048
aaaaairb_s001_t001,bandwidth,100.0,naive,0,0.576209,0.515342,0.251112
aaaaairo_s001_t000,bandwidth,100.0,naive,0,-1.697737,0.148910,0.552415
aaaaaitt_s001_t000,bandwidth,100.0,naive,0,-1.890191,0.130572,0.352607
aaaaaiue_s004_t000,bandwidth,100.0,naive,1,0.329461,0.466443,0.407862
aaaaaiuo_s002_t000,bandwidth,100.0,naive,0,0.827258,0.564787,0.639368
aaaaaiwz_s001_t001,bandwidth,100.0,naive,0,-0.837606,0.257196,0.508859
aaaaaiyy_s001_t001,bandwidth,100.0,naive,0,-1.967678,0.123749,3.277483
aaaaaizd_s001_t001,bandwidth,100.0,naive,0,-0.166865,0.370912,1.060150
aaaaaizs_s001_t000,bandwidth,100.0,naive,0,0.260178,0.452788,0.745996
aaaaajae_s001_t001,bandwidth,100.0,naive,0,2.792759,0.860614,0.382326
aaaaajah_s002_t001,bandwidth,100.0,naive,1,-0.841630,0.256586,0.546904
aaaaajah_s004_t000,bandwidth,100.0,naive,1,-0.947670,0.240866,0.946142
aaaaajal_s001_t001,bandwidth,100.0,naive,0,-2.903010,0.062993,0.458976
aaaaajam_s001_t000,bandwidth,100.0,naive,1,0.227480,0.446367,0.223045
aaaaajar_s001_t001,bandwidth,100.0,naive,0,-1.411374,0.180062,0.661805
aaaaajbb_s001_t000,bandwidth,100.0,naive,0,0.699214,0.539666,0.708622
aaaaajbh_s002_t000,bandwidth,100.0,naive,0,0.395355,0.479477,0.521650
aaaaajce_s001_t000,bandwidth,100.0,naive,0,-1.257423,0.198809,0.374290
aaaaajci_s001_t000,bandwidth,100.0,naive,0,-1.561421,0.163147,0.385087
aaaaajck_s001_t000,bandwidth,100.0,naive,0,-2.453134,0.087652,0.198345
aaaaajct_s001_t000,bandwidth,100.0,naive,0,1.465467,0.682890,0.520922
aaaaajcu_s001_t000,bandwidth,100.0,naive,0,-1.549856,0.164403,0.572604
aaaaajda_s001_t000,bandwidth,100.0,naive,0,-2.442404,0.088335,0.353551
aaaaajdb_s001_t000,bandwidth,100.0,naive,0,-1.346226,0.187822,1.000174
aaaaajdv_s001_t000,bandwidth,100.0,naive,0,-0.074062,0.388254,2.309584
aaaaajdy_s001_t000,bandwidth,100.0,naive,0,-2.221159,0.103534,0.156094
aaaaajdz_s001_t000,bandwidth,100.0,naive,0,-0.766811,0.268075,0.504148
aaaaajea_s001_t000,bandwidth,100.0,naive,0,1.423877,0.675700,0.921597
aaaaajen_s001_t000,bandwidth,100.0,naive,0,-1.170256,0.210058,1.206973
aaaaajey_s001_t000,bandwidth,100.0,naive,0,-1.038542,0.227927,0.191428
aaaaajfb_s001_t000,bandwidth,100.0,naive,0,-3.087463,0.054886,2.426004
aaaaajfe_s001_t000,bandwidth,100.0,naive,0,-1.533879,0.166153,0.745423
aaaaajff_s001_t000,bandwidth,100.0,naive,0,-2.874844,0.064326,0.755921
aaaaajfi_s001_t001,bandwidth,100.0,naive,0,-1.103936,0.218924,0.163209
aaaaajfn_s001_t001,bandwidth,100.0,naive,0,-2.335417,0.095416,0.515953
aaaaajfy_s001_t000,bandwidth,100.0,naive,0,-2.710404,0.072641,0.093870
aaaaajga_s001_t001,bandwidth,100.0,naive,0,0.206263,0.442210,3.452449
aaaaajhy_s001_t000,bandwidth,100.0,naive,0,-1.545134,0.164919,1.186593
aaaaajit_s001_t001,bandwidth,100.0,naive,0,-2.155098,0.108502,0.787293
aaaaajiu_s001_t000,bandwidth,100.0,naive,0,1.284658,0.651036,1.730076
aaaaajiy_s001_t001,bandwidth,100.0,naive,0,-1.151407,0.212550,1.130896
aaaaajiz_s001_t000,bandwidth,100.0,naive,0,-1.092410,0.220492,1.035552
aaaaajjb_s001_t001,bandwidth,100.0,naive,0,0.129602,0.427261,0.443856
aaaaajje_s001_t000,bandwidth,100.0,naive,0,-1.498635,0.170064,0.674025
aaaaajjk_s001_t000,bandwidth,100.0,naive,0,-0.882955,0.250381,1.940197
aaaaajna_s001_t000,bandwidth,100.0,naive,0,-2.326774,0.096010,0.494378
aaaaajnu_s001_t000,bandwidth,100.0,naive,0,-1.673131,0.151401,1.059398
aaaaajon_s001_t000,bandwidth,100.0,naive,0,-1.369170,0.185060,1.567649
aaaaajoo_s002_t001,bandwidth,100.0,naive,1,-0.285157,0.349286,0.447771
aaaaajpg_s001_t001,bandwidth,100.0,naive,0,-2.072748,0.114987,0.400694
aaaaajqh_s004_t000,bandwidth,100.0,naive,1,4.995833,0.972581,2.139344
aaaaajqk_s003_t001,bandwidth,100.0,naive,1,2.367395,0.815001,1.053818
aaaaajrf_s001_t000,bandwidth,100.0,naive,1,7.851492,0.997085,2.591535
aaaaajrf_s002_t000,bandwidth,100.0,naive,1,12.071531,0.999897,2.201887
aaaaajrf_s003_t002,bandwidth,100.0,naive,1,8.761608,0.998582,3.172848
aaaaajrf_s004_t000,bandwidth,100.0,naive,1,3.251745,0.898862,1.145608
aaaaajso_s001_t000,bandwidth,100.0,naive,1,5.944096,0.986891,0.691121
aaaaajtg_s001_t000,bandwidth,100.0,naive,0,-1.434252,0.177397,1.765330
aaaaajtu_s001_t000,bandwidth,100.0,naive,0,-0.798316,0.263198,0.387008
aaaaajuh_s001_t000,bandwidth,100.0,naive,1,4.134876,0.947124,4.329583
aaaaajun_s001_t000,bandwidth,100.0,naive,0,0.279385,0.456568,0.862451
aaaaajvh_s001_t001,bandwidth,100.0,naive,0,-1.095620,0.220055,1.231784
aaaaajxp_s001_t000,bandwidth,100.0,naive,0,-0.271726,0.351712,0.733175
aaaaakck_s001_t001,bandwidth,100.0,naive,1,0.219830,0.444867,0.149277
aaaaakcx_s001_t001,bandwidth,100.0,naive,1,6.634159,0.992377,2.411362
aaaaakcy_s005_t001,bandwidth,100.0,naive,1,6.092782,0.988333,2.595225
aaaaakdj_s001_t000,bandwidth,100.0,naive,1,-0.255459,0.354661,0.226452
aaaaakdo_s001_t000,bandwidth,100.0,naive,1,-0.978683,0.236394,1.077207
aaaaakeq_s001_t000,bandwidth,100.0,naive,1,2.014138,0.768969,1.265527
aaaaakeq_s002_t000,bandwidth,100.0,naive,1,0.873951,0.573872,0.504698
aaaaakeq_s003_t000,bandwidth,100.0,naive,1,2.111461,0.782405,1.965892
aaaaakev_s001_t001,bandwidth,100.0,naive,1,10.481898,0.999638,7.012305
aaaaakev_s002_t000,bandwidth,100.0,naive,1,8.744474,0.998563,4.212753
aaaaakft_s001_t000,bandwidth,100.0,naive,0,-1.617619,0.157149,1.179508
aaaaakgp_s001_t001,bandwidth,100.0,naive,0,0.066629,0.415079,0.648675
aaaaakgu_s001_t000,bandwidth,100.0,naive,1,-0.574980,0.298976,0.270966
aaaaakjk_s002_t002,bandwidth,100.0,naive,1,2.252229,0.800823,1.228950
aaaaakjk_s003_t000,bandwidth,100.0,naive,1,0.915857,0.581984,0.467618
aaaaakka_s001_t001,bandwidth,100.0,naive,0,-1.328583,0.189967,0.427198
aaaaakmg_s003_t001,bandwidth,100.0,naive,1,4.459534,0.958637,0.417984
aaaaakmh_s001_t000,bandwidth,100.0,naive,1,0.324762,0.465515,2.330436
aaaaaknt_s001_t000,bandwidth,100.0,naive,1,-0.358764,0.336129,1.259562
aaaaakoo_s001_t001,bandwidth,100.0,naive,1,8.306612,0.997967,2.193364
aaaaakqg_s001_t001,bandwidth,100.0,naive,0,-0.838686,0.257032,1.268317
aaaaakqr_s001_t000,bandwidth,100.0,naive,0,-1.253153,0.199350,0.726421
aaaaakrt_s001_t001,bandwidth,100.0,naive,1,3.819972,0.933117,0.272009
aaaaakrt_s002_t001,bandwidth,100.0,naive,1,3.563891,0.919262,1.303920
aaaaaksb_s001_t000,bandwidth,100.0,naive,0,-2.158833,0.108216,0.271195
aaaaaksu_s001_t001,bandwidth,100.0,naive,0,-0.029517,0.396682,1.077182
aaaaakxz_s001_t001,bandwidth,100.0,naive,1,2.496164,0.829915,0.201901
aaaaakxz_s002_t001,bandwidth,100.0,naive,1,4.841830,0.969127,1.825964
aaaaalaf_s001_t000,bandwidth,100.0,naive,0,-1.793917,0.139493,0.152864
aaaaalau_s001_t000,bandwidth,100.0,naive,1,2.817285,0.862933,1.264811
aaaaalbh_s001_t000,bandwidth,100.0,naive,1,2.185518,0.792244,4.474137
aaaaalbt_s001_t001,bandwidth,100.0,naive,0,-0.302992,0.346076,0.235922
aaaaalbt_s002_t000,bandwidth,100.0,naive,0,-0.526470,0.307107,1.989808
aaaaalbz_s006_t000,bandwidth,100.0,naive,1,7.961943,0.997329,5.163817
aaaaalid_s001_t001,bandwidth,100.0,naive,0,1.593819,0.704526,2.216574
aaaaaljf_s001_t000,bandwidth,100.0,naive,1,1.228050,0.640762,0.962253
aaaaaljj_s001_t000,bandwidth,100.0,naive,0,-2.654908,0.075664,0.574041
aaaaallc_s001_t001,bandwidth,100.0,naive,0,-0.652909,0.286178,0.775197
aaaaalle_s002_t000,bandwidth,100.0,naive,1,1.318470,0.657107,0.446186
aaaaalox_s001_t001,bandwidth,100.0,naive,0,1.817644,0.740115,2.725240
aaaaalpv_s001_t000,bandwidth,100.0,naive,0,0.007051,0.403648,1.127062
aaaaalqa_s001_t000,bandwidth,100.0,naive,0,-1.711200,0.147561,0.612414
aaaaalqr_s001_t001,bandwidth,100.0,naive,1,2.768900,0.858327,0.265267
aaaaalqs_s001_t001,bandwidth,100.0,naive,0,-1.374185,0.184461,0.401899
aaaaalqx_s001_t000,bandwidth,100.0,naive,0,-1.662975,0.152440,2.066058
aaaaalrc_s002_t000,bandwidth,100.0,naive,1,14.152174,0.999980,1.364875
aaaaalsq_s001_t000,bandwidth,100.0,naive,0,0.654732,0.530886,0.189570
aaaaalsx_s001_t000,bandwidth,100.0,naive,1,-0.096584,0.384017,0.080550
aaaaalsx_s004_t001,bandwidth,100.0,naive,1,2.146562,0.787110,0.209851
aaaaaluz_s001_t001,bandwidth,100.0,naive,0,-1.925269,0.127445,0.261257
aaaaalvw_s001_t000,bandwidth,100.0,naive,0,-3.993298,0.027521,0.267338
aaaaalvz_s001_t000,bandwidth,100.0,naive,1,8.128245,0.997658,1.061580
aaaaalxk_s001_t000,bandwidth,100.0,naive,0,0.524309,0.505049,0.905694
aaaaalyr_s001_t000,bandwidth,100.0,naive,1,1.336639,0.660349,0.459035
aaaaalzk_s002_t001,bandwidth,100.0,naive,1,7.917219,0.997233,2.085730
aaaaamcb_s001_t001,bandwidth,100.0,naive,1,4.887698,0.970197,0.744469
aaaaamfe_s001_t001,bandwidth,100.0,naive,0,-0.608015,0.293511,0.556889
aaaaamft_s001_t001,bandwidth,100.0,naive,1,3.165110,0.892438,0.699602
aaaaamfu_s001_t000,bandwidth,100.0,naive,0,-0.562077,0.301127,0.277619
aaaaamhi_s001_t000,bandwidth,100.0,naive,1,5.388321,0.979771,4.100780
aaaaamhk_s001_t000,bandwidth,100.0,naive,1,2.458397,0.825643,0.268431
aaaaamjc_s001_t001,bandwidth,100.0,naive,1,6.906616,0.993850,1.885981
aaaaammh_s001_t001,bandwidth,100.0,naive,1,1.021132,0.602159,0.500182
aaaaamnq_s001_t000,bandwidth,100.0,naive,1,3.538958,0.917781,6.866843
aaaaamnq_s002_t000,bandwidth,100.0,naive,1,2.706998,0.852248,1.523601
aaaaamon_s001_t000,bandwidth,100.0,naive,0,-0.737057,0.272733,1.353232
aaaaampz_s001_t000,bandwidth,100.0,naive,1,-0.357898,0.336282,0.706005
aaaaamrj_s001_t000,bandwidth,100.0,naive,0,-0.084843,0.386224,0.163107
aaaaamsc_s001_t000,bandwidth,100.0,naive,1,2.825823,0.863732,0.195338
aaaaamtb_s001_t000,bandwidth,100.0,naive,0,1.682811,0.719012,0.767835
aaaaamuc_s001_t000,bandwidth,100.0,naive,0,-1.093986,0.220277,0.161251
aaaaamxn_s001_t000,bandwidth,100.0,naive,1,-0.519255,0.308326,0.180939
aaaaamyb_s001_t001,bandwidth,100.0,naive,0,-0.161460,0.371914,1.825119
aaaaamye_s001_t000,bandwidth,100.0,naive,1,7.289668,0.995455,0.706678
aaaaamzi_s001_t001,bandwidth,100.0,naive,1,5.726171,0.984454,2.858590
aaaaamzl_s001_t000,bandwidth,100.0,naive,0,-1.944678,0.125742,0.251444
aaaaamzx_s001_t000,bandwidth,100.0,naive,0,-3.034425,0.057111,1.902928
aaaaanbq_s001_t000,bandwidth,100.0,naive,0,-0.458958,0.318623,0.328876
aaaaanek_s001_t000,bandwidth,100.0,naive,0,-2.505489,0.084386,0.268602
aaaaangp_s001_t000,bandwidth,100.0,naive,0,-0.486172,0.313953,0.328580
aaaaanhb_s001_t003,bandwidth,100.0,naive,1,3.227690,0.897113,4.239278
aaaaanhb_s003_t001,bandwidth,100.0,naive,1,3.472553,0.913716,0.688620
aaaaanhb_s005_t000,bandwidth,100.0,naive,1,5.341090,0.979014,1.040995
aaaaankf_s001_t000,bandwidth,100.0,naive,1,3.526442,0.917028,1.133013
aaaaanlp_s001_t000,bandwidth,100.0,naive,0,-0.633192,0.289385,0.712389
aaaaanmc_s001_t000,bandwidth,100.0,naive,1,5.033142,0.973360,3.332291
aaaaanop_s001_t000,bandwidth,100.0,naive,0,-0.170284,0.370279,1.177782
aaaaanoz_s001_t000,bandwidth,100.0,naive,1,-0.362657,0.335440,0.510164
aaaaanpr_s001_t002,bandwidth,100.0,naive,1,1.890546,0.751087,1.529346
aaaaanqe_s001_t000,bandwidth,100.0,naive,0,-1.872577,0.132168,0.502619
aaaaanro_s001_t000,bandwidth,100.0,naive,1,1.493819,0.687742,1.257428
aaaaansj_s001_t000,bandwidth,100.0,naive,1,1.923028,0.755875,2.377455
aaaaanta_s001_t000,bandwidth,100.0,naive,1,5.518166,0.981715,3.701153
aaaaanum_s001_t000,bandwidth,100.0,naive,0,-1.364693,0.185597,0.383144
aaaaanvb_s002_t000,bandwidth,100.0,naive,0,-1.837970,0.135350,0.267373
aaaaanvg_s001_t002,bandwidth,100.0,naive,0,1.619659,0.708776,0.364886
aaaaanvw_s001_t000,bandwidth,100.0,naive,0,-2.574706,0.080237,1.098344
aaaaanwc_s001_t001,bandwidth,100.0,naive,1,4.582574,0.962340,5.813119
aaaaanxl_s001_t000,bandwidth,100.0,naive,1,5.887407,0.986296,5.819463
aaaaanyb_s001_t001,bandwidth,100.0,naive,0,-0.013003,0.399823,0.081767
aaaaanyt_s002_t000,bandwidth,100.0,naive,1,5.482923,0.981206,4.843706
aaaaanyw_s001_t000,bandwidth,100.0,naive,1,1.649916,0.713708,0.336946
aaaaanyw_s002_t000,bandwidth,100.0,naive,1,2.274485,0.803625,2.844598
aaaaanzh_s001_t000,bandwidth,100.0,naive,1,-0.268594,0.352279,0.399683
aaaaanzu_s001_t003,bandwidth,100.0,naive,1,1.744370,0.728775,0.851939
aaaaaoav_s001_t000,bandwidth,100.0,naive,0,-0.598526,0.295075,0.262793
aaaaaoav_s002_t000,bandwidth,100.0,naive,0,-2.067018,0.115451,0.382022
aaaaaobi_s001_t000,bandwidth,100.0,naive,1,-0.894200,0.248710,0.250544
aaaaaobl_s001_t000,bandwidth,100.0,naive,0,-0.763426,0.268602,0.619835
aaaaaoby_s001_t000,bandwidth,100.0,naive,0,-0.777459,0.266420,1.129695
aaaaaoda_s001_t000,bandwidth,100.0,naive,1,5.988414,0.987338,2.339960
aaaaaoeg_s001_t000,bandwidth,100.0,naive,0,-1.205362,0.205472,0.199648
aaaaaofj_s001_t000,bandwidth,100.0,naive,0,-0.173316,0.369719,0.737719
aaaaaofr_s001_t000,bandwidth,100.0,naive,0,1.449689,0.680172,1.105010
aaaaaofz_s001_t000,bandwidth,100.0,naive,0,-0.761111,0.268963,0.398370
aaaaaohb_s001_t000,bandwidth,100.0,naive,1,2.431403,0.822537,0.254439
aaaaaohr_s002_t001,bandwidth,100.0,naive,1,2.711304,0.852678,0.607426
aaaaaoiq_s001_t000,bandwidth,100.0,naive,1,0.326232,0.465805,0.296897
aaaaaoiv_s001_t000,bandwidth,100.0,naive,1,0.026541,0.407377,0.106902
aaaaaoiv_s002_t001,bandwidth,100.0,naive,1,6.748024,0.993031,0.989641
aaaaaoiv_s003_t003,bandwidth,100.0,naive,1,7.388382,0.995796,1.386339
aaaaaojd_s001_t002,bandwidth,100.0,naive,0,-0.554637,0.302371,0.705386
aaaaaokg_s001_t000,bandwidth,100.0,naive,0,2.707307,0.852279,4.554993
aaaaaoly_s001_t000,bandwidth,100.0,naive,0,-0.346343,0.338332,3.965034
aaaaaome_s001_t000,bandwidth,100.0,naive,0,-1.660765,0.152667,0.159922
aaaaaomx_s001_t000,bandwidth,100.0,naive,0,-0.843346,0.256327,0.170883
aaaaaomy_s001_t000,bandwidth,100.0,naive,1,2.918850,0.872190,7.683039
aaaaaonb_s001_t000,bandwidth,100.0,naive,0,-0.214595,0.362118,0.466583
aaaaaons_s002_t002,bandwidth,100.0,naive,1,1.635147,0.711307,0.420434
aaaaaopd_s001_t000,bandwidth,100.0,naive,0,-2.110529,0.111971,1.817703
aaaaaopo_s001_t000,bandwidth,100.0,naive,0,-1.425115,0.178458,0.713421
aaaaaora_s002_t000,bandwidth,100.0,naive,1,0.507012,0.501618,0.589342
aaaaaord_s001_t000,bandwidth,100.0,naive,1,-0.884702,0.250121,0.626213
aaaaaosh_s001_t000,bandwidth,100.0,naive,1,-0.718819,0.275613,0.233244
aaaaaosw_s001_t000,bandwidth,100.0,naive,0,-0.049799,0.392837,1.075483
aaaaaote_s001_t000,bandwidth,100.0,naive,0,0.214784,0.443879,0.926160
aaaaaout_s001_t000,bandwidth,100.0,naive,1,1.086622,0.614541,1.343300
aaaaaovl_s001_t000,bandwidth,100.0,naive,1,4.354620,0.955207,0.363551
aaaaaovo_s001_t000,bandwidth,100.0,naive,1,7.405345,0.995852,1.221647
aaaaaowb_s001_t000,bandwidth,100.0,naive,0,-0.487302,0.313760,0.862793
aaaaaoxf_s001_t000,bandwidth,100.0,naive,0,-1.869933,0.132408,0.224601
aaaaaozf_s001_t001,bandwidth,100.0,naive,0,-1.201144,0.206019,1.310874
aaaaapag_s001_t000,bandwidth,100.0,naive,0,-1.826423,0.136426,2.129738
aaaaapar_s001_t000,bandwidth,100.0,naive,1,11.406872,0.999826,0.868775
aaaaapcb_s001_t000,bandwidth,100.0,naive,0,1.990415,0.765608,0.048815
aaaaapcy_s001_t002,bandwidth,100.0,naive,0,-1.866284,0.132741,0.688123
aaaaapdg_s001_t000,bandwidth,100.0,naive,0,-1.663071,0.152430,0.042575
aaaaaphs_s001_t000,bandwidth,100.0,naive,1,2.234787,0.798606,0.345399
aaaaaphw_s001_t000,bandwidth,100.0,naive,0,1.258358,0.646280,0.577655
aaaaapij_s001_t000,bandwidth,100.0,naive,0,0.397810,0.479964,0.549057
aaaaapjc_s001_t001,bandwidth,100.0,naive,0,-2.639318,0.076534,1.290462
aaaaapka_s001_t000,bandwidth,100.0,naive,0,-1.560511,0.163245,0.528170
aaaaapkx_s001_t001,bandwidth,100.0,naive,1,-1.729122,0.145781,2.407536
aaaaaply_s001_t001,bandwidth,100.0,naive,1,3.120300,0.888977,2.189688
aaaaapmb_s002_t001,bandwidth,100.0,naive,1,3.677907,0.925727,0.182461
aaaaapmp_s001_t000,bandwidth,100.0,naive,1,-0.547660,0.303540,0.551836
aaaaapnr_s001_t000,bandwidth,100.0,naive,1,-1.263078,0.198095,0.519501
aaaaapoc_s001_t000,bandwidth,100.0,naive,1,3.116600,0.888687,0.783273
aaaaapof_s001_t000,bandwidth,100.0,naive,0,-1.941101,0.126054,0.180668
aaaaapoo_s001_t000,bandwidth,100.0,naive,0,-1.290423,0.194671,3.654037
aaaaapoq_s001_t000,bandwidth,100.0,naive,0,0.567403,0.513596,0.725232
aaaaappb_s001_t000,bandwidth,100.0,naive,0,-1.160798,0.211306,0.386396
aaaaapqd_s001_t000,bandwidth,100.0,naive,1,1.684303,0.719251,1.105106
aaaaapqv_s001_t000,bandwidth,100.0,naive,0,-0.781368,0.265814,3.859950
aaaaapta_s001_t000,bandwidth,100.0,naive,1,1.869464,0.747946,1.928428
aaaaapth_s001_t000,bandwidth,100.0,naive,1,1.796735,0.736911,1.753140
aaaaapua_s001_t001,bandwidth,100.0,naive,0,-3.436576,0.042165,0.260477
aaaaapuu_s001_t000,bandwidth,100.0,naive,0,-1.393082,0.182215,0.342271
aaaaapvw_s001_t001,bandwidth,100.0,naive,1,2.223608,0.797175,0.769468
aaaaapvy_s001_t000,bandwidth,100.0,naive,1,2.866784,0.867513,1.837655
aaaaapwn_s001_t001,bandwidth,100.0,naive,0,-1.023323,0.230060,1.413432
aaaaapwo_s001_t001,bandwidth,100.0,naive,1,6.452952,0.991208,0.339400
aaaaapxm_s001_t001,bandwidth,100.0,naive,0,-2.300566,0.097830,0.111164
aaaaapys_s001_t001,bandwidth,100.0,naive,1,11.419050,0.999828,0.315721
aaaaapys_s002_t001,bandwidth,100.0,naive,1,7.906055,0.997208,1.398233
aaaaaayx_s002_t000,bandwidth,15.0,canonicalized,0,9.621758,0.999283,0.890867
aaaaabdo_s003_t000,bandwidth,15.0,canonicalized,1,16.120476,0.999996,1.642406
aaaaabsk_s007_t000,bandwidth,15.0,canonicalized,1,9.187930,0.998989,1.477956
aaaaabuv_s002_t000,bandwidth,15.0,canonicalized,1,9.894178,0.999422,0.070611
aaaaacad_s003_t000,bandwidth,15.0,canonicalized,0,8.747174,0.998566,1.594000
aaaaacby_s004_t000,bandwidth,15.0,canonicalized,0,10.256547,0.999567,0.428565
aaaaaddm_s006_t000,bandwidth,15.0,canonicalized,1,11.887600,0.999881,3.981375
aaaaadeu_s002_t000,bandwidth,15.0,canonicalized,1,10.682089,0.999691,1.230037
aaaaadjk_s002_t000,bandwidth,15.0,canonicalized,0,6.197945,0.989257,0.397456
aaaaadkb_s002_t000,bandwidth,15.0,canonicalized,1,13.594074,0.999969,6.619825
aaaaadsm_s002_t001,bandwidth,15.0,canonicalized,0,7.070190,0.994594,1.214067
aaaaaeab_s003_t000,bandwidth,15.0,canonicalized,0,7.189065,0.995079,0.884802
aaaaaejc_s003_t001,bandwidth,15.0,canonicalized,0,9.804201,0.999380,0.280486
aaaaaezn_s003_t001,bandwidth,15.0,canonicalized,1,10.627537,0.999677,3.153143
aaaaafhl_s003_t000,bandwidth,15.0,canonicalized,1,11.626938,0.999854,0.284140
aaaaagfk_s003_t000,bandwidth,15.0,canonicalized,0,6.610171,0.992231,1.531393
aaaaagsc_s003_t001,bandwidth,15.0,canonicalized,1,13.989848,0.999978,13.214432
aaaaagsc_s006_t001,bandwidth,15.0,canonicalized,1,9.299716,0.999074,1.779173
aaaaaguk_s002_t001,bandwidth,15.0,canonicalized,0,6.250546,0.989692,0.889444
aaaaagvx_s002_t000,bandwidth,15.0,canonicalized,1,7.800144,0.996964,0.697712
aaaaagvx_s003_t001,bandwidth,15.0,canonicalized,1,9.255610,0.999042,4.516118
aaaaagyr_s002_t000,bandwidth,15.0,canonicalized,1,8.802895,0.998628,2.364670
aaaaahie_s005_t001,bandwidth,15.0,canonicalized,1,15.920312,0.999995,0.601147
aaaaahsv_s002_t000,bandwidth,15.0,canonicalized,0,8.972937,0.998801,0.537977
aaaaahte_s002_t000,bandwidth,15.0,canonicalized,1,18.769426,0.999999,2.931148
aaaaahte_s003_t000,bandwidth,15.0,canonicalized,1,15.929641,0.999995,0.711234
aaaaahuy_s002_t000,bandwidth,15.0,canonicalized,1,6.041643,0.987855,0.234939
aaaaahzi_s001_t000,bandwidth,15.0,canonicalized,0,9.595276,0.999268,1.584972
aaaaahzm_s001_t001,bandwidth,15.0,canonicalized,0,8.592949,0.998379,0.613071
aaaaahzq_s001_t000,bandwidth,15.0,canonicalized,0,6.706019,0.992796,1.193012
aaaaahzs_s001_t001,bandwidth,15.0,canonicalized,0,11.609638,0.999852,0.381645
aaaaaiae_s001_t000,bandwidth,15.0,canonicalized,0,7.596321,0.996433,2.220032
aaaaaibx_s001_t000,bandwidth,15.0,canonicalized,0,8.810054,0.998636,1.928224
aaaaaiby_s001_t000,bandwidth,15.0,canonicalized,0,9.800499,0.999378,2.958295
aaaaaici_s001_t000,bandwidth,15.0,canonicalized,0,8.239796,0.997856,8.374804
aaaaaicn_s001_t000,bandwidth,15.0,canonicalized,0,10.917892,0.999744,0.939630
aaaaaijh_s002_t000,bandwidth,15.0,canonicalized,1,5.334518,0.978907,0.544442
aaaaaijn_s001_t001,bandwidth,15.0,canonicalized,0,9.121745,0.998934,0.474702
aaaaairb_s001_t001,bandwidth,15.0,canonicalized,0,10.375259,0.999606,2.060218
aaaaairo_s001_t000,bandwidth,15.0,canonicalized,0,8.372728,0.998071,1.780627
aaaaaitt_s001_t000,bandwidth,15.0,canonicalized,0,7.569516,0.996356,3.620628
aaaaaiue_s004_t000,bandwidth,15.0,canonicalized,1,9.984105,0.999462,1.020799
aaaaaiuo_s002_t000,bandwidth,15.0,canonicalized,0,9.004261,0.998830,1.365329
aaaaaiwz_s001_t001,bandwidth,15.0,canonicalized,0,8.547306,0.998320,0.123015
aaaaaiyy_s001_t001,bandwidth,15.0,canonicalized,0,7.648972,0.996578,0.537760
aaaaaizd_s001_t001,bandwidth,15.0,canonicalized,0,8.676647,0.998483,3.592731
aaaaaizs_s001_t000,bandwidth,15.0,canonicalized,0,8.130774,0.997663,0.458100
aaaaajae_s001_t001,bandwidth,15.0,canonicalized,0,12.936493,0.999948,3.574045
aaaaajah_s002_t001,bandwidth,15.0,canonicalized,1,8.659834,0.998463,0.983900
aaaaajah_s004_t000,bandwidth,15.0,canonicalized,1,7.910752,0.997218,3.320210
aaaaajal_s001_t001,bandwidth,15.0,canonicalized,0,7.341342,0.995636,0.575637
aaaaajam_s001_t000,bandwidth,15.0,canonicalized,1,8.847167,0.998675,0.133196
aaaaajar_s001_t001,bandwidth,15.0,canonicalized,0,9.334528,0.999100,1.347103
aaaaajbb_s001_t000,bandwidth,15.0,canonicalized,0,10.290138,0.999578,0.190171
aaaaajbh_s002_t000,bandwidth,15.0,canonicalized,0,6.260037,0.989768,0.207249
aaaaajce_s001_t000,bandwidth,15.0,canonicalized,0,7.494181,0.996133,0.561757
aaaaajci_s001_t000,bandwidth,15.0,canonicalized,0,6.012607,0.987576,0.349889
aaaaajck_s001_t000,bandwidth,15.0,canonicalized,0,6.621340,0.992299,0.591253
aaaaajct_s001_t000,bandwidth,15.0,canonicalized,0,9.938123,0.999442,5.563739
aaaaajcu_s001_t000,bandwidth,15.0,canonicalized,0,10.188395,0.999543,4.465885
aaaaajda_s001_t000,bandwidth,15.0,canonicalized,0,7.664043,0.996619,2.037545
aaaaajdb_s001_t000,bandwidth,15.0,canonicalized,0,8.376117,0.998076,2.447357
aaaaajdv_s001_t000,bandwidth,15.0,canonicalized,0,9.489972,0.999204,3.331525
aaaaajdy_s001_t000,bandwidth,15.0,canonicalized,0,7.825700,0.997025,1.505534
aaaaajdz_s001_t000,bandwidth,15.0,canonicalized,0,7.876744,0.997143,0.992977
aaaaajea_s001_t000,bandwidth,15.0,canonicalized,0,11.728117,0.999865,5.579679
aaaaajen_s001_t000,bandwidth,15.0,canonicalized,0,8.389132,0.998095,2.686102
aaaaajey_s001_t000,bandwidth,15.0,canonicalized,0,7.332697,0.995606,0.348253
aaaaajfb_s001_t000,bandwidth,15.0,canonicalized,0,6.256384,0.989739,2.367964
aaaaajfe_s001_t000,bandwidth,15.0,canonicalized,0,8.786228,0.998610,0.968305
aaaaajff_s001_t000,bandwidth,15.0,canonicalized,0,8.172441,0.997739,0.305065
aaaaajfi_s001_t001,bandwidth,15.0,canonicalized,0,9.426487,0.999163,3.875708
aaaaajfn_s001_t001,bandwidth,15.0,canonicalized,0,8.565413,0.998344,5.443060
aaaaajfy_s001_t000,bandwidth,15.0,canonicalized,0,8.733971,0.998551,0.935673
aaaaajga_s001_t001,bandwidth,15.0,canonicalized,0,12.673101,0.999936,3.990503
aaaaajhy_s001_t000,bandwidth,15.0,canonicalized,0,7.330938,0.995600,2.153071
aaaaajit_s001_t001,bandwidth,15.0,canonicalized,0,6.754673,0.993067,1.938974
aaaaajiu_s001_t000,bandwidth,15.0,canonicalized,0,11.109481,0.999780,3.752507
aaaaajiy_s001_t001,bandwidth,15.0,canonicalized,0,8.301435,0.997958,1.720385
aaaaajiz_s001_t000,bandwidth,15.0,canonicalized,0,7.941980,0.997286,1.431929
aaaaajjb_s001_t001,bandwidth,15.0,canonicalized,0,10.151380,0.999529,1.192230
aaaaajje_s001_t000,bandwidth,15.0,canonicalized,0,9.453974,0.999181,4.442935
aaaaajjk_s001_t000,bandwidth,15.0,canonicalized,0,10.894650,0.999739,1.693323
aaaaajna_s001_t000,bandwidth,15.0,canonicalized,0,7.278008,0.995412,1.454475
aaaaajnu_s001_t000,bandwidth,15.0,canonicalized,0,9.563726,0.999249,6.638378
aaaaajon_s001_t000,bandwidth,15.0,canonicalized,0,8.537279,0.998306,5.500325
aaaaajoo_s002_t001,bandwidth,15.0,canonicalized,1,9.729856,0.999342,1.876830
aaaaajpg_s001_t001,bandwidth,15.0,canonicalized,0,10.175869,0.999538,0.547976
aaaaajqh_s004_t000,bandwidth,15.0,canonicalized,1,15.374331,0.999993,3.417169
aaaaajqk_s003_t001,bandwidth,15.0,canonicalized,1,11.516305,0.999840,1.691852
aaaaajrf_s001_t000,bandwidth,15.0,canonicalized,1,18.555050,0.999999,4.800617
aaaaajrf_s002_t000,bandwidth,15.0,canonicalized,1,23.045277,1.000000,5.382380
aaaaajrf_s003_t002,bandwidth,15.0,canonicalized,1,19.924295,1.000000,5.681878
aaaaajrf_s004_t000,bandwidth,15.0,canonicalized,1,12.484108,0.999926,2.258932
aaaaajso_s001_t000,bandwidth,15.0,canonicalized,1,17.117092,0.999998,9.980577
aaaaajtg_s001_t000,bandwidth,15.0,canonicalized,0,9.177431,0.998980,2.854729
aaaaajtu_s001_t000,bandwidth,15.0,canonicalized,0,10.264578,0.999569,4.008938
aaaaajuh_s001_t000,bandwidth,15.0,canonicalized,1,13.698296,0.999972,6.945624
aaaaajun_s001_t000,bandwidth,15.0,canonicalized,0,9.081982,0.998900,1.507599
aaaaajvh_s001_t001,bandwidth,15.0,canonicalized,0,7.224449,0.995214,2.651185
aaaaajxp_s001_t000,bandwidth,15.0,canonicalized,0,6.308250,0.990149,0.245023
aaaaakck_s001_t001,bandwidth,15.0,canonicalized,1,9.848978,0.999401,0.976724
aaaaakcx_s001_t001,bandwidth,15.0,canonicalized,1,20.767019,1.000000,1.412025
aaaaakcy_s005_t001,bandwidth,15.0,canonicalized,1,18.848186,1.000000,1.400102
aaaaakdj_s001_t000,bandwidth,15.0,canonicalized,1,9.268789,0.999051,0.199957
aaaaakdo_s001_t000,bandwidth,15.0,canonicalized,1,9.270622,0.999053,1.618276
aaaaakeq_s001_t000,bandwidth,15.0,canonicalized,1,11.944412,0.999886,4.551586
aaaaakeq_s002_t000,bandwidth,15.0,canonicalized,1,10.259883,0.999568,4.141382
aaaaakeq_s003_t000,bandwidth,15.0,canonicalized,1,11.694293,0.999861,2.316596
aaaaakev_s001_t001,bandwidth,15.0,canonicalized,1,21.348127,1.000000,6.444440
aaaaakev_s002_t000,bandwidth,15.0,canonicalized,1,20.565426,1.000000,4.138028
aaaaakft_s001_t000,bandwidth,15.0,canonicalized,0,10.430624,0.999623,4.099520
aaaaakgp_s001_t001,bandwidth,15.0,canonicalized,0,10.205612,0.999549,1.183287
aaaaakgu_s001_t000,bandwidth,15.0,canonicalized,1,8.460489,0.998200,0.607096
aaaaakjk_s002_t002,bandwidth,15.0,canonicalized,1,11.982556,0.999890,1.909138
aaaaakjk_s003_t000,bandwidth,15.0,canonicalized,1,10.905241,0.999741,2.017788
aaaaakka_s001_t001,bandwidth,15.0,canonicalized,0,9.779564,0.999367,0.569594
aaaaakmg_s003_t001,bandwidth,15.0,canonicalized,1,16.266085,0.999996,2.039514
aaaaakmh_s001_t000,bandwidth,15.0,canonicalized,1,10.155626,0.999531,6.885557
aaaaaknt_s001_t000,bandwidth,15.0,canonicalized,1,10.623253,0.999676,1.138339
aaaaakoo_s001_t001,bandwidth,15.0,canonicalized,1,20.547579,1.000000,4.845333
aaaaakqg_s001_t001,bandwidth,15.0,canonicalized,0,9.725696,0.999340,3.157437
aaaaakqr_s001_t000,bandwidth,15.0,canonicalized,0,6.648646,0.992463,1.168820
aaaaakrt_s001_t001,bandwidth,15.0,canonicalized,1,12.203030,0.999908,0.224996
aaaaakrt_s002_t001,bandwidth,15.0,canonicalized,1,14.414884,0.999984,0.630217
aaaaaksb_s001_t000,bandwidth,15.0,canonicalized,0,8.026308,0.997462,3.200193
aaaaaksu_s001_t001,bandwidth,15.0,canonicalized,0,10.496474,0.999642,0.921907
aaaaakxz_s001_t001,bandwidth,15.0,canonicalized,1,12.200580,0.999907,0.168666
aaaaakxz_s002_t001,bandwidth,15.0,canonicalized,1,13.086452,0.999954,1.582239
aaaaalaf_s001_t000,bandwidth,15.0,canonicalized,0,7.659715,0.996607,0.503972
aaaaalau_s001_t000,bandwidth,15.0,canonicalized,1,18.689541,0.999999,3.662351
aaaaalbh_s001_t000,bandwidth,15.0,canonicalized,1,10.613328,0.999673,7.614269
aaaaalbt_s001_t001,bandwidth,15.0,canonicalized,0,8.455300,0.998193,1.574996
aaaaalbt_s002_t000,bandwidth,15.0,canonicalized,0,7.739774,0.996815,4.149518
aaaaalbz_s006_t000,bandwidth,15.0,canonicalized,1,17.589273,0.999999,9.488574
aaaaalid_s001_t001,bandwidth,15.0,canonicalized,0,12.325589,0.999916,5.286484
aaaaaljf_s001_t000,bandwidth,15.0,canonicalized,1,11.720448,0.999864,2.273245
aaaaaljj_s001_t000,bandwidth,15.0,canonicalized,0,5.738246,0.984600,0.201960
aaaaallc_s001_t001,bandwidth,15.0,canonicalized,0,8.251945,0.997877,1.762247
aaaaalle_s002_t000,bandwidth,15.0,canonicalized,1,9.740191,0.999347,1.379094
aaaaalox_s001_t001,bandwidth,15.0,canonicalized,0,14.501138,0.999985,5.327744
aaaaalpv_s001_t000,bandwidth,15.0,canonicalized,0,9.807030,0.999381,3.587487
aaaaalqa_s001_t000,bandwidth,15.0,canonicalized,0,7.557745,0.996322,1.705933
aaaaalqr_s001_t001,bandwidth,15.0,canonicalized,1,18.893467,1.000000,10.900497
aaaaalqs_s001_t001,bandwidth,15.0,canonicalized,0,6.768152,0.993140,0.474074
aaaaalqx_s001_t000,bandwidth,15.0,canonicalized,0,7.352959,0.995676,1.777610
aaaaalrc_s002_t000,bandwidth,15.0,canonicalized,1,26.296814,1.000000,1.387111
aaaaalsq_s001_t000,bandwidth,15.0,canonicalized,0,10.536260,0.999653,1.104240
aaaaalsx_s001_t000,bandwidth,15.0,canonicalized,1,11.279539,0.999808,0.506878
aaaaalsx_s004_t001,bandwidth,15.0,canonicalized,1,9.240051,0.999030,1.569548
aaaaaluz_s001_t001,bandwidth,15.0,canonicalized,0,6.629464,0.992348,0.224994
aaaaalvw_s001_t000,bandwidth,15.0,canonicalized,0,6.069645,0.988119,1.326720
aaaaalvz_s001_t000,bandwidth,15.0,canonicalized,1,19.434481,1.000000,0.645121
aaaaalxk_s001_t000,bandwidth,15.0,canonicalized,0,10.588831,0.999667,3.691316
aaaaalyr_s001_t000,bandwidth,15.0,canonicalized,1,13.694672,0.999972,3.028534
aaaaalzk_s002_t001,bandwidth,15.0,canonicalized,1,19.654100,1.000000,2.529471
aaaaamcb_s001_t001,bandwidth,15.0,canonicalized,1,14.711864,0.999987,0.771320
aaaaamfe_s001_t001,bandwidth,15.0,canonicalized,0,9.847155,0.999400,0.657359
aaaaamft_s001_t001,bandwidth,15.0,canonicalized,1,14.818077,0.999988,5.780659
aaaaamfu_s001_t000,bandwidth,15.0,canonicalized,0,11.394153,0.999824,1.585852
aaaaamhi_s001_t000,bandwidth,15.0,canonicalized,1,16.842556,0.999998,6.224227
aaaaamhk_s001_t000,bandwidth,15.0,canonicalized,1,11.075117,0.999774,1.082689
aaaaamjc_s001_t001,bandwidth,15.0,canonicalized,1,19.182415,1.000000,0.824297
aaaaammh_s001_t001,bandwidth,15.0,canonicalized,1,10.609079,0.999672,0.483425
aaaaamnq_s001_t000,bandwidth,15.0,canonicalized,1,14.029341,0.999978,11.016283
aaaaamnq_s002_t000,bandwidth,15.0,canonicalized,1,11.982691,0.999890,3.089774
aaaaamon_s001_t000,bandwidth,15.0,canonicalized,0,10.529107,0.999651,5.644444
aaaaampz_s001_t000,bandwidth,15.0,canonicalized,1,14.085869,0.999979,9.201441
aaaaamrj_s001_t000,bandwidth,15.0,canonicalized,0,9.265666,0.999049,2.666133
aaaaamsc_s001_t000,bandwidth,15.0,canonicalized,1,11.076942,0.999774,0.451661
aaaaamtb_s001_t000,bandwidth,15.0,canonicalized,0,14.060379,0.999979,0.640763
aaaaamuc_s001_t000,bandwidth,15.0,canonicalized,0,8.484575,0.998234,0.194547
aaaaamxn_s001_t000,bandwidth,15.0,canonicalized,1,10.292518,0.999579,1.494012
aaaaamyb_s001_t001,bandwidth,15.0,canonicalized,0,9.259794,0.999045,3.791426
aaaaamye_s001_t000,bandwidth,15.0,canonicalized,1,20.050114,1.000000,0.535163
aaaaamzi_s001_t001,bandwidth,15.0,canonicalized,1,18.444721,0.999999,2.502522
aaaaamzl_s001_t000,bandwidth,15.0,canonicalized,0,6.956234,0.994086,1.073474
aaaaamzx_s001_t000,bandwidth,15.0,canonicalized,0,9.490288,0.999204,1.382394
aaaaanbq_s001_t000,bandwidth,15.0,canonicalized,0,8.106801,0.997618,1.704204
aaaaanek_s001_t000,bandwidth,15.0,canonicalized,0,6.168865,0.989009,0.497853
aaaaangp_s001_t000,bandwidth,15.0,canonicalized,0,8.361882,0.998054,0.841720
aaaaanhb_s001_t003,bandwidth,15.0,canonicalized,1,12.499748,0.999927,4.403707
aaaaanhb_s003_t001,bandwidth,15.0,canonicalized,1,13.875640,0.999975,0.556294
aaaaanhb_s005_t000,bandwidth,15.0,canonicalized,1,17.534204,0.999999,1.868232
aaaaankf_s001_t000,bandwidth,15.0,canonicalized,1,15.112581,0.999991,1.882446
aaaaanlp_s001_t000,bandwidth,15.0,canonicalized,0,7.489651,0.996119,2.291880
aaaaanmc_s001_t000,bandwidth,15.0,canonicalized,1,13.827282,0.999975,3.597370
aaaaanop_s001_t000,bandwidth,15.0,canonicalized,0,10.663658,0.999686,3.467457
aaaaanoz_s001_t000,bandwidth,15.0,canonicalized,1,10.735516,0.999704,0.529951
aaaaanpr_s001_t002,bandwidth,15.0,canonicalized,1,11.348364,0.999818,2.749111
aaaaanqe_s001_t000,bandwidth,15.0,canonicalized,0,7.761555,0.996870,0.910677
aaaaanro_s001_t000,bandwidth,15.0,canonicalized,1,11.822927,0.999875,3.669519
aaaaansj_s001_t000,bandwidth,15.0,canonicalized,1,13.761661,0.999973,7.090016
aaaaanta_s001_t000,bandwidth,15.0,canonicalized,1,12.929949,0.999948,7.219998
aaaaanum_s001_t000,bandwidth,15.0,canonicalized,0,7.930061,0.997261,0.881961
aaaaanvb_s002_t000,bandwidth,15.0,canonicalized,0,6.820555,0.993418,0.486121
aaaaanvg_s001_t002,bandwidth,15.0,canonicalized,0,10.386496,0.999609,0.618436
aaaaanvw_s001_t000,bandwidth,15.0,canonicalized,0,6.565253,0.991951,1.887260
aaaaanwc_s001_t001,bandwidth,15.0,canonicalized,1,13.640150,0.999970,2.203815
aaaaanxl_s001_t000,bandwidth,15.0,canonicalized,1,14.552784,0.999986,12.307171
aaaaanyb_s001_t001,bandwidth,15.0,canonicalized,0,8.279346,0.997922,2.755309
aaaaanyt_s002_t000,bandwidth,15.0,canonicalized,1,15.536425,0.999993,20.982693
aaaaanyw_s001_t000,bandwidth,15.0,canonicalized,1,10.183437,0.999541,0.708255
aaaaanyw_s002_t000,bandwidth,15.0,canonicalized,1,13.703311,0.999972,3.319333
aaaaanzh_s001_t000,bandwidth,15.0,canonicalized,1,8.246759,0.997868,1.683196
aaaaanzu_s001_t003,bandwidth,15.0,canonicalized,1,10.942344,0.999748,1.277271
aaaaaoav_s001_t000,bandwidth,15.0,canonicalized,0,6.040141,0.987841,0.118903
aaaaaoav_s002_t000,bandwidth,15.0,canonicalized,0,6.578984,0.992038,0.884130
aaaaaobi_s001_t000,bandwidth,15.0,canonicalized,1,9.362161,0.999119,2.399717
aaaaaobl_s001_t000,bandwidth,15.0,canonicalized,0,9.417431,0.999157,1.985433
aaaaaoby_s001_t000,bandwidth,15.0,canonicalized,0,9.339297,0.999103,3.738370
aaaaaoda_s001_t000,bandwidth,15.0,canonicalized,1,15.607579,0.999994,5.266634
aaaaaoeg_s001_t000,bandwidth,15.0,canonicalized,0,8.624365,0.998419,0.081072
aaaaaofj_s001_t000,bandwidth,15.0,canonicalized,0,8.062506,0.997533,5.519853
aaaaaofr_s001_t000,bandwidth,15.0,canonicalized,0,11.149271,0.999787,0.598911
aaaaaofz_s001_t000,bandwidth,15.0,canonicalized,0,8.034589,0.997478,1.384292
aaaaaohb_s001_t000,bandwidth,15.0,canonicalized,1,13.558907,0.999968,0.356478
aaaaaohr_s002_t001,bandwidth,15.0,canonicalized,1,12.102620,0.999900,0.919764
aaaaaoiq_s001_t000,bandwidth,15.0,canonicalized,1,9.008168,0.998834,0.190524
aaaaaoiv_s001_t000,bandwidth,15.0,canonicalized,1,11.213530,0.999797,0.476554
aaaaaoiv_s002_t001,bandwidth,15.0,canonicalized,1,16.901810,0.999998,1.407650
aaaaaoiv_s003_t003,bandwidth,15.0,canonicalized,1,15.469027,0.999993,0.889004
aaaaaojd_s001_t002,bandwidth,15.0,canonicalized,0,11.838308,0.999876,2.576288
aaaaaokg_s001_t000,bandwidth,15.0,canonicalized,0,15.008100,0.999990,8.442783
aaaaaoly_s001_t000,bandwidth,15.0,canonicalized,0,9.470726,0.999192,6.826365
aaaaaome_s001_t000,bandwidth,15.0,canonicalized,0,7.212965,0.995171,1.457730
aaaaaomx_s001_t000,bandwidth,15.0,canonicalized,0,9.947550,0.999446,0.697506
aaaaaomy_s001_t000,bandwidth,15.0,canonicalized,1,14.092764,0.999979,10.119066
aaaaaonb_s001_t000,bandwidth,15.0,canonicalized,0,11.468807,0.999834,2.840389
aaaaaons_s002_t002,bandwidth,15.0,canonicalized,1,13.944316,0.999977,0.884224
aaaaaopd_s001_t000,bandwidth,15.0,canonicalized,0,9.973568,0.999458,4.830962
aaaaaopo_s001_t000,bandwidth,15.0,canonicalized,0,6.888114,0.993759,0.336857
aaaaaora_s002_t000,bandwidth,15.0,canonicalized,1,9.190514,0.998991,0.603562
aaaaaord_s001_t000,bandwidth,15.0,canonicalized,1,9.246165,0.999034,2.306599
aaaaaosh_s001_t000,bandwidth,15.0,canonicalized,1,9.616988,0.999280,0.218441
aaaaaosw_s001_t000,bandwidth,15.0,canonicalized,0,11.586719,0.999849,3.316458
aaaaaote_s001_t000,bandwidth,15.0,canonicalized,0,9.116042,0.998929,1.410332
aaaaaout_s001_t000,bandwidth,15.0,canonicalized,1,11.560121,0.999846,0.907874
aaaaaovl_s001_t000,bandwidth,15.0,canonicalized,1,17.117966,0.999998,0.157514
aaaaaovo_s001_t000,bandwidth,15.0,canonicalized,1,17.353607,0.999998,1.360486
aaaaaowb_s001_t000,bandwidth,15.0,canonicalized,0,7.156469,0.994950,2.565356
aaaaaoxf_s001_t000,bandwidth,15.0,canonicalized,0,7.739993,0.996816,0.824759
aaaaaozf_s001_t001,bandwidth,15.0,canonicalized,0,10.760250,0.999709,4.513130
aaaaapag_s001_t000,bandwidth,15.0,canonicalized,0,6.976210,0.994178,1.708938
aaaaapar_s001_t000,bandwidth,15.0,canonicalized,1,23.612637,1.000000,0.493065
aaaaapcb_s001_t000,bandwidth,15.0,canonicalized,0,9.471846,0.999193,0.078590
aaaaapcy_s001_t002,bandwidth,15.0,canonicalized,0,6.831922,0.993477,0.447440
aaaaapdg_s001_t000,bandwidth,15.0,canonicalized,0,6.101171,0.988409,1.063188
aaaaaphs_s001_t000,bandwidth,15.0,canonicalized,1,15.523766,0.999993,5.921139
aaaaaphw_s001_t000,bandwidth,15.0,canonicalized,0,11.567076,0.999847,1.301382
aaaaapij_s001_t000,bandwidth,15.0,canonicalized,0,9.088223,0.998906,0.882735
aaaaapjc_s001_t001,bandwidth,15.0,canonicalized,0,7.251827,0.995317,0.576556
aaaaapka_s001_t000,bandwidth,15.0,canonicalized,0,9.275604,0.999057,0.782236
aaaaapkx_s001_t001,bandwidth,15.0,canonicalized,1,8.710410,0.998523,7.733205
aaaaaply_s001_t001,bandwidth,15.0,canonicalized,1,13.576553,0.999969,1.844278
aaaaapmb_s002_t001,bandwidth,15.0,canonicalized,1,11.718184,0.999864,0.657112
aaaaapmp_s001_t000,bandwidth,15.0,canonicalized,1,8.317261,0.997984,1.797865
aaaaapnr_s001_t000,bandwidth,15.0,canonicalized,1,8.600754,0.998389,4.123220
aaaaapoc_s001_t000,bandwidth,15.0,canonicalized,1,13.064644,0.999953,4.440450
aaaaapof_s001_t000,bandwidth,15.0,canonicalized,0,5.560205,0.982305,0.572500
aaaaapoo_s001_t000,bandwidth,15.0,canonicalized,0,7.307741,0.995519,1.933843
aaaaapoq_s001_t000,bandwidth,15.0,canonicalized,0,9.893122,0.999422,2.505958
aaaaappb_s001_t000,bandwidth,15.0,canonicalized,0,8.923489,0.998753,4.493112
aaaaapqd_s001_t000,bandwidth,15.0,canonicalized,1,10.225390,0.999556,3.844582
aaaaapqv_s001_t000,bandwidth,15.0,canonicalized,0,7.392943,0.995811,6.544320
aaaaapta_s001_t000,bandwidth,15.0,canonicalized,1,13.769008,0.999973,3.066787
aaaaapth_s001_t000,bandwidth,15.0,canonicalized,1,13.858995,0.999975,1.714455
aaaaapua_s001_t001,bandwidth,15.0,canonicalized,0,6.467966,0.991311,0.684801
aaaaapuu_s001_t000,bandwidth,15.0,canonicalized,0,9.153373,0.998961,2.797691
aaaaapvw_s001_t001,bandwidth,15.0,canonicalized,1,12.793999,0.999942,2.119022
aaaaapvy_s001_t000,bandwidth,15.0,canonicalized,1,12.426830,0.999923,6.903754
aaaaapwn_s001_t001,bandwidth,15.0,canonicalized,0,9.038530,0.998862,2.166502
aaaaapwo_s001_t001,bandwidth,15.0,canonicalized,1,16.099541,0.999996,0.076639
aaaaapxm_s001_t001,bandwidth,15.0,canonicalized,0,6.847693,0.993557,0.214481
aaaaapys_s001_t001,bandwidth,15.0,canonicalized,1,21.046562,1.000000,1.282277
aaaaapys_s002_t001,bandwidth,15.0,canonicalized,1,18.061989,0.999999,2.517049
aaaaaayx_s002_t000,bandwidth,15.0,naive,0,9.621758,0.999283,0.890867
aaaaabdo_s003_t000,bandwidth,15.0,naive,1,16.120476,0.999996,1.642406
aaaaabsk_s007_t000,bandwidth,15.0,naive,1,9.187930,0.998989,1.477956
aaaaabuv_s002_t000,bandwidth,15.0,naive,1,9.894178,0.999422,0.070611
aaaaacad_s003_t000,bandwidth,15.0,naive,0,8.747174,0.998566,1.594000
aaaaacby_s004_t000,bandwidth,15.0,naive,0,10.256547,0.999567,0.428565
aaaaaddm_s006_t000,bandwidth,15.0,naive,1,11.887600,0.999881,3.981375
aaaaadeu_s002_t000,bandwidth,15.0,naive,1,10.682089,0.999691,1.230037
aaaaadjk_s002_t000,bandwidth,15.0,naive,0,6.197945,0.989257,0.397456
aaaaadkb_s002_t000,bandwidth,15.0,naive,1,13.594074,0.999969,6.619825
aaaaadsm_s002_t001,bandwidth,15.0,naive,0,7.070190,0.994594,1.214067
aaaaaeab_s003_t000,bandwidth,15.0,naive,0,7.189065,0.995079,0.884802
aaaaaejc_s003_t001,bandwidth,15.0,naive,0,9.804201,0.999380,0.280486
aaaaaezn_s003_t001,bandwidth,15.0,naive,1,10.627537,0.999677,3.153143
aaaaafhl_s003_t000,bandwidth,15.0,naive,1,11.626938,0.999854,0.284140
aaaaagfk_s003_t000,bandwidth,15.0,naive,0,6.610171,0.992231,1.531393
aaaaagsc_s003_t001,bandwidth,15.0,naive,1,13.989848,0.999978,13.214432
aaaaagsc_s006_t001,bandwidth,15.0,naive,1,9.299716,0.999074,1.779173
aaaaaguk_s002_t001,bandwidth,15.0,naive,0,6.250546,0.989692,0.889444
aaaaagvx_s002_t000,bandwidth,15.0,naive,1,7.800144,0.996964,0.697712
aaaaagvx_s003_t001,bandwidth,15.0,naive,1,9.255610,0.999042,4.516118
aaaaagyr_s002_t000,bandwidth,15.0,naive,1,8.802895,0.998628,2.364670
aaaaahie_s005_t001,bandwidth,15.0,naive,1,15.920312,0.999995,0.601147
aaaaahsv_s002_t000,bandwidth,15.0,naive,0,8.972937,0.998801,0.537977
aaaaahte_s002_t000,bandwidth,15.0,naive,1,18.769426,0.999999,2.931148
aaaaahte_s003_t000,bandwidth,15.0,naive,1,15.929641,0.999995,0.711234
aaaaahuy_s002_t000,bandwidth,15.0,naive,1,6.041643,0.987855,0.234939
aaaaahzi_s001_t000,bandwidth,15.0,naive,0,9.595276,0.999268,1.584972
aaaaahzm_s001_t001,bandwidth,15.0,naive,0,8.592949,0.998379,0.613071
aaaaahzq_s001_t000,bandwidth,15.0,naive,0,6.706019,0.992796,1.193012
aaaaahzs_s001_t001,bandwidth,15.0,naive,0,11.609638,0.999852,0.381645
aaaaaiae_s001_t000,bandwidth,15.0,naive,0,7.596321,0.996433,2.220032
aaaaaibx_s001_t000,bandwidth,15.0,naive,0,8.810054,0.998636,1.928224
aaaaaiby_s001_t000,bandwidth,15.0,naive,0,9.800499,0.999378,2.958295
aaaaaici_s001_t000,bandwidth,15.0,naive,0,8.239796,0.997856,8.374804
aaaaaicn_s001_t000,bandwidth,15.0,naive,0,10.917892,0.999744,0.939630
aaaaaijh_s002_t000,bandwidth,15.0,naive,1,5.334518,0.978907,0.544442
aaaaaijn_s001_t001,bandwidth,15.0,naive,0,9.121745,0.998934,0.474702
aaaaairb_s001_t001,bandwidth,15.0,naive,0,10.375259,0.999606,2.060218
aaaaairo_s001_t000,bandwidth,15.0,naive,0,8.372728,0.998071,1.780627
aaaaaitt_s001_t000,bandwidth,15.0,naive,0,7.569516,0.996356,3.620628
aaaaaiue_s004_t000,bandwidth,15.0,naive,1,9.984105,0.999462,1.020799
aaaaaiuo_s002_t000,bandwidth,15.0,naive,0,9.004261,0.998830,1.365329
aaaaaiwz_s001_t001,bandwidth,15.0,naive,0,8.547306,0.998320,0.123015
aaaaaiyy_s001_t001,bandwidth,15.0,naive,0,7.648972,0.996578,0.537760
aaaaaizd_s001_t001,bandwidth,15.0,naive,0,8.676647,0.998483,3.592731
aaaaaizs_s001_t000,bandwidth,15.0,naive,0,8.130774,0.997663,0.458100
aaaaajae_s001_t001,bandwidth,15.0,naive,0,12.936493,0.999948,3.574045
aaaaajah_s002_t001,bandwidth,15.0,naive,1,8.659834,0.998463,0.983900
aaaaajah_s004_t000,bandwidth,15.0,naive,1,7.910752,0.997218,3.320210
aaaaajal_s001_t001,bandwidth,15.0,naive,0,7.341342,0.995636,0.575637
aaaaajam_s001_t000,bandwidth,15.0,naive,1,8.847167,0.998675,0.133196
aaaaajar_s001_t001,bandwidth,15.0,naive,0,9.334528,0.999100,1.347103
aaaaajbb_s001_t000,bandwidth,15.0,naive,0,10.290138,0.999578,0.190171
aaaaajbh_s002_t000,bandwidth,15.0,naive,0,6.260037,0.989768,0.207249
aaaaajce_s001_t000,bandwidth,15.0,naive,0,7.494181,0.996133,0.561757
aaaaajci_s001_t000,bandwidth,15.0,naive,0,6.012607,0.987576,0.349889
aaaaajck_s001_t000,bandwidth,15.0,naive,0,6.621340,0.992299,0.591253
aaaaajct_s001_t000,bandwidth,15.0,naive,0,9.938123,0.999442,5.563739
aaaaajcu_s001_t000,bandwidth,15.0,naive,0,10.188395,0.999543,4.465885
aaaaajda_s001_t000,bandwidth,15.0,naive,0,7.664043,0.996619,2.037545
aaaaajdb_s001_t000,bandwidth,15.0,naive,0,8.376117,0.998076,2.447357
aaaaajdv_s001_t000,bandwidth,15.0,naive,0,9.489972,0.999204,3.331525
aaaaajdy_s001_t000,bandwidth,15.0,naive,0,7.825700,0.997025,1.505534
aaaaajdz_s001_t000,bandwidth,15.0,naive,0,7.876744,0.997143,0.992977
aaaaajea_s001_t000,bandwidth,15.0,naive,0,11.728117,0.999865,5.579679
aaaaajen_s001_t000,bandwidth,15.0,naive,0,8.389132,0.998095,2.686102
aaaaajey_s001_t000,bandwidth,15.0,naive,0,7.332697,0.995606,0.348253
aaaaajfb_s001_t000,bandwidth,15.0,naive,0,6.256384,0.989739,2.367964
aaaaajfe_s001_t000,bandwidth,15.0,naive,0,8.786228,0.998610,0.968305
aaaaajff_s001_t000,bandwidth,15.0,naive,0,8.172441,0.997739,0.305065
aaaaajfi_s001_t001,bandwidth,15.0,naive,0,9.426487,0.999163,3.875708
aaaaajfn_s001_t001,bandwidth,15.0,naive,0,8.565413,0.998344,5.443060
aaaaajfy_s001_t000,bandwidth,15.0,naive,0,8.733971,0.998551,0.935673
aaaaajga_s001_t001,bandwidth,15.0,naive,0,12.673101,0.999936,3.990503
aaaaajhy_s001_t000,bandwidth,15.0,naive,0,7.330938,0.995600,2.153071
aaaaajit_s001_t001,bandwidth,15.0,naive,0,6.754673,0.993067,1.938974
aaaaajiu_s001_t000,bandwidth,15.0,naive,0,11.109481,0.999780,3.752507
aaaaajiy_s001_t001,bandwidth,15.0,naive,0,8.301435,0.997958,1.720385
aaaaajiz_s001_t000,bandwidth,15.0,naive,0,7.941980,0.997286,1.431929
aaaaajjb_s001_t001,bandwidth,15.0,naive,0,10.151380,0.999529,1.192230
aaaaajje_s001_t000,bandwidth,15.0,naive,0,9.453974,0.999181,4.442935
aaaaajjk_s001_t000,bandwidth,15.0,naive,0,10.894650,0.999739,1.693323
aaaaajna_s001_t000,bandwidth,15.0,naive,0,7.278008,0.995412,1.454475
aaaaajnu_s001_t000,bandwidth,15.0,naive,0,9.563726,0.999249,6.638378
aaaaajon_s001_t000,bandwidth,15.0,naive,0,8.537279,0.998306,5.500325
aaaaajoo_s002_t001,bandwidth,15.0,naive,1,9.729856,0.999342,1.876830
aaaaajpg_s001_t001,bandwidth,15.0,naive,0,10.175869,0.999538,0.547976
aaaaajqh_s004_t000,bandwidth,15.0,naive,1,15.374331,0.999993,3.417169
aaaaajqk_s003_t001,bandwidth,15.0,naive,1,11.516305,0.999840,1.691852
aaaaajrf_s001_t000,bandwidth,15.0,naive,1,18.555050,0.999999,4.800617
aaaaajrf_s002_t000,bandwidth,15.0,naive,1,23.045277,1.000000,5.382380
aaaaajrf_s003_t002,bandwidth,15.0,naive,1,19.924295,1.000000,5.681878
aaaaajrf_s004_t000,bandwidth,15.0,naive,1,12.484108,0.999926,2.258932
aaaaajso_s001_t000,bandwidth,15.0,naive,1,17.117092,0.999998,9.980577
aaaaajtg_s001_t000,bandwidth,15.0,naive,0,9.177431,0.998980,2.854729
aaaaajtu_s001_t000,bandwidth,15.0,naive,0,10.264578,0.999569,4.008938
aaaaajuh_s001_t000,bandwidth,15.0,naive,1,13.698296,0.999972,6.945624
aaaaajun_s001_t000,bandwidth,15.0,naive,0,9.081982,0.998900,1.507599
aaaaajvh_s001_t001,bandwidth,15.0,naive,0,7.224449,0.995214,2.651185
aaaaajxp_s001_t000,bandwidth,15.0,naive,0,6.308250,0.990149,0.245023
aaaaakck_s001_t001,bandwidth,15.0,naive,1,9.848978,0.999401,0.976724
aaaaakcx_s001_t001,bandwidth,15.0,naive,1,20.767019,1.000000,1.412025
aaaaakcy_s005_t001,bandwidth,15.0,naive,1,18.848186,1.000000,1.400102
aaaaakdj_s001_t000,bandwidth,15.0,naive,1,9.268789,0.999051,0.199957
aaaaakdo_s001_t000,bandwidth,15.0,naive,1,9.270622,0.999053,1.618276
aaaaakeq_s001_t000,bandwidth,15.0,naive,1,11.944412,0.999886,4.551586
aaaaakeq_s002_t000,bandwidth,15.0,naive,1,10.259883,0.999568,4.141382
aaaaakeq_s003_t000,bandwidth,15.0,naive,1,11.694293,0.999861,2.316596
aaaaakev_s001_t001,bandwidth,15.0,naive,1,21.348127,1.000000,6.444440
aaaaakev_s002_t000,bandwidth,15.0,naive,1,20.565426,1.000000,4.138028
aaaaakft_s001_t000,bandwidth,15.0,naive,0,10.430624,0.999623,4.099520
aaaaakgp_s001_t001,bandwidth,15.0,naive,0,10.205612,0.999549,1.183287
aaaaakgu_s001_t000,bandwidth,15.0,naive,1,8.460489,0.998200,0.607096
aaaaakjk_s002_t002,bandwidth,15.0,naive,1,11.982556,0.999890,1.909138
aaaaakjk_s003_t000,bandwidth,15.0,naive,1,10.905241,0.999741,2.017788
aaaaakka_s001_t001,bandwidth,15.0,naive,0,9.779564,0.999367,0.569594
aaaaakmg_s003_t001,bandwidth,15.0,naive,1,16.266085,0.999996,2.039514
aaaaakmh_s001_t000,bandwidth,15.0,naive,1,10.155626,0.999531,6.885557
aaaaaknt_s001_t000,bandwidth,15.0,naive,1,10.623253,0.999676,1.138339
aaaaakoo_s001_t001,bandwidth,15.0,naive,1,20.547579,1.000000,4.845333
aaaaakqg_s001_t001,bandwidth,15.0,naive,0,9.725696,0.999340,3.157437
aaaaakqr_s001_t000,bandwidth,15.0,naive,0,6.648646,0.992463,1.168820
aaaaakrt_s001_t001,bandwidth,15.0,naive,1,12.203030,0.999908,0.224996
aaaaakrt_s002_t001,bandwidth,15.0,naive,1,14.414884,0.999984,0.630217
aaaaaksb_s001_t000,bandwidth,15.0,naive,0,8.026308,0.997462,3.200193
aaaaaksu_s001_t001,bandwidth,15.0,naive,0,10.496474,0.999642,0.921907
aaaaakxz_s001_t001,bandwidth,15.0,naive,1,12.200580,0.999907,0.168666
aaaaakxz_s002_t001,bandwidth,15.0,naive,1,13.086452,0.999954,1.582239
aaaaalaf_s001_t000,bandwidth,15.0,naive,0,7.659715,0.996607,0.503972
aaaaalau_s001_t000,bandwidth,15.0,naive,1,18.689541,0.999999,3.662351
aaaaalbh_s001_t000,bandwidth,15.0,naive,1,10.613328,0.999673,7.614269
aaaaalbt_s001_t001,bandwidth,15.0,naive,0,8.455300,0.998193,1.574996
aaaaalbt_s002_t000,bandwidth,15.0,naive,0,7.739774,0.996815,4.149518
aaaaalbz_s006_t000,bandwidth,15.0,naive,1,17.589273,0.999999,9.488574
aaaaalid_s001_t001,bandwidth,15.0,naive,0,12.325589,0.999916,5.286484
aaaaaljf_s001_t000,bandwidth,15.0,naive,1,11.720448,0.999864,2.273245
aaaaaljj_s001_t000,bandwidth,15.0,naive,0,5.738246,0.984600,0.201960
aaaaallc_s001_t001,bandwidth,15.0,naive,0,8.251945,0.997877,1.762247
aaaaalle_s002_t000,bandwidth,15.0,naive,1,9.740191,0.999347,1.379094
aaaaalox_s001_t001,bandwidth,15.0,naive,0,14.501138,0.999985,5.327744
aaaaalpv_s001_t000,bandwidth,15.0,naive,0,9.807030,0.999381,3.587487
aaaaalqa_s001_t000,bandwidth,15.0,naive,0,7.557745,0.996322,1.705933
aaaaalqr_s001_t001,bandwidth,15.0,naive,1,18.893467,1.000000,10.900497
aaaaalqs_s001_t001,bandwidth,15.0,naive,0,6.768152,0.993140,0.474074
aaaaalqx_s001_t000,bandwidth,15.0,naive,0,7.352959,0.995676,1.777610
aaaaalrc_s002_t000,bandwidth,15.0,naive,1,26.296814,1.000000,1.387111
aaaaalsq_s001_t000,bandwidth,15.0,naive,0,10.536260,0.999653,1.104240
aaaaalsx_s001_t000,bandwidth,15.0,naive,1,11.279539,0.999808,0.506878
aaaaalsx_s004_t001,bandwidth,15.0,naive,1,9.240051,0.999030,1.569548
aaaaaluz_s001_t001,bandwidth,15.0,naive,0,6.629464,0.992348,0.224994
aaaaalvw_s001_t000,bandwidth,15.0,naive,0,6.069645,0.988119,1.326720
aaaaalvz_s001_t000,bandwidth,15.0,naive,1,19.434481,1.000000,0.645121
aaaaalxk_s001_t000,bandwidth,15.0,naive,0,10.588831,0.999667,3.691316
aaaaalyr_s001_t000,bandwidth,15.0,naive,1,13.694672,0.999972,3.028534
aaaaalzk_s002_t001,bandwidth,15.0,naive,1,19.654100,1.000000,2.529471
aaaaamcb_s001_t001,bandwidth,15.0,naive,1,14.711864,0.999987,0.771320
aaaaamfe_s001_t001,bandwidth,15.0,naive,0,9.847155,0.999400,0.657359
aaaaamft_s001_t001,bandwidth,15.0,naive,1,14.818077,0.999988,5.780659
aaaaamfu_s001_t000,bandwidth,15.0,naive,0,11.394153,0.999824,1.585852
aaaaamhi_s001_t000,bandwidth,15.0,naive,1,16.842556,0.999998,6.224227
aaaaamhk_s001_t000,bandwidth,15.0,naive,1,11.075117,0.999774,1.082689
aaaaamjc_s001_t001,bandwidth,15.0,naive,1,19.182415,1.000000,0.824297
aaaaammh_s001_t001,bandwidth,15.0,naive,1,10.609079,0.999672,0.483425
aaaaamnq_s001_t000,bandwidth,15.0,naive,1,14.029341,0.999978,11.016283
aaaaamnq_s002_t000,bandwidth,15.0,naive,1,11.982691,0.999890,3.089774
aaaaamon_s001_t000,bandwidth,15.0,naive,0,10.529107,0.999651,5.644444
aaaaampz_s001_t000,bandwidth,15.0,naive,1,14.085869,0.999979,9.201441
aaaaamrj_s001_t000,bandwidth,15.0,naive,0,9.265666,0.999049,2.666133
aaaaamsc_s001_t000,bandwidth,15.0,naive,1,11.076942,0.999774,0.451661
aaaaamtb_s001_t000,bandwidth,15.0,naive,0,14.060379,0.999979,0.640763
aaaaamuc_s001_t000,bandwidth,15.0,naive,0,8.484575,0.998234,0.194547
aaaaamxn_s001_t000,bandwidth,15.0,naive,1,10.292518,0.999579,1.494012
aaaaamyb_s001_t001,bandwidth,15.0,naive,0,9.259794,0.999045,3.791426
aaaaamye_s001_t000,bandwidth,15.0,naive,1,20.050114,1.000000,0.535163
aaaaamzi_s001_t001,bandwidth,15.0,naive,1,18.444721,0.999999,2.502522
aaaaamzl_s001_t000,bandwidth,15.0,naive,0,6.956234,0.994086,1.073474
aaaaamzx_s001_t000,bandwidth,15.0,naive,0,9.490288,0.999204,1.382394
aaaaanbq_s001_t000,bandwidth,15.0,naive,0,8.106801,0.997618,1.704204
aaaaanek_s001_t000,bandwidth,15.0,naive,0,6.168865,0.989009,0.497853
aaaaangp_s001_t000,bandwidth,15.0,naive,0,8.361882,0.998054,0.841720
aaaaanhb_s001_t003,bandwidth,15.0,naive,1,12.499748,0.999927,4.403707
aaaaanhb_s003_t001,bandwidth,15.0,naive,1,13.875640,0.999975,0.556294
aaaaanhb_s005_t000,bandwidth,15.0,naive,1,17.534204,0.999999,1.868232
aaaaankf_s001_t000,bandwidth,15.0,naive,1,15.112581,0.999991,1.882446
aaaaanlp_s001_t000,bandwidth,15.0,naive,0,7.489651,0.996119,2.291880
aaaaanmc_s001_t000,bandwidth,15.0,naive,1,13.827282,0.999975,3.597370
aaaaanop_s001_t000,bandwidth,15.0,naive,0,10.663658,0.999686,3.467457
aaaaanoz_s001_t000,bandwidth,15.0,naive,1,10.735516,0.999704,0.529951
aaaaanpr_s001_t002,bandwidth,15.0,naive,1,11.348364,0.999818,2.749111
aaaaanqe_s001_t000,bandwidth,15.0,naive,0,7.761555,0.996870,0.910677
aaaaanro_s001_t000,bandwidth,15.0,naive,1,11.822927,0.999875,3.669519
aaaaansj_s001_t000,bandwidth,15.0,naive,1,13.761661,0.999973,7.090016
aaaaanta_s001_t000,bandwidth,15.0,naive,1,12.929949,0.999948,7.219998
aaaaanum_s001_t000,bandwidth,15.0,naive,0,7.930061,0.997261,0.881961
aaaaanvb_s002_t000,bandwidth,15.0,naive,0,6.820555,0.993418,0.486121
aaaaanvg_s001_t002,bandwidth,15.0,naive,0,10.386496,0.999609,0.618436
aaaaanvw_s001_t000,bandwidth,15.0,naive,0,6.565253,0.991951,1.887260
aaaaanwc_s001_t001,bandwidth,15.0,naive,1,13.640150,0.999970,2.203815
aaaaanxl_s001_t000,bandwidth,15.0,naive,1,14.552784,0.999986,12.307171
aaaaanyb_s001_t001,bandwidth,15.0,naive,0,8.279346,0.997922,2.755309
aaaaanyt_s002_t000,bandwidth,15.0,naive,1,15.536425,0.999993,20.982693
aaaaanyw_s001_t000,bandwidth,15.0,naive,1,10.183437,0.999541,0.708255
aaaaanyw_s002_t000,bandwidth,15.0,naive,1,13.703311,0.999972,3.319333
aaaaanzh_s001_t000,bandwidth,15.0,naive,1,8.246759,0.997868,1.683196
aaaaanzu_s001_t003,bandwidth,15.0,naive,1,10.942344,0.999748,1.277271
aaaaaoav_s001_t000,bandwidth,15.0,naive,0,6.040141,0.987841,0.118903
aaaaaoav_s002_t000,bandwidth,15.0,naive,0,6.578984,0.992038,0.884130
aaaaaobi_s001_t000,bandwidth,15.0,naive,1,9.362161,0.999119,2.399717
aaaaaobl_s001_t000,bandwidth,15.0,naive,0,9.417431,0.999157,1.985433
aaaaaoby_s001_t000,bandwidth,15.0,naive,0,9.339297,0.999103,3.738370
aaaaaoda_s001_t000,bandwidth,15.0,naive,1,15.607579,0.999994,5.266634
aaaaaoeg_s001_t000,bandwidth,15.0,naive,0,8.624365,0.998419,0.081072
aaaaaofj_s001_t000,bandwidth,15.0,naive,0,8.062506,0.997533,5.519853
aaaaaofr_s001_t000,bandwidth,15.0,naive,0,11.149271,0.999787,0.598911
aaaaaofz_s001_t000,bandwidth,15.0,naive,0,8.034589,0.997478,1.384292
aaaaaohb_s001_t000,bandwidth,15.0,naive,1,13.558907,0.999968,0.356478
aaaaaohr_s002_t001,bandwidth,15.0,naive,1,12.102620,0.999900,0.919764
aaaaaoiq_s001_t000,bandwidth,15.0,naive,1,9.008168,0.998834,0.190524
aaaaaoiv_s001_t000,bandwidth,15.0,naive,1,11.213530,0.999797,0.476554
aaaaaoiv_s002_t001,bandwidth,15.0,naive,1,16.901810,0.999998,1.407650
aaaaaoiv_s003_t003,bandwidth,15.0,naive,1,15.469027,0.999993,0.889004
aaaaaojd_s001_t002,bandwidth,15.0,naive,0,11.838308,0.999876,2.576288
aaaaaokg_s001_t000,bandwidth,15.0,naive,0,15.008100,0.999990,8.442783
aaaaaoly_s001_t000,bandwidth,15.0,naive,0,9.470726,0.999192,6.826365
aaaaaome_s001_t000,bandwidth,15.0,naive,0,7.212965,0.995171,1.457730
aaaaaomx_s001_t000,bandwidth,15.0,naive,0,9.947550,0.999446,0.697506
aaaaaomy_s001_t000,bandwidth,15.0,naive,1,14.092764,0.999979,10.119066
aaaaaonb_s001_t000,bandwidth,15.0,naive,0,11.468807,0.999834,2.840389
aaaaaons_s002_t002,bandwidth,15.0,naive,1,13.944316,0.999977,0.884224
aaaaaopd_s001_t000,bandwidth,15.0,naive,0,9.973568,0.999458,4.830962
aaaaaopo_s001_t000,bandwidth,15.0,naive,0,6.888114,0.993759,0.336857
aaaaaora_s002_t000,bandwidth,15.0,naive,1,9.190514,0.998991,0.603562
aaaaaord_s001_t000,bandwidth,15.0,naive,1,9.246165,0.999034,2.306599
aaaaaosh_s001_t000,bandwidth,15.0,naive,1,9.616988,0.999280,0.218441
aaaaaosw_s001_t000,bandwidth,15.0,naive,0,11.586719,0.999849,3.316458
aaaaaote_s001_t000,bandwidth,15.0,naive,0,9.116042,0.998929,1.410332
aaaaaout_s001_t000,bandwidth,15.0,naive,1,11.560121,0.999846,0.907874
aaaaaovl_s001_t000,bandwidth,15.0,naive,1,17.117966,0.999998,0.157514
aaaaaovo_s001_t000,bandwidth,15.0,naive,1,17.353607,0.999998,1.360486
aaaaaowb_s001_t000,bandwidth,15.0,naive,0,7.156469,0.994950,2.565356
aaaaaoxf_s001_t000,bandwidth,15.0,naive,0,7.739993,0.996816,0.824759
aaaaaozf_s001_t001,bandwidth,15.0,naive,0,10.760250,0.999709,4.513130
aaaaapag_s001_t000,bandwidth,15.0,naive,0,6.976210,0.994178,1.708938
aaaaapar_s001_t000,bandwidth,15.0,naive,1,23.612637,1.000000,0.493065
aaaaapcb_s001_t000,bandwidth,15.0,naive,0,9.471846,0.999193,0.078590
aaaaapcy_s001_t002,bandwidth,15.0,naive,0,6.831922,0.993477,0.447440
aaaaapdg_s001_t000,bandwidth,15.0,naive,0,6.101171,0.988409,1.063188
aaaaaphs_s001_t000,bandwidth,15.0,naive,1,15.523766,0.999993,5.921139
aaaaaphw_s001_t000,bandwidth,15.0,naive,0,11.567076,0.999847,1.301382
aaaaapij_s001_t000,bandwidth,15.0,naive,0,9.088223,0.998906,0.882735
aaaaapjc_s001_t001,bandwidth,15.0,naive,0,7.251827,0.995317,0.576556
aaaaapka_s001_t000,bandwidth,15.0,naive,0,9.275604,0.999057,0.782236
aaaaapkx_s001_t001,bandwidth,15.0,naive,1,8.710410,0.998523,7.733205
aaaaaply_s001_t001,bandwidth,15.0,naive,1,13.576553,0.999969,1.844278
aaaaapmb_s002_t001,bandwidth,15.0,naive,1,11.718184,0.999864,0.657112
aaaaapmp_s001_t000,bandwidth,15.0,naive,1,8.317261,0.997984,1.797865
aaaaapnr_s001_t000,bandwidth,15.0,naive,1,8.600754,0.998389,4.123220
aaaaapoc_s001_t000,bandwidth,15.0,naive,1,13.064644,0.999953,4.440450
aaaaapof_s001_t000,bandwidth,15.0,naive,0,5.560205,0.982305,0.572500
aaaaapoo_s001_t000,bandwidth,15.0,naive,0,7.307741,0.995519,1.933843
aaaaapoq_s001_t000,bandwidth,15.0,naive,0,9.893122,0.999422,2.505958
aaaaappb_s001_t000,bandwidth,15.0,naive,0,8.923489,0.998753,4.493112
aaaaapqd_s001_t000,bandwidth,15.0,naive,1,10.225390,0.999556,3.844582
aaaaapqv_s001_t000,bandwidth,15.0,naive,0,7.392943,0.995811,6.544320
aaaaapta_s001_t000,bandwidth,15.0,naive,1,13.769008,0.999973,3.066787
aaaaapth_s001_t000,bandwidth,15.0,naive,1,13.858995,0.999975,1.714455
aaaaapua_s001_t001,bandwidth,15.0,naive,0,6.467966,0.991311,0.684801
aaaaapuu_s001_t000,bandwidth,15.0,naive,0,9.153373,0.998961,2.797691
aaaaapvw_s001_t001,bandwidth,15.0,naive,1,12.793999,0.999942,2.119022
aaaaapvy_s001_t000,bandwidth,15.0,naive,1,12.426830,0.999923,6.903754
aaaaapwn_s001_t001,bandwidth,15.0,naive,0,9.038530,0.998862,2.166502
aaaaapwo_s001_t001,bandwidth,15.0,naive,1,16.099541,0.999996,0.076639
aaaaapxm_s001_t001,bandwidth,15.0,naive,0,6.847693,0.993557,0.214481
aaaaapys_s001_t001,bandwidth,15.0,naive,1,21.046562,1.000000,1.282277
aaaaapys_s002_t001,bandwidth,15.0,naive,1,18.061989,0.999999,2.517049
aaaaaayx_s002_t000,bandwidth,20.0,canonicalized,0,9.815948,0.999385,1.179414
aaaaabdo_s003_t000,bandwidth,20.0,canonicalized,1,17.121090,0.999998,1.711200
aaaaabsk_s007_t000,bandwidth,20.0,canonicalized,1,9.547773,0.999240,1.424791
aaaaabuv_s002_t000,bandwidth,20.0,canonicalized,1,9.921101,0.999435,0.054516
aaaaacad_s003_t000,bandwidth,20.0,canonicalized,0,8.929585,0.998759,1.125299
aaaaacby_s004_t000,bandwidth,20.0,canonicalized,0,9.298198,0.999073,0.259840
aaaaaddm_s006_t000,bandwidth,20.0,canonicalized,1,13.077469,0.999954,4.718531
aaaaadeu_s002_t000,bandwidth,20.0,canonicalized,1,10.767859,0.999711,2.320469
aaaaadjk_s002_t000,bandwidth,20.0,canonicalized,0,4.383939,0.956192,0.051991
aaaaadkb_s002_t000,bandwidth,20.0,canonicalized,1,14.538946,0.999986,7.808637
aaaaadsm_s002_t001,bandwidth,20.0,canonicalized,0,6.624635,0.992319,0.494202
aaaaaeab_s003_t000,bandwidth,20.0,canonicalized,0,6.775188,0.993178,1.403008
aaaaaejc_s003_t001,bandwidth,20.0,canonicalized,0,10.215706,0.999552,0.300106
aaaaaezn_s003_t001,bandwidth,20.0,canonicalized,1,11.522512,0.999841,3.661666
aaaaafhl_s003_t000,bandwidth,20.0,canonicalized,1,12.447289,0.999924,1.539728
aaaaagfk_s003_t000,bandwidth,20.0,canonicalized,0,6.252183,0.989705,1.789496
aaaaagsc_s003_t001,bandwidth,20.0,canonicalized,1,15.043917,0.999990,12.900961
aaaaagsc_s006_t001,bandwidth,20.0,canonicalized,1,8.831636,0.998659,1.054985
aaaaaguk_s002_t001,bandwidth,20.0,canonicalized,0,6.345717,0.990434,1.315488
aaaaagvx_s002_t000,bandwidth,20.0,canonicalized,1,7.155034,0.994945,1.722909
aaaaagvx_s003_t001,bandwidth,20.0,canonicalized,1,9.312703,0.999084,6.671041
aaaaagyr_s002_t000,bandwidth,20.0,canonicalized,1,8.150320,0.997699,2.817838
aaaaahie_s005_t001,bandwidth,20.0,canonicalized,1,17.313286,0.999998,0.586153
aaaaahsv_s002_t000,bandwidth,20.0,canonicalized,0,9.025690,0.998850,0.587350
aaaaahte_s002_t000,bandwidth,20.0,canonicalized,1,19.644995,1.000000,2.501968
aaaaahte_s003_t000,bandwidth,20.0,canonicalized,1,17.309280,0.999998,0.536475
aaaaahuy_s002_t000,bandwidth,20.0,canonicalized,1,5.239736,0.977297,0.324893
aaaaahzi_s001_t000,bandwidth,20.0,canonicalized,0,10.010111,0.999473,1.258706
aaaaahzm_s001_t001,bandwidth,20.0,canonicalized,0,8.983097,0.998810,0.583734
aaaaahzq_s001_t000,bandwidth,20.0,canonicalized,0,6.406966,0.990884,0.956823
aaaaahzs_s001_t001,bandwidth,20.0,canonicalized,0,11.541313,0.999844,0.624887
aaaaaiae_s001_t000,bandwidth,20.0,canonicalized,0,9.100352,0.998916,1.856294
aaaaaibx_s001_t000,bandwidth,20.0,canonicalized,0,9.768176,0.999362,2.282068
aaaaaiby_s001_t000,bandwidth,20.0,canonicalized,0,10.883522,0.999736,2.786652
aaaaaici_s001_t000,bandwidth,20.0,canonicalized,0,8.075638,0.997559,7.168638
aaaaaicn_s001_t000,bandwidth,20.0,canonicalized,0,9.674297,0.999312,1.225315
aaaaaijh_s002_t000,bandwidth,20.0,canonicalized,1,5.222097,0.976984,0.499253
aaaaaijn_s001_t001,bandwidth,20.0,canonicalized,0,8.602045,0.998391,0.462357
aaaaairb_s001_t001,bandwidth,20.0,canonicalized,0,10.870686,0.999734,6.550827
aaaaairo_s001_t000,bandwidth,20.0,canonicalized,0,9.158030,0.998964,2.360703
aaaaaitt_s001_t000,bandwidth,20.0,canonicalized,0,7.890188,0.997173,7.525051
aaaaaiue_s004_t000,bandwidth,20.0,canonicalized,1,10.636161,0.999679,1.457224
aaaaaiuo_s002_t000,bandwidth,20.0,canonicalized,0,8.792898,0.998617,1.663755
aaaaaiwz_s001_t001,bandwidth,20.0,canonicalized,0,7.801642,0.996968,0.437410
aaaaaiyy_s001_t001,bandwidth,20.0,canonicalized,0,7.846160,0.997073,0.764582
aaaaaizd_s001_t001,bandwidth,20.0,canonicalized,0,8.737224,0.998554,5.402581
aaaaaizs_s001_t000,bandwidth,20.0,canonicalized,0,8.076865,0.997561,0.453273
aaaaajae_s001_t001,bandwidth,20.0,canonicalized,0,13.796244,0.999974,3.433615
aaaaajah_s002_t001,bandwidth,20.0,canonicalized,1,9.427968,0.999164,1.419044
aaaaajah_s004_t000,bandwidth,20.0,canonicalized,1,8.498343,0.998253,3.812675
aaaaajal_s001_t001,bandwidth,20.0,canonicalized,0,7.703706,0.996723,0.740656
aaaaajam_s001_t000,bandwidth,20.0,canonicalized,1,7.248171,0.995303,0.228027
aaaaajar_s001_t001,bandwidth,20.0,canonicalized,0,9.074049,0.998893,0.693129
aaaaajbb_s001_t000,bandwidth,20.0,canonicalized,0,10.822138,0.999723,0.241724
aaaaajbh_s002_t000,bandwidth,20.0,canonicalized,0,5.089692,0.974499,0.200582
aaaaajce_s001_t000,bandwidth,20.0,canonicalized,0,6.950776,0.994060,0.409077
aaaaajci_s001_t000,bandwidth,20.0,canonicalized,0,5.922087,0.986663,0.521076
aaaaajck_s001_t000,bandwidth,20.0,canonicalized,0,6.798098,0.993300,0.573749
aaaaajct_s001_t000,bandwidth,20.0,canonicalized,0,9.723928,0.999339,6.872807
aaaaajcu_s001_t000,bandwidth,20.0,canonicalized,0,10.154265,0.999530,4.489003
aaaaajda_s001_t000,bandwidth,20.0,canonicalized,0,7.846383,0.997073,1.612822
aaaaajdb_s001_t000,bandwidth,20.0,canonicalized,0,9.069529,0.998889,2.766013
aaaaajdv_s001_t000,bandwidth,20.0,canonicalized,0,10.133183,0.999522,3.606357
aaaaajdy_s001_t000,bandwidth,20.0,canonicalized,0,7.510652,0.996183,1.261481
aaaaajdz_s001_t000,bandwidth,20.0,canonicalized,0,8.051086,0.997511,0.869483
aaaaajea_s001_t000,bandwidth,20.0,canonicalized,0,12.090857,0.999899,6.139798
aaaaajen_s001_t000,bandwidth,20.0,canonicalized,0,7.396628,0.995823,1.088346
aaaaajey_s001_t000,bandwidth,20.0,canonicalized,0,6.997788,0.994277,0.428393
aaaaajfb_s001_t000,bandwidth,20.0,canonicalized,0,6.413642,0.990932,2.422878
aaaaajfe_s001_t000,bandwidth,20.0,canonicalized,0,9.104450,0.998919,0.551460
aaaaajff_s001_t000,bandwidth,20.0,canonicalized,0,7.527163,0.996232,0.209280
aaaaajfi_s001_t001,bandwidth,20.0,canonicalized,0,9.746499,0.999351,3.715576
aaaaajfn_s001_t001,bandwidth,20.0,canonicalized,0,7.112720,0.994773,2.416501
aaaaajfy_s001_t000,bandwidth,20.0,canonicalized,0,8.019804,0.997448,0.970254
aaaaajga_s001_t001,bandwidth,20.0,canonicalized,0,13.914378,0.999976,5.642625
aaaaajhy_s001_t000,bandwidth,20.0,canonicalized,0,7.016276,0.994359,2.667173
aaaaajit_s001_t001,bandwidth,20.0,canonicalized,0,7.252110,0.995318,2.469176
aaaaajiu_s001_t000,bandwidth,20.0,canonicalized,0,12.297226,0.999914,5.581966
aaaaajiy_s001_t001,bandwidth,20.0,canonicalized,0,8.655710,0.998458,1.075569
aaaaajiz_s001_t000,bandwidth,20.0,canonicalized,0,7.967112,0.997340,0.901441
aaaaajjb_s001_t001,bandwidth,20.0,canonicalized,0,10.205948,0.999549,1.651997
aaaaajje_s001_t000,bandwidth,20.0,canonicalized,0,10.261437,0.999568,3.267264
aaaaajjk_s001_t000,bandwidth,20.0,canonicalized,0,11.473954,0.999835,1.685238
aaaaajna_s001_t000,bandwidth,20.0,canonicalized,0,7.237836,0.995265,0.926398
aaaaajnu_s001_t000,bandwidth,20.0,canonicalized,0,9.794075,0.999375,8.297104
aaaaajon_s001_t000,bandwidth,20.0,canonicalized,0,9.557873,0.999246,6.450404
aaaaajoo_s002_t001,bandwidth,20.0,canonicalized,1,9.653107,0.999301,1.791414
aaaaajpg_s001_t001,bandwidth,20.0,canonicalized,0,10.303203,0.999582,0.639784
aaaaajqh_s004_t000,bandwidth,20.0,canonicalized,1,16.709099,0.999997,2.838199
aaaaajqk_s003_t001,bandwidth,20.0,canonicalized,1,12.115660,0.999901,0.894220
aaaaajrf_s001_t000,bandwidth,20.0,canonicalized,1,19.772003,1.000000,6.124049
aaaaajrf_s002_t000,bandwidth,20.0,canonicalized,1,22.732347,1.000000,5.150762
aaaaajrf_s003_t002,bandwidth,20.0,canonicalized,1,20.857643,1.000000,5.311616
aaaaajrf_s004_t000,bandwidth,20.0,canonicalized,1,14.143114,0.999980,3.779650
aaaaajso_s001_t000,bandwidth,20.0,canonicalized,1,18.783669,1.000000,9.988653
aaaaajtg_s001_t000,bandwidth,20.0,canonicalized,0,10.084276,0.999503,3.389583
aaaaajtu_s001_t000,bandwidth,20.0,canonicalized,0,12.031404,0.999894,5.467246
aaaaajuh_s001_t000,bandwidth,20.0,canonicalized,1,14.634621,0.999987,6.766797
aaaaajun_s001_t000,bandwidth,20.0,canonicalized,0,8.797783,0.998622,1.398820
aaaaajvh_s001_t001,bandwidth,20.0,canonicalized,0,7.492742,0.996128,2.957559
aaaaajxp_s001_t000,bandwidth,20.0,canonicalized,0,6.101823,0.988415,0.191634
aaaaakck_s001_t001,bandwidth,20.0,canonicalized,1,9.922813,0.999435,1.016265
aaaaakcx_s001_t001,bandwidth,20.0,canonicalized,1,22.002937,1.000000,0.959121
aaaaakcy_s005_t001,bandwidth,20.0,canonicalized,1,19.209044,1.000000,1.228850
aaaaakdj_s001_t000,bandwidth,20.0,canonicalized,1,9.657013,0.999303,0.290729
aaaaakdo_s001_t000,bandwidth,20.0,canonicalized,1,8.080740,0.997569,2.281033
aaaaakeq_s001_t000,bandwidth,20.0,canonicalized,1,11.896914,0.999882,5.256403
aaaaakeq_s002_t000,bandwidth,20.0,canonicalized,1,10.998396,0.999759,4.031626
aaaaakeq_s003_t000,bandwidth,20.0,canonicalized,1,12.378082,0.999919,2.145233
aaaaakev_s001_t001,bandwidth,20.0,canonicalized,1,21.848732,1.000000,6.055812
aaaaakev_s002_t000,bandwidth,20.0,canonicalized,1,20.942432,1.000000,4.069699
aaaaakft_s001_t000,bandwidth,20.0,canonicalized,0,10.129605,0.999521,3.507833
aaaaakgp_s001_t001,bandwidth,20.0,canonicalized,0,10.639776,0.999680,1.523490
aaaaakgu_s001_t000,bandwidth,20.0,canonicalized,1,6.880967,0.993724,0.130752
aaaaakjk_s002_t002,bandwidth,20.0,canonicalized,1,13.559547,0.999968,2.712709
aaaaakjk_s003_t000,bandwidth,20.0,canonicalized,1,11.065754,0.999772,1.260976
aaaaakka_s001_t001,bandwidth,20.0,canonicalized,0,10.319326,0.999588,0.756940
aaaaakmg_s003_t001,bandwidth,20.0,canonicalized,1,17.501923,0.999999,2.526181
aaaaakmh_s001_t000,bandwidth,20.0,canonicalized,1,11.569567,0.999847,8.118288
aaaaaknt_s001_t000,bandwidth,20.0,canonicalized,1,11.479712,0.999836,1.018576
aaaaakoo_s001_t001,bandwidth,20.0,canonicalized,1,21.320938,1.000000,5.486541
aaaaakqg_s001_t001,bandwidth,20.0,canonicalized,0,9.236151,0.999027,2.935445
aaaaakqr_s001_t000,bandwidth,20.0,canonicalized,0,5.519943,0.981741,1.931194
aaaaakrt_s001_t001,bandwidth,20.0,canonicalized,1,12.504400,0.999927,0.289012
aaaaakrt_s002_t001,bandwidth,20.0,canonicalized,1,15.592441,0.999994,0.565629
aaaaaksb_s001_t000,bandwidth,20.0,canonicalized,0,6.694203,0.992729,5.104162
aaaaaksu_s001_t001,bandwidth,20.0,canonicalized,0,11.112413,0.999780,0.806052
aaaaakxz_s001_t001,bandwidth,20.0,canonicalized,1,9.007471,0.998833,0.168587
aaaaakxz_s002_t001,bandwidth,20.0,canonicalized,1,14.034516,0.999978,1.462389
aaaaalaf_s001_t000,bandwidth,20.0,canonicalized,0,7.688441,0.996684,0.649453
aaaaalau_s001_t000,bandwidth,20.0,canonicalized,1,19.967747,1.000000,2.946564
aaaaalbh_s001_t000,bandwidth,20.0,canonicalized,1,12.019873,0.999893,9.271120
aaaaalbt_s001_t001,bandwidth,20.0,canonicalized,0,8.200272,0.997788,0.985926
aaaaalbt_s002_t000,bandwidth,20.0,canonicalized,0,7.625115,0.996513,2.552248
aaaaalbz_s006_t000,bandwidth,20.0,canonicalized,1,17.991693,0.999999,9.053945
aaaaalid_s001_t001,bandwidth,20.0,canonicalized,0,13.768612,0.999973,6.248198
aaaaaljf_s001_t000,bandwidth,20.0,canonicalized,1,12.471760,0.999925,2.862145
aaaaaljj_s001_t000,bandwidth,20.0,canonicalized,0,5.644415,0.983430,0.254137
aaaaallc_s001_t001,bandwidth,20.0,canonicalized,0,8.491865,0.998244,2.360835
aaaaalle_s002_t000,bandwidth,20.0,canonicalized,1,9.320354,0.999089,0.847919
aaaaalox_s001_t001,bandwidth,20.0,canonicalized,0,15.990915,0.999995,5.405140
aaaaalpv_s001_t000,bandwidth,20.0,canonicalized,0,9.895053,0.999423,3.802432
aaaaalqa_s001_t000,bandwidth,20.0,canonicalized,0,7.779755,0.996915,2.551850
aaaaalqr_s001_t001,bandwidth,20.0,canonicalized,1,18.691530,0.999999,10.471876
aaaaalqs_s001_t001,bandwidth,20.0,canonicalized,0,5.570003,0.982439,0.548353
aaaaalqx_s001_t000,bandwidth,20.0,canonicalized,0,6.992525,0.994253,1.569375
aaaaalrc_s002_t000,bandwidth,20.0,canonicalized,1,26.963316,1.000000,1.113481
aaaaalsq_s001_t000,bandwidth,20.0,canonicalized,0,11.895264,0.999882,0.576068
aaaaalsx_s001_t000,bandwidth,20.0,canonicalized,1,11.567440,0.999847,0.812509
aaaaalsx_s004_t001,bandwidth,20.0,canonicalized,1,7.826807,0.997027,1.987553
aaaaaluz_s001_t001,bandwidth,20.0,canonicalized,0,6.225553,0.989487,0.473671
aaaaalvw_s001_t000,bandwidth,20.0,canonicalized,0,5.979549,0.987250,0.704592
aaaaalvz_s001_t000,bandwidth,20.0,canonicalized,1,20.207222,1.000000,0.441305
aaaaalxk_s001_t000,bandwidth,20.0,canonicalized,0,11.714300,0.999864,4.388550
aaaaalyr_s001_t000,bandwidth,20.0,canonicalized,1,14.233627,0.999982,4.071218
aaaaalzk_s002_t001,bandwidth,20.0,canonicalized,1,20.346077,1.000000,1.508446
aaaaamcb_s001_t001,bandwidth,20.0,canonicalized,1,15.688789,0.999994,0.782918
aaaaamfe_s001_t001,bandwidth,20.0,canonicalized,0,10.666473,0.999687,0.817774
aaaaamft_s001_t001,bandwidth,20.0,canonicalized,1,14.218676,0.999981,5.884670
aaaaamfu_s001_t000,bandwidth,20.0,canonicalized,0,12.766929,0.999941,1.354571
aaaaamhi_s001_t000,bandwidth,20.0,canonicalized,1,17.344162,0.999998,6.508774
aaaaamhk_s001_t000,bandwidth,20.0,canonicalized,1,11.672583,0.999859,1.009536
aaaaamjc_s001_t001,bandwidth,20.0,canonicalized,1,19.448586,1.000000,1.070979
aaaaammh_s001_t001,bandwidth,20.0,canonicalized,1,11.213638,0.999797,0.798484
aaaaamnq_s001_t000,bandwidth,20.0,canonicalized,1,14.967616,0.999990,11.892321
aaaaamnq_s002_t000,bandwidth,20.0,canonicalized,1,12.741186,0.999940,3.257588
aaaaamon_s001_t000,bandwidth,20.0,canonicalized,0,11.269770,0.999806,5.792529
aaaaampz_s001_t000,bandwidth,20.0,canonicalized,1,15.163878,0.999991,11.088093
aaaaamrj_s001_t000,bandwidth,20.0,canonicalized,0,9.523834,0.999225,1.910183
aaaaamsc_s001_t000,bandwidth,20.0,canonicalized,1,11.011698,0.999762,0.303999
aaaaamtb_s001_t000,bandwidth,20.0,canonicalized,0,16.036301,0.999996,0.685056
aaaaamuc_s001_t000,bandwidth,20.0,canonicalized,0,9.260998,0.999046,0.224317
aaaaamxn_s001_t000,bandwidth,20.0,canonicalized,1,8.651871,0.998453,1.566271
aaaaamyb_s001_t001,bandwidth,20.0,canonicalized,0,10.126209,0.999519,5.221389
aaaaamye_s001_t000,bandwidth,20.0,canonicalized,1,19.595322,1.000000,0.869501
aaaaamzi_s001_t001,bandwidth,20.0,canonicalized,1,19.031765,1.000000,1.681383
aaaaamzl_s001_t000,bandwidth,20.0,canonicalized,0,5.357885,0.979287,1.134167
aaaaamzx_s001_t000,bandwidth,20.0,canonicalized,0,6.244849,0.989645,5.154887
aaaaanbq_s001_t000,bandwidth,20.0,canonicalized,0,7.471204,0.996062,1.317916
aaaaanek_s001_t000,bandwidth,20.0,canonicalized,0,6.188979,0.989181,0.794797
aaaaangp_s001_t000,bandwidth,20.0,canonicalized,0,8.627958,0.998424,0.246758
aaaaanhb_s001_t003,bandwidth,20.0,canonicalized,1,13.918546,0.999976,6.439441
aaaaanhb_s003_t001,bandwidth,20.0,canonicalized,1,15.449636,0.999993,0.533796
aaaaanhb_s005_t000,bandwidth,20.0,canonicalized,1,19.503721,1.000000,2.502011
aaaaankf_s001_t000,bandwidth,20.0,canonicalized,1,16.213640,0.999996,2.062329
aaaaanlp_s001_t000,bandwidth,20.0,canonicalized,0,6.982860,0.994209,2.150802
aaaaanmc_s001_t000,bandwidth,20.0,canonicalized,1,14.665850,0.999987,3.425120
aaaaanop_s001_t000,bandwidth,20.0,canonicalized,0,11.273469,0.999807,4.770007
aaaaanoz_s001_t000,bandwidth,20.0,canonicalized,1,12.168222,0.999905,0.875587
aaaaanpr_s001_t002,bandwidth,20.0,canonicalized,1,12.806408,0.999943,2.460278
aaaaanqe_s001_t000,bandwidth,20.0,canonicalized,0,7.495823,0.996138,0.655908
aaaaanro_s001_t000,bandwidth,20.0,canonicalized,1,12.403446,0.999921,4.906614
aaaaansj_s001_t000,bandwidth,20.0,canonicalized,1,15.025526,0.999990,7.338799
aaaaanta_s001_t000,bandwidth,20.0,canonicalized,1,13.661201,0.999971,8.661892
aaaaanum_s001_t000,bandwidth,20.0,canonicalized,0,8.429790,0.998156,1.200453
aaaaanvb_s002_t000,bandwidth,20.0,canonicalized,0,5.533391,0.981931,0.271471
aaaaanvg_s001_t002,bandwidth,20.0,canonicalized,0,10.927774,0.999746,0.599602
aaaaanvw_s001_t000,bandwidth,20.0,canonicalized,0,6.501141,0.991535,2.359888
aaaaanwc_s001_t001,bandwidth,20.0,canonicalized,1,12.565668,0.999931,9.286983
aaaaanxl_s001_t000,bandwidth,20.0,canonicalized,1,15.154858,0.999991,11.978456
aaaaanyb_s001_t001,bandwidth,20.0,canonicalized,0,8.415844,0.998135,2.273984
aaaaanyt_s002_t000,bandwidth,20.0,canonicalized,1,16.410393,0.999997,25.185932
aaaaanyw_s001_t000,bandwidth,20.0,canonicalized,1,10.808823,0.999720,0.659226
aaaaanyw_s002_t000,bandwidth,20.0,canonicalized,1,14.830889,0.999989,3.567423
aaaaanzh_s001_t000,bandwidth,20.0,canonicalized,1,7.876169,0.997141,1.804440
aaaaanzu_s001_t003,bandwidth,20.0,canonicalized,1,11.670698,0.999859,0.906872
aaaaaoav_s001_t000,bandwidth,20.0,canonicalized,0,4.321808,0.954079,0.316256
aaaaaoav_s002_t000,bandwidth,20.0,canonicalized,0,4.287465,0.952870,1.815794
aaaaaobi_s001_t000,bandwidth,20.0,canonicalized,1,10.622252,0.999676,3.297918
aaaaaobl_s001_t000,bandwidth,20.0,canonicalized,0,10.085720,0.999504,3.115095
aaaaaoby_s001_t000,bandwidth,20.0,canonicalized,0,10.100951,0.999510,5.787017
aaaaaoda_s001_t000,bandwidth,20.0,canonicalized,1,16.826187,0.999998,6.074051
aaaaaoeg_s001_t000,bandwidth,20.0,canonicalized,0,8.685142,0.998494,0.056121
aaaaaofj_s001_t000,bandwidth,20.0,canonicalized,0,8.776968,0.998599,6.598574
aaaaaofr_s001_t000,bandwidth,20.0,canonicalized,0,11.617399,0.999853,0.456057
aaaaaofz_s001_t000,bandwidth,20.0,canonicalized,0,7.788328,0.996935,0.921337
aaaaaohb_s001_t000,bandwidth,20.0,canonicalized,1,13.989483,0.999978,0.492708
aaaaaohr_s002_t001,bandwidth,20.0,canonicalized,1,12.937264,0.999948,1.186962
aaaaaoiq_s001_t000,bandwidth,20.0,canonicalized,1,9.333366,0.999099,0.304529
aaaaaoiv_s001_t000,bandwidth,20.0,canonicalized,1,10.583793,0.999666,0.394509
aaaaaoiv_s002_t001,bandwidth,20.0,canonicalized,1,17.862717,0.999999,1.198310
aaaaaoiv_s003_t003,bandwidth,20.0,canonicalized,1,16.469482,0.999997,0.519470
aaaaaojd_s001_t002,bandwidth,20.0,canonicalized,0,13.065830,0.999953,3.052618
aaaaaokg_s001_t000,bandwidth,20.0,canonicalized,0,16.259729,0.999996,10.394453
aaaaaoly_s001_t000,bandwidth,20.0,canonicalized,0,10.002195,0.999470,10.226820
aaaaaome_s001_t000,bandwidth,20.0,canonicalized,0,7.150869,0.994928,1.201093
aaaaaomx_s001_t000,bandwidth,20.0,canonicalized,0,11.699400,0.999862,0.897321
aaaaaomy_s001_t000,bandwidth,20.0,canonicalized,1,15.583585,0.999994,7.493697
aaaaaonb_s001_t000,bandwidth,20.0,canonicalized,0,11.972117,0.999889,4.515991
aaaaaons_s002_t002,bandwidth,20.0,canonicalized,1,15.254263,0.999992,1.260802
aaaaaopd_s001_t000,bandwidth,20.0,canonicalized,0,9.830409,0.999392,11.825106
aaaaaopo_s001_t000,bandwidth,20.0,canonicalized,0,6.550097,0.991855,0.218254
aaaaaora_s002_t000,bandwidth,20.0,canonicalized,1,9.317757,0.999088,0.507440
aaaaaord_s001_t000,bandwidth,20.0,canonicalized,1,8.663042,0.998467,4.301412
aaaaaosh_s001_t000,bandwidth,20.0,canonicalized,1,9.977074,0.999459,0.245066
aaaaaosw_s001_t000,bandwidth,20.0,canonicalized,0,12.428195,0.999923,4.490122
aaaaaote_s001_t000,bandwidth,20.0,canonicalized,0,9.085267,0.998903,0.798972
aaaaaout_s001_t000,bandwidth,20.0,canonicalized,1,12.676613,0.999936,0.658795
aaaaaovl_s001_t000,bandwidth,20.0,canonicalized,1,16.450512,0.999997,0.233885
aaaaaovo_s001_t000,bandwidth,20.0,canonicalized,1,17.892843,0.999999,1.078193
aaaaaowb_s001_t000,bandwidth,20.0,canonicalized,0,6.398413,0.990823,2.119263
aaaaaoxf_s001_t000,bandwidth,20.0,canonicalized,0,6.915714,0.993894,0.733436
aaaaaozf_s001_t001,bandwidth,20.0,canonicalized,0,11.695608,0.999862,5.762207
aaaaapag_s001_t000,bandwidth,20.0,canonicalized,0,6.936722,0.993994,1.122376
aaaaapar_s001_t000,bandwidth,20.0,canonicalized,1,23.449194,1.000000,0.384981
aaaaapcb_s001_t000,bandwidth,20.0,canonicalized,0,8.750177,0.998569,0.101945
aaaaapcy_s001_t002,bandwidth,20.0,canonicalized,0,7.005987,0.994313,0.599977
aaaaapdg_s001_t000,bandwidth,20.0,canonicalized,0,6.083171,0.988245,0.789178
aaaaaphs_s001_t000,bandwidth,20.0,canonicalized,1,16.680225,0.999997,7.459022
aaaaaphw_s001_t000,bandwidth,20.0,canonicalized,0,12.911373,0.999947,1.341903
aaaaapij_s001_t000,bandwidth,20.0,canonicalized,0,9.061291,0.998882,1.229570
aaaaapjc_s001_t001,bandwidth,20.0,canonicalized,0,7.272906,0.995394,0.747523
aaaaapka_s001_t000,bandwidth,20.0,canonicalized,0,8.381700,0.998084,0.564599
aaaaapkx_s001_t001,bandwidth,20.0,canonicalized,1,9.662381,0.999306,8.679222
aaaaaply_s001_t001,bandwidth,20.0,canonicalized,1,14.516624,0.999985,1.648646
aaaaapmb_s002_t001,bandwidth,20.0,canonicalized,1,8.863979,0.998693,2.213277
aaaaapmp_s001_t000,bandwidth,20.0,canonicalized,1,8.502633,0.998259,1.462769
aaaaapnr_s001_t000,bandwidth,20.0,canonicalized,1,9.636880,0.999292,4.692064
aaaaapoc_s001_t000,bandwidth,20.0,canonicalized,1,13.912603,0.999976,5.288715
aaaaapof_s001_t000,bandwidth,20.0,canonicalized,0,5.192418,0.976448,0.709334
aaaaapoo_s001_t000,bandwidth,20.0,canonicalized,0,7.812284,0.996993,1.811178
aaaaapoq_s001_t000,bandwidth,20.0,canonicalized,0,10.512959,0.999646,3.776818
aaaaappb_s001_t000,bandwidth,20.0,canonicalized,0,9.167553,0.998972,4.086647
aaaaapqd_s001_t000,bandwidth,20.0,canonicalized,1,8.358969,0.998049,2.771523
aaaaapqv_s001_t000,bandwidth,20.0,canonicalized,0,7.497834,0.996144,7.410847
aaaaapta_s001_t000,bandwidth,20.0,canonicalized,1,15.036709,0.999990,2.835733
aaaaapth_s001_t000,bandwidth,20.0,canonicalized,1,15.893509,0.999995,2.368221
aaaaapua_s001_t001,bandwidth,20.0,canonicalized,0,6.211004,0.989367,0.371169
aaaaapuu_s001_t000,bandwidth,20.0,canonicalized,0,9.226053,0.999019,2.040274
aaaaapvw_s001_t001,bandwidth,20.0,canonicalized,1,13.904055,0.999976,2.162227
aaaaapvy_s001_t000,bandwidth,20.0,canonicalized,1,13.308355,0.999962,5.722965
aaaaapwn_s001_t001,bandwidth,20.0,canonicalized,0,8.742047,0.998560,4.440865
aaaaapwo_s001_t001,bandwidth,20.0,canonicalized,1,17.452625,0.999999,0.180177
aaaaapxm_s001_t001,bandwidth,20.0,canonicalized,0,6.341581,0.990403,0.197995
aaaaapys_s001_t001,bandwidth,20.0,canonicalized,1,21.276445,1.000000,1.201099
aaaaapys_s002_t001,bandwidth,20.0,canonicalized,1,18.858343,1.000000,2.424314
aaaaaayx_s002_t000,bandwidth,20.0,naive,0,9.815948,0.999385,1.179414
aaaaabdo_s003_t000,bandwidth,20.0,naive,1,17.121090,0.999998,1.711200
aaaaabsk_s007_t000,bandwidth,20.0,naive,1,9.547773,0.999240,1.424791
aaaaabuv_s002_t000,bandwidth,20.0,naive,1,9.921101,0.999435,0.054516
aaaaacad_s003_t000,bandwidth,20.0,naive,0,8.929585,0.998759,1.125299
aaaaacby_s004_t000,bandwidth,20.0,naive,0,9.298198,0.999073,0.259840
aaaaaddm_s006_t000,bandwidth,20.0,naive,1,13.077469,0.999954,4.718531
aaaaadeu_s002_t000,bandwidth,20.0,naive,1,10.767859,0.999711,2.320469
aaaaadjk_s002_t000,bandwidth,20.0,naive,0,4.383939,0.956192,0.051991
aaaaadkb_s002_t000,bandwidth,20.0,naive,1,14.538946,0.999986,7.808637
aaaaadsm_s002_t001,bandwidth,20.0,naive,0,6.624635,0.992319,0.494202
aaaaaeab_s003_t000,bandwidth,20.0,naive,0,6.775188,0.993178,1.403008
aaaaaejc_s003_t001,bandwidth,20.0,naive,0,10.215706,0.999552,0.300106
aaaaaezn_s003_t001,bandwidth,20.0,naive,1,11.522512,0.999841,3.661666
aaaaafhl_s003_t000,bandwidth,20.0,naive,1,12.447289,0.999924,1.539728
aaaaagfk_s003_t000,bandwidth,20.0,naive,0,6.252183,0.989705,1.789496
aaaaagsc_s003_t001,bandwidth,20.0,naive,1,15.043917,0.999990,12.900961
aaaaagsc_s006_t001,bandwidth,20.0,naive,1,8.831636,0.998659,1.054985
aaaaaguk_s002_t001,bandwidth,20.0,naive,0,6.345717,0.990434,1.315488
aaaaagvx_s002_t000,bandwidth,20.0,naive,1,7.155034,0.994945,1.722909
aaaaagvx_s003_t001,bandwidth,20.0,naive,1,9.312703,0.999084,6.671041
aaaaagyr_s002_t000,bandwidth,20.0,naive,1,8.150320,0.997699,2.817838
aaaaahie_s005_t001,bandwidth,20.0,naive,1,17.313286,0.999998,0.586153
aaaaahsv_s002_t000,bandwidth,20.0,naive,0,9.025690,0.998850,0.587350
aaaaahte_s002_t000,bandwidth,20.0,naive,1,19.644995,1.000000,2.501968
aaaaahte_s003_t000,bandwidth,20.0,naive,1,17.309280,0.999998,0.536475
aaaaahuy_s002_t000,bandwidth,20.0,naive,1,5.239736,0.977297,0.324893
aaaaahzi_s001_t000,bandwidth,20.0,naive,0,10.010111,0.999473,1.258706
aaaaahzm_s001_t001,bandwidth,20.0,naive,0,8.983097,0.998810,0.583734
aaaaahzq_s001_t000,bandwidth,20.0,naive,0,6.406966,0.990884,0.956823
aaaaahzs_s001_t001,bandwidth,20.0,naive,0,11.541313,0.999844,0.624887
aaaaaiae_s001_t000,bandwidth,20.0,naive,0,9.100352,0.998916,1.856294
aaaaaibx_s001_t000,bandwidth,20.0,naive,0,9.768176,0.999362,2.282068
aaaaaiby_s001_t000,bandwidth,20.0,naive,0,10.883522,0.999736,2.786652
aaaaaici_s001_t000,bandwidth,20.0,naive,0,8.075638,0.997559,7.168638
aaaaaicn_s001_t000,bandwidth,20.0,naive,0,9.674297,0.999312,1.225315
aaaaaijh_s002_t000,bandwidth,20.0,naive,1,5.222097,0.976984,0.499253
aaaaaijn_s001_t001,bandwidth,20.0,naive,0,8.602045,0.998391,0.462357
aaaaairb_s001_t001,bandwidth,20.0,naive,0,10.870686,0.999734,6.550827
aaaaairo_s001_t000,bandwidth,20.0,naive,0,9.158030,0.998964,2.360703
aaaaaitt_s001_t000,bandwidth,20.0,naive,0,7.890188,0.997173,7.525051
aaaaaiue_s004_t000,bandwidth,20.0,naive,1,10.636161,0.999679,1.457224
aaaaaiuo_s002_t000,bandwidth,20.0,naive,0,8.792898,0.998617,1.663755
aaaaaiwz_s001_t001,bandwidth,20.0,naive,0,7.801642,0.996968,0.437410
aaaaaiyy_s001_t001,bandwidth,20.0,naive,0,7.846160,0.997073,0.764582
aaaaaizd_s001_t001,bandwidth,20.0,naive,0,8.737224,0.998554,5.402581
aaaaaizs_s001_t000,bandwidth,20.0,naive,0,8.076865,0.997561,0.453273
aaaaajae_s001_t001,bandwidth,20.0,naive,0,13.796244,0.999974,3.433615
aaaaajah_s002_t001,bandwidth,20.0,naive,1,9.427968,0.999164,1.419044
aaaaajah_s004_t000,bandwidth,20.0,naive,1,8.498343,0.998253,3.812675
aaaaajal_s001_t001,bandwidth,20.0,naive,0,7.703706,0.996723,0.740656
aaaaajam_s001_t000,bandwidth,20.0,naive,1,7.248171,0.995303,0.228027
aaaaajar_s001_t001,bandwidth,20.0,naive,0,9.074049,0.998893,0.693129
aaaaajbb_s001_t000,bandwidth,20.0,naive,0,10.822138,0.999723,0.241724
aaaaajbh_s002_t000,bandwidth,20.0,naive,0,5.089692,0.974499,0.200582
aaaaajce_s001_t000,bandwidth,20.0,naive,0,6.950776,0.994060,0.409077
aaaaajci_s001_t000,bandwidth,20.0,naive,0,5.922087,0.986663,0.521076
aaaaajck_s001_t000,bandwidth,20.0,naive,0,6.798098,0.993300,0.573749
aaaaajct_s001_t000,bandwidth,20.0,naive,0,9.723928,0.999339,6.872807
aaaaajcu_s001_t000,bandwidth,20.0,naive,0,10.154265,0.999530,4.489003
aaaaajda_s001_t000,bandwidth,20.0,naive,0,7.846383,0.997073,1.612822
aaaaajdb_s001_t000,bandwidth,20.0,naive,0,9.069529,0.998889,2.766013
aaaaajdv_s001_t000,bandwidth,20.0,naive,0,10.133183,0.999522,3.606357
aaaaajdy_s001_t000,bandwidth,20.0,naive,0,7.510652,0.996183,1.261481
aaaaajdz_s001_t000,bandwidth,20.0,naive,0,8.051086,0.997511,0.869483
aaaaajea_s001_t000,bandwidth,20.0,naive,0,12.090857,0.999899,6.139798
aaaaajen_s001_t000,bandwidth,20.0,naive,0,7.396628,0.995823,1.088346
aaaaajey_s001_t000,bandwidth,20.0,naive,0,6.997788,0.994277,0.428393
aaaaajfb_s001_t000,bandwidth,20.0,naive,0,6.413642,0.990932,2.422878
aaaaajfe_s001_t000,bandwidth,20.0,naive,0,9.104450,0.998919,0.551460
aaaaajff_s001_t000,bandwidth,20.0,naive,0,7.527163,0.996232,0.209280
aaaaajfi_s001_t001,bandwidth,20.0,naive,0,9.746499,0.999351,3.715576
aaaaajfn_s001_t001,bandwidth,20.0,naive,0,7.112720,0.994773,2.416501
aaaaajfy_s001_t000,bandwidth,20.0,naive,0,8.019804,0.997448,0.970254
aaaaajga_s001_t001,bandwidth,20.0,naive,0,13.914378,0.999976,5.642625
aaaaajhy_s001_t000,bandwidth,20.0,naive,0,7.016276,0.994359,2.667173
aaaaajit_s001_t001,bandwidth,20.0,naive,0,7.252110,0.995318,2.469176
aaaaajiu_s001_t000,bandwidth,20.0,naive,0,12.297226,0.999914,5.581966
aaaaajiy_s001_t001,bandwidth,20.0,naive,0,8.655710,0.998458,1.075569
aaaaajiz_s001_t000,bandwidth,20.0,naive,0,7.967112,0.997340,0.901441
aaaaajjb_s001_t001,bandwidth,20.0,naive,0,10.205948,0.999549,1.651997
aaaaajje_s001_t000,bandwidth,20.0,naive,0,10.261437,0.999568,3.267264
aaaaajjk_s001_t000,bandwidth,20.0,naive,0,11.473954,0.999835,1.685238
aaaaajna_s001_t000,bandwidth,20.0,naive,0,7.237836,0.995265,0.926398
aaaaajnu_s001_t000,bandwidth,20.0,naive,0,9.794075,0.999375,8.297104
aaaaajon_s001_t000,bandwidth,20.0,naive,0,9.557873,0.999246,6.450404
aaaaajoo_s002_t001,bandwidth,20.0,naive,1,9.653107,0.999301,1.791414
aaaaajpg_s001_t001,bandwidth,20.0,naive,0,10.303203,0.999582,0.639784
aaaaajqh_s004_t000,bandwidth,20.0,naive,1,16.709099,0.999997,2.838199
aaaaajqk_s003_t001,bandwidth,20.0,naive,1,12.115660,0.999901,0.894220
aaaaajrf_s001_t000,bandwidth,20.0,naive,1,19.772003,1.000000,6.124049
aaaaajrf_s002_t000,bandwidth,20.0,naive,1,22.732347,1.000000,5.150762
aaaaajrf_s003_t002,bandwidth,20.0,naive,1,20.857643,1.000000,5.311616
aaaaajrf_s004_t000,bandwidth,20.0,naive,1,14.143114,0.999980,3.779650
aaaaajso_s001_t000,bandwidth,20.0,naive,1,18.783669,1.000000,9.988653
aaaaajtg_s001_t000,bandwidth,20.0,naive,0,10.084276,0.999503,3.389583
aaaaajtu_s001_t000,bandwidth,20.0,naive,0,12.031404,0.999894,5.467246
aaaaajuh_s001_t000,bandwidth,20.0,naive,1,14.634621,0.999987,6.766797
aaaaajun_s001_t000,bandwidth,20.0,naive,0,8.797783,0.998622,1.398820
aaaaajvh_s001_t001,bandwidth,20.0,naive,0,7.492742,0.996128,2.957559
aaaaajxp_s001_t000,bandwidth,20.0,naive,0,6.101823,0.988415,0.191634
aaaaakck_s001_t001,bandwidth,20.0,naive,1,9.922813,0.999435,1.016265
aaaaakcx_s001_t001,bandwidth,20.0,naive,1,22.002937,1.000000,0.959121
aaaaakcy_s005_t001,bandwidth,20.0,naive,1,19.209044,1.000000,1.228850
aaaaakdj_s001_t000,bandwidth,20.0,naive,1,9.657013,0.999303,0.290729
aaaaakdo_s001_t000,bandwidth,20.0,naive,1,8.080740,0.997569,2.281033
aaaaakeq_s001_t000,bandwidth,20.0,naive,1,11.896914,0.999882,5.256403
aaaaakeq_s002_t000,bandwidth,20.0,naive,1,10.998396,0.999759,4.031626
aaaaakeq_s003_t000,bandwidth,20.0,naive,1,12.378082,0.999919,2.145233
aaaaakev_s001_t001,bandwidth,20.0,naive,1,21.848732,1.000000,6.055812
aaaaakev_s002_t000,bandwidth,20.0,naive,1,20.942432,1.000000,4.069699
aaaaakft_s001_t000,bandwidth,20.0,naive,0,10.129605,0.999521,3.507833
aaaaakgp_s001_t001,bandwidth,20.0,naive,0,10.639776,0.999680,1.523490
aaaaakgu_s001_t000,bandwidth,20.0,naive,1,6.880967,0.993724,0.130752
aaaaakjk_s002_t002,bandwidth,20.0,naive,1,13.559547,0.999968,2.712709
aaaaakjk_s003_t000,bandwidth,20.0,naive,1,11.065754,0.999772,1.260976
aaaaakka_s001_t001,bandwidth,20.0,naive,0,10.319326,0.999588,0.756940
aaaaakmg_s003_t001,bandwidth,20.0,naive,1,17.501923,0.999999,2.526181
aaaaakmh_s001_t000,bandwidth,20.0,naive,1,11.569567,0.999847,8.118288
aaaaaknt_s001_t000,bandwidth,20.0,naive,1,11.479712,0.999836,1.018576
aaaaakoo_s001_t001,bandwidth,20.0,naive,1,21.320938,1.000000,5.486541
aaaaakqg_s001_t001,bandwidth,20.0,naive,0,9.236151,0.999027,2.935445
aaaaakqr_s001_t000,bandwidth,20.0,naive,0,5.519943,0.981741,1.931194
aaaaakrt_s001_t001,bandwidth,20.0,naive,1,12.504400,0.999927,0.289012
aaaaakrt_s002_t001,bandwidth,20.0,naive,1,15.592441,0.999994,0.565629
aaaaaksb_s001_t000,bandwidth,20.0,naive,0,6.694203,0.992729,5.104162
aaaaaksu_s001_t001,bandwidth,20.0,naive,0,11.112413,0.999780,0.806052
aaaaakxz_s001_t001,bandwidth,20.0,naive,1,9.007471,0.998833,0.168587
aaaaakxz_s002_t001,bandwidth,20.0,naive,1,14.034516,0.999978,1.462389
aaaaalaf_s001_t000,bandwidth,20.0,naive,0,7.688441,0.996684,0.649453
aaaaalau_s001_t000,bandwidth,20.0,naive,1,19.967747,1.000000,2.946564
aaaaalbh_s001_t000,bandwidth,20.0,naive,1,12.019873,0.999893,9.271120
aaaaalbt_s001_t001,bandwidth,20.0,naive,0,8.200272,0.997788,0.985926
aaaaalbt_s002_t000,bandwidth,20.0,naive,0,7.625115,0.996513,2.552248
aaaaalbz_s006_t000,bandwidth,20.0,naive,1,17.991693,0.999999,9.053945
aaaaalid_s001_t001,bandwidth,20.0,naive,0,13.768612,0.999973,6.248198
aaaaaljf_s001_t000,bandwidth,20.0,naive,1,12.471760,0.999925,2.862145
aaaaaljj_s001_t000,bandwidth,20.0,naive,0,5.644415,0.983430,0.254137
aaaaallc_s001_t001,bandwidth,20.0,naive,0,8.491865,0.998244,2.360835
aaaaalle_s002_t000,bandwidth,20.0,naive,1,9.320354,0.999089,0.847919
aaaaalox_s001_t001,bandwidth,20.0,naive,0,15.990915,0.999995,5.405140
aaaaalpv_s001_t000,bandwidth,20.0,naive,0,9.895053,0.999423,3.802432
aaaaalqa_s001_t000,bandwidth,20.0,naive,0,7.779755,0.996915,2.551850
aaaaalqr_s001_t001,bandwidth,20.0,naive,1,18.691530,0.999999,10.471876
aaaaalqs_s001_t001,bandwidth,20.0,naive,0,5.570003,0.982439,0.548353
aaaaalqx_s001_t000,bandwidth,20.0,naive,0,6.992525,0.994253,1.569375
aaaaalrc_s002_t000,bandwidth,20.0,naive,1,26.963316,1.000000,1.113481
aaaaalsq_s001_t000,bandwidth,20.0,naive,0,11.895264,0.999882,0.576068
aaaaalsx_s001_t000,bandwidth,20.0,naive,1,11.567440,0.999847,0.812509
aaaaalsx_s004_t001,bandwidth,20.0,naive,1,7.826807,0.997027,1.987553
aaaaaluz_s001_t001,bandwidth,20.0,naive,0,6.225553,0.989487,0.473671
aaaaalvw_s001_t000,bandwidth,20.0,naive,0,5.979549,0.987250,0.704592
aaaaalvz_s001_t000,bandwidth,20.0,naive,1,20.207222,1.000000,0.441305
aaaaalxk_s001_t000,bandwidth,20.0,naive,0,11.714300,0.999864,4.388550
aaaaalyr_s001_t000,bandwidth,20.0,naive,1,14.233627,0.999982,4.071218
aaaaalzk_s002_t001,bandwidth,20.0,naive,1,20.346077,1.000000,1.508446
aaaaamcb_s001_t001,bandwidth,20.0,naive,1,15.688789,0.999994,0.782918
aaaaamfe_s001_t001,bandwidth,20.0,naive,0,10.666473,0.999687,0.817774
aaaaamft_s001_t001,bandwidth,20.0,naive,1,14.218676,0.999981,5.884670
aaaaamfu_s001_t000,bandwidth,20.0,naive,0,12.766929,0.999941,1.354571
aaaaamhi_s001_t000,bandwidth,20.0,naive,1,17.344162,0.999998,6.508774
aaaaamhk_s001_t000,bandwidth,20.0,naive,1,11.672583,0.999859,1.009536
aaaaamjc_s001_t001,bandwidth,20.0,naive,1,19.448586,1.000000,1.070979
aaaaammh_s001_t001,bandwidth,20.0,naive,1,11.213638,0.999797,0.798484
aaaaamnq_s001_t000,bandwidth,20.0,naive,1,14.967616,0.999990,11.892321
aaaaamnq_s002_t000,bandwidth,20.0,naive,1,12.741186,0.999940,3.257588
aaaaamon_s001_t000,bandwidth,20.0,naive,0,11.269770,0.999806,5.792529
aaaaampz_s001_t000,bandwidth,20.0,naive,1,15.163878,0.999991,11.088093
aaaaamrj_s001_t000,bandwidth,20.0,naive,0,9.523834,0.999225,1.910183
aaaaamsc_s001_t000,bandwidth,20.0,naive,1,11.011698,0.999762,0.303999
aaaaamtb_s001_t000,bandwidth,20.0,naive,0,16.036301,0.999996,0.685056
aaaaamuc_s001_t000,bandwidth,20.0,naive,0,9.260998,0.999046,0.224317
aaaaamxn_s001_t000,bandwidth,20.0,naive,1,8.651871,0.998453,1.566271
aaaaamyb_s001_t001,bandwidth,20.0,naive,0,10.126209,0.999519,5.221389
aaaaamye_s001_t000,bandwidth,20.0,naive,1,19.595322,1.000000,0.869501
aaaaamzi_s001_t001,bandwidth,20.0,naive,1,19.031765,1.000000,1.681383
aaaaamzl_s001_t000,bandwidth,20.0,naive,0,5.357885,0.979287,1.134167
aaaaamzx_s001_t000,bandwidth,20.0,naive,0,6.244849,0.989645,5.154887
aaaaanbq_s001_t000,bandwidth,20.0,naive,0,7.471204,0.996062,1.317916
aaaaanek_s001_t000,bandwidth,20.0,naive,0,6.188979,0.989181,0.794797
aaaaangp_s001_t000,bandwidth,20.0,naive,0,8.627958,0.998424,0.246758
aaaaanhb_s001_t003,bandwidth,20.0,naive,1,13.918546,0.999976,6.439441
aaaaanhb_s003_t001,bandwidth,20.0,naive,1,15.449636,0.999993,0.533796
aaaaanhb_s005_t000,bandwidth,20.0,naive,1,19.503721,1.000000,2.502011
aaaaankf_s001_t000,bandwidth,20.0,naive,1,16.213640,0.999996,2.062329
aaaaanlp_s001_t000,bandwidth,20.0,naive,0,6.982860,0.994209,2.150802
aaaaanmc_s001_t000,bandwidth,20.0,naive,1,14.665850,0.999987,3.425120
aaaaanop_s001_t000,bandwidth,20.0,naive,0,11.273469,0.999807,4.770007
aaaaanoz_s001_t000,bandwidth,20.0,naive,1,12.168222,0.999905,0.875587
aaaaanpr_s001_t002,bandwidth,20.0,naive,1,12.806408,0.999943,2.460278
aaaaanqe_s001_t000,bandwidth,20.0,naive,0,7.495823,0.996138,0.655908
aaaaanro_s001_t000,bandwidth,20.0,naive,1,12.403446,0.999921,4.906614
aaaaansj_s001_t000,bandwidth,20.0,naive,1,15.025526,0.999990,7.338799
aaaaanta_s001_t000,bandwidth,20.0,naive,1,13.661201,0.999971,8.661892
aaaaanum_s001_t000,bandwidth,20.0,naive,0,8.429790,0.998156,1.200453
aaaaanvb_s002_t000,bandwidth,20.0,naive,0,5.533391,0.981931,0.271471
aaaaanvg_s001_t002,bandwidth,20.0,naive,0,10.927774,0.999746,0.599602
aaaaanvw_s001_t000,bandwidth,20.0,naive,0,6.501141,0.991535,2.359888
aaaaanwc_s001_t001,bandwidth,20.0,naive,1,12.565668,0.999931,9.286983
aaaaanxl_s001_t000,bandwidth,20.0,naive,1,15.154858,0.999991,11.978456
aaaaanyb_s001_t001,bandwidth,20.0,naive,0,8.415844,0.998135,2.273984
aaaaanyt_s002_t000,bandwidth,20.0,naive,1,16.410393,0.999997,25.185932
aaaaanyw_s001_t000,bandwidth,20.0,naive,1,10.808823,0.999720,0.659226
aaaaanyw_s002_t000,bandwidth,20.0,naive,1,14.830889,0.999989,3.567423
aaaaanzh_s001_t000,bandwidth,20.0,naive,1,7.876169,0.997141,1.804440
aaaaanzu_s001_t003,bandwidth,20.0,naive,1,11.670698,0.999859,0.906872
aaaaaoav_s001_t000,bandwidth,20.0,naive,0,4.321808,0.954079,0.316256
aaaaaoav_s002_t000,bandwidth,20.0,naive,0,4.287465,0.952870,1.815794
aaaaaobi_s001_t000,bandwidth,20.0,naive,1,10.622252,0.999676,3.297918
aaaaaobl_s001_t000,bandwidth,20.0,naive,0,10.085720,0.999504,3.115095
aaaaaoby_s001_t000,bandwidth,20.0,naive,0,10.100951,0.999510,5.787017
aaaaaoda_s001_t000,bandwidth,20.0,naive,1,16.826187,0.999998,6.074051
aaaaaoeg_s001_t000,bandwidth,20.0,naive,0,8.685142,0.998494,0.056121
aaaaaofj_s001_t000,bandwidth,20.0,naive,0,8.776968,0.998599,6.598574
aaaaaofr_s001_t000,bandwidth,20.0,naive,0,11.617399,0.999853,0.456057
aaaaaofz_s001_t000,bandwidth,20.0,naive,0,7.788328,0.996935,0.921337
aaaaaohb_s001_t000,bandwidth,20.0,naive,1,13.989483,0.999978,0.492708
aaaaaohr_s002_t001,bandwidth,20.0,naive,1,12.937264,0.999948,1.186962
aaaaaoiq_s001_t000,bandwidth,20.0,naive,1,9.333366,0.999099,0.304529
aaaaaoiv_s001_t000,bandwidth,20.0,naive,1,10.583793,0.999666,0.394509
aaaaaoiv_s002_t001,bandwidth,20.0,naive,1,17.862717,0.999999,1.198310
aaaaaoiv_s003_t003,bandwidth,20.0,naive,1,16.469482,0.999997,0.519470
aaaaaojd_s001_t002,bandwidth,20.0,naive,0,13.065830,0.999953,3.052618
aaaaaokg_s001_t000,bandwidth,20.0,naive,0,16.259729,0.999996,10.394453
aaaaaoly_s001_t000,bandwidth,20.0,naive,0,10.002195,0.999470,10.226820
aaaaaome_s001_t000,bandwidth,20.0,naive,0,7.150869,0.994928,1.201093
aaaaaomx_s001_t000,bandwidth,20.0,naive,0,11.699400,0.999862,0.897321
aaaaaomy_s001_t000,bandwidth,20.0,naive,1,15.583585,0.999994,7.493697
aaaaaonb_s001_t000,bandwidth,20.0,naive,0,11.972117,0.999889,4.515991
aaaaaons_s002_t002,bandwidth,20.0,naive,1,15.254263,0.999992,1.260802
aaaaaopd_s001_t000,bandwidth,20.0,naive,0,9.830409,0.999392,11.825106
aaaaaopo_s001_t000,bandwidth,20.0,naive,0,6.550097,0.991855,0.218254
aaaaaora_s002_t000,bandwidth,20.0,naive,1,9.317757,0.999088,0.507440
aaaaaord_s001_t000,bandwidth,20.0,naive,1,8.663042,0.998467,4.301412
aaaaaosh_s001_t000,bandwidth,20.0,naive,1,9.977074,0.999459,0.245066
aaaaaosw_s001_t000,bandwidth,20.0,naive,0,12.428195,0.999923,4.490122
aaaaaote_s001_t000,bandwidth,20.0,naive,0,9.085267,0.998903,0.798972
aaaaaout_s001_t000,bandwidth,20.0,naive,1,12.676613,0.999936,0.658795
aaaaaovl_s001_t000,bandwidth,20.0,naive,1,16.450512,0.999997,0.233885
aaaaaovo_s001_t000,bandwidth,20.0,naive,1,17.892843,0.999999,1.078193
aaaaaowb_s001_t000,bandwidth,20.0,naive,0,6.398413,0.990823,2.119263
aaaaaoxf_s001_t000,bandwidth,20.0,naive,0,6.915714,0.993894,0.733436
aaaaaozf_s001_t001,bandwidth,20.0,naive,0,11.695608,0.999862,5.762207
aaaaapag_s001_t000,bandwidth,20.0,naive,0,6.936722,0.993994,1.122376
aaaaapar_s001_t000,bandwidth,20.0,naive,1,23.449194,1.000000,0.384981
aaaaapcb_s001_t000,bandwidth,20.0,naive,0,8.750177,0.998569,0.101945
aaaaapcy_s001_t002,bandwidth,20.0,naive,0,7.005987,0.994313,0.599977
aaaaapdg_s001_t000,bandwidth,20.0,naive,0,6.083171,0.988245,0.789178
aaaaaphs_s001_t000,bandwidth,20.0,naive,1,16.680225,0.999997,7.459022
aaaaaphw_s001_t000,bandwidth,20.0,naive,0,12.911373,0.999947,1.341903
aaaaapij_s001_t000,bandwidth,20.0,naive,0,9.061291,0.998882,1.229570
aaaaapjc_s001_t001,bandwidth,20.0,naive,0,7.272906,0.995394,0.747523
aaaaapka_s001_t000,bandwidth,20.0,naive,0,8.381700,0.998084,0.564599
aaaaapkx_s001_t001,bandwidth,20.0,naive,1,9.662381,0.999306,8.679222
aaaaaply_s001_t001,bandwidth,20.0,naive,1,14.516624,0.999985,1.648646
aaaaapmb_s002_t001,bandwidth,20.0,naive,1,8.863979,0.998693,2.213277
aaaaapmp_s001_t000,bandwidth,20.0,naive,1,8.502633,0.998259,1.462769
aaaaapnr_s001_t000,bandwidth,20.0,naive,1,9.636880,0.999292,4.692064
aaaaapoc_s001_t000,bandwidth,20.0,naive,1,13.912603,0.999976,5.288715
aaaaapof_s001_t000,bandwidth,20.0,naive,0,5.192418,0.976448,0.709334
aaaaapoo_s001_t000,bandwidth,20.0,naive,0,7.812284,0.996993,1.811178
aaaaapoq_s001_t000,bandwidth,20.0,naive,0,10.512959,0.999646,3.776818
aaaaappb_s001_t000,bandwidth,20.0,naive,0,9.167553,0.998972,4.086647
aaaaapqd_s001_t000,bandwidth,20.0,naive,1,8.358969,0.998049,2.771523
aaaaapqv_s001_t000,bandwidth,20.0,naive,0,7.497834,0.996144,7.410847
aaaaapta_s001_t000,bandwidth,20.0,naive,1,15.036709,0.999990,2.835733
aaaaapth_s001_t000,bandwidth,20.0,naive,1,15.893509,0.999995,2.368221
aaaaapua_s001_t001,bandwidth,20.0,naive,0,6.211004,0.989367,0.371169
aaaaapuu_s001_t000,bandwidth,20.0,naive,0,9.226053,0.999019,2.040274
aaaaapvw_s001_t001,bandwidth,20.0,naive,1,13.904055,0.999976,2.162227
aaaaapvy_s001_t000,bandwidth,20.0,naive,1,13.308355,0.999962,5.722965
aaaaapwn_s001_t001,bandwidth,20.0,naive,0,8.742047,0.998560,4.440865
aaaaapwo_s001_t001,bandwidth,20.0,naive,1,17.452625,0.999999,0.180177
aaaaapxm_s001_t001,bandwidth,20.0,naive,0,6.341581,0.990403,0.197995
aaaaapys_s001_t001,bandwidth,20.0,naive,1,21.276445,1.000000,1.201099
aaaaapys_s002_t001,bandwidth,20.0,naive,1,18.858343,1.000000,2.424314
aaaaaayx_s002_t000,bandwidth,25.0,canonicalized,0,8.658677,0.998462,2.610884
aaaaabdo_s003_t000,bandwidth,25.0,canonicalized,1,16.816240,0.999998,2.246089
aaaaabsk_s007_t000,bandwidth,25.0,canonicalized,1,9.300362,0.999075,1.126620
aaaaabuv_s002_t000,bandwidth,25.0,canonicalized,1,9.003435,0.998829,0.068101
aaaaacad_s003_t000,bandwidth,25.0,canonicalized,0,7.823054,0.997019,0.400329
aaaaacby_s004_t000,bandwidth,25.0,canonicalized,0,7.413384,0.995878,0.635571
aaaaaddm_s006_t000,bandwidth,25.0,canonicalized,1,11.821424,0.999875,3.895663
aaaaadeu_s002_t000,bandwidth,25.0,canonicalized,1,8.888279,0.998718,1.993624
aaaaadjk_s002_t000,bandwidth,25.0,canonicalized,0,2.238346,0.799060,0.403124
aaaaadkb_s002_t000,bandwidth,25.0,canonicalized,1,14.163605,0.999980,7.702874
aaaaadsm_s002_t001,bandwidth,25.0,canonicalized,0,4.614334,0.963243,1.224617
aaaaaeab_s003_t000,bandwidth,25.0,canonicalized,0,5.480424,0.981170,2.063279
aaaaaejc_s003_t001,bandwidth,25.0,canonicalized,0,9.662548,0.999306,0.340601
aaaaaezn_s003_t001,bandwidth,25.0,canonicalized,1,9.774615,0.999365,3.613900
aaaaafhl_s003_t000,bandwidth,25.0,canonicalized,1,9.568616,0.999252,2.965634
aaaaagfk_s003_t000,bandwidth,25.0,canonicalized,0,4.722298,0.966159,1.345186
aaaaagsc_s003_t001,bandwidth,25.0,canonicalized,1,13.832350,0.999975,17.648266
aaaaagsc_s006_t001,bandwidth,25.0,canonicalized,1,6.557714,0.991904,0.544777
aaaaaguk_s002_t001,bandwidth,25.0,canonicalized,0,4.730043,0.966359,0.939938
aaaaagvx_s002_t000,bandwidth,25.0,canonicalized,1,5.337592,0.978957,2.463840
aaaaagvx_s003_t001,bandwidth,25.0,canonicalized,1,7.737508,0.996810,5.819772
aaaaagyr_s002_t000,bandwidth,25.0,canonicalized,1,6.616710,0.992271,1.406695
aaaaahie_s005_t001,bandwidth,25.0,canonicalized,1,16.657776,0.999997,0.777636
aaaaahsv_s002_t000,bandwidth,25.0,canonicalized,0,8.123139,0.997649,0.544919
aaaaahte_s002_t000,bandwidth,25.0,canonicalized,1,18.737993,0.999999,2.928161
aaaaahte_s003_t000,bandwidth,25.0,canonicalized,1,16.300926,0.999996,0.527077
aaaaahuy_s002_t000,bandwidth,25.0,canonicalized,1,3.669141,0.925248,0.326496
aaaaahzi_s001_t000,bandwidth,25.0,canonicalized,0,9.216063,0.999011,0.848056
aaaaahzm_s001_t001,bandwidth,25.0,canonicalized,0,6.574183,0.992008,0.462563
aaaaahzq_s001_t000,bandwidth,25.0,canonicalized,0,5.482476,0.981200,0.685544
aaaaahzs_s001_t001,bandwidth,25.0,canonicalized,0,9.233797,0.999025,1.057619
aaaaaiae_s001_t000,bandwidth,25.0,canonicalized,0,7.047539,0.994497,0.741841
aaaaaibx_s001_t000,bandwidth,25.0,canonicalized,0,7.726729,0.996782,1.302802
aaaaaiby_s001_t000,bandwidth,25.0,canonicalized,0,10.369789,0.999604,2.338373
aaaaaici_s001_t000,bandwidth,25.0,canonicalized,0,7.017669,0.994366,6.049731
aaaaaicn_s001_t000,bandwidth,25.0,canonicalized,0,7.310101,0.995527,2.242197
aaaaaijh_s002_t000,bandwidth,25.0,canonicalized,1,4.752907,0.966944,0.238615
aaaaaijn_s001_t001,bandwidth,25.0,canonicalized,0,6.443721,0.991144,0.959632
aaaaairb_s001_t001,bandwidth,25.0,canonicalized,0,9.055716,0.998877,4.984477
aaaaairo_s001_t000,bandwidth,25.0,canonicalized,0,8.204969,0.997796,1.647807
aaaaaitt_s001_t000,bandwidth,25.0,canonicalized,0,6.809720,0.993361,6.324953
aaaaaiue_s004_t000,bandwidth,25.0,canonicalized,1,9.562916,0.999249,1.087093
aaaaaiuo_s002_t000,bandwidth,25.0,canonicalized,0,7.308825,0.995523,2.487143
aaaaaiwz_s001_t001,bandwidth,25.0,canonicalized,0,6.095460,0.988357,0.626891
aaaaaiyy_s001_t001,bandwidth,25.0,canonicalized,0,6.733981,0.992953,0.519080
aaaaaizd_s001_t001,bandwidth,25.0,canonicalized,0,7.812039,0.996992,5.273946
aaaaaizs_s001_t000,bandwidth,25.0,canonicalized,0,6.861622,0.993628,0.374792
aaaaajae_s001_t001,bandwidth,25.0,canonicalized,0,12.152431,0.999904,2.806275
aaaaajah_s002_t001,bandwidth,25.0,canonicalized,1,8.727512,0.998543,1.000536
aaaaajah_s004_t000,bandwidth,25.0,canonicalized,1,7.814657,0.996999,2.435052
aaaaajal_s001_t001,bandwidth,25.0,canonicalized,0,6.811133,0.993369,0.691378
aaaaajam_s001_t000,bandwidth,25.0,canonicalized,1,5.760189,0.984862,0.289025
aaaaajar_s001_t001,bandwidth,25.0,canonicalized,0,6.773330,0.993168,0.121483
aaaaajbb_s001_t000,bandwidth,25.0,canonicalized,0,10.152525,0.999529,0.309007
aaaaajbh_s002_t000,bandwidth,25.0,canonicalized,0,3.301391,0.902388,0.182076
aaaaajce_s001_t000,bandwidth,25.0,canonicalized,0,5.689715,0.984005,0.563693
aaaaajci_s001_t000,bandwidth,25.0,canonicalized,0,5.152582,0.975710,0.320193
aaaaajck_s001_t000,bandwidth,25.0,canonicalized,0,6.373087,0.990638,0.346997
aaaaajct_s001_t000,bandwidth,25.0,canonicalized,0,8.398992,0.998110,4.673710
aaaaajcu_s001_t000,bandwidth,25.0,canonicalized,0,7.646278,0.996571,3.304909
aaaaajda_s001_t000,bandwidth,25.0,canonicalized,0,6.924986,0.993938,0.844173
aaaaajdb_s001_t000,bandwidth,25.0,canonicalized,0,8.325115,0.997996,1.964424
aaaaajdv_s001_t000,bandwidth,25.0,canonicalized,0,9.845142,0.999399,3.079141
aaaaajdy_s001_t000,bandwidth,25.0,canonicalized,0,6.132827,0.988694,1.656016
aaaaajdz_s001_t000,bandwidth,25.0,canonicalized,0,7.149860,0.994924,0.523322
aaaaajea_s001_t000,bandwidth,25.0,canonicalized,0,10.282196,0.999575,4.713963
aaaaajen_s001_t000,bandwidth,25.0,canonicalized,0,5.960548,0.987059,0.598972
aaaaajey_s001_t000,bandwidth,25.0,canonicalized,0,5.900057,0.986431,0.370151
aaaaajfb_s001_t000,bandwidth,25.0,canonicalized,0,5.854420,0.985937,1.902283
aaaaajfe_s001_t000,bandwidth,25.0,canonicalized,0,7.638374,0.996550,0.710638
aaaaajff_s001_t000,bandwidth,25.0,canonicalized,0,5.622891,0.983149,0.181363
aaaaajfi_s001_t001,bandwidth,25.0,canonicalized,0,8.709458,0.998522,3.832675
aaaaajfn_s001_t001,bandwidth,25.0,canonicalized,0,4.134143,0.947095,1.612406
aaaaajfy_s001_t000,bandwidth,25.0,canonicalized,0,5.633180,0.983284,0.888721
aaaaajga_s001_t001,bandwidth,25.0,canonicalized,0,12.927332,0.999948,4.176395
aaaaajhy_s001_t000,bandwidth,25.0,canonicalized,0,5.802040,0.985349,2.091295
aaaaajit_s001_t001,bandwidth,25.0,canonicalized,0,6.560135,0.991919,1.173925
aaaaajiu_s001_t000,bandwidth,25.0,canonicalized,0,11.725522,0.999865,4.666288
aaaaajiy_s001_t001,bandwidth,25.0,canonicalized,0,7.470512,0.996060,0.270148
aaaaajiz_s001_t000,bandwidth,25.0,canonicalized,0,7.123674,0.994818,0.738375
aaaaajjb_s001_t001,bandwidth,25.0,canonicalized,0,8.268383,0.997904,1.956974
aaaaajje_s001_t000,bandwidth,25.0,canonicalized,0,8.555122,0.998330,1.819213
aaaaajjk_s001_t000,bandwidth,25.0,canonicalized,0,10.461231,0.999632,1.131965
aaaaajna_s001_t000,bandwidth,25.0,canonicalized,0,5.822520,0.985582,0.395600
aaaaajnu_s001_t000,bandwidth,25.0,canonicalized,0,8.302767,0.997961,6.747509
aaaaajon_s001_t000,bandwidth,25.0,canonicalized,0,8.933773,0.998763,6.412457
aaaaajoo_s002_t001,bandwidth,25.0,canonicalized,1,7.418902,0.995896,1.625639
aaaaajpg_s001_t001,bandwidth,25.0,canonicalized,0,8.801153,0.998626,0.574954
aaaaajqh_s004_t000,bandwidth,25.0,canonicalized,1,15.858946,0.999995,2.098414
aaaaajqk_s003_t001,bandwidth,25.0,canonicalized,1,10.541079,0.999654,0.482052
aaaaajrf_s001_t000,bandwidth,25.0,canonicalized,1,19.542929,1.000000,5.033173
aaaaajrf_s002_t000,bandwidth,25.0,canonicalized,1,22.139696,1.000000,4.897447
aaaaajrf_s003_t002,bandwidth,25.0,canonicalized,1,20.422985,1.000000,5.317947
aaaaajrf_s004_t000,bandwidth,25.0,canonicalized,1,12.622645,0.999934,2.955042
aaaaajso_s001_t000,bandwidth,25.0,canonicalized,1,17.914228,0.999999,8.640792
aaaaajtg_s001_t000,bandwidth,25.0,canonicalized,0,9.100704,0.998916,4.019324
aaaaajtu_s001_t000,bandwidth,25.0,canonicalized,0,11.467497,0.999834,4.535238
aaaaajuh_s001_t000,bandwidth,25.0,canonicalized,1,14.203516,0.999981,7.492366
aaaaajun_s001_t000,bandwidth,25.0,canonicalized,0,7.489886,0.996120,0.926250
aaaaajvh_s001_t001,bandwidth,25.0,canonicalized,0,6.977800,0.994186,2.393188
aaaaajxp_s001_t000,bandwidth,25.0,canonicalized,0,4.563717,0.961794,0.432176
aaaaakck_s001_t001,bandwidth,25.0,canonicalized,1,9.133152,0.998944,0.893525
aaaaakcx_s001_t001,bandwidth,25.0,canonicalized,1,21.286180,1.000000,1.012698
aaaaakcy_s005_t001,bandwidth,25.0,canonicalized,1,18.594898,0.999999,1.295882
aaaaakdj_s001_t000,bandwidth,25.0,canonicalized,1,8.946527,0.998775,0.199304
aaaaakdo_s001_t000,bandwidth,25.0,canonicalized,1,6.319786,0.990237,2.425525
aaaaakeq_s001_t000,bandwidth,25.0,canonicalized,1,11.234292,0.999800,5.867995
aaaaakeq_s002_t000,bandwidth,25.0,canonicalized,1,9.832344,0.999393,1.903400
aaaaakeq_s003_t000,bandwidth,25.0,canonicalized,1,11.598208,0.999851,2.515659
aaaaakev_s001_t001,bandwidth,25.0,canonicalized,1,21.261356,1.000000,8.323243
aaaaakev_s002_t000,bandwidth,25.0,canonicalized,1,20.425072,1.000000,3.145111
aaaaakft_s001_t000,bandwidth,25.0,canonicalized,0,8.486471,0.998237,2.402687
aaaaakgp_s001_t001,bandwidth,25.0,canonicalized,0,9.718779,0.999336,1.260417
aaaaakgu_s001_t000,bandwidth,25.0,canonicalized,1,4.923535,0.971009,0.719333
aaaaakjk_s002_t002,bandwidth,25.0,canonicalized,1,13.032158,0.999952,2.211432
aaaaakjk_s003_t000,bandwidth,25.0,canonicalized,1,9.736019,0.999345,0.933141
aaaaakka_s001_t001,bandwidth,25.0,canonicalized,0,9.670844,0.999310,0.475393
aaaaakmg_s003_t001,bandwidth,25.0,canonicalized,1,17.439436,0.999999,2.222935
aaaaakmh_s001_t000,bandwidth,25.0,canonicalized,1,10.957698,0.999752,6.894415
aaaaaknt_s001_t000,bandwidth,25.0,canonicalized,1,10.792311,0.999717,1.004016
aaaaakoo_s001_t001,bandwidth,25.0,canonicalized,1,20.927137,1.000000,4.695490
aaaaakqg_s001_t001,bandwidth,25.0,canonicalized,0,8.054693,0.997518,1.880738
aaaaakqr_s001_t000,bandwidth,25.0,canonicalized,0,3.203605,0.895336,2.127887
aaaaakrt_s001_t001,bandwidth,25.0,canonicalized,1,11.753296,0.999868,0.388030
aaaaakrt_s002_t001,bandwidth,25.0,canonicalized,1,14.670546,0.999987,1.397831
aaaaaksb_s001_t000,bandwidth,25.0,canonicalized,0,4.967095,0.971966,4.789395
aaaaaksu_s001_t001,bandwidth,25.0,canonicalized,0,9.830213,0.999392,0.267777
aaaaakxz_s001_t001,bandwidth,25.0,canonicalized,1,6.422277,0.990993,0.503636
aaaaakxz_s002_t001,bandwidth,25.0,canonicalized,1,12.354780,0.999918,2.141572
aaaaalaf_s001_t000,bandwidth,25.0,canonicalized,0,7.136847,0.994871,0.474146
aaaaalau_s001_t000,bandwidth,25.0,canonicalized,1,18.270454,0.999999,1.740201
aaaaalbh_s001_t000,bandwidth,25.0,canonicalized,1,11.602138,0.999851,7.848504
aaaaalbt_s001_t001,bandwidth,25.0,canonicalized,0,6.352698,0.990487,0.596277
aaaaalbt_s002_t000,bandwidth,25.0,canonicalized,0,5.815596,0.985504,1.228349
aaaaalbz_s006_t000,bandwidth,25.0,canonicalized,1,17.508518,0.999999,7.495932
aaaaalid_s001_t001,bandwidth,25.0,canonicalized,0,13.573989,0.999969,4.891185
aaaaaljf_s001_t000,bandwidth,25.0,canonicalized,1,11.918904,0.999884,3.097324
aaaaaljj_s001_t000,bandwidth,25.0,canonicalized,0,4.448334,0.958283,0.172035
aaaaallc_s001_t001,bandwidth,25.0,canonicalized,0,7.347366,0.995657,2.094418
aaaaalle_s002_t000,bandwidth,25.0,canonicalized,1,7.919112,0.997237,1.011935
aaaaalox_s001_t001,bandwidth,25.0,canonicalized,0,15.202177,0.999991,5.414368
aaaaalpv_s001_t000,bandwidth,25.0,canonicalized,0,8.691812,0.998501,3.571239
aaaaalqa_s001_t000,bandwidth,25.0,canonicalized,0,6.941788,0.994018,2.461598
aaaaalqr_s001_t001,bandwidth,25.0,canonicalized,1,14.446705,0.999984,4.622250
aaaaalqs_s001_t001,bandwidth,25.0,canonicalized,0,3.951044,0.939323,0.551279
aaaaalqx_s001_t000,bandwidth,25.0,canonicalized,0,5.823595,0.985594,1.725268
aaaaalrc_s002_t000,bandwidth,25.0,canonicalized,1,26.278065,1.000000,1.033951
aaaaalsq_s001_t000,bandwidth,25.0,canonicalized,0,10.952915,0.999751,0.494865
aaaaalsx_s001_t000,bandwidth,25.0,canonicalized,1,9.911813,0.999430,1.313094
aaaaalsx_s004_t001,bandwidth,25.0,canonicalized,1,4.966818,0.971960,3.055921
aaaaaluz_s001_t001,bandwidth,25.0,canonicalized,0,5.403826,0.980013,0.503015
aaaaalvw_s001_t000,bandwidth,25.0,canonicalized,0,4.973568,0.972106,0.547195
aaaaalvz_s001_t000,bandwidth,25.0,canonicalized,1,20.032152,1.000000,0.420495
aaaaalxk_s001_t000,bandwidth,25.0,canonicalized,0,10.967302,0.999753,3.189813
aaaaalyr_s001_t000,bandwidth,25.0,canonicalized,1,11.469406,0.999834,3.255948
aaaaalzk_s002_t001,bandwidth,25.0,canonicalized,1,18.992132,1.000000,3.557486
aaaaamcb_s001_t001,bandwidth,25.0,canonicalized,1,15.214823,0.999992,0.757821
aaaaamfe_s001_t001,bandwidth,25.0,canonicalized,0,9.535448,0.999232,0.737247
aaaaamft_s001_t001,bandwidth,25.0,canonicalized,1,11.054502,0.999770,2.512799
aaaaamfu_s001_t000,bandwidth,25.0,canonicalized,0,10.956028,0.999751,1.055507
aaaaamhi_s001_t000,bandwidth,25.0,canonicalized,1,16.806400,0.999998,5.887249
aaaaamhk_s001_t000,bandwidth,25.0,canonicalized,1,10.641119,0.999681,0.927145
aaaaamjc_s001_t001,bandwidth,25.0,canonicalized,1,18.182295,0.999999,1.243331
aaaaammh_s001_t001,bandwidth,25.0,canonicalized,1,9.855172,0.999404,0.709894
aaaaamnq_s001_t000,bandwidth,25.0,canonicalized,1,14.705598,0.999987,10.418484
aaaaamnq_s002_t000,bandwidth,25.0,canonicalized,1,12.451241,0.999924,3.086751
aaaaamon_s001_t000,bandwidth,25.0,canonicalized,0,9.764519,0.999360,5.303094
aaaaampz_s001_t000,bandwidth,25.0,canonicalized,1,13.117318,0.999955,8.892549
aaaaamrj_s001_t000,bandwidth,25.0,canonicalized,0,8.024019,0.997457,1.470872
aaaaamsc_s001_t000,bandwidth,25.0,canonicalized,1,9.905953,0.999428,0.249810
aaaaamtb_s001_t000,bandwidth,25.0,canonicalized,0,14.506145,0.999985,0.602241
aaaaamuc_s001_t000,bandwidth,25.0,canonicalized,0,7.792063,0.996945,0.522528
aaaaamxn_s001_t000,bandwidth,25.0,canonicalized,1,6.601919,0.992180,1.387892
aaaaamyb_s001_t001,bandwidth,25.0,canonicalized,0,8.732657,0.998549,3.812819
aaaaamye_s001_t000,bandwidth,25.0,canonicalized,1,18.720848,0.999999,1.049831
aaaaamzi_s001_t001,bandwidth,25.0,canonicalized,1,17.682991,0.999999,1.630890
aaaaamzl_s001_t000,bandwidth,25.0,canonicalized,0,4.060159,0.944075,1.109980
aaaaamzx_s001_t000,bandwidth,25.0,canonicalized,0,2.968293,0.876501,7.860628
aaaaanbq_s001_t000,bandwidth,25.0,canonicalized,0,5.196646,0.976525,1.591048
aaaaanek_s001_t000,bandwidth,25.0,canonicalized,0,5.380329,0.979645,0.874362
aaaaangp_s001_t000,bandwidth,25.0,canonicalized,0,7.029765,0.994419,0.159309
aaaaanhb_s001_t003,bandwidth,25.0,canonicalized,1,13.275023,0.999960,5.577207
aaaaanhb_s003_t001,bandwidth,25.0,canonicalized,1,13.906549,0.999976,0.708049
aaaaanhb_s005_t000,bandwidth,25.0,canonicalized,1,16.958975,0.999998,2.178461
aaaaankf_s001_t000,bandwidth,25.0,canonicalized,1,15.763536,0.999995,1.881508
aaaaanlp_s001_t000,bandwidth,25.0,canonicalized,0,6.055905,0.987991,1.020432
aaaaanmc_s001_t000,bandwidth,25.0,canonicalized,1,13.796585,0.999974,4.061076
aaaaanop_s001_t000,bandwidth,25.0,canonicalized,0,9.681768,0.999316,5.359168
aaaaanoz_s001_t000,bandwidth,25.0,canonicalized,1,11.107000,0.999779,1.444982
aaaaanpr_s001_t002,bandwidth,25.0,canonicalized,1,11.841743,0.999877,2.234340
aaaaanqe_s001_t000,bandwidth,25.0,canonicalized,0,5.906470,0.986499,0.297497
aaaaanro_s001_t000,bandwidth,25.0,canonicalized,1,11.673856,0.999859,5.916615
aaaaansj_s001_t000,bandwidth,25.0,canonicalized,1,14.136101,0.999980,6.073564
aaaaanta_s001_t000,bandwidth,25.0,canonicalized,1,12.822010,0.999943,6.949687
aaaaanum_s001_t000,bandwidth,25.0,canonicalized,0,7.399198,0.995831,1.523789
aaaaanvb_s002_t000,bandwidth,25.0,canonicalized,0,4.603871,0.962948,0.187526
aaaaanvg_s001_t002,bandwidth,25.0,canonicalized,0,9.725847,0.999340,0.595065
aaaaanvw_s001_t000,bandwidth,25.0,canonicalized,0,5.476539,0.981113,2.037452
aaaaanwc_s001_t001,bandwidth,25.0,canonicalized,1,10.384174,0.999608,21.147314
aaaaanxl_s001_t000,bandwidth,25.0,canonicalized,1,14.198496,0.999981,8.912506
aaaaanyb_s001_t001,bandwidth,25.0,canonicalized,0,6.961733,0.994111,1.170989
aaaaanyt_s002_t000,bandwidth,25.0,canonicalized,1,15.654800,0.999994,19.443821
aaaaanyw_s001_t000,bandwidth,25.0,canonicalized,1,9.767446,0.999361,0.374119
aaaaanyw_s002_t000,bandwidth,25.0,canonicalized,1,13.534021,0.999968,3.458624
aaaaanzh_s001_t000,bandwidth,25.0,canonicalized,1,6.776758,0.993187,1.695864
aaaaanzu_s001_t003,bandwidth,25.0,canonicalized,1,10.625772,0.999677,1.156398
aaaaaoav_s001_t000,bandwidth,25.0,canonicalized,0,3.242189,0.898171,0.298665
aaaaaoav_s002_t000,bandwidth,25.0,canonicalized,0,3.132025,0.889892,1.221012
aaaaaobi_s001_t000,bandwidth,25.0,canonicalized,1,10.267408,0.999570,3.147774
aaaaaobl_s001_t000,bandwidth,25.0,canonicalized,0,8.430096,0.998156,1.795266
aaaaaoby_s001_t000,bandwidth,25.0,canonicalized,0,9.466619,0.999189,6.697032
aaaaaoda_s001_t000,bandwidth,25.0,canonicalized,1,15.998034,0.999995,4.562798
aaaaaoeg_s001_t000,bandwidth,25.0,canonicalized,0,7.823383,0.997019,0.157033
aaaaaofj_s001_t000,bandwidth,25.0,canonicalized,0,7.430280,0.995933,3.892908
aaaaaofr_s001_t000,bandwidth,25.0,canonicalized,0,9.983881,0.999462,0.705112
aaaaaofz_s001_t000,bandwidth,25.0,canonicalized,0,6.603279,0.992189,0.802381
aaaaaohb_s001_t000,bandwidth,25.0,canonicalized,1,12.530647,0.999929,0.501037
aaaaaohr_s002_t001,bandwidth,25.0,canonicalized,1,12.253963,0.999911,1.342476
aaaaaoiq_s001_t000,bandwidth,25.0,canonicalized,1,8.873940,0.998703,0.385463
aaaaaoiv_s001_t000,bandwidth,25.0,canonicalized,1,8.068903,0.997546,0.315756
aaaaaoiv_s002_t001,bandwidth,25.0,canonicalized,1,17.426680,0.999999,1.252232
aaaaaoiv_s003_t003,bandwidth,25.0,canonicalized,1,15.424378,0.999993,0.280925
aaaaaojd_s001_t002,bandwidth,25.0,canonicalized,0,11.217270,0.999798,2.567795
aaaaaokg_s001_t000,bandwidth,25.0,canonicalized,0,14.847673,0.999989,8.583280
aaaaaoly_s001_t000,bandwidth,25.0,canonicalized,0,8.908707,0.998738,8.493844
aaaaaome_s001_t000,bandwidth,25.0,canonicalized,0,6.465643,0.991295,0.627615
aaaaaomx_s001_t000,bandwidth,25.0,canonicalized,0,10.701603,0.999696,1.270349
aaaaaomy_s001_t000,bandwidth,25.0,canonicalized,1,15.369184,0.999993,6.825297
aaaaaonb_s001_t000,bandwidth,25.0,canonicalized,0,10.869639,0.999734,5.206310
aaaaaons_s002_t002,bandwidth,25.0,canonicalized,1,14.753551,0.999988,1.538233
aaaaaopd_s001_t000,bandwidth,25.0,canonicalized,0,8.351397,0.998038,8.954615
aaaaaopo_s001_t000,bandwidth,25.0,canonicalized,0,5.621619,0.983132,0.219242
aaaaaora_s002_t000,bandwidth,25.0,canonicalized,1,8.037271,0.997483,0.703634
aaaaaord_s001_t000,bandwidth,25.0,canonicalized,1,7.129742,0.994843,4.434913
aaaaaosh_s001_t000,bandwidth,25.0,canonicalized,1,8.995023,0.998822,0.422441
aaaaaosw_s001_t000,bandwidth,25.0,canonicalized,0,10.968314,0.999754,4.493078
aaaaaote_s001_t000,bandwidth,25.0,canonicalized,0,7.298494,0.995486,0.580481
aaaaaout_s001_t000,bandwidth,25.0,canonicalized,1,11.766303,0.999869,0.688737
aaaaaovl_s001_t000,bandwidth,25.0,canonicalized,1,13.670113,0.999971,0.194226
aaaaaovo_s001_t000,bandwidth,25.0,canonicalized,1,16.814093,0.999998,1.155378
aaaaaowb_s001_t000,bandwidth,25.0,canonicalized,0,5.022203,0.973134,0.850897
aaaaaoxf_s001_t000,bandwidth,25.0,canonicalized,0,4.742732,0.966685,1.030938
aaaaaozf_s001_t001,bandwidth,25.0,canonicalized,0,10.441427,0.999626,3.955927
aaaaapag_s001_t000,bandwidth,25.0,canonicalized,0,6.232079,0.989541,1.473636
aaaaapar_s001_t000,bandwidth,25.0,canonicalized,1,23.075886,1.000000,0.334664
aaaaapcb_s001_t000,bandwidth,25.0,canonicalized,0,6.172396,0.989039,0.436416
aaaaapcy_s001_t002,bandwidth,25.0,canonicalized,0,6.385829,0.990731,0.444044
aaaaapdg_s001_t000,bandwidth,25.0,canonicalized,0,5.405991,0.980047,0.564024
aaaaaphs_s001_t000,bandwidth,25.0,canonicalized,1,15.772079,0.999995,6.540472
aaaaaphw_s001_t000,bandwidth,25.0,canonicalized,0,12.153090,0.999904,1.523906
aaaaapij_s001_t000,bandwidth,25.0,canonicalized,0,6.826200,0.993447,0.825703
aaaaapjc_s001_t001,bandwidth,25.0,canonicalized,0,6.291951,0.990022,1.022946
aaaaapka_s001_t000,bandwidth,25.0,canonicalized,0,6.082631,0.988240,0.473174
aaaaapkx_s001_t001,bandwidth,25.0,canonicalized,1,8.666953,0.998472,7.833442
aaaaaply_s001_t001,bandwidth,25.0,canonicalized,1,14.138819,0.999980,1.751378
aaaaapmb_s002_t001,bandwidth,25.0,canonicalized,1,5.598764,0.982829,2.237052
aaaaapmp_s001_t000,bandwidth,25.0,canonicalized,1,7.609802,0.996471,0.496459
aaaaapnr_s001_t000,bandwidth,25.0,canonicalized,1,7.952119,0.997308,1.282153
aaaaapoc_s001_t000,bandwidth,25.0,canonicalized,1,13.437817,0.999965,4.105713
aaaaapof_s001_t000,bandwidth,25.0,canonicalized,0,4.345902,0.954910,0.760063
aaaaapoo_s001_t000,bandwidth,25.0,canonicalized,0,6.686324,0.992683,1.122544
aaaaapoq_s001_t000,bandwidth,25.0,canonicalized,0,9.849433,0.999401,3.018680
aaaaappb_s001_t000,bandwidth,25.0,canonicalized,0,7.631000,0.996529,1.400116
aaaaapqd_s001_t000,bandwidth,25.0,canonicalized,1,5.472471,0.981053,0.748799
aaaaapqv_s001_t000,bandwidth,25.0,canonicalized,0,5.526920,0.981840,4.428690
aaaaapta_s001_t000,bandwidth,25.0,canonicalized,1,14.395090,0.999984,2.563885
aaaaapth_s001_t000,bandwidth,25.0,canonicalized,1,13.532428,0.999968,1.209750
aaaaapua_s001_t001,bandwidth,25.0,canonicalized,0,4.971662,0.972065,0.342309
aaaaapuu_s001_t000,bandwidth,25.0,canonicalized,0,7.805562,0.996977,1.170264
aaaaapvw_s001_t001,bandwidth,25.0,canonicalized,1,12.781501,0.999942,1.812833
aaaaapvy_s001_t000,bandwidth,25.0,canonicalized,1,11.796400,0.999872,2.256854
aaaaapwn_s001_t001,bandwidth,25.0,canonicalized,0,6.925761,0.993942,5.711318
aaaaapwo_s001_t001,bandwidth,25.0,canonicalized,1,17.037647,0.999998,0.201111
aaaaapxm_s001_t001,bandwidth,25.0,canonicalized,0,5.010005,0.972879,0.218722
aaaaapys_s001_t001,bandwidth,25.0,canonicalized,1,21.040611,1.000000,1.026659
aaaaapys_s002_t001,bandwidth,25.0,canonicalized,1,18.372452,0.999999,2.270058
aaaaaayx_s002_t000,bandwidth,25.0,naive,0,8.658677,0.998462,2.610884
aaaaabdo_s003_t000,bandwidth,25.0,naive,1,16.816240,0.999998,2.246089
aaaaabsk_s007_t000,bandwidth,25.0,naive,1,9.300362,0.999075,1.126620
aaaaabuv_s002_t000,bandwidth,25.0,naive,1,9.003435,0.998829,0.068101
aaaaacad_s003_t000,bandwidth,25.0,naive,0,7.823054,0.997019,0.400329
aaaaacby_s004_t000,bandwidth,25.0,naive,0,7.413384,0.995878,0.635571
aaaaaddm_s006_t000,bandwidth,25.0,naive,1,11.821424,0.999875,3.895663
aaaaadeu_s002_t000,bandwidth,25.0,naive,1,8.888279,0.998718,1.993624
aaaaadjk_s002_t000,bandwidth,25.0,naive,0,2.238346,0.799060,0.403124
aaaaadkb_s002_t000,bandwidth,25.0,naive,1,14.163605,0.999980,7.702874
aaaaadsm_s002_t001,bandwidth,25.0,naive,0,4.614334,0.963243,1.224617
aaaaaeab_s003_t000,bandwidth,25.0,naive,0,5.480424,0.981170,2.063279
aaaaaejc_s003_t001,bandwidth,25.0,naive,0,9.662548,0.999306,0.340601
aaaaaezn_s003_t001,bandwidth,25.0,naive,1,9.774615,0.999365,3.613900
aaaaafhl_s003_t000,bandwidth,25.0,naive,1,9.568616,0.999252,2.965634
aaaaagfk_s003_t000,bandwidth,25.0,naive,0,4.722298,0.966159,1.345186
aaaaagsc_s003_t001,bandwidth,25.0,naive,1,13.832350,0.999975,17.648266
aaaaagsc_s006_t001,bandwidth,25.0,naive,1,6.557714,0.991904,0.544777
aaaaaguk_s002_t001,bandwidth,25.0,naive,0,4.730043,0.966359,0.939938
aaaaagvx_s002_t000,bandwidth,25.0,naive,1,5.337592,0.978957,2.463840
aaaaagvx_s003_t001,bandwidth,25.0,naive,1,7.737508,0.996810,5.819772
aaaaagyr_s002_t000,bandwidth,25.0,naive,1,6.616710,0.992271,1.406695
aaaaahie_s005_t001,bandwidth,25.0,naive,1,16.657776,0.999997,0.777636
aaaaahsv_s002_t000,bandwidth,25.0,naive,0,8.123139,0.997649,0.544919
aaaaahte_s002_t000,bandwidth,25.0,naive,1,18.737993,0.999999,2.928161
aaaaahte_s003_t000,bandwidth,25.0,naive,1,16.300926,0.999996,0.527077
aaaaahuy_s002_t000,bandwidth,25.0,naive,1,3.669141,0.925248,0.326496
aaaaahzi_s001_t000,bandwidth,25.0,naive,0,9.216063,0.999011,0.848056
aaaaahzm_s001_t001,bandwidth,25.0,naive,0,6.574183,0.992008,0.462563
aaaaahzq_s001_t000,bandwidth,25.0,naive,0,5.482476,0.981200,0.685544
aaaaahzs_s001_t001,bandwidth,25.0,naive,0,9.233797,0.999025,1.057619
aaaaaiae_s001_t000,bandwidth,25.0,naive,0,7.047539,0.994497,0.741841
aaaaaibx_s001_t000,bandwidth,25.0,naive,0,7.726729,0.996782,1.302802
aaaaaiby_s001_t000,bandwidth,25.0,naive,0,10.369789,0.999604,2.338373
aaaaaici_s001_t000,bandwidth,25.0,naive,0,7.017669,0.994366,6.049731
aaaaaicn_s001_t000,bandwidth,25.0,naive,0,7.310101,0.995527,2.242197
aaaaaijh_s002_t000,bandwidth,25.0,naive,1,4.752907,0.966944,0.238615
aaaaaijn_s001_t001,bandwidth,25.0,naive,0,6.443721,0.991144,0.959632
aaaaairb_s001_t001,bandwidth,25.0,naive,0,9.055716,0.998877,4.984477
aaaaairo_s001_t000,bandwidth,25.0,naive,0,8.204969,0.997796,1.647807
aaaaaitt_s001_t000,bandwidth,25.0,naive,0,6.809720,0.993361,6.324953
aaaaaiue_s004_t000,bandwidth,25.0,naive,1,9.562916,0.999249,1.087093
aaaaaiuo_s002_t000,bandwidth,25.0,naive,0,7.308825,0.995523,2.487143
aaaaaiwz_s001_t001,bandwidth,25.0,naive,0,6.095460,0.988357,0.626891
aaaaaiyy_s001_t001,bandwidth,25.0,naive,0,6.733981,0.992953,0.519080
aaaaaizd_s001_t001,bandwidth,25.0,naive,0,7.812039,0.996992,5.273946
aaaaaizs_s001_t000,bandwidth,25.0,naive,0,6.861622,0.993628,0.374792
aaaaajae_s001_t001,bandwidth,25.0,naive,0,12.152431,0.999904,2.806275
aaaaajah_s002_t001,bandwidth,25.0,naive,1,8.727512,0.998543,1.000536
aaaaajah_s004_t000,bandwidth,25.0,naive,1,7.814657,0.996999,2.435052
aaaaajal_s001_t001,bandwidth,25.0,naive,0,6.811133,0.993369,0.691378
aaaaajam_s001_t000,bandwidth,25.0,naive,1,5.760189,0.984862,0.289025
aaaaajar_s001_t001,bandwidth,25.0,naive,0,6.773330,0.993168,0.121483
aaaaajbb_s001_t000,bandwidth,25.0,naive,0,10.152525,0.999529,0.309007
aaaaajbh_s002_t000,bandwidth,25.0,naive,0,3.301391,0.902388,0.182076
aaaaajce_s001_t000,bandwidth,25.0,naive,0,5.689715,0.984005,0.563693
aaaaajci_s001_t000,bandwidth,25.0,naive,0,5.152582,0.975710,0.320193
aaaaajck_s001_t000,bandwidth,25.0,naive,0,6.373087,0.990638,0.346997
aaaaajct_s001_t000,bandwidth,25.0,naive,0,8.398992,0.998110,4.673710
aaaaajcu_s001_t000,bandwidth,25.0,naive,0,7.646278,0.996571,3.304909
aaaaajda_s001_t000,bandwidth,25.0,naive,0,6.924986,0.993938,0.844173
aaaaajdb_s001_t000,bandwidth,25.0,naive,0,8.325115,0.997996,1.964424
aaaaajdv_s001_t000,bandwidth,25.0,naive,0,9.845142,0.999399,3.079141
aaaaajdy_s001_t000,bandwidth,25.0,naive,0,6.132827,0.988694,1.656016
aaaaajdz_s001_t000,bandwidth,25.0,naive,0,7.149860,0.994924,0.523322
aaaaajea_s001_t000,bandwidth,25.0,naive,0,10.282196,0.999575,4.713963
aaaaajen_s001_t000,bandwidth,25.0,naive,0,5.960548,0.987059,0.598972
aaaaajey_s001_t000,bandwidth,25.0,naive,0,5.900057,0.986431,0.370151
aaaaajfb_s001_t000,bandwidth,25.0,naive,0,5.854420,0.985937,1.902283
aaaaajfe_s001_t000,bandwidth,25.0,naive,0,7.638374,0.996550,0.710638
aaaaajff_s001_t000,bandwidth,25.0,naive,0,5.622891,0.983149,0.181363
aaaaajfi_s001_t001,bandwidth,25.0,naive,0,8.709458,0.998522,3.832675
aaaaajfn_s001_t001,bandwidth,25.0,naive,0,4.134143,0.947095,1.612406
aaaaajfy_s001_t000,bandwidth,25.0,naive,0,5.633180,0.983284,0.888721
aaaaajga_s001_t001,bandwidth,25.0,naive,0,12.927332,0.999948,4.176395
aaaaajhy_s001_t000,bandwidth,25.0,naive,0,5.802040,0.985349,2.091295
aaaaajit_s001_t001,bandwidth,25.0,naive,0,6.560135,0.991919,1.173925
aaaaajiu_s001_t000,bandwidth,25.0,naive,0,11.725522,0.999865,4.666288
aaaaajiy_s001_t001,bandwidth,25.0,naive,0,7.470512,0.996060,0.270148
aaaaajiz_s001_t000,bandwidth,25.0,naive,0,7.123674,0.994818,0.738375
aaaaajjb_s001_t001,bandwidth,25.0,naive,0,8.268383,0.997904,1.956974
aaaaajje_s001_t000,bandwidth,25.0,naive,0,8.555122,0.998330,1.819213
aaaaajjk_s001_t000,bandwidth,25.0,naive,0,10.461231,0.999632,1.131965
aaaaajna_s001_t000,bandwidth,25.0,naive,0,5.822520,0.985582,0.395600
aaaaajnu_s001_t000,bandwidth,25.0,naive,0,8.302767,0.997961,6.747509
aaaaajon_s001_t000,bandwidth,25.0,naive,0,8.933773,0.998763,6.412457
aaaaajoo_s002_t001,bandwidth,25.0,naive,1,7.418902,0.995896,1.625639
aaaaajpg_s001_t001,bandwidth,25.0,naive,0,8.801153,0.998626,0.574954
aaaaajqh_s004_t000,bandwidth,25.0,naive,1,15.858946,0.999995,2.098414
aaaaajqk_s003_t001,bandwidth,25.0,naive,1,10.541079,0.999654,0.482052
aaaaajrf_s001_t000,bandwidth,25.0,naive,1,19.542929,1.000000,5.033173
aaaaajrf_s002_t000,bandwidth,25.0,naive,1,22.139696,1.000000,4.897447
aaaaajrf_s003_t002,bandwidth,25.0,naive,1,20.422985,1.000000,5.317947
aaaaajrf_s004_t000,bandwidth,25.0,naive,1,12.622645,0.999934,2.955042
aaaaajso_s001_t000,bandwidth,25.0,naive,1,17.914228,0.999999,8.640792
aaaaajtg_s001_t000,bandwidth,25.0,naive,0,9.100704,0.998916,4.019324
aaaaajtu_s001_t000,bandwidth,25.0,naive,0,11.467497,0.999834,4.535238
aaaaajuh_s001_t000,bandwidth,25.0,naive,1,14.203516,0.999981,7.492366
aaaaajun_s001_t000,bandwidth,25.0,naive,0,7.489886,0.996120,0.926250
aaaaajvh_s001_t001,bandwidth,25.0,naive,0,6.977800,0.994186,2.393188
aaaaajxp_s001_t000,bandwidth,25.0,naive,0,4.563717,0.961794,0.432176
aaaaakck_s001_t001,bandwidth,25.0,naive,1,9.133152,0.998944,0.893525
aaaaakcx_s001_t001,bandwidth,25.0,naive,1,21.286180,1.000000,1.012698
aaaaakcy_s005_t001,bandwidth,25.0,naive,1,18.594898,0.999999,1.295882
aaaaakdj_s001_t000,bandwidth,25.0,naive,1,8.946527,0.998775,0.199304
aaaaakdo_s001_t000,bandwidth,25.0,naive,1,6.319786,0.990237,2.425525
aaaaakeq_s001_t000,bandwidth,25.0,naive,1,11.234292,0.999800,5.867995
aaaaakeq_s002_t000,bandwidth,25.0,naive,1,9.832344,0.999393,1.903400
aaaaakeq_s003_t000,bandwidth,25.0,naive,1,11.598208,0.999851,2.515659
aaaaakev_s001_t001,bandwidth,25.0,naive,1,21.261356,1.000000,8.323243
aaaaakev_s002_t000,bandwidth,25.0,naive,1,20.425072,1.000000,3.145111
aaaaakft_s001_t000,bandwidth,25.0,naive,0,8.486471,0.998237,2.402687
aaaaakgp_s001_t001,bandwidth,25.0,naive,0,9.718779,0.999336,1.260417
aaaaakgu_s001_t000,bandwidth,25.0,naive,1,4.923535,0.971009,0.719333
aaaaakjk_s002_t002,bandwidth,25.0,naive,1,13.032158,0.999952,2.211432
aaaaakjk_s003_t000,bandwidth,25.0,naive,1,9.736019,0.999345,0.933141
aaaaakka_s001_t001,bandwidth,25.0,naive,0,9.670844,0.999310,0.475393
aaaaakmg_s003_t001,bandwidth,25.0,naive,1,17.439436,0.999999,2.222935
aaaaakmh_s001_t000,bandwidth,25.0,naive,1,10.957698,0.999752,6.894415
aaaaaknt_s001_t000,bandwidth,25.0,naive,1,10.792311,0.999717,1.004016
aaaaakoo_s001_t001,bandwidth,25.0,naive,1,20.927137,1.000000,4.695490
aaaaakqg_s001_t001,bandwidth,25.0,naive,0,8.054693,0.997518,1.880738
aaaaakqr_s001_t000,bandwidth,25.0,naive,0,3.203605,0.895336,2.127887
aaaaakrt_s001_t001,bandwidth,25.0,naive,1,11.753296,0.999868,0.388030
aaaaakrt_s002_t001,bandwidth,25.0,naive,1,14.670546,0.999987,1.397831
aaaaaksb_s001_t000,bandwidth,25.0,naive,0,4.967095,0.971966,4.789395
aaaaaksu_s001_t001,bandwidth,25.0,naive,0,9.830213,0.999392,0.267777
aaaaakxz_s001_t001,bandwidth,25.0,naive,1,6.422277,0.990993,0.503636
aaaaakxz_s002_t001,bandwidth,25.0,naive,1,12.354780,0.999918,2.141572
aaaaalaf_s001_t000,bandwidth,25.0,naive,0,7.136847,0.994871,0.474146
aaaaalau_s001_t000,bandwidth,25.0,naive,1,18.270454,0.999999,1.740201
aaaaalbh_s001_t000,bandwidth,25.0,naive,1,11.602138,0.999851,7.848504
aaaaalbt_s001_t001,bandwidth,25.0,naive,0,6.352698,0.990487,0.596277
aaaaalbt_s002_t000,bandwidth,25.0,naive,0,5.815596,0.985504,1.228349
aaaaalbz_s006_t000,bandwidth,25.0,naive,1,17.508518,0.999999,7.495932
aaaaalid_s001_t001,bandwidth,25.0,naive,0,13.573989,0.999969,4.891185
aaaaaljf_s001_t000,bandwidth,25.0,naive,1,11.918904,0.999884,3.097324
aaaaaljj_s001_t000,bandwidth,25.0,naive,0,4.448334,0.958283,0.172035
aaaaallc_s001_t001,bandwidth,25.0,naive,0,7.347366,0.995657,2.094418
aaaaalle_s002_t000,bandwidth,25.0,naive,1,7.919112,0.997237,1.011935
aaaaalox_s001_t001,bandwidth,25.0,naive,0,15.202177,0.999991,5.414368
aaaaalpv_s001_t000,bandwidth,25.0,naive,0,8.691812,0.998501,3.571239
aaaaalqa_s001_t000,bandwidth,25.0,naive,0,6.941788,0.994018,2.461598
aaaaalqr_s001_t001,bandwidth,25.0,naive,1,14.446705,0.999984,4.622250
aaaaalqs_s001_t001,bandwidth,25.0,naive,0,3.951044,0.939323,0.551279
aaaaalqx_s001_t000,bandwidth,25.0,naive,0,5.823595,0.985594,1.725268
aaaaalrc_s002_t000,bandwidth,25.0,naive,1,26.278065,1.000000,1.033951
aaaaalsq_s001_t000,bandwidth,25.0,naive,0,10.952915,0.999751,0.494865
aaaaalsx_s001_t000,bandwidth,25.0,naive,1,9.911813,0.999430,1.313094
aaaaalsx_s004_t001,bandwidth,25.0,naive,1,4.966818,0.971960,3.055921
aaaaaluz_s001_t001,bandwidth,25.0,naive,0,5.403826,0.980013,0.503015
aaaaalvw_s001_t000,bandwidth,25.0,naive,0,4.973568,0.972106,0.547195
aaaaalvz_s001_t000,bandwidth,25.0,naive,1,20.032152,1.000000,0.420495
aaaaalxk_s001_t000,bandwidth,25.0,naive,0,10.967302,0.999753,3.189813
aaaaalyr_s001_t000,bandwidth,25.0,naive,1,11.469406,0.999834,3.255948
aaaaalzk_s002_t001,bandwidth,25.0,naive,1,18.992132,1.000000,3.557486
aaaaamcb_s001_t001,bandwidth,25.0,naive,1,15.214823,0.999992,0.757821
aaaaamfe_s001_t001,bandwidth,25.0,naive,0,9.535448,0.999232,0.737247
aaaaamft_s001_t001,bandwidth,25.0,naive,1,11.054502,0.999770,2.512799
aaaaamfu_s001_t000,bandwidth,25.0,naive,0,10.956028,0.999751,1.055507
aaaaamhi_s001_t000,bandwidth,25.0,naive,1,16.806400,0.999998,5.887249
aaaaamhk_s001_t000,bandwidth,25.0,naive,1,10.641119,0.999681,0.927145
aaaaamjc_s001_t001,bandwidth,25.0,naive,1,18.182295,0.999999,1.243331
aaaaammh_s001_t001,bandwidth,25.0,naive,1,9.855172,0.999404,0.709894
aaaaamnq_s001_t000,bandwidth,25.0,naive,1,14.705598,0.999987,10.418484
aaaaamnq_s002_t000,bandwidth,25.0,naive,1,12.451241,0.999924,3.086751
aaaaamon_s001_t000,bandwidth,25.0,naive,0,9.764519,0.999360,5.303094
aaaaampz_s001_t000,bandwidth,25.0,naive,1,13.117318,0.999955,8.892549
aaaaamrj_s001_t000,bandwidth,25.0,naive,0,8.024019,0.997457,1.470872
aaaaamsc_s001_t000,bandwidth,25.0,naive,1,9.905953,0.999428,0.249810
aaaaamtb_s001_t000,bandwidth,25.0,naive,0,14.506145,0.999985,0.602241
aaaaamuc_s001_t000,bandwidth,25.0,naive,0,7.792063,0.996945,0.522528
aaaaamxn_s001_t000,bandwidth,25.0,naive,1,6.601919,0.992180,1.387892
aaaaamyb_s001_t001,bandwidth,25.0,naive,0,8.732657,0.998549,3.812819
aaaaamye_s001_t000,bandwidth,25.0,naive,1,18.720848,0.999999,1.049831
aaaaamzi_s001_t001,bandwidth,25.0,naive,1,17.682991,0.999999,1.630890
aaaaamzl_s001_t000,bandwidth,25.0,naive,0,4.060159,0.944075,1.109980
aaaaamzx_s001_t000,bandwidth,25.0,naive,0,2.968293,0.876501,7.860628
aaaaanbq_s001_t000,bandwidth,25.0,naive,0,5.196646,0.976525,1.591048
aaaaanek_s001_t000,bandwidth,25.0,naive,0,5.380329,0.979645,0.874362
aaaaangp_s001_t000,bandwidth,25.0,naive,0,7.029765,0.994419,0.159309
aaaaanhb_s001_t003,bandwidth,25.0,naive,1,13.275023,0.999960,5.577207
aaaaanhb_s003_t001,bandwidth,25.0,naive,1,13.906549,0.999976,0.708049
aaaaanhb_s005_t000,bandwidth,25.0,naive,1,16.958975,0.999998,2.178461
aaaaankf_s001_t000,bandwidth,25.0,naive,1,15.763536,0.999995,1.881508
aaaaanlp_s001_t000,bandwidth,25.0,naive,0,6.055905,0.987991,1.020432
aaaaanmc_s001_t000,bandwidth,25.0,naive,1,13.796585,0.999974,4.061076
aaaaanop_s001_t000,bandwidth,25.0,naive,0,9.681768,0.999316,5.359168
aaaaanoz_s001_t000,bandwidth,25.0,naive,1,11.107000,0.999779,1.444982
aaaaanpr_s001_t002,bandwidth,25.0,naive,1,11.841743,0.999877,2.234340
aaaaanqe_s001_t000,bandwidth,25.0,naive,0,5.906470,0.986499,0.297497
aaaaanro_s001_t000,bandwidth,25.0,naive,1,11.673856,0.999859,5.916615
aaaaansj_s001_t000,bandwidth,25.0,naive,1,14.136101,0.999980,6.073564
aaaaanta_s001_t000,bandwidth,25.0,naive,1,12.822010,0.999943,6.949687
aaaaanum_s001_t000,bandwidth,25.0,naive,0,7.399198,0.995831,1.523789
aaaaanvb_s002_t000,bandwidth,25.0,naive,0,4.603871,0.962948,0.187526
aaaaanvg_s001_t002,bandwidth,25.0,naive,0,9.725847,0.999340,0.595065
aaaaanvw_s001_t000,bandwidth,25.0,naive,0,5.476539,0.981113,2.037452
aaaaanwc_s001_t001,bandwidth,25.0,naive,1,10.384174,0.999608,21.147314
aaaaanxl_s001_t000,bandwidth,25.0,naive,1,14.198496,0.999981,8.912506
aaaaanyb_s001_t001,bandwidth,25.0,naive,0,6.961733,0.994111,1.170989
aaaaanyt_s002_t000,bandwidth,25.0,naive,1,15.654800,0.999994,19.443821
aaaaanyw_s001_t000,bandwidth,25.0,naive,1,9.767446,0.999361,0.374119
aaaaanyw_s002_t000,bandwidth,25.0,naive,1,13.534021,0.999968,3.458624
aaaaanzh_s001_t000,bandwidth,25.0,naive,1,6.776758,0.993187,1.695864
aaaaanzu_s001_t003,bandwidth,25.0,naive,1,10.625772,0.999677,1.156398
aaaaaoav_s001_t000,bandwidth,25.0,naive,0,3.242189,0.898171,0.298665
aaaaaoav_s002_t000,bandwidth,25.0,naive,0,3.132025,0.889892,1.221012
aaaaaobi_s001_t000,bandwidth,25.0,naive,1,10.267408,0.999570,3.147774
aaaaaobl_s001_t000,bandwidth,25.0,naive,0,8.430096,0.998156,1.795266
aaaaaoby_s001_t000,bandwidth,25.0,naive,0,9.466619,0.999189,6.697032
aaaaaoda_s001_t000,bandwidth,25.0,naive,1,15.998034,0.999995,4.562798
aaaaaoeg_s001_t000,bandwidth,25.0,naive,0,7.823383,0.997019,0.157033
aaaaaofj_s001_t000,bandwidth,25.0,naive,0,7.430280,0.995933,3.892908
aaaaaofr_s001_t000,bandwidth,25.0,naive,0,9.983881,0.999462,0.705112
aaaaaofz_s001_t000,bandwidth,25.0,naive,0,6.603279,0.992189,0.802381
aaaaaohb_s001_t000,bandwidth,25.0,naive,1,12.530647,0.999929,0.501037
aaaaaohr_s002_t001,bandwidth,25.0,naive,1,12.253963,0.999911,1.342476
aaaaaoiq_s001_t000,bandwidth,25.0,naive,1,8.873940,0.998703,0.385463
aaaaaoiv_s001_t000,bandwidth,25.0,naive,1,8.068903,0.997546,0.315756
aaaaaoiv_s002_t001,bandwidth,25.0,naive,1,17.426680,0.999999,1.252232
aaaaaoiv_s003_t003,bandwidth,25.0,naive,1,15.424378,0.999993,0.280925
aaaaaojd_s001_t002,bandwidth,25.0,naive,0,11.217270,0.999798,2.567795
aaaaaokg_s001_t000,bandwidth,25.0,naive,0,14.847673,0.999989,8.583280
aaaaaoly_s001_t000,bandwidth,25.0,naive,0,8.908707,0.998738,8.493844
aaaaaome_s001_t000,bandwidth,25.0,naive,0,6.465643,0.991295,0.627615
aaaaaomx_s001_t000,bandwidth,25.0,naive,0,10.701603,0.999696,1.270349
aaaaaomy_s001_t000,bandwidth,25.0,naive,1,15.369184,0.999993,6.825297
aaaaaonb_s001_t000,bandwidth,25.0,naive,0,10.869639,0.999734,5.206310
aaaaaons_s002_t002,bandwidth,25.0,naive,1,14.753551,0.999988,1.538233
aaaaaopd_s001_t000,bandwidth,25.0,naive,0,8.351397,0.998038,8.954615
aaaaaopo_s001_t000,bandwidth,25.0,naive,0,5.621619,0.983132,0.219242
aaaaaora_s002_t000,bandwidth,25.0,naive,1,8.037271,0.997483,0.703634
aaaaaord_s001_t000,bandwidth,25.0,naive,1,7.129742,0.994843,4.434913
aaaaaosh_s001_t000,bandwidth,25.0,naive,1,8.995023,0.998822,0.422441
aaaaaosw_s001_t000,bandwidth,25.0,naive,0,10.968314,0.999754,4.493078
aaaaaote_s001_t000,bandwidth,25.0,naive,0,7.298494,0.995486,0.580481
aaaaaout_s001_t000,bandwidth,25.0,naive,1,11.766303,0.999869,0.688737
aaaaaovl_s001_t000,bandwidth,25.0,naive,1,13.670113,0.999971,0.194226
aaaaaovo_s001_t000,bandwidth,25.0,naive,1,16.814093,0.999998,1.155378
aaaaaowb_s001_t000,bandwidth,25.0,naive,0,5.022203,0.973134,0.850897
aaaaaoxf_s001_t000,bandwidth,25.0,naive,0,4.742732,0.966685,1.030938
aaaaaozf_s001_t001,bandwidth,25.0,naive,0,10.441427,0.999626,3.955927
aaaaapag_s001_t000,bandwidth,25.0,naive,0,6.232079,0.989541,1.473636
aaaaapar_s001_t000,bandwidth,25.0,naive,1,23.075886,1.000000,0.334664
aaaaapcb_s001_t000,bandwidth,25.0,naive,0,6.172396,0.989039,0.436416
aaaaapcy_s001_t002,bandwidth,25.0,naive,0,6.385829,0.990731,0.444044
aaaaapdg_s001_t000,bandwidth,25.0,naive,0,5.405991,0.980047,0.564024
aaaaaphs_s001_t000,bandwidth,25.0,naive,1,15.772079,0.999995,6.540472
aaaaaphw_s001_t000,bandwidth,25.0,naive,0,12.153090,0.999904,1.523906
aaaaapij_s001_t000,bandwidth,25.0,naive,0,6.826200,0.993447,0.825703
aaaaapjc_s001_t001,bandwidth,25.0,naive,0,6.291951,0.990022,1.022946
aaaaapka_s001_t000,bandwidth,25.0,naive,0,6.082631,0.988240,0.473174
aaaaapkx_s001_t001,bandwidth,25.0,naive,1,8.666953,0.998472,7.833442
aaaaaply_s001_t001,bandwidth,25.0,naive,1,14.138819,0.999980,1.751378
aaaaapmb_s002_t001,bandwidth,25.0,naive,1,5.598764,0.982829,2.237052
aaaaapmp_s001_t000,bandwidth,25.0,naive,1,7.609802,0.996471,0.496459
aaaaapnr_s001_t000,bandwidth,25.0,naive,1,7.952119,0.997308,1.282153
aaaaapoc_s001_t000,bandwidth,25.0,naive,1,13.437817,0.999965,4.105713
aaaaapof_s001_t000,bandwidth,25.0,naive,0,4.345902,0.954910,0.760063
aaaaapoo_s001_t000,bandwidth,25.0,naive,0,6.686324,0.992683,1.122544
aaaaapoq_s001_t000,bandwidth,25.0,naive,0,9.849433,0.999401,3.018680
aaaaappb_s001_t000,bandwidth,25.0,naive,0,7.631000,0.996529,1.400116
aaaaapqd_s001_t000,bandwidth,25.0,naive,1,5.472471,0.981053,0.748799
aaaaapqv_s001_t000,bandwidth,25.0,naive,0,5.526920,0.981840,4.428690
aaaaapta_s001_t000,bandwidth,25.0,naive,1,14.395090,0.999984,2.563885
aaaaapth_s001_t000,bandwidth,25.0,naive,1,13.532428,0.999968,1.209750
aaaaapua_s001_t001,bandwidth,25.0,naive,0,4.971662,0.972065,0.342309
aaaaapuu_s001_t000,bandwidth,25.0,naive,0,7.805562,0.996977,1.170264
aaaaapvw_s001_t001,bandwidth,25.0,naive,1,12.781501,0.999942,1.812833
aaaaapvy_s001_t000,bandwidth,25.0,naive,1,11.796400,0.999872,2.256854
aaaaapwn_s001_t001,bandwidth,25.0,naive,0,6.925761,0.993942,5.711318
aaaaapwo_s001_t001,bandwidth,25.0,naive,1,17.037647,0.999998,0.201111
aaaaapxm_s001_t001,bandwidth,25.0,naive,0,5.010005,0.972879,0.218722
aaaaapys_s001_t001,bandwidth,25.0,naive,1,21.040611,1.000000,1.026659
aaaaapys_s002_t001,bandwidth,25.0,naive,1,18.372452,0.999999,2.270058
aaaaaayx_s002_t000,bandwidth,30.0,canonicalized,0,6.468814,0.991317,3.743160
aaaaabdo_s003_t000,bandwidth,30.0,canonicalized,1,14.880266,0.999989,4.762703
aaaaabsk_s007_t000,bandwidth,30.0,canonicalized,1,8.112974,0.997630,0.775159
aaaaabuv_s002_t000,bandwidth,30.0,canonicalized,1,7.907010,0.997210,0.122026
aaaaacad_s003_t000,bandwidth,30.0,canonicalized,0,6.244628,0.989644,0.129603
aaaaacby_s004_t000,bandwidth,30.0,canonicalized,0,5.286308,0.978102,0.559307
aaaaaddm_s006_t000,bandwidth,30.0,canonicalized,1,9.284168,0.999063,2.695491
aaaaadeu_s002_t000,bandwidth,30.0,canonicalized,1,6.471642,0.991336,1.234542
aaaaadjk_s002_t000,bandwidth,30.0,canonicalized,0,1.413888,0.673960,0.360568
aaaaadkb_s002_t000,bandwidth,30.0,canonicalized,1,12.526386,0.999928,6.734774
aaaaadsm_s002_t001,bandwidth,30.0,canonicalized,0,2.084754,0.778775,1.363981
aaaaaeab_s003_t000,bandwidth,30.0,canonicalized,0,4.450617,0.958355,1.516155
aaaaaejc_s003_t001,bandwidth,30.0,canonicalized,0,8.327892,0.998001,0.338098
aaaaaezn_s003_t001,bandwidth,30.0,canonicalized,1,7.524654,0.996225,2.912138
aaaaafhl_s003_t000,bandwidth,30.0,canonicalized,1,5.285120,0.978082,1.889455
aaaaagfk_s003_t000,bandwidth,30.0,canonicalized,0,2.982280,0.877697,0.649528
aaaaagsc_s003_t001,bandwidth,30.0,canonicalized,1,11.248167,0.999803,20.317211
aaaaagsc_s006_t001,bandwidth,30.0,canonicalized,1,4.376736,0.955952,0.385223
aaaaaguk_s002_t001,bandwidth,30.0,canonicalized,0,3.094290,0.886923,0.744974
aaaaagvx_s002_t000,bandwidth,30.0,canonicalized,1,4.178261,0.948822,2.034114
aaaaagvx_s003_t001,bandwidth,30.0,canonicalized,1,6.301733,0.990098,4.861691
aaaaagyr_s002_t000,bandwidth,30.0,canonicalized,1,4.901099,0.970503,0.684439
aaaaahie_s005_t001,bandwidth,30.0,canonicalized,1,14.479486,0.999985,0.832465
aaaaahsv_s002_t000,bandwidth,30.0,canonicalized,0,6.789762,0.993256,0.403450
aaaaahte_s002_t000,bandwidth,30.0,canonicalized,1,16.215328,0.999996,4.220909
aaaaahte_s003_t000,bandwidth,30.0,canonicalized,1,13.258335,0.999960,0.639870
aaaaahuy_s002_t000,bandwidth,30.0,canonicalized,1,3.066594,0.884700,0.165390
aaaaahzi_s001_t000,bandwidth,30.0,canonicalized,0,7.758126,0.996861,0.667125
aaaaahzm_s001_t001,bandwidth,30.0,canonicalized,0,3.130277,0.889756,0.153737
aaaaahzq_s001_t000,bandwidth,30.0,canonicalized,0,4.677386,0.964974,0.582478
aaaaahzs_s001_t001,bandwidth,30.0,canonicalized,0,6.629050,0.992346,1.161497
aaaaaiae_s001_t000,bandwidth,30.0,canonicalized,0,3.462529,0.913087,1.011359
aaaaaibx_s001_t000,bandwidth,30.0,canonicalized,0,5.003389,0.972741,1.048042
aaaaaiby_s001_t000,bandwidth,30.0,canonicalized,0,8.666632,0.998471,1.392387
aaaaaici_s001_t000,bandwidth,30.0,canonicalized,0,5.505722,0.981537,4.501736
aaaaaicn_s001_t000,bandwidth,30.0,canonicalized,0,4.993176,0.972525,1.854619
aaaaaijh_s002_t000,bandwidth,30.0,canonicalized,1,3.822664,0.933250,0.233467
aaaaaijn_s001_t001,bandwidth,30.0,canonicalized,0,4.801914,0.968165,0.520388
aaaaairb_s001_t001,bandwidth,30.0,canonicalized,0,6.775299,0.993179,1.690361
aaaaairo_s001_t000,bandwidth,30.0,canonicalized,0,5.992987,0.987383,1.217759
aaaaaitt_s001_t000,bandwidth,30.0,canonicalized,0,5.316128,0.978604,3.859528
aaaaaiue_s004_t000,bandwidth,30.0,canonicalized,1,7.729385,0.996789,0.560068
aaaaaiuo_s002_t000,bandwidth,30.0,canonicalized,0,5.505142,0.981529,1.813535
aaaaaiwz_s001_t001,bandwidth,30.0,canonicalized,0,4.430934,0.957728,0.706302
aaaaaiyy_s001_t001,bandwidth,30.0,canonicalized,0,5.094296,0.974590,0.226998
aaaaaizd_s001_t001,bandwidth,30.0,canonicalized,0,6.264638,0.989805,3.570230
aaaaaizs_s001_t000,bandwidth,30.0,canonicalized,0,5.641505,0.983392,0.279154
aaaaajae_s001_t001,bandwidth,30.0,canonicalized,0,8.857555,0.998686,2.723740
aaaaajah_s002_t001,bandwidth,30.0,canonicalized,1,7.404445,0.995849,0.474438
aaaaajah_s004_t000,bandwidth,30.0,canonicalized,1,6.526657,0.991703,1.542564
aaaaajal_s001_t001,bandwidth,30.0,canonicalized,0,5.440490,0.980575,0.496000
aaaaajam_s001_t000,bandwidth,30.0,canonicalized,1,4.717218,0.966027,0.177036
aaaaajar_s001_t001,bandwidth,30.0,canonicalized,0,4.837576,0.969026,0.015826
aaaaajbb_s001_t000,bandwidth,30.0,canonicalized,0,8.499253,0.998255,0.298362
aaaaajbh_s002_t000,bandwidth,30.0,canonicalized,0,2.083408,0.778591,0.267864
aaaaajce_s001_t000,bandwidth,30.0,canonicalized,0,4.215983,0.950256,0.350486
aaaaajci_s001_t000,bandwidth,30.0,canonicalized,0,4.500051,0.959893,0.192305
aaaaajck_s001_t000,bandwidth,30.0,canonicalized,0,5.314370,0.978574,0.235777
aaaaajct_s001_t000,bandwidth,30.0,canonicalized,0,6.324725,0.990275,2.890058
aaaaajcu_s001_t000,bandwidth,30.0,canonicalized,0,5.415394,0.980192,2.405521
aaaaajda_s001_t000,bandwidth,30.0,canonicalized,0,5.088725,0.974480,0.515088
aaaaajdb_s001_t000,bandwidth,30.0,canonicalized,0,6.251480,0.989699,0.958006
aaaaajdv_s001_t000,bandwidth,30.0,canonicalized,0,8.991976,0.998819,2.349121
aaaaajdy_s001_t000,bandwidth,30.0,canonicalized,0,4.797585,0.968059,1.794400
aaaaajdz_s001_t000,bandwidth,30.0,canonicalized,0,5.838948,0.985766,0.490100
aaaaajea_s001_t000,bandwidth,30.0,canonicalized,0,7.158051,0.994957,4.356485
aaaaajen_s001_t000,bandwidth,30.0,canonicalized,0,4.813625,0.968450,0.436010
aaaaajey_s001_t000,bandwidth,30.0,canonicalized,0,5.122350,0.975135,0.365162
aaaaajfb_s001_t000,bandwidth,30.0,canonicalized,0,4.658595,0.964466,1.002642
aaaaajfe_s001_t000,bandwidth,30.0,canonicalized,0,5.651984,0.983527,1.318595
aaaaajff_s001_t000,bandwidth,30.0,canonicalized,0,4.652706,0.964306,0.357426
aaaaajfi_s001_t001,bandwidth,30.0,canonicalized,0,6.779124,0.993199,3.057518
aaaaajfn_s001_t001,bandwidth,30.0,canonicalized,0,2.169932,0.790201,0.875202
aaaaajfy_s001_t000,bandwidth,30.0,canonicalized,0,4.298264,0.953254,0.648575
aaaaajga_s001_t001,bandwidth,30.0,canonicalized,0,10.407068,0.999615,2.210516
aaaaajhy_s001_t000,bandwidth,30.0,canonicalized,0,4.304584,0.953477,1.226836
aaaaajit_s001_t001,bandwidth,30.0,canonicalized,0,5.370831,0.979494,0.243745
aaaaajiu_s001_t000,bandwidth,30.0,canonicalized,0,9.788312,0.999372,3.227475
aaaaajiy_s001_t001,bandwidth,30.0,canonicalized,0,5.385972,0.979734,0.104733
aaaaajiz_s001_t000,bandwidth,30.0,canonicalized,0,5.920575,0.986647,0.485537
aaaaajjb_s001_t001,bandwidth,30.0,canonicalized,0,5.455407,0.980799,2.434096
aaaaajje_s001_t000,bandwidth,30.0,canonicalized,0,5.753456,0.984782,0.651046
aaaaajjk_s001_t000,bandwidth,30.0,canonicalized,0,8.270405,0.997908,0.598990
aaaaajna_s001_t000,bandwidth,30.0,canonicalized,0,4.075442,0.944711,0.411610
aaaaajnu_s001_t000,bandwidth,30.0,canonicalized,0,5.965095,0.987105,3.737474
aaaaajon_s001_t000,bandwidth,30.0,canonicalized,0,6.949977,0.994056,4.307943
aaaaajoo_s002_t001,bandwidth,30.0,canonicalized,1,4.716937,0.966019,1.107631
aaaaajpg_s001_t001,bandwidth,30.0,canonicalized,0,7.186326,0.995068,0.518493
aaaaajqh_s004_t000,bandwidth,30.0,canonicalized,1,13.565691,0.999969,2.324247
aaaaajqk_s003_t001,bandwidth,30.0,canonicalized,1,8.802443,0.998627,0.269901
aaaaajrf_s001_t000,bandwidth,30.0,canonicalized,1,18.140484,0.999999,4.478029
aaaaajrf_s002_t000,bandwidth,30.0,canonicalized,1,20.753696,1.000000,4.498300
aaaaajrf_s003_t002,bandwidth,30.0,canonicalized,1,18.911987,1.000000,5.149490
aaaaajrf_s004_t000,bandwidth,30.0,canonicalized,1,9.230797,0.999022,1.678154
aaaaajso_s001_t000,bandwidth,30.0,canonicalized,1,14.620561,0.999986,6.881280
aaaaajtg_s001_t000,bandwidth,30.0,canonicalized,0,7.475870,0.996076,4.118701
aaaaajtu_s001_t000,bandwidth,30.0,canonicalized,0,9.509279,0.999216,3.488500
aaaaajuh_s001_t000,bandwidth,30.0,canonicalized,1,12.631626,0.999934,9.278118
aaaaajun_s001_t000,bandwidth,30.0,canonicalized,0,5.993825,0.987392,0.347775
aaaaajvh_s001_t001,bandwidth,30.0,canonicalized,0,6.308714,0.990152,1.591715
aaaaajxp_s001_t000,bandwidth,30.0,canonicalized,0,3.234120,0.897583,0.681027
aaaaakck_s001_t001,bandwidth,30.0,canonicalized,1,7.582004,0.996392,0.869125
aaaaakcx_s001_t001,bandwidth,30.0,canonicalized,1,17.779175,0.999999,1.608673
aaaaakcy_s005_t001,bandwidth,30.0,canonicalized,1,16.697651,0.999997,1.345829
aaaaakdj_s001_t000,bandwidth,30.0,canonicalized,1,7.866401,0.997119,0.104290
aaaaakdo_s001_t000,bandwidth,30.0,canonicalized,1,4.917779,0.970880,1.696432
aaaaakeq_s001_t000,bandwidth,30.0,canonicalized,1,9.531111,0.999230,5.696106
aaaaakeq_s002_t000,bandwidth,30.0,canonicalized,1,7.733584,0.996800,1.321987
aaaaakeq_s003_t000,bandwidth,30.0,canonicalized,1,9.866137,0.999409,2.136882
aaaaakev_s001_t001,bandwidth,30.0,canonicalized,1,19.495350,1.000000,12.230000
aaaaakev_s002_t000,bandwidth,30.0,canonicalized,1,18.733074,0.999999,3.022630
aaaaakft_s001_t000,bandwidth,30.0,canonicalized,0,6.783721,0.993224,1.630936
aaaaakgp_s001_t001,bandwidth,30.0,canonicalized,0,7.794363,0.996950,0.867382
aaaaakgu_s001_t000,bandwidth,30.0,canonicalized,1,3.214983,0.896179,0.222967
aaaaakjk_s002_t002,bandwidth,30.0,canonicalized,1,10.966070,0.999753,1.475257
aaaaakjk_s003_t000,bandwidth,30.0,canonicalized,1,7.577300,0.996379,0.975527
aaaaakka_s001_t001,bandwidth,30.0,canonicalized,0,8.095001,0.997596,0.287302
aaaaakmg_s003_t001,bandwidth,30.0,canonicalized,1,15.855349,0.999995,1.861711
aaaaakmh_s001_t000,bandwidth,30.0,canonicalized,1,8.685925,0.998494,5.200933
aaaaaknt_s001_t000,bandwidth,30.0,canonicalized,1,9.062637,0.998883,1.123856
aaaaakoo_s001_t001,bandwidth,30.0,canonicalized,1,19.254616,1.000000,3.538604
aaaaakqg_s001_t001,bandwidth,30.0,canonicalized,0,5.682310,0.983913,0.742558
aaaaakqr_s001_t000,bandwidth,30.0,canonicalized,0,1.920697,0.755534,1.456957
aaaaakrt_s001_t001,bandwidth,30.0,canonicalized,1,10.141118,0.999525,0.415132
aaaaakrt_s002_t001,bandwidth,30.0,canonicalized,1,11.858148,0.999878,3.556969
aaaaaksb_s001_t000,bandwidth,30.0,canonicalized,0,3.004001,0.879535,1.933809
aaaaaksu_s001_t001,bandwidth,30.0,canonicalized,0,7.639191,0.996552,0.209465
aaaaakxz_s001_t001,bandwidth,30.0,canonicalized,1,3.878292,0.935948,0.297339
aaaaakxz_s002_t001,bandwidth,30.0,canonicalized,1,8.856697,0.998685,3.040913
aaaaalaf_s001_t000,bandwidth,30.0,canonicalized,0,6.121777,0.988595,0.210082
aaaaalau_s001_t000,bandwidth,30.0,canonicalized,1,13.772291,0.999973,2.550413
aaaaalbh_s001_t000,bandwidth,30.0,canonicalized,1,9.403683,0.999148,5.441419
aaaaalbt_s001_t001,bandwidth,30.0,canonicalized,0,4.487867,0.959519,0.472994
aaaaalbt_s002_t000,bandwidth,30.0,canonicalized,0,4.165245,0.948318,0.455974
aaaaalbz_s006_t000,bandwidth,30.0,canonicalized,1,15.537134,0.999993,6.636246
aaaaalid_s001_t001,bandwidth,30.0,canonicalized,0,12.037569,0.999895,3.516223
aaaaaljf_s001_t000,bandwidth,30.0,canonicalized,1,9.986302,0.999463,2.933388
aaaaaljj_s001_t000,bandwidth,30.0,canonicalized,0,3.739178,0.929002,0.077573
aaaaallc_s001_t001,bandwidth,30.0,canonicalized,0,5.995805,0.987411,1.350260
aaaaalle_s002_t000,bandwidth,30.0,canonicalized,1,6.953874,0.994075,0.972924
aaaaalox_s001_t001,bandwidth,30.0,canonicalized,0,12.416533,0.999922,5.522665
aaaaalpv_s001_t000,bandwidth,30.0,canonicalized,0,6.458721,0.991248,2.852104
aaaaalqa_s001_t000,bandwidth,30.0,canonicalized,0,5.580487,0.982582,1.793250
aaaaalqr_s001_t001,bandwidth,30.0,canonicalized,1,9.470413,0.999192,1.811471
aaaaalqs_s001_t001,bandwidth,30.0,canonicalized,0,2.763908,0.857845,0.428678
aaaaalqx_s001_t000,bandwidth,30.0,canonicalized,0,4.232019,0.950854,1.480767
aaaaalrc_s002_t000,bandwidth,30.0,canonicalized,1,24.163353,1.000000,1.639073
aaaaalsq_s001_t000,bandwidth,30.0,canonicalized,0,9.045479,0.998868,0.515884
aaaaalsx_s001_t000,bandwidth,30.0,canonicalized,1,6.936670,0.993994,1.621772
aaaaalsx_s004_t001,bandwidth,30.0,canonicalized,1,2.298260,0.806586,1.956485
aaaaaluz_s001_t001,bandwidth,30.0,canonicalized,0,4.596065,0.962726,0.408884
aaaaalvw_s001_t000,bandwidth,30.0,canonicalized,0,4.255822,0.951730,0.465397
aaaaalvz_s001_t000,bandwidth,30.0,canonicalized,1,18.702402,0.999999,0.687421
aaaaalxk_s001_t000,bandwidth,30.0,canonicalized,0,8.888165,0.998717,1.888529
aaaaalyr_s001_t000,bandwidth,30.0,canonicalized,1,7.869953,0.997127,2.405720
aaaaalzk_s002_t001,bandwidth,30.0,canonicalized,1,16.370346,0.999997,7.392638
aaaaamcb_s001_t001,bandwidth,30.0,canonicalized,1,13.239069,0.999959,0.653293
aaaaamfe_s001_t001,bandwidth,30.0,canonicalized,0,7.987945,0.997383,0.545220
aaaaamft_s001_t001,bandwidth,30.0,canonicalized,1,7.685728,0.996676,1.082106
aaaaamfu_s001_t000,bandwidth,30.0,canonicalized,0,8.741800,0.998560,0.575888
aaaaamhi_s001_t000,bandwidth,30.0,canonicalized,1,15.184430,0.999991,5.100272
aaaaamhk_s001_t000,bandwidth,30.0,canonicalized,1,8.745725,0.998564,0.695372
aaaaamjc_s001_t001,bandwidth,30.0,canonicalized,1,15.328442,0.999992,1.244197
aaaaammh_s001_t001,bandwidth,30.0,canonicalized,1,7.453772,0.996007,0.907108
aaaaamnq_s001_t000,bandwidth,30.0,canonicalized,1,13.162817,0.999957,8.285563
aaaaamnq_s002_t000,bandwidth,30.0,canonicalized,1,10.989079,0.999758,2.620251
aaaaamon_s001_t000,bandwidth,30.0,canonicalized,0,6.931066,0.993967,4.565362
aaaaampz_s001_t000,bandwidth,30.0,canonicalized,1,9.238359,0.999028,4.002260
aaaaamrj_s001_t000,bandwidth,30.0,canonicalized,0,6.147499,0.988823,0.936167
aaaaamsc_s001_t000,bandwidth,30.0,canonicalized,1,8.219743,0.997822,0.635550
aaaaamtb_s001_t000,bandwidth,30.0,canonicalized,0,11.790731,0.999872,0.956703
aaaaamuc_s001_t000,bandwidth,30.0,canonicalized,0,5.682055,0.983909,0.688563
aaaaamxn_s001_t000,bandwidth,30.0,canonicalized,1,4.912083,0.970752,1.081731
aaaaamyb_s001_t001,bandwidth,30.0,canonicalized,0,5.789966,0.985210,2.253412
aaaaamye_s001_t000,bandwidth,30.0,canonicalized,1,16.687592,0.999997,2.070127
aaaaamzi_s001_t001,bandwidth,30.0,canonicalized,1,14.788186,0.999988,3.307075
aaaaamzl_s001_t000,bandwidth,30.0,canonicalized,0,3.185240,0.893962,1.062733
aaaaamzx_s001_t000,bandwidth,30.0,canonicalized,0,1.698300,0.721489,6.353240
aaaaanbq_s001_t000,bandwidth,30.0,canonicalized,0,3.378686,0.907659,1.964694
aaaaanek_s001_t000,bandwidth,30.0,canonicalized,0,4.480516,0.959292,0.584764
aaaaangp_s001_t000,bandwidth,30.0,canonicalized,0,4.382004,0.956127,0.354941
aaaaanhb_s001_t003,bandwidth,30.0,canonicalized,1,11.079483,0.999774,3.910302
aaaaanhb_s003_t001,bandwidth,30.0,canonicalized,1,9.467310,0.999190,1.280350
aaaaanhb_s005_t000,bandwidth,30.0,canonicalized,1,11.101478,0.999778,2.149175
aaaaankf_s001_t000,bandwidth,30.0,canonicalized,1,14.075676,0.999979,1.911111
aaaaanlp_s001_t000,bandwidth,30.0,canonicalized,0,4.661781,0.964553,0.371667
aaaaanmc_s001_t000,bandwidth,30.0,canonicalized,1,11.557907,0.999846,4.395024
aaaaanop_s001_t000,bandwidth,30.0,canonicalized,0,7.162354,0.994974,4.195027
aaaaanoz_s001_t000,bandwidth,30.0,canonicalized,1,8.321499,0.997991,0.937575
aaaaanpr_s001_t002,bandwidth,30.0,canonicalized,1,9.109701,0.998924,2.608704
aaaaanqe_s001_t000,bandwidth,30.0,canonicalized,0,4.784324,0.967732,0.405802
aaaaanro_s001_t000,bandwidth,30.0,canonicalized,1,10.070953,0.999498,5.072036
aaaaansj_s001_t000,bandwidth,30.0,canonicalized,1,11.466850,0.999834,3.957350
aaaaanta_s001_t000,bandwidth,30.0,canonicalized,1,10.602556,0.999671,4.036395
aaaaanum_s001_t000,bandwidth,30.0,canonicalized,0,6.108758,0.988478,1.498803
aaaaanvb_s002_t000,bandwidth,30.0,canonicalized,0,3.755357,0.929844,0.195410
aaaaanvg_s001_t002,bandwidth,30.0,canonicalized,0,7.660257,0.996609,0.762043
aaaaanvw_s001_t000,bandwidth,30.0,canonicalized,0,4.339899,0.954704,1.150459
aaaaanwc_s001_t001,bandwidth,30.0,canonicalized,1,7.653777,0.996591,33.988728
aaaaanxl_s001_t000,bandwidth,30.0,canonicalized,1,11.776578,0.999870,4.771224
aaaaanyb_s001_t001,bandwidth,30.0,canonicalized,0,4.893626,0.970333,0.643535
aaaaanyt_s002_t000,bandwidth,30.0,canonicalized,1,13.026407,0.999952,11.339726
aaaaanyw_s001_t000,bandwidth,30.0,canonicalized,1,7.571818,0.996363,0.214121
aaaaanyw_s002_t000,bandwidth,30.0,canonicalized,1,10.294312,0.999579,4.154920
aaaaanzh_s001_t000,bandwidth,30.0,canonicalized,1,5.479179,0.981152,1.554576
aaaaanzu_s001_t003,bandwidth,30.0,canonicalized,1,9.007732,0.998833,1.340987
aaaaaoav_s001_t000,bandwidth,30.0,canonicalized,0,2.433268,0.822753,0.123899
aaaaaoav_s002_t000,bandwidth,30.0,canonicalized,0,1.701373,0.721978,0.535997
aaaaaobi_s001_t000,bandwidth,30.0,canonicalized,1,8.389450,0.998096,2.489043
aaaaaobl_s001_t000,bandwidth,30.0,canonicalized,0,5.810671,0.985448,1.517401
aaaaaoby_s001_t000,bandwidth,30.0,canonicalized,0,7.751859,0.996846,6.829911
aaaaaoda_s001_t000,bandwidth,30.0,canonicalized,1,13.728144,0.999972,3.226330
aaaaaoeg_s001_t000,bandwidth,30.0,canonicalized,0,6.742589,0.993001,0.282340
aaaaaofj_s001_t000,bandwidth,30.0,canonicalized,0,4.537302,0.961016,1.716846
aaaaaofr_s001_t000,bandwidth,30.0,canonicalized,0,8.101255,0.997608,0.564837
aaaaaofz_s001_t000,bandwidth,30.0,canonicalized,0,4.980498,0.972255,0.905321
aaaaaohb_s001_t000,bandwidth,30.0,canonicalized,1,10.099220,0.999509,0.421466
aaaaaohr_s002_t001,bandwidth,30.0,canonicalized,1,10.485276,0.999639,1.334824
aaaaaoiq_s001_t000,bandwidth,30.0,canonicalized,1,8.067961,0.997544,0.131292
aaaaaoiv_s001_t000,bandwidth,30.0,canonicalized,1,5.776829,0.985058,0.203546
aaaaaoiv_s002_t001,bandwidth,30.0,canonicalized,1,15.769711,0.999995,1.357068
aaaaaoiv_s003_t003,bandwidth,30.0,canonicalized,1,13.103873,0.999955,0.183309
aaaaaojd_s001_t002,bandwidth,30.0,canonicalized,0,7.592310,0.996422,1.828300
aaaaaokg_s001_t000,bandwidth,30.0,canonicalized,0,11.841560,0.999877,6.694411
aaaaaoly_s001_t000,bandwidth,30.0,canonicalized,0,6.761403,0.993104,6.458762
aaaaaome_s001_t000,bandwidth,30.0,canonicalized,0,5.526580,0.981835,0.314088
aaaaaomx_s001_t000,bandwidth,30.0,canonicalized,0,8.029056,0.997467,0.967598
aaaaaomy_s001_t000,bandwidth,30.0,canonicalized,1,13.478720,0.999966,7.547996
aaaaaonb_s001_t000,bandwidth,30.0,canonicalized,0,8.280804,0.997925,3.186645
aaaaaons_s002_t002,bandwidth,30.0,canonicalized,1,12.908214,0.999947,1.690753
aaaaaopd_s001_t000,bandwidth,30.0,canonicalized,0,5.971283,0.987167,3.162512
aaaaaopo_s001_t000,bandwidth,30.0,canonicalized,0,4.948132,0.971553,0.156703
aaaaaora_s002_t000,bandwidth,30.0,canonicalized,1,6.735735,0.992963,0.726962
aaaaaord_s001_t000,bandwidth,30.0,canonicalized,1,5.500599,0.981463,2.940535
aaaaaosh_s001_t000,bandwidth,30.0,canonicalized,1,7.719542,0.996764,0.681351
aaaaaosw_s001_t000,bandwidth,30.0,canonicalized,0,8.153523,0.997705,4.867565
aaaaaote_s001_t000,bandwidth,30.0,canonicalized,0,5.220378,0.976953,0.435149
aaaaaout_s001_t000,bandwidth,30.0,canonicalized,1,9.651102,0.999300,1.001897
aaaaaovl_s001_t000,bandwidth,30.0,canonicalized,1,9.655204,0.999302,0.244947
aaaaaovo_s001_t000,bandwidth,30.0,canonicalized,1,13.810424,0.999974,1.711383
aaaaaowb_s001_t000,bandwidth,30.0,canonicalized,0,3.626425,0.922869,0.307755
aaaaaoxf_s001_t000,bandwidth,30.0,canonicalized,0,3.192339,0.894495,0.486791
aaaaaozf_s001_t001,bandwidth,30.0,canonicalized,0,7.936494,0.997275,2.304437
aaaaapag_s001_t000,bandwidth,30.0,canonicalized,0,5.254525,0.977556,1.268868
aaaaapar_s001_t000,bandwidth,30.0,canonicalized,1,22.187111,1.000000,0.336058
aaaaapcb_s001_t000,bandwidth,30.0,canonicalized,0,3.861709,0.935154,0.416043
aaaaapcy_s001_t002,bandwidth,30.0,canonicalized,0,5.124749,0.975181,0.441986
aaaaapdg_s001_t000,bandwidth,30.0,canonicalized,0,4.456635,0.958546,0.355855
aaaaaphs_s001_t000,bandwidth,30.0,canonicalized,1,12.873798,0.999946,4.068311
aaaaaphw_s001_t000,bandwidth,30.0,canonicalized,0,9.986407,0.999463,1.468628
aaaaapij_s001_t000,bandwidth,30.0,canonicalized,0,4.359390,0.955368,0.698791
aaaaapjc_s001_t001,bandwidth,30.0,canonicalized,0,4.636867,0.963871,0.933727
aaaaapka_s001_t000,bandwidth,30.0,canonicalized,0,4.509190,0.960172,0.603293
aaaaapkx_s001_t001,bandwidth,30.0,canonicalized,1,6.792837,0.993272,5.210958
aaaaaply_s001_t001,bandwidth,30.0,canonicalized,1,12.445251,0.999924,1.423395
aaaaapmb_s002_t001,bandwidth,30.0,canonicalized,1,3.081728,0.885919,1.020492
aaaaapmp_s001_t000,bandwidth,30.0,canonicalized,1,6.061025,0.988039,0.132167
aaaaapnr_s001_t000,bandwidth,30.0,canonicalized,1,4.830978,0.968868,0.798634
aaaaapoc_s001_t000,bandwidth,30.0,canonicalized,1,11.573587,0.999848,2.655703
aaaaapof_s001_t000,bandwidth,30.0,canonicalized,0,3.350399,0.905760,0.595036
aaaaapoo_s001_t000,bandwidth,30.0,canonicalized,0,4.652170,0.964291,2.314970
aaaaapoq_s001_t000,bandwidth,30.0,canonicalized,0,8.225616,0.997832,1.707666
aaaaappb_s001_t000,bandwidth,30.0,canonicalized,0,5.186271,0.976336,0.478099
aaaaapqd_s001_t000,bandwidth,30.0,canonicalized,1,2.524286,0.833042,0.435339
aaaaapqv_s001_t000,bandwidth,30.0,canonicalized,0,3.345677,0.905440,1.980417
aaaaapta_s001_t000,bandwidth,30.0,canonicalized,1,12.011435,0.999892,2.770120
aaaaapth_s001_t000,bandwidth,30.0,canonicalized,1,8.694452,0.998505,1.133934
aaaaapua_s001_t001,bandwidth,30.0,canonicalized,0,4.108701,0.946074,0.167367
aaaaapuu_s001_t000,bandwidth,30.0,canonicalized,0,5.733207,0.984540,0.806535
aaaaapvw_s001_t001,bandwidth,30.0,canonicalized,1,10.687727,0.999692,1.184133
aaaaapvy_s001_t000,bandwidth,30.0,canonicalized,1,8.057555,0.997524,1.106152
aaaaapwn_s001_t001,bandwidth,30.0,canonicalized,0,4.976619,0.972172,5.159300
aaaaapwo_s001_t001,bandwidth,30.0,canonicalized,1,15.097031,0.999991,0.937746
aaaaapxm_s001_t001,bandwidth,30.0,canonicalized,0,4.075996,0.944734,0.169836
aaaaapys_s001_t001,bandwidth,30.0,canonicalized,1,19.683323,1.000000,0.818178
aaaaapys_s002_t001,bandwidth,30.0,canonicalized,1,15.985481,0.999995,2.091558
aaaaaayx_s002_t000,bandwidth,30.0,naive,0,6.468814,0.991317,3.743160
aaaaabdo_s003_t000,bandwidth,30.0,naive,1,14.880266,0.999989,4.762703
aaaaabsk_s007_t000,bandwidth,30.0,naive,1,8.112974,0.997630,0.775159
aaaaabuv_s002_t000,bandwidth,30.0,naive,1,7.907010,0.997210,0.122026
aaaaacad_s003_t000,bandwidth,30.0,naive,0,6.244628,0.989644,0.129603
aaaaacby_s004_t000,bandwidth,30.0,naive,0,5.286308,0.978102,0.559307
aaaaaddm_s006_t000,bandwidth,30.0,naive,1,9.284168,0.999063,2.695491
aaaaadeu_s002_t000,bandwidth,30.0,naive,1,6.471642,0.991336,1.234542
aaaaadjk_s002_t000,bandwidth,30.0,naive,0,1.413888,0.673960,0.360568
aaaaadkb_s002_t000,bandwidth,30.0,naive,1,12.526386,0.999928,6.734774
aaaaadsm_s002_t001,bandwidth,30.0,naive,0,2.084754,0.778775,1.363981
aaaaaeab_s003_t000,bandwidth,30.0,naive,0,4.450617,0.958355,1.516155
aaaaaejc_s003_t001,bandwidth,30.0,naive,0,8.327892,0.998001,0.338098
aaaaaezn_s003_t001,bandwidth,30.0,naive,1,7.524654,0.996225,2.912138
aaaaafhl_s003_t000,bandwidth,30.0,naive,1,5.285120,0.978082,1.889455
aaaaagfk_s003_t000,bandwidth,30.0,naive,0,2.982280,0.877697,0.649528
aaaaagsc_s003_t001,bandwidth,30.0,naive,1,11.248167,0.999803,20.317211
aaaaagsc_s006_t001,bandwidth,30.0,naive,1,4.376736,0.955952,0.385223
aaaaaguk_s002_t001,bandwidth,30.0,naive,0,3.094290,0.886923,0.744974
aaaaagvx_s002_t000,bandwidth,30.0,naive,1,4.178261,0.948822,2.034114
aaaaagvx_s003_t001,bandwidth,30.0,naive,1,6.301733,0.990098,4.861691
aaaaagyr_s002_t000,bandwidth,30.0,naive,1,4.901099,0.970503,0.684439
aaaaahie_s005_t001,bandwidth,30.0,naive,1,14.479486,0.999985,0.832465
aaaaahsv_s002_t000,bandwidth,30.0,naive,0,6.789762,0.993256,0.403450
aaaaahte_s002_t000,bandwidth,30.0,naive,1,16.215328,0.999996,4.220909
aaaaahte_s003_t000,bandwidth,30.0,naive,1,13.258335,0.999960,0.639870
aaaaahuy_s002_t000,bandwidth,30.0,naive,1,3.066594,0.884700,0.165390
aaaaahzi_s001_t000,bandwidth,30.0,naive,0,7.758126,0.996861,0.667125
aaaaahzm_s001_t001,bandwidth,30.0,naive,0,3.130277,0.889756,0.153737
aaaaahzq_s001_t000,bandwidth,30.0,naive,0,4.677386,0.964974,0.582478
aaaaahzs_s001_t001,bandwidth,30.0,naive,0,6.629050,0.992346,1.161497
aaaaaiae_s001_t000,bandwidth,30.0,naive,0,3.462529,0.913087,1.011359
aaaaaibx_s001_t000,bandwidth,30.0,naive,0,5.003389,0.972741,1.048042
aaaaaiby_s001_t000,bandwidth,30.0,naive,0,8.666632,0.998471,1.392387
aaaaaici_s001_t000,bandwidth,30.0,naive,0,5.505722,0.981537,4.501736
aaaaaicn_s001_t000,bandwidth,30.0,naive,0,4.993176,0.972525,1.854619
aaaaaijh_s002_t000,bandwidth,30.0,naive,1,3.822664,0.933250,0.233467
aaaaaijn_s001_t001,bandwidth,30.0,naive,0,4.801914,0.968165,0.520388
aaaaairb_s001_t001,bandwidth,30.0,naive,0,6.775299,0.993179,1.690361
aaaaairo_s001_t000,bandwidth,30.0,naive,0,5.992987,0.987383,1.217759
aaaaaitt_s001_t000,bandwidth,30.0,naive,0,5.316128,0.978604,3.859528
aaaaaiue_s004_t000,bandwidth,30.0,naive,1,7.729385,0.996789,0.560068
aaaaaiuo_s002_t000,bandwidth,30.0,naive,0,5.505142,0.981529,1.813535
aaaaaiwz_s001_t001,bandwidth,30.0,naive,0,4.430934,0.957728,0.706302
aaaaaiyy_s001_t001,bandwidth,30.0,naive,0,5.094296,0.974590,0.226998
aaaaaizd_s001_t001,bandwidth,30.0,naive,0,6.264638,0.989805,3.570230
aaaaaizs_s001_t000,bandwidth,30.0,naive,0,5.641505,0.983392,0.279154
aaaaajae_s001_t001,bandwidth,30.0,naive,0,8.857555,0.998686,2.723740
aaaaajah_s002_t001,bandwidth,30.0,naive,1,7.404445,0.995849,0.474438
aaaaajah_s004_t000,bandwidth,30.0,naive,1,6.526657,0.991703,1.542564
aaaaajal_s001_t001,bandwidth,30.0,naive,0,5.440490,0.980575,0.496000
aaaaajam_s001_t000,bandwidth,30.0,naive,1,4.717218,0.966027,0.177036
aaaaajar_s001_t001,bandwidth,30.0,naive,0,4.837576,0.969026,0.015826
aaaaajbb_s001_t000,bandwidth,30.0,naive,0,8.499253,0.998255,0.298362
aaaaajbh_s002_t000,bandwidth,30.0,naive,0,2.083408,0.778591,0.267864
aaaaajce_s001_t000,bandwidth,30.0,naive,0,4.215983,0.950256,0.350486
aaaaajci_s001_t000,bandwidth,30.0,naive,0,4.500051,0.959893,0.192305
aaaaajck_s001_t000,bandwidth,30.0,naive,0,5.314370,0.978574,0.235777
aaaaajct_s001_t000,bandwidth,30.0,naive,0,6.324725,0.990275,2.890058
aaaaajcu_s001_t000,bandwidth,30.0,naive,0,5.415394,0.980192,2.405521
aaaaajda_s001_t000,bandwidth,30.0,naive,0,5.088725,0.974480,0.515088
aaaaajdb_s001_t000,bandwidth,30.0,naive,0,6.251480,0.989699,0.958006
aaaaajdv_s001_t000,bandwidth,30.0,naive,0,8.991976,0.998819,2.349121
aaaaajdy_s001_t000,bandwidth,30.0,naive,0,4.797585,0.968059,1.794400
aaaaajdz_s001_t000,bandwidth,30.0,naive,0,5.838948,0.985766,0.490100
aaaaajea_s001_t000,bandwidth,30.0,naive,0,7.158051,0.994957,4.356485
aaaaajen_s001_t000,bandwidth,30.0,naive,0,4.813625,0.968450,0.436010
aaaaajey_s001_t000,bandwidth,30.0,naive,0,5.122350,0.975135,0.365162
aaaaajfb_s001_t000,bandwidth,30.0,naive,0,4.658595,0.964466,1.002642
aaaaajfe_s001_t000,bandwidth,30.0,naive,0,5.651984,0.983527,1.318595
aaaaajff_s001_t000,bandwidth,30.0,naive,0,4.652706,0.964306,0.357426
aaaaajfi_s001_t001,bandwidth,30.0,naive,0,6.779124,0.993199,3.057518
aaaaajfn_s001_t001,bandwidth,30.0,naive,0,2.169932,0.790201,0.875202
aaaaajfy_s001_t000,bandwidth,30.0,naive,0,4.298264,0.953254,0.648575
aaaaajga_s001_t001,bandwidth,30.0,naive,0,10.407068,0.999615,2.210516
aaaaajhy_s001_t000,bandwidth,30.0,naive,0,4.304584,0.953477,1.226836
aaaaajit_s001_t001,bandwidth,30.0,naive,0,5.370831,0.979494,0.243745
aaaaajiu_s001_t000,bandwidth,30.0,naive,0,9.788312,0.999372,3.227475
aaaaajiy_s001_t001,bandwidth,30.0,naive,0,5.385972,0.979734,0.104733
aaaaajiz_s001_t000,bandwidth,30.0,naive,0,5.920575,0.986647,0.485537
aaaaajjb_s001_t001,bandwidth,30.0,naive,0,5.455407,0.980799,2.434096
aaaaajje_s001_t000,bandwidth,30.0,naive,0,5.753456,0.984782,0.651046
aaaaajjk_s001_t000,bandwidth,30.0,naive,0,8.270405,0.997908,0.598990
aaaaajna_s001_t000,bandwidth,30.0,naive,0,4.075442,0.944711,0.411610
aaaaajnu_s001_t000,bandwidth,30.0,naive,0,5.965095,0.987105,3.737474
aaaaajon_s001_t000,bandwidth,30.0,naive,0,6.949977,0.994056,4.307943
aaaaajoo_s002_t001,bandwidth,30.0,naive,1,4.716937,0.966019,1.107631
aaaaajpg_s001_t001,bandwidth,30.0,naive,0,7.186326,0.995068,0.518493
aaaaajqh_s004_t000,bandwidth,30.0,naive,1,13.565691,0.999969,2.324247
aaaaajqk_s003_t001,bandwidth,30.0,naive,1,8.802443,0.998627,0.269901
aaaaajrf_s001_t000,bandwidth,30.0,naive,1,18.140484,0.999999,4.478029
aaaaajrf_s002_t000,bandwidth,30.0,naive,1,20.753696,1.000000,4.498300
aaaaajrf_s003_t002,bandwidth,30.0,naive,1,18.911987,1.000000,5.149490
aaaaajrf_s004_t000,bandwidth,30.0,naive,1,9.230797,0.999022,1.678154
aaaaajso_s001_t000,bandwidth,30.0,naive,1,14.620561,0.999986,6.881280
aaaaajtg_s001_t000,bandwidth,30.0,naive,0,7.475870,0.996076,4.118701
aaaaajtu_s001_t000,bandwidth,30.0,naive,0,9.509279,0.999216,3.488500
aaaaajuh_s001_t000,bandwidth,30.0,naive,1,12.631626,0.999934,9.278118
aaaaajun_s001_t000,bandwidth,30.0,naive,0,5.993825,0.987392,0.347775
aaaaajvh_s001_t001,bandwidth,30.0,naive,0,6.308714,0.990152,1.591715
aaaaajxp_s001_t000,bandwidth,30.0,naive,0,3.234120,0.897583,0.681027
aaaaakck_s001_t001,bandwidth,30.0,naive,1,7.582004,0.996392,0.869125
aaaaakcx_s001_t001,bandwidth,30.0,naive,1,17.779175,0.999999,1.608673
aaaaakcy_s005_t001,bandwidth,30.0,naive,1,16.697651,0.999997,1.345829
aaaaakdj_s001_t000,bandwidth,30.0,naive,1,7.866401,0.997119,0.104290
aaaaakdo_s001_t000,bandwidth,30.0,naive,1,4.917779,0.970880,1.696432
aaaaakeq_s001_t000,bandwidth,30.0,naive,1,9.531111,0.999230,5.696106
aaaaakeq_s002_t000,bandwidth,30.0,naive,1,7.733584,0.996800,1.321987
aaaaakeq_s003_t000,bandwidth,30.0,naive,1,9.866137,0.999409,2.136882
aaaaakev_s001_t001,bandwidth,30.0,naive,1,19.495350,1.000000,12.230000
aaaaakev_s002_t000,bandwidth,30.0,naive,1,18.733074,0.999999,3.022630
aaaaakft_s001_t000,bandwidth,30.0,naive,0,6.783721,0.993224,1.630936
aaaaakgp_s001_t001,bandwidth,30.0,naive,0,7.794363,0.996950,0.867382
aaaaakgu_s001_t000,bandwidth,30.0,naive,1,3.214983,0.896179,0.222967
aaaaakjk_s002_t002,bandwidth,30.0,naive,1,10.966070,0.999753,1.475257
aaaaakjk_s003_t000,bandwidth,30.0,naive,1,7.577300,0.996379,0.975527
aaaaakka_s001_t001,bandwidth,30.0,naive,0,8.095001,0.997596,0.287302
aaaaakmg_s003_t001,bandwidth,30.0,naive,1,15.855349,0.999995,1.861711
aaaaakmh_s001_t000,bandwidth,30.0,naive,1,8.685925,0.998494,5.200933
aaaaaknt_s001_t000,bandwidth,30.0,naive,1,9.062637,0.998883,1.123856
aaaaakoo_s001_t001,bandwidth,30.0,naive,1,19.254616,1.000000,3.538604
aaaaakqg_s001_t001,bandwidth,30.0,naive,0,5.682310,0.983913,0.742558
aaaaakqr_s001_t000,bandwidth,30.0,naive,0,1.920697,0.755534,1.456957
aaaaakrt_s001_t001,bandwidth,30.0,naive,1,10.141118,0.999525,0.415132
aaaaakrt_s002_t001,bandwidth,30.0,naive,1,11.858148,0.999878,3.556969
aaaaaksb_s001_t000,bandwidth,30.0,naive,0,3.004001,0.879535,1.933809
aaaaaksu_s001_t001,bandwidth,30.0,naive,0,7.639191,0.996552,0.209465
aaaaakxz_s001_t001,bandwidth,30.0,naive,1,3.878292,0.935948,0.297339
aaaaakxz_s002_t001,bandwidth,30.0,naive,1,8.856697,0.998685,3.040913
aaaaalaf_s001_t000,bandwidth,30.0,naive,0,6.121777,0.988595,0.210082
aaaaalau_s001_t000,bandwidth,30.0,naive,1,13.772291,0.999973,2.550413
aaaaalbh_s001_t000,bandwidth,30.0,naive,1,9.403683,0.999148,5.441419
aaaaalbt_s001_t001,bandwidth,30.0,naive,0,4.487867,0.959519,0.472994
aaaaalbt_s002_t000,bandwidth,30.0,naive,0,4.165245,0.948318,0.455974
aaaaalbz_s006_t000,bandwidth,30.0,naive,1,15.537134,0.999993,6.636246
aaaaalid_s001_t001,bandwidth,30.0,naive,0,12.037569,0.999895,3.516223
aaaaaljf_s001_t000,bandwidth,30.0,naive,1,9.986302,0.999463,2.933388
aaaaaljj_s001_t000,bandwidth,30.0,naive,0,3.739178,0.929002,0.077573
aaaaallc_s001_t001,bandwidth,30.0,naive,0,5.995805,0.987411,1.350260
aaaaalle_s002_t000,bandwidth,30.0,naive,1,6.953874,0.994075,0.972924
aaaaalox_s001_t001,bandwidth,30.0,naive,0,12.416533,0.999922,5.522665
aaaaalpv_s001_t000,bandwidth,30.0,naive,0,6.458721,0.991248,2.852104
aaaaalqa_s001_t000,bandwidth,30.0,naive,0,5.580487,0.982582,1.793250
aaaaalqr_s001_t001,bandwidth,30.0,naive,1,9.470413,0.999192,1.811471
aaaaalqs_s001_t001,bandwidth,30.0,naive,0,2.763908,0.857845,0.428678
aaaaalqx_s001_t000,bandwidth,30.0,naive,0,4.232019,0.950854,1.480767
aaaaalrc_s002_t000,bandwidth,30.0,naive,1,24.163353,1.000000,1.639073
aaaaalsq_s001_t000,bandwidth,30.0,naive,0,9.045479,0.998868,0.515884
aaaaalsx_s001_t000,bandwidth,30.0,naive,1,6.936670,0.993994,1.621772
aaaaalsx_s004_t001,bandwidth,30.0,naive,1,2.298260,0.806586,1.956485
aaaaaluz_s001_t001,bandwidth,30.0,naive,0,4.596065,0.962726,0.408884
aaaaalvw_s001_t000,bandwidth,30.0,naive,0,4.255822,0.951730,0.465397
aaaaalvz_s001_t000,bandwidth,30.0,naive,1,18.702402,0.999999,0.687421
aaaaalxk_s001_t000,bandwidth,30.0,naive,0,8.888165,0.998717,1.888529
aaaaalyr_s001_t000,bandwidth,30.0,naive,1,7.869953,0.997127,2.405720
aaaaalzk_s002_t001,bandwidth,30.0,naive,1,16.370346,0.999997,7.392638
aaaaamcb_s001_t001,bandwidth,30.0,naive,1,13.239069,0.999959,0.653293
aaaaamfe_s001_t001,bandwidth,30.0,naive,0,7.987945,0.997383,0.545220
aaaaamft_s001_t001,bandwidth,30.0,naive,1,7.685728,0.996676,1.082106
aaaaamfu_s001_t000,bandwidth,30.0,naive,0,8.741800,0.998560,0.575888
aaaaamhi_s001_t000,bandwidth,30.0,naive,1,15.184430,0.999991,5.100272
aaaaamhk_s001_t000,bandwidth,30.0,naive,1,8.745725,0.998564,0.695372
aaaaamjc_s001_t001,bandwidth,30.0,naive,1,15.328442,0.999992,1.244197
aaaaammh_s001_t001,bandwidth,30.0,naive,1,7.453772,0.996007,0.907108
aaaaamnq_s001_t000,bandwidth,30.0,naive,1,13.162817,0.999957,8.285563
aaaaamnq_s002_t000,bandwidth,30.0,naive,1,10.989079,0.999758,2.620251
aaaaamon_s001_t000,bandwidth,30.0,naive,0,6.931066,0.993967,4.565362
aaaaampz_s001_t000,bandwidth,30.0,naive,1,9.238359,0.999028,4.002260
aaaaamrj_s001_t000,bandwidth,30.0,naive,0,6.147499,0.988823,0.936167
aaaaamsc_s001_t000,bandwidth,30.0,naive,1,8.219743,0.997822,0.635550
aaaaamtb_s001_t000,bandwidth,30.0,naive,0,11.790731,0.999872,0.956703
aaaaamuc_s001_t000,bandwidth,30.0,naive,0,5.682055,0.983909,0.688563
aaaaamxn_s001_t000,bandwidth,30.0,naive,1,4.912083,0.970752,1.081731
aaaaamyb_s001_t001,bandwidth,30.0,naive,0,5.789966,0.985210,2.253412
aaaaamye_s001_t000,bandwidth,30.0,naive,1,16.687592,0.999997,2.070127
aaaaamzi_s001_t001,bandwidth,30.0,naive,1,14.788186,0.999988,3.307075
aaaaamzl_s001_t000,bandwidth,30.0,naive,0,3.185240,0.893962,1.062733
aaaaamzx_s001_t000,bandwidth,30.0,naive,0,1.698300,0.721489,6.353240
aaaaanbq_s001_t000,bandwidth,30.0,naive,0,3.378686,0.907659,1.964694
aaaaanek_s001_t000,bandwidth,30.0,naive,0,4.480516,0.959292,0.584764
aaaaangp_s001_t000,bandwidth,30.0,naive,0,4.382004,0.956127,0.354941
aaaaanhb_s001_t003,bandwidth,30.0,naive,1,11.079483,0.999774,3.910302
aaaaanhb_s003_t001,bandwidth,30.0,naive,1,9.467310,0.999190,1.280350
aaaaanhb_s005_t000,bandwidth,30.0,naive,1,11.101478,0.999778,2.149175
aaaaankf_s001_t000,bandwidth,30.0,naive,1,14.075676,0.999979,1.911111
aaaaanlp_s001_t000,bandwidth,30.0,naive,0,4.661781,0.964553,0.371667
aaaaanmc_s001_t000,bandwidth,30.0,naive,1,11.557907,0.999846,4.395024
aaaaanop_s001_t000,bandwidth,30.0,naive,0,7.162354,0.994974,4.195027
aaaaanoz_s001_t000,bandwidth,30.0,naive,1,8.321499,0.997991,0.937575
aaaaanpr_s001_t002,bandwidth,30.0,naive,1,9.109701,0.998924,2.608704
aaaaanqe_s001_t000,bandwidth,30.0,naive,0,4.784324,0.967732,0.405802
aaaaanro_s001_t000,bandwidth,30.0,naive,1,10.070953,0.999498,5.072036
aaaaansj_s001_t000,bandwidth,30.0,naive,1,11.466850,0.999834,3.957350
aaaaanta_s001_t000,bandwidth,30.0,naive,1,10.602556,0.999671,4.036395
aaaaanum_s001_t000,bandwidth,30.0,naive,0,6.108758,0.988478,1.498803
aaaaanvb_s002_t000,bandwidth,30.0,naive,0,3.755357,0.929844,0.195410
aaaaanvg_s001_t002,bandwidth,30.0,naive,0,7.660257,0.996609,0.762043
aaaaanvw_s001_t000,bandwidth,30.0,naive,0,4.339899,0.954704,1.150459
aaaaanwc_s001_t001,bandwidth,30.0,naive,1,7.653777,0.996591,33.988728
aaaaanxl_s001_t000,bandwidth,30.0,naive,1,11.776578,0.999870,4.771224
aaaaanyb_s001_t001,bandwidth,30.0,naive,0,4.893626,0.970333,0.643535
aaaaanyt_s002_t000,bandwidth,30.0,naive,1,13.026407,0.999952,11.339726
aaaaanyw_s001_t000,bandwidth,30.0,naive,1,7.571818,0.996363,0.214121
aaaaanyw_s002_t000,bandwidth,30.0,naive,1,10.294312,0.999579,4.154920
aaaaanzh_s001_t000,bandwidth,30.0,naive,1,5.479179,0.981152,1.554576
aaaaanzu_s001_t003,bandwidth,30.0,naive,1,9.007732,0.998833,1.340987
aaaaaoav_s001_t000,bandwidth,30.0,naive,0,2.433268,0.822753,0.123899
aaaaaoav_s002_t000,bandwidth,30.0,naive,0,1.701373,0.721978,0.535997
aaaaaobi_s001_t000,bandwidth,30.0,naive,1,8.389450,0.998096,2.489043
aaaaaobl_s001_t000,bandwidth,30.0,naive,0,5.810671,0.985448,1.517401
aaaaaoby_s001_t000,bandwidth,30.0,naive,0,7.751859,0.996846,6.829911
aaaaaoda_s001_t000,bandwidth,30.0,naive,1,13.728144,0.999972,3.226330
aaaaaoeg_s001_t000,bandwidth,30.0,naive,0,6.742589,0.993001,0.282340
aaaaaofj_s001_t000,bandwidth,30.0,naive,0,4.537302,0.961016,1.716846
aaaaaofr_s001_t000,bandwidth,30.0,naive,0,8.101255,0.997608,0.564837
aaaaaofz_s001_t000,bandwidth,30.0,naive,0,4.980498,0.972255,0.905321
aaaaaohb_s001_t000,bandwidth,30.0,naive,1,10.099220,0.999509,0.421466
aaaaaohr_s002_t001,bandwidth,30.0,naive,1,10.485276,0.999639,1.334824
aaaaaoiq_s001_t000,bandwidth,30.0,naive,1,8.067961,0.997544,0.131292
aaaaaoiv_s001_t000,bandwidth,30.0,naive,1,5.776829,0.985058,0.203546
aaaaaoiv_s002_t001,bandwidth,30.0,naive,1,15.769711,0.999995,1.357068
aaaaaoiv_s003_t003,bandwidth,30.0,naive,1,13.103873,0.999955,0.183309
aaaaaojd_s001_t002,bandwidth,30.0,naive,0,7.592310,0.996422,1.828300
aaaaaokg_s001_t000,bandwidth,30.0,naive,0,11.841560,0.999877,6.694411
aaaaaoly_s001_t000,bandwidth,30.0,naive,0,6.761403,0.993104,6.458762
aaaaaome_s001_t000,bandwidth,30.0,naive,0,5.526580,0.981835,0.314088
aaaaaomx_s001_t000,bandwidth,30.0,naive,0,8.029056,0.997467,0.967598
aaaaaomy_s001_t000,bandwidth,30.0,naive,1,13.478720,0.999966,7.547996
aaaaaonb_s001_t000,bandwidth,30.0,naive,0,8.280804,0.997925,3.186645
aaaaaons_s002_t002,bandwidth,30.0,naive,1,12.908214,0.999947,1.690753
aaaaaopd_s001_t000,bandwidth,30.0,naive,0,5.971283,0.987167,3.162512
aaaaaopo_s001_t000,bandwidth,30.0,naive,0,4.948132,0.971553,0.156703
aaaaaora_s002_t000,bandwidth,30.0,naive,1,6.735735,0.992963,0.726962
aaaaaord_s001_t000,bandwidth,30.0,naive,1,5.500599,0.981463,2.940535
aaaaaosh_s001_t000,bandwidth,30.0,naive,1,7.719542,0.996764,0.681351
aaaaaosw_s001_t000,bandwidth,30.0,naive,0,8.153523,0.997705,4.867565
aaaaaote_s001_t000,bandwidth,30.0,naive,0,5.220378,0.976953,0.435149
aaaaaout_s001_t000,bandwidth,30.0,naive,1,9.651102,0.999300,1.001897
aaaaaovl_s001_t000,bandwidth,30.0,naive,1,9.655204,0.999302,0.244947
aaaaaovo_s001_t000,bandwidth,30.0,naive,1,13.810424,0.999974,1.711383
aaaaaowb_s001_t000,bandwidth,30.0,naive,0,3.626425,0.922869,0.307755
aaaaaoxf_s001_t000,bandwidth,30.0,naive,0,3.192339,0.894495,0.486791
aaaaaozf_s001_t001,bandwidth,30.0,naive,0,7.936494,0.997275,2.304437
aaaaapag_s001_t000,bandwidth,30.0,naive,0,5.254525,0.977556,1.268868
aaaaapar_s001_t000,bandwidth,30.0,naive,1,22.187111,1.000000,0.336058
aaaaapcb_s001_t000,bandwidth,30.0,naive,0,3.861709,0.935154,0.416043
aaaaapcy_s001_t002,bandwidth,30.0,naive,0,5.124749,0.975181,0.441986
aaaaapdg_s001_t000,bandwidth,30.0,naive,0,4.456635,0.958546,0.355855
aaaaaphs_s001_t000,bandwidth,30.0,naive,1,12.873798,0.999946,4.068311
aaaaaphw_s001_t000,bandwidth,30.0,naive,0,9.986407,0.999463,1.468628
aaaaapij_s001_t000,bandwidth,30.0,naive,0,4.359390,0.955368,0.698791
aaaaapjc_s001_t001,bandwidth,30.0,naive,0,4.636867,0.963871,0.933727
aaaaapka_s001_t000,bandwidth,30.0,naive,0,4.509190,0.960172,0.603293
aaaaapkx_s001_t001,bandwidth,30.0,naive,1,6.792837,0.993272,5.210958
aaaaaply_s001_t001,bandwidth,30.0,naive,1,12.445251,0.999924,1.423395
aaaaapmb_s002_t001,bandwidth,30.0,naive,1,3.081728,0.885919,1.020492
aaaaapmp_s001_t000,bandwidth,30.0,naive,1,6.061025,0.988039,0.132167
aaaaapnr_s001_t000,bandwidth,30.0,naive,1,4.830978,0.968868,0.798634
aaaaapoc_s001_t000,bandwidth,30.0,naive,1,11.573587,0.999848,2.655703
aaaaapof_s001_t000,bandwidth,30.0,naive,0,3.350399,0.905760,0.595036
aaaaapoo_s001_t000,bandwidth,30.0,naive,0,4.652170,0.964291,2.314970
aaaaapoq_s001_t000,bandwidth,30.0,naive,0,8.225616,0.997832,1.707666
aaaaappb_s001_t000,bandwidth,30.0,naive,0,5.186271,0.976336,0.478099
aaaaapqd_s001_t000,bandwidth,30.0,naive,1,2.524286,0.833042,0.435339
aaaaapqv_s001_t000,bandwidth,30.0,naive,0,3.345677,0.905440,1.980417
aaaaapta_s001_t000,bandwidth,30.0,naive,1,12.011435,0.999892,2.770120
aaaaapth_s001_t000,bandwidth,30.0,naive,1,8.694452,0.998505,1.133934
aaaaapua_s001_t001,bandwidth,30.0,naive,0,4.108701,0.946074,0.167367
aaaaapuu_s001_t000,bandwidth,30.0,naive,0,5.733207,0.984540,0.806535
aaaaapvw_s001_t001,bandwidth,30.0,naive,1,10.687727,0.999692,1.184133
aaaaapvy_s001_t000,bandwidth,30.0,naive,1,8.057555,0.997524,1.106152
aaaaapwn_s001_t001,bandwidth,30.0,naive,0,4.976619,0.972172,5.159300
aaaaapwo_s001_t001,bandwidth,30.0,naive,1,15.097031,0.999991,0.937746
aaaaapxm_s001_t001,bandwidth,30.0,naive,0,4.075996,0.944734,0.169836
aaaaapys_s001_t001,bandwidth,30.0,naive,1,19.683323,1.000000,0.818178
aaaaapys_s002_t001,bandwidth,30.0,naive,1,15.985481,0.999995,2.091558
aaaaaayx_s002_t000,bandwidth,40.0,canonicalized,0,5.136628,0.975408,5.360025
aaaaabdo_s003_t000,bandwidth,40.0,canonicalized,1,12.993104,0.999951,6.414686
aaaaabsk_s007_t000,bandwidth,40.0,canonicalized,1,6.975607,0.994175,0.524143
aaaaabuv_s002_t000,bandwidth,40.0,canonicalized,1,7.105532,0.994743,0.193450
aaaaacad_s003_t000,bandwidth,40.0,canonicalized,0,4.956046,0.971726,0.224522
aaaaacby_s004_t000,bandwidth,40.0,canonicalized,0,3.709552,0.927436,0.574037
aaaaaddm_s006_t000,bandwidth,40.0,canonicalized,1,7.351285,0.995671,1.861751
aaaaadeu_s002_t000,bandwidth,40.0,canonicalized,1,5.020376,0.973096,1.089113
aaaaadjk_s002_t000,bandwidth,40.0,canonicalized,0,0.966701,0.591767,0.185674
aaaaadkb_s002_t000,bandwidth,40.0,canonicalized,1,11.190248,0.999793,5.635552
aaaaadsm_s002_t001,bandwidth,40.0,canonicalized,0,0.434182,0.487172,1.144552
aaaaaeab_s003_t000,bandwidth,40.0,canonicalized,0,3.948699,0.939217,0.971047
aaaaaejc_s003_t001,bandwidth,40.0,canonicalized,0,6.940063,0.994010,0.365020
aaaaaezn_s003_t001,bandwidth,40.0,canonicalized,1,5.890616,0.986330,2.752340
aaaaafhl_s003_t000,bandwidth,40.0,canonicalized,1,2.020665,0.769888,1.531959
aaaaagfk_s003_t000,bandwidth,40.0,canonicalized,0,1.750633,0.729757,0.619188
aaaaagsc_s003_t001,bandwidth,40.0,canonicalized,1,9.199609,0.998998,19.982220
aaaaagsc_s006_t001,bandwidth,40.0,canonicalized,1,3.436743,0.911449,0.270214
aaaaaguk_s002_t001,bandwidth,40.0,canonicalized,0,1.775281,0.733597,0.552958
aaaaagvx_s002_t000,bandwidth,40.0,canonicalized,1,3.609619,0.921914,1.647012
aaaaagvx_s003_t001,bandwidth,40.0,canonicalized,1,5.377189,0.979595,3.205222
aaaaagyr_s002_t000,bandwidth,40.0,canonicalized,1,3.865640,0.935343,0.575701
aaaaahie_s005_t001,bandwidth,40.0,canonicalized,1,12.216685,0.999908,0.833638
aaaaahsv_s002_t000,bandwidth,40.0,canonicalized,0,5.855771,0.985952,0.399452
aaaaahte_s002_t000,bandwidth,40.0,canonicalized,1,13.666243,0.999971,5.318986
aaaaahte_s003_t000,bandwidth,40.0,canonicalized,1,9.981728,0.999461,0.620432
aaaaahuy_s002_t000,bandwidth,40.0,canonicalized,1,2.867961,0.867620,0.130335
aaaaahzi_s001_t000,bandwidth,40.0,canonicalized,0,6.562196,0.991932,0.638600
aaaaahzm_s001_t001,bandwidth,40.0,canonicalized,0,0.639537,0.527881,0.077699
aaaaahzq_s001_t000,bandwidth,40.0,canonicalized,0,4.094707,0.945505,0.496865
aaaaahzs_s001_t001,bandwidth,40.0,canonicalized,0,4.461572,0.958701,1.240106
aaaaaiae_s001_t000,bandwidth,40.0,canonicalized,0,1.490747,0.687218,0.567789
aaaaaibx_s001_t000,bandwidth,40.0,canonicalized,0,2.983379,0.877791,0.672549
aaaaaiby_s001_t000,bandwidth,40.0,canonicalized,0,7.024302,0.994395,1.000648
aaaaaici_s001_t000,bandwidth,40.0,canonicalized,0,3.734087,0.928735,2.089564
aaaaaicn_s001_t000,bandwidth,40.0,canonicalized,0,2.530546,0.833732,1.540055
aaaaaijh_s002_t000,bandwidth,40.0,canonicalized,1,2.960246,0.875808,0.209511
aaaaaijn_s001_t001,bandwidth,40.0,canonicalized,0,3.728275,0.928429,0.320761
aaaaairb_s001_t001,bandwidth,40.0,canonicalized,0,4.949032,0.971573,0.438989
aaaaairo_s001_t000,bandwidth,40.0,canonicalized,0,4.655877,0.964392,1.695680
aaaaaitt_s001_t000,bandwidth,40.0,canonicalized,0,4.247962,0.951442,2.958433
aaaaaiue_s004_t000,bandwidth,40.0,canonicalized,1,6.139389,0.988752,0.333079
aaaaaiuo_s002_t000,bandwidth,40.0,canonicalized,0,4.310549,0.953686,0.877196
aaaaaiwz_s001_t001,bandwidth,40.0,canonicalized,0,3.356191,0.906152,0.526452
aaaaaiyy_s001_t001,bandwidth,40.0,canonicalized,0,3.835549,0.933884,0.652523
aaaaaizd_s001_t001,bandwidth,40.0,canonicalized,0,5.149292,0.975648,2.175547
aaaaaizs_s001_t000,bandwidth,40.0,canonicalized,0,4.984967,0.972350,0.253691
aaaaajae_s001_t001,bandwidth,40.0,canonicalized,0,5.963557,0.987089,4.337635
aaaaajah_s002_t001,bandwidth,40.0,canonicalized,1,6.482990,0.991413,0.327622
aaaaajah_s004_t000,bandwidth,40.0,canonicalized,1,5.424226,0.980328,1.051239
aaaaajal_s001_t001,bandwidth,40.0,canonicalized,0,4.366538,0.955609,0.483013
aaaaajam_s001_t000,bandwidth,40.0,canonicalized,1,3.881472,0.936099,0.198737
aaaaajar_s001_t001,bandwidth,40.0,canonicalized,0,3.671861,0.925397,0.161717
aaaaajbb_s001_t000,bandwidth,40.0,canonicalized,0,7.374665,0.995750,0.303059
aaaaajbh_s002_t000,bandwidth,40.0,canonicalized,0,1.349954,0.662715,0.302750
aaaaajce_s001_t000,bandwidth,40.0,canonicalized,0,3.365510,0.906779,0.126512
aaaaajci_s001_t000,bandwidth,40.0,canonicalized,0,3.709763,0.927447,0.134259
aaaaajck_s001_t000,bandwidth,40.0,canonicalized,0,4.083392,0.945040,0.238241
aaaaajct_s001_t000,bandwidth,40.0,canonicalized,0,4.636725,0.963867,1.055199
aaaaajcu_s001_t000,bandwidth,40.0,canonicalized,0,4.147417,0.947620,1.425554
aaaaajda_s001_t000,bandwidth,40.0,canonicalized,0,3.306177,0.902722,0.390115
aaaaajdb_s001_t000,bandwidth,40.0,canonicalized,0,4.048687,0.943592,0.535363
aaaaajdv_s001_t000,bandwidth,40.0,canonicalized,0,8.264556,0.997898,1.876626
aaaaajdy_s001_t000,bandwidth,40.0,canonicalized,0,3.830003,0.933612,1.119391
aaaaajdz_s001_t000,bandwidth,40.0,canonicalized,0,4.724712,0.966221,0.547722
aaaaajea_s001_t000,bandwidth,40.0,canonicalized,0,4.364017,0.955525,4.334286
aaaaajen_s001_t000,bandwidth,40.0,canonicalized,0,4.006254,0.941773,0.268083
aaaaajey_s001_t000,bandwidth,40.0,canonicalized,0,4.660035,0.964505,0.411791
aaaaajfb_s001_t000,bandwidth,40.0,canonicalized,0,3.635310,0.923369,0.561805
aaaaajfe_s001_t000,bandwidth,40.0,canonicalized,0,4.466676,0.958861,1.330222
aaaaajff_s001_t000,bandwidth,40.0,canonicalized,0,4.339092,0.954676,0.380618
aaaaajfi_s001_t001,bandwidth,40.0,canonicalized,0,5.049911,0.973703,2.612009
aaaaajfn_s001_t001,bandwidth,40.0,canonicalized,0,0.772565,0.554090,0.445448
aaaaajfy_s001_t000,bandwidth,40.0,canonicalized,0,3.438777,0.911579,0.183908
aaaaajga_s001_t001,bandwidth,40.0,canonicalized,0,7.807510,0.996982,0.799312
aaaaajhy_s001_t000,bandwidth,40.0,canonicalized,0,2.850696,0.866039,0.776855
aaaaajit_s001_t001,bandwidth,40.0,canonicalized,0,4.327579,0.954279,0.079433
aaaaajiu_s001_t000,bandwidth,40.0,canonicalized,0,7.814324,0.996998,2.529116
aaaaajiy_s001_t001,bandwidth,40.0,canonicalized,0,3.952415,0.939385,0.308097
aaaaajiz_s001_t000,bandwidth,40.0,canonicalized,0,5.200238,0.976591,0.400741
aaaaajjb_s001_t001,bandwidth,40.0,canonicalized,0,3.309831,0.902976,1.982778
aaaaajje_s001_t000,bandwidth,40.0,canonicalized,0,3.537595,0.917699,0.682063
aaaaajjk_s001_t000,bandwidth,40.0,canonicalized,0,6.185399,0.989151,0.735398
aaaaajna_s001_t000,bandwidth,40.0,canonicalized,0,2.814162,0.862639,0.598007
aaaaajnu_s001_t000,bandwidth,40.0,canonicalized,0,3.599977,0.921362,1.619819
aaaaajon_s001_t000,bandwidth,40.0,canonicalized,0,5.401672,0.979980,2.760553
aaaaajoo_s002_t001,bandwidth,40.0,canonicalized,1,2.431435,0.822541,0.707330
aaaaajpg_s001_t001,bandwidth,40.0,canonicalized,0,6.039023,0.987831,0.525258
aaaaajqh_s004_t000,bandwidth,40.0,canonicalized,1,11.664738,0.999858,2.682046
aaaaajqk_s003_t001,bandwidth,40.0,canonicalized,1,7.472386,0.996066,0.203967
aaaaajrf_s001_t000,bandwidth,40.0,canonicalized,1,16.723843,0.999997,3.804924
aaaaajrf_s002_t000,bandwidth,40.0,canonicalized,1,18.911331,1.000000,4.327615
aaaaajrf_s003_t002,bandwidth,40.0,canonicalized,1,17.363182,0.999998,4.566881
aaaaajrf_s004_t000,bandwidth,40.0,canonicalized,1,6.089107,0.988299,0.815171
aaaaajso_s001_t000,bandwidth,40.0,canonicalized,1,11.284278,0.999808,4.938412
aaaaajtg_s001_t000,bandwidth,40.0,canonicalized,0,6.223814,0.989473,3.581453
aaaaajtu_s001_t000,bandwidth,40.0,canonicalized,0,7.473603,0.996069,2.854938
aaaaajuh_s001_t000,bandwidth,40.0,canonicalized,1,11.192082,0.999794,11.480000
aaaaajun_s001_t000,bandwidth,40.0,canonicalized,0,5.407598,0.980072,0.193959
aaaaajvh_s001_t001,bandwidth,40.0,canonicalized,0,5.742349,0.984650,1.102095
aaaaajxp_s001_t000,bandwidth,40.0,canonicalized,0,2.669825,0.848495,0.631945
aaaaakck_s001_t001,bandwidth,40.0,canonicalized,1,6.409252,0.990900,0.527386
aaaaakcx_s001_t001,bandwidth,40.0,canonicalized,1,13.556973,0.999968,3.051750
aaaaakcy_s005_t001,bandwidth,40.0,canonicalized,1,14.439466,0.999984,1.638876
aaaaakdj_s001_t000,bandwidth,40.0,canonicalized,1,7.125381,0.994825,0.081231
aaaaakdo_s001_t000,bandwidth,40.0,canonicalized,1,4.085876,0.945142,0.759786
aaaaakeq_s001_t000,bandwidth,40.0,canonicalized,1,8.136322,0.997673,4.964230
aaaaakeq_s002_t000,bandwidth,40.0,canonicalized,1,6.254991,0.989728,1.312339
aaaaakeq_s003_t000,bandwidth,40.0,canonicalized,1,8.629748,0.998426,1.838348
aaaaakev_s001_t001,bandwidth,40.0,canonicalized,1,17.442924,0.999999,16.624470
aaaaakev_s002_t000,bandwidth,40.0,canonicalized,1,16.744257,0.999997,3.584821
aaaaakft_s001_t000,bandwidth,40.0,canonicalized,0,5.053851,0.973783,0.792602
aaaaakgp_s001_t001,bandwidth,40.0,canonicalized,0,6.097970,0.988380,0.832032
aaaaakgu_s001_t000,bandwidth,40.0,canonicalized,1,2.379361,0.816428,0.108376
aaaaakjk_s002_t002,bandwidth,40.0,canonicalized,1,8.914305,0.998744,0.994029
aaaaakjk_s003_t000,bandwidth,40.0,canonicalized,1,5.867417,0.986080,0.978084
aaaaakka_s001_t001,bandwidth,40.0,canonicalized,0,6.726922,0.992914,0.324669
aaaaakmg_s003_t001,bandwidth,40.0,canonicalized,1,14.220396,0.999981,1.503856
aaaaakmh_s001_t000,bandwidth,40.0,canonicalized,1,6.855115,0.993595,3.460826
aaaaaknt_s001_t000,bandwidth,40.0,canonicalized,1,7.481339,0.996093,1.676483
aaaaakoo_s001_t001,bandwidth,40.0,canonicalized,1,17.476210,0.999999,2.936187
aaaaakqg_s001_t001,bandwidth,40.0,canonicalized,0,3.364280,0.906696,0.391300
aaaaakqr_s001_t000,bandwidth,40.0,canonicalized,0,1.222637,0.639773,1.130617
aaaaakrt_s001_t001,bandwidth,40.0,canonicalized,1,8.927462,0.998757,0.523153
aaaaakrt_s002_t001,bandwidth,40.0,canonicalized,1,9.040712,0.998864,5.560785
aaaaaksb_s001_t000,bandwidth,40.0,canonicalized,0,1.819445,0.740390,0.869401
aaaaaksu_s001_t001,bandwidth,40.0,canonicalized,0,6.004104,0.987493,0.870977
aaaaakxz_s001_t001,bandwidth,40.0,canonicalized,1,1.021900,0.602305,0.363610
aaaaakxz_s002_t001,bandwidth,40.0,canonicalized,1,6.070461,0.988127,2.284096
aaaaalaf_s001_t000,bandwidth,40.0,canonicalized,0,5.004883,0.972772,0.241663
aaaaalau_s001_t000,bandwidth,40.0,canonicalized,1,8.797597,0.998622,5.631011
aaaaalbh_s001_t000,bandwidth,40.0,canonicalized,1,7.500426,0.996152,3.277282
aaaaalbt_s001_t001,bandwidth,40.0,canonicalized,0,3.172780,0.893021,0.529766
aaaaalbt_s002_t000,bandwidth,40.0,canonicalized,0,3.014790,0.880440,0.397348
aaaaalbz_s006_t000,bandwidth,40.0,canonicalized,1,13.149579,0.999956,5.083570
aaaaalid_s001_t001,bandwidth,40.0,canonicalized,0,10.266441,0.999570,2.486044
aaaaaljf_s001_t000,bandwidth,40.0,canonicalized,1,8.574810,0.998356,2.106285
aaaaaljj_s001_t000,bandwidth,40.0,canonicalized,0,3.312266,0.903145,0.065793
aaaaallc_s001_t001,bandwidth,40.0,canonicalized,0,5.022058,0.973131,1.140205
aaaaalle_s002_t000,bandwidth,40.0,canonicalized,1,6.250687,0.989693,0.980382
aaaaalox_s001_t001,bandwidth,40.0,canonicalized,0,9.926489,0.999437,5.635540
aaaaalpv_s001_t000,bandwidth,40.0,canonicalized,0,4.724135,0.966206,1.497486
aaaaalqa_s001_t000,bandwidth,40.0,canonicalized,0,4.585571,0.962426,1.495468
aaaaalqr_s001_t001,bandwidth,40.0,canonicalized,1,5.008240,0.972842,0.652967
aaaaalqs_s001_t001,bandwidth,40.0,canonicalized,0,1.891443,0.751220,0.208548
aaaaalqx_s001_t000,bandwidth,40.0,canonicalized,0,2.800260,0.861327,1.099334
aaaaalrc_s002_t000,bandwidth,40.0,canonicalized,1,22.014954,1.000000,2.281523
aaaaalsq_s001_t000,bandwidth,40.0,canonicalized,0,7.440777,0.995966,0.472370
aaaaalsx_s001_t000,bandwidth,40.0,canonicalized,1,4.629025,0.963653,1.410791
aaaaalsx_s004_t001,bandwidth,40.0,canonicalized,1,0.187590,0.438558,0.623284
aaaaaluz_s001_t001,bandwidth,40.0,canonicalized,0,3.947701,0.939172,0.332918
aaaaalvw_s001_t000,bandwidth,40.0,canonicalized,0,3.700524,0.926952,0.431620
aaaaalvz_s001_t000,bandwidth,40.0,canonicalized,1,17.302608,0.999998,0.952366
aaaaalxk_s001_t000,bandwidth,40.0,canonicalized,0,7.122866,0.994815,0.965360
aaaaalyr_s001_t000,bandwidth,40.0,canonicalized,1,4.466172,0.958845,1.622611
aaaaalzk_s002_t001,bandwidth,40.0,canonicalized,1,13.276129,0.999961,12.550278
aaaaamcb_s001_t001,bandwidth,40.0,canonicalized,1,11.497579,0.999838,0.858909
aaaaamfe_s001_t001,bandwidth,40.0,canonicalized,0,6.845470,0.993546,0.230045
aaaaamft_s001_t001,bandwidth,40.0,canonicalized,1,5.281002,0.978012,0.581880
aaaaamfu_s001_t000,bandwidth,40.0,canonicalized,0,6.960057,0.994104,0.249734
aaaaamhi_s001_t000,bandwidth,40.0,canonicalized,1,13.347663,0.999963,4.839302
aaaaamhk_s001_t000,bandwidth,40.0,canonicalized,1,7.368353,0.995729,0.559066
aaaaamjc_s001_t001,bandwidth,40.0,canonicalized,1,11.589746,0.999850,2.614223
aaaaammh_s001_t001,bandwidth,40.0,canonicalized,1,5.427501,0.980378,1.658767
aaaaamnq_s001_t000,bandwidth,40.0,canonicalized,1,11.688617,0.999861,6.507447
aaaaamnq_s002_t000,bandwidth,40.0,canonicalized,1,9.809240,0.999382,2.296759
aaaaamon_s001_t000,bandwidth,40.0,canonicalized,0,4.737420,0.966549,3.222808
aaaaampz_s001_t000,bandwidth,40.0,canonicalized,1,5.934572,0.986793,1.687634
aaaaamrj_s001_t000,bandwidth,40.0,canonicalized,0,4.354919,0.955217,0.831183
aaaaamsc_s001_t000,bandwidth,40.0,canonicalized,1,7.084068,0.994653,1.499452
aaaaamtb_s001_t000,bandwidth,40.0,canonicalized,0,9.565546,0.999250,1.987692
aaaaamuc_s001_t000,bandwidth,40.0,canonicalized,0,4.147302,0.947616,0.598352
aaaaamxn_s001_t000,bandwidth,40.0,canonicalized,1,3.933445,0.938522,0.649330
aaaaamyb_s001_t001,bandwidth,40.0,canonicalized,0,3.438583,0.911567,1.634861
aaaaamye_s001_t000,bandwidth,40.0,canonicalized,1,14.063148,0.999979,4.985451
aaaaamzi_s001_t001,bandwidth,40.0,canonicalized,1,11.652630,0.999857,7.545977
aaaaamzl_s001_t000,bandwidth,40.0,canonicalized,0,2.522871,0.832886,0.627230
aaaaamzx_s001_t000,bandwidth,40.0,canonicalized,0,0.924715,0.583693,4.944486
aaaaanbq_s001_t000,bandwidth,40.0,canonicalized,0,2.507771,0.831212,1.538521
aaaaanek_s001_t000,bandwidth,40.0,canonicalized,0,3.768532,0.930523,0.426664
aaaaangp_s001_t000,bandwidth,40.0,canonicalized,0,2.954937,0.875349,0.339463
aaaaanhb_s001_t003,bandwidth,40.0,canonicalized,1,8.707026,0.998519,3.377325
aaaaanhb_s003_t001,bandwidth,40.0,canonicalized,1,5.306854,0.978449,1.444520
aaaaanhb_s005_t000,bandwidth,40.0,canonicalized,1,6.178942,0.989096,2.138301
aaaaankf_s001_t000,bandwidth,40.0,canonicalized,1,12.241093,0.999910,1.659090
aaaaanlp_s001_t000,bandwidth,40.0,canonicalized,0,3.702177,0.927041,0.216133
aaaaanmc_s001_t000,bandwidth,40.0,canonicalized,1,9.420850,0.999159,4.255781
aaaaanop_s001_t000,bandwidth,40.0,canonicalized,0,5.453215,0.980767,3.120516
aaaaanoz_s001_t000,bandwidth,40.0,canonicalized,1,5.907297,0.986508,0.692251
aaaaanpr_s001_t002,bandwidth,40.0,canonicalized,1,6.786023,0.993236,3.529747
aaaaanqe_s001_t000,bandwidth,40.0,canonicalized,0,3.988373,0.940990,0.310541
aaaaanro_s001_t000,bandwidth,40.0,canonicalized,1,8.942936,0.998772,2.991720
aaaaansj_s001_t000,bandwidth,40.0,canonicalized,1,8.668016,0.998473,2.302784
aaaaanta_s001_t000,bandwidth,40.0,canonicalized,1,8.892839,0.998722,2.538414
aaaaanum_s001_t000,bandwidth,40.0,canonicalized,0,5.139564,0.975464,1.327858
aaaaanvb_s002_t000,bandwidth,40.0,canonicalized,0,3.152390,0.891465,0.232512
aaaaanvg_s001_t002,bandwidth,40.0,canonicalized,0,6.128761,0.988658,0.704840
aaaaanvw_s001_t000,bandwidth,40.0,canonicalized,0,3.764009,0.930291,0.696664
aaaaanwc_s001_t001,bandwidth,40.0,canonicalized,1,5.428738,0.980397,43.301697
aaaaanxl_s001_t000,bandwidth,40.0,canonicalized,1,8.617723,0.998411,1.844913
aaaaanyb_s001_t001,bandwidth,40.0,canonicalized,0,3.472595,0.913718,0.273914
aaaaanyt_s002_t000,bandwidth,40.0,canonicalized,1,10.524078,0.999650,6.506593
aaaaanyw_s001_t000,bandwidth,40.0,canonicalized,1,6.139375,0.988752,0.349353
aaaaanyw_s002_t000,bandwidth,40.0,canonicalized,1,7.555621,0.996316,3.853167
aaaaanzh_s001_t000,bandwidth,40.0,canonicalized,1,4.544915,0.961242,1.504268
aaaaanzu_s001_t003,bandwidth,40.0,canonicalized,1,7.934491,0.997270,1.837029
aaaaaoav_s001_t000,bandwidth,40.0,canonicalized,0,2.133780,0.785405,0.135500
aaaaaoav_s002_t000,bandwidth,40.0,canonicalized,0,1.359902,0.664477,0.383202
aaaaaobi_s001_t000,bandwidth,40.0,canonicalized,1,6.923402,0.993931,2.361804
aaaaaobl_s001_t000,bandwidth,40.0,canonicalized,0,3.944830,0.939041,1.356548
aaaaaoby_s001_t000,bandwidth,40.0,canonicalized,0,6.160205,0.988934,6.607245
aaaaaoda_s001_t000,bandwidth,40.0,canonicalized,1,11.741843,0.999867,2.415016
aaaaaoeg_s001_t000,bandwidth,40.0,canonicalized,0,5.977108,0.987225,0.335604
aaaaaofj_s001_t000,bandwidth,40.0,canonicalized,0,1.991578,0.765773,1.039712
aaaaaofr_s001_t000,bandwidth,40.0,canonicalized,0,6.532355,0.991740,0.409839
aaaaaofz_s001_t000,bandwidth,40.0,canonicalized,0,4.028983,0.942754,0.651650
aaaaaohb_s001_t000,bandwidth,40.0,canonicalized,1,8.332663,0.998008,0.432743
aaaaaohr_s002_t001,bandwidth,40.0,canonicalized,1,9.088915,0.998906,1.177816
aaaaaoiq_s001_t000,bandwidth,40.0,canonicalized,1,7.514709,0.996195,0.041727
aaaaaoiv_s001_t000,bandwidth,40.0,canonicalized,1,4.259769,0.951873,0.203254
aaaaaoiv_s002_t001,bandwidth,40.0,canonicalized,1,14.231712,0.999982,1.593741
aaaaaoiv_s003_t003,bandwidth,40.0,canonicalized,1,10.816162,0.999722,0.211403
aaaaaojd_s001_t002,bandwidth,40.0,canonicalized,0,4.489368,0.959566,1.377654
aaaaaokg_s001_t000,bandwidth,40.0,canonicalized,0,8.517916,0.998280,6.364714
aaaaaoly_s001_t000,bandwidth,40.0,canonicalized,0,4.634711,0.963811,5.031480
aaaaaome_s001_t000,bandwidth,40.0,canonicalized,0,4.544988,0.961244,0.147216
aaaaaomx_s001_t000,bandwidth,40.0,canonicalized,0,6.004145,0.987493,0.752121
aaaaaomy_s001_t000,bandwidth,40.0,canonicalized,1,11.511481,0.999840,7.917511
aaaaaonb_s001_t000,bandwidth,40.0,canonicalized,0,6.616062,0.992267,2.517765
aaaaaons_s002_t002,bandwidth,40.0,canonicalized,1,11.242662,0.999802,1.479597
aaaaaopd_s001_t000,bandwidth,40.0,canonicalized,0,3.891237,0.936561,1.242640
aaaaaopo_s001_t000,bandwidth,40.0,canonicalized,0,4.483529,0.959385,0.122978
aaaaaora_s002_t000,bandwidth,40.0,canonicalized,1,5.850614,0.985896,0.649868
aaaaaord_s001_t000,bandwidth,40.0,canonicalized,1,4.872394,0.969844,1.661953
aaaaaosh_s001_t000,bandwidth,40.0,canonicalized,1,7.028449,0.994413,0.700450
aaaaaosw_s001_t000,bandwidth,40.0,canonicalized,0,5.289775,0.978161,5.854994
aaaaaote_s001_t000,bandwidth,40.0,canonicalized,0,3.254643,0.899071,0.312600
aaaaaout_s001_t000,bandwidth,40.0,canonicalized,1,7.871036,0.997130,1.691968
aaaaaovl_s001_t000,bandwidth,40.0,canonicalized,1,6.063072,0.988058,0.123726
aaaaaovo_s001_t000,bandwidth,40.0,canonicalized,1,10.872198,0.999734,2.636025
aaaaaowb_s001_t000,bandwidth,40.0,canonicalized,0,2.458960,0.825707,0.473151
aaaaaoxf_s001_t000,bandwidth,40.0,canonicalized,0,2.391716,0.817893,0.212851
aaaaaozf_s001_t001,bandwidth,40.0,canonicalized,0,5.719339,0.984371,1.233976
aaaaapag_s001_t000,bandwidth,40.0,canonicalized,0,4.547683,0.961323,1.296451
aaaaapar_s001_t000,bandwidth,40.0,canonicalized,1,20.970234,1.000000,0.557852
aaaaapcb_s001_t000,bandwidth,40.0,canonicalized,0,2.431946,0.822600,0.189975
aaaaapcy_s001_t002,bandwidth,40.0,canonicalized,0,3.866850,0.935401,0.542076
aaaaapdg_s001_t000,bandwidth,40.0,canonicalized,0,3.807603,0.932501,0.320459
aaaaaphs_s001_t000,bandwidth,40.0,canonicalized,1,10.446392,0.999627,2.482338
aaaaaphw_s001_t000,bandwidth,40.0,canonicalized,0,8.120058,0.997643,1.302753
aaaaapij_s001_t000,bandwidth,40.0,canonicalized,0,2.784534,0.859829,0.337578
aaaaapjc_s001_t001,bandwidth,40.0,canonicalized,0,2.744699,0.855976,1.056527
aaaaapka_s001_t000,bandwidth,40.0,canonicalized,0,3.306274,0.902729,0.713615
aaaaapkx_s001_t001,bandwidth,40.0,canonicalized,1,5.225685,0.977048,3.163369
aaaaaply_s001_t001,bandwidth,40.0,canonicalized,1,10.671394,0.999688,1.787901
aaaaapmb_s002_t001,bandwidth,40.0,canonicalized,1,-0.528947,0.306688,0.172554
aaaaapmp_s001_t000,bandwidth,40.0,canonicalized,1,4.875011,0.969905,0.112506
aaaaapnr_s001_t000,bandwidth,40.0,canonicalized,1,2.318683,0.809101,0.912615
aaaaapoc_s001_t000,bandwidth,40.0,canonicalized,1,10.031021,0.999482,1.851087
aaaaapof_s001_t000,bandwidth,40.0,canonicalized,0,2.628291,0.844209,0.237539
aaaaapoo_s001_t000,bandwidth,40.0,canonicalized,0,3.701092,0.926983,2.105006
aaaaapoq_s001_t000,bandwidth,40.0,canonicalized,0,6.853675,0.993587,0.877354
aaaaappb_s001_t000,bandwidth,40.0,canonicalized,0,3.698669,0.926852,0.487034
aaaaapqd_s001_t000,bandwidth,40.0,canonicalized,1,0.089779,0.419546,0.773640
aaaaapqv_s001_t000,bandwidth,40.0,canonicalized,0,1.204326,0.636417,0.887917
aaaaapta_s001_t000,bandwidth,40.0,canonicalized,1,9.742509,0.999349,3.009142
aaaaapth_s001_t000,bandwidth,40.0,canonicalized,1,4.353168,0.955157,1.171241
aaaaapua_s001_t001,bandwidth,40.0,canonicalized,0,3.650146,0.924198,0.226457
aaaaapuu_s001_t000,bandwidth,40.0,canonicalized,0,3.656115,0.924530,0.677091
aaaaapvw_s001_t001,bandwidth,40.0,canonicalized,1,9.085609,0.998903,0.812101
aaaaapvy_s001_t000,bandwidth,40.0,canonicalized,1,4.703612,0.965671,1.843877
aaaaapwn_s001_t001,bandwidth,40.0,canonicalized,0,3.578537,0.920120,4.867610
aaaaapwo_s001_t001,bandwidth,40.0,canonicalized,1,13.238594,0.999959,2.421871
aaaaapxm_s001_t001,bandwidth,40.0,canonicalized,0,3.507205,0.915859,0.119159
aaaaapys_s001_t001,bandwidth,40.0,canonicalized,1,17.625946,0.999999,0.795513
aaaaapys_s002_t001,bandwidth,40.0,canonicalized,1,13.150163,0.999956,1.598867
aaaaaayx_s002_t000,bandwidth,40.0,naive,0,5.136628,0.975408,5.360025
aaaaabdo_s003_t000,bandwidth,40.0,naive,1,12.993104,0.999951,6.414686
aaaaabsk_s007_t000,bandwidth,40.0,naive,1,6.975607,0.994175,0.524143
aaaaabuv_s002_t000,bandwidth,40.0,naive,1,7.105532,0.994743,0.193450
aaaaacad_s003_t000,bandwidth,40.0,naive,0,4.956046,0.971726,0.224522
aaaaacby_s004_t000,bandwidth,40.0,naive,0,3.709552,0.927436,0.574037
aaaaaddm_s006_t000,bandwidth,40.0,naive,1,7.351285,0.995671,1.861751
aaaaadeu_s002_t000,bandwidth,40.0,naive,1,5.020376,0.973096,1.089113
aaaaadjk_s002_t000,bandwidth,40.0,naive,0,0.966701,0.591767,0.185674
aaaaadkb_s002_t000,bandwidth,40.0,naive,1,11.190248,0.999793,5.635552
aaaaadsm_s002_t001,bandwidth,40.0,naive,0,0.434182,0.487172,1.144552
aaaaaeab_s003_t000,bandwidth,40.0,naive,0,3.948699,0.939217,0.971047
aaaaaejc_s003_t001,bandwidth,40.0,naive,0,6.940063,0.994010,0.365020
aaaaaezn_s003_t001,bandwidth,40.0,naive,1,5.890616,0.986330,2.752340
aaaaafhl_s003_t000,bandwidth,40.0,naive,1,2.020665,0.769888,1.531959
aaaaagfk_s003_t000,bandwidth,40.0,naive,0,1.750633,0.729757,0.619188
aaaaagsc_s003_t001,bandwidth,40.0,naive,1,9.199609,0.998998,19.982220
aaaaagsc_s006_t001,bandwidth,40.0,naive,1,3.436743,0.911449,0.270214
aaaaaguk_s002_t001,bandwidth,40.0,naive,0,1.775281,0.733597,0.552958
aaaaagvx_s002_t000,bandwidth,40.0,naive,1,3.609619,0.921914,1.647012
aaaaagvx_s003_t001,bandwidth,40.0,naive,1,5.377189,0.979595,3.205222
aaaaagyr_s002_t000,bandwidth,40.0,naive,1,3.865640,0.935343,0.575701
aaaaahie_s005_t001,bandwidth,40.0,naive,1,12.216685,0.999908,0.833638
aaaaahsv_s002_t000,bandwidth,40.0,naive,0,5.855771,0.985952,0.399452
aaaaahte_s002_t000,bandwidth,40.0,naive,1,13.666243,0.999971,5.318986
aaaaahte_s003_t000,bandwidth,40.0,naive,1,9.981728,0.999461,0.620432
aaaaahuy_s002_t000,bandwidth,40.0,naive,1,2.867961,0.867620,0.130335
aaaaahzi_s001_t000,bandwidth,40.0,naive,0,6.562196,0.991932,0.638600
aaaaahzm_s001_t001,bandwidth,40.0,naive,0,0.639537,0.527881,0.077699
aaaaahzq_s001_t000,bandwidth,40.0,naive,0,4.094707,0.945505,0.496865
aaaaahzs_s001_t001,bandwidth,40.0,naive,0,4.461572,0.958701,1.240106
aaaaaiae_s001_t000,bandwidth,40.0,naive,0,1.490747,0.687218,0.567789
aaaaaibx_s001_t000,bandwidth,40.0,naive,0,2.983379,0.877791,0.672549
aaaaaiby_s001_t000,bandwidth,40.0,naive,0,7.024302,0.994395,1.000648
aaaaaici_s001_t000,bandwidth,40.0,naive,0,3.734087,0.928735,2.089564
aaaaaicn_s001_t000,bandwidth,40.0,naive,0,2.530546,0.833732,1.540055
aaaaaijh_s002_t000,bandwidth,40.0,naive,1,2.960246,0.875808,0.209511
aaaaaijn_s001_t001,bandwidth,40.0,naive,0,3.728275,0.928429,0.320761
aaaaairb_s001_t001,bandwidth,40.0,naive,0,4.949032,0.971573,0.438989
aaaaairo_s001_t000,bandwidth,40.0,naive,0,4.655877,0.964392,1.695680
aaaaaitt_s001_t000,bandwidth,40.0,naive,0,4.247962,0.951442,2.958433
aaaaaiue_s004_t000,bandwidth,40.0,naive,1,6.139389,0.988752,0.333079
aaaaaiuo_s002_t000,bandwidth,40.0,naive,0,4.310549,0.953686,0.877196
aaaaaiwz_s001_t001,bandwidth,40.0,naive,0,3.356191,0.906152,0.526452
aaaaaiyy_s001_t001,bandwidth,40.0,naive,0,3.835549,0.933884,0.652523
aaaaaizd_s001_t001,bandwidth,40.0,naive,0,5.149292,0.975648,2.175547
aaaaaizs_s001_t000,bandwidth,40.0,naive,0,4.984967,0.972350,0.253691
aaaaajae_s001_t001,bandwidth,40.0,naive,0,5.963557,0.987089,4.337635
aaaaajah_s002_t001,bandwidth,40.0,naive,1,6.482990,0.991413,0.327622
aaaaajah_s004_t000,bandwidth,40.0,naive,1,5.424226,0.980328,1.051239
aaaaajal_s001_t001,bandwidth,40.0,naive,0,4.366538,0.955609,0.483013
aaaaajam_s001_t000,bandwidth,40.0,naive,1,3.881472,0.936099,0.198737
aaaaajar_s001_t001,bandwidth,40.0,naive,0,3.671861,0.925397,0.161717
aaaaajbb_s001_t000,bandwidth,40.0,naive,0,7.374665,0.995750,0.303059
aaaaajbh_s002_t000,bandwidth,40.0,naive,0,1.349954,0.662715,0.302750
aaaaajce_s001_t000,bandwidth,40.0,naive,0,3.365510,0.906779,0.126512
aaaaajci_s001_t000,bandwidth,40.0,naive,0,3.709763,0.927447,0.134259
aaaaajck_s001_t000,bandwidth,40.0,naive,0,4.083392,0.945040,0.238241
aaaaajct_s001_t000,bandwidth,40.0,naive,0,4.636725,0.963867,1.055199
aaaaajcu_s001_t000,bandwidth,40.0,naive,0,4.147417,0.947620,1.425554
aaaaajda_s001_t000,bandwidth,40.0,naive,0,3.306177,0.902722,0.390115
aaaaajdb_s001_t000,bandwidth,40.0,naive,0,4.048687,0.943592,0.535363
aaaaajdv_s001_t000,bandwidth,40.0,naive,0,8.264556,0.997898,1.876626
aaaaajdy_s001_t000,bandwidth,40.0,naive,0,3.830003,0.933612,1.119391
aaaaajdz_s001_t000,bandwidth,40.0,naive,0,4.724712,0.966221,0.547722
aaaaajea_s001_t000,bandwidth,40.0,naive,0,4.364017,0.955525,4.334286
aaaaajen_s001_t000,bandwidth,40.0,naive,0,4.006254,0.941773,0.268083
aaaaajey_s001_t000,bandwidth,40.0,naive,0,4.660035,0.964505,0.411791
aaaaajfb_s001_t000,bandwidth,40.0,naive,0,3.635310,0.923369,0.561805
aaaaajfe_s001_t000,bandwidth,40.0,naive,0,4.466676,0.958861,1.330222
aaaaajff_s001_t000,bandwidth,40.0,naive,0,4.339092,0.954676,0.380618
aaaaajfi_s001_t001,bandwidth,40.0,naive,0,5.049911,0.973703,2.612009
aaaaajfn_s001_t001,bandwidth,40.0,naive,0,0.772565,0.554090,0.445448
aaaaajfy_s001_t000,bandwidth,40.0,naive,0,3.438777,0.911579,0.183908
aaaaajga_s001_t001,bandwidth,40.0,naive,0,7.807510,0.996982,0.799312
aaaaajhy_s001_t000,bandwidth,40.0,naive,0,2.850696,0.866039,0.776855
aaaaajit_s001_t001,bandwidth,40.0,naive,0,4.327579,0.954279,0.079433
aaaaajiu_s001_t000,bandwidth,40.0,naive,0,7.814324,0.996998,2.529116
aaaaajiy_s001_t001,bandwidth,40.0,naive,0,3.952415,0.939385,0.308097
aaaaajiz_s001_t000,bandwidth,40.0,naive,0,5.200238,0.976591,0.400741
aaaaajjb_s001_t001,bandwidth,40.0,naive,0,3.309831,0.902976,1.982778
aaaaajje_s001_t000,bandwidth,40.0,naive,0,3.537595,0.917699,0.682063
aaaaajjk_s001_t000,bandwidth,40.0,naive,0,6.185399,0.989151,0.735398
aaaaajna_s001_t000,bandwidth,40.0,naive,0,2.814162,0.862639,0.598007
aaaaajnu_s001_t000,bandwidth,40.0,naive,0,3.599977,0.921362,1.619819
aaaaajon_s001_t000,bandwidth,40.0,naive,0,5.401672,0.979980,2.760553
aaaaajoo_s002_t001,bandwidth,40.0,naive,1,2.431435,0.822541,0.707330
aaaaajpg_s001_t001,bandwidth,40.0,naive,0,6.039023,0.987831,0.525258
aaaaajqh_s004_t000,bandwidth,40.0,naive,1,11.664738,0.999858,2.682046
aaaaajqk_s003_t001,bandwidth,40.0,naive,1,7.472386,0.996066,0.203967
aaaaajrf_s001_t000,bandwidth,40.0,naive,1,16.723843,0.999997,3.804924
aaaaajrf_s002_t000,bandwidth,40.0,naive,1,18.911331,1.000000,4.327615
aaaaajrf_s003_t002,bandwidth,40.0,naive,1,17.363182,0.999998,4.566881
aaaaajrf_s004_t000,bandwidth,40.0,naive,1,6.089107,0.988299,0.815171
aaaaajso_s001_t000,bandwidth,40.0,naive,1,11.284278,0.999808,4.938412
aaaaajtg_s001_t000,bandwidth,40.0,naive,0,6.223814,0.989473,3.581453
aaaaajtu_s001_t000,bandwidth,40.0,naive,0,7.473603,0.996069,2.854938
aaaaajuh_s001_t000,bandwidth,40.0,naive,1,11.192082,0.999794,11.480000
aaaaajun_s001_t000,bandwidth,40.0,naive,0,5.407598,0.980072,0.193959
aaaaajvh_s001_t001,bandwidth,40.0,naive,0,5.742349,0.984650,1.102095
aaaaajxp_s001_t000,bandwidth,40.0,naive,0,2.669825,0.848495,0.631945
aaaaakck_s001_t001,bandwidth,40.0,naive,1,6.409252,0.990900,0.527386
aaaaakcx_s001_t001,bandwidth,40.0,naive,1,13.556973,0.999968,3.051750
aaaaakcy_s005_t001,bandwidth,40.0,naive,1,14.439466,0.999984,1.638876
aaaaakdj_s001_t000,bandwidth,40.0,naive,1,7.125381,0.994825,0.081231
aaaaakdo_s001_t000,bandwidth,40.0,naive,1,4.085876,0.945142,0.759786
aaaaakeq_s001_t000,bandwidth,40.0,naive,1,8.136322,0.997673,4.964230
aaaaakeq_s002_t000,bandwidth,40.0,naive,1,6.254991,0.989728,1.312339
aaaaakeq_s003_t000,bandwidth,40.0,naive,1,8.629748,0.998426,1.838348
aaaaakev_s001_t001,bandwidth,40.0,naive,1,17.442924,0.999999,16.624470
aaaaakev_s002_t000,bandwidth,40.0,naive,1,16.744257,0.999997,3.584821
aaaaakft_s001_t000,bandwidth,40.0,naive,0,5.053851,0.973783,0.792602
aaaaakgp_s001_t001,bandwidth,40.0,naive,0,6.097970,0.988380,0.832032
aaaaakgu_s001_t000,bandwidth,40.0,naive,1,2.379361,0.816428,0.108376
aaaaakjk_s002_t002,bandwidth,40.0,naive,1,8.914305,0.998744,0.994029
aaaaakjk_s003_t000,bandwidth,40.0,naive,1,5.867417,0.986080,0.978084
aaaaakka_s001_t001,bandwidth,40.0,naive,0,6.726922,0.992914,0.324669
aaaaakmg_s003_t001,bandwidth,40.0,naive,1,14.220396,0.999981,1.503856
aaaaakmh_s001_t000,bandwidth,40.0,naive,1,6.855115,0.993595,3.460826
aaaaaknt_s001_t000,bandwidth,40.0,naive,1,7.481339,0.996093,1.676483
aaaaakoo_s001_t001,bandwidth,40.0,naive,1,17.476210,0.999999,2.936187
aaaaakqg_s001_t001,bandwidth,40.0,naive,0,3.364280,0.906696,0.391300
aaaaakqr_s001_t000,bandwidth,40.0,naive,0,1.222637,0.639773,1.130617
aaaaakrt_s001_t001,bandwidth,40.0,naive,1,8.927462,0.998757,0.523153
aaaaakrt_s002_t001,bandwidth,40.0,naive,1,9.040712,0.998864,5.560785
aaaaaksb_s001_t000,bandwidth,40.0,naive,0,1.819445,0.740390,0.869401
aaaaaksu_s001_t001,bandwidth,40.0,naive,0,6.004104,0.987493,0.870977
aaaaakxz_s001_t001,bandwidth,40.0,naive,1,1.021900,0.602305,0.363610
aaaaakxz_s002_t001,bandwidth,40.0,naive,1,6.070461,0.988127,2.284096
aaaaalaf_s001_t000,bandwidth,40.0,naive,0,5.004883,0.972772,0.241663
aaaaalau_s001_t000,bandwidth,40.0,naive,1,8.797597,0.998622,5.631011
aaaaalbh_s001_t000,bandwidth,40.0,naive,1,7.500426,0.996152,3.277282
aaaaalbt_s001_t001,bandwidth,40.0,naive,0,3.172780,0.893021,0.529766
aaaaalbt_s002_t000,bandwidth,40.0,naive,0,3.014790,0.880440,0.397348
aaaaalbz_s006_t000,bandwidth,40.0,naive,1,13.149579,0.999956,5.083570
aaaaalid_s001_t001,bandwidth,40.0,naive,0,10.266441,0.999570,2.486044
aaaaaljf_s001_t000,bandwidth,40.0,naive,1,8.574810,0.998356,2.106285
aaaaaljj_s001_t000,bandwidth,40.0,naive,0,3.312266,0.903145,0.065793
aaaaallc_s001_t001,bandwidth,40.0,naive,0,5.022058,0.973131,1.140205
aaaaalle_s002_t000,bandwidth,40.0,naive,1,6.250687,0.989693,0.980382
aaaaalox_s001_t001,bandwidth,40.0,naive,0,9.926489,0.999437,5.635540
aaaaalpv_s001_t000,bandwidth,40.0,naive,0,4.724135,0.966206,1.497486
aaaaalqa_s001_t000,bandwidth,40.0,naive,0,4.585571,0.962426,1.495468
aaaaalqr_s001_t001,bandwidth,40.0,naive,1,5.008240,0.972842,0.652967
aaaaalqs_s001_t001,bandwidth,40.0,naive,0,1.891443,0.751220,0.208548
aaaaalqx_s001_t000,bandwidth,40.0,naive,0,2.800260,0.861327,1.099334
aaaaalrc_s002_t000,bandwidth,40.0,naive,1,22.014954,1.000000,2.281523
aaaaalsq_s001_t000,bandwidth,40.0,naive,0,7.440777,0.995966,0.472370
aaaaalsx_s001_t000,bandwidth,40.0,naive,1,4.629025,0.963653,1.410791
aaaaalsx_s004_t001,bandwidth,40.0,naive,1,0.187590,0.438558,0.623284
aaaaaluz_s001_t001,bandwidth,40.0,naive,0,3.947701,0.939172,0.332918
aaaaalvw_s001_t000,bandwidth,40.0,naive,0,3.700524,0.926952,0.431620
aaaaalvz_s001_t000,bandwidth,40.0,naive,1,17.302608,0.999998,0.952366
aaaaalxk_s001_t000,bandwidth,40.0,naive,0,7.122866,0.994815,0.965360
aaaaalyr_s001_t000,bandwidth,40.0,naive,1,4.466172,0.958845,1.622611
aaaaalzk_s002_t001,bandwidth,40.0,naive,1,13.276129,0.999961,12.550278
aaaaamcb_s001_t001,bandwidth,40.0,naive,1,11.497579,0.999838,0.858909
aaaaamfe_s001_t001,bandwidth,40.0,naive,0,6.845470,0.993546,0.230045
aaaaamft_s001_t001,bandwidth,40.0,naive,1,5.281002,0.978012,0.581880
aaaaamfu_s001_t000,bandwidth,40.0,naive,0,6.960057,0.994104,0.249734
aaaaamhi_s001_t000,bandwidth,40.0,naive,1,13.347663,0.999963,4.839302
aaaaamhk_s001_t000,bandwidth,40.0,naive,1,7.368353,0.995729,0.559066
aaaaamjc_s001_t001,bandwidth,40.0,naive,1,11.589746,0.999850,2.614223
aaaaammh_s001_t001,bandwidth,40.0,naive,1,5.427501,0.980378,1.658767
aaaaamnq_s001_t000,bandwidth,40.0,naive,1,11.688617,0.999861,6.507447
aaaaamnq_s002_t000,bandwidth,40.0,naive,1,9.809240,0.999382,2.296759
aaaaamon_s001_t000,bandwidth,40.0,naive,0,4.737420,0.966549,3.222808
aaaaampz_s001_t000,bandwidth,40.0,naive,1,5.934572,0.986793,1.687634
aaaaamrj_s001_t000,bandwidth,40.0,naive,0,4.354919,0.955217,0.831183
aaaaamsc_s001_t000,bandwidth,40.0,naive,1,7.084068,0.994653,1.499452
aaaaamtb_s001_t000,bandwidth,40.0,naive,0,9.565546,0.999250,1.987692
aaaaamuc_s001_t000,bandwidth,40.0,naive,0,4.147302,0.947616,0.598352
aaaaamxn_s001_t000,bandwidth,40.0,naive,1,3.933445,0.938522,0.649330
aaaaamyb_s001_t001,bandwidth,40.0,naive,0,3.438583,0.911567,1.634861
aaaaamye_s001_t000,bandwidth,40.0,naive,1,14.063148,0.999979,4.985451
aaaaamzi_s001_t001,bandwidth,40.0,naive,1,11.652630,0.999857,7.545977
aaaaamzl_s001_t000,bandwidth,40.0,naive,0,2.522871,0.832886,0.627230
aaaaamzx_s001_t000,bandwidth,40.0,naive,0,0.924715,0.583693,4.944486
aaaaanbq_s001_t000,bandwidth,40.0,naive,0,2.507771,0.831212,1.538521
aaaaanek_s001_t000,bandwidth,40.0,naive,0,3.768532,0.930523,0.426664
aaaaangp_s001_t000,bandwidth,40.0,naive,0,2.954937,0.875349,0.339463
aaaaanhb_s001_t003,bandwidth,40.0,naive,1,8.707026,0.998519,3.377325
aaaaanhb_s003_t001,bandwidth,40.0,naive,1,5.306854,0.978449,1.444520
aaaaanhb_s005_t000,bandwidth,40.0,naive,1,6.178942,0.989096,2.138301
aaaaankf_s001_t000,bandwidth,40.0,naive,1,12.241093,0.999910,1.659090
aaaaanlp_s001_t000,bandwidth,40.0,naive,0,3.702177,0.927041,0.216133
aaaaanmc_s001_t000,bandwidth,40.0,naive,1,9.420850,0.999159,4.255781
aaaaanop_s001_t000,bandwidth,40.0,naive,0,5.453215,0.980767,3.120516
aaaaanoz_s001_t000,bandwidth,40.0,naive,1,5.907297,0.986508,0.692251
aaaaanpr_s001_t002,bandwidth,40.0,naive,1,6.786023,0.993236,3.529747
aaaaanqe_s001_t000,bandwidth,40.0,naive,0,3.988373,0.940990,0.310541
aaaaanro_s001_t000,bandwidth,40.0,naive,1,8.942936,0.998772,2.991720
aaaaansj_s001_t000,bandwidth,40.0,naive,1,8.668016,0.998473,2.302784
aaaaanta_s001_t000,bandwidth,40.0,naive,1,8.892839,0.998722,2.538414
aaaaanum_s001_t000,bandwidth,40.0,naive,0,5.139564,0.975464,1.327858
aaaaanvb_s002_t000,bandwidth,40.0,naive,0,3.152390,0.891465,0.232512
aaaaanvg_s001_t002,bandwidth,40.0,naive,0,6.128761,0.988658,0.704840
aaaaanvw_s001_t000,bandwidth,40.0,naive,0,3.764009,0.930291,0.696664
aaaaanwc_s001_t001,bandwidth,40.0,naive,1,5.428738,0.980397,43.301697
aaaaanxl_s001_t000,bandwidth,40.0,naive,1,8.617723,0.998411,1.844913
aaaaanyb_s001_t001,bandwidth,40.0,naive,0,3.472595,0.913718,0.273914
aaaaanyt_s002_t000,bandwidth,40.0,naive,1,10.524078,0.999650,6.506593
aaaaanyw_s001_t000,bandwidth,40.0,naive,1,6.139375,0.988752,0.349353
aaaaanyw_s002_t000,bandwidth,40.0,naive,1,7.555621,0.996316,3.853167
aaaaanzh_s001_t000,bandwidth,40.0,naive,1,4.544915,0.961242,1.504268
aaaaanzu_s001_t003,bandwidth,40.0,naive,1,7.934491,0.997270,1.837029
aaaaaoav_s001_t000,bandwidth,40.0,naive,0,2.133780,0.785405,0.135500
aaaaaoav_s002_t000,bandwidth,40.0,naive,0,1.359902,0.664477,0.383202
aaaaaobi_s001_t000,bandwidth,40.0,naive,1,6.923402,0.993931,2.361804
aaaaaobl_s001_t000,bandwidth,40.0,naive,0,3.944830,0.939041,1.356548
aaaaaoby_s001_t000,bandwidth,40.0,naive,0,6.160205,0.988934,6.607245
aaaaaoda_s001_t000,bandwidth,40.0,naive,1,11.741843,0.999867,2.415016
aaaaaoeg_s001_t000,bandwidth,40.0,naive,0,5.977108,0.987225,0.335604
aaaaaofj_s001_t000,bandwidth,40.0,naive,0,1.991578,0.765773,1.039712
aaaaaofr_s001_t000,bandwidth,40.0,naive,0,6.532355,0.991740,0.409839
aaaaaofz_s001_t000,bandwidth,40.0,naive,0,4.028983,0.942754,0.651650
aaaaaohb_s001_t000,bandwidth,40.0,naive,1,8.332663,0.998008,0.432743
aaaaaohr_s002_t001,bandwidth,40.0,naive,1,9.088915,0.998906,1.177816
aaaaaoiq_s001_t000,bandwidth,40.0,naive,1,7.514709,0.996195,0.041727
aaaaaoiv_s001_t000,bandwidth,40.0,naive,1,4.259769,0.951873,0.203254
aaaaaoiv_s002_t001,bandwidth,40.0,naive,1,14.231712,0.999982,1.593741
aaaaaoiv_s003_t003,bandwidth,40.0,naive,1,10.816162,0.999722,0.211403
aaaaaojd_s001_t002,bandwidth,40.0,naive,0,4.489368,0.959566,1.377654
aaaaaokg_s001_t000,bandwidth,40.0,naive,0,8.517916,0.998280,6.364714
aaaaaoly_s001_t000,bandwidth,40.0,naive,0,4.634711,0.963811,5.031480
aaaaaome_s001_t000,bandwidth,40.0,naive,0,4.544988,0.961244,0.147216
aaaaaomx_s001_t000,bandwidth,40.0,naive,0,6.004145,0.987493,0.752121
aaaaaomy_s001_t000,bandwidth,40.0,naive,1,11.511481,0.999840,7.917511
aaaaaonb_s001_t000,bandwidth,40.0,naive,0,6.616062,0.992267,2.517765
aaaaaons_s002_t002,bandwidth,40.0,naive,1,11.242662,0.999802,1.479597
aaaaaopd_s001_t000,bandwidth,40.0,naive,0,3.891237,0.936561,1.242640
aaaaaopo_s001_t000,bandwidth,40.0,naive,0,4.483529,0.959385,0.122978
aaaaaora_s002_t000,bandwidth,40.0,naive,1,5.850614,0.985896,0.649868
aaaaaord_s001_t000,bandwidth,40.0,naive,1,4.872394,0.969844,1.661953
aaaaaosh_s001_t000,bandwidth,40.0,naive,1,7.028449,0.994413,0.700450
aaaaaosw_s001_t000,bandwidth,40.0,naive,0,5.289775,0.978161,5.854994
aaaaaote_s001_t000,bandwidth,40.0,naive,0,3.254643,0.899071,0.312600
aaaaaout_s001_t000,bandwidth,40.0,naive,1,7.871036,0.997130,1.691968
aaaaaovl_s001_t000,bandwidth,40.0,naive,1,6.063072,0.988058,0.123726
aaaaaovo_s001_t000,bandwidth,40.0,naive,1,10.872198,0.999734,2.636025
aaaaaowb_s001_t000,bandwidth,40.0,naive,0,2.458960,0.825707,0.473151
aaaaaoxf_s001_t000,bandwidth,40.0,naive,0,2.391716,0.817893,0.212851
aaaaaozf_s001_t001,bandwidth,40.0,naive,0,5.719339,0.984371,1.233976
aaaaapag_s001_t000,bandwidth,40.0,naive,0,4.547683,0.961323,1.296451
aaaaapar_s001_t000,bandwidth,40.0,naive,1,20.970234,1.000000,0.557852
aaaaapcb_s001_t000,bandwidth,40.0,naive,0,2.431946,0.822600,0.189975
aaaaapcy_s001_t002,bandwidth,40.0,naive,0,3.866850,0.935401,0.542076
aaaaapdg_s001_t000,bandwidth,40.0,naive,0,3.807603,0.932501,0.320459
aaaaaphs_s001_t000,bandwidth,40.0,naive,1,10.446392,0.999627,2.482338
aaaaaphw_s001_t000,bandwidth,40.0,naive,0,8.120058,0.997643,1.302753
aaaaapij_s001_t000,bandwidth,40.0,naive,0,2.784534,0.859829,0.337578
aaaaapjc_s001_t001,bandwidth,40.0,naive,0,2.744699,0.855976,1.056527
aaaaapka_s001_t000,bandwidth,40.0,naive,0,3.306274,0.902729,0.713615
aaaaapkx_s001_t001,bandwidth,40.0,naive,1,5.225685,0.977048,3.163369
aaaaaply_s001_t001,bandwidth,40.0,naive,1,10.671394,0.999688,1.787901
aaaaapmb_s002_t001,bandwidth,40.0,naive,1,-0.528947,0.306688,0.172554
aaaaapmp_s001_t000,bandwidth,40.0,naive,1,4.875011,0.969905,0.112506
aaaaapnr_s001_t000,bandwidth,40.0,naive,1,2.318683,0.809101,0.912615
aaaaapoc_s001_t000,bandwidth,40.0,naive,1,10.031021,0.999482,1.851087
aaaaapof_s001_t000,bandwidth,40.0,naive,0,2.628291,0.844209,0.237539
aaaaapoo_s001_t000,bandwidth,40.0,naive,0,3.701092,0.926983,2.105006
aaaaapoq_s001_t000,bandwidth,40.0,naive,0,6.853675,0.993587,0.877354
aaaaappb_s001_t000,bandwidth,40.0,naive,0,3.698669,0.926852,0.487034
aaaaapqd_s001_t000,bandwidth,40.0,naive,1,0.089779,0.419546,0.773640
aaaaapqv_s001_t000,bandwidth,40.0,naive,0,1.204326,0.636417,0.887917
aaaaapta_s001_t000,bandwidth,40.0,naive,1,9.742509,0.999349,3.009142
aaaaapth_s001_t000,bandwidth,40.0,naive,1,4.353168,0.955157,1.171241
aaaaapua_s001_t001,bandwidth,40.0,naive,0,3.650146,0.924198,0.226457
aaaaapuu_s001_t000,bandwidth,40.0,naive,0,3.656115,0.924530,0.677091
aaaaapvw_s001_t001,bandwidth,40.0,naive,1,9.085609,0.998903,0.812101
aaaaapvy_s001_t000,bandwidth,40.0,naive,1,4.703612,0.965671,1.843877
aaaaapwn_s001_t001,bandwidth,40.0,naive,0,3.578537,0.920120,4.867610
aaaaapwo_s001_t001,bandwidth,40.0,naive,1,13.238594,0.999959,2.421871
aaaaapxm_s001_t001,bandwidth,40.0,naive,0,3.507205,0.915859,0.119159
aaaaapys_s001_t001,bandwidth,40.0,naive,1,17.625946,0.999999,0.795513
aaaaapys_s002_t001,bandwidth,40.0,naive,1,13.150163,0.999956,1.598867
aaaaaayx_s002_t000,bandwidth,50.0,canonicalized,0,4.634371,0.963802,6.422028
aaaaabdo_s003_t000,bandwidth,50.0,canonicalized,1,12.598264,0.999932,7.024432
aaaaabsk_s007_t000,bandwidth,50.0,canonicalized,1,6.520953,0.991666,0.455939
aaaaabuv_s002_t000,bandwidth,50.0,canonicalized,1,6.775133,0.993178,0.243085
aaaaacad_s003_t000,bandwidth,50.0,canonicalized,0,4.322416,0.954100,0.286334
aaaaacby_s004_t000,bandwidth,50.0,canonicalized,0,3.037432,0.882318,0.584241
aaaaaddm_s006_t000,bandwidth,50.0,canonicalized,1,6.724941,0.992903,2.176452
aaaaadeu_s002_t000,bandwidth,50.0,canonicalized,1,4.708294,0.965794,0.963442
aaaaadjk_s002_t000,bandwidth,50.0,canonicalized,0,0.753967,0.550441,0.182121
aaaaadkb_s002_t000,bandwidth,50.0,canonicalized,1,10.959504,0.999752,5.605356
aaaaadsm_s002_t001,bandwidth,50.0,canonicalized,0,-0.027720,0.397024,1.130261
aaaaaeab_s003_t000,bandwidth,50.0,canonicalized,0,3.645984,0.923967,0.931694
aaaaaejc_s003_t001,bandwidth,50.0,canonicalized,0,6.497888,0.991513,0.603104
aaaaaezn_s003_t001,bandwidth,50.0,canonicalized,1,5.350490,0.979167,2.942101
aaaaafhl_s003_t000,bandwidth,50.0,canonicalized,1,1.142778,0.625042,0.897930
aaaaagfk_s003_t000,bandwidth,50.0,canonicalized,0,1.385135,0.668927,0.660059
aaaaagsc_s003_t001,bandwidth,50.0,canonicalized,1,8.739425,0.998557,20.602402
aaaaagsc_s006_t001,bandwidth,50.0,canonicalized,1,3.172611,0.893008,0.222395
aaaaaguk_s002_t001,bandwidth,50.0,canonicalized,0,1.584438,0.702974,0.468238
aaaaagvx_s002_t000,bandwidth,50.0,canonicalized,1,3.273480,0.900419,1.774235
aaaaagvx_s003_t001,bandwidth,50.0,canonicalized,1,5.046862,0.973641,2.792752
aaaaagyr_s002_t000,bandwidth,50.0,canonicalized,1,3.358568,0.906312,0.676178
aaaaahie_s005_t001,bandwidth,50.0,canonicalized,1,11.736900,0.999866,0.898869
aaaaahsv_s002_t000,bandwidth,50.0,canonicalized,0,5.424114,0.980326,0.517016
aaaaahte_s002_t000,bandwidth,50.0,canonicalized,1,12.920691,0.999948,6.594611
aaaaahte_s003_t000,bandwidth,50.0,canonicalized,1,8.919262,0.998749,0.689742
aaaaahuy_s002_t000,bandwidth,50.0,canonicalized,1,2.478943,0.827978,0.144128
aaaaahzi_s001_t000,bandwidth,50.0,canonicalized,0,6.280662,0.989933,0.675226
aaaaahzm_s001_t001,bandwidth,50.0,canonicalized,0,-0.052662,0.392295,0.085160
aaaaahzq_s001_t000,bandwidth,50.0,canonicalized,0,3.686937,0.926219,0.521986
aaaaahzs_s001_t001,bandwidth,50.0,canonicalized,0,3.651724,0.924286,1.230752
aaaaaiae_s001_t000,bandwidth,50.0,canonicalized,0,0.928520,0.584427,0.370522
aaaaaibx_s001_t000,bandwidth,50.0,canonicalized,0,2.529466,0.833613,0.565790
aaaaaiby_s001_t000,bandwidth,50.0,canonicalized,0,6.604997,0.992199,0.952103
aaaaaici_s001_t000,bandwidth,50.0,canonicalized,0,3.050753,0.883411,1.781790
aaaaaicn_s001_t000,bandwidth,50.0,canonicalized,0,1.782138,0.734659,1.710978
aaaaaijh_s002_t000,bandwidth,50.0,canonicalized,1,2.525118,0.833134,0.222189
aaaaaijn_s001_t001,bandwidth,50.0,canonicalized,0,3.243829,0.898289,0.336132
aaaaairb_s001_t001,bandwidth,50.0,canonicalized,0,4.292185,0.953038,0.374655
aaaaairo_s001_t000,bandwidth,50.0,canonicalized,0,4.147910,0.947640,2.308640
aaaaaitt_s001_t000,bandwidth,50.0,canonicalized,0,3.974550,0.940378,2.906131
aaaaaiue_s004_t000,bandwidth,50.0,canonicalized,1,5.539419,0.982016,0.362273
aaaaaiuo_s002_t000,bandwidth,50.0,canonicalized,0,3.837159,0.933963,1.061351
aaaaaiwz_s001_t001,bandwidth,50.0,canonicalized,0,2.739471,0.855464,0.544957
aaaaaiyy_s001_t001,bandwidth,50.0,canonicalized,0,3.212517,0.895997,0.859083
aaaaaizd_s001_t001,bandwidth,50.0,canonicalized,0,4.618126,0.963349,2.051320
aaaaaizs_s001_t000,bandwidth,50.0,canonicalized,0,4.555188,0.961544,0.258354
aaaaajae_s001_t001,bandwidth,50.0,canonicalized,0,5.195905,0.976512,4.924715
aaaaajah_s002_t001,bandwidth,50.0,canonicalized,1,6.191515,0.989203,0.364796
aaaaajah_s004_t000,bandwidth,50.0,canonicalized,1,4.969199,0.972012,0.954142
aaaaajal_s001_t001,bandwidth,50.0,canonicalized,0,3.782286,0.931226,0.603634
aaaaajam_s001_t000,bandwidth,50.0,canonicalized,1,3.432545,0.911180,0.296009
aaaaajar_s001_t001,bandwidth,50.0,canonicalized,0,3.280349,0.900907,0.240585
aaaaajbb_s001_t000,bandwidth,50.0,canonicalized,0,6.904359,0.993839,0.399048
aaaaajbh_s002_t000,bandwidth,50.0,canonicalized,0,0.821797,0.563721,0.254502
aaaaajce_s001_t000,bandwidth,50.0,canonicalized,0,3.103751,0.887674,0.147516
aaaaajci_s001_t000,bandwidth,50.0,canonicalized,0,3.547771,0.918307,0.140236
aaaaajck_s001_t000,bandwidth,50.0,canonicalized,0,3.685359,0.926133,0.305607
aaaaajct_s001_t000,bandwidth,50.0,canonicalized,0,3.982045,0.940710,0.949935
aaaaajcu_s001_t000,bandwidth,50.0,canonicalized,0,3.845891,0.934389,1.337522
aaaaajda_s001_t000,bandwidth,50.0,canonicalized,0,2.832947,0.864396,0.361655
aaaaajdb_s001_t000,bandwidth,50.0,canonicalized,0,3.765372,0.930361,0.555189
aaaaajdv_s001_t000,bandwidth,50.0,canonicalized,0,8.022516,0.997454,2.003742
aaaaajdy_s001_t000,bandwidth,50.0,canonicalized,0,3.337221,0.904864,1.024974
aaaaajdz_s001_t000,bandwidth,50.0,canonicalized,0,4.495093,0.959741,0.636820
aaaaajea_s001_t000,bandwidth,50.0,canonicalized,0,3.757829,0.929972,4.629976
aaaaajen_s001_t000,bandwidth,50.0,canonicalized,0,3.558739,0.918958,0.249854
aaaaajey_s001_t000,bandwidth,50.0,canonicalized,0,4.503560,0.960000,0.509134
aaaaajfb_s001_t000,bandwidth,50.0,canonicalized,0,3.229139,0.897219,0.473494
aaaaajfe_s001_t000,bandwidth,50.0,canonicalized,0,3.922088,0.938000,1.342316
aaaaajff_s001_t000,bandwidth,50.0,canonicalized,0,3.979494,0.940597,0.389789
aaaaajfi_s001_t001,bandwidth,50.0,canonicalized,0,4.466768,0.958864,2.289407
aaaaajfn_s001_t001,bandwidth,50.0,canonicalized,0,0.561363,0.512398,0.496057
aaaaajfy_s001_t000,bandwidth,50.0,canonicalized,0,3.079451,0.885737,0.138417
aaaaajga_s001_t001,bandwidth,50.0,canonicalized,0,7.173876,0.995019,0.923188
aaaaajhy_s001_t000,bandwidth,50.0,canonicalized,0,2.279745,0.804283,0.646738
aaaaajit_s001_t001,bandwidth,50.0,canonicalized,0,4.008440,0.941868,0.115485
aaaaajiu_s001_t000,bandwidth,50.0,canonicalized,0,7.088925,0.994674,2.710644
aaaaajiy_s001_t001,bandwidth,50.0,canonicalized,0,3.413120,0.909924,0.296527
aaaaajiz_s001_t000,bandwidth,50.0,canonicalized,0,5.000290,0.972675,0.483990
aaaaajjb_s001_t001,bandwidth,50.0,canonicalized,0,2.805495,0.861822,2.078689
aaaaajje_s001_t000,bandwidth,50.0,canonicalized,0,3.013000,0.880290,0.507749
aaaaajjk_s001_t000,bandwidth,50.0,canonicalized,0,5.405762,0.980043,0.933307
aaaaajna_s001_t000,bandwidth,50.0,canonicalized,0,2.455163,0.825273,0.762293
aaaaajnu_s001_t000,bandwidth,50.0,canonicalized,0,2.796567,0.860976,1.764773
aaaaajon_s001_t000,bandwidth,50.0,canonicalized,0,5.120210,0.975094,2.948341
aaaaajoo_s002_t001,bandwidth,50.0,canonicalized,1,1.886930,0.750551,0.777837
aaaaajpg_s001_t001,bandwidth,50.0,canonicalized,0,5.605274,0.982916,0.630078
aaaaajqh_s004_t000,bandwidth,50.0,canonicalized,1,11.145668,0.999786,2.757432
aaaaajqk_s003_t001,bandwidth,50.0,canonicalized,1,7.098697,0.994715,0.212201
aaaaajrf_s001_t000,bandwidth,50.0,canonicalized,1,16.546793,0.999997,3.785602
aaaaajrf_s002_t000,bandwidth,50.0,canonicalized,1,18.379246,0.999999,4.483549
aaaaajrf_s003_t002,bandwidth,50.0,canonicalized,1,17.070246,0.999998,4.321403
aaaaajrf_s004_t000,bandwidth,50.0,canonicalized,1,5.088404,0.974474,0.714601
aaaaajso_s001_t000,bandwidth,50.0,canonicalized,1,10.419081,0.999619,5.101217
aaaaajtg_s001_t000,bandwidth,50.0,canonicalized,0,5.948811,0.986939,3.644780
aaaaajtu_s001_t000,bandwidth,50.0,canonicalized,0,7.016067,0.994358,3.217125
aaaaajuh_s001_t000,bandwidth,50.0,canonicalized,1,10.919704,0.999744,12.958868
aaaaajun_s001_t000,bandwidth,50.0,canonicalized,0,5.132264,0.975325,0.226828
aaaaajvh_s001_t001,bandwidth,50.0,canonicalized,0,5.623745,0.983160,1.072755
aaaaajxp_s001_t000,bandwidth,50.0,canonicalized,0,2.229222,0.797895,0.601279
aaaaakck_s001_t001,bandwidth,50.0,canonicalized,1,6.067223,0.988097,0.534846
aaaaakcx_s001_t001,bandwidth,50.0,canonicalized,1,12.172587,0.999905,3.244954
aaaaakcy_s005_t001,bandwidth,50.0,canonicalized,1,13.933861,0.999977,1.975727
aaaaakdj_s001_t000,bandwidth,50.0,canonicalized,1,6.969641,0.994148,0.084731
aaaaakdo_s001_t000,bandwidth,50.0,canonicalized,1,3.900393,0.936991,0.688777
aaaaakeq_s001_t000,bandwidth,50.0,canonicalized,1,7.774598,0.996902,5.145352
aaaaakeq_s002_t000,bandwidth,50.0,canonicalized,1,5.949872,0.986950,1.426953
aaaaakeq_s003_t000,bandwidth,50.0,canonicalized,1,8.337835,0.998016,2.201522
aaaaakev_s001_t001,bandwidth,50.0,canonicalized,1,16.920874,0.999998,19.335949
aaaaakev_s002_t000,bandwidth,50.0,canonicalized,1,16.256649,0.999996,3.990366
aaaaakft_s001_t000,bandwidth,50.0,canonicalized,0,4.490427,0.959598,0.665073
aaaaakgp_s001_t001,bandwidth,50.0,canonicalized,0,5.852711,0.985919,0.920233
aaaaakgu_s001_t000,bandwidth,50.0,canonicalized,1,1.897120,0.752061,0.187523
aaaaakjk_s002_t002,bandwidth,50.0,canonicalized,1,8.232316,0.997844,1.141413
aaaaakjk_s003_t000,bandwidth,50.0,canonicalized,1,5.570080,0.982440,1.000084
aaaaakka_s001_t001,bandwidth,50.0,canonicalized,0,6.037986,0.987821,0.388974
aaaaakmg_s003_t001,bandwidth,50.0,canonicalized,1,13.811714,0.999974,1.480146
aaaaakmh_s001_t000,bandwidth,50.0,canonicalized,1,6.293444,0.990033,3.198243
aaaaaknt_s001_t000,bandwidth,50.0,canonicalized,1,7.090365,0.994680,1.936463
aaaaakoo_s001_t001,bandwidth,50.0,canonicalized,1,17.208664,0.999998,2.776100
aaaaakqg_s001_t001,bandwidth,50.0,canonicalized,0,2.660135,0.847503,0.371007
aaaaakqr_s001_t000,bandwidth,50.0,canonicalized,0,0.812104,0.561829,1.152595
aaaaakrt_s001_t001,bandwidth,50.0,canonicalized,1,8.471307,0.998215,0.691309
aaaaakrt_s002_t001,bandwidth,50.0,canonicalized,1,8.291207,0.997942,6.034192
aaaaaksb_s001_t000,bandwidth,50.0,canonicalized,0,1.493102,0.687620,0.722246
aaaaaksu_s001_t001,bandwidth,50.0,canonicalized,0,5.410060,0.980110,1.210442
aaaaakxz_s001_t001,bandwidth,50.0,canonicalized,1,0.192222,0.439463,0.237189
aaaaakxz_s002_t001,bandwidth,50.0,canonicalized,1,4.987349,0.972401,2.554469
aaaaalaf_s001_t000,bandwidth,50.0,canonicalized,0,4.599679,0.962829,0.222715
aaaaalau_s001_t000,bandwidth,50.0,canonicalized,1,7.612023,0.996477,6.853927
aaaaalbh_s001_t000,bandwidth,50.0,canonicalized,1,6.693047,0.992722,2.848150
aaaaalbt_s001_t001,bandwidth,50.0,canonicalized,0,2.665536,0.848057,0.629907
aaaaalbt_s002_t000,bandwidth,50.0,canonicalized,0,2.490512,0.829281,0.347754
aaaaalbz_s006_t000,bandwidth,50.0,canonicalized,1,12.268396,0.999912,5.113023
aaaaalid_s001_t001,bandwidth,50.0,canonicalized,0,9.775268,0.999365,2.392379
aaaaaljf_s001_t000,bandwidth,50.0,canonicalized,1,7.951515,0.997307,2.325104
aaaaaljj_s001_t000,bandwidth,50.0,canonicalized,0,3.180500,0.893605,0.078465
aaaaallc_s001_t001,bandwidth,50.0,canonicalized,0,4.696231,0.965476,1.334747
aaaaalle_s002_t000,bandwidth,50.0,canonicalized,1,5.716288,0.984334,1.162883
aaaaalox_s001_t001,bandwidth,50.0,canonicalized,0,9.312008,0.999083,6.014281
aaaaalpv_s001_t000,bandwidth,50.0,canonicalized,0,4.192825,0.949380,1.457638
aaaaalqa_s001_t000,bandwidth,50.0,canonicalized,0,4.293018,0.953068,1.569480
aaaaalqr_s001_t001,bandwidth,50.0,canonicalized,1,4.173573,0.948641,0.781380
aaaaalqs_s001_t001,bandwidth,50.0,canonicalized,0,1.479699,0.685331,0.187964
aaaaalqx_s001_t000,bandwidth,50.0,canonicalized,0,2.194977,0.793477,1.311373
aaaaalrc_s002_t000,bandwidth,50.0,canonicalized,1,21.628483,1.000000,2.515034
aaaaalsq_s001_t000,bandwidth,50.0,canonicalized,0,7.042556,0.994475,0.422337
aaaaalsx_s001_t000,bandwidth,50.0,canonicalized,1,3.949740,0.939264,1.554538
aaaaalsx_s004_t001,bandwidth,50.0,canonicalized,1,-0.447357,0.320626,0.590518
aaaaaluz_s001_t001,bandwidth,50.0,canonicalized,0,3.723408,0.928172,0.359623
aaaaalvw_s001_t000,bandwidth,50.0,canonicalized,0,3.439153,0.911603,0.433224
aaaaalvz_s001_t000,bandwidth,50.0,canonicalized,1,17.075424,0.999998,1.097746
aaaaalxk_s001_t000,bandwidth,50.0,canonicalized,0,6.621215,0.992298,0.714376
aaaaalyr_s001_t000,bandwidth,50.0,canonicalized,1,3.427545,0.910858,1.318030
aaaaalzk_s002_t001,bandwidth,50.0,canonicalized,1,12.187426,0.999906,15.784290
aaaaamcb_s001_t001,bandwidth,50.0,canonicalized,1,11.155138,0.999788,1.062347
aaaaamfe_s001_t001,bandwidth,50.0,canonicalized,0,6.585476,0.992079,0.149101
aaaaamft_s001_t001,bandwidth,50.0,canonicalized,1,4.464223,0.958784,0.473802
aaaaamfu_s001_t000,bandwidth,50.0,canonicalized,0,6.406396,0.990880,0.201558
aaaaamhi_s001_t000,bandwidth,50.0,canonicalized,1,13.018023,0.999952,5.171028
aaaaamhk_s001_t000,bandwidth,50.0,canonicalized,1,6.917392,0.993902,0.441724
aaaaamjc_s001_t001,bandwidth,50.0,canonicalized,1,10.379579,0.999607,3.130328
aaaaammh_s001_t001,bandwidth,50.0,canonicalized,1,5.059214,0.973891,1.492741
aaaaamnq_s001_t000,bandwidth,50.0,canonicalized,1,11.305716,0.999811,6.545961
aaaaamnq_s002_t000,bandwidth,50.0,canonicalized,1,9.415701,0.999156,2.152727
aaaaamon_s001_t000,bandwidth,50.0,canonicalized,0,4.245077,0.951336,2.985080
aaaaampz_s001_t000,bandwidth,50.0,canonicalized,1,5.475231,0.981094,1.704839
aaaaamrj_s001_t000,bandwidth,50.0,canonicalized,0,3.947616,0.939168,0.932048
aaaaamsc_s001_t000,bandwidth,50.0,canonicalized,1,6.666193,0.992566,1.968769
aaaaamtb_s001_t000,bandwidth,50.0,canonicalized,0,9.069759,0.998889,2.440947
aaaaamuc_s001_t000,bandwidth,50.0,canonicalized,0,3.343656,0.905303,0.616727
aaaaamxn_s001_t000,bandwidth,50.0,canonicalized,1,3.688711,0.926315,0.581111
aaaaamyb_s001_t001,bandwidth,50.0,canonicalized,0,2.755028,0.856983,1.490935
aaaaamye_s001_t000,bandwidth,50.0,canonicalized,1,13.340185,0.999962,7.782914
aaaaamzi_s001_t001,bandwidth,50.0,canonicalized,1,10.635077,0.999679,10.161459
aaaaamzl_s001_t000,bandwidth,50.0,canonicalized,0,2.277739,0.804032,0.676405
aaaaamzx_s001_t000,bandwidth,50.0,canonicalized,0,0.545125,0.509178,4.266197
aaaaanbq_s001_t000,bandwidth,50.0,canonicalized,0,2.099504,0.780785,1.570590
aaaaanek_s001_t000,bandwidth,50.0,canonicalized,0,3.412200,0.909864,0.468522
aaaaangp_s001_t000,bandwidth,50.0,canonicalized,0,2.469539,0.826912,0.512976
aaaaanhb_s001_t003,bandwidth,50.0,canonicalized,1,7.922370,0.997244,2.741237
aaaaanhb_s003_t001,bandwidth,50.0,canonicalized,1,4.392002,0.956459,1.579841
aaaaanhb_s005_t000,bandwidth,50.0,canonicalized,1,5.112586,0.974947,2.287026
aaaaankf_s001_t000,bandwidth,50.0,canonicalized,1,11.710786,0.999863,1.462291
aaaaanlp_s001_t000,bandwidth,50.0,canonicalized,0,3.267726,0.900009,0.236471
aaaaanmc_s001_t000,bandwidth,50.0,canonicalized,1,8.526427,0.998292,4.659720
aaaaanop_s001_t000,bandwidth,50.0,canonicalized,0,5.221667,0.976976,2.984618
aaaaanoz_s001_t000,bandwidth,50.0,canonicalized,1,5.300807,0.978347,0.475444
aaaaanpr_s001_t002,bandwidth,50.0,canonicalized,1,6.059980,0.988029,3.761221
aaaaanqe_s001_t000,bandwidth,50.0,canonicalized,0,3.691733,0.926478,0.278115
aaaaanro_s001_t000,bandwidth,50.0,canonicalized,1,8.675454,0.998482,2.906785
aaaaansj_s001_t000,bandwidth,50.0,canonicalized,1,7.877354,0.997144,2.248569
aaaaanta_s001_t000,bandwidth,50.0,canonicalized,1,8.307524,0.997968,1.999466
aaaaanum_s001_t000,bandwidth,50.0,canonicalized,0,4.738996,0.966589,1.195110
aaaaanvb_s002_t000,bandwidth,50.0,canonicalized,0,2.974087,0.876997,0.206550
aaaaanvg_s001_t002,bandwidth,50.0,canonicalized,0,5.548801,0.982147,0.843460
aaaaanvw_s001_t000,bandwidth,50.0,canonicalized,0,3.547019,0.918262,0.817026
aaaaanwc_s001_t001,bandwidth,50.0,canonicalized,1,5.012177,0.972925,46.246025
aaaaanxl_s001_t000,bandwidth,50.0,canonicalized,1,7.364911,0.995717,1.362090
aaaaanyb_s001_t001,bandwidth,50.0,canonicalized,0,2.928453,0.873037,0.300604
aaaaanyt_s002_t000,bandwidth,50.0,canonicalized,1,9.836740,0.999395,5.233045
aaaaanyw_s001_t000,bandwidth,50.0,canonicalized,1,5.661899,0.983654,0.330263
aaaaanyw_s002_t000,bandwidth,50.0,canonicalized,1,6.789719,0.993256,3.781332
aaaaanzh_s001_t000,bandwidth,50.0,canonicalized,1,4.199741,0.949643,1.751263
aaaaanzu_s001_t003,bandwidth,50.0,canonicalized,1,7.696987,0.996706,2.120335
aaaaaoav_s001_t000,bandwidth,50.0,canonicalized,0,1.939222,0.758239,0.120695
aaaaaoav_s002_t000,bandwidth,50.0,canonicalized,0,1.149891,0.626364,0.389604
aaaaaobi_s001_t000,bandwidth,50.0,canonicalized,1,6.541011,0.991796,2.783430
aaaaaobl_s001_t000,bandwidth,50.0,canonicalized,0,3.346222,0.905477,1.548729
aaaaaoby_s001_t000,bandwidth,50.0,canonicalized,0,5.644016,0.983424,7.012728
aaaaaoda_s001_t000,bandwidth,50.0,canonicalized,1,11.167869,0.999790,2.459530
aaaaaoeg_s001_t000,bandwidth,50.0,canonicalized,0,5.611023,0.982992,0.464168
aaaaaofj_s001_t000,bandwidth,50.0,canonicalized,0,1.157646,0.627803,1.058862
aaaaaofr_s001_t000,bandwidth,50.0,canonicalized,0,5.933361,0.986780,0.502977
aaaaaofz_s001_t000,bandwidth,50.0,canonicalized,0,3.581570,0.920297,0.605655
aaaaaohb_s001_t000,bandwidth,50.0,canonicalized,1,8.027379,0.997464,0.428739
aaaaaohr_s002_t001,bandwidth,50.0,canonicalized,1,8.815777,0.998642,1.257055
aaaaaoiq_s001_t000,bandwidth,50.0,canonicalized,1,7.195683,0.995104,0.030286
aaaaaoiv_s001_t000,bandwidth,50.0,canonicalized,1,3.892056,0.936599,0.210496
aaaaaoiv_s002_t001,bandwidth,50.0,canonicalized,1,13.870186,0.999975,1.768671
aaaaaoiv_s003_t003,bandwidth,50.0,canonicalized,1,9.952734,0.999449,0.297832
aaaaaojd_s001_t002,bandwidth,50.0,canonicalized,0,3.776921,0.930953,1.569641
aaaaaokg_s001_t000,bandwidth,50.0,canonicalized,0,7.462272,0.996034,5.951838
aaaaaoly_s001_t000,bandwidth,50.0,canonicalized,0,3.943714,0.938991,5.194445
aaaaaome_s001_t000,bandwidth,50.0,canonicalized,0,4.226739,0.950658,0.176664
aaaaaomx_s001_t000,bandwidth,50.0,canonicalized,0,5.578236,0.982552,0.906302
aaaaaomy_s001_t000,bandwidth,50.0,canonicalized,1,11.056480,0.999770,8.773829
aaaaaonb_s001_t000,bandwidth,50.0,canonicalized,0,6.245365,0.989650,2.970912
aaaaaons_s002_t002,bandwidth,50.0,canonicalized,1,10.872981,0.999734,1.384564
aaaaaopd_s001_t000,bandwidth,50.0,canonicalized,0,3.404851,0.909385,1.216641
aaaaaopo_s001_t000,bandwidth,50.0,canonicalized,0,4.280938,0.952637,0.104774
aaaaaora_s002_t000,bandwidth,50.0,canonicalized,1,5.602467,0.982878,0.706078
aaaaaord_s001_t000,bandwidth,50.0,canonicalized,1,4.684698,0.965169,1.452981
aaaaaosh_s001_t000,bandwidth,50.0,canonicalized,1,6.747916,0.993030,0.779952
aaaaaosw_s001_t000,bandwidth,50.0,canonicalized,0,4.438048,0.957956,6.691751
aaaaaote_s001_t000,bandwidth,50.0,canonicalized,0,2.487879,0.828985,0.303537
aaaaaout_s001_t000,bandwidth,50.0,canonicalized,1,7.471609,0.996063,1.939542
aaaaaovl_s001_t000,bandwidth,50.0,canonicalized,1,5.198565,0.976560,0.100723
aaaaaovo_s001_t000,bandwidth,50.0,canonicalized,1,9.807991,0.999381,3.598461
aaaaaowb_s001_t000,bandwidth,50.0,canonicalized,0,1.950564,0.759885,0.567447
aaaaaoxf_s001_t000,bandwidth,50.0,canonicalized,0,2.050797,0.774097,0.197814
aaaaaozf_s001_t001,bandwidth,50.0,canonicalized,0,5.302112,0.978369,1.203491
aaaaapag_s001_t000,bandwidth,50.0,canonicalized,0,4.283523,0.952729,1.473697
aaaaapar_s001_t000,bandwidth,50.0,canonicalized,1,20.740108,1.000000,0.715824
aaaaapcb_s001_t000,bandwidth,50.0,canonicalized,0,1.964788,0.761939,0.195956
aaaaapcy_s001_t002,bandwidth,50.0,canonicalized,0,3.417075,0.910181,0.657670
aaaaapdg_s001_t000,bandwidth,50.0,canonicalized,0,3.529794,0.917230,0.388704
aaaaaphs_s001_t000,bandwidth,50.0,canonicalized,1,10.119150,0.999517,2.563544
aaaaaphw_s001_t000,bandwidth,50.0,canonicalized,0,7.529302,0.996239,1.403248
aaaaapij_s001_t000,bandwidth,50.0,canonicalized,0,2.134470,0.785497,0.311712
aaaaapjc_s001_t001,bandwidth,50.0,canonicalized,0,2.143354,0.786683,1.099913
aaaaapka_s001_t000,bandwidth,50.0,canonicalized,0,2.979868,0.877492,0.794581
aaaaapkx_s001_t001,bandwidth,50.0,canonicalized,1,4.737738,0.966557,2.764947
aaaaaply_s001_t001,bandwidth,50.0,canonicalized,1,10.209535,0.999550,1.921205
aaaaapmb_s002_t001,bandwidth,50.0,canonicalized,1,-0.968181,0.237902,0.102611
aaaaapmp_s001_t000,bandwidth,50.0,canonicalized,1,4.742400,0.966676,0.115233
aaaaapnr_s001_t000,bandwidth,50.0,canonicalized,1,1.984331,0.764740,0.766815
aaaaapoc_s001_t000,bandwidth,50.0,canonicalized,1,9.611174,0.999277,1.817196
aaaaapof_s001_t000,bandwidth,50.0,canonicalized,0,2.318576,0.809088,0.173957
aaaaapoo_s001_t000,bandwidth,50.0,canonicalized,0,3.413439,0.909945,1.976768
aaaaapoq_s001_t000,bandwidth,50.0,canonicalized,0,6.515466,0.991630,0.730378
aaaaappb_s001_t000,bandwidth,50.0,canonicalized,0,3.427867,0.910879,0.451704
aaaaapqd_s001_t000,bandwidth,50.0,canonicalized,1,-0.663105,0.284528,0.809154
aaaaapqv_s001_t000,bandwidth,50.0,canonicalized,0,0.462677,0.492822,0.879267
aaaaapta_s001_t000,bandwidth,50.0,canonicalized,1,9.209331,0.999006,3.255648
aaaaapth_s001_t000,bandwidth,50.0,canonicalized,1,3.310105,0.902995,0.998407
aaaaapua_s001_t001,bandwidth,50.0,canonicalized,0,3.354275,0.906023,0.269848
aaaaapuu_s001_t000,bandwidth,50.0,canonicalized,0,2.921366,0.872413,0.656875
aaaaapvw_s001_t001,bandwidth,50.0,canonicalized,1,8.662417,0.998466,0.905968
aaaaapvy_s001_t000,bandwidth,50.0,canonicalized,1,3.603227,0.921548,2.142843
aaaaapwn_s001_t001,bandwidth,50.0,canonicalized,0,3.073498,0.885258,5.319049
aaaaapwo_s001_t001,bandwidth,50.0,canonicalized,1,12.753582,0.999940,3.132406
aaaaapxm_s001_t001,bandwidth,50.0,canonicalized,0,3.255000,0.899097,0.160402
aaaaapys_s001_t001,bandwidth,50.0,canonicalized,1,17.066311,0.999998,0.956692
aaaaapys_s002_t001,bandwidth,50.0,canonicalized,1,12.324759,0.999916,1.332435
aaaaaayx_s002_t000,bandwidth,50.0,naive,0,4.634371,0.963802,6.422028
aaaaabdo_s003_t000,bandwidth,50.0,naive,1,12.598264,0.999932,7.024432
aaaaabsk_s007_t000,bandwidth,50.0,naive,1,6.520953,0.991666,0.455939
aaaaabuv_s002_t000,bandwidth,50.0,naive,1,6.775133,0.993178,0.243085
aaaaacad_s003_t000,bandwidth,50.0,naive,0,4.322416,0.954100,0.286334
aaaaacby_s004_t000,bandwidth,50.0,naive,0,3.037432,0.882318,0.584241
aaaaaddm_s006_t000,bandwidth,50.0,naive,1,6.724941,0.992903,2.176452
aaaaadeu_s002_t000,bandwidth,50.0,naive,1,4.708294,0.965794,0.963442
aaaaadjk_s002_t000,bandwidth,50.0,naive,0,0.753967,0.550441,0.182121
aaaaadkb_s002_t000,bandwidth,50.0,naive,1,10.959504,0.999752,5.605356
aaaaadsm_s002_t001,bandwidth,50.0,naive,0,-0.027720,0.397024,1.130261
aaaaaeab_s003_t000,bandwidth,50.0,naive,0,3.645984,0.923967,0.931694
aaaaaejc_s003_t001,bandwidth,50.0,naive,0,6.497888,0.991513,0.603104
aaaaaezn_s003_t001,bandwidth,50.0,naive,1,5.350490,0.979167,2.942101
aaaaafhl_s003_t000,bandwidth,50.0,naive,1,1.142778,0.625042,0.897930
aaaaagfk_s003_t000,bandwidth,50.0,naive,0,1.385135,0.668927,0.660059
aaaaagsc_s003_t001,bandwidth,50.0,naive,1,8.739425,0.998557,20.602402
aaaaagsc_s006_t001,bandwidth,50.0,naive,1,3.172611,0.893008,0.222395
aaaaaguk_s002_t001,bandwidth,50.0,naive,0,1.584438,0.702974,0.468238
aaaaagvx_s002_t000,bandwidth,50.0,naive,1,3.273480,0.900419,1.774235
aaaaagvx_s003_t001,bandwidth,50.0,naive,1,5.046862,0.973641,2.792752
aaaaagyr_s002_t000,bandwidth,50.0,naive,1,3.358568,0.906312,0.676178
aaaaahie_s005_t001,bandwidth,50.0,naive,1,11.736900,0.999866,0.898869
aaaaahsv_s002_t000,bandwidth,50.0,naive,0,5.424114,0.980326,0.517016
aaaaahte_s002_t000,bandwidth,50.0,naive,1,12.920691,0.999948,6.594611
aaaaahte_s003_t000,bandwidth,50.0,naive,1,8.919262,0.998749,0.689742
aaaaahuy_s002_t000,bandwidth,50.0,naive,1,2.478943,0.827978,0.144128
aaaaahzi_s001_t000,bandwidth,50.0,naive,0,6.280662,0.989933,0.675226
aaaaahzm_s001_t001,bandwidth,50.0,naive,0,-0.052662,0.392295,0.085160
aaaaahzq_s001_t000,bandwidth,50.0,naive,0,3.686937,0.926219,0.521986
aaaaahzs_s001_t001,bandwidth,50.0,naive,0,3.651724,0.924286,1.230752
aaaaaiae_s001_t000,bandwidth,50.0,naive,0,0.928520,0.584427,0.370522
aaaaaibx_s001_t000,bandwidth,50.0,naive,0,2.529466,0.833613,0.565790
aaaaaiby_s001_t000,bandwidth,50.0,naive,0,6.604997,0.992199,0.952103
aaaaaici_s001_t000,bandwidth,50.0,naive,0,3.050753,0.883411,1.781790
aaaaaicn_s001_t000,bandwidth,50.0,naive,0,1.782138,0.734659,1.710978
aaaaaijh_s002_t000,bandwidth,50.0,naive,1,2.525118,0.833134,0.222189
aaaaaijn_s001_t001,bandwidth,50.0,naive,0,3.243829,0.898289,0.336132
aaaaairb_s001_t001,bandwidth,50.0,naive,0,4.292185,0.953038,0.374655
aaaaairo_s001_t000,bandwidth,50.0,naive,0,4.147910,0.947640,2.308640
aaaaaitt_s001_t000,bandwidth,50.0,naive,0,3.974550,0.940378,2.906131
aaaaaiue_s004_t000,bandwidth,50.0,naive,1,5.539419,0.982016,0.362273
aaaaaiuo_s002_t000,bandwidth,50.0,naive,0,3.837159,0.933963,1.061351
aaaaaiwz_s001_t001,bandwidth,50.0,naive,0,2.739471,0.855464,0.544957
aaaaaiyy_s001_t001,bandwidth,50.0,naive,0,3.212517,0.895997,0.859083
aaaaaizd_s001_t001,bandwidth,50.0,naive,0,4.618126,0.963349,2.051320
aaaaaizs_s001_t000,bandwidth,50.0,naive,0,4.555188,0.961544,0.258354
aaaaajae_s001_t001,bandwidth,50.0,naive,0,5.195905,0.976512,4.924715
aaaaajah_s002_t001,bandwidth,50.0,naive,1,6.191515,0.989203,0.364796
aaaaajah_s004_t000,bandwidth,50.0,naive,1,4.969199,0.972012,0.954142
aaaaajal_s001_t001,bandwidth,50.0,naive,0,3.782286,0.931226,0.603634
aaaaajam_s001_t000,bandwidth,50.0,naive,1,3.432545,0.911180,0.296009
aaaaajar_s001_t001,bandwidth,50.0,naive,0,3.280349,0.900907,0.240585
aaaaajbb_s001_t000,bandwidth,50.0,naive,0,6.904359,0.993839,0.399048
aaaaajbh_s002_t000,bandwidth,50.0,naive,0,0.821797,0.563721,0.254502
aaaaajce_s001_t000,bandwidth,50.0,naive,0,3.103751,0.887674,0.147516
aaaaajci_s001_t000,bandwidth,50.0,naive,0,3.547771,0.918307,0.140236
aaaaajck_s001_t000,bandwidth,50.0,naive,0,3.685359,0.926133,0.305607
aaaaajct_s001_t000,bandwidth,50.0,naive,0,3.982045,0.940710,0.949935
aaaaajcu_s001_t000,bandwidth,50.0,naive,0,3.845891,0.934389,1.337522
aaaaajda_s001_t000,bandwidth,50.0,naive,0,2.832947,0.864396,0.361655
aaaaajdb_s001_t000,bandwidth,50.0,naive,0,3.765372,0.930361,0.555189
aaaaajdv_s001_t000,bandwidth,50.0,naive,0,8.022516,0.997454,2.003742
aaaaajdy_s001_t000,bandwidth,50.0,naive,0,3.337221,0.904864,1.024974
aaaaajdz_s001_t000,bandwidth,50.0,naive,0,4.495093,0.959741,0.636820
aaaaajea_s001_t000,bandwidth,50.0,naive,0,3.757829,0.929972,4.629976
aaaaajen_s001_t000,bandwidth,50.0,naive,0,3.558739,0.918958,0.249854
aaaaajey_s001_t000,bandwidth,50.0,naive,0,4.503560,0.960000,0.509134
aaaaajfb_s001_t000,bandwidth,50.0,naive,0,3.229139,0.897219,0.473494
aaaaajfe_s001_t000,bandwidth,50.0,naive,0,3.922088,0.938000,1.342316
aaaaajff_s001_t000,bandwidth,50.0,naive,0,3.979494,0.940597,0.389789
aaaaajfi_s001_t001,bandwidth,50.0,naive,0,4.466768,0.958864,2.289407
aaaaajfn_s001_t001,bandwidth,50.0,naive,0,0.561363,0.512398,0.496057
aaaaajfy_s001_t000,bandwidth,50.0,naive,0,3.079451,0.885737,0.138417
aaaaajga_s001_t001,bandwidth,50.0,naive,0,7.173876,0.995019,0.923188
aaaaajhy_s001_t000,bandwidth,50.0,naive,0,2.279745,0.804283,0.646738
aaaaajit_s001_t001,bandwidth,50.0,naive,0,4.008440,0.941868,0.115485
aaaaajiu_s001_t000,bandwidth,50.0,naive,0,7.088925,0.994674,2.710644
aaaaajiy_s001_t001,bandwidth,50.0,naive,0,3.413120,0.909924,0.296527
aaaaajiz_s001_t000,bandwidth,50.0,naive,0,5.000290,0.972675,0.483990
aaaaajjb_s001_t001,bandwidth,50.0,naive,0,2.805495,0.861822,2.078689
aaaaajje_s001_t000,bandwidth,50.0,naive,0,3.013000,0.880290,0.507749
aaaaajjk_s001_t000,bandwidth,50.0,naive,0,5.405762,0.980043,0.933307
aaaaajna_s001_t000,bandwidth,50.0,naive,0,2.455163,0.825273,0.762293
aaaaajnu_s001_t000,bandwidth,50.0,naive,0,2.796567,0.860976,1.764773
aaaaajon_s001_t000,bandwidth,50.0,naive,0,5.120210,0.975094,2.948341
aaaaajoo_s002_t001,bandwidth,50.0,naive,1,1.886930,0.750551,0.777837
aaaaajpg_s001_t001,bandwidth,50.0,naive,0,5.605274,0.982916,0.630078
aaaaajqh_s004_t000,bandwidth,50.0,naive,1,11.145668,0.999786,2.757432
aaaaajqk_s003_t001,bandwidth,50.0,naive,1,7.098697,0.994715,0.212201
aaaaajrf_s001_t000,bandwidth,50.0,naive,1,16.546793,0.999997,3.785602
aaaaajrf_s002_t000,bandwidth,50.0,naive,1,18.379246,0.999999,4.483549
aaaaajrf_s003_t002,bandwidth,50.0,naive,1,17.070246,0.999998,4.321403
aaaaajrf_s004_t000,bandwidth,50.0,naive,1,5.088404,0.974474,0.714601
aaaaajso_s001_t000,bandwidth,50.0,naive,1,10.419081,0.999619,5.101217
aaaaajtg_s001_t000,bandwidth,50.0,naive,0,5.948811,0.986939,3.644780
aaaaajtu_s001_t000,bandwidth,50.0,naive,0,7.016067,0.994358,3.217125
aaaaajuh_s001_t000,bandwidth,50.0,naive,1,10.919704,0.999744,12.958868
aaaaajun_s001_t000,bandwidth,50.0,naive,0,5.132264,0.975325,0.226828
aaaaajvh_s001_t001,bandwidth,50.0,naive,0,5.623745,0.983160,1.072755
aaaaajxp_s001_t000,bandwidth,50.0,naive,0,2.229222,0.797895,0.601279
aaaaakck_s001_t001,bandwidth,50.0,naive,1,6.067223,0.988097,0.534846
aaaaakcx_s001_t001,bandwidth,50.0,naive,1,12.172587,0.999905,3.244954
aaaaakcy_s005_t001,bandwidth,50.0,naive,1,13.933861,0.999977,1.975727
aaaaakdj_s001_t000,bandwidth,50.0,naive,1,6.969641,0.994148,0.084731
aaaaakdo_s001_t000,bandwidth,50.0,naive,1,3.900393,0.936991,0.688777
aaaaakeq_s001_t000,bandwidth,50.0,naive,1,7.774598,0.996902,5.145352
aaaaakeq_s002_t000,bandwidth,50.0,naive,1,5.949872,0.986950,1.426953
aaaaakeq_s003_t000,bandwidth,50.0,naive,1,8.337835,0.998016,2.201522
aaaaakev_s001_t001,bandwidth,50.0,naive,1,16.920874,0.999998,19.335949
aaaaakev_s002_t000,bandwidth,50.0,naive,1,16.256649,0.999996,3.990366
aaaaakft_s001_t000,bandwidth,50.0,naive,0,4.490427,0.959598,0.665073
aaaaakgp_s001_t001,bandwidth,50.0,naive,0,5.852711,0.985919,0.920233
aaaaakgu_s001_t000,bandwidth,50.0,naive,1,1.897120,0.752061,0.187523
aaaaakjk_s002_t002,bandwidth,50.0,naive,1,8.232316,0.997844,1.141413
aaaaakjk_s003_t000,bandwidth,50.0,naive,1,5.570080,0.982440,1.000084
aaaaakka_s001_t001,bandwidth,50.0,naive,0,6.037986,0.987821,0.388974
aaaaakmg_s003_t001,bandwidth,50.0,naive,1,13.811714,0.999974,1.480146
aaaaakmh_s001_t000,bandwidth,50.0,naive,1,6.293444,0.990033,3.198243
aaaaaknt_s001_t000,bandwidth,50.0,naive,1,7.090365,0.994680,1.936463
aaaaakoo_s001_t001,bandwidth,50.0,naive,1,17.208664,0.999998,2.776100
aaaaakqg_s001_t001,bandwidth,50.0,naive,0,2.660135,0.847503,0.371007
aaaaakqr_s001_t000,bandwidth,50.0,naive,0,0.812104,0.561829,1.152595
aaaaakrt_s001_t001,bandwidth,50.0,naive,1,8.471307,0.998215,0.691309
aaaaakrt_s002_t001,bandwidth,50.0,naive,1,8.291207,0.997942,6.034192
aaaaaksb_s001_t000,bandwidth,50.0,naive,0,1.493102,0.687620,0.722246
aaaaaksu_s001_t001,bandwidth,50.0,naive,0,5.410060,0.980110,1.210442
aaaaakxz_s001_t001,bandwidth,50.0,naive,1,0.192222,0.439463,0.237189
aaaaakxz_s002_t001,bandwidth,50.0,naive,1,4.987349,0.972401,2.554469
aaaaalaf_s001_t000,bandwidth,50.0,naive,0,4.599679,0.962829,0.222715
aaaaalau_s001_t000,bandwidth,50.0,naive,1,7.612023,0.996477,6.853927
aaaaalbh_s001_t000,bandwidth,50.0,naive,1,6.693047,0.992722,2.848150
aaaaalbt_s001_t001,bandwidth,50.0,naive,0,2.665536,0.848057,0.629907
aaaaalbt_s002_t000,bandwidth,50.0,naive,0,2.490512,0.829281,0.347754
aaaaalbz_s006_t000,bandwidth,50.0,naive,1,12.268396,0.999912,5.113023
aaaaalid_s001_t001,bandwidth,50.0,naive,0,9.775268,0.999365,2.392379
aaaaaljf_s001_t000,bandwidth,50.0,naive,1,7.951515,0.997307,2.325104
aaaaaljj_s001_t000,bandwidth,50.0,naive,0,3.180500,0.893605,0.078465
aaaaallc_s001_t001,bandwidth,50.0,naive,0,4.696231,0.965476,1.334747
aaaaalle_s002_t000,bandwidth,50.0,naive,1,5.716288,0.984334,1.162883
aaaaalox_s001_t001,bandwidth,50.0,naive,0,9.312008,0.999083,6.014281
aaaaalpv_s001_t000,bandwidth,50.0,naive,0,4.192825,0.949380,1.457638
aaaaalqa_s001_t000,bandwidth,50.0,naive,0,4.293018,0.953068,1.569480
aaaaalqr_s001_t001,bandwidth,50.0,naive,1,4.173573,0.948641,0.781380
aaaaalqs_s001_t001,bandwidth,50.0,naive,0,1.479699,0.685331,0.187964
aaaaalqx_s001_t000,bandwidth,50.0,naive,0,2.194977,0.793477,1.311373
aaaaalrc_s002_t000,bandwidth,50.0,naive,1,21.628483,1.000000,2.515034
aaaaalsq_s001_t000,bandwidth,50.0,naive,0,7.042556,0.994475,0.422337
aaaaalsx_s001_t000,bandwidth,50.0,naive,1,3.949740,0.939264,1.554538
aaaaalsx_s004_t001,bandwidth,50.0,naive,1,-0.447357,0.320626,0.590518
aaaaaluz_s001_t001,bandwidth,50.0,naive,0,3.723408,0.928172,0.359623
aaaaalvw_s001_t000,bandwidth,50.0,naive,0,3.439153,0.911603,0.433224
aaaaalvz_s001_t000,bandwidth,50.0,naive,1,17.075424,0.999998,1.097746
aaaaalxk_s001_t000,bandwidth,50.0,naive,0,6.621215,0.992298,0.714376
aaaaalyr_s001_t000,bandwidth,50.0,naive,1,3.427545,0.910858,1.318030
aaaaalzk_s002_t001,bandwidth,50.0,naive,1,12.187426,0.999906,15.784290
aaaaamcb_s001_t001,bandwidth,50.0,naive,1,11.155138,0.999788,1.062347
aaaaamfe_s001_t001,bandwidth,50.0,naive,0,6.585476,0.992079,0.149101
aaaaamft_s001_t001,bandwidth,50.0,naive,1,4.464223,0.958784,0.473802
aaaaamfu_s001_t000,bandwidth,50.0,naive,0,6.406396,0.990880,0.201558
aaaaamhi_s001_t000,bandwidth,50.0,naive,1,13.018023,0.999952,5.171028
aaaaamhk_s001_t000,bandwidth,50.0,naive,1,6.917392,0.993902,0.441724
aaaaamjc_s001_t001,bandwidth,50.0,naive,1,10.379579,0.999607,3.130328
aaaaammh_s001_t001,bandwidth,50.0,naive,1,5.059214,0.973891,1.492741
aaaaamnq_s001_t000,bandwidth,50.0,naive,1,11.305716,0.999811,6.545961
aaaaamnq_s002_t000,bandwidth,50.0,naive,1,9.415701,0.999156,2.152727
aaaaamon_s001_t000,bandwidth,50.0,naive,0,4.245077,0.951336,2.985080
aaaaampz_s001_t000,bandwidth,50.0,naive,1,5.475231,0.981094,1.704839
aaaaamrj_s001_t000,bandwidth,50.0,naive,0,3.947616,0.939168,0.932048
aaaaamsc_s001_t000,bandwidth,50.0,naive,1,6.666193,0.992566,1.968769
aaaaamtb_s001_t000,bandwidth,50.0,naive,0,9.069759,0.998889,2.440947
aaaaamuc_s001_t000,bandwidth,50.0,naive,0,3.343656,0.905303,0.616727
aaaaamxn_s001_t000,bandwidth,50.0,naive,1,3.688711,0.926315,0.581111
aaaaamyb_s001_t001,bandwidth,50.0,naive,0,2.755028,0.856983,1.490935
aaaaamye_s001_t000,bandwidth,50.0,naive,1,13.340185,0.999962,7.782914
aaaaamzi_s001_t001,bandwidth,50.0,naive,1,10.635077,0.999679,10.161459
aaaaamzl_s001_t000,bandwidth,50.0,naive,0,2.277739,0.804032,0.676405
aaaaamzx_s001_t000,bandwidth,50.0,naive,0,0.545125,0.509178,4.266197
aaaaanbq_s001_t000,bandwidth,50.0,naive,0,2.099504,0.780785,1.570590
aaaaanek_s001_t000,bandwidth,50.0,naive,0,3.412200,0.909864,0.468522
aaaaangp_s001_t000,bandwidth,50.0,naive,0,2.469539,0.826912,0.512976
aaaaanhb_s001_t003,bandwidth,50.0,naive,1,7.922370,0.997244,2.741237
aaaaanhb_s003_t001,bandwidth,50.0,naive,1,4.392002,0.956459,1.579841
aaaaanhb_s005_t000,bandwidth,50.0,naive,1,5.112586,0.974947,2.287026
aaaaankf_s001_t000,bandwidth,50.0,naive,1,11.710786,0.999863,1.462291
aaaaanlp_s001_t000,bandwidth,50.0,naive,0,3.267726,0.900009,0.236471
aaaaanmc_s001_t000,bandwidth,50.0,naive,1,8.526427,0.998292,4.659720
aaaaanop_s001_t000,bandwidth,50.0,naive,0,5.221667,0.976976,2.984618
aaaaanoz_s001_t000,bandwidth,50.0,naive,1,5.300807,0.978347,0.475444
aaaaanpr_s001_t002,bandwidth,50.0,naive,1,6.059980,0.988029,3.761221
aaaaanqe_s001_t000,bandwidth,50.0,naive,0,3.691733,0.926478,0.278115
aaaaanro_s001_t000,bandwidth,50.0,naive,1,8.675454,0.998482,2.906785
aaaaansj_s001_t000,bandwidth,50.0,naive,1,7.877354,0.997144,2.248569
aaaaanta_s001_t000,bandwidth,50.0,naive,1,8.307524,0.997968,1.999466
aaaaanum_s001_t000,bandwidth,50.0,naive,0,4.738996,0.966589,1.195110
aaaaanvb_s002_t000,bandwidth,50.0,naive,0,2.974087,0.876997,0.206550
aaaaanvg_s001_t002,bandwidth,50.0,naive,0,5.548801,0.982147,0.843460
aaaaanvw_s001_t000,bandwidth,50.0,naive,0,3.547019,0.918262,0.817026
aaaaanwc_s001_t001,bandwidth,50.0,naive,1,5.012177,0.972925,46.246025
aaaaanxl_s001_t000,bandwidth,50.0,naive,1,7.364911,0.995717,1.362090
aaaaanyb_s001_t001,bandwidth,50.0,naive,0,2.928453,0.873037,0.300604
aaaaanyt_s002_t000,bandwidth,50.0,naive,1,9.836740,0.999395,5.233045
aaaaanyw_s001_t000,bandwidth,50.0,naive,1,5.661899,0.983654,0.330263
aaaaanyw_s002_t000,bandwidth,50.0,naive,1,6.789719,0.993256,3.781332
aaaaanzh_s001_t000,bandwidth,50.0,naive,1,4.199741,0.949643,1.751263
aaaaanzu_s001_t003,bandwidth,50.0,naive,1,7.696987,0.996706,2.120335
aaaaaoav_s001_t000,bandwidth,50.0,naive,0,1.939222,0.758239,0.120695
aaaaaoav_s002_t000,bandwidth,50.0,naive,0,1.149891,0.626364,0.389604
aaaaaobi_s001_t000,bandwidth,50.0,naive,1,6.541011,0.991796,2.783430
aaaaaobl_s001_t000,bandwidth,50.0,naive,0,3.346222,0.905477,1.548729
aaaaaoby_s001_t000,bandwidth,50.0,naive,0,5.644016,0.983424,7.012728
aaaaaoda_s001_t000,bandwidth,50.0,naive,1,11.167869,0.999790,2.459530
aaaaaoeg_s001_t000,bandwidth,50.0,naive,0,5.611023,0.982992,0.464168
aaaaaofj_s001_t000,bandwidth,50.0,naive,0,1.157646,0.627803,1.058862
aaaaaofr_s001_t000,bandwidth,50.0,naive,0,5.933361,0.986780,0.502977
aaaaaofz_s001_t000,bandwidth,50.0,naive,0,3.581570,0.920297,0.605655
aaaaaohb_s001_t000,bandwidth,50.0,naive,1,8.027379,0.997464,0.428739
aaaaaohr_s002_t001,bandwidth,50.0,naive,1,8.815777,0.998642,1.257055
aaaaaoiq_s001_t000,bandwidth,50.0,naive,1,7.195683,0.995104,0.030286
aaaaaoiv_s001_t000,bandwidth,50.0,naive,1,3.892056,0.936599,0.210496
aaaaaoiv_s002_t001,bandwidth,50.0,naive,1,13.870186,0.999975,1.768671
aaaaaoiv_s003_t003,bandwidth,50.0,naive,1,9.952734,0.999449,0.297832
aaaaaojd_s001_t002,bandwidth,50.0,naive,0,3.776921,0.930953,1.569641
aaaaaokg_s001_t000,bandwidth,50.0,naive,0,7.462272,0.996034,5.951838
aaaaaoly_s001_t000,bandwidth,50.0,naive,0,3.943714,0.938991,5.194445
aaaaaome_s001_t000,bandwidth,50.0,naive,0,4.226739,0.950658,0.176664
aaaaaomx_s001_t000,bandwidth,50.0,naive,0,5.578236,0.982552,0.906302
aaaaaomy_s001_t000,bandwidth,50.0,naive,1,11.056480,0.999770,8.773829
aaaaaonb_s001_t000,bandwidth,50.0,naive,0,6.245365,0.989650,2.970912
aaaaaons_s002_t002,bandwidth,50.0,naive,1,10.872981,0.999734,1.384564
aaaaaopd_s001_t000,bandwidth,50.0,naive,0,3.404851,0.909385,1.216641
aaaaaopo_s001_t000,bandwidth,50.0,naive,0,4.280938,0.952637,0.104774
aaaaaora_s002_t000,bandwidth,50.0,naive,1,5.602467,0.982878,0.706078
aaaaaord_s001_t000,bandwidth,50.0,naive,1,4.684698,0.965169,1.452981
aaaaaosh_s001_t000,bandwidth,50.0,naive,1,6.747916,0.993030,0.779952
aaaaaosw_s001_t000,bandwidth,50.0,naive,0,4.438048,0.957956,6.691751
aaaaaote_s001_t000,bandwidth,50.0,naive,0,2.487879,0.828985,0.303537
aaaaaout_s001_t000,bandwidth,50.0,naive,1,7.471609,0.996063,1.939542
aaaaaovl_s001_t000,bandwidth,50.0,naive,1,5.198565,0.976560,0.100723
aaaaaovo_s001_t000,bandwidth,50.0,naive,1,9.807991,0.999381,3.598461
aaaaaowb_s001_t000,bandwidth,50.0,naive,0,1.950564,0.759885,0.567447
aaaaaoxf_s001_t000,bandwidth,50.0,naive,0,2.050797,0.774097,0.197814
aaaaaozf_s001_t001,bandwidth,50.0,naive,0,5.302112,0.978369,1.203491
aaaaapag_s001_t000,bandwidth,50.0,naive,0,4.283523,0.952729,1.473697
aaaaapar_s001_t000,bandwidth,50.0,naive,1,20.740108,1.000000,0.715824
aaaaapcb_s001_t000,bandwidth,50.0,naive,0,1.964788,0.761939,0.195956
aaaaapcy_s001_t002,bandwidth,50.0,naive,0,3.417075,0.910181,0.657670
aaaaapdg_s001_t000,bandwidth,50.0,naive,0,3.529794,0.917230,0.388704
aaaaaphs_s001_t000,bandwidth,50.0,naive,1,10.119150,0.999517,2.563544
aaaaaphw_s001_t000,bandwidth,50.0,naive,0,7.529302,0.996239,1.403248
aaaaapij_s001_t000,bandwidth,50.0,naive,0,2.134470,0.785497,0.311712
aaaaapjc_s001_t001,bandwidth,50.0,naive,0,2.143354,0.786683,1.099913
aaaaapka_s001_t000,bandwidth,50.0,naive,0,2.979868,0.877492,0.794581
aaaaapkx_s001_t001,bandwidth,50.0,naive,1,4.737738,0.966557,2.764947
aaaaaply_s001_t001,bandwidth,50.0,naive,1,10.209535,0.999550,1.921205
aaaaapmb_s002_t001,bandwidth,50.0,naive,1,-0.968181,0.237902,0.102611
aaaaapmp_s001_t000,bandwidth,50.0,naive,1,4.742400,0.966676,0.115233
aaaaapnr_s001_t000,bandwidth,50.0,naive,1,1.984331,0.764740,0.766815
aaaaapoc_s001_t000,bandwidth,50.0,naive,1,9.611174,0.999277,1.817196
aaaaapof_s001_t000,bandwidth,50.0,naive,0,2.318576,0.809088,0.173957
aaaaapoo_s001_t000,bandwidth,50.0,naive,0,3.413439,0.909945,1.976768
aaaaapoq_s001_t000,bandwidth,50.0,naive,0,6.515466,0.991630,0.730378
aaaaappb_s001_t000,bandwidth,50.0,naive,0,3.427867,0.910879,0.451704
aaaaapqd_s001_t000,bandwidth,50.0,naive,1,-0.663105,0.284528,0.809154
aaaaapqv_s001_t000,bandwidth,50.0,naive,0,0.462677,0.492822,0.879267
aaaaapta_s001_t000,bandwidth,50.0,naive,1,9.209331,0.999006,3.255648
aaaaapth_s001_t000,bandwidth,50.0,naive,1,3.310105,0.902995,0.998407
aaaaapua_s001_t001,bandwidth,50.0,naive,0,3.354275,0.906023,0.269848
aaaaapuu_s001_t000,bandwidth,50.0,naive,0,2.921366,0.872413,0.656875
aaaaapvw_s001_t001,bandwidth,50.0,naive,1,8.662417,0.998466,0.905968
aaaaapvy_s001_t000,bandwidth,50.0,naive,1,3.603227,0.921548,2.142843
aaaaapwn_s001_t001,bandwidth,50.0,naive,0,3.073498,0.885258,5.319049
aaaaapwo_s001_t001,bandwidth,50.0,naive,1,12.753582,0.999940,3.132406
aaaaapxm_s001_t001,bandwidth,50.0,naive,0,3.255000,0.899097,0.160402
aaaaapys_s001_t001,bandwidth,50.0,naive,1,17.066311,0.999998,0.956692
aaaaapys_s002_t001,bandwidth,50.0,naive,1,12.324759,0.999916,1.332435
aaaaaayx_s002_t000,bandwidth,64.0,canonicalized,0,3.985581,0.940866,6.337814
aaaaabdo_s003_t000,bandwidth,64.0,canonicalized,1,11.561428,0.999846,7.308972
aaaaabsk_s007_t000,bandwidth,64.0,canonicalized,1,5.371846,0.979510,0.391755
aaaaabuv_s002_t000,bandwidth,64.0,canonicalized,1,6.227886,0.989507,0.355373
aaaaacad_s003_t000,bandwidth,64.0,canonicalized,0,3.283762,0.901148,0.363794
aaaaacby_s004_t000,bandwidth,64.0,canonicalized,0,1.979602,0.764064,0.325606
aaaaaddm_s006_t000,bandwidth,64.0,canonicalized,1,5.880500,0.986222,2.387590
aaaaadeu_s002_t000,bandwidth,64.0,canonicalized,1,4.052317,0.943745,0.821641
aaaaadjk_s002_t000,bandwidth,64.0,canonicalized,0,0.328897,0.466332,0.137602
aaaaadkb_s002_t000,bandwidth,64.0,canonicalized,1,10.325611,0.999590,5.997428
aaaaadsm_s002_t001,bandwidth,64.0,canonicalized,0,-0.493287,0.312738,0.521958
aaaaaeab_s003_t000,bandwidth,64.0,canonicalized,0,2.984110,0.877853,0.725041
aaaaaejc_s003_t001,bandwidth,64.0,canonicalized,0,5.724219,0.984431,0.783244
aaaaaezn_s003_t001,bandwidth,64.0,canonicalized,1,4.257559,0.951793,3.100296
aaaaafhl_s003_t000,bandwidth,64.0,canonicalized,1,0.669580,0.533819,0.493150
aaaaagfk_s003_t000,bandwidth,64.0,canonicalized,0,0.758340,0.551299,0.526232
aaaaagsc_s003_t001,bandwidth,64.0,canonicalized,1,8.087445,0.997581,19.282480
aaaaagsc_s006_t001,bandwidth,64.0,canonicalized,1,2.601601,0.841403,0.161052
aaaaaguk_s002_t001,bandwidth,64.0,canonicalized,0,1.038653,0.605485,0.489967
aaaaagvx_s002_t000,bandwidth,64.0,canonicalized,1,2.427895,0.822131,2.005351
aaaaagvx_s003_t001,bandwidth,64.0,canonicalized,1,4.293878,0.953098,1.993772
aaaaagyr_s002_t000,bandwidth,64.0,canonicalized,1,2.392798,0.818021,0.439461
aaaaahie_s005_t001,bandwidth,64.0,canonicalized,1,10.691624,0.999693,1.707365
aaaaahsv_s002_t000,bandwidth,64.0,canonicalized,0,4.351641,0.955105,0.852633
aaaaahte_s002_t000,bandwidth,64.0,canonicalized,1,11.540195,0.999843,7.220486
aaaaahte_s003_t000,bandwidth,64.0,canonicalized,1,7.149138,0.994921,0.900293
aaaaahuy_s002_t000,bandwidth,64.0,canonicalized,1,1.566144,0.699933,0.178731
aaaaahzi_s001_t000,bandwidth,64.0,canonicalized,0,5.448791,0.980700,0.694551
aaaaahzm_s001_t001,bandwidth,64.0,canonicalized,0,0.246288,0.450058,0.148830
aaaaahzq_s001_t000,bandwidth,64.0,canonicalized,0,2.698777,0.851425,0.492150
aaaaahzs_s001_t001,bandwidth,64.0,canonicalized,0,2.188488,0.792632,1.368097
aaaaaiae_s001_t000,bandwidth,64.0,canonicalized,0,0.745201,0.548719,0.098457
aaaaaibx_s001_t000,bandwidth,64.0,canonicalized,0,1.741398,0.728309,0.430519
aaaaaiby_s001_t000,bandwidth,64.0,canonicalized,0,5.356854,0.979270,1.050502
aaaaaici_s001_t000,bandwidth,64.0,canonicalized,0,2.126542,0.784435,1.774146
aaaaaicn_s001_t000,bandwidth,64.0,canonicalized,0,0.883536,0.575731,1.614510
aaaaaijh_s002_t000,bandwidth,64.0,canonicalized,1,1.717990,0.724617,0.241314
aaaaaijn_s001_t001,bandwidth,64.0,canonicalized,0,2.308029,0.807792,0.265350
aaaaairb_s001_t001,bandwidth,64.0,canonicalized,0,3.089510,0.886542,0.492075
aaaaairo_s001_t000,bandwidth,64.0,canonicalized,0,3.230047,0.897286,2.945348
aaaaaitt_s001_t000,bandwidth,64.0,canonicalized,0,3.328412,0.904260,3.285345
aaaaaiue_s004_t000,bandwidth,64.0,canonicalized,1,4.244094,0.951300,0.431534
aaaaaiuo_s002_t000,bandwidth,64.0,canonicalized,0,3.157783,0.891879,1.113161
aaaaaiwz_s001_t001,bandwidth,64.0,canonicalized,0,1.609994,0.707191,0.275720
aaaaaiyy_s001_t001,bandwidth,64.0,canonicalized,0,1.969321,0.762590,0.793065
aaaaaizd_s001_t001,bandwidth,64.0,canonicalized,0,3.738033,0.928942,2.119473
aaaaaizs_s001_t000,bandwidth,64.0,canonicalized,0,3.690971,0.926437,0.374939
aaaaajae_s001_t001,bandwidth,64.0,canonicalized,0,4.175184,0.948703,4.918761
aaaaajah_s002_t001,bandwidth,64.0,canonicalized,1,5.445941,0.980658,0.533061
aaaaajah_s004_t000,bandwidth,64.0,canonicalized,1,3.872467,0.935670,0.692820
aaaaajal_s001_t001,bandwidth,64.0,canonicalized,0,2.623526,0.843711,0.636233
aaaaajam_s001_t000,bandwidth,64.0,canonicalized,1,2.588146,0.839972,0.391764
aaaaajar_s001_t001,bandwidth,64.0,canonicalized,0,2.254793,0.801147,0.364458
aaaaajbb_s001_t000,bandwidth,64.0,canonicalized,0,5.831154,0.985679,0.406964
aaaaajbh_s002_t000,bandwidth,64.0,canonicalized,0,-0.132060,0.377380,0.182064
aaaaajce_s001_t000,bandwidth,64.0,canonicalized,0,2.575353,0.838603,0.335894
aaaaajci_s001_t000,bandwidth,64.0,canonicalized,0,3.191775,0.894453,0.312792
aaaaajck_s001_t000,bandwidth,64.0,canonicalized,0,2.601960,0.841441,0.524731
aaaaajct_s001_t000,bandwidth,64.0,canonicalized,0,2.738451,0.855363,0.842010
aaaaajcu_s001_t000,bandwidth,64.0,canonicalized,0,3.055376,0.883789,0.941130
aaaaajda_s001_t000,bandwidth,64.0,canonicalized,0,1.863549,0.747060,0.309418
aaaaajdb_s001_t000,bandwidth,64.0,canonicalized,0,3.330253,0.904387,0.676681
aaaaajdv_s001_t000,bandwidth,64.0,canonicalized,0,7.391089,0.995805,2.464019
aaaaajdy_s001_t000,bandwidth,64.0,canonicalized,0,2.274959,0.803684,0.802611
aaaaajdz_s001_t000,bandwidth,64.0,canonicalized,0,4.007215,0.941814,0.940858
aaaaajea_s001_t000,bandwidth,64.0,canonicalized,0,2.735517,0.855075,3.972615
aaaaajen_s001_t000,bandwidth,64.0,canonicalized,0,2.316612,0.808847,0.185728
aaaaajey_s001_t000,bandwidth,64.0,canonicalized,0,4.148450,0.947661,0.578952
aaaaajfb_s001_t000,bandwidth,64.0,canonicalized,0,2.336682,0.811298,0.571674
aaaaajfe_s001_t000,bandwidth,64.0,canonicalized,0,3.097026,0.887141,1.041702
aaaaajff_s001_t000,bandwidth,64.0,canonicalized,0,3.127729,0.889557,0.593193
aaaaajfi_s001_t001,bandwidth,64.0,canonicalized,0,3.442030,0.911787,2.008150
aaaaajfn_s001_t001,bandwidth,64.0,canonicalized,0,0.137233,0.428744,0.514309
aaaaajfy_s001_t000,bandwidth,64.0,canonicalized,0,2.187915,0.792557,0.101343
aaaaajga_s001_t001,bandwidth,64.0,canonicalized,0,6.005618,0.987508,1.014741
aaaaajhy_s001_t000,bandwidth,64.0,canonicalized,0,1.213850,0.638164,0.376083
aaaaajit_s001_t001,bandwidth,64.0,canonicalized,0,3.148004,0.891128,0.363307
aaaaajiu_s001_t000,bandwidth,64.0,canonicalized,0,5.744425,0.984674,2.683380
aaaaajiy_s001_t001,bandwidth,64.0,canonicalized,0,2.479024,0.827987,0.357474
aaaaajiz_s001_t000,bandwidth,64.0,canonicalized,0,4.257528,0.951792,0.864362
aaaaajjb_s001_t001,bandwidth,64.0,canonicalized,0,2.137998,0.785968,1.369234
aaaaajje_s001_t000,bandwidth,64.0,canonicalized,0,2.173015,0.790606,0.115585
aaaaajjk_s001_t000,bandwidth,64.0,canonicalized,0,3.621383,0.922584,1.337903
aaaaajna_s001_t000,bandwidth,64.0,canonicalized,0,1.699239,0.721638,0.887502
aaaaajnu_s001_t000,bandwidth,64.0,canonicalized,0,1.711766,0.723631,2.050872
aaaaajon_s001_t000,bandwidth,64.0,canonicalized,0,4.455028,0.958495,3.490070
aaaaajoo_s002_t001,bandwidth,64.0,canonicalized,1,0.869713,0.573050,1.016141
aaaaajpg_s001_t001,bandwidth,64.0,canonicalized,0,4.546114,0.961277,0.639974
aaaaajqh_s004_t000,bandwidth,64.0,canonicalized,1,9.781948,0.999369,2.706294
aaaaajqk_s003_t001,bandwidth,64.0,canonicalized,1,6.115452,0.988538,0.232677
aaaaajrf_s001_t000,bandwidth,64.0,canonicalized,1,15.974057,0.999995,3.989842
aaaaajrf_s002_t000,bandwidth,64.0,canonicalized,1,16.314617,0.999996,5.487067
aaaaajrf_s003_t002,bandwidth,64.0,canonicalized,1,16.104755,0.999996,4.163755
aaaaajrf_s004_t000,bandwidth,64.0,canonicalized,1,3.280519,0.900919,0.473158
aaaaajso_s001_t000,bandwidth,64.0,canonicalized,1,8.459761,0.998199,4.181897
aaaaajtg_s001_t000,bandwidth,64.0,canonicalized,0,5.585293,0.982647,3.098953
aaaaajtu_s001_t000,bandwidth,64.0,canonicalized,0,5.806469,0.985400,3.794804
aaaaajuh_s001_t000,bandwidth,64.0,canonicalized,1,10.501624,0.999643,14.299452
aaaaajun_s001_t000,bandwidth,64.0,canonicalized,0,4.791739,0.967915,0.292613
aaaaajvh_s001_t001,bandwidth,64.0,canonicalized,0,5.316715,0.978613,1.143274
aaaaajxp_s001_t000,bandwidth,64.0,canonicalized,0,1.522854,0.692669,0.412484
aaaaakck_s001_t001,bandwidth,64.0,canonicalized,1,5.263491,0.977711,0.740472
aaaaakcx_s001_t001,bandwidth,64.0,canonicalized,1,9.618467,0.999281,4.334274
aaaaakcy_s005_t001,bandwidth,64.0,canonicalized,1,12.252335,0.999911,2.084733
aaaaakdj_s001_t000,bandwidth,64.0,canonicalized,1,6.422486,0.990995,0.150531
aaaaakdo_s001_t000,bandwidth,64.0,canonicalized,1,3.622477,0.922646,0.491368
aaaaakeq_s001_t000,bandwidth,64.0,canonicalized,1,6.973039,0.994164,5.245274
aaaaakeq_s002_t000,bandwidth,64.0,canonicalized,1,5.200050,0.976587,1.924067
aaaaakeq_s003_t000,bandwidth,64.0,canonicalized,1,7.720801,0.996767,2.792590
aaaaakev_s001_t001,bandwidth,64.0,canonicalized,1,15.279804,0.999992,26.884315
aaaaakev_s002_t000,bandwidth,64.0,canonicalized,1,14.714672,0.999987,4.922103
aaaaakft_s001_t000,bandwidth,64.0,canonicalized,0,3.386203,0.908158,0.490062
aaaaakgp_s001_t001,bandwidth,64.0,canonicalized,0,5.196387,0.976521,1.551290
aaaaakgu_s001_t000,bandwidth,64.0,canonicalized,1,1.003280,0.598760,0.423274
aaaaakjk_s002_t002,bandwidth,64.0,canonicalized,1,6.438742,0.991109,1.676929
aaaaakjk_s003_t000,bandwidth,64.0,canonicalized,1,5.050132,0.973707,1.095619
aaaaakka_s001_t001,bandwidth,64.0,canonicalized,0,4.531341,0.960838,0.317161
aaaaakmg_s003_t001,bandwidth,64.0,canonicalized,1,12.890568,0.999946,1.495115
aaaaakmh_s001_t000,bandwidth,64.0,canonicalized,1,5.161352,0.975875,2.483943
aaaaaknt_s001_t000,bandwidth,64.0,canonicalized,1,6.477768,0.991378,2.287511
aaaaakoo_s001_t001,bandwidth,64.0,canonicalized,1,16.300928,0.999996,2.385009
aaaaakqg_s001_t001,bandwidth,64.0,canonicalized,0,1.522954,0.692686,0.436891
aaaaakqr_s001_t000,bandwidth,64.0,canonicalized,0,0.083131,0.418262,0.833416
aaaaakrt_s001_t001,bandwidth,64.0,canonicalized,1,7.576742,0.996377,1.129798
aaaaakrt_s002_t001,bandwidth,64.0,canonicalized,1,7.107904,0.994753,5.225900
aaaaaksb_s001_t000,bandwidth,64.0,canonicalized,0,0.848587,0.568943,0.623470
aaaaaksu_s001_t001,bandwidth,64.0,canonicalized,0,4.335680,0.954559,1.919399
aaaaakxz_s001_t001,bandwidth,64.0,canonicalized,1,-0.117380,0.380121,0.086917
aaaaakxz_s002_t001,bandwidth,64.0,canonicalized,1,2.911847,0.871569,2.166048
aaaaalaf_s001_t000,bandwidth,64.0,canonicalized,0,3.612735,0.922092,0.313094
aaaaalau_s001_t000,bandwidth,64.0,canonicalized,1,5.646374,0.983455,3.744060
aaaaalbh_s001_t000,bandwidth,64.0,canonicalized,1,5.214703,0.976852,1.939492
aaaaalbt_s001_t001,bandwidth,64.0,canonicalized,0,1.619873,0.708811,0.668916
aaaaalbt_s002_t000,bandwidth,64.0,canonicalized,0,1.530996,0.694043,0.291249
aaaaalbz_s006_t000,bandwidth,64.0,canonicalized,1,9.796852,0.999376,5.297348
aaaaalid_s001_t001,bandwidth,64.0,canonicalized,0,8.190331,0.997771,2.007537
aaaaaljf_s001_t000,bandwidth,64.0,canonicalized,1,6.777908,0.993193,2.046098
aaaaaljj_s001_t000,bandwidth,64.0,canonicalized,0,2.815321,0.862748,0.190014
aaaaallc_s001_t001,bandwidth,64.0,canonicalized,0,3.906180,0.937262,1.402969
aaaaalle_s002_t000,bandwidth,64.0,canonicalized,1,4.547735,0.961325,1.215297
aaaaalox_s001_t001,bandwidth,64.0,canonicalized,0,7.890049,0.997172,6.759770
aaaaalpv_s001_t000,bandwidth,64.0,canonicalized,0,3.192400,0.894499,1.407724
aaaaalqa_s001_t000,bandwidth,64.0,canonicalized,0,3.610355,0.921956,2.002529
aaaaalqr_s001_t001,bandwidth,64.0,canonicalized,1,3.062241,0.884347,0.420475
aaaaalqs_s001_t001,bandwidth,64.0,canonicalized,0,0.539446,0.508052,0.250966
aaaaalqx_s001_t000,bandwidth,64.0,canonicalized,0,1.039003,0.605551,0.942841
aaaaalrc_s002_t000,bandwidth,64.0,canonicalized,1,20.950686,1.000000,1.914912
aaaaalsq_s001_t000,bandwidth,64.0,canonicalized,0,5.897932,0.986408,0.365115
aaaaalsx_s001_t000,bandwidth,64.0,canonicalized,1,2.983534,0.877804,1.059495
aaaaalsx_s004_t001,bandwidth,64.0,canonicalized,1,0.005972,0.403442,0.290327
aaaaaluz_s001_t001,bandwidth,64.0,canonicalized,0,3.030130,0.881715,0.415511
aaaaalvw_s001_t000,bandwidth,64.0,canonicalized,0,2.781000,0.859491,0.595714
aaaaalvz_s001_t000,bandwidth,64.0,canonicalized,1,16.254202,0.999996,2.022285
aaaaalxk_s001_t000,bandwidth,64.0,canonicalized,0,5.387995,0.979766,0.504854
aaaaalyr_s001_t000,bandwidth,64.0,canonicalized,1,1.714850,0.724120,0.742961
aaaaalzk_s002_t001,bandwidth,64.0,canonicalized,1,10.048674,0.999489,17.322762
aaaaamcb_s001_t001,bandwidth,64.0,canonicalized,1,10.360868,0.999601,2.076113
aaaaamfe_s001_t001,bandwidth,64.0,canonicalized,0,5.906807,0.986502,0.266624
aaaaamft_s001_t001,bandwidth,64.0,canonicalized,1,3.383720,0.907993,0.357172
aaaaamfu_s001_t000,bandwidth,64.0,canonicalized,0,4.880733,0.970037,0.154422
aaaaamhi_s001_t000,bandwidth,64.0,canonicalized,1,11.958624,0.999888,4.804248
aaaaamhk_s001_t000,bandwidth,64.0,canonicalized,1,6.069391,0.988117,0.512642
aaaaamjc_s001_t001,bandwidth,64.0,canonicalized,1,8.181221,0.997755,2.591241
aaaaammh_s001_t001,bandwidth,64.0,canonicalized,1,4.479854,0.959272,1.233787
aaaaamnq_s001_t000,bandwidth,64.0,canonicalized,1,10.376221,0.999606,5.723675
aaaaamnq_s002_t000,bandwidth,64.0,canonicalized,1,8.525719,0.998291,1.900649
aaaaamon_s001_t000,bandwidth,64.0,canonicalized,0,3.515217,0.916348,2.938226
aaaaampz_s001_t000,bandwidth,64.0,canonicalized,1,4.469466,0.958948,1.255875
aaaaamrj_s001_t000,bandwidth,64.0,canonicalized,0,3.141046,0.890591,1.021491
aaaaamsc_s001_t000,bandwidth,64.0,canonicalized,1,6.018387,0.987632,2.553313
aaaaamtb_s001_t000,bandwidth,64.0,canonicalized,0,7.887902,0.997168,2.760628
aaaaamuc_s001_t000,bandwidth,64.0,canonicalized,0,2.024985,0.770495,0.375418
aaaaamxn_s001_t000,bandwidth,64.0,canonicalized,1,3.255905,0.899162,0.469799
aaaaamyb_s001_t001,bandwidth,64.0,canonicalized,0,1.538664,0.695333,0.890569
aaaaamye_s001_t000,bandwidth,64.0,canonicalized,1,11.650879,0.999857,10.851423
aaaaamzi_s001_t001,bandwidth,64.0,canonicalized,1,8.305561,0.997965,15.481564
aaaaamzl_s001_t000,bandwidth,64.0,canonicalized,0,1.542770,0.696023,0.488545
aaaaamzx_s001_t000,bandwidth,64.0,canonicalized,0,-0.193531,0.365988,3.652641
aaaaanbq_s001_t000,bandwidth,64.0,canonicalized,0,1.478101,0.685057,1.135654
aaaaanek_s001_t000,bandwidth,64.0,canonicalized,0,2.515248,0.832042,0.737748
aaaaangp_s001_t000,bandwidth,64.0,canonicalized,0,1.562822,0.699379,0.577672
aaaaanhb_s001_t003,bandwidth,64.0,canonicalized,1,6.040011,0.987840,2.133218
aaaaanhb_s003_t001,bandwidth,64.0,canonicalized,1,3.390546,0.908445,1.196627
aaaaanhb_s005_t000,bandwidth,64.0,canonicalized,1,3.656168,0.924533,1.819379
aaaaankf_s001_t000,bandwidth,64.0,canonicalized,1,10.353756,0.999599,0.855224
aaaaanlp_s001_t000,bandwidth,64.0,canonicalized,0,2.452132,0.824926,0.357954
aaaaanmc_s001_t000,bandwidth,64.0,canonicalized,1,7.267702,0.995375,4.325951
aaaaanop_s001_t000,bandwidth,64.0,canonicalized,0,4.575268,0.962129,2.871123
aaaaanoz_s001_t000,bandwidth,64.0,canonicalized,1,4.106928,0.946002,0.084867
aaaaanpr_s001_t002,bandwidth,64.0,canonicalized,1,4.734680,0.966479,3.683709
aaaaanqe_s001_t000,bandwidth,64.0,canonicalized,0,2.889011,0.869527,0.222824
aaaaanro_s001_t000,bandwidth,64.0,canonicalized,1,8.085629,0.997578,2.377717
aaaaansj_s001_t000,bandwidth,64.0,canonicalized,1,5.557758,0.982271,2.550626
aaaaanta_s001_t000,bandwidth,64.0,canonicalized,1,6.966171,0.994132,1.374597
aaaaanum_s001_t000,bandwidth,64.0,canonicalized,0,3.848748,0.934528,1.053153
aaaaanvb_s002_t000,bandwidth,64.0,canonicalized,0,2.655268,0.847003,0.285314
aaaaanvg_s001_t002,bandwidth,64.0,canonicalized,0,4.552279,0.961459,0.948457
aaaaanvw_s001_t000,bandwidth,64.0,canonicalized,0,3.021960,0.881037,0.951098
aaaaanwc_s001_t001,bandwidth,64.0,canonicalized,1,4.947745,0.971545,42.818825
aaaaanxl_s001_t000,bandwidth,64.0,canonicalized,1,4.828142,0.968800,0.836033
aaaaanyb_s001_t001,bandwidth,64.0,canonicalized,0,2.175763,0.790967,0.387567
aaaaanyt_s002_t000,bandwidth,64.0,canonicalized,1,8.388233,0.998094,3.468745
aaaaanyw_s001_t000,bandwidth,64.0,canonicalized,1,4.621581,0.963446,0.285172
aaaaanyw_s002_t000,bandwidth,64.0,canonicalized,1,5.422391,0.980300,3.374763
aaaaanzh_s001_t000,bandwidth,64.0,canonicalized,1,3.371304,0.907167,2.554214
aaaaanzu_s001_t003,bandwidth,64.0,canonicalized,1,7.146802,0.994912,2.971201
aaaaaoav_s001_t000,bandwidth,64.0,canonicalized,0,1.491307,0.687314,0.214925
aaaaaoav_s002_t000,bandwidth,64.0,canonicalized,0,0.946519,0.587892,0.519883
aaaaaobi_s001_t000,bandwidth,64.0,canonicalized,1,5.600248,0.982849,3.447044
aaaaaobl_s001_t000,bandwidth,64.0,canonicalized,0,2.013500,0.768879,1.097422
aaaaaoby_s001_t000,bandwidth,64.0,canonicalized,0,4.778757,0.967594,7.200706
aaaaaoda_s001_t000,bandwidth,64.0,canonicalized,1,9.855414,0.999404,2.864549
aaaaaoeg_s001_t000,bandwidth,64.0,canonicalized,0,4.865982,0.969695,0.547403
aaaaaofj_s001_t000,bandwidth,64.0,canonicalized,0,0.104997,0.422490,0.988798
aaaaaofr_s001_t000,bandwidth,64.0,canonicalized,0,4.406104,0.956923,0.685076
aaaaaofz_s001_t000,bandwidth,64.0,canonicalized,0,2.916198,0.871955,0.654645
aaaaaohb_s001_t000,bandwidth,64.0,canonicalized,1,7.143596,0.994899,0.483049
aaaaaohr_s002_t001,bandwidth,64.0,canonicalized,1,8.122471,0.997648,1.350786
aaaaaoiq_s001_t000,bandwidth,64.0,canonicalized,1,6.524457,0.991689,0.058967
aaaaaoiv_s001_t000,bandwidth,64.0,canonicalized,1,3.230379,0.897310,0.115306
aaaaaoiv_s002_t001,bandwidth,64.0,canonicalized,1,12.909569,0.999947,2.605150
aaaaaoiv_s003_t003,bandwidth,64.0,canonicalized,1,8.527058,0.998293,0.398664
aaaaaojd_s001_t002,bandwidth,64.0,canonicalized,0,2.526012,0.833233,1.572609
aaaaaokg_s001_t000,bandwidth,64.0,canonicalized,0,5.689244,0.983999,6.018147
aaaaaoly_s001_t000,bandwidth,64.0,canonicalized,0,2.678077,0.849334,4.633450
aaaaaome_s001_t000,bandwidth,64.0,canonicalized,0,3.502335,0.915561,0.298626
aaaaaomx_s001_t000,bandwidth,64.0,canonicalized,0,4.411722,0.957106,0.895384
aaaaaomy_s001_t000,bandwidth,64.0,canonicalized,1,9.932775,0.999440,10.714050
aaaaaonb_s001_t000,bandwidth,64.0,canonicalized,0,5.507360,0.981561,3.136636
aaaaaons_s002_t002,bandwidth,64.0,canonicalized,1,10.003983,0.999471,1.186921
aaaaaopd_s001_t000,bandwidth,64.0,canonicalized,0,2.438468,0.823354,1.692787
aaaaaopo_s001_t000,bandwidth,64.0,canonicalized,0,3.663097,0.924915,0.313218
aaaaaora_s002_t000,bandwidth,64.0,canonicalized,1,5.087670,0.974459,0.899313
aaaaaord_s001_t000,bandwidth,64.0,canonicalized,1,4.183375,0.949019,1.016752
aaaaaosh_s001_t000,bandwidth,64.0,canonicalized,1,6.152307,0.988865,0.987746
aaaaaosw_s001_t000,bandwidth,64.0,canonicalized,0,3.088202,0.886438,7.367426
aaaaaote_s001_t000,bandwidth,64.0,canonicalized,0,1.449704,0.680175,0.159772
aaaaaout_s001_t000,bandwidth,64.0,canonicalized,1,6.301036,0.990093,2.660663
aaaaaovl_s001_t000,bandwidth,64.0,canonicalized,1,4.075306,0.944706,0.172560
aaaaaovo_s001_t000,bandwidth,64.0,canonicalized,1,7.759424,0.996865,4.474561
aaaaaowb_s001_t000,bandwidth,64.0,canonicalized,0,1.475044,0.684533,0.495143
aaaaaoxf_s001_t000,bandwidth,64.0,canonicalized,0,1.272114,0.648771,0.130515
aaaaaozf_s001_t001,bandwidth,64.0,canonicalized,0,4.276247,0.952469,1.683269
aaaaapag_s001_t000,bandwidth,64.0,canonicalized,0,3.632696,0.923223,1.924491
aaaaapar_s001_t000,bandwidth,64.0,canonicalized,1,19.848068,1.000000,1.129852
aaaaapcb_s001_t000,bandwidth,64.0,canonicalized,0,1.685494,0.719442,0.097863
aaaaapcy_s001_t002,bandwidth,64.0,canonicalized,0,2.566527,0.837653,1.116557
aaaaapdg_s001_t000,bandwidth,64.0,canonicalized,0,3.005156,0.879633,0.182823
aaaaaphs_s001_t000,bandwidth,64.0,canonicalized,1,9.231449,0.999023,2.231725
aaaaaphw_s001_t000,bandwidth,64.0,canonicalized,0,6.217418,0.989420,1.642411
aaaaapij_s001_t000,bandwidth,64.0,canonicalized,0,1.172685,0.630587,0.264594
aaaaapjc_s001_t001,bandwidth,64.0,canonicalized,0,0.811860,0.561781,0.998413
aaaaapka_s001_t000,bandwidth,64.0,canonicalized,0,2.211907,0.795670,0.907281
aaaaapkx_s001_t001,bandwidth,64.0,canonicalized,1,3.622240,0.922632,1.898938
aaaaaply_s001_t001,bandwidth,64.0,canonicalized,1,9.002321,0.998828,2.116008
aaaaapmb_s002_t001,bandwidth,64.0,canonicalized,1,0.443297,0.488979,0.073090
aaaaapmp_s001_t000,bandwidth,64.0,canonicalized,1,4.516565,0.960395,0.090757
aaaaapnr_s001_t000,bandwidth,64.0,canonicalized,1,1.349664,0.662663,0.677142
aaaaapoc_s001_t000,bandwidth,64.0,canonicalized,1,8.597927,0.998386,1.676680
aaaaapof_s001_t000,bandwidth,64.0,canonicalized,0,1.707045,0.722881,0.195100
aaaaapoo_s001_t000,bandwidth,64.0,canonicalized,0,2.969992,0.876646,1.275608
aaaaapoq_s001_t000,bandwidth,64.0,canonicalized,0,5.669608,0.983752,0.413475
aaaaappb_s001_t000,bandwidth,64.0,canonicalized,0,2.842918,0.865321,0.542450
aaaaapqd_s001_t000,bandwidth,64.0,canonicalized,1,-0.479299,0.315129,0.306120
aaaaapqv_s001_t000,bandwidth,64.0,canonicalized,0,-0.956046,0.239653,0.681464
aaaaapta_s001_t000,bandwidth,64.0,canonicalized,1,8.144380,0.997688,3.698731
aaaaapth_s001_t000,bandwidth,64.0,canonicalized,1,1.914166,0.754575,0.818763
aaaaapua_s001_t001,bandwidth,64.0,canonicalized,0,2.695938,0.851139,0.335191
aaaaapuu_s001_t000,bandwidth,64.0,canonicalized,0,1.538333,0.695278,0.628412
aaaaapvw_s001_t001,bandwidth,64.0,canonicalized,1,7.817827,0.997006,1.203853
aaaaapvy_s001_t000,bandwidth,64.0,canonicalized,1,2.329714,0.810450,1.009229
aaaaapwn_s001_t001,bandwidth,64.0,canonicalized,0,2.252155,0.800814,5.333506
aaaaapwo_s001_t001,bandwidth,64.0,canonicalized,1,11.949082,0.999887,4.041062
aaaaapxm_s001_t001,bandwidth,64.0,canonicalized,0,2.796749,0.860994,0.403147
aaaaapys_s001_t001,bandwidth,64.0,canonicalized,1,15.531480,0.999993,1.066958
aaaaapys_s002_t001,bandwidth,64.0,canonicalized,1,10.761892,0.999710,1.237489
aaaaaayx_s002_t000,bandwidth,64.0,naive,0,3.985581,0.940866,6.337814
aaaaabdo_s003_t000,bandwidth,64.0,naive,1,11.561428,0.999846,7.308972
aaaaabsk_s007_t000,bandwidth,64.0,naive,1,5.371846,0.979510,0.391755
aaaaabuv_s002_t000,bandwidth,64.0,naive,1,6.227886,0.989507,0.355373
aaaaacad_s003_t000,bandwidth,64.0,naive,0,3.283762,0.901148,0.363794
aaaaacby_s004_t000,bandwidth,64.0,naive,0,1.979602,0.764064,0.325606
aaaaaddm_s006_t000,bandwidth,64.0,naive,1,5.880500,0.986222,2.387590
aaaaadeu_s002_t000,bandwidth,64.0,naive,1,4.052317,0.943745,0.821641
aaaaadjk_s002_t000,bandwidth,64.0,naive,0,0.328897,0.466332,0.137602
aaaaadkb_s002_t000,bandwidth,64.0,naive,1,10.325611,0.999590,5.997428
aaaaadsm_s002_t001,bandwidth,64.0,naive,0,-0.493287,0.312738,0.521958
aaaaaeab_s003_t000,bandwidth,64.0,naive,0,2.984110,0.877853,0.725041
aaaaaejc_s003_t001,bandwidth,64.0,naive,0,5.724219,0.984431,0.783244
aaaaaezn_s003_t001,bandwidth,64.0,naive,1,4.257559,0.951793,3.100296
aaaaafhl_s003_t000,bandwidth,64.0,naive,1,0.669580,0.533819,0.493150
aaaaagfk_s003_t000,bandwidth,64.0,naive,0,0.758340,0.551299,0.526232
aaaaagsc_s003_t001,bandwidth,64.0,naive,1,8.087445,0.997581,19.282480
aaaaagsc_s006_t001,bandwidth,64.0,naive,1,2.601601,0.841403,0.161052
aaaaaguk_s002_t001,bandwidth,64.0,naive,0,1.038653,0.605485,0.489967
aaaaagvx_s002_t000,bandwidth,64.0,naive,1,2.427895,0.822131,2.005351
aaaaagvx_s003_t001,bandwidth,64.0,naive,1,4.293878,0.953098,1.993772
aaaaagyr_s002_t000,bandwidth,64.0,naive,1,2.392798,0.818021,0.439461
aaaaahie_s005_t001,bandwidth,64.0,naive,1,10.691624,0.999693,1.707365
aaaaahsv_s002_t000,bandwidth,64.0,naive,0,4.351641,0.955105,0.852633
aaaaahte_s002_t000,bandwidth,64.0,naive,1,11.540195,0.999843,7.220486
aaaaahte_s003_t000,bandwidth,64.0,naive,1,7.149138,0.994921,0.900293
aaaaahuy_s002_t000,bandwidth,64.0,naive,1,1.566144,0.699933,0.178731
aaaaahzi_s001_t000,bandwidth,64.0,naive,0,5.448791,0.980700,0.694551
aaaaahzm_s001_t001,bandwidth,64.0,naive,0,0.246288,0.450058,0.148830
aaaaahzq_s001_t000,bandwidth,64.0,naive,0,2.698777,0.851425,0.492150
aaaaahzs_s001_t001,bandwidth,64.0,naive,0,2.188488,0.792632,1.368097
aaaaaiae_s001_t000,bandwidth,64.0,naive,0,0.745201,0.548719,0.098457
aaaaaibx_s001_t000,bandwidth,64.0,naive,0,1.741398,0.728309,0.430519
aaaaaiby_s001_t000,bandwidth,64.0,naive,0,5.356854,0.979270,1.050502
aaaaaici_s001_t000,bandwidth,64.0,naive,0,2.126542,0.784435,1.774146
aaaaaicn_s001_t000,bandwidth,64.0,naive,0,0.883536,0.575731,1.614510
aaaaaijh_s002_t000,bandwidth,64.0,naive,1,1.717990,0.724617,0.241314
aaaaaijn_s001_t001,bandwidth,64.0,naive,0,2.308029,0.807792,0.265350
aaaaairb_s001_t001,bandwidth,64.0,naive,0,3.089510,0.886542,0.492075
aaaaairo_s001_t000,bandwidth,64.0,naive,0,3.230047,0.897286,2.945348
aaaaaitt_s001_t000,bandwidth,64.0,naive,0,3.328412,0.904260,3.285345
aaaaaiue_s004_t000,bandwidth,64.0,naive,1,4.244094,0.951300,0.431534
aaaaaiuo_s002_t000,bandwidth,64.0,naive,0,3.157783,0.891879,1.113161
aaaaaiwz_s001_t001,bandwidth,64.0,naive,0,1.609994,0.707191,0.275720
aaaaaiyy_s001_t001,bandwidth,64.0,naive,0,1.969321,0.762590,0.793065
aaaaaizd_s001_t001,bandwidth,64.0,naive,0,3.738033,0.928942,2.119473
aaaaaizs_s001_t000,bandwidth,64.0,naive,0,3.690971,0.926437,0.374939
aaaaajae_s001_t001,bandwidth,64.0,naive,0,4.175184,0.948703,4.918761
aaaaajah_s002_t001,bandwidth,64.0,naive,1,5.445941,0.980658,0.533061
aaaaajah_s004_t000,bandwidth,64.0,naive,1,3.872467,0.935670,0.692820
aaaaajal_s001_t001,bandwidth,64.0,naive,0,2.623526,0.843711,0.636233
aaaaajam_s001_t000,bandwidth,64.0,naive,1,2.588146,0.839972,0.391764
aaaaajar_s001_t001,bandwidth,64.0,naive,0,2.254793,0.801147,0.364458
aaaaajbb_s001_t000,bandwidth,64.0,naive,0,5.831154,0.985679,0.406964
aaaaajbh_s002_t000,bandwidth,64.0,naive,0,-0.132060,0.377380,0.182064
aaaaajce_s001_t000,bandwidth,64.0,naive,0,2.575353,0.838603,0.335894
aaaaajci_s001_t000,bandwidth,64.0,naive,0,3.191775,0.894453,0.312792
aaaaajck_s001_t000,bandwidth,64.0,naive,0,2.601960,0.841441,0.524731
aaaaajct_s001_t000,bandwidth,64.0,naive,0,2.738451,0.855363,0.842010
aaaaajcu_s001_t000,bandwidth,64.0,naive,0,3.055376,0.883789,0.941130
aaaaajda_s001_t000,bandwidth,64.0,naive,0,1.863549,0.747060,0.309418
aaaaajdb_s001_t000,bandwidth,64.0,naive,0,3.330253,0.904387,0.676681
aaaaajdv_s001_t000,bandwidth,64.0,naive,0,7.391089,0.995805,2.464019
aaaaajdy_s001_t000,bandwidth,64.0,naive,0,2.274959,0.803684,0.802611
aaaaajdz_s001_t000,bandwidth,64.0,naive,0,4.007215,0.941814,0.940858
aaaaajea_s001_t000,bandwidth,64.0,naive,0,2.735517,0.855075,3.972615
aaaaajen_s001_t000,bandwidth,64.0,naive,0,2.316612,0.808847,0.185728
aaaaajey_s001_t000,bandwidth,64.0,naive,0,4.148450,0.947661,0.578952
aaaaajfb_s001_t000,bandwidth,64.0,naive,0,2.336682,0.811298,0.571674
aaaaajfe_s001_t000,bandwidth,64.0,naive,0,3.097026,0.887141,1.041702
aaaaajff_s001_t000,bandwidth,64.0,naive,0,3.127729,0.889557,0.593193
aaaaajfi_s001_t001,bandwidth,64.0,naive,0,3.442030,0.911787,2.008150
aaaaajfn_s001_t001,bandwidth,64.0,naive,0,0.137233,0.428744,0.514309
aaaaajfy_s001_t000,bandwidth,64.0,naive,0,2.187915,0.792557,0.101343
aaaaajga_s001_t001,bandwidth,64.0,naive,0,6.005618,0.987508,1.014741
aaaaajhy_s001_t000,bandwidth,64.0,naive,0,1.213850,0.638164,0.376083
aaaaajit_s001_t001,bandwidth,64.0,naive,0,3.148004,0.891128,0.363307
aaaaajiu_s001_t000,bandwidth,64.0,naive,0,5.744425,0.984674,2.683380
aaaaajiy_s001_t001,bandwidth,64.0,naive,0,2.479024,0.827987,0.357474
aaaaajiz_s001_t000,bandwidth,64.0,naive,0,4.257528,0.951792,0.864362
aaaaajjb_s001_t001,bandwidth,64.0,naive,0,2.137998,0.785968,1.369234
aaaaajje_s001_t000,bandwidth,64.0,naive,0,2.173015,0.790606,0.115585
aaaaajjk_s001_t000,bandwidth,64.0,naive,0,3.621383,0.922584,1.337903
aaaaajna_s001_t000,bandwidth,64.0,naive,0,1.699239,0.721638,0.887502
aaaaajnu_s001_t000,bandwidth,64.0,naive,0,1.711766,0.723631,2.050872
aaaaajon_s001_t000,bandwidth,64.0,naive,0,4.455028,0.958495,3.490070
aaaaajoo_s002_t001,bandwidth,64.0,naive,1,0.869713,0.573050,1.016141
aaaaajpg_s001_t001,bandwidth,64.0,naive,0,4.546114,0.961277,0.639974
aaaaajqh_s004_t000,bandwidth,64.0,naive,1,9.781948,0.999369,2.706294
aaaaajqk_s003_t001,bandwidth,64.0,naive,1,6.115452,0.988538,0.232677
aaaaajrf_s001_t000,bandwidth,64.0,naive,1,15.974057,0.999995,3.989842
aaaaajrf_s002_t000,bandwidth,64.0,naive,1,16.314617,0.999996,5.487067
aaaaajrf_s003_t002,bandwidth,64.0,naive,1,16.104755,0.999996,4.163755
aaaaajrf_s004_t000,bandwidth,64.0,naive,1,3.280519,0.900919,0.473158
aaaaajso_s001_t000,bandwidth,64.0,naive,1,8.459761,0.998199,4.181897
aaaaajtg_s001_t000,bandwidth,64.0,naive,0,5.585293,0.982647,3.098953
aaaaajtu_s001_t000,bandwidth,64.0,naive,0,5.806469,0.985400,3.794804
aaaaajuh_s001_t000,bandwidth,64.0,naive,1,10.501624,0.999643,14.299452
aaaaajun_s001_t000,bandwidth,64.0,naive,0,4.791739,0.967915,0.292613
aaaaajvh_s001_t001,bandwidth,64.0,naive,0,5.316715,0.978613,1.143274
aaaaajxp_s001_t000,bandwidth,64.0,naive,0,1.522854,0.692669,0.412484
aaaaakck_s001_t001,bandwidth,64.0,naive,1,5.263491,0.977711,0.740472
aaaaakcx_s001_t001,bandwidth,64.0,naive,1,9.618467,0.999281,4.334274
aaaaakcy_s005_t001,bandwidth,64.0,naive,1,12.252335,0.999911,2.084733
aaaaakdj_s001_t000,bandwidth,64.0,naive,1,6.422486,0.990995,0.150531
aaaaakdo_s001_t000,bandwidth,64.0,naive,1,3.622477,0.922646,0.491368
aaaaakeq_s001_t000,bandwidth,64.0,naive,1,6.973039,0.994164,5.245274
aaaaakeq_s002_t000,bandwidth,64.0,naive,1,5.200050,0.976587,1.924067
aaaaakeq_s003_t000,bandwidth,64.0,naive,1,7.720801,0.996767,2.792590
aaaaakev_s001_t001,bandwidth,64.0,naive,1,15.279804,0.999992,26.884315
aaaaakev_s002_t000,bandwidth,64.0,naive,1,14.714672,0.999987,4.922103
aaaaakft_s001_t000,bandwidth,64.0,naive,0,3.386203,0.908158,0.490062
aaaaakgp_s001_t001,bandwidth,64.0,naive,0,5.196387,0.976521,1.551290
aaaaakgu_s001_t000,bandwidth,64.0,naive,1,1.003280,0.598760,0.423274
aaaaakjk_s002_t002,bandwidth,64.0,naive,1,6.438742,0.991109,1.676929
aaaaakjk_s003_t000,bandwidth,64.0,naive,1,5.050132,0.973707,1.095619
aaaaakka_s001_t001,bandwidth,64.0,naive,0,4.531341,0.960838,0.317161
aaaaakmg_s003_t001,bandwidth,64.0,naive,1,12.890568,0.999946,1.495115
aaaaakmh_s001_t000,bandwidth,64.0,naive,1,5.161352,0.975875,2.483943
aaaaaknt_s001_t000,bandwidth,64.0,naive,1,6.477768,0.991378,2.287511
aaaaakoo_s001_t001,bandwidth,64.0,naive,1,16.300928,0.999996,2.385009
aaaaakqg_s001_t001,bandwidth,64.0,naive,0,1.522954,0.692686,0.436891
aaaaakqr_s001_t000,bandwidth,64.0,naive,0,0.083131,0.418262,0.833416
aaaaakrt_s001_t001,bandwidth,64.0,naive,1,7.576742,0.996377,1.129798
aaaaakrt_s002_t001,bandwidth,64.0,naive,1,7.107904,0.994753,5.225900
aaaaaksb_s001_t000,bandwidth,64.0,naive,0,0.848587,0.568943,0.623470
aaaaaksu_s001_t001,bandwidth,64.0,naive,0,4.335680,0.954559,1.919399
aaaaakxz_s001_t001,bandwidth,64.0,naive,1,-0.117380,0.380121,0.086917
aaaaakxz_s002_t001,bandwidth,64.0,naive,1,2.911847,0.871569,2.166048
aaaaalaf_s001_t000,bandwidth,64.0,naive,0,3.612735,0.922092,0.313094
aaaaalau_s001_t000,bandwidth,64.0,naive,1,5.646374,0.983455,3.744060
aaaaalbh_s001_t000,bandwidth,64.0,naive,1,5.214703,0.976852,1.939492
aaaaalbt_s001_t001,bandwidth,64.0,naive,0,1.619873,0.708811,0.668916
aaaaalbt_s002_t000,bandwidth,64.0,naive,0,1.530996,0.694043,0.291249
aaaaalbz_s006_t000,bandwidth,64.0,naive,1,9.796852,0.999376,5.297348
aaaaalid_s001_t001,bandwidth,64.0,naive,0,8.190331,0.997771,2.007537
aaaaaljf_s001_t000,bandwidth,64.0,naive,1,6.777908,0.993193,2.046098
aaaaaljj_s001_t000,bandwidth,64.0,naive,0,2.815321,0.862748,0.190014
aaaaallc_s001_t001,bandwidth,64.0,naive,0,3.906180,0.937262,1.402969
aaaaalle_s002_t000,bandwidth,64.0,naive,1,4.547735,0.961325,1.215297
aaaaalox_s001_t001,bandwidth,64.0,naive,0,7.890049,0.997172,6.759770
aaaaalpv_s001_t000,bandwidth,64.0,naive,0,3.192400,0.894499,1.407724
aaaaalqa_s001_t000,bandwidth,64.0,naive,0,3.610355,0.921956,2.002529
aaaaalqr_s001_t001,bandwidth,64.0,naive,1,3.062241,0.884347,0.420475
aaaaalqs_s001_t001,bandwidth,64.0,naive,0,0.539446,0.508052,0.250966
aaaaalqx_s001_t000,bandwidth,64.0,naive,0,1.039003,0.605551,0.942841
aaaaalrc_s002_t000,bandwidth,64.0,naive,1,20.950686,1.000000,1.914912
aaaaalsq_s001_t000,bandwidth,64.0,naive,0,5.897932,0.986408,0.365115
aaaaalsx_s001_t000,bandwidth,64.0,naive,1,2.983534,0.877804,1.059495
aaaaalsx_s004_t001,bandwidth,64.0,naive,1,0.005972,0.403442,0.290327
aaaaaluz_s001_t001,bandwidth,64.0,naive,0,3.030130,0.881715,0.415511
aaaaalvw_s001_t000,bandwidth,64.0,naive,0,2.781000,0.859491,0.595714
aaaaalvz_s001_t000,bandwidth,64.0,naive,1,16.254202,0.999996,2.022285
aaaaalxk_s001_t000,bandwidth,64.0,naive,0,5.387995,0.979766,0.504854
aaaaalyr_s001_t000,bandwidth,64.0,naive,1,1.714850,0.724120,0.742961
aaaaalzk_s002_t001,bandwidth,64.0,naive,1,10.048674,0.999489,17.322762
aaaaamcb_s001_t001,bandwidth,64.0,naive,1,10.360868,0.999601,2.076113
aaaaamfe_s001_t001,bandwidth,64.0,naive,0,5.906807,0.986502,0.266624
aaaaamft_s001_t001,bandwidth,64.0,naive,1,3.383720,0.907993,0.357172
aaaaamfu_s001_t000,bandwidth,64.0,naive,0,4.880733,0.970037,0.154422
aaaaamhi_s001_t000,bandwidth,64.0,naive,1,11.958624,0.999888,4.804248
aaaaamhk_s001_t000,bandwidth,64.0,naive,1,6.069391,0.988117,0.512642
aaaaamjc_s001_t001,bandwidth,64.0,naive,1,8.181221,0.997755,2.591241
aaaaammh_s001_t001,bandwidth,64.0,naive,1,4.479854,0.959272,1.233787
aaaaamnq_s001_t000,bandwidth,64.0,naive,1,10.376221,0.999606,5.723675
aaaaamnq_s002_t000,bandwidth,64.0,naive,1,8.525719,0.998291,1.900649
aaaaamon_s001_t000,bandwidth,64.0,naive,0,3.515217,0.916348,2.938226
aaaaampz_s001_t000,bandwidth,64.0,naive,1,4.469466,0.958948,1.255875
aaaaamrj_s001_t000,bandwidth,64.0,naive,0,3.141046,0.890591,1.021491
aaaaamsc_s001_t000,bandwidth,64.0,naive,1,6.018387,0.987632,2.553313
aaaaamtb_s001_t000,bandwidth,64.0,naive,0,7.887902,0.997168,2.760628
aaaaamuc_s001_t000,bandwidth,64.0,naive,0,2.024985,0.770495,0.375418
aaaaamxn_s001_t000,bandwidth,64.0,naive,1,3.255905,0.899162,0.469799
aaaaamyb_s001_t001,bandwidth,64.0,naive,0,1.538664,0.695333,0.890569
aaaaamye_s001_t000,bandwidth,64.0,naive,1,11.650879,0.999857,10.851423
aaaaamzi_s001_t001,bandwidth,64.0,naive,1,8.305561,0.997965,15.481564
aaaaamzl_s001_t000,bandwidth,64.0,naive,0,1.542770,0.696023,0.488545
aaaaamzx_s001_t000,bandwidth,64.0,naive,0,-0.193531,0.365988,3.652641
aaaaanbq_s001_t000,bandwidth,64.0,naive,0,1.478101,0.685057,1.135654
aaaaanek_s001_t000,bandwidth,64.0,naive,0,2.515248,0.832042,0.737748
aaaaangp_s001_t000,bandwidth,64.0,naive,0,1.562822,0.699379,0.577672
aaaaanhb_s001_t003,bandwidth,64.0,naive,1,6.040011,0.987840,2.133218
aaaaanhb_s003_t001,bandwidth,64.0,naive,1,3.390546,0.908445,1.196627
aaaaanhb_s005_t000,bandwidth,64.0,naive,1,3.656168,0.924533,1.819379
aaaaankf_s001_t000,bandwidth,64.0,naive,1,10.353756,0.999599,0.855224
aaaaanlp_s001_t000,bandwidth,64.0,naive,0,2.452132,0.824926,0.357954
aaaaanmc_s001_t000,bandwidth,64.0,naive,1,7.267702,0.995375,4.325951
aaaaanop_s001_t000,bandwidth,64.0,naive,0,4.575268,0.962129,2.871123
aaaaanoz_s001_t000,bandwidth,64.0,naive,1,4.106928,0.946002,0.084867
aaaaanpr_s001_t002,bandwidth,64.0,naive,1,4.734680,0.966479,3.683709
aaaaanqe_s001_t000,bandwidth,64.0,naive,0,2.889011,0.869527,0.222824
aaaaanro_s001_t000,bandwidth,64.0,naive,1,8.085629,0.997578,2.377717
aaaaansj_s001_t000,bandwidth,64.0,naive,1,5.557758,0.982271,2.550626
aaaaanta_s001_t000,bandwidth,64.0,naive,1,6.966171,0.994132,1.374597
aaaaanum_s001_t000,bandwidth,64.0,naive,0,3.848748,0.934528,1.053153
aaaaanvb_s002_t000,bandwidth,64.0,naive,0,2.655268,0.847003,0.285314
aaaaanvg_s001_t002,bandwidth,64.0,naive,0,4.552279,0.961459,0.948457
aaaaanvw_s001_t000,bandwidth,64.0,naive,0,3.021960,0.881037,0.951098
aaaaanwc_s001_t001,bandwidth,64.0,naive,1,4.947745,0.971545,42.818825
aaaaanxl_s001_t000,bandwidth,64.0,naive,1,4.828142,0.968800,0.836033
aaaaanyb_s001_t001,bandwidth,64.0,naive,0,2.175763,0.790967,0.387567
aaaaanyt_s002_t000,bandwidth,64.0,naive,1,8.388233,0.998094,3.468745
aaaaanyw_s001_t000,bandwidth,64.0,naive,1,4.621581,0.963446,0.285172
aaaaanyw_s002_t000,bandwidth,64.0,naive,1,5.422391,0.980300,3.374763
aaaaanzh_s001_t000,bandwidth,64.0,naive,1,3.371304,0.907167,2.554214
aaaaanzu_s001_t003,bandwidth,64.0,naive,1,7.146802,0.994912,2.971201
aaaaaoav_s001_t000,bandwidth,64.0,naive,0,1.491307,0.687314,0.214925
aaaaaoav_s002_t000,bandwidth,64.0,naive,0,0.946519,0.587892,0.519883
aaaaaobi_s001_t000,bandwidth,64.0,naive,1,5.600248,0.982849,3.447044
aaaaaobl_s001_t000,bandwidth,64.0,naive,0,2.013500,0.768879,1.097422
aaaaaoby_s001_t000,bandwidth,64.0,naive,0,4.778757,0.967594,7.200706
aaaaaoda_s001_t000,bandwidth,64.0,naive,1,9.855414,0.999404,2.864549
aaaaaoeg_s001_t000,bandwidth,64.0,naive,0,4.865982,0.969695,0.547403
aaaaaofj_s001_t000,bandwidth,64.0,naive,0,0.104997,0.422490,0.988798
aaaaaofr_s001_t000,bandwidth,64.0,naive,0,4.406104,0.956923,0.685076
aaaaaofz_s001_t000,bandwidth,64.0,naive,0,2.916198,0.871955,0.654645
aaaaaohb_s001_t000,bandwidth,64.0,naive,1,7.143596,0.994899,0.483049
aaaaaohr_s002_t001,bandwidth,64.0,naive,1,8.122471,0.997648,1.350786
aaaaaoiq_s001_t000,bandwidth,64.0,naive,1,6.524457,0.991689,0.058967
aaaaaoiv_s001_t000,bandwidth,64.0,naive,1,3.230379,0.897310,0.115306
aaaaaoiv_s002_t001,bandwidth,64.0,naive,1,12.909569,0.999947,2.605150
aaaaaoiv_s003_t003,bandwidth,64.0,naive,1,8.527058,0.998293,0.398664
aaaaaojd_s001_t002,bandwidth,64.0,naive,0,2.526012,0.833233,1.572609
aaaaaokg_s001_t000,bandwidth,64.0,naive,0,5.689244,0.983999,6.018147
aaaaaoly_s001_t000,bandwidth,64.0,naive,0,2.678077,0.849334,4.633450
aaaaaome_s001_t000,bandwidth,64.0,naive,0,3.502335,0.915561,0.298626
aaaaaomx_s001_t000,bandwidth,64.0,naive,0,4.411722,0.957106,0.895384
aaaaaomy_s001_t000,bandwidth,64.0,naive,1,9.932775,0.999440,10.714050
aaaaaonb_s001_t000,bandwidth,64.0,naive,0,5.507360,0.981561,3.136636
aaaaaons_s002_t002,bandwidth,64.0,naive,1,10.003983,0.999471,1.186921
aaaaaopd_s001_t000,bandwidth,64.0,naive,0,2.438468,0.823354,1.692787
aaaaaopo_s001_t000,bandwidth,64.0,naive,0,3.663097,0.924915,0.313218
aaaaaora_s002_t000,bandwidth,64.0,naive,1,5.087670,0.974459,0.899313
aaaaaord_s001_t000,bandwidth,64.0,naive,1,4.183375,0.949019,1.016752
aaaaaosh_s001_t000,bandwidth,64.0,naive,1,6.152307,0.988865,0.987746
aaaaaosw_s001_t000,bandwidth,64.0,naive,0,3.088202,0.886438,7.367426
aaaaaote_s001_t000,bandwidth,64.0,naive,0,1.449704,0.680175,0.159772
aaaaaout_s001_t000,bandwidth,64.0,naive,1,6.301036,0.990093,2.660663
aaaaaovl_s001_t000,bandwidth,64.0,naive,1,4.075306,0.944706,0.172560
aaaaaovo_s001_t000,bandwidth,64.0,naive,1,7.759424,0.996865,4.474561
aaaaaowb_s001_t000,bandwidth,64.0,naive,0,1.475044,0.684533,0.495143
aaaaaoxf_s001_t000,bandwidth,64.0,naive,0,1.272114,0.648771,0.130515
aaaaaozf_s001_t001,bandwidth,64.0,naive,0,4.276247,0.952469,1.683269
aaaaapag_s001_t000,bandwidth,64.0,naive,0,3.632696,0.923223,1.924491
aaaaapar_s001_t000,bandwidth,64.0,naive,1,19.848068,1.000000,1.129852
aaaaapcb_s001_t000,bandwidth,64.0,naive,0,1.685494,0.719442,0.097863
aaaaapcy_s001_t002,bandwidth,64.0,naive,0,2.566527,0.837653,1.116557
aaaaapdg_s001_t000,bandwidth,64.0,naive,0,3.005156,0.879633,0.182823
aaaaaphs_s001_t000,bandwidth,64.0,naive,1,9.231449,0.999023,2.231725
aaaaaphw_s001_t000,bandwidth,64.0,naive,0,6.217418,0.989420,1.642411
aaaaapij_s001_t000,bandwidth,64.0,naive,0,1.172685,0.630587,0.264594
aaaaapjc_s001_t001,bandwidth,64.0,naive,0,0.811860,0.561781,0.998413
aaaaapka_s001_t000,bandwidth,64.0,naive,0,2.211907,0.795670,0.907281
aaaaapkx_s001_t001,bandwidth,64.0,naive,1,3.622240,0.922632,1.898938
aaaaaply_s001_t001,bandwidth,64.0,naive,1,9.002321,0.998828,2.116008
aaaaapmb_s002_t001,bandwidth,64.0,naive,1,0.443297,0.488979,0.073090
aaaaapmp_s001_t000,bandwidth,64.0,naive,1,4.516565,0.960395,0.090757
aaaaapnr_s001_t000,bandwidth,64.0,naive,1,1.349664,0.662663,0.677142
aaaaapoc_s001_t000,bandwidth,64.0,naive,1,8.597927,0.998386,1.676680
aaaaapof_s001_t000,bandwidth,64.0,naive,0,1.707045,0.722881,0.195100
aaaaapoo_s001_t000,bandwidth,64.0,naive,0,2.969992,0.876646,1.275608
aaaaapoq_s001_t000,bandwidth,64.0,naive,0,5.669608,0.983752,0.413475
aaaaappb_s001_t000,bandwidth,64.0,naive,0,2.842918,0.865321,0.542450
aaaaapqd_s001_t000,bandwidth,64.0,naive,1,-0.479299,0.315129,0.306120
aaaaapqv_s001_t000,bandwidth,64.0,naive,0,-0.956046,0.239653,0.681464
aaaaapta_s001_t000,bandwidth,64.0,naive,1,8.144380,0.997688,3.698731
aaaaapth_s001_t000,bandwidth,64.0,naive,1,1.914166,0.754575,0.818763
aaaaapua_s001_t001,bandwidth,64.0,naive,0,2.695938,0.851139,0.335191
aaaaapuu_s001_t000,bandwidth,64.0,naive,0,1.538333,0.695278,0.628412
aaaaapvw_s001_t001,bandwidth,64.0,naive,1,7.817827,0.997006,1.203853
aaaaapvy_s001_t000,bandwidth,64.0,naive,1,2.329714,0.810450,1.009229
aaaaapwn_s001_t001,bandwidth,64.0,naive,0,2.252155,0.800814,5.333506
aaaaapwo_s001_t001,bandwidth,64.0,naive,1,11.949082,0.999887,4.041062
aaaaapxm_s001_t001,bandwidth,64.0,naive,0,2.796749,0.860994,0.403147
aaaaapys_s001_t001,bandwidth,64.0,naive,1,15.531480,0.999993,1.066958
aaaaapys_s002_t001,bandwidth,64.0,naive,1,10.761892,0.999710,1.237489
aaaaaayx_s002_t000,bandwidth,80.0,canonicalized,0,2.354081,0.813403,4.140109
aaaaabdo_s003_t000,bandwidth,80.0,canonicalized,1,9.980207,0.999460,8.824758
aaaaabsk_s007_t000,bandwidth,80.0,canonicalized,1,3.141730,0.890644,0.602180
aaaaabuv_s002_t000,bandwidth,80.0,canonicalized,1,4.688312,0.965266,0.606008
aaaaacad_s003_t000,bandwidth,80.0,canonicalized,0,1.320265,0.657428,0.641015
aaaaacby_s004_t000,bandwidth,80.0,canonicalized,0,1.923357,0.755923,0.137048
aaaaaddm_s006_t000,bandwidth,80.0,canonicalized,1,4.710086,0.965840,2.621602
aaaaadeu_s002_t000,bandwidth,80.0,canonicalized,1,2.602699,0.841519,0.811628
aaaaadjk_s002_t000,bandwidth,80.0,canonicalized,0,0.504064,0.501033,0.134028
aaaaadkb_s002_t000,bandwidth,80.0,canonicalized,1,9.343934,0.999106,9.342731
aaaaadsm_s002_t001,bandwidth,80.0,canonicalized,0,0.162069,0.433578,0.240241
aaaaaeab_s003_t000,bandwidth,80.0,canonicalized,0,1.077255,0.612778,1.123636
aaaaaejc_s003_t001,bandwidth,80.0,canonicalized,0,3.718460,0.927910,1.117783
aaaaaezn_s003_t001,bandwidth,80.0,canonicalized,1,2.292565,0.805880,2.992938
aaaaafhl_s003_t000,bandwidth,80.0,canonicalized,1,1.401636,0.671820,0.620327
aaaaagfk_s003_t000,bandwidth,80.0,canonicalized,0,0.276857,0.456070,0.080353
aaaaagsc_s003_t001,bandwidth,80.0,canonicalized,1,7.206593,0.995146,18.462997
aaaaagsc_s006_t001,bandwidth,80.0,canonicalized,1,0.760000,0.551625,0.230413
aaaaaguk_s002_t001,bandwidth,80.0,canonicalized,0,-0.197437,0.365269,0.335477
aaaaagvx_s002_t000,bandwidth,80.0,canonicalized,1,0.191741,0.439369,2.810414
aaaaagvx_s003_t001,bandwidth,80.0,canonicalized,1,2.727225,0.854258,1.965129
aaaaagyr_s002_t000,bandwidth,80.0,canonicalized,1,0.392358,0.478884,0.378857
aaaaahie_s005_t001,bandwidth,80.0,canonicalized,1,10.125771,0.999519,3.227149
aaaaahsv_s002_t000,bandwidth,80.0,canonicalized,0,1.470783,0.683803,1.348115
aaaaahte_s002_t000,bandwidth,80.0,canonicalized,1,10.154184,0.999530,7.641605
aaaaahte_s003_t000,bandwidth,80.0,canonicalized,1,7.799811,0.996963,0.474236
aaaaahuy_s002_t000,bandwidth,80.0,canonicalized,1,-0.399310,0.328987,0.286119
aaaaahzi_s001_t000,bandwidth,80.0,canonicalized,0,2.879284,0.868649,1.177841
aaaaahzm_s001_t001,bandwidth,80.0,canonicalized,0,0.098135,0.421162,0.221991
aaaaahzq_s001_t000,bandwidth,80.0,canonicalized,0,0.305055,0.461626,0.503237
aaaaahzs_s001_t001,bandwidth,80.0,canonicalized,0,1.212088,0.637841,0.248058
aaaaaiae_s001_t000,bandwidth,80.0,canonicalized,0,0.698141,0.539455,0.083314
aaaaaibx_s001_t000,bandwidth,80.0,canonicalized,0,0.916965,0.582198,0.126871
aaaaaiby_s001_t000,bandwidth,80.0,canonicalized,0,3.022982,0.881122,1.465297
aaaaaici_s001_t000,bandwidth,80.0,canonicalized,0,0.509527,0.502117,3.725791
aaaaaicn_s001_t000,bandwidth,80.0,canonicalized,0,1.046834,0.607035,0.388425
aaaaaijh_s002_t000,bandwidth,80.0,canonicalized,1,-0.166239,0.371028,0.221744
aaaaaijn_s001_t001,bandwidth,80.0,canonicalized,0,0.891399,0.577255,0.237800
aaaaairb_s001_t001,bandwidth,80.0,canonicalized,0,1.081556,0.613588,0.249351
aaaaairo_s001_t000,bandwidth,80.0,canonicalized,0,1.716741,0.724420,1.698737
aaaaaitt_s001_t000,bandwidth,80.0,canonicalized,0,1.464932,0.682798,5.283796
aaaaaiue_s004_t000,bandwidth,80.0,canonicalized,1,1.373468,0.666873,1.227810
aaaaaiuo_s002_t000,bandwidth,80.0,canonicalized,0,1.439039,0.678331,0.779470
aaaaaiwz_s001_t001,bandwidth,80.0,canonicalized,0,0.104181,0.422332,0.219739
aaaaaiyy_s001_t001,bandwidth,80.0,canonicalized,0,-0.669002,0.283576,0.267854
aaaaaizd_s001_t001,bandwidth,80.0,canonicalized,0,1.617047,0.708348,1.316315
aaaaaizs_s001_t000,bandwidth,80.0,canonicalized,0,1.338590,0.660696,0.394741
aaaaajae_s001_t001,bandwidth,80.0,canonicalized,0,3.345093,0.905400,2.030020
aaaaajah_s002_t001,bandwidth,80.0,canonicalized,1,3.801905,0.932216,1.379882
aaaaajah_s004_t000,bandwidth,80.0,canonicalized,1,1.437814,0.678119,0.480828
aaaaajal_s001_t001,bandwidth,80.0,canonicalized,0,-0.008460,0.400688,0.388915
aaaaajam_s001_t000,bandwidth,80.0,canonicalized,1,1.384657,0.668843,0.115726
aaaaajar_s001_t001,bandwidth,80.0,canonicalized,0,0.322404,0.465050,0.583789
aaaaajbb_s001_t000,bandwidth,80.0,canonicalized,0,2.993535,0.878653,0.668169
aaaaajbh_s002_t000,bandwidth,80.0,canonicalized,0,-0.753407,0.270167,0.131075
aaaaajce_s001_t000,bandwidth,80.0,canonicalized,0,1.239200,0.642797,0.524660
aaaaajci_s001_t000,bandwidth,80.0,canonicalized,0,1.766187,0.732184,0.778073
aaaaajck_s001_t000,bandwidth,80.0,canonicalized,0,0.232096,0.447273,0.843773
aaaaajct_s001_t000,bandwidth,80.0,canonicalized,0,1.338251,0.660636,0.399093
aaaaajcu_s001_t000,bandwidth,80.0,canonicalized,0,1.323554,0.658016,0.921375
aaaaajda_s001_t000,bandwidth,80.0,canonicalized,0,-0.055127,0.391829,0.330480
aaaaajdb_s001_t000,bandwidth,80.0,canonicalized,0,2.003208,0.767425,1.299577
aaaaajdv_s001_t000,bandwidth,80.0,canonicalized,0,5.918569,0.986626,3.192637
aaaaajdy_s001_t000,bandwidth,80.0,canonicalized,0,-0.471013,0.316550,0.962370
aaaaajdz_s001_t000,bandwidth,80.0,canonicalized,0,2.869173,0.867731,1.456423
aaaaajea_s001_t000,bandwidth,80.0,canonicalized,0,1.632093,0.710809,3.419220
aaaaajen_s001_t000,bandwidth,80.0,canonicalized,0,-0.178097,0.368835,0.427033
aaaaajey_s001_t000,bandwidth,80.0,canonicalized,0,2.926984,0.872908,0.831122
aaaaajfb_s001_t000,bandwidth,80.0,canonicalized,0,0.549925,0.510130,0.628053
aaaaajfe_s001_t000,bandwidth,80.0,canonicalized,0,0.369414,0.474342,0.958551
aaaaajff_s001_t000,bandwidth,80.0,canonicalized,0,0.248323,0.450458,1.833922
aaaaajfi_s001_t001,bandwidth,80.0,canonicalized,0,1.313032,0.656134,1.088940
aaaaajfn_s001_t001,bandwidth,80.0,canonicalized,0,-0.755596,0.269825,0.640735
aaaaajfy_s001_t000,bandwidth,80.0,canonicalized,0,0.116974,0.424811,0.262079
aaaaajga_s001_t001,bandwidth,80.0,canonicalized,0,4.242755,0.951251,1.596407
aaaaajhy_s001_t000,bandwidth,80.0,canonicalized,0,0.253320,0.451440,0.464049
aaaaajit_s001_t001,bandwidth,80.0,canonicalized,0,1.208619,0.637205,0.502165
aaaaajiu_s001_t000,bandwidth,80.0,canonicalized,0,3.585907,0.920549,3.218948
aaaaajiy_s001_t001,bandwidth,80.0,canonicalized,0,0.364006,0.473272,0.150856
aaaaajiz_s001_t000,bandwidth,80.0,canonicalized,0,2.441962,0.823757,1.796548
aaaaajjb_s001_t001,bandwidth,80.0,canonicalized,0,1.754077,0.730295,0.312916
aaaaajje_s001_t000,bandwidth,80.0,canonicalized,0,0.586953,0.517471,0.332074
aaaaajjk_s001_t000,bandwidth,80.0,canonicalized,0,1.545295,0.696447,0.438502
aaaaajna_s001_t000,bandwidth,80.0,canonicalized,0,-0.136971,0.376465,0.649751
aaaaajnu_s001_t000,bandwidth,80.0,canonicalized,0,0.581158,0.516322,1.686873
aaaaajon_s001_t000,bandwidth,80.0,canonicalized,0,2.295538,0.806248,4.213625
aaaaajoo_s002_t001,bandwidth,80.0,canonicalized,1,-0.432446,0.323208,0.655331
aaaaajpg_s001_t001,bandwidth,80.0,canonicalized,0,2.016811,0.769346,0.818922
aaaaajqh_s004_t000,bandwidth,80.0,canonicalized,1,8.308641,0.997970,2.469339
aaaaajqk_s003_t001,bandwidth,80.0,canonicalized,1,3.536415,0.917628,0.408029
aaaaajrf_s001_t000,bandwidth,80.0,canonicalized,1,15.460591,0.999993,3.903250
aaaaajrf_s002_t000,bandwidth,80.0,canonicalized,1,15.330312,0.999992,4.127532
aaaaajrf_s003_t002,bandwidth,80.0,canonicalized,1,15.014671,0.999990,4.776124
aaaaajrf_s004_t000,bandwidth,80.0,canonicalized,1,2.857893,0.866700,0.375135
aaaaajso_s001_t000,bandwidth,80.0,canonicalized,1,7.754259,0.996852,3.484796
aaaaajtg_s001_t000,bandwidth,80.0,canonicalized,0,4.391264,0.956434,3.082827
aaaaajtu_s001_t000,bandwidth,80.0,canonicalized,0,3.809428,0.932592,2.680821
aaaaajuh_s001_t000,bandwidth,80.0,canonicalized,1,9.662548,0.999306,15.602262
aaaaajun_s001_t000,bandwidth,80.0,canonicalized,0,3.485491,0.914522,0.661312
aaaaajvh_s001_t001,bandwidth,80.0,canonicalized,0,3.656875,0.924572,1.055638
aaaaajxp_s001_t000,bandwidth,80.0,canonicalized,0,-0.617239,0.291995,0.146889
aaaaakck_s001_t001,bandwidth,80.0,canonicalized,1,3.340519,0.905089,0.844088
aaaaakcx_s001_t001,bandwidth,80.0,canonicalized,1,9.735313,0.999345,4.058283
aaaaakcy_s005_t001,bandwidth,80.0,canonicalized,1,11.049141,0.999769,1.585438
aaaaakdj_s001_t000,bandwidth,80.0,canonicalized,1,5.415599,0.980195,0.564642
aaaaakdo_s001_t000,bandwidth,80.0,canonicalized,1,2.812591,0.862491,0.904294
aaaaakeq_s001_t000,bandwidth,80.0,canonicalized,1,5.418497,0.980240,5.795388
aaaaakeq_s002_t000,bandwidth,80.0,canonicalized,1,4.092239,0.945404,2.307227
aaaaakeq_s003_t000,bandwidth,80.0,canonicalized,1,6.306524,0.990135,5.156404
aaaaakev_s001_t001,bandwidth,80.0,canonicalized,1,15.386599,0.999993,17.184299
aaaaakev_s002_t000,bandwidth,80.0,canonicalized,1,13.411205,0.999965,3.745975
aaaaakft_s001_t000,bandwidth,80.0,canonicalized,0,1.614224,0.707885,1.098254
aaaaakgp_s001_t001,bandwidth,80.0,canonicalized,0,3.625859,0.922837,4.122520
aaaaakgu_s001_t000,bandwidth,80.0,canonicalized,1,-0.993789,0.234237,0.534126
aaaaakjk_s002_t002,bandwidth,80.0,canonicalized,1,4.477044,0.959184,1.346277
aaaaakjk_s003_t000,bandwidth,80.0,canonicalized,1,3.632510,0.923212,1.691766
aaaaakka_s001_t001,bandwidth,80.0,canonicalized,0,1.885667,0.750363,0.317263
aaaaakmg_s003_t001,bandwidth,80.0,canonicalized,1,10.938408,0.999748,1.444626
aaaaakmh_s001_t000,bandwidth,80.0,canonicalized,1,2.873515,0.868126,1.147766
aaaaaknt_s001_t000,bandwidth,80.0,canonicalized,1,5.223603,0.977011,2.666018
aaaaakoo_s001_t001,bandwidth,80.0,canonicalized,1,15.537973,0.999993,2.737551
aaaaakqg_s001_t001,bandwidth,80.0,canonicalized,0,0.731493,0.546023,0.691574
aaaaakqr_s001_t000,bandwidth,80.0,canonicalized,0,-0.865279,0.253023,0.583316
aaaaakrt_s001_t001,bandwidth,80.0,canonicalized,1,5.611016,0.982992,1.268894
aaaaakrt_s002_t001,bandwidth,80.0,canonicalized,1,7.304148,0.995506,2.831822
aaaaaksb_s001_t000,bandwidth,80.0,canonicalized,0,-0.759886,0.269155,0.926061
aaaaaksu_s001_t001,bandwidth,80.0,canonicalized,0,2.116333,0.783062,1.732684
aaaaakxz_s001_t001,bandwidth,80.0,canonicalized,1,0.742602,0.548208,0.041828
aaaaakxz_s002_t001,bandwidth,80.0,canonicalized,1,2.578472,0.838938,0.818665
aaaaalaf_s001_t000,bandwidth,80.0,canonicalized,0,0.953410,0.589216,0.414564
aaaaalau_s001_t000,bandwidth,80.0,canonicalized,1,5.484140,0.981224,2.910949
aaaaalbh_s001_t000,bandwidth,80.0,canonicalized,1,3.665233,0.925033,2.553022
aaaaalbt_s001_t001,bandwidth,80.0,canonicalized,0,0.762031,0.552024,0.091483
aaaaalbt_s002_t000,bandwidth,80.0,canonicalized,0,1.034607,0.604718,0.242316
aaaaalbz_s006_t000,bandwidth,80.0,canonicalized,1,8.873326,0.998702,2.515971
aaaaalid_s001_t001,bandwidth,80.0,canonicalized,0,6.738523,0.992978,2.038855
aaaaaljf_s001_t000,bandwidth,80.0,canonicalized,1,4.534513,0.960933,1.951746
aaaaaljj_s001_t000,bandwidth,80.0,canonicalized,0,1.628490,0.710221,0.998721
aaaaallc_s001_t001,bandwidth,80.0,canonicalized,0,2.213832,0.795918,1.550078
aaaaalle_s002_t000,bandwidth,80.0,canonicalized,1,1.818847,0.740298,1.288883
aaaaalox_s001_t001,bandwidth,80.0,canonicalized,0,6.378263,0.990676,6.457875
aaaaalpv_s001_t000,bandwidth,80.0,canonicalized,0,0.921254,0.583026,2.224004
aaaaalqa_s001_t000,bandwidth,80.0,canonicalized,0,1.697023,0.721285,2.785025
aaaaalqr_s001_t001,bandwidth,80.0,canonicalized,1,2.996242,0.878882,0.200381
aaaaalqs_s001_t001,bandwidth,80.0,canonicalized,0,-0.551186,0.302949,0.099597
aaaaalqx_s001_t000,bandwidth,80.0,canonicalized,0,-0.652827,0.286191,0.572787
aaaaalrc_s002_t000,bandwidth,80.0,canonicalized,1,21.755011,1.000000,0.793690
aaaaalsq_s001_t000,bandwidth,80.0,canonicalized,0,3.328419,0.904261,0.411508
aaaaalsx_s001_t000,bandwidth,80.0,canonicalized,1,1.991645,0.765783,1.227149
aaaaalsx_s004_t001,bandwidth,80.0,canonicalized,1,0.315770,0.463740,0.042527
aaaaaluz_s001_t001,bandwidth,80.0,canonicalized,0,1.172097,0.630479,0.453100
aaaaalvw_s001_t000,bandwidth,80.0,canonicalized,0,0.406242,0.481634,1.093455
aaaaalvz_s001_t000,bandwidth,80.0,canonicalized,1,15.229924,0.999992,2.576529
aaaaalxk_s001_t000,bandwidth,80.0,canonicalized,0,2.926386,0.872855,0.280356
aaaaalyr_s001_t000,bandwidth,80.0,canonicalized,1,2.819973,0.863185,0.585805
aaaaalzk_s002_t001,bandwidth,80.0,canonicalized,1,11.725856,0.999865,5.863468
aaaaamcb_s001_t001,bandwidth,80.0,canonicalized,1,10.094816,0.999507,2.584136
aaaaamfe_s001_t001,bandwidth,80.0,canonicalized,0,4.671521,0.964816,0.917091
aaaaamft_s001_t001,bandwidth,80.0,canonicalized,1,3.150560,0.891325,0.218416
aaaaamfu_s001_t000,bandwidth,80.0,canonicalized,0,2.744891,0.855995,0.658261
aaaaamhi_s001_t000,bandwidth,80.0,canonicalized,1,10.064708,0.999495,5.723663
aaaaamhk_s001_t000,bandwidth,80.0,canonicalized,1,3.019885,0.880865,0.207591
aaaaamjc_s001_t001,bandwidth,80.0,canonicalized,1,8.525038,0.998290,1.008197
aaaaammh_s001_t001,bandwidth,80.0,canonicalized,1,2.752083,0.856697,0.469357
aaaaamnq_s001_t000,bandwidth,80.0,canonicalized,1,9.188285,0.998989,6.767721
aaaaamnq_s002_t000,bandwidth,80.0,canonicalized,1,7.084481,0.994655,1.932750
aaaaamon_s001_t000,bandwidth,80.0,canonicalized,0,2.814935,0.862712,3.937877
aaaaampz_s001_t000,bandwidth,80.0,canonicalized,1,2.985709,0.877989,1.298707
aaaaamrj_s001_t000,bandwidth,80.0,canonicalized,0,1.581451,0.702478,0.654342
aaaaamsc_s001_t000,bandwidth,80.0,canonicalized,1,4.274912,0.952421,4.613108
aaaaamtb_s001_t000,bandwidth,80.0,canonicalized,0,6.692861,0.992721,3.461972
aaaaamuc_s001_t000,bandwidth,80.0,canonicalized,0,-0.020171,0.398459,0.277890
aaaaamxn_s001_t000,bandwidth,80.0,canonicalized,1,2.122214,0.783854,0.278024
aaaaamyb_s001_t001,bandwidth,80.0,canonicalized,0,1.468001,0.683325,0.934978
aaaaamye_s001_t000,bandwidth,80.0,canonicalized,1,11.600889,0.999851,3.076301
aaaaamzi_s001_t001,bandwidth,80.0,canonicalized,1,8.290440,0.997941,9.188136
aaaaamzl_s001_t000,bandwidth,80.0,canonicalized,0,-0.031478,0.396310,0.918920
aaaaamzx_s001_t000,bandwidth,80.0,canonicalized,0,-1.898405,0.129834,3.716538
aaaaanbq_s001_t000,bandwidth,80.0,canonicalized,0,0.697870,0.539401,0.352712
aaaaanek_s001_t000,bandwidth,80.0,canonicalized,0,-0.128567,0.378031,0.915499
aaaaangp_s001_t000,bandwidth,80.0,canonicalized,0,0.403352,0.481061,0.653202
aaaaanhb_s001_t003,bandwidth,80.0,canonicalized,1,4.115309,0.946341,2.346594
aaaaanhb_s003_t001,bandwidth,80.0,canonicalized,1,4.534717,0.960939,0.874617
aaaaanhb_s005_t000,bandwidth,80.0,canonicalized,1,6.418432,0.990966,1.237564
aaaaankf_s001_t000,bandwidth,80.0,canonicalized,1,8.428539,0.998154,1.597327
aaaaanlp_s001_t000,bandwidth,80.0,canonicalized,0,1.274331,0.649172,0.356563
aaaaanmc_s001_t000,bandwidth,80.0,canonicalized,1,5.530851,0.981895,4.788546
aaaaanop_s001_t000,bandwidth,80.0,canonicalized,0,3.356499,0.906173,4.221674
aaaaanoz_s001_t000,bandwidth,80.0,canonicalized,1,2.261525,0.801997,0.350807
aaaaanpr_s001_t002,bandwidth,80.0,canonicalized,1,2.899223,0.870444,1.908425
aaaaanqe_s001_t000,bandwidth,80.0,canonicalized,0,1.516975,0.691675,0.219239
aaaaanro_s001_t000,bandwidth,80.0,canonicalized,1,6.298351,0.990072,2.971099
aaaaansj_s001_t000,bandwidth,80.0,canonicalized,1,3.855535,0.934856,1.504675
aaaaanta_s001_t000,bandwidth,80.0,canonicalized,1,5.718312,0.984359,1.591418
aaaaanum_s001_t000,bandwidth,80.0,canonicalized,0,1.383667,0.668669,1.006495
aaaaanvb_s002_t000,bandwidth,80.0,canonicalized,0,1.496051,0.688122,0.576936
aaaaanvg_s001_t002,bandwidth,80.0,canonicalized,0,2.414293,0.820547,0.336164
aaaaanvw_s001_t000,bandwidth,80.0,canonicalized,0,0.765904,0.552784,1.209955
aaaaanwc_s001_t001,bandwidth,80.0,canonicalized,1,5.748774,0.984726,34.085213
aaaaanxl_s001_t000,bandwidth,80.0,canonicalized,1,5.652281,0.983531,2.492265
aaaaanyb_s001_t001,bandwidth,80.0,canonicalized,0,1.349336,0.662605,0.102635
aaaaanyt_s002_t000,bandwidth,80.0,canonicalized,1,6.397884,0.990819,2.348945
aaaaanyw_s001_t000,bandwidth,80.0,canonicalized,1,2.546032,0.835429,0.297640
aaaaanyw_s002_t000,bandwidth,80.0,canonicalized,1,3.871556,0.935627,4.102660
aaaaanzh_s001_t000,bandwidth,80.0,canonicalized,1,1.815016,0.739714,2.540341
aaaaanzu_s001_t003,bandwidth,80.0,canonicalized,1,5.727334,0.984468,3.200014
aaaaaoav_s001_t000,bandwidth,80.0,canonicalized,0,0.072898,0.416287,0.166314
aaaaaoav_s002_t000,bandwidth,80.0,canonicalized,0,-0.850653,0.255223,1.069360
aaaaaobi_s001_t000,bandwidth,80.0,canonicalized,1,3.891006,0.936550,4.194746
aaaaaobl_s001_t000,bandwidth,80.0,canonicalized,0,0.839761,0.567224,0.701530
aaaaaoby_s001_t000,bandwidth,80.0,canonicalized,0,2.917322,0.872055,8.924421
aaaaaoda_s001_t000,bandwidth,80.0,canonicalized,1,8.092518,0.997591,3.323024
aaaaaoeg_s001_t000,bandwidth,80.0,canonicalized,0,2.877017,0.868443,1.161847
aaaaaofj_s001_t000,bandwidth,80.0,canonicalized,0,-0.309746,0.344864,0.587532
aaaaaofr_s001_t000,bandwidth,80.0,canonicalized,0,1.426952,0.676234,1.038876
aaaaaofz_s001_t000,bandwidth,80.0,canonicalized,0,1.164896,0.629146,0.632752
aaaaaohb_s001_t000,bandwidth,80.0,canonicalized,1,6.167335,0.988996,0.675330
aaaaaohr_s002_t001,bandwidth,80.0,canonicalized,1,6.142989,0.988783,1.480319
aaaaaoiq_s001_t000,bandwidth,80.0,canonicalized,1,4.398846,0.956684,0.258809
aaaaaoiv_s001_t000,bandwidth,80.0,canonicalized,1,1.979729,0.764083,0.236447
aaaaaoiv_s002_t001,bandwidth,80.0,canonicalized,1,12.129574,0.999902,5.680902
aaaaaoiv_s003_t003,bandwidth,80.0,canonicalized,1,9.093540,0.998910,1.298507
aaaaaojd_s001_t002,bandwidth,80.0,canonicalized,0,1.573462,0.701152,0.549864
aaaaaokg_s001_t000,bandwidth,80.0,canonicalized,0,5.040209,0.973505,5.972403
aaaaaoly_s001_t000,bandwidth,80.0,canonicalized,0,1.600179,0.705575,4.555162
aaaaaome_s001_t000,bandwidth,80.0,canonicalized,0,2.136453,0.785762,0.360094
aaaaaomx_s001_t000,bandwidth,80.0,canonicalized,0,2.329729,0.810452,0.856510
aaaaaomy_s001_t000,bandwidth,80.0,canonicalized,1,8.791784,0.998616,12.902036
aaaaaonb_s001_t000,bandwidth,80.0,canonicalized,0,3.248168,0.898604,4.718530
aaaaaons_s002_t002,bandwidth,80.0,canonicalized,1,8.735924,0.998553,1.779977
aaaaaopd_s001_t000,bandwidth,80.0,canonicalized,0,1.213071,0.638022,1.425477
aaaaaopo_s001_t000,bandwidth,80.0,canonicalized,0,2.179065,0.791400,1.048816
aaaaaora_s002_t000,bandwidth,80.0,canonicalized,1,3.880899,0.936072,1.431194
aaaaaord_s001_t000,bandwidth,80.0,canonicalized,1,3.191344,0.894420,0.705639
aaaaaosh_s001_t000,bandwidth,80.0,canonicalized,1,4.207614,0.949941,2.135218
aaaaaosw_s001_t000,bandwidth,80.0,canonicalized,0,2.275323,0.803730,6.386719
aaaaaote_s001_t000,bandwidth,80.0,canonicalized,0,0.563496,0.512821,0.363593
aaaaaout_s001_t000,bandwidth,80.0,canonicalized,1,3.895646,0.936768,3.890263
aaaaaovl_s001_t000,bandwidth,80.0,canonicalized,1,3.418589,0.910279,0.189244
aaaaaovo_s001_t000,bandwidth,80.0,canonicalized,1,8.503836,0.998261,1.790935
aaaaaowb_s001_t000,bandwidth,80.0,canonicalized,0,-0.013892,0.399654,0.154854
aaaaaoxf_s001_t000,bandwidth,80.0,canonicalized,0,-0.514040,0.309210,0.123976
aaaaaozf_s001_t001,bandwidth,80.0,canonicalized,0,2.587480,0.839901,2.795727
aaaaapag_s001_t000,bandwidth,80.0,canonicalized,0,2.058171,0.775119,3.722062
aaaaapar_s001_t000,bandwidth,80.0,canonicalized,1,18.487259,0.999999,1.068656
aaaaapcb_s001_t000,bandwidth,80.0,canonicalized,0,0.620134,0.524042,0.093005
aaaaapcy_s001_t002,bandwidth,80.0,canonicalized,0,0.883048,0.575637,0.979315
aaaaapdg_s001_t000,bandwidth,80.0,canonicalized,0,1.049157,0.607475,0.129728
aaaaaphs_s001_t000,bandwidth,80.0,canonicalized,1,7.760259,0.996867,2.553249
aaaaaphw_s001_t000,bandwidth,80.0,canonicalized,0,3.565542,0.919359,2.744935
aaaaapij_s001_t000,bandwidth,80.0,canonicalized,0,0.108268,0.423123,0.169706
aaaaapjc_s001_t001,bandwidth,80.0,canonicalized,0,-1.551620,0.164211,0.716342
aaaaapka_s001_t000,bandwidth,80.0,canonicalized,0,0.411021,0.482581,1.550210
aaaaapkx_s001_t001,bandwidth,80.0,canonicalized,1,1.355074,0.663622,1.888637
aaaaaply_s001_t001,bandwidth,80.0,canonicalized,1,7.895366,0.997184,2.256447
aaaaapmb_s002_t001,bandwidth,80.0,canonicalized,1,2.006395,0.767876,0.151482
aaaaapmp_s001_t000,bandwidth,80.0,canonicalized,1,3.223344,0.896795,0.153562
aaaaapnr_s001_t000,bandwidth,80.0,canonicalized,1,0.175068,0.436113,0.388675
aaaaapoc_s001_t000,bandwidth,80.0,canonicalized,1,6.498693,0.991519,3.117206
aaaaapof_s001_t000,bandwidth,80.0,canonicalized,0,0.205347,0.442031,0.337353
aaaaapoo_s001_t000,bandwidth,80.0,canonicalized,0,1.551260,0.697447,1.403607
aaaaapoq_s001_t000,bandwidth,80.0,canonicalized,0,4.089717,0.945300,0.351977
aaaaappb_s001_t000,bandwidth,80.0,canonicalized,0,1.659242,0.715217,0.297900
aaaaapqd_s001_t000,bandwidth,80.0,canonicalized,1,0.031578,0.408342,0.032119
aaaaapqv_s001_t000,bandwidth,80.0,canonicalized,0,-1.672056,0.151511,0.558197
aaaaapta_s001_t000,bandwidth,80.0,canonicalized,1,7.140070,0.994884,6.465194
aaaaapth_s001_t000,bandwidth,80.0,canonicalized,1,1.994833,0.766236,0.537926
aaaaapua_s001_t001,bandwidth,80.0,canonicalized,0,0.535532,0.507276,0.460349
aaaaapuu_s001_t000,bandwidth,80.0,canonicalized,0,0.717090,0.543189,0.473708
aaaaapvw_s001_t001,bandwidth,80.0,canonicalized,1,6.470558,0.991329,1.745640
aaaaapvy_s001_t000,bandwidth,80.0,canonicalized,1,2.545783,0.835402,0.323388
aaaaapwn_s001_t001,bandwidth,80.0,canonicalized,0,0.581371,0.516365,7.469019
aaaaapwo_s001_t001,bandwidth,80.0,canonicalized,1,11.751862,0.999868,4.630040
aaaaapxm_s001_t001,bandwidth,80.0,canonicalized,0,1.092100,0.615570,0.855253
aaaaapys_s001_t001,bandwidth,80.0,canonicalized,1,16.592342,0.999997,0.380910
aaaaapys_s002_t001,bandwidth,80.0,canonicalized,1,10.792288,0.999717,0.782107
aaaaaayx_s002_t000,bandwidth,80.0,naive,0,2.354081,0.813403,4.140109
aaaaabdo_s003_t000,bandwidth,80.0,naive,1,9.980207,0.999460,8.824758
aaaaabsk_s007_t000,bandwidth,80.0,naive,1,3.141730,0.890644,0.602180
aaaaabuv_s002_t000,bandwidth,80.0,naive,1,4.688312,0.965266,0.606008
aaaaacad_s003_t000,bandwidth,80.0,naive,0,1.320265,0.657428,0.641015
aaaaacby_s004_t000,bandwidth,80.0,naive,0,1.923357,0.755923,0.137048
aaaaaddm_s006_t000,bandwidth,80.0,naive,1,4.710086,0.965840,2.621602
aaaaadeu_s002_t000,bandwidth,80.0,naive,1,2.602699,0.841519,0.811628
aaaaadjk_s002_t000,bandwidth,80.0,naive,0,0.504064,0.501033,0.134028
aaaaadkb_s002_t000,bandwidth,80.0,naive,1,9.343934,0.999106,9.342731
aaaaadsm_s002_t001,bandwidth,80.0,naive,0,0.162069,0.433578,0.240241
aaaaaeab_s003_t000,bandwidth,80.0,naive,0,1.077255,0.612778,1.123636
aaaaaejc_s003_t001,bandwidth,80.0,naive,0,3.718460,0.927910,1.117783
aaaaaezn_s003_t001,bandwidth,80.0,naive,1,2.292565,0.805880,2.992938
aaaaafhl_s003_t000,bandwidth,80.0,naive,1,1.401636,0.671820,0.620327
aaaaagfk_s003_t000,bandwidth,80.0,naive,0,0.276857,0.456070,0.080353
aaaaagsc_s003_t001,bandwidth,80.0,naive,1,7.206593,0.995146,18.462997
aaaaagsc_s006_t001,bandwidth,80.0,naive,1,0.760000,0.551625,0.230413
aaaaaguk_s002_t001,bandwidth,80.0,naive,0,-0.197437,0.365269,0.335477
aaaaagvx_s002_t000,bandwidth,80.0,naive,1,0.191741,0.439369,2.810414
aaaaagvx_s003_t001,bandwidth,80.0,naive,1,2.727225,0.854258,1.965129
aaaaagyr_s002_t000,bandwidth,80.0,naive,1,0.392358,0.478884,0.378857
aaaaahie_s005_t001,bandwidth,80.0,naive,1,10.125771,0.999519,3.227149
aaaaahsv_s002_t000,bandwidth,80.0,naive,0,1.470783,0.683803,1.348115
aaaaahte_s002_t000,bandwidth,80.0,naive,1,10.154184,0.999530,7.641605
aaaaahte_s003_t000,bandwidth,80.0,naive,1,7.799811,0.996963,0.474236
aaaaahuy_s002_t000,bandwidth,80.0,naive,1,-0.399310,0.328987,0.286119
aaaaahzi_s001_t000,bandwidth,80.0,naive,0,2.879284,0.868649,1.177841
aaaaahzm_s001_t001,bandwidth,80.0,naive,0,0.098135,0.421162,0.221991
aaaaahzq_s001_t000,bandwidth,80.0,naive,0,0.305055,0.461626,0.503237
aaaaahzs_s001_t001,bandwidth,80.0,naive,0,1.212088,0.637841,0.248058
aaaaaiae_s001_t000,bandwidth,80.0,naive,0,0.698141,0.539455,0.083314
aaaaaibx_s001_t000,bandwidth,80.0,naive,0,0.916965,0.582198,0.126871
aaaaaiby_s001_t000,bandwidth,80.0,naive,0,3.022982,0.881122,1.465297
aaaaaici_s001_t000,bandwidth,80.0,naive,0,0.509527,0.502117,3.725791
aaaaaicn_s001_t000,bandwidth,80.0,naive,0,1.046834,0.607035,0.388425
aaaaaijh_s002_t000,bandwidth,80.0,naive,1,-0.166239,0.371028,0.221744
aaaaaijn_s001_t001,bandwidth,80.0,naive,0,0.891399,0.577255,0.237800
aaaaairb_s001_t001,bandwidth,80.0,naive,0,1.081556,0.613588,0.249351
aaaaairo_s001_t000,bandwidth,80.0,naive,0,1.716741,0.724420,1.698737
aaaaaitt_s001_t000,bandwidth,80.0,naive,0,1.464932,0.682798,5.283796
aaaaaiue_s004_t000,bandwidth,80.0,naive,1,1.373468,0.666873,1.227810
aaaaaiuo_s002_t000,bandwidth,80.0,naive,0,1.439039,0.678331,0.779470
aaaaaiwz_s001_t001,bandwidth,80.0,naive,0,0.104181,0.422332,0.219739
aaaaaiyy_s001_t001,bandwidth,80.0,naive,0,-0.669002,0.283576,0.267854
aaaaaizd_s001_t001,bandwidth,80.0,naive,0,1.617047,0.708348,1.316315
aaaaaizs_s001_t000,bandwidth,80.0,naive,0,1.338590,0.660696,0.394741
aaaaajae_s001_t001,bandwidth,80.0,naive,0,3.345093,0.905400,2.030020
aaaaajah_s002_t001,bandwidth,80.0,naive,1,3.801905,0.932216,1.379882
aaaaajah_s004_t000,bandwidth,80.0,naive,1,1.437814,0.678119,0.480828
aaaaajal_s001_t001,bandwidth,80.0,naive,0,-0.008460,0.400688,0.388915
aaaaajam_s001_t000,bandwidth,80.0,naive,1,1.384657,0.668843,0.115726
aaaaajar_s001_t001,bandwidth,80.0,naive,0,0.322404,0.465050,0.583789
aaaaajbb_s001_t000,bandwidth,80.0,naive,0,2.993535,0.878653,0.668169
aaaaajbh_s002_t000,bandwidth,80.0,naive,0,-0.753407,0.270167,0.131075
aaaaajce_s001_t000,bandwidth,80.0,naive,0,1.239200,0.642797,0.524660
aaaaajci_s001_t000,bandwidth,80.0,naive,0,1.766187,0.732184,0.778073
aaaaajck_s001_t000,bandwidth,80.0,naive,0,0.232096,0.447273,0.843773
aaaaajct_s001_t000,bandwidth,80.0,naive,0,1.338251,0.660636,0.399093
aaaaajcu_s001_t000,bandwidth,80.0,naive,0,1.323554,0.658016,0.921375
aaaaajda_s001_t000,bandwidth,80.0,naive,0,-0.055127,0.391829,0.330480
aaaaajdb_s001_t000,bandwidth,80.0,naive,0,2.003208,0.767425,1.299577
aaaaajdv_s001_t000,bandwidth,80.0,naive,0,5.918569,0.986626,3.192637
aaaaajdy_s001_t000,bandwidth,80.0,naive,0,-0.471013,0.316550,0.962370
aaaaajdz_s001_t000,bandwidth,80.0,naive,0,2.869173,0.867731,1.456423
aaaaajea_s001_t000,bandwidth,80.0,naive,0,1.632093,0.710809,3.419220
aaaaajen_s001_t000,bandwidth,80.0,naive,0,-0.178097,0.368835,0.427033
aaaaajey_s001_t000,bandwidth,80.0,naive,0,2.926984,0.872908,0.831122
aaaaajfb_s001_t000,bandwidth,80.0,naive,0,0.549925,0.510130,0.628053
aaaaajfe_s001_t000,bandwidth,80.0,naive,0,0.369414,0.474342,0.958551
aaaaajff_s001_t000,bandwidth,80.0,naive,0,0.248323,0.450458,1.833922
aaaaajfi_s001_t001,bandwidth,80.0,naive,0,1.313032,0.656134,1.088940
aaaaajfn_s001_t001,bandwidth,80.0,naive,0,-0.755596,0.269825,0.640735
aaaaajfy_s001_t000,bandwidth,80.0,naive,0,0.116974,0.424811,0.262079
aaaaajga_s001_t001,bandwidth,80.0,naive,0,4.242755,0.951251,1.596407
aaaaajhy_s001_t000,bandwidth,80.0,naive,0,0.253320,0.451440,0.464049
aaaaajit_s001_t001,bandwidth,80.0,naive,0,1.208619,0.637205,0.502165
aaaaajiu_s001_t000,bandwidth,80.0,naive,0,3.585907,0.920549,3.218948
aaaaajiy_s001_t001,bandwidth,80.0,naive,0,0.364006,0.473272,0.150856
aaaaajiz_s001_t000,bandwidth,80.0,naive,0,2.441962,0.823757,1.796548
aaaaajjb_s001_t001,bandwidth,80.0,naive,0,1.754077,0.730295,0.312916
aaaaajje_s001_t000,bandwidth,80.0,naive,0,0.586953,0.517471,0.332074
aaaaajjk_s001_t000,bandwidth,80.0,naive,0,1.545295,0.696447,0.438502
aaaaajna_s001_t000,bandwidth,80.0,naive,0,-0.136971,0.376465,0.649751
aaaaajnu_s001_t000,bandwidth,80.0,naive,0,0.581158,0.516322,1.686873
aaaaajon_s001_t000,bandwidth,80.0,naive,0,2.295538,0.806248,4.213625
aaaaajoo_s002_t001,bandwidth,80.0,naive,1,-0.432446,0.323208,0.655331
aaaaajpg_s001_t001,bandwidth,80.0,naive,0,2.016811,0.769346,0.818922
aaaaajqh_s004_t000,bandwidth,80.0,naive,1,8.308641,0.997970,2.469339
aaaaajqk_s003_t001,bandwidth,80.0,naive,1,3.536415,0.917628,0.408029
aaaaajrf_s001_t000,bandwidth,80.0,naive,1,15.460591,0.999993,3.903250
aaaaajrf_s002_t000,bandwidth,80.0,naive,1,15.330312,0.999992,4.127532
aaaaajrf_s003_t002,bandwidth,80.0,naive,1,15.014671,0.999990,4.776124
aaaaajrf_s004_t000,bandwidth,80.0,naive,1,2.857893,0.866700,0.375135
aaaaajso_s001_t000,bandwidth,80.0,naive,1,7.754259,0.996852,3.484796
aaaaajtg_s001_t000,bandwidth,80.0,naive,0,4.391264,0.956434,3.082827
aaaaajtu_s001_t000,bandwidth,80.0,naive,0,3.809428,0.932592,2.680821
aaaaajuh_s001_t000,bandwidth,80.0,naive,1,9.662548,0.999306,15.602262
aaaaajun_s001_t000,bandwidth,80.0,naive,0,3.485491,0.914522,0.661312
aaaaajvh_s001_t001,bandwidth,80.0,naive,0,3.656875,0.924572,1.055638
aaaaajxp_s001_t000,bandwidth,80.0,naive,0,-0.617239,0.291995,0.146889
aaaaakck_s001_t001,bandwidth,80.0,naive,1,3.340519,0.905089,0.844088
aaaaakcx_s001_t001,bandwidth,80.0,naive,1,9.735313,0.999345,4.058283
aaaaakcy_s005_t001,bandwidth,80.0,naive,1,11.049141,0.999769,1.585438
aaaaakdj_s001_t000,bandwidth,80.0,naive,1,5.415599,0.980195,0.564642
aaaaakdo_s001_t000,bandwidth,80.0,naive,1,2.812591,0.862491,0.904294
aaaaakeq_s001_t000,bandwidth,80.0,naive,1,5.418497,0.980240,5.795388
aaaaakeq_s002_t000,bandwidth,80.0,naive,1,4.092239,0.945404,2.307227
aaaaakeq_s003_t000,bandwidth,80.0,naive,1,6.306524,0.990135,5.156404
aaaaakev_s001_t001,bandwidth,80.0,naive,1,15.386599,0.999993,17.184299
aaaaakev_s002_t000,bandwidth,80.0,naive,1,13.411205,0.999965,3.745975
aaaaakft_s001_t000,bandwidth,80.0,naive,0,1.614224,0.707885,1.098254
aaaaakgp_s001_t001,bandwidth,80.0,naive,0,3.625859,0.922837,4.122520
aaaaakgu_s001_t000,bandwidth,80.0,naive,1,-0.993789,0.234237,0.534126
aaaaakjk_s002_t002,bandwidth,80.0,naive,1,4.477044,0.959184,1.346277
aaaaakjk_s003_t000,bandwidth,80.0,naive,1,3.632510,0.923212,1.691766
aaaaakka_s001_t001,bandwidth,80.0,naive,0,1.885667,0.750363,0.317263
aaaaakmg_s003_t001,bandwidth,80.0,naive,1,10.938408,0.999748,1.444626
aaaaakmh_s001_t000,bandwidth,80.0,naive,1,2.873515,0.868126,1.147766
aaaaaknt_s001_t000,bandwidth,80.0,naive,1,5.223603,0.977011,2.666018
aaaaakoo_s001_t001,bandwidth,80.0,naive,1,15.537973,0.999993,2.737551
aaaaakqg_s001_t001,bandwidth,80.0,naive,0,0.731493,0.546023,0.691574
aaaaakqr_s001_t000,bandwidth,80.0,naive,0,-0.865279,0.253023,0.583316
aaaaakrt_s001_t001,bandwidth,80.0,naive,1,5.611016,0.982992,1.268894
aaaaakrt_s002_t001,bandwidth,80.0,naive,1,7.304148,0.995506,2.831822
aaaaaksb_s001_t000,bandwidth,80.0,naive,0,-0.759886,0.269155,0.926061
aaaaaksu_s001_t001,bandwidth,80.0,naive,0,2.116333,0.783062,1.732684
aaaaakxz_s001_t001,bandwidth,80.0,naive,1,0.742602,0.548208,0.041828
aaaaakxz_s002_t001,bandwidth,80.0,naive,1,2.578472,0.838938,0.818665
aaaaalaf_s001_t000,bandwidth,80.0,naive,0,0.953410,0.589216,0.414564
aaaaalau_s001_t000,bandwidth,80.0,naive,1,5.484140,0.981224,2.910949
aaaaalbh_s001_t000,bandwidth,80.0,naive,1,3.665233,0.925033,2.553022
aaaaalbt_s001_t001,bandwidth,80.0,naive,0,0.762031,0.552024,0.091483
aaaaalbt_s002_t000,bandwidth,80.0,naive,0,1.034607,0.604718,0.242316
aaaaalbz_s006_t000,bandwidth,80.0,naive,1,8.873326,0.998702,2.515971
aaaaalid_s001_t001,bandwidth,80.0,naive,0,6.738523,0.992978,2.038855
aaaaaljf_s001_t000,bandwidth,80.0,naive,1,4.534513,0.960933,1.951746
aaaaaljj_s001_t000,bandwidth,80.0,naive,0,1.628490,0.710221,0.998721
aaaaallc_s001_t001,bandwidth,80.0,naive,0,2.213832,0.795918,1.550078
aaaaalle_s002_t000,bandwidth,80.0,naive,1,1.818847,0.740298,1.288883
aaaaalox_s001_t001,bandwidth,80.0,naive,0,6.378263,0.990676,6.457875
aaaaalpv_s001_t000,bandwidth,80.0,naive,0,0.921254,0.583026,2.224004
aaaaalqa_s001_t000,bandwidth,80.0,naive,0,1.697023,0.721285,2.785025
aaaaalqr_s001_t001,bandwidth,80.0,naive,1,2.996242,0.878882,0.200381
aaaaalqs_s001_t001,bandwidth,80.0,naive,0,-0.551186,0.302949,0.099597
aaaaalqx_s001_t000,bandwidth,80.0,naive,0,-0.652827,0.286191,0.572787
aaaaalrc_s002_t000,bandwidth,80.0,naive,1,21.755011,1.000000,0.793690
aaaaalsq_s001_t000,bandwidth,80.0,naive,0,3.328419,0.904261,0.411508
aaaaalsx_s001_t000,bandwidth,80.0,naive,1,1.991645,0.765783,1.227149
aaaaalsx_s004_t001,bandwidth,80.0,naive,1,0.315770,0.463740,0.042527
aaaaaluz_s001_t001,bandwidth,80.0,naive,0,1.172097,0.630479,0.453100
aaaaalvw_s001_t000,bandwidth,80.0,naive,0,0.406242,0.481634,1.093455
aaaaalvz_s001_t000,bandwidth,80.0,naive,1,15.229924,0.999992,2.576529
aaaaalxk_s001_t000,bandwidth,80.0,naive,0,2.926386,0.872855,0.280356
aaaaalyr_s001_t000,bandwidth,80.0,naive,1,2.819973,0.863185,0.585805
aaaaalzk_s002_t001,bandwidth,80.0,naive,1,11.725856,0.999865,5.863468
aaaaamcb_s001_t001,bandwidth,80.0,naive,1,10.094816,0.999507,2.584136
aaaaamfe_s001_t001,bandwidth,80.0,naive,0,4.671521,0.964816,0.917091
aaaaamft_s001_t001,bandwidth,80.0,naive,1,3.150560,0.891325,0.218416
aaaaamfu_s001_t000,bandwidth,80.0,naive,0,2.744891,0.855995,0.658261
aaaaamhi_s001_t000,bandwidth,80.0,naive,1,10.064708,0.999495,5.723663
aaaaamhk_s001_t000,bandwidth,80.0,naive,1,3.019885,0.880865,0.207591
aaaaamjc_s001_t001,bandwidth,80.0,naive,1,8.525038,0.998290,1.008197
aaaaammh_s001_t001,bandwidth,80.0,naive,1,2.752083,0.856697,0.469357
aaaaamnq_s001_t000,bandwidth,80.0,naive,1,9.188285,0.998989,6.767721
aaaaamnq_s002_t000,bandwidth,80.0,naive,1,7.084481,0.994655,1.932750
aaaaamon_s001_t000,bandwidth,80.0,naive,0,2.814935,0.862712,3.937877
aaaaampz_s001_t000,bandwidth,80.0,naive,1,2.985709,0.877989,1.298707
aaaaamrj_s001_t000,bandwidth,80.0,naive,0,1.581451,0.702478,0.654342
aaaaamsc_s001_t000,bandwidth,80.0,naive,1,4.274912,0.952421,4.613108
aaaaamtb_s001_t000,bandwidth,80.0,naive,0,6.692861,0.992721,3.461972
aaaaamuc_s001_t000,bandwidth,80.0,naive,0,-0.020171,0.398459,0.277890
aaaaamxn_s001_t000,bandwidth,80.0,naive,1,2.122214,0.783854,0.278024
aaaaamyb_s001_t001,bandwidth,80.0,naive,0,1.468001,0.683325,0.934978
aaaaamye_s001_t000,bandwidth,80.0,naive,1,11.600889,0.999851,3.076301
aaaaamzi_s001_t001,bandwidth,80.0,naive,1,8.290440,0.997941,9.188136
aaaaamzl_s001_t000,bandwidth,80.0,naive,0,-0.031478,0.396310,0.918920
aaaaamzx_s001_t000,bandwidth,80.0,naive,0,-1.898405,0.129834,3.716538
aaaaanbq_s001_t000,bandwidth,80.0,naive,0,0.697870,0.539401,0.352712
aaaaanek_s001_t000,bandwidth,80.0,naive,0,-0.128567,0.378031,0.915499
aaaaangp_s001_t000,bandwidth,80.0,naive,0,0.403352,0.481061,0.653202
aaaaanhb_s001_t003,bandwidth,80.0,naive,1,4.115309,0.946341,2.346594
aaaaanhb_s003_t001,bandwidth,80.0,naive,1,4.534717,0.960939,0.874617
aaaaanhb_s005_t000,bandwidth,80.0,naive,1,6.418432,0.990966,1.237564
aaaaankf_s001_t000,bandwidth,80.0,naive,1,8.428539,0.998154,1.597327
aaaaanlp_s001_t000,bandwidth,80.0,naive,0,1.274331,0.649172,0.356563
aaaaanmc_s001_t000,bandwidth,80.0,naive,1,5.530851,0.981895,4.788546
aaaaanop_s001_t000,bandwidth,80.0,naive,0,3.356499,0.906173,4.221674
aaaaanoz_s001_t000,bandwidth,80.0,naive,1,2.261525,0.801997,0.350807
aaaaanpr_s001_t002,bandwidth,80.0,naive,1,2.899223,0.870444,1.908425
aaaaanqe_s001_t000,bandwidth,80.0,naive,0,1.516975,0.691675,0.219239
aaaaanro_s001_t000,bandwidth,80.0,naive,1,6.298351,0.990072,2.971099
aaaaansj_s001_t000,bandwidth,80.0,naive,1,3.855535,0.934856,1.504675
aaaaanta_s001_t000,bandwidth,80.0,naive,1,5.718312,0.984359,1.591418
aaaaanum_s001_t000,bandwidth,80.0,naive,0,1.383667,0.668669,1.006495
aaaaanvb_s002_t000,bandwidth,80.0,naive,0,1.496051,0.688122,0.576936
aaaaanvg_s001_t002,bandwidth,80.0,naive,0,2.414293,0.820547,0.336164
aaaaanvw_s001_t000,bandwidth,80.0,naive,0,0.765904,0.552784,1.209955
aaaaanwc_s001_t001,bandwidth,80.0,naive,1,5.748774,0.984726,34.085213
aaaaanxl_s001_t000,bandwidth,80.0,naive,1,5.652281,0.983531,2.492265
aaaaanyb_s001_t001,bandwidth,80.0,naive,0,1.349336,0.662605,0.102635
aaaaanyt_s002_t000,bandwidth,80.0,naive,1,6.397884,0.990819,2.348945
aaaaanyw_s001_t000,bandwidth,80.0,naive,1,2.546032,0.835429,0.297640
aaaaanyw_s002_t000,bandwidth,80.0,naive,1,3.871556,0.935627,4.102660
aaaaanzh_s001_t000,bandwidth,80.0,naive,1,1.815016,0.739714,2.540341
aaaaanzu_s001_t003,bandwidth,80.0,naive,1,5.727334,0.984468,3.200014
aaaaaoav_s001_t000,bandwidth,80.0,naive,0,0.072898,0.416287,0.166314
aaaaaoav_s002_t000,bandwidth,80.0,naive,0,-0.850653,0.255223,1.069360
aaaaaobi_s001_t000,bandwidth,80.0,naive,1,3.891006,0.936550,4.194746
aaaaaobl_s001_t000,bandwidth,80.0,naive,0,0.839761,0.567224,0.701530
aaaaaoby_s001_t000,bandwidth,80.0,naive,0,2.917322,0.872055,8.924421
aaaaaoda_s001_t000,bandwidth,80.0,naive,1,8.092518,0.997591,3.323024
aaaaaoeg_s001_t000,bandwidth,80.0,naive,0,2.877017,0.868443,1.161847
aaaaaofj_s001_t000,bandwidth,80.0,naive,0,-0.309746,0.344864,0.587532
aaaaaofr_s001_t000,bandwidth,80.0,naive,0,1.426952,0.676234,1.038876
aaaaaofz_s001_t000,bandwidth,80.0,naive,0,1.164896,0.629146,0.632752
aaaaaohb_s001_t000,bandwidth,80.0,naive,1,6.167335,0.988996,0.675330
aaaaaohr_s002_t001,bandwidth,80.0,naive,1,6.142989,0.988783,1.480319
aaaaaoiq_s001_t000,bandwidth,80.0,naive,1,4.398846,0.956684,0.258809
aaaaaoiv_s001_t000,bandwidth,80.0,naive,1,1.979729,0.764083,0.236447
aaaaaoiv_s002_t001,bandwidth,80.0,naive,1,12.129574,0.999902,5.680902
aaaaaoiv_s003_t003,bandwidth,80.0,naive,1,9.093540,0.998910,1.298507
aaaaaojd_s001_t002,bandwidth,80.0,naive,0,1.573462,0.701152,0.549864
aaaaaokg_s001_t000,bandwidth,80.0,naive,0,5.040209,0.973505,5.972403
aaaaaoly_s001_t000,bandwidth,80.0,naive,0,1.600179,0.705575,4.555162
aaaaaome_s001_t000,bandwidth,80.0,naive,0,2.136453,0.785762,0.360094
aaaaaomx_s001_t000,bandwidth,80.0,naive,0,2.329729,0.810452,0.856510
aaaaaomy_s001_t000,bandwidth,80.0,naive,1,8.791784,0.998616,12.902036
aaaaaonb_s001_t000,bandwidth,80.0,naive,0,3.248168,0.898604,4.718530
aaaaaons_s002_t002,bandwidth,80.0,naive,1,8.735924,0.998553,1.779977
aaaaaopd_s001_t000,bandwidth,80.0,naive,0,1.213071,0.638022,1.425477
aaaaaopo_s001_t000,bandwidth,80.0,naive,0,2.179065,0.791400,1.048816
aaaaaora_s002_t000,bandwidth,80.0,naive,1,3.880899,0.936072,1.431194
aaaaaord_s001_t000,bandwidth,80.0,naive,1,3.191344,0.894420,0.705639
aaaaaosh_s001_t000,bandwidth,80.0,naive,1,4.207614,0.949941,2.135218
aaaaaosw_s001_t000,bandwidth,80.0,naive,0,2.275323,0.803730,6.386719
aaaaaote_s001_t000,bandwidth,80.0,naive,0,0.563496,0.512821,0.363593
aaaaaout_s001_t000,bandwidth,80.0,naive,1,3.895646,0.936768,3.890263
aaaaaovl_s001_t000,bandwidth,80.0,naive,1,3.418589,0.910279,0.189244
aaaaaovo_s001_t000,bandwidth,80.0,naive,1,8.503836,0.998261,1.790935
aaaaaowb_s001_t000,bandwidth,80.0,naive,0,-0.013892,0.399654,0.154854
aaaaaoxf_s001_t000,bandwidth,80.0,naive,0,-0.514040,0.309210,0.123976
aaaaaozf_s001_t001,bandwidth,80.0,naive,0,2.587480,0.839901,2.795727
aaaaapag_s001_t000,bandwidth,80.0,naive,0,2.058171,0.775119,3.722062
aaaaapar_s001_t000,bandwidth,80.0,naive,1,18.487259,0.999999,1.068656
aaaaapcb_s001_t000,bandwidth,80.0,naive,0,0.620134,0.524042,0.093005
aaaaapcy_s001_t002,bandwidth,80.0,naive,0,0.883048,0.575637,0.979315
aaaaapdg_s001_t000,bandwidth,80.0,naive,0,1.049157,0.607475,0.129728
aaaaaphs_s001_t000,bandwidth,80.0,naive,1,7.760259,0.996867,2.553249
aaaaaphw_s001_t000,bandwidth,80.0,naive,0,3.565542,0.919359,2.744935
aaaaapij_s001_t000,bandwidth,80.0,naive,0,0.108268,0.423123,0.169706
aaaaapjc_s001_t001,bandwidth,80.0,naive,0,-1.551620,0.164211,0.716342
aaaaapka_s001_t000,bandwidth,80.0,naive,0,0.411021,0.482581,1.550210
aaaaapkx_s001_t001,bandwidth,80.0,naive,1,1.355074,0.663622,1.888637
aaaaaply_s001_t001,bandwidth,80.0,naive,1,7.895366,0.997184,2.256447
aaaaapmb_s002_t001,bandwidth,80.0,naive,1,2.006395,0.767876,0.151482
aaaaapmp_s001_t000,bandwidth,80.0,naive,1,3.223344,0.896795,0.153562
aaaaapnr_s001_t000,bandwidth,80.0,naive,1,0.175068,0.436113,0.388675
aaaaapoc_s001_t000,bandwidth,80.0,naive,1,6.498693,0.991519,3.117206
aaaaapof_s001_t000,bandwidth,80.0,naive,0,0.205347,0.442031,0.337353
aaaaapoo_s001_t000,bandwidth,80.0,naive,0,1.551260,0.697447,1.403607
aaaaapoq_s001_t000,bandwidth,80.0,naive,0,4.089717,0.945300,0.351977
aaaaappb_s001_t000,bandwidth,80.0,naive,0,1.659242,0.715217,0.297900
aaaaapqd_s001_t000,bandwidth,80.0,naive,1,0.031578,0.408342,0.032119
aaaaapqv_s001_t000,bandwidth,80.0,naive,0,-1.672056,0.151511,0.558197
aaaaapta_s001_t000,bandwidth,80.0,naive,1,7.140070,0.994884,6.465194
aaaaapth_s001_t000,bandwidth,80.0,naive,1,1.994833,0.766236,0.537926
aaaaapua_s001_t001,bandwidth,80.0,naive,0,0.535532,0.507276,0.460349
aaaaapuu_s001_t000,bandwidth,80.0,naive,0,0.717090,0.543189,0.473708
aaaaapvw_s001_t001,bandwidth,80.0,naive,1,6.470558,0.991329,1.745640
aaaaapvy_s001_t000,bandwidth,80.0,naive,1,2.545783,0.835402,0.323388
aaaaapwn_s001_t001,bandwidth,80.0,naive,0,0.581371,0.516365,7.469019
aaaaapwo_s001_t001,bandwidth,80.0,naive,1,11.751862,0.999868,4.630040
aaaaapxm_s001_t001,bandwidth,80.0,naive,0,1.092100,0.615570,0.855253
aaaaapys_s001_t001,bandwidth,80.0,naive,1,16.592342,0.999997,0.380910
aaaaapys_s002_t001,bandwidth,80.0,naive,1,10.792288,0.999717,0.782107
