rec_id,axis,severity,arm,label,logit,prob,var_logit
aaaaaayx_s002_t000,broadband,-5.0,canonicalized,0,2.192573,0.885627,0.142311
aaaaabdo_s003_t000,broadband,-5.0,canonicalized,1,2.365376,0.901314,0.087873
aaaaabsk_s007_t000,broadband,-5.0,canonicalized,1,2.130763,0.879508,0.057643
aaaaabuv_s002_t000,broadband,-5.0,canonicalized,1,1.991354,0.864667,0.139048
aaaaacad_s003_t000,broadband,-5.0,canonicalized,0,2.181262,0.884528,0.070713
aaaaacby_s004_t000,broadband,-5.0,canonicalized,0,2.327313,0.898032,0.102983
aaaaaddm_s006_t000,broadband,-5.0,canonicalized,1,2.474434,0.910201,0.186530
aaaaadeu_s002_t000,broadband,-5.0,canonicalized,1,2.502479,0.912367,0.047057
aaaaadjk_s002_t000,broadband,-5.0,canonicalized,0,2.329409,0.898215,0.132188
aaaaadkb_s002_t000,broadband,-5.0,canonicalized,1,2.420166,0.905873,0.057282
aaaaadsm_s002_t001,broadband,-5.0,canonicalized,0,2.203136,0.886645,0.007716
aaaaaeab_s003_t000,broadband,-5.0,canonicalized,0,1.911324,0.855468,0.123249
aaaaaejc_s003_t001,broadband,-5.0,canonicalized,0,2.035912,0.869571,0.065918
aaaaaezn_s003_t001,broadband,-5.0,canonicalized,1,2.423853,0.906172,0.058929
aaaaafhl_s003_t000,broadband,-5.0,canonicalized,1,2.398740,0.904113,0.050627
aaaaagfk_s003_t000,broadband,-5.0,canonicalized,0,1.888477,0.852749,0.306680
aaaaagsc_s003_t001,broadband,-5.0,canonicalized,1,2.594605,0.919153,0.038466
aaaaagsc_s006_t001,broadband,-5.0,canonicalized,1,2.271075,0.893006,0.033530
aaaaaguk_s002_t001,broadband,-5.0,canonicalized,0,1.959574,0.861075,0.085157
aaaaagvx_s002_t000,broadband,-5.0,canonicalized,1,2.053777,0.871494,0.066822
aaaaagvx_s003_t001,broadband,-5.0,canonicalized,1,2.475668,0.910297,0.101270
aaaaagyr_s002_t000,broadband,-5.0,canonicalized,1,2.106095,0.876989,0.265286
aaaaahie_s005_t001,broadband,-5.0,canonicalized,1,2.708939,0.926907,0.174034
aaaaahsv_s002_t000,broadband,-5.0,canonicalized,0,2.154915,0.881932,0.145904
aaaaahte_s002_t000,broadband,-5.0,canonicalized,1,2.634480,0.921939,0.069292
aaaaahte_s003_t000,broadband,-5.0,canonicalized,1,2.656276,0.923424,0.088600
aaaaahuy_s002_t000,broadband,-5.0,canonicalized,1,2.241050,0.890235,0.100597
aaaaahzi_s001_t000,broadband,-5.0,canonicalized,0,2.064286,0.872615,0.431651
aaaaahzm_s001_t001,broadband,-5.0,canonicalized,0,2.137173,0.880156,0.158381
aaaaahzq_s001_t000,broadband,-5.0,canonicalized,0,2.287938,0.894536,0.069106
aaaaahzs_s001_t001,broadband,-5.0,canonicalized,0,1.872133,0.850778,0.106263
aaaaaiae_s001_t000,broadband,-5.0,canonicalized,0,2.420735,0.905919,0.043690
aaaaaibx_s001_t000,broadband,-5.0,canonicalized,0,2.610747,0.920291,0.049248
aaaaaiby_s001_t000,broadband,-5.0,canonicalized,0,2.127324,0.879160,0.044340
aaaaaici_s001_t000,broadband,-5.0,canonicalized,0,2.040946,0.870115,0.071152
aaaaaicn_s001_t000,broadband,-5.0,canonicalized,0,2.315810,0.897021,0.119783
aaaaaijh_s002_t000,broadband,-5.0,canonicalized,1,2.274655,0.893333,0.054640
aaaaaijn_s001_t001,broadband,-5.0,canonicalized,0,2.101094,0.876472,0.074044
aaaaairb_s001_t001,broadband,-5.0,canonicalized,0,2.491695,0.911540,0.050126
aaaaairo_s001_t000,broadband,-5.0,canonicalized,0,1.690018,0.827318,0.247586
aaaaaitt_s001_t000,broadband,-5.0,canonicalized,0,2.548317,0.915805,0.057382
aaaaaiue_s004_t000,broadband,-5.0,canonicalized,1,2.130879,0.879520,0.020017
aaaaaiuo_s002_t000,broadband,-5.0,canonicalized,0,2.579455,0.918071,0.142605
aaaaaiwz_s001_t001,broadband,-5.0,canonicalized,0,1.831100,0.845732,0.087831
aaaaaiyy_s001_t001,broadband,-5.0,canonicalized,0,1.816448,0.843897,0.053226
aaaaaizd_s001_t001,broadband,-5.0,canonicalized,0,2.196405,0.885997,0.263184
aaaaaizs_s001_t000,broadband,-5.0,canonicalized,0,2.264497,0.892404,0.134268
aaaaajae_s001_t001,broadband,-5.0,canonicalized,0,2.336303,0.898816,0.160793
aaaaajah_s002_t001,broadband,-5.0,canonicalized,1,1.958450,0.860946,0.027964
aaaaajah_s004_t000,broadband,-5.0,canonicalized,1,2.393429,0.903672,0.136461
aaaaajal_s001_t001,broadband,-5.0,canonicalized,0,1.806924,0.842695,0.113860
aaaaajam_s001_t000,broadband,-5.0,canonicalized,1,2.128282,0.879257,0.064454
aaaaajar_s001_t001,broadband,-5.0,canonicalized,0,2.009595,0.866693,0.042205
aaaaajbb_s001_t000,broadband,-5.0,canonicalized,0,2.420012,0.905860,0.095694
aaaaajbh_s002_t000,broadband,-5.0,canonicalized,0,2.088524,0.875166,0.084906
aaaaajce_s001_t000,broadband,-5.0,canonicalized,0,2.316200,0.897056,0.323225
aaaaajci_s001_t000,broadband,-5.0,canonicalized,0,2.339357,0.899081,0.063996
aaaaajck_s001_t000,broadband,-5.0,canonicalized,0,1.871864,0.850745,0.359082
aaaaajct_s001_t000,broadband,-5.0,canonicalized,0,2.365206,0.901299,0.044480
aaaaajcu_s001_t000,broadband,-5.0,canonicalized,0,2.289050,0.894636,0.412247
aaaaajda_s001_t000,broadband,-5.0,canonicalized,0,1.935007,0.858243,0.341256
aaaaajdb_s001_t000,broadband,-5.0,canonicalized,0,2.559882,0.916653,0.024287
aaaaajdv_s001_t000,broadband,-5.0,canonicalized,0,1.991366,0.864668,0.659251
aaaaajdy_s001_t000,broadband,-5.0,canonicalized,0,2.197277,0.886081,0.358185
aaaaajdz_s001_t000,broadband,-5.0,canonicalized,0,2.075076,0.873756,0.147382
aaaaajea_s001_t000,broadband,-5.0,canonicalized,0,2.524217,0.914013,0.192101
aaaaajen_s001_t000,broadband,-5.0,canonicalized,0,2.199409,0.886287,0.522088
aaaaajey_s001_t000,broadband,-5.0,canonicalized,0,2.068954,0.873109,0.027377
aaaaajfb_s001_t000,broadband,-5.0,canonicalized,0,2.247397,0.890826,0.205467
aaaaajfe_s001_t000,broadband,-5.0,canonicalized,0,1.785530,0.839967,0.249198
aaaaajff_s001_t000,broadband,-5.0,canonicalized,0,1.829131,0.845487,0.099902
aaaaajfi_s001_t001,broadband,-5.0,canonicalized,0,2.053254,0.871439,0.062623
aaaaajfn_s001_t001,broadband,-5.0,canonicalized,0,2.267746,0.892702,0.087806
aaaaajfy_s001_t000,broadband,-5.0,canonicalized,0,2.213120,0.887600,0.101879
aaaaajga_s001_t001,broadband,-5.0,canonicalized,0,2.383535,0.902846,0.033684
aaaaajhy_s001_t000,broadband,-5.0,canonicalized,0,2.667902,0.924206,0.074683
aaaaajit_s001_t001,broadband,-5.0,canonicalized,0,1.794092,0.841063,0.104883
aaaaajiu_s001_t000,broadband,-5.0,canonicalized,0,2.051534,0.871254,0.162768
aaaaajiy_s001_t001,broadband,-5.0,canonicalized,0,1.956777,0.860755,0.128302
aaaaajiz_s001_t000,broadband,-5.0,canonicalized,0,2.273626,0.893239,0.223397
aaaaajjb_s001_t001,broadband,-5.0,canonicalized,0,2.476353,0.910351,0.031634
aaaaajje_s001_t000,broadband,-5.0,canonicalized,0,2.126787,0.879105,0.296966
aaaaajjk_s001_t000,broadband,-5.0,canonicalized,0,2.123111,0.878731,0.339241
aaaaajna_s001_t000,broadband,-5.0,canonicalized,0,2.398812,0.904119,0.194302
aaaaajnu_s001_t000,broadband,-5.0,canonicalized,0,2.398085,0.904058,0.052205
aaaaajon_s001_t000,broadband,-5.0,canonicalized,0,2.323212,0.897673,0.079576
aaaaajoo_s002_t001,broadband,-5.0,canonicalized,1,2.552896,0.916142,0.040217
aaaaajpg_s001_t001,broadband,-5.0,canonicalized,0,2.051362,0.871236,0.047823
aaaaajqh_s004_t000,broadband,-5.0,canonicalized,1,2.278339,0.893667,0.065393
aaaaajqk_s003_t001,broadband,-5.0,canonicalized,1,2.125502,0.878975,0.078758
aaaaajrf_s001_t000,broadband,-5.0,canonicalized,1,2.416156,0.905545,0.194339
aaaaajrf_s002_t000,broadband,-5.0,canonicalized,1,2.400108,0.904226,0.116263
aaaaajrf_s003_t002,broadband,-5.0,canonicalized,1,2.693943,0.925930,0.050995
aaaaajrf_s004_t000,broadband,-5.0,canonicalized,1,2.512767,0.913149,0.064545
aaaaajso_s001_t000,broadband,-5.0,canonicalized,1,2.658455,0.923571,0.094969
aaaaajtg_s001_t000,broadband,-5.0,canonicalized,0,2.545750,0.915616,0.129968
aaaaajtu_s001_t000,broadband,-5.0,canonicalized,0,2.556276,0.916390,0.055472
aaaaajuh_s001_t000,broadband,-5.0,canonicalized,1,2.255093,0.891539,0.144099
aaaaajun_s001_t000,broadband,-5.0,canonicalized,0,2.337023,0.898878,0.096607
aaaaajvh_s001_t001,broadband,-5.0,canonicalized,0,2.667895,0.924205,0.086514
aaaaajxp_s001_t000,broadband,-5.0,canonicalized,0,1.895079,0.853539,0.076803
aaaaakck_s001_t001,broadband,-5.0,canonicalized,1,2.382518,0.902761,0.131561
aaaaakcx_s001_t001,broadband,-5.0,canonicalized,1,2.809202,0.933136,0.070842
aaaaakcy_s005_t001,broadband,-5.0,canonicalized,1,2.661065,0.923747,0.121476
aaaaakdj_s001_t000,broadband,-5.0,canonicalized,1,2.597208,0.919337,0.085554
aaaaakdo_s001_t000,broadband,-5.0,canonicalized,1,2.105172,0.876893,0.088690
aaaaakeq_s001_t000,broadband,-5.0,canonicalized,1,2.462748,0.909284,0.087253
aaaaakeq_s002_t000,broadband,-5.0,canonicalized,1,1.803965,0.842320,0.195956
aaaaakeq_s003_t000,broadband,-5.0,canonicalized,1,2.449214,0.908212,0.056442
aaaaakev_s001_t001,broadband,-5.0,canonicalized,1,2.359530,0.900816,0.070665
aaaaakev_s002_t000,broadband,-5.0,canonicalized,1,2.169798,0.883405,0.516122
aaaaakft_s001_t000,broadband,-5.0,canonicalized,0,2.288450,0.894582,0.103830
aaaaakgp_s001_t001,broadband,-5.0,canonicalized,0,2.455777,0.908734,0.074363
aaaaakgu_s001_t000,broadband,-5.0,canonicalized,1,2.054519,0.871574,0.145040
aaaaakjk_s002_t002,broadband,-5.0,canonicalized,1,2.387448,0.903173,0.055291
aaaaakjk_s003_t000,broadband,-5.0,canonicalized,1,2.223175,0.888555,0.038641
aaaaakka_s001_t001,broadband,-5.0,canonicalized,0,1.831234,0.845749,0.174478
aaaaakmg_s003_t001,broadband,-5.0,canonicalized,1,2.188392,0.885222,0.009732
aaaaakmh_s001_t000,broadband,-5.0,canonicalized,1,2.133557,0.879791,0.291015
aaaaaknt_s001_t000,broadband,-5.0,canonicalized,1,2.451712,0.908411,0.070445
aaaaakoo_s001_t001,broadband,-5.0,canonicalized,1,2.426656,0.906400,0.064875
aaaaakqg_s001_t001,broadband,-5.0,canonicalized,0,1.997570,0.865360,0.190484
aaaaakqr_s001_t000,broadband,-5.0,canonicalized,0,2.426114,0.906356,0.086142
aaaaakrt_s001_t001,broadband,-5.0,canonicalized,1,2.604696,0.919866,0.144045
aaaaakrt_s002_t001,broadband,-5.0,canonicalized,1,2.317440,0.897165,0.112523
aaaaaksb_s001_t000,broadband,-5.0,canonicalized,0,2.248957,0.890971,0.136293
aaaaaksu_s001_t001,broadband,-5.0,canonicalized,0,2.095496,0.875892,0.084008
aaaaakxz_s001_t001,broadband,-5.0,canonicalized,1,2.476676,0.910376,0.118239
aaaaakxz_s002_t001,broadband,-5.0,canonicalized,1,2.691483,0.925769,0.065278
aaaaalaf_s001_t000,broadband,-5.0,canonicalized,0,1.821541,0.844537,0.087271
aaaaalau_s001_t000,broadband,-5.0,canonicalized,1,2.416194,0.905549,0.082441
aaaaalbh_s001_t000,broadband,-5.0,canonicalized,1,2.498300,0.912047,0.164286
aaaaalbt_s001_t001,broadband,-5.0,canonicalized,0,1.961270,0.861268,0.131525
aaaaalbt_s002_t000,broadband,-5.0,canonicalized,0,2.179128,0.884319,0.284683
aaaaalbz_s006_t000,broadband,-5.0,canonicalized,1,2.354716,0.900404,0.106067
aaaaalid_s001_t001,broadband,-5.0,canonicalized,0,2.427350,0.906456,0.153438
aaaaaljf_s001_t000,broadband,-5.0,canonicalized,1,2.186112,0.885000,0.377232
aaaaaljj_s001_t000,broadband,-5.0,canonicalized,0,1.355695,0.776842,0.228673
aaaaallc_s001_t001,broadband,-5.0,canonicalized,0,2.291656,0.894870,0.056242
aaaaalle_s002_t000,broadband,-5.0,canonicalized,1,2.430592,0.906718,0.116000
aaaaalox_s001_t001,broadband,-5.0,canonicalized,0,2.326169,0.897932,0.055766
aaaaalpv_s001_t000,broadband,-5.0,canonicalized,0,1.808022,0.842834,0.322242
aaaaalqa_s001_t000,broadband,-5.0,canonicalized,0,2.091804,0.875508,0.111664
aaaaalqr_s001_t001,broadband,-5.0,canonicalized,1,2.246737,0.890764,0.057463
aaaaalqs_s001_t001,broadband,-5.0,canonicalized,0,2.015424,0.867335,0.097517
aaaaalqx_s001_t000,broadband,-5.0,canonicalized,0,2.337702,0.898937,0.382259
aaaaalrc_s002_t000,broadband,-5.0,canonicalized,1,3.086633,0.947892,0.101543
aaaaalsq_s001_t000,broadband,-5.0,canonicalized,0,2.547713,0.915761,0.058152
aaaaalsx_s001_t000,broadband,-5.0,canonicalized,1,2.363234,0.901132,0.283206
aaaaalsx_s004_t001,broadband,-5.0,canonicalized,1,1.981473,0.863559,0.096655
aaaaaluz_s001_t001,broadband,-5.0,canonicalized,0,1.333607,0.773163,0.105224
aaaaalvw_s001_t000,broadband,-5.0,canonicalized,0,2.276992,0.893545,0.390891
aaaaalvz_s001_t000,broadband,-5.0,canonicalized,1,2.342311,0.899337,0.071846
aaaaalxk_s001_t000,broadband,-5.0,canonicalized,0,2.531388,0.914550,0.094884
aaaaalyr_s001_t000,broadband,-5.0,canonicalized,1,2.376045,0.902217,0.487556
aaaaalzk_s002_t001,broadband,-5.0,canonicalized,1,2.678445,0.924908,0.069982
aaaaamcb_s001_t001,broadband,-5.0,canonicalized,1,2.765077,0.930458,0.047915
aaaaamfe_s001_t001,broadband,-5.0,canonicalized,0,2.268460,0.892767,0.206004
aaaaamft_s001_t001,broadband,-5.0,canonicalized,1,2.101410,0.876505,0.169614
aaaaamfu_s001_t000,broadband,-5.0,canonicalized,0,2.206445,0.886962,0.093333
aaaaamhi_s001_t000,broadband,-5.0,canonicalized,1,2.331388,0.898388,0.030786
aaaaamhk_s001_t000,broadband,-5.0,canonicalized,1,2.234271,0.889600,0.064811
aaaaamjc_s001_t001,broadband,-5.0,canonicalized,1,2.533876,0.914735,0.047650
aaaaammh_s001_t001,broadband,-5.0,canonicalized,1,2.355054,0.900433,0.038601
aaaaamnq_s001_t000,broadband,-5.0,canonicalized,1,2.686548,0.925444,0.028743
aaaaamnq_s002_t000,broadband,-5.0,canonicalized,1,2.454624,0.908642,0.026143
aaaaamon_s001_t000,broadband,-5.0,canonicalized,0,2.213922,0.887676,0.260767
aaaaampz_s001_t000,broadband,-5.0,canonicalized,1,2.540873,0.915255,0.113223
aaaaamrj_s001_t000,broadband,-5.0,canonicalized,0,2.424856,0.906254,0.175864
aaaaamsc_s001_t000,broadband,-5.0,canonicalized,1,2.500319,0.912202,0.048536
aaaaamtb_s001_t000,broadband,-5.0,canonicalized,0,2.617144,0.920738,0.051763
aaaaamuc_s001_t000,broadband,-5.0,canonicalized,0,2.300306,0.895645,0.028224
aaaaamxn_s001_t000,broadband,-5.0,canonicalized,1,2.051200,0.871218,0.096253
aaaaamyb_s001_t001,broadband,-5.0,canonicalized,0,2.376473,0.902253,0.093521
aaaaamye_s001_t000,broadband,-5.0,canonicalized,1,2.746198,0.929282,0.064667
aaaaamzi_s001_t001,broadband,-5.0,canonicalized,1,2.545671,0.915610,0.037594
aaaaamzl_s001_t000,broadband,-5.0,canonicalized,0,2.314843,0.896936,0.075383
aaaaamzx_s001_t000,broadband,-5.0,canonicalized,0,1.932215,0.857919,0.200768
aaaaanbq_s001_t000,broadband,-5.0,canonicalized,0,2.294983,0.895169,0.094209
aaaaanek_s001_t000,broadband,-5.0,canonicalized,0,1.507314,0.800943,0.172610
aaaaangp_s001_t000,broadband,-5.0,canonicalized,0,2.238936,0.890037,0.123897
aaaaanhb_s001_t003,broadband,-5.0,canonicalized,1,2.032015,0.869148,0.156559
aaaaanhb_s003_t001,broadband,-5.0,canonicalized,1,2.268534,0.892774,0.060034
aaaaanhb_s005_t000,broadband,-5.0,canonicalized,1,2.697983,0.926194,0.078945
aaaaankf_s001_t000,broadband,-5.0,canonicalized,1,2.555398,0.916325,0.087844
aaaaanlp_s001_t000,broadband,-5.0,canonicalized,0,2.176674,0.884079,0.066757
aaaaanmc_s001_t000,broadband,-5.0,canonicalized,1,2.634030,0.921908,0.137615
aaaaanop_s001_t000,broadband,-5.0,canonicalized,0,2.416114,0.905542,0.064470
aaaaanoz_s001_t000,broadband,-5.0,canonicalized,1,2.450874,0.908344,0.221021
aaaaanpr_s001_t002,broadband,-5.0,canonicalized,1,2.268011,0.892726,0.066132
aaaaanqe_s001_t000,broadband,-5.0,canonicalized,0,1.977072,0.863062,0.661318
aaaaanro_s001_t000,broadband,-5.0,canonicalized,1,2.590078,0.918831,0.111226
aaaaansj_s001_t000,broadband,-5.0,canonicalized,1,2.276138,0.893467,0.044243
aaaaanta_s001_t000,broadband,-5.0,canonicalized,1,2.311146,0.896609,0.159031
aaaaanum_s001_t000,broadband,-5.0,canonicalized,0,2.298362,0.895471,0.066178
aaaaanvb_s002_t000,broadband,-5.0,canonicalized,0,2.308387,0.896364,0.008537
aaaaanvg_s001_t002,broadband,-5.0,canonicalized,0,1.680652,0.826036,0.086842
aaaaanvw_s001_t000,broadband,-5.0,canonicalized,0,1.917112,0.856151,0.146398
aaaaanwc_s001_t001,broadband,-5.0,canonicalized,1,2.170994,0.883522,0.107494
aaaaanxl_s001_t000,broadband,-5.0,canonicalized,1,2.433092,0.906920,0.120165
aaaaanyb_s001_t001,broadband,-5.0,canonicalized,0,1.528384,0.804133,0.101418
aaaaanyt_s002_t000,broadband,-5.0,canonicalized,1,4.719779,0.988582,0.285092
aaaaanyw_s001_t000,broadband,-5.0,canonicalized,1,2.356706,0.900575,0.052681
aaaaanyw_s002_t000,broadband,-5.0,canonicalized,1,2.425786,0.906329,0.117816
aaaaanzh_s001_t000,broadband,-5.0,canonicalized,1,1.755729,0.836103,0.405991
aaaaanzu_s001_t003,broadband,-5.0,canonicalized,1,2.348336,0.899856,0.150616
aaaaaoav_s001_t000,broadband,-5.0,canonicalized,0,1.908882,0.855180,0.304924
aaaaaoav_s002_t000,broadband,-5.0,canonicalized,0,2.248698,0.890946,0.087446
aaaaaobi_s001_t000,broadband,-5.0,canonicalized,1,2.404964,0.904627,0.061909
aaaaaobl_s001_t000,broadband,-5.0,canonicalized,0,2.475539,0.910287,0.144451
aaaaaoby_s001_t000,broadband,-5.0,canonicalized,0,2.503652,0.912456,0.079020
aaaaaoda_s001_t000,broadband,-5.0,canonicalized,1,2.003227,0.865989,0.218739
aaaaaoeg_s001_t000,broadband,-5.0,canonicalized,0,2.490513,0.911449,0.143427
aaaaaofj_s001_t000,broadband,-5.0,canonicalized,0,2.425126,0.906276,0.097467
aaaaaofr_s001_t000,broadband,-5.0,canonicalized,0,2.635514,0.922010,0.029992
aaaaaofz_s001_t000,broadband,-5.0,canonicalized,0,2.214660,0.887747,0.186815
aaaaaohb_s001_t000,broadband,-5.0,canonicalized,1,2.306635,0.896209,0.048312
aaaaaohr_s002_t001,broadband,-5.0,canonicalized,1,2.260744,0.892060,0.125939
aaaaaoiq_s001_t000,broadband,-5.0,canonicalized,1,2.044842,0.870536,0.063342
aaaaaoiv_s001_t000,broadband,-5.0,canonicalized,1,1.794507,0.841116,0.019441
aaaaaoiv_s002_t001,broadband,-5.0,canonicalized,1,2.603112,0.919755,0.071239
aaaaaoiv_s003_t003,broadband,-5.0,canonicalized,1,2.800313,0.932605,0.088205
aaaaaojd_s001_t002,broadband,-5.0,canonicalized,0,1.678504,0.825741,0.116416
aaaaaokg_s001_t000,broadband,-5.0,canonicalized,0,2.386159,0.903066,0.038312
aaaaaoly_s001_t000,broadband,-5.0,canonicalized,0,2.418973,0.905775,0.126198
aaaaaome_s001_t000,broadband,-5.0,canonicalized,0,2.124366,0.878859,0.011604
aaaaaomx_s001_t000,broadband,-5.0,canonicalized,0,2.185312,0.884922,0.119944
aaaaaomy_s001_t000,broadband,-5.0,canonicalized,1,2.327665,0.898063,0.157711
aaaaaonb_s001_t000,broadband,-5.0,canonicalized,0,2.604339,0.919841,0.048077
aaaaaons_s002_t002,broadband,-5.0,canonicalized,1,2.545369,0.915588,0.095233
aaaaaopd_s001_t000,broadband,-5.0,canonicalized,0,2.522081,0.913853,0.032125
aaaaaopo_s001_t000,broadband,-5.0,canonicalized,0,2.259115,0.891910,0.071409
aaaaaora_s002_t000,broadband,-5.0,canonicalized,1,2.390825,0.903455,0.074337
aaaaaord_s001_t000,broadband,-5.0,canonicalized,1,2.320810,0.897462,0.064885
aaaaaosh_s001_t000,broadband,-5.0,canonicalized,1,2.388421,0.903255,0.083795
aaaaaosw_s001_t000,broadband,-5.0,canonicalized,0,2.432999,0.906913,0.106409
aaaaaote_s001_t000,broadband,-5.0,canonicalized,0,1.881137,0.851866,0.150004
aaaaaout_s001_t000,broadband,-5.0,canonicalized,1,2.257308,0.891743,0.190736
aaaaaovl_s001_t000,broadband,-5.0,canonicalized,1,2.474586,0.910213,0.137906
aaaaaovo_s001_t000,broadband,-5.0,canonicalized,1,2.507345,0.912738,0.048816
aaaaaowb_s001_t000,broadband,-5.0,canonicalized,0,3.670075,0.969477,0.471273
aaaaaoxf_s001_t000,broadband,-5.0,canonicalized,0,2.071436,0.873372,0.119023
aaaaaozf_s001_t001,broadband,-5.0,canonicalized,0,2.247052,0.890794,0.065641
aaaaapag_s001_t000,broadband,-5.0,canonicalized,0,2.166163,0.883046,0.167001
aaaaapar_s001_t000,broadband,-5.0,canonicalized,1,2.911845,0.939000,0.037326
aaaaapcb_s001_t000,broadband,-5.0,canonicalized,0,2.380901,0.902625,0.011260
aaaaapcy_s001_t002,broadband,-5.0,canonicalized,0,2.027303,0.868635,0.048415
aaaaapdg_s001_t000,broadband,-5.0,canonicalized,0,2.404817,0.904615,0.063818
aaaaaphs_s001_t000,broadband,-5.0,canonicalized,1,1.960257,0.861153,0.324978
aaaaaphw_s001_t000,broadband,-5.0,canonicalized,0,2.388637,0.903273,0.056714
aaaaapij_s001_t000,broadband,-5.0,canonicalized,0,2.327955,0.898088,0.031631
aaaaapjc_s001_t001,broadband,-5.0,canonicalized,0,2.295253,0.895193,0.055781
aaaaapka_s001_t000,broadband,-5.0,canonicalized,0,2.000905,0.865731,0.111750
aaaaapkx_s001_t001,broadband,-5.0,canonicalized,1,2.212920,0.887581,0.122206
aaaaaply_s001_t001,broadband,-5.0,canonicalized,1,2.381552,0.902680,0.079260
aaaaapmb_s002_t001,broadband,-5.0,canonicalized,1,2.315526,0.896996,0.030001
aaaaapmp_s001_t000,broadband,-5.0,canonicalized,1,2.214259,0.887709,0.079944
aaaaapnr_s001_t000,broadband,-5.0,canonicalized,1,2.095975,0.875942,0.053268
aaaaapoc_s001_t000,broadband,-5.0,canonicalized,1,1.916370,0.856064,0.327054
aaaaapof_s001_t000,broadband,-5.0,canonicalized,0,2.276587,0.893508,0.313538
aaaaapoo_s001_t000,broadband,-5.0,canonicalized,0,2.560985,0.916734,0.359083
aaaaapoq_s001_t000,broadband,-5.0,canonicalized,0,2.147821,0.881225,0.528588
aaaaappb_s001_t000,broadband,-5.0,canonicalized,0,2.135094,0.879946,0.183038
aaaaapqd_s001_t000,broadband,-5.0,canonicalized,1,2.349383,0.899946,0.157385
aaaaapqv_s001_t000,broadband,-5.0,canonicalized,0,2.384722,0.902945,0.177401
aaaaapta_s001_t000,broadband,-5.0,canonicalized,1,2.444193,0.907812,0.025396
aaaaapth_s001_t000,broadband,-5.0,canonicalized,1,2.284408,0.894217,0.063213
aaaaapua_s001_t001,broadband,-5.0,canonicalized,0,1.638369,0.820155,0.120844
aaaaapuu_s001_t000,broadband,-5.0,canonicalized,0,2.278878,0.893716,0.169887
aaaaapvw_s001_t001,broadband,-5.0,canonicalized,1,2.169226,0.883348,0.354188
aaaaapvy_s001_t000,broadband,-5.0,canonicalized,1,2.266346,0.892574,0.075688
aaaaapwn_s001_t001,broadband,-5.0,canonicalized,0,2.066879,0.872890,0.090416
aaaaapwo_s001_t001,broadband,-5.0,canonicalized,1,2.970945,0.942155,0.033221
aaaaapxm_s001_t001,broadband,-5.0,canonicalized,0,1.534541,0.805058,0.104808
aaaaapys_s001_t001,broadband,-5.0,canonicalized,1,2.696240,0.926080,0.023673
aaaaapys_s002_t001,broadband,-5.0,canonicalized,1,2.719429,0.927583,0.075847
aaaaaayx_s002_t000,broadband,-5.0,naive,0,2.192573,0.885627,0.142311
aaaaabdo_s003_t000,broadband,-5.0,naive,1,2.365376,0.901314,0.087873
aaaaabsk_s007_t000,broadband,-5.0,naive,1,2.130763,0.879508,0.057643
aaaaabuv_s002_t000,broadband,-5.0,naive,1,1.991354,0.864667,0.139048
aaaaacad_s003_t000,broadband,-5.0,naive,0,2.181262,0.884528,0.070713
aaaaacby_s004_t000,broadband,-5.0,naive,0,2.327313,0.898032,0.102983
aaaaaddm_s006_t000,broadband,-5.0,naive,1,2.474434,0.910201,0.186530
aaaaadeu_s002_t000,broadband,-5.0,naive,1,2.502479,0.912367,0.047057
aaaaadjk_s002_t000,broadband,-5.0,naive,0,2.329409,0.898215,0.132188
aaaaadkb_s002_t000,broadband,-5.0,naive,1,2.420166,0.905873,0.057282
aaaaadsm_s002_t001,broadband,-5.0,naive,0,2.203136,0.886645,0.007716
aaaaaeab_s003_t000,broadband,-5.0,naive,0,1.911324,0.855468,0.123249
aaaaaejc_s003_t001,broadband,-5.0,naive,0,2.035912,0.869571,0.065918
aaaaaezn_s003_t001,broadband,-5.0,naive,1,2.423853,0.906172,0.058929
aaaaafhl_s003_t000,broadband,-5.0,naive,1,2.398740,0.904113,0.050627
aaaaagfk_s003_t000,broadband,-5.0,naive,0,1.888477,0.852749,0.306680
aaaaagsc_s003_t001,broadband,-5.0,naive,1,2.594605,0.919153,0.038466
aaaaagsc_s006_t001,broadband,-5.0,naive,1,2.271075,0.893006,0.033530
aaaaaguk_s002_t001,broadband,-5.0,naive,0,1.959574,0.861075,0.085157
aaaaagvx_s002_t000,broadband,-5.0,naive,1,2.053777,0.871494,0.066822
aaaaagvx_s003_t001,broadband,-5.0,naive,1,2.475668,0.910297,0.101270
aaaaagyr_s002_t000,broadband,-5.0,naive,1,2.106095,0.876989,0.265286
aaaaahie_s005_t001,broadband,-5.0,naive,1,2.708939,0.926907,0.174034
aaaaahsv_s002_t000,broadband,-5.0,naive,0,2.154915,0.881932,0.145904
aaaaahte_s002_t000,broadband,-5.0,naive,1,2.634480,0.921939,0.069292
aaaaahte_s003_t000,broadband,-5.0,naive,1,2.656276,0.923424,0.088600
aaaaahuy_s002_t000,broadband,-5.0,naive,1,2.241050,0.890235,0.100597
aaaaahzi_s001_t000,broadband,-5.0,naive,0,2.064286,0.872615,0.431651
aaaaahzm_s001_t001,broadband,-5.0,naive,0,2.137173,0.880156,0.158381
aaaaahzq_s001_t000,broadband,-5.0,naive,0,2.287938,0.894536,0.069106
aaaaahzs_s001_t001,broadband,-5.0,naive,0,1.872133,0.850778,0.106263
aaaaaiae_s001_t000,broadband,-5.0,naive,0,2.420735,0.905919,0.043690
aaaaaibx_s001_t000,broadband,-5.0,naive,0,2.610747,0.920291,0.049248
aaaaaiby_s001_t000,broadband,-5.0,naive,0,2.127324,0.879160,0.044340
aaaaaici_s001_t000,broadband,-5.0,naive,0,2.040946,0.870115,0.071152
aaaaaicn_s001_t000,broadband,-5.0,naive,0,2.315810,0.897021,0.119783
aaaaaijh_s002_t000,broadband,-5.0,naive,1,2.274655,0.893333,0.054640
aaaaaijn_s001_t001,broadband,-5.0,naive,0,2.101094,0.876472,0.074044
aaaaairb_s001_t001,broadband,-5.0,naive,0,2.491695,0.911540,0.050126
aaaaairo_s001_t000,broadband,-5.0,naive,0,1.690018,0.827318,0.247586
aaaaaitt_s001_t000,broadband,-5.0,naive,0,2.548317,0.915805,0.057382
aaaaaiue_s004_t000,broadband,-5.0,naive,1,2.130879,0.879520,0.020017
aaaaaiuo_s002_t000,broadband,-5.0,naive,0,2.579455,0.918071,0.142605
aaaaaiwz_s001_t001,broadband,-5.0,naive,0,1.831100,0.845732,0.087831
aaaaaiyy_s001_t001,broadband,-5.0,naive,0,1.816448,0.843897,0.053226
aaaaaizd_s001_t001,broadband,-5.0,naive,0,2.196405,0.885997,0.263184
aaaaaizs_s001_t000,broadband,-5.0,naive,0,2.264497,0.892404,0.134268
aaaaajae_s001_t001,broadband,-5.0,naive,0,2.336303,0.898816,0.160793
aaaaajah_s002_t001,broadband,-5.0,naive,1,1.958450,0.860946,0.027964
aaaaajah_s004_t000,broadband,-5.0,naive,1,2.393429,0.903672,0.136461
aaaaajal_s001_t001,broadband,-5.0,naive,0,1.806924,0.842695,0.113860
aaaaajam_s001_t000,broadband,-5.0,naive,1,2.128282,0.879257,0.064454
aaaaajar_s001_t001,broadband,-5.0,naive,0,2.009595,0.866693,0.042205
aaaaajbb_s001_t000,broadband,-5.0,naive,0,2.420012,0.905860,0.095694
aaaaajbh_s002_t000,broadband,-5.0,naive,0,2.088524,0.875166,0.084906
aaaaajce_s001_t000,broadband,-5.0,naive,0,2.316200,0.897056,0.323225
aaaaajci_s001_t000,broadband,-5.0,naive,0,2.339357,0.899081,0.063996
aaaaajck_s001_t000,broadband,-5.0,naive,0,1.871864,0.850745,0.359082
aaaaajct_s001_t000,broadband,-5.0,naive,0,2.365206,0.901299,0.044480
aaaaajcu_s001_t000,broadband,-5.0,naive,0,2.289050,0.894636,0.412247
aaaaajda_s001_t000,broadband,-5.0,naive,0,1.935007,0.858243,0.341256
aaaaajdb_s001_t000,broadband,-5.0,naive,0,2.559882,0.916653,0.024287
aaaaajdv_s001_t000,broadband,-5.0,naive,0,1.991366,0.864668,0.659251
aaaaajdy_s001_t000,broadband,-5.0,naive,0,2.197277,0.886081,0.358185
aaaaajdz_s001_t000,broadband,-5.0,naive,0,2.075076,0.873756,0.147382
aaaaajea_s001_t000,broadband,-5.0,naive,0,2.524217,0.914013,0.192101
aaaaajen_s001_t000,broadband,-5.0,naive,0,2.199409,0.886287,0.522088
aaaaajey_s001_t000,broadband,-5.0,naive,0,2.068954,0.873109,0.027377
aaaaajfb_s001_t000,broadband,-5.0,naive,0,2.247397,0.890826,0.205467
aaaaajfe_s001_t000,broadband,-5.0,naive,0,1.785530,0.839967,0.249198
aaaaajff_s001_t000,broadband,-5.0,naive,0,1.829131,0.845487,0.099902
aaaaajfi_s001_t001,broadband,-5.0,naive,0,2.053254,0.871439,0.062623
aaaaajfn_s001_t001,broadband,-5.0,naive,0,2.267746,0.892702,0.087806
aaaaajfy_s001_t000,broadband,-5.0,naive,0,2.213120,0.887600,0.101879
aaaaajga_s001_t001,broadband,-5.0,naive,0,2.383535,0.902846,0.033684
aaaaajhy_s001_t000,broadband,-5.0,naive,0,2.667902,0.924206,0.074683
aaaaajit_s001_t001,broadband,-5.0,naive,0,1.794092,0.841063,0.104883
aaaaajiu_s001_t000,broadband,-5.0,naive,0,2.051534,0.871254,0.162768
aaaaajiy_s001_t001,broadband,-5.0,naive,0,1.956777,0.860755,0.128302
aaaaajiz_s001_t000,broadband,-5.0,naive,0,2.273626,0.893239,0.223397
aaaaajjb_s001_t001,broadband,-5.0,naive,0,2.476353,0.910351,0.031634
aaaaajje_s001_t000,broadband,-5.0,naive,0,2.126787,0.879105,0.296966
aaaaajjk_s001_t000,broadband,-5.0,naive,0,2.123111,0.878731,0.339241
aaaaajna_s001_t000,broadband,-5.0,naive,0,2.398812,0.904119,0.194302
aaaaajnu_s001_t000,broadband,-5.0,naive,0,2.398085,0.904058,0.052205
aaaaajon_s001_t000,broadband,-5.0,naive,0,2.323212,0.897673,0.079576
aaaaajoo_s002_t001,broadband,-5.0,naive,1,2.552896,0.916142,0.040217
aaaaajpg_s001_t001,broadband,-5.0,naive,0,2.051362,0.871236,0.047823
aaaaajqh_s004_t000,broadband,-5.0,naive,1,2.278339,0.893667,0.065393
aaaaajqk_s003_t001,broadband,-5.0,naive,1,2.125502,0.878975,0.078758
aaaaajrf_s001_t000,broadband,-5.0,naive,1,2.416156,0.905545,0.194339
aaaaajrf_s002_t000,broadband,-5.0,naive,1,2.400108,0.904226,0.116263
aaaaajrf_s003_t002,broadband,-5.0,naive,1,2.693943,0.925930,0.050995
aaaaajrf_s004_t000,broadband,-5.0,naive,1,2.512767,0.913149,0.064545
aaaaajso_s001_t000,broadband,-5.0,naive,1,2.658455,0.923571,0.094969
aaaaajtg_s001_t000,broadband,-5.0,naive,0,2.545750,0.915616,0.129968
aaaaajtu_s001_t000,broadband,-5.0,naive,0,2.556276,0.916390,0.055472
aaaaajuh_s001_t000,broadband,-5.0,naive,1,2.255093,0.891539,0.144099
aaaaajun_s001_t000,broadband,-5.0,naive,0,2.337023,0.898878,0.096607
aaaaajvh_s001_t001,broadband,-5.0,naive,0,2.667895,0.924205,0.086514
aaaaajxp_s001_t000,broadband,-5.0,naive,0,1.895079,0.853539,0.076803
aaaaakck_s001_t001,broadband,-5.0,naive,1,2.382518,0.902761,0.131561
aaaaakcx_s001_t001,broadband,-5.0,naive,1,2.809202,0.933136,0.070842
aaaaakcy_s005_t001,broadband,-5.0,naive,1,2.661065,0.923747,0.121476
aaaaakdj_s001_t000,broadband,-5.0,naive,1,2.597208,0.919337,0.085554
aaaaakdo_s001_t000,broadband,-5.0,naive,1,2.105172,0.876893,0.088690
aaaaakeq_s001_t000,broadband,-5.0,naive,1,2.462748,0.909284,0.087253
aaaaakeq_s002_t000,broadband,-5.0,naive,1,1.803965,0.842320,0.195956
aaaaakeq_s003_t000,broadband,-5.0,naive,1,2.449214,0.908212,0.056442
aaaaakev_s001_t001,broadband,-5.0,naive,1,2.359530,0.900816,0.070665
aaaaakev_s002_t000,broadband,-5.0,naive,1,2.169798,0.883405,0.516122
aaaaakft_s001_t000,broadband,-5.0,naive,0,2.288450,0.894582,0.103830
aaaaakgp_s001_t001,broadband,-5.0,naive,0,2.455777,0.908734,0.074363
aaaaakgu_s001_t000,broadband,-5.0,naive,1,2.054519,0.871574,0.145040
aaaaakjk_s002_t002,broadband,-5.0,naive,1,2.387448,0.903173,0.055291
aaaaakjk_s003_t000,broadband,-5.0,naive,1,2.223175,0.888555,0.038641
aaaaakka_s001_t001,broadband,-5.0,naive,0,1.831234,0.845749,0.174478
aaaaakmg_s003_t001,broadband,-5.0,naive,1,2.188392,0.885222,0.009732
aaaaakmh_s001_t000,broadband,-5.0,naive,1,2.133557,0.879791,0.291015
aaaaaknt_s001_t000,broadband,-5.0,naive,1,2.451712,0.908411,0.070445
aaaaakoo_s001_t001,broadband,-5.0,naive,1,2.426656,0.906400,0.064875
aaaaakqg_s001_t001,broadband,-5.0,naive,0,1.997570,0.865360,0.190484
aaaaakqr_s001_t000,broadband,-5.0,naive,0,2.426114,0.906356,0.086142
aaaaakrt_s001_t001,broadband,-5.0,naive,1,2.604696,0.919866,0.144045
aaaaakrt_s002_t001,broadband,-5.0,naive,1,2.317440,0.897165,0.112523
aaaaaksb_s001_t000,broadband,-5.0,naive,0,2.248957,0.890971,0.136293
aaaaaksu_s001_t001,broadband,-5.0,naive,0,2.095496,0.875892,0.084008
aaaaakxz_s001_t001,broadband,-5.0,naive,1,2.476676,0.910376,0.118239
aaaaakxz_s002_t001,broadband,-5.0,naive,1,2.691483,0.925769,0.065278
aaaaalaf_s001_t000,broadband,-5.0,naive,0,1.821541,0.844537,0.087271
aaaaalau_s001_t000,broadband,-5.0,naive,1,2.416194,0.905549,0.082441
aaaaalbh_s001_t000,broadband,-5.0,naive,1,2.498300,0.912047,0.164286
aaaaalbt_s001_t001,broadband,-5.0,naive,0,1.961270,0.861268,0.131525
aaaaalbt_s002_t000,broadband,-5.0,naive,0,2.179128,0.884319,0.284683
aaaaalbz_s006_t000,broadband,-5.0,naive,1,2.354716,0.900404,0.106067
aaaaalid_s001_t001,broadband,-5.0,naive,0,2.427350,0.906456,0.153438
aaaaaljf_s001_t000,broadband,-5.0,naive,1,2.186112,0.885000,0.377232
aaaaaljj_s001_t000,broadband,-5.0,naive,0,1.355695,0.776842,0.228673
aaaaallc_s001_t001,broadband,-5.0,naive,0,2.291656,0.894870,0.056242
aaaaalle_s002_t000,broadband,-5.0,naive,1,2.430592,0.906718,0.116000
aaaaalox_s001_t001,broadband,-5.0,naive,0,2.326169,0.897932,0.055766
aaaaalpv_s001_t000,broadband,-5.0,naive,0,1.808022,0.842834,0.322242
aaaaalqa_s001_t000,broadband,-5.0,naive,0,2.091804,0.875508,0.111664
aaaaalqr_s001_t001,broadband,-5.0,naive,1,2.246737,0.890764,0.057463
aaaaalqs_s001_t001,broadband,-5.0,naive,0,2.015424,0.867335,0.097517
aaaaalqx_s001_t000,broadband,-5.0,naive,0,2.337702,0.898937,0.382259
aaaaalrc_s002_t000,broadband,-5.0,naive,1,3.086633,0.947892,0.101543
aaaaalsq_s001_t000,broadband,-5.0,naive,0,2.547713,0.915761,0.058152
aaaaalsx_s001_t000,broadband,-5.0,naive,1,2.363234,0.901132,0.283206
aaaaalsx_s004_t001,broadband,-5.0,naive,1,1.981473,0.863559,0.096655
aaaaaluz_s001_t001,broadband,-5.0,naive,0,1.333607,0.773163,0.105224
aaaaalvw_s001_t000,broadband,-5.0,naive,0,2.276992,0.893545,0.390891
aaaaalvz_s001_t000,broadband,-5.0,naive,1,2.342311,0.899337,0.071846
aaaaalxk_s001_t000,broadband,-5.0,naive,0,2.531388,0.914550,0.094884
aaaaalyr_s001_t000,broadband,-5.0,naive,1,2.376045,0.902217,0.487556
aaaaalzk_s002_t001,broadband,-5.0,naive,1,2.678445,0.924908,0.069982
aaaaamcb_s001_t001,broadband,-5.0,naive,1,2.765077,0.930458,0.047915
aaaaamfe_s001_t001,broadband,-5.0,naive,0,2.268460,0.892767,0.206004
aaaaamft_s001_t001,broadband,-5.0,naive,1,2.101410,0.876505,0.169614
aaaaamfu_s001_t000,broadband,-5.0,naive,0,2.206445,0.886962,0.093333
aaaaamhi_s001_t000,broadband,-5.0,naive,1,2.331388,0.898388,0.030786
aaaaamhk_s001_t000,broadband,-5.0,naive,1,2.234271,0.889600,0.064811
aaaaamjc_s001_t001,broadband,-5.0,naive,1,2.533876,0.914735,0.047650
aaaaammh_s001_t001,broadband,-5.0,naive,1,2.355054,0.900433,0.038601
aaaaamnq_s001_t000,broadband,-5.0,naive,1,2.686548,0.925444,0.028743
aaaaamnq_s002_t000,broadband,-5.0,naive,1,2.454624,0.908642,0.026143
aaaaamon_s001_t000,broadband,-5.0,naive,0,2.213922,0.887676,0.260767
aaaaampz_s001_t000,broadband,-5.0,naive,1,2.540873,0.915255,0.113223
aaaaamrj_s001_t000,broadband,-5.0,naive,0,2.424856,0.906254,0.175864
aaaaamsc_s001_t000,broadband,-5.0,naive,1,2.500319,0.912202,0.048536
aaaaamtb_s001_t000,broadband,-5.0,naive,0,2.617144,0.920738,0.051763
aaaaamuc_s001_t000,broadband,-5.0,naive,0,2.300306,0.895645,0.028224
aaaaamxn_s001_t000,broadband,-5.0,naive,1,2.051200,0.871218,0.096253
aaaaamyb_s001_t001,broadband,-5.0,naive,0,2.376473,0.902253,0.093521
aaaaamye_s001_t000,broadband,-5.0,naive,1,2.746198,0.929282,0.064667
aaaaamzi_s001_t001,broadband,-5.0,naive,1,2.545671,0.915610,0.037594
aaaaamzl_s001_t000,broadband,-5.0,naive,0,2.314843,0.896936,0.075383
aaaaamzx_s001_t000,broadband,-5.0,naive,0,1.932215,0.857919,0.200768
aaaaanbq_s001_t000,broadband,-5.0,naive,0,2.294983,0.895169,0.094209
aaaaanek_s001_t000,broadband,-5.0,naive,0,1.507314,0.800943,0.172610
aaaaangp_s001_t000,broadband,-5.0,naive,0,2.238936,0.890037,0.123897
aaaaanhb_s001_t003,broadband,-5.0,naive,1,2.032015,0.869148,0.156559
aaaaanhb_s003_t001,broadband,-5.0,naive,1,2.268534,0.892774,0.060034
aaaaanhb_s005_t000,broadband,-5.0,naive,1,2.697983,0.926194,0.078945
aaaaankf_s001_t000,broadband,-5.0,naive,1,2.555398,0.916325,0.087844
aaaaanlp_s001_t000,broadband,-5.0,naive,0,2.176674,0.884079,0.066757
aaaaanmc_s001_t000,broadband,-5.0,naive,1,2.634030,0.921908,0.137615
aaaaanop_s001_t000,broadband,-5.0,naive,0,2.416114,0.905542,0.064470
aaaaanoz_s001_t000,broadband,-5.0,naive,1,2.450874,0.908344,0.221021
aaaaanpr_s001_t002,broadband,-5.0,naive,1,2.268011,0.892726,0.066132
aaaaanqe_s001_t000,broadband,-5.0,naive,0,1.977072,0.863062,0.661318
aaaaanro_s001_t000,broadband,-5.0,naive,1,2.590078,0.918831,0.111226
aaaaansj_s001_t000,broadband,-5.0,naive,1,2.276138,0.893467,0.044243
aaaaanta_s001_t000,broadband,-5.0,naive,1,2.311146,0.896609,0.159031
aaaaanum_s001_t000,broadband,-5.0,naive,0,2.298362,0.895471,0.066178
aaaaanvb_s002_t000,broadband,-5.0,naive,0,2.308387,0.896364,0.008537
aaaaanvg_s001_t002,broadband,-5.0,naive,0,1.680652,0.826036,0.086842
aaaaanvw_s001_t000,broadband,-5.0,naive,0,1.917112,0.856151,0.146398
aaaaanwc_s001_t001,broadband,-5.0,naive,1,2.170994,0.883522,0.107494
aaaaanxl_s001_t000,broadband,-5.0,naive,1,2.433092,0.906920,0.120165
aaaaanyb_s001_t001,broadband,-5.0,naive,0,1.528384,0.804133,0.101418
aaaaanyt_s002_t000,broadband,-5.0,naive,1,4.719779,0.988582,0.285092
aaaaanyw_s001_t000,broadband,-5.0,naive,1,2.356706,0.900575,0.052681
aaaaanyw_s002_t000,broadband,-5.0,naive,1,2.425786,0.906329,0.117816
aaaaanzh_s001_t000,broadband,-5.0,naive,1,1.755729,0.836103,0.405991
aaaaanzu_s001_t003,broadband,-5.0,naive,1,2.348336,0.899856,0.150616
aaaaaoav_s001_t000,broadband,-5.0,naive,0,1.908882,0.855180,0.304924
aaaaaoav_s002_t000,broadband,-5.0,naive,0,2.248698,0.890946,0.087446
aaaaaobi_s001_t000,broadband,-5.0,naive,1,2.404964,0.904627,0.061909
aaaaaobl_s001_t000,broadband,-5.0,naive,0,2.475539,0.910287,0.144451
aaaaaoby_s001_t000,broadband,-5.0,naive,0,2.503652,0.912456,0.079020
aaaaaoda_s001_t000,broadband,-5.0,naive,1,2.003227,0.865989,0.218739
aaaaaoeg_s001_t000,broadband,-5.0,naive,0,2.490513,0.911449,0.143427
aaaaaofj_s001_t000,broadband,-5.0,naive,0,2.425126,0.906276,0.097467
aaaaaofr_s001_t000,broadband,-5.0,naive,0,2.635514,0.922010,0.029992
aaaaaofz_s001_t000,broadband,-5.0,naive,0,2.214660,0.887747,0.186815
aaaaaohb_s001_t000,broadband,-5.0,naive,1,2.306635,0.896209,0.048312
aaaaaohr_s002_t001,broadband,-5.0,naive,1,2.260744,0.892060,0.125939
aaaaaoiq_s001_t000,broadband,-5.0,naive,1,2.044842,0.870536,0.063342
aaaaaoiv_s001_t000,broadband,-5.0,naive,1,1.794507,0.841116,0.019441
aaaaaoiv_s002_t001,broadband,-5.0,naive,1,2.603112,0.919755,0.071239
aaaaaoiv_s003_t003,broadband,-5.0,naive,1,2.800313,0.932605,0.088205
aaaaaojd_s001_t002,broadband,-5.0,naive,0,1.678504,0.825741,0.116416
aaaaaokg_s001_t000,broadband,-5.0,naive,0,2.386159,0.903066,0.038312
aaaaaoly_s001_t000,broadband,-5.0,naive,0,2.418973,0.905775,0.126198
aaaaaome_s001_t000,broadband,-5.0,naive,0,2.124366,0.878859,0.011604
aaaaaomx_s001_t000,broadband,-5.0,naive,0,2.185312,0.884922,0.119944
aaaaaomy_s001_t000,broadband,-5.0,naive,1,2.327665,0.898063,0.157711
aaaaaonb_s001_t000,broadband,-5.0,naive,0,2.604339,0.919841,0.048077
aaaaaons_s002_t002,broadband,-5.0,naive,1,2.545369,0.915588,0.095233
aaaaaopd_s001_t000,broadband,-5.0,naive,0,2.522081,0.913853,0.032125
aaaaaopo_s001_t000,broadband,-5.0,naive,0,2.259115,0.891910,0.071409
aaaaaora_s002_t000,broadband,-5.0,naive,1,2.390825,0.903455,0.074337
aaaaaord_s001_t000,broadband,-5.0,naive,1,2.320810,0.897462,0.064885
aaaaaosh_s001_t000,broadband,-5.0,naive,1,2.388421,0.903255,0.083795
aaaaaosw_s001_t000,broadband,-5.0,naive,0,2.432999,0.906913,0.106409
aaaaaote_s001_t000,broadband,-5.0,naive,0,1.881137,0.851866,0.150004
aaaaaout_s001_t000,broadband,-5.0,naive,1,2.257308,0.891743,0.190736
aaaaaovl_s001_t000,broadband,-5.0,naive,1,2.474586,0.910213,0.137906
aaaaaovo_s001_t000,broadband,-5.0,naive,1,2.507345,0.912738,0.048816
aaaaaowb_s001_t000,broadband,-5.0,naive,0,3.670075,0.969477,0.471273
aaaaaoxf_s001_t000,broadband,-5.0,naive,0,2.071436,0.873372,0.119023
aaaaaozf_s001_t001,broadband,-5.0,naive,0,2.247052,0.890794,0.065641
aaaaapag_s001_t000,broadband,-5.0,naive,0,2.166163,0.883046,0.167001
aaaaapar_s001_t000,broadband,-5.0,naive,1,2.911845,0.939000,0.037326
aaaaapcb_s001_t000,broadband,-5.0,naive,0,2.380901,0.902625,0.011260
aaaaapcy_s001_t002,broadband,-5.0,naive,0,2.027303,0.868635,0.048415
aaaaapdg_s001_t000,broadband,-5.0,naive,0,2.404817,0.904615,0.063818
aaaaaphs_s001_t000,broadband,-5.0,naive,1,1.960257,0.861153,0.324978
aaaaaphw_s001_t000,broadband,-5.0,naive,0,2.388637,0.903273,0.056714
aaaaapij_s001_t000,broadband,-5.0,naive,0,2.327955,0.898088,0.031631
aaaaapjc_s001_t001,broadband,-5.0,naive,0,2.295253,0.895193,0.055781
aaaaapka_s001_t000,broadband,-5.0,naive,0,2.000905,0.865731,0.111750
aaaaapkx_s001_t001,broadband,-5.0,naive,1,2.212920,0.887581,0.122206
aaaaaply_s001_t001,broadband,-5.0,naive,1,2.381552,0.902680,0.079260
aaaaapmb_s002_t001,broadband,-5.0,naive,1,2.315526,0.896996,0.030001
aaaaapmp_s001_t000,broadband,-5.0,naive,1,2.214259,0.887709,0.079944
aaaaapnr_s001_t000,broadband,-5.0,naive,1,2.095975,0.875942,0.053268
aaaaapoc_s001_t000,broadband,-5.0,naive,1,1.916370,0.856064,0.327054
aaaaapof_s001_t000,broadband,-5.0,naive,0,2.276587,0.893508,0.313538
aaaaapoo_s001_t000,broadband,-5.0,naive,0,2.560985,0.916734,0.359083
aaaaapoq_s001_t000,broadband,-5.0,naive,0,2.147821,0.881225,0.528588
aaaaappb_s001_t000,broadband,-5.0,naive,0,2.135094,0.879946,0.183038
aaaaapqd_s001_t000,broadband,-5.0,naive,1,2.349383,0.899946,0.157385
aaaaapqv_s001_t000,broadband,-5.0,naive,0,2.384722,0.902945,0.177401
aaaaapta_s001_t000,broadband,-5.0,naive,1,2.444193,0.907812,0.025396
aaaaapth_s001_t000,broadband,-5.0,naive,1,2.284408,0.894217,0.063213
aaaaapua_s001_t001,broadband,-5.0,naive,0,1.638369,0.820155,0.120844
aaaaapuu_s001_t000,broadband,-5.0,naive,0,2.278878,0.893716,0.169887
aaaaapvw_s001_t001,broadband,-5.0,naive,1,2.169226,0.883348,0.354188
aaaaapvy_s001_t000,broadband,-5.0,naive,1,2.266346,0.892574,0.075688
aaaaapwn_s001_t001,broadband,-5.0,naive,0,2.066879,0.872890,0.090416
aaaaapwo_s001_t001,broadband,-5.0,naive,1,2.970945,0.942155,0.033221
aaaaapxm_s001_t001,broadband,-5.0,naive,0,1.534541,0.805058,0.104808
aaaaapys_s001_t001,broadband,-5.0,naive,1,2.696240,0.926080,0.023673
aaaaapys_s002_t001,broadband,-5.0,naive,1,2.719429,0.927583,0.075847
aaaaaayx_s002_t000,broadband,0.0,canonicalized,0,1.819868,0.844327,0.926162
aaaaabdo_s003_t000,broadband,0.0,canonicalized,1,2.599633,0.919509,0.059629
aaaaabsk_s007_t000,broadband,0.0,canonicalized,1,1.824375,0.844892,0.717777
aaaaabuv_s002_t000,broadband,0.0,canonicalized,1,1.731915,0.832961,0.113985
aaaaacad_s003_t000,broadband,0.0,canonicalized,0,2.099106,0.876267,0.408122
aaaaacby_s004_t000,broadband,0.0,canonicalized,0,2.413463,0.905325,0.200825
aaaaaddm_s006_t000,broadband,0.0,canonicalized,1,2.344964,0.899566,0.470366
aaaaadeu_s002_t000,broadband,0.0,canonicalized,1,2.540739,0.915245,0.137941
aaaaadjk_s002_t000,broadband,0.0,canonicalized,0,2.039507,0.869960,0.209218
aaaaadkb_s002_t000,broadband,0.0,canonicalized,1,2.717863,0.927482,0.313840
aaaaadsm_s002_t001,broadband,0.0,canonicalized,0,1.700744,0.828777,0.080275
aaaaaeab_s003_t000,broadband,0.0,canonicalized,0,1.333812,0.773198,0.047369
aaaaaejc_s003_t001,broadband,0.0,canonicalized,0,1.129346,0.737135,0.163233
aaaaaezn_s003_t001,broadband,0.0,canonicalized,1,1.888564,0.852759,0.073101
aaaaafhl_s003_t000,broadband,0.0,canonicalized,1,2.096806,0.876028,0.298229
aaaaagfk_s003_t000,broadband,0.0,canonicalized,0,1.478032,0.796446,0.897408
aaaaagsc_s003_t001,broadband,0.0,canonicalized,1,2.335950,0.898785,0.085778
aaaaagsc_s006_t001,broadband,0.0,canonicalized,1,1.786522,0.840094,0.055444
aaaaaguk_s002_t001,broadband,0.0,canonicalized,0,1.428197,0.788619,0.289080
aaaaagvx_s002_t000,broadband,0.0,canonicalized,1,1.557380,0.808459,0.149821
aaaaagvx_s003_t001,broadband,0.0,canonicalized,1,2.291366,0.894844,0.088427
aaaaagyr_s002_t000,broadband,0.0,canonicalized,1,1.956437,0.860716,0.826311
aaaaahie_s005_t001,broadband,0.0,canonicalized,1,2.673766,0.924597,0.024416
aaaaahsv_s002_t000,broadband,0.0,canonicalized,0,1.756008,0.836139,0.297475
aaaaahte_s002_t000,broadband,0.0,canonicalized,1,2.645566,0.922697,0.092470
aaaaahte_s003_t000,broadband,0.0,canonicalized,1,2.767639,0.930616,0.072974
aaaaahuy_s002_t000,broadband,0.0,canonicalized,1,2.039777,0.869989,0.021429
aaaaahzi_s001_t000,broadband,0.0,canonicalized,0,2.195560,0.885916,0.557564
aaaaahzm_s001_t001,broadband,0.0,canonicalized,0,1.954409,0.860483,0.080548
aaaaahzq_s001_t000,broadband,0.0,canonicalized,0,1.776449,0.838797,0.086184
aaaaahzs_s001_t001,broadband,0.0,canonicalized,0,1.440363,0.790550,0.047028
aaaaaiae_s001_t000,broadband,0.0,canonicalized,0,2.595129,0.919190,0.046617
aaaaaibx_s001_t000,broadband,0.0,canonicalized,0,2.273013,0.893183,0.063830
aaaaaiby_s001_t000,broadband,0.0,canonicalized,0,2.087706,0.875081,0.035214
aaaaaici_s001_t000,broadband,0.0,canonicalized,0,1.671530,0.824780,0.680112
aaaaaicn_s001_t000,broadband,0.0,canonicalized,0,2.179693,0.884375,0.065661
aaaaaijh_s002_t000,broadband,0.0,canonicalized,1,2.110831,0.877476,0.040245
aaaaaijn_s001_t001,broadband,0.0,canonicalized,0,1.595524,0.814039,0.043601
aaaaairb_s001_t001,broadband,0.0,canonicalized,0,2.580203,0.918124,0.120835
aaaaairo_s001_t000,broadband,0.0,canonicalized,0,1.641487,0.820594,0.290216
aaaaaitt_s001_t000,broadband,0.0,canonicalized,0,2.295719,0.895235,0.391427
aaaaaiue_s004_t000,broadband,0.0,canonicalized,1,2.524221,0.914013,0.050200
aaaaaiuo_s002_t000,broadband,0.0,canonicalized,0,2.180731,0.884476,0.115824
aaaaaiwz_s001_t001,broadband,0.0,canonicalized,0,1.241326,0.757331,0.131288
aaaaaiyy_s001_t001,broadband,0.0,canonicalized,0,1.031408,0.718608,0.147322
aaaaaizd_s001_t001,broadband,0.0,canonicalized,0,2.111675,0.877563,0.731354
aaaaaizs_s001_t000,broadband,0.0,canonicalized,0,1.886374,0.852496,0.044597
aaaaajae_s001_t001,broadband,0.0,canonicalized,0,2.102824,0.876651,0.106010
aaaaajah_s002_t001,broadband,0.0,canonicalized,1,1.787429,0.840210,0.063456
aaaaajah_s004_t000,broadband,0.0,canonicalized,1,2.188065,0.885190,0.147931
aaaaajal_s001_t001,broadband,0.0,canonicalized,0,0.831899,0.678520,0.145247
aaaaajam_s001_t000,broadband,0.0,canonicalized,1,2.158587,0.882297,0.087871
aaaaajar_s001_t001,broadband,0.0,canonicalized,0,1.109457,0.733436,0.127162
aaaaajbb_s001_t000,broadband,0.0,canonicalized,0,2.138324,0.880272,0.090620
aaaaajbh_s002_t000,broadband,0.0,canonicalized,0,1.555811,0.808227,0.210241
aaaaajce_s001_t000,broadband,0.0,canonicalized,0,2.023018,0.868168,0.446134
aaaaajci_s001_t000,broadband,0.0,canonicalized,0,2.383965,0.902882,0.068757
aaaaajck_s001_t000,broadband,0.0,canonicalized,0,1.415143,0.786533,0.663886
aaaaajct_s001_t000,broadband,0.0,canonicalized,0,2.481556,0.910756,0.140344
aaaaajcu_s001_t000,broadband,0.0,canonicalized,0,2.079607,0.874233,0.429550
aaaaajda_s001_t000,broadband,0.0,canonicalized,0,2.090652,0.875388,0.503626
aaaaajdb_s001_t000,broadband,0.0,canonicalized,0,2.566160,0.917110,0.049382
aaaaajdv_s001_t000,broadband,0.0,canonicalized,0,1.980448,0.863443,0.695016
aaaaajdy_s001_t000,broadband,0.0,canonicalized,0,2.215837,0.887859,0.508180
aaaaajdz_s001_t000,broadband,0.0,canonicalized,0,2.056819,0.871820,0.068275
aaaaajea_s001_t000,broadband,0.0,canonicalized,0,2.658697,0.923587,0.076018
aaaaajen_s001_t000,broadband,0.0,canonicalized,0,2.168293,0.883256,0.544114
aaaaajey_s001_t000,broadband,0.0,canonicalized,0,1.380340,0.780897,0.260363
aaaaajfb_s001_t000,broadband,0.0,canonicalized,0,2.457984,0.908908,0.263185
aaaaajfe_s001_t000,broadband,0.0,canonicalized,0,1.904117,0.854615,0.249529
aaaaajff_s001_t000,broadband,0.0,canonicalized,0,0.809186,0.673769,0.115674
aaaaajfi_s001_t001,broadband,0.0,canonicalized,0,1.782058,0.839520,0.094941
aaaaajfn_s001_t001,broadband,0.0,canonicalized,0,1.610663,0.816218,0.266754
aaaaajfy_s001_t000,broadband,0.0,canonicalized,0,1.770620,0.838043,0.201768
aaaaajga_s001_t001,broadband,0.0,canonicalized,0,2.219911,0.888246,0.073402
aaaaajhy_s001_t000,broadband,0.0,canonicalized,0,2.442640,0.907687,0.063401
aaaaajit_s001_t001,broadband,0.0,canonicalized,0,1.023687,0.717114,0.563601
aaaaajiu_s001_t000,broadband,0.0,canonicalized,0,1.794717,0.841143,0.195533
aaaaajiy_s001_t001,broadband,0.0,canonicalized,0,1.638396,0.820159,0.104037
aaaaajiz_s001_t000,broadband,0.0,canonicalized,0,2.275063,0.893370,0.796693
aaaaajjb_s001_t001,broadband,0.0,canonicalized,0,2.225013,0.888729,0.173262
aaaaajje_s001_t000,broadband,0.0,canonicalized,0,1.857636,0.849011,0.550318
aaaaajjk_s001_t000,broadband,0.0,canonicalized,0,2.217143,0.887983,0.501447
aaaaajna_s001_t000,broadband,0.0,canonicalized,0,2.270534,0.892957,0.438213
aaaaajnu_s001_t000,broadband,0.0,canonicalized,0,2.229717,0.889172,0.218521
aaaaajon_s001_t000,broadband,0.0,canonicalized,0,2.410197,0.905057,0.180366
aaaaajoo_s002_t001,broadband,0.0,canonicalized,1,2.255664,0.891591,0.123981
aaaaajpg_s001_t001,broadband,0.0,canonicalized,0,1.313475,0.769772,0.040410
aaaaajqh_s004_t000,broadband,0.0,canonicalized,1,2.037156,0.869706,0.479726
aaaaajqk_s003_t001,broadband,0.0,canonicalized,1,2.219501,0.888207,0.065263
aaaaajrf_s001_t000,broadband,0.0,canonicalized,1,2.329485,0.898222,0.346864
aaaaajrf_s002_t000,broadband,0.0,canonicalized,1,2.344518,0.899527,0.559250
aaaaajrf_s003_t002,broadband,0.0,canonicalized,1,2.963637,0.941774,0.206558
aaaaajrf_s004_t000,broadband,0.0,canonicalized,1,2.656450,0.923436,0.035213
aaaaajso_s001_t000,broadband,0.0,canonicalized,1,2.429019,0.906591,0.212699
aaaaajtg_s001_t000,broadband,0.0,canonicalized,0,2.100634,0.876425,0.339074
aaaaajtu_s001_t000,broadband,0.0,canonicalized,0,2.495744,0.911851,0.204996
aaaaajuh_s001_t000,broadband,0.0,canonicalized,1,2.136694,0.880107,0.188116
aaaaajun_s001_t000,broadband,0.0,canonicalized,0,2.500208,0.912193,0.110413
aaaaajvh_s001_t001,broadband,0.0,canonicalized,0,2.320497,0.897434,0.012471
aaaaajxp_s001_t000,broadband,0.0,canonicalized,0,1.396991,0.783607,0.219808
aaaaakck_s001_t001,broadband,0.0,canonicalized,1,2.259742,0.891967,0.046579
aaaaakcx_s001_t001,broadband,0.0,canonicalized,1,2.881787,0.937335,0.097192
aaaaakcy_s005_t001,broadband,0.0,canonicalized,1,3.201454,0.953051,0.251439
aaaaakdj_s001_t000,broadband,0.0,canonicalized,1,2.263630,0.892325,0.021306
aaaaakdo_s001_t000,broadband,0.0,canonicalized,1,2.026598,0.868559,0.081413
aaaaakeq_s001_t000,broadband,0.0,canonicalized,1,2.402644,0.904436,0.117089
aaaaakeq_s002_t000,broadband,0.0,canonicalized,1,1.983296,0.863764,0.328888
aaaaakeq_s003_t000,broadband,0.0,canonicalized,1,2.560620,0.916707,0.047679
aaaaakev_s001_t001,broadband,0.0,canonicalized,1,2.596784,0.919307,0.095589
aaaaakev_s002_t000,broadband,0.0,canonicalized,1,1.805771,0.842549,0.772101
aaaaakft_s001_t000,broadband,0.0,canonicalized,0,2.295379,0.895204,0.327166
aaaaakgp_s001_t001,broadband,0.0,canonicalized,0,1.972395,0.862533,0.369538
aaaaakgu_s001_t000,broadband,0.0,canonicalized,1,1.877907,0.851477,0.039625
aaaaakjk_s002_t002,broadband,0.0,canonicalized,1,2.587356,0.918637,0.031831
aaaaakjk_s003_t000,broadband,0.0,canonicalized,1,1.879262,0.851640,0.077420
aaaaakka_s001_t001,broadband,0.0,canonicalized,0,1.232726,0.755818,0.176637
aaaaakmg_s003_t001,broadband,0.0,canonicalized,1,2.415694,0.905508,0.069275
aaaaakmh_s001_t000,broadband,0.0,canonicalized,1,2.137876,0.880227,0.928012
aaaaaknt_s001_t000,broadband,0.0,canonicalized,1,1.862911,0.849656,0.368642
aaaaakoo_s001_t001,broadband,0.0,canonicalized,1,2.451327,0.908380,0.090771
aaaaakqg_s001_t001,broadband,0.0,canonicalized,0,1.558925,0.808688,0.405941
aaaaakqr_s001_t000,broadband,0.0,canonicalized,0,2.090719,0.875395,0.080324
aaaaakrt_s001_t001,broadband,0.0,canonicalized,1,2.596314,0.919274,0.028549
aaaaakrt_s002_t001,broadband,0.0,canonicalized,1,2.370119,0.901716,0.341429
aaaaaksb_s001_t000,broadband,0.0,canonicalized,0,2.388062,0.903225,0.298864
aaaaaksu_s001_t001,broadband,0.0,canonicalized,0,1.911606,0.855502,0.149959
aaaaakxz_s001_t001,broadband,0.0,canonicalized,1,2.419697,0.905834,0.298991
aaaaakxz_s002_t001,broadband,0.0,canonicalized,1,2.614557,0.920558,0.046423
aaaaalaf_s001_t000,broadband,0.0,canonicalized,0,0.812878,0.674543,0.537361
aaaaalau_s001_t000,broadband,0.0,canonicalized,1,2.567390,0.917200,0.137709
aaaaalbh_s001_t000,broadband,0.0,canonicalized,1,2.547777,0.915766,0.083504
aaaaalbt_s001_t001,broadband,0.0,canonicalized,0,1.196956,0.749457,0.298245
aaaaalbt_s002_t000,broadband,0.0,canonicalized,0,2.170636,0.883487,0.794027
aaaaalbz_s006_t000,broadband,0.0,canonicalized,1,2.463220,0.909322,0.241700
aaaaalid_s001_t001,broadband,0.0,canonicalized,0,2.558812,0.916575,0.024447
aaaaaljf_s001_t000,broadband,0.0,canonicalized,1,2.155560,0.881996,0.474135
aaaaaljj_s001_t000,broadband,0.0,canonicalized,0,0.415802,0.586491,0.624722
aaaaallc_s001_t001,broadband,0.0,canonicalized,0,2.121317,0.878549,0.298563
aaaaalle_s002_t000,broadband,0.0,canonicalized,1,2.449512,0.908236,0.224396
aaaaalox_s001_t001,broadband,0.0,canonicalized,0,2.343033,0.899399,0.034159
aaaaalpv_s001_t000,broadband,0.0,canonicalized,0,1.989242,0.864431,0.725430
aaaaalqa_s001_t000,broadband,0.0,canonicalized,0,1.263060,0.761127,0.582261
aaaaalqr_s001_t001,broadband,0.0,canonicalized,1,2.307432,0.896280,0.143026
aaaaalqs_s001_t001,broadband,0.0,canonicalized,0,1.334504,0.773313,0.052687
aaaaalqx_s001_t000,broadband,0.0,canonicalized,0,2.231573,0.889347,0.522881
aaaaalrc_s002_t000,broadband,0.0,canonicalized,1,3.558523,0.966161,0.022998
aaaaalsq_s001_t000,broadband,0.0,canonicalized,0,2.416033,0.905535,0.089031
aaaaalsx_s001_t000,broadband,0.0,canonicalized,1,2.169027,0.883329,0.200850
aaaaalsx_s004_t001,broadband,0.0,canonicalized,1,1.771432,0.838148,0.063071
aaaaaluz_s001_t001,broadband,0.0,canonicalized,0,0.169353,0.528481,0.213857
aaaaalvw_s001_t000,broadband,0.0,canonicalized,0,2.183460,0.884742,0.542491
aaaaalvz_s001_t000,broadband,0.0,canonicalized,1,2.836157,0.934725,0.169256
aaaaalxk_s001_t000,broadband,0.0,canonicalized,0,2.473519,0.910129,0.035114
aaaaalyr_s001_t000,broadband,0.0,canonicalized,1,2.696976,0.926129,0.226316
aaaaalzk_s002_t001,broadband,0.0,canonicalized,1,2.520577,0.913739,0.063326
aaaaamcb_s001_t001,broadband,0.0,canonicalized,1,2.792012,0.932104,0.104308
aaaaamfe_s001_t001,broadband,0.0,canonicalized,0,1.946294,0.859550,0.151522
aaaaamft_s001_t001,broadband,0.0,canonicalized,1,2.105547,0.876932,0.362215
aaaaamfu_s001_t000,broadband,0.0,canonicalized,0,2.178202,0.884229,0.199435
aaaaamhi_s001_t000,broadband,0.0,canonicalized,1,2.523327,0.913946,0.037110
aaaaamhk_s001_t000,broadband,0.0,canonicalized,1,2.238864,0.890030,0.115148
aaaaamjc_s001_t001,broadband,0.0,canonicalized,1,3.259756,0.955481,0.030917
aaaaammh_s001_t001,broadband,0.0,canonicalized,1,2.186491,0.885037,0.032111
aaaaamnq_s001_t000,broadband,0.0,canonicalized,1,2.725377,0.927963,0.177656
aaaaamnq_s002_t000,broadband,0.0,canonicalized,1,2.097042,0.876053,0.061790
aaaaamon_s001_t000,broadband,0.0,canonicalized,0,1.804832,0.842430,0.524571
aaaaampz_s001_t000,broadband,0.0,canonicalized,1,2.564267,0.916973,0.031684
aaaaamrj_s001_t000,broadband,0.0,canonicalized,0,2.492458,0.911598,0.179133
aaaaamsc_s001_t000,broadband,0.0,canonicalized,1,2.348019,0.899829,0.098572
aaaaamtb_s001_t000,broadband,0.0,canonicalized,0,2.580835,0.918170,0.023378
aaaaamuc_s001_t000,broadband,0.0,canonicalized,0,1.877364,0.851411,0.064491
aaaaamxn_s001_t000,broadband,0.0,canonicalized,1,2.037014,0.869690,0.146168
aaaaamyb_s001_t001,broadband,0.0,canonicalized,0,2.447237,0.908055,0.035826
aaaaamye_s001_t000,broadband,0.0,canonicalized,1,2.814384,0.933444,0.087032
aaaaamzi_s001_t001,broadband,0.0,canonicalized,1,2.742321,0.929038,0.069517
aaaaamzl_s001_t000,broadband,0.0,canonicalized,0,1.957661,0.860856,0.167406
aaaaamzx_s001_t000,broadband,0.0,canonicalized,0,1.238089,0.756762,0.246860
aaaaanbq_s001_t000,broadband,0.0,canonicalized,0,2.086747,0.874981,0.059704
aaaaanek_s001_t000,broadband,0.0,canonicalized,0,0.514281,0.609106,0.470605
aaaaangp_s001_t000,broadband,0.0,canonicalized,0,1.729006,0.832574,0.115251
aaaaanhb_s001_t003,broadband,0.0,canonicalized,1,2.707870,0.926837,0.192892
aaaaanhb_s003_t001,broadband,0.0,canonicalized,1,2.210325,0.887333,0.031434
aaaaanhb_s005_t000,broadband,0.0,canonicalized,1,2.701778,0.926442,0.034052
aaaaankf_s001_t000,broadband,0.0,canonicalized,1,2.542570,0.915381,0.041783
aaaaanlp_s001_t000,broadband,0.0,canonicalized,0,2.087064,0.875014,0.131328
aaaaanmc_s001_t000,broadband,0.0,canonicalized,1,2.643178,0.922535,0.158762
aaaaanop_s001_t000,broadband,0.0,canonicalized,0,2.483073,0.910873,0.109070
aaaaanoz_s001_t000,broadband,0.0,canonicalized,1,2.292470,0.894943,0.065653
aaaaanpr_s001_t002,broadband,0.0,canonicalized,1,2.167180,0.883147,0.268640
aaaaanqe_s001_t000,broadband,0.0,canonicalized,0,1.804698,0.842413,0.736315
aaaaanro_s001_t000,broadband,0.0,canonicalized,1,2.710027,0.926977,0.298082
aaaaansj_s001_t000,broadband,0.0,canonicalized,1,2.643396,0.922549,0.054925
aaaaanta_s001_t000,broadband,0.0,canonicalized,1,2.366063,0.901372,0.769822
aaaaanum_s001_t000,broadband,0.0,canonicalized,0,1.796917,0.841424,0.042870
aaaaanvb_s002_t000,broadband,0.0,canonicalized,0,1.838145,0.846608,0.090680
aaaaanvg_s001_t002,broadband,0.0,canonicalized,0,1.525369,0.803679,0.091799
aaaaanvw_s001_t000,broadband,0.0,canonicalized,0,1.156427,0.742117,0.677842
aaaaanwc_s001_t001,broadband,0.0,canonicalized,1,1.902053,0.854370,0.209038
aaaaanxl_s001_t000,broadband,0.0,canonicalized,1,2.175014,0.883917,0.724748
aaaaanyb_s001_t001,broadband,0.0,canonicalized,0,1.863945,0.849782,0.035891
aaaaanyt_s002_t000,broadband,0.0,canonicalized,1,4.784578,0.989260,0.364069
aaaaanyw_s001_t000,broadband,0.0,canonicalized,1,2.480864,0.910702,0.013816
aaaaanyw_s002_t000,broadband,0.0,canonicalized,1,2.290816,0.894795,0.067026
aaaaanzh_s001_t000,broadband,0.0,canonicalized,1,1.807693,0.842792,1.097462
aaaaanzu_s001_t003,broadband,0.0,canonicalized,1,2.491475,0.911523,0.039386
aaaaaoav_s001_t000,broadband,0.0,canonicalized,0,1.299853,0.767458,1.086047
aaaaaoav_s002_t000,broadband,0.0,canonicalized,0,2.020298,0.867870,0.172587
aaaaaobi_s001_t000,broadband,0.0,canonicalized,1,2.271760,0.893069,0.443305
aaaaaobl_s001_t000,broadband,0.0,canonicalized,0,2.168808,0.883307,0.386982
aaaaaoby_s001_t000,broadband,0.0,canonicalized,0,2.276042,0.893459,0.084414
aaaaaoda_s001_t000,broadband,0.0,canonicalized,1,2.095601,0.875903,0.702329
aaaaaoeg_s001_t000,broadband,0.0,canonicalized,0,2.303585,0.895938,0.070963
aaaaaofj_s001_t000,broadband,0.0,canonicalized,0,2.312012,0.896686,0.073078
aaaaaofr_s001_t000,broadband,0.0,canonicalized,0,2.365781,0.901348,0.090757
aaaaaofz_s001_t000,broadband,0.0,canonicalized,0,2.117181,0.878127,0.090242
aaaaaohb_s001_t000,broadband,0.0,canonicalized,1,2.406733,0.904773,0.125513
aaaaaohr_s002_t001,broadband,0.0,canonicalized,1,2.413179,0.905302,0.208961
aaaaaoiq_s001_t000,broadband,0.0,canonicalized,1,1.631695,0.819213,0.084651
aaaaaoiv_s001_t000,broadband,0.0,canonicalized,1,1.509318,0.801248,0.067656
aaaaaoiv_s002_t001,broadband,0.0,canonicalized,1,3.060849,0.946662,0.138422
aaaaaoiv_s003_t003,broadband,0.0,canonicalized,1,2.778213,0.931265,0.083946
aaaaaojd_s001_t002,broadband,0.0,canonicalized,0,1.561111,0.809010,0.190368
aaaaaokg_s001_t000,broadband,0.0,canonicalized,0,2.553026,0.916151,0.057938
aaaaaoly_s001_t000,broadband,0.0,canonicalized,0,2.417050,0.905618,0.376312
aaaaaome_s001_t000,broadband,0.0,canonicalized,0,2.246547,0.890747,0.039000
aaaaaomx_s001_t000,broadband,0.0,canonicalized,0,2.269581,0.892870,0.127837
aaaaaomy_s001_t000,broadband,0.0,canonicalized,1,2.288212,0.894560,0.160017
aaaaaonb_s001_t000,broadband,0.0,canonicalized,0,2.383478,0.902841,0.119313
aaaaaons_s002_t002,broadband,0.0,canonicalized,1,2.510790,0.913000,0.057593
aaaaaopd_s001_t000,broadband,0.0,canonicalized,0,2.436809,0.907220,0.047457
aaaaaopo_s001_t000,broadband,0.0,canonicalized,0,1.276893,0.763521,0.090599
aaaaaora_s002_t000,broadband,0.0,canonicalized,1,2.317918,0.897207,0.093511
aaaaaord_s001_t000,broadband,0.0,canonicalized,1,2.204969,0.886821,0.054604
aaaaaosh_s001_t000,broadband,0.0,canonicalized,1,1.906012,0.854840,0.294032
aaaaaosw_s001_t000,broadband,0.0,canonicalized,0,2.298745,0.895506,0.096970
aaaaaote_s001_t000,broadband,0.0,canonicalized,0,1.832063,0.845852,0.150180
aaaaaout_s001_t000,broadband,0.0,canonicalized,1,1.893333,0.853331,0.074854
aaaaaovl_s001_t000,broadband,0.0,canonicalized,1,2.495091,0.911801,0.121503
aaaaaovo_s001_t000,broadband,0.0,canonicalized,1,2.948830,0.940993,0.041475
aaaaaowb_s001_t000,broadband,0.0,canonicalized,0,3.405365,0.961037,0.319522
aaaaaoxf_s001_t000,broadband,0.0,canonicalized,0,1.592861,0.813653,0.155619
aaaaaozf_s001_t001,broadband,0.0,canonicalized,0,1.982149,0.863635,0.056384
aaaaapag_s001_t000,broadband,0.0,canonicalized,0,1.781703,0.839475,0.365039
aaaaapar_s001_t000,broadband,0.0,canonicalized,1,2.771907,0.930879,0.225948
aaaaapcb_s001_t000,broadband,0.0,canonicalized,0,2.412025,0.905207,0.076058
aaaaapcy_s001_t002,broadband,0.0,canonicalized,0,1.532037,0.804682,0.228874
aaaaapdg_s001_t000,broadband,0.0,canonicalized,0,2.447809,0.908100,0.070669
aaaaaphs_s001_t000,broadband,0.0,canonicalized,1,2.170422,0.883466,0.873944
aaaaaphw_s001_t000,broadband,0.0,canonicalized,0,2.656496,0.923439,0.090462
aaaaapij_s001_t000,broadband,0.0,canonicalized,0,2.201836,0.886520,0.047553
aaaaapjc_s001_t001,broadband,0.0,canonicalized,0,2.323364,0.897686,0.032229
aaaaapka_s001_t000,broadband,0.0,canonicalized,0,1.731381,0.832891,0.302303
aaaaapkx_s001_t001,broadband,0.0,canonicalized,1,2.112785,0.877676,0.154278
aaaaaply_s001_t001,broadband,0.0,canonicalized,1,2.624349,0.921239,0.102933
aaaaapmb_s002_t001,broadband,0.0,canonicalized,1,1.987780,0.864267,0.050085
aaaaapmp_s001_t000,broadband,0.0,canonicalized,1,1.743375,0.834479,0.241940
aaaaapnr_s001_t000,broadband,0.0,canonicalized,1,2.044830,0.870534,0.427317
aaaaapoc_s001_t000,broadband,0.0,canonicalized,1,1.710406,0.830083,0.639223
aaaaapof_s001_t000,broadband,0.0,canonicalized,0,2.141744,0.880616,0.466897
aaaaapoo_s001_t000,broadband,0.0,canonicalized,0,2.291711,0.894875,0.503617
aaaaapoq_s001_t000,broadband,0.0,canonicalized,0,2.224196,0.888651,0.608022
aaaaappb_s001_t000,broadband,0.0,canonicalized,0,2.214131,0.887696,0.492855
aaaaapqd_s001_t000,broadband,0.0,canonicalized,1,2.345036,0.899572,0.434649
aaaaapqv_s001_t000,broadband,0.0,canonicalized,0,2.093743,0.875710,0.383604
aaaaapta_s001_t000,broadband,0.0,canonicalized,1,2.498081,0.912030,0.075160
aaaaapth_s001_t000,broadband,0.0,canonicalized,1,2.381123,0.902644,0.092735
aaaaapua_s001_t001,broadband,0.0,canonicalized,0,0.978620,0.708300,0.168233
aaaaapuu_s001_t000,broadband,0.0,canonicalized,0,2.246221,0.890716,0.503364
aaaaapvw_s001_t001,broadband,0.0,canonicalized,1,1.960252,0.861152,0.535477
aaaaapvy_s001_t000,broadband,0.0,canonicalized,1,2.087605,0.875070,0.563030
aaaaapwn_s001_t001,broadband,0.0,canonicalized,0,1.597904,0.814382,0.335562
aaaaapwo_s001_t001,broadband,0.0,canonicalized,1,3.545800,0.965762,0.104589
aaaaapxm_s001_t001,broadband,0.0,canonicalized,0,0.968153,0.706229,0.109730
aaaaapys_s001_t001,broadband,0.0,canonicalized,1,3.226390,0.954106,0.147302
aaaaapys_s002_t001,broadband,0.0,canonicalized,1,2.748794,0.929445,0.065966
aaaaaayx_s002_t000,broadband,0.0,naive,0,1.819868,0.844327,0.926162
aaaaabdo_s003_t000,broadband,0.0,naive,1,2.599633,0.919509,0.059629
aaaaabsk_s007_t000,broadband,0.0,naive,1,1.824375,0.844892,0.717777
aaaaabuv_s002_t000,broadband,0.0,naive,1,1.731915,0.832961,0.113985
aaaaacad_s003_t000,broadband,0.0,naive,0,2.099106,0.876267,0.408122
aaaaacby_s004_t000,broadband,0.0,naive,0,2.413463,0.905325,0.200825
aaaaaddm_s006_t000,broadband,0.0,naive,1,2.344964,0.899566,0.470366
aaaaadeu_s002_t000,broadband,0.0,naive,1,2.540739,0.915245,0.137941
aaaaadjk_s002_t000,broadband,0.0,naive,0,2.039507,0.869960,0.209218
aaaaadkb_s002_t000,broadband,0.0,naive,1,2.717863,0.927482,0.313840
aaaaadsm_s002_t001,broadband,0.0,naive,0,1.700744,0.828777,0.080275
aaaaaeab_s003_t000,broadband,0.0,naive,0,1.333812,0.773198,0.047369
aaaaaejc_s003_t001,broadband,0.0,naive,0,1.129346,0.737135,0.163233
aaaaaezn_s003_t001,broadband,0.0,naive,1,1.888564,0.852759,0.073101
aaaaafhl_s003_t000,broadband,0.0,naive,1,2.096806,0.876028,0.298229
aaaaagfk_s003_t000,broadband,0.0,naive,0,1.478032,0.796446,0.897408
aaaaagsc_s003_t001,broadband,0.0,naive,1,2.335950,0.898785,0.085778
aaaaagsc_s006_t001,broadband,0.0,naive,1,1.786522,0.840094,0.055444
aaaaaguk_s002_t001,broadband,0.0,naive,0,1.428197,0.788619,0.289080
aaaaagvx_s002_t000,broadband,0.0,naive,1,1.557380,0.808459,0.149821
aaaaagvx_s003_t001,broadband,0.0,naive,1,2.291366,0.894844,0.088427
aaaaagyr_s002_t000,broadband,0.0,naive,1,1.956437,0.860716,0.826311
aaaaahie_s005_t001,broadband,0.0,naive,1,2.673766,0.924597,0.024416
aaaaahsv_s002_t000,broadband,0.0,naive,0,1.756008,0.836139,0.297475
aaaaahte_s002_t000,broadband,0.0,naive,1,2.645566,0.922697,0.092470
aaaaahte_s003_t000,broadband,0.0,naive,1,2.767639,0.930616,0.072974
aaaaahuy_s002_t000,broadband,0.0,naive,1,2.039777,0.869989,0.021429
aaaaahzi_s001_t000,broadband,0.0,naive,0,2.195560,0.885916,0.557564
aaaaahzm_s001_t001,broadband,0.0,naive,0,1.954409,0.860483,0.080548
aaaaahzq_s001_t000,broadband,0.0,naive,0,1.776449,0.838797,0.086184
aaaaahzs_s001_t001,broadband,0.0,naive,0,1.440363,0.790550,0.047028
aaaaaiae_s001_t000,broadband,0.0,naive,0,2.595129,0.919190,0.046617
aaaaaibx_s001_t000,broadband,0.0,naive,0,2.273013,0.893183,0.063830
aaaaaiby_s001_t000,broadband,0.0,naive,0,2.087706,0.875081,0.035214
aaaaaici_s001_t000,broadband,0.0,naive,0,1.671530,0.824780,0.680112
aaaaaicn_s001_t000,broadband,0.0,naive,0,2.179693,0.884375,0.065661
aaaaaijh_s002_t000,broadband,0.0,naive,1,2.110831,0.877476,0.040245
aaaaaijn_s001_t001,broadband,0.0,naive,0,1.595524,0.814039,0.043601
aaaaairb_s001_t001,broadband,0.0,naive,0,2.580203,0.918124,0.120835
aaaaairo_s001_t000,broadband,0.0,naive,0,1.641487,0.820594,0.290216
aaaaaitt_s001_t000,broadband,0.0,naive,0,2.295719,0.895235,0.391427
aaaaaiue_s004_t000,broadband,0.0,naive,1,2.524221,0.914013,0.050200
aaaaaiuo_s002_t000,broadband,0.0,naive,0,2.180731,0.884476,0.115824
aaaaaiwz_s001_t001,broadband,0.0,naive,0,1.241326,0.757331,0.131288
aaaaaiyy_s001_t001,broadband,0.0,naive,0,1.031408,0.718608,0.147322
aaaaaizd_s001_t001,broadband,0.0,naive,0,2.111675,0.877563,0.731354
aaaaaizs_s001_t000,broadband,0.0,naive,0,1.886374,0.852496,0.044597
aaaaajae_s001_t001,broadband,0.0,naive,0,2.102824,0.876651,0.106010
aaaaajah_s002_t001,broadband,0.0,naive,1,1.787429,0.840210,0.063456
aaaaajah_s004_t000,broadband,0.0,naive,1,2.188065,0.885190,0.147931
aaaaajal_s001_t001,broadband,0.0,naive,0,0.831899,0.678520,0.145247
aaaaajam_s001_t000,broadband,0.0,naive,1,2.158587,0.882297,0.087871
aaaaajar_s001_t001,broadband,0.0,naive,0,1.109457,0.733436,0.127162
aaaaajbb_s001_t000,broadband,0.0,naive,0,2.138324,0.880272,0.090620
aaaaajbh_s002_t000,broadband,0.0,naive,0,1.555811,0.808227,0.210241
aaaaajce_s001_t000,broadband,0.0,naive,0,2.023018,0.868168,0.446134
aaaaajci_s001_t000,broadband,0.0,naive,0,2.383965,0.902882,0.068757
aaaaajck_s001_t000,broadband,0.0,naive,0,1.415143,0.786533,0.663886
aaaaajct_s001_t000,broadband,0.0,naive,0,2.481556,0.910756,0.140344
aaaaajcu_s001_t000,broadband,0.0,naive,0,2.079607,0.874233,0.429550
aaaaajda_s001_t000,broadband,0.0,naive,0,2.090652,0.875388,0.503626
aaaaajdb_s001_t000,broadband,0.0,naive,0,2.566160,0.917110,0.049382
aaaaajdv_s001_t000,broadband,0.0,naive,0,1.980448,0.863443,0.695016
aaaaajdy_s001_t000,broadband,0.0,naive,0,2.215837,0.887859,0.508180
aaaaajdz_s001_t000,broadband,0.0,naive,0,2.056819,0.871820,0.068275
aaaaajea_s001_t000,broadband,0.0,naive,0,2.658697,0.923587,0.076018
aaaaajen_s001_t000,broadband,0.0,naive,0,2.168293,0.883256,0.544114
aaaaajey_s001_t000,broadband,0.0,naive,0,1.380340,0.780897,0.260363
aaaaajfb_s001_t000,broadband,0.0,naive,0,2.457984,0.908908,0.263185
aaaaajfe_s001_t000,broadband,0.0,naive,0,1.904117,0.854615,0.249529
aaaaajff_s001_t000,broadband,0.0,naive,0,0.809186,0.673769,0.115674
aaaaajfi_s001_t001,broadband,0.0,naive,0,1.782058,0.839520,0.094941
aaaaajfn_s001_t001,broadband,0.0,naive,0,1.610663,0.816218,0.266754
aaaaajfy_s001_t000,broadband,0.0,naive,0,1.770620,0.838043,0.201768
aaaaajga_s001_t001,broadband,0.0,naive,0,2.219911,0.888246,0.073402
aaaaajhy_s001_t000,broadband,0.0,naive,0,2.442640,0.907687,0.063401
aaaaajit_s001_t001,broadband,0.0,naive,0,1.023687,0.717114,0.563601
aaaaajiu_s001_t000,broadband,0.0,naive,0,1.794717,0.841143,0.195533
aaaaajiy_s001_t001,broadband,0.0,naive,0,1.638396,0.820159,0.104037
aaaaajiz_s001_t000,broadband,0.0,naive,0,2.275063,0.893370,0.796693
aaaaajjb_s001_t001,broadband,0.0,naive,0,2.225013,0.888729,0.173262
aaaaajje_s001_t000,broadband,0.0,naive,0,1.857636,0.849011,0.550318
aaaaajjk_s001_t000,broadband,0.0,naive,0,2.217143,0.887983,0.501447
aaaaajna_s001_t000,broadband,0.0,naive,0,2.270534,0.892957,0.438213
aaaaajnu_s001_t000,broadband,0.0,naive,0,2.229717,0.889172,0.218521
aaaaajon_s001_t000,broadband,0.0,naive,0,2.410197,0.905057,0.180366
aaaaajoo_s002_t001,broadband,0.0,naive,1,2.255664,0.891591,0.123981
aaaaajpg_s001_t001,broadband,0.0,naive,0,1.313475,0.769772,0.040410
aaaaajqh_s004_t000,broadband,0.0,naive,1,2.037156,0.869706,0.479726
aaaaajqk_s003_t001,broadband,0.0,naive,1,2.219501,0.888207,0.065263
aaaaajrf_s001_t000,broadband,0.0,naive,1,2.329485,0.898222,0.346864
aaaaajrf_s002_t000,broadband,0.0,naive,1,2.344518,0.899527,0.559250
aaaaajrf_s003_t002,broadband,0.0,naive,1,2.963637,0.941774,0.206558
aaaaajrf_s004_t000,broadband,0.0,naive,1,2.656450,0.923436,0.035213
aaaaajso_s001_t000,broadband,0.0,naive,1,2.429019,0.906591,0.212699
aaaaajtg_s001_t000,broadband,0.0,naive,0,2.100634,0.876425,0.339074
aaaaajtu_s001_t000,broadband,0.0,naive,0,2.495744,0.911851,0.204996
aaaaajuh_s001_t000,broadband,0.0,naive,1,2.136694,0.880107,0.188116
aaaaajun_s001_t000,broadband,0.0,naive,0,2.500208,0.912193,0.110413
aaaaajvh_s001_t001,broadband,0.0,naive,0,2.320497,0.897434,0.012471
aaaaajxp_s001_t000,broadband,0.0,naive,0,1.396991,0.783607,0.219808
aaaaakck_s001_t001,broadband,0.0,naive,1,2.259742,0.891967,0.046579
aaaaakcx_s001_t001,broadband,0.0,naive,1,2.881787,0.937335,0.097192
aaaaakcy_s005_t001,broadband,0.0,naive,1,3.201454,0.953051,0.251439
aaaaakdj_s001_t000,broadband,0.0,naive,1,2.263630,0.892325,0.021306
aaaaakdo_s001_t000,broadband,0.0,naive,1,2.026598,0.868559,0.081413
aaaaakeq_s001_t000,broadband,0.0,naive,1,2.402644,0.904436,0.117089
aaaaakeq_s002_t000,broadband,0.0,naive,1,1.983296,0.863764,0.328888
aaaaakeq_s003_t000,broadband,0.0,naive,1,2.560620,0.916707,0.047679
aaaaakev_s001_t001,broadband,0.0,naive,1,2.596784,0.919307,0.095589
aaaaakev_s002_t000,broadband,0.0,naive,1,1.805771,0.842549,0.772101
aaaaakft_s001_t000,broadband,0.0,naive,0,2.295379,0.895204,0.327166
aaaaakgp_s001_t001,broadband,0.0,naive,0,1.972395,0.862533,0.369538
aaaaakgu_s001_t000,broadband,0.0,naive,1,1.877907,0.851477,0.039625
aaaaakjk_s002_t002,broadband,0.0,naive,1,2.587356,0.918637,0.031831
aaaaakjk_s003_t000,broadband,0.0,naive,1,1.879262,0.851640,0.077420
aaaaakka_s001_t001,broadband,0.0,naive,0,1.232726,0.755818,0.176637
aaaaakmg_s003_t001,broadband,0.0,naive,1,2.415694,0.905508,0.069275
aaaaakmh_s001_t000,broadband,0.0,naive,1,2.137876,0.880227,0.928012
aaaaaknt_s001_t000,broadband,0.0,naive,1,1.862911,0.849656,0.368642
aaaaakoo_s001_t001,broadband,0.0,naive,1,2.451327,0.908380,0.090771
aaaaakqg_s001_t001,broadband,0.0,naive,0,1.558925,0.808688,0.405941
aaaaakqr_s001_t000,broadband,0.0,naive,0,2.090719,0.875395,0.080324
aaaaakrt_s001_t001,broadband,0.0,naive,1,2.596314,0.919274,0.028549
aaaaakrt_s002_t001,broadband,0.0,naive,1,2.370119,0.901716,0.341429
aaaaaksb_s001_t000,broadband,0.0,naive,0,2.388062,0.903225,0.298864
aaaaaksu_s001_t001,broadband,0.0,naive,0,1.911606,0.855502,0.149959
aaaaakxz_s001_t001,broadband,0.0,naive,1,2.419697,0.905834,0.298991
aaaaakxz_s002_t001,broadband,0.0,naive,1,2.614557,0.920558,0.046423
aaaaalaf_s001_t000,broadband,0.0,naive,0,0.812878,0.674543,0.537361
aaaaalau_s001_t000,broadband,0.0,naive,1,2.567390,0.917200,0.137709
aaaaalbh_s001_t000,broadband,0.0,naive,1,2.547777,0.915766,0.083504
aaaaalbt_s001_t001,broadband,0.0,naive,0,1.196956,0.749457,0.298245
aaaaalbt_s002_t000,broadband,0.0,naive,0,2.170636,0.883487,0.794027
aaaaalbz_s006_t000,broadband,0.0,naive,1,2.463220,0.909322,0.241700
aaaaalid_s001_t001,broadband,0.0,naive,0,2.558812,0.916575,0.024447
aaaaaljf_s001_t000,broadband,0.0,naive,1,2.155560,0.881996,0.474135
aaaaaljj_s001_t000,broadband,0.0,naive,0,0.415802,0.586491,0.624722
aaaaallc_s001_t001,broadband,0.0,naive,0,2.121317,0.878549,0.298563
aaaaalle_s002_t000,broadband,0.0,naive,1,2.449512,0.908236,0.224396
aaaaalox_s001_t001,broadband,0.0,naive,0,2.343033,0.899399,0.034159
aaaaalpv_s001_t000,broadband,0.0,naive,0,1.989242,0.864431,0.725430
aaaaalqa_s001_t000,broadband,0.0,naive,0,1.263060,0.761127,0.582261
aaaaalqr_s001_t001,broadband,0.0,naive,1,2.307432,0.896280,0.143026
aaaaalqs_s001_t001,broadband,0.0,naive,0,1.334504,0.773313,0.052687
aaaaalqx_s001_t000,broadband,0.0,naive,0,2.231573,0.889347,0.522881
aaaaalrc_s002_t000,broadband,0.0,naive,1,3.558523,0.966161,0.022998
aaaaalsq_s001_t000,broadband,0.0,naive,0,2.416033,0.905535,0.089031
aaaaalsx_s001_t000,broadband,0.0,naive,1,2.169027,0.883329,0.200850
aaaaalsx_s004_t001,broadband,0.0,naive,1,1.771432,0.838148,0.063071
aaaaaluz_s001_t001,broadband,0.0,naive,0,0.169353,0.528481,0.213857
aaaaalvw_s001_t000,broadband,0.0,naive,0,2.183460,0.884742,0.542491
aaaaalvz_s001_t000,broadband,0.0,naive,1,2.836157,0.934725,0.169256
aaaaalxk_s001_t000,broadband,0.0,naive,0,2.473519,0.910129,0.035114
aaaaalyr_s001_t000,broadband,0.0,naive,1,2.696976,0.926129,0.226316
aaaaalzk_s002_t001,broadband,0.0,naive,1,2.520577,0.913739,0.063326
aaaaamcb_s001_t001,broadband,0.0,naive,1,2.792012,0.932104,0.104308
aaaaamfe_s001_t001,broadband,0.0,naive,0,1.946294,0.859550,0.151522
aaaaamft_s001_t001,broadband,0.0,naive,1,2.105547,0.876932,0.362215
aaaaamfu_s001_t000,broadband,0.0,naive,0,2.178202,0.884229,0.199435
aaaaamhi_s001_t000,broadband,0.0,naive,1,2.523327,0.913946,0.037110
aaaaamhk_s001_t000,broadband,0.0,naive,1,2.238864,0.890030,0.115148
aaaaamjc_s001_t001,broadband,0.0,naive,1,3.259756,0.955481,0.030917
aaaaammh_s001_t001,broadband,0.0,naive,1,2.186491,0.885037,0.032111
aaaaamnq_s001_t000,broadband,0.0,naive,1,2.725377,0.927963,0.177656
aaaaamnq_s002_t000,broadband,0.0,naive,1,2.097042,0.876053,0.061790
aaaaamon_s001_t000,broadband,0.0,naive,0,1.804832,0.842430,0.524571
aaaaampz_s001_t000,broadband,0.0,naive,1,2.564267,0.916973,0.031684
aaaaamrj_s001_t000,broadband,0.0,naive,0,2.492458,0.911598,0.179133
aaaaamsc_s001_t000,broadband,0.0,naive,1,2.348019,0.899829,0.098572
aaaaamtb_s001_t000,broadband,0.0,naive,0,2.580835,0.918170,0.023378
aaaaamuc_s001_t000,broadband,0.0,naive,0,1.877364,0.851411,0.064491
aaaaamxn_s001_t000,broadband,0.0,naive,1,2.037014,0.869690,0.146168
aaaaamyb_s001_t001,broadband,0.0,naive,0,2.447237,0.908055,0.035826
aaaaamye_s001_t000,broadband,0.0,naive,1,2.814384,0.933444,0.087032
aaaaamzi_s001_t001,broadband,0.0,naive,1,2.742321,0.929038,0.069517
aaaaamzl_s001_t000,broadband,0.0,naive,0,1.957661,0.860856,0.167406
aaaaamzx_s001_t000,broadband,0.0,naive,0,1.238089,0.756762,0.246860
aaaaanbq_s001_t000,broadband,0.0,naive,0,2.086747,0.874981,0.059704
aaaaanek_s001_t000,broadband,0.0,naive,0,0.514281,0.609106,0.470605
aaaaangp_s001_t000,broadband,0.0,naive,0,1.729006,0.832574,0.115251
aaaaanhb_s001_t003,broadband,0.0,naive,1,2.707870,0.926837,0.192892
aaaaanhb_s003_t001,broadband,0.0,naive,1,2.210325,0.887333,0.031434
aaaaanhb_s005_t000,broadband,0.0,naive,1,2.701778,0.926442,0.034052
aaaaankf_s001_t000,broadband,0.0,naive,1,2.542570,0.915381,0.041783
aaaaanlp_s001_t000,broadband,0.0,naive,0,2.087064,0.875014,0.131328
aaaaanmc_s001_t000,broadband,0.0,naive,1,2.643178,0.922535,0.158762
aaaaanop_s001_t000,broadband,0.0,naive,0,2.483073,0.910873,0.109070
aaaaanoz_s001_t000,broadband,0.0,naive,1,2.292470,0.894943,0.065653
aaaaanpr_s001_t002,broadband,0.0,naive,1,2.167180,0.883147,0.268640
aaaaanqe_s001_t000,broadband,0.0,naive,0,1.804698,0.842413,0.736315
aaaaanro_s001_t000,broadband,0.0,naive,1,2.710027,0.926977,0.298082
aaaaansj_s001_t000,broadband,0.0,naive,1,2.643396,0.922549,0.054925
aaaaanta_s001_t000,broadband,0.0,naive,1,2.366063,0.901372,0.769822
aaaaanum_s001_t000,broadband,0.0,naive,0,1.796917,0.841424,0.042870
aaaaanvb_s002_t000,broadband,0.0,naive,0,1.838145,0.846608,0.090680
aaaaanvg_s001_t002,broadband,0.0,naive,0,1.525369,0.803679,0.091799
aaaaanvw_s001_t000,broadband,0.0,naive,0,1.156427,0.742117,0.677842
aaaaanwc_s001_t001,broadband,0.0,naive,1,1.902053,0.854370,0.209038
aaaaanxl_s001_t000,broadband,0.0,naive,1,2.175014,0.883917,0.724748
aaaaanyb_s001_t001,broadband,0.0,naive,0,1.863945,0.849782,0.035891
aaaaanyt_s002_t000,broadband,0.0,naive,1,4.784578,0.989260,0.364069
aaaaanyw_s001_t000,broadband,0.0,naive,1,2.480864,0.910702,0.013816
aaaaanyw_s002_t000,broadband,0.0,naive,1,2.290816,0.894795,0.067026
aaaaanzh_s001_t000,broadband,0.0,naive,1,1.807693,0.842792,1.097462
aaaaanzu_s001_t003,broadband,0.0,naive,1,2.491475,0.911523,0.039386
aaaaaoav_s001_t000,broadband,0.0,naive,0,1.299853,0.767458,1.086047
aaaaaoav_s002_t000,broadband,0.0,naive,0,2.020298,0.867870,0.172587
aaaaaobi_s001_t000,broadband,0.0,naive,1,2.271760,0.893069,0.443305
aaaaaobl_s001_t000,broadband,0.0,naive,0,2.168808,0.883307,0.386982
aaaaaoby_s001_t000,broadband,0.0,naive,0,2.276042,0.893459,0.084414
aaaaaoda_s001_t000,broadband,0.0,naive,1,2.095601,0.875903,0.702329
aaaaaoeg_s001_t000,broadband,0.0,naive,0,2.303585,0.895938,0.070963
aaaaaofj_s001_t000,broadband,0.0,naive,0,2.312012,0.896686,0.073078
aaaaaofr_s001_t000,broadband,0.0,naive,0,2.365781,0.901348,0.090757
aaaaaofz_s001_t000,broadband,0.0,naive,0,2.117181,0.878127,0.090242
aaaaaohb_s001_t000,broadband,0.0,naive,1,2.406733,0.904773,0.125513
aaaaaohr_s002_t001,broadband,0.0,naive,1,2.413179,0.905302,0.208961
aaaaaoiq_s001_t000,broadband,0.0,naive,1,1.631695,0.819213,0.084651
aaaaaoiv_s001_t000,broadband,0.0,naive,1,1.509318,0.801248,0.067656
aaaaaoiv_s002_t001,broadband,0.0,naive,1,3.060849,0.946662,0.138422
aaaaaoiv_s003_t003,broadband,0.0,naive,1,2.778213,0.931265,0.083946
aaaaaojd_s001_t002,broadband,0.0,naive,0,1.561111,0.809010,0.190368
aaaaaokg_s001_t000,broadband,0.0,naive,0,2.553026,0.916151,0.057938
aaaaaoly_s001_t000,broadband,0.0,naive,0,2.417050,0.905618,0.376312
aaaaaome_s001_t000,broadband,0.0,naive,0,2.246547,0.890747,0.039000
aaaaaomx_s001_t000,broadband,0.0,naive,0,2.269581,0.892870,0.127837
aaaaaomy_s001_t000,broadband,0.0,naive,1,2.288212,0.894560,0.160017
aaaaaonb_s001_t000,broadband,0.0,naive,0,2.383478,0.902841,0.119313
aaaaaons_s002_t002,broadband,0.0,naive,1,2.510790,0.913000,0.057593
aaaaaopd_s001_t000,broadband,0.0,naive,0,2.436809,0.907220,0.047457
aaaaaopo_s001_t000,broadband,0.0,naive,0,1.276893,0.763521,0.090599
aaaaaora_s002_t000,broadband,0.0,naive,1,2.317918,0.897207,0.093511
aaaaaord_s001_t000,broadband,0.0,naive,1,2.204969,0.886821,0.054604
aaaaaosh_s001_t000,broadband,0.0,naive,1,1.906012,0.854840,0.294032
aaaaaosw_s001_t000,broadband,0.0,naive,0,2.298745,0.895506,0.096970
aaaaaote_s001_t000,broadband,0.0,naive,0,1.832063,0.845852,0.150180
aaaaaout_s001_t000,broadband,0.0,naive,1,1.893333,0.853331,0.074854
aaaaaovl_s001_t000,broadband,0.0,naive,1,2.495091,0.911801,0.121503
aaaaaovo_s001_t000,broadband,0.0,naive,1,2.948830,0.940993,0.041475
aaaaaowb_s001_t000,broadband,0.0,naive,0,3.405365,0.961037,0.319522
aaaaaoxf_s001_t000,broadband,0.0,naive,0,1.592861,0.813653,0.155619
aaaaaozf_s001_t001,broadband,0.0,naive,0,1.982149,0.863635,0.056384
aaaaapag_s001_t000,broadband,0.0,naive,0,1.781703,0.839475,0.365039
aaaaapar_s001_t000,broadband,0.0,naive,1,2.771907,0.930879,0.225948
aaaaapcb_s001_t000,broadband,0.0,naive,0,2.412025,0.905207,0.076058
aaaaapcy_s001_t002,broadband,0.0,naive,0,1.532037,0.804682,0.228874
aaaaapdg_s001_t000,broadband,0.0,naive,0,2.447809,0.908100,0.070669
aaaaaphs_s001_t000,broadband,0.0,naive,1,2.170422,0.883466,0.873944
aaaaaphw_s001_t000,broadband,0.0,naive,0,2.656496,0.923439,0.090462
aaaaapij_s001_t000,broadband,0.0,naive,0,2.201836,0.886520,0.047553
aaaaapjc_s001_t001,broadband,0.0,naive,0,2.323364,0.897686,0.032229
aaaaapka_s001_t000,broadband,0.0,naive,0,1.731381,0.832891,0.302303
aaaaapkx_s001_t001,broadband,0.0,naive,1,2.112785,0.877676,0.154278
aaaaaply_s001_t001,broadband,0.0,naive,1,2.624349,0.921239,0.102933
aaaaapmb_s002_t001,broadband,0.0,naive,1,1.987780,0.864267,0.050085
aaaaapmp_s001_t000,broadband,0.0,naive,1,1.743375,0.834479,0.241940
aaaaapnr_s001_t000,broadband,0.0,naive,1,2.044830,0.870534,0.427317
aaaaapoc_s001_t000,broadband,0.0,naive,1,1.710406,0.830083,0.639223
aaaaapof_s001_t000,broadband,0.0,naive,0,2.141744,0.880616,0.466897
aaaaapoo_s001_t000,broadband,0.0,naive,0,2.291711,0.894875,0.503617
aaaaapoq_s001_t000,broadband,0.0,naive,0,2.224196,0.888651,0.608022
aaaaappb_s001_t000,broadband,0.0,naive,0,2.214131,0.887696,0.492855
aaaaapqd_s001_t000,broadband,0.0,naive,1,2.345036,0.899572,0.434649
aaaaapqv_s001_t000,broadband,0.0,naive,0,2.093743,0.875710,0.383604
aaaaapta_s001_t000,broadband,0.0,naive,1,2.498081,0.912030,0.075160
aaaaapth_s001_t000,broadband,0.0,naive,1,2.381123,0.902644,0.092735
aaaaapua_s001_t001,broadband,0.0,naive,0,0.978620,0.708300,0.168233
aaaaapuu_s001_t000,broadband,0.0,naive,0,2.246221,0.890716,0.503364
aaaaapvw_s001_t001,broadband,0.0,naive,1,1.960252,0.861152,0.535477
aaaaapvy_s001_t000,broadband,0.0,naive,1,2.087605,0.875070,0.563030
aaaaapwn_s001_t001,broadband,0.0,naive,0,1.597904,0.814382,0.335562
aaaaapwo_s001_t001,broadband,0.0,naive,1,3.545800,0.965762,0.104589
aaaaapxm_s001_t001,broadband,0.0,naive,0,0.968153,0.706229,0.109730
aaaaapys_s001_t001,broadband,0.0,naive,1,3.226390,0.954106,0.147302
aaaaapys_s002_t001,broadband,0.0,naive,1,2.748794,0.929445,0.065966
aaaaaayx_s002_t000,broadband,10.0,canonicalized,0,0.536711,0.614196,2.358081
aaaaabdo_s003_t000,broadband,10.0,canonicalized,1,3.604001,0.967553,1.247387
aaaaabsk_s007_t000,broadband,10.0,canonicalized,1,1.619625,0.817499,0.501411
aaaaabuv_s002_t000,broadband,10.0,canonicalized,1,0.864411,0.685257,0.477117
aaaaacad_s003_t000,broadband,10.0,canonicalized,0,1.342260,0.774610,0.226996
aaaaacby_s004_t000,broadband,10.0,canonicalized,0,1.471925,0.795499,0.215646
aaaaaddm_s006_t000,broadband,10.0,canonicalized,1,2.468495,0.909736,0.756974
aaaaadeu_s002_t000,broadband,10.0,canonicalized,1,1.959646,0.861083,0.478583
aaaaadjk_s002_t000,broadband,10.0,canonicalized,0,1.644004,0.820948,0.125968
aaaaadkb_s002_t000,broadband,10.0,canonicalized,1,4.006204,0.977673,2.755044
aaaaadsm_s002_t001,broadband,10.0,canonicalized,0,-0.802864,0.306887,0.706890
aaaaaeab_s003_t000,broadband,10.0,canonicalized,0,-0.845131,0.298366,0.123782
aaaaaejc_s003_t001,broadband,10.0,canonicalized,0,-0.016189,0.484205,0.529016
aaaaaezn_s003_t001,broadband,10.0,canonicalized,1,0.750354,0.661297,1.729568
aaaaafhl_s003_t000,broadband,10.0,canonicalized,1,0.579580,0.623853,0.304086
aaaaagfk_s003_t000,broadband,10.0,canonicalized,0,0.710841,0.652791,0.663309
aaaaagsc_s003_t001,broadband,10.0,canonicalized,1,2.649527,0.922967,2.736742
aaaaagsc_s006_t001,broadband,10.0,canonicalized,1,-0.400566,0.394032,0.325640
aaaaaguk_s002_t001,broadband,10.0,canonicalized,0,-1.371964,0.204505,0.238456
aaaaagvx_s002_t000,broadband,10.0,canonicalized,1,0.107403,0.513713,0.504866
aaaaagvx_s003_t001,broadband,10.0,canonicalized,1,2.040821,0.870102,0.094102
aaaaagyr_s002_t000,broadband,10.0,canonicalized,1,1.925177,0.857097,0.891306
aaaaahie_s005_t001,broadband,10.0,canonicalized,1,3.737205,0.971319,0.509756
aaaaahsv_s002_t000,broadband,10.0,canonicalized,0,-0.315058,0.413695,0.512177
aaaaahte_s002_t000,broadband,10.0,canonicalized,1,3.162628,0.951364,1.122539
aaaaahte_s003_t000,broadband,10.0,canonicalized,1,3.939648,0.976242,1.701766
aaaaahuy_s002_t000,broadband,10.0,canonicalized,1,0.201256,0.536068,0.106395
aaaaahzi_s001_t000,broadband,10.0,canonicalized,0,1.617258,0.817161,0.316792
aaaaahzm_s001_t001,broadband,10.0,canonicalized,0,0.623999,0.633757,0.167133
aaaaahzq_s001_t000,broadband,10.0,canonicalized,0,-0.056101,0.474689,0.255589
aaaaahzs_s001_t001,broadband,10.0,canonicalized,0,0.360023,0.573512,0.423065
aaaaaiae_s001_t000,broadband,10.0,canonicalized,0,2.041523,0.870178,0.238507
aaaaaibx_s001_t000,broadband,10.0,canonicalized,0,1.981050,0.863511,0.043709
aaaaaiby_s001_t000,broadband,10.0,canonicalized,0,0.678290,0.645710,1.239157
aaaaaici_s001_t000,broadband,10.0,canonicalized,0,-0.030701,0.480743,3.292791
aaaaaicn_s001_t000,broadband,10.0,canonicalized,0,1.418265,0.787033,0.062135
aaaaaijh_s002_t000,broadband,10.0,canonicalized,1,1.981719,0.863586,0.492433
aaaaaijn_s001_t001,broadband,10.0,canonicalized,0,-0.709009,0.326281,0.096210
aaaaairb_s001_t001,broadband,10.0,canonicalized,0,2.450292,0.908298,0.144455
aaaaairo_s001_t000,broadband,10.0,canonicalized,0,0.726950,0.656271,1.150882
aaaaaitt_s001_t000,broadband,10.0,canonicalized,0,2.013299,0.867101,1.073704
aaaaaiue_s004_t000,broadband,10.0,canonicalized,1,1.911807,0.855526,0.537746
aaaaaiuo_s002_t000,broadband,10.0,canonicalized,0,0.987359,0.710022,0.578314
aaaaaiwz_s001_t001,broadband,10.0,canonicalized,0,-0.646915,0.339453,0.503871
aaaaaiyy_s001_t001,broadband,10.0,canonicalized,0,-1.026818,0.263345,0.965920
aaaaaizd_s001_t001,broadband,10.0,canonicalized,0,1.960090,0.861134,0.715304
aaaaaizs_s001_t000,broadband,10.0,canonicalized,0,0.408783,0.584864,0.225919
aaaaajae_s001_t001,broadband,10.0,canonicalized,0,1.794122,0.841067,0.355143
aaaaajah_s002_t001,broadband,10.0,canonicalized,1,1.071365,0.726262,0.638719
aaaaajah_s004_t000,broadband,10.0,canonicalized,1,1.711381,0.830214,1.122606
aaaaajal_s001_t001,broadband,10.0,canonicalized,0,-1.887477,0.135774,0.113209
aaaaajam_s001_t000,broadband,10.0,canonicalized,1,0.091574,0.509935,0.123007
aaaaajar_s001_t001,broadband,10.0,canonicalized,0,-0.775654,0.312444,0.374719
aaaaajbb_s001_t000,broadband,10.0,canonicalized,0,1.218154,0.753240,0.580763
aaaaajbh_s002_t000,broadband,10.0,canonicalized,0,-0.066187,0.472287,0.081542
aaaaajce_s001_t000,broadband,10.0,canonicalized,0,1.084775,0.728801,0.865765
aaaaajci_s001_t000,broadband,10.0,canonicalized,0,2.351160,0.900099,0.045190
aaaaajck_s001_t000,broadband,10.0,canonicalized,0,-0.330935,0.410021,0.541027
aaaaajct_s001_t000,broadband,10.0,canonicalized,0,2.278796,0.893709,0.733623
aaaaajcu_s001_t000,broadband,10.0,canonicalized,0,1.846784,0.847677,0.758766
aaaaajda_s001_t000,broadband,10.0,canonicalized,0,1.265932,0.761625,0.289541
aaaaajdb_s001_t000,broadband,10.0,canonicalized,0,2.509869,0.912930,0.051098
aaaaajdv_s001_t000,broadband,10.0,canonicalized,0,1.968514,0.862093,0.554458
aaaaajdy_s001_t000,broadband,10.0,canonicalized,0,1.084574,0.728763,0.363104
aaaaajdz_s001_t000,broadband,10.0,canonicalized,0,1.247737,0.758455,0.089916
aaaaajea_s001_t000,broadband,10.0,canonicalized,0,2.303038,0.895889,0.708658
aaaaajen_s001_t000,broadband,10.0,canonicalized,0,2.030610,0.868995,0.661704
aaaaajey_s001_t000,broadband,10.0,canonicalized,0,-0.554219,0.359581,0.315970
aaaaajfb_s001_t000,broadband,10.0,canonicalized,0,1.655809,0.822599,0.385216
aaaaajfe_s001_t000,broadband,10.0,canonicalized,0,0.995962,0.711711,0.170102
aaaaajff_s001_t000,broadband,10.0,canonicalized,0,-1.749394,0.152009,0.165164
aaaaajfi_s001_t001,broadband,10.0,canonicalized,0,-0.054244,0.475132,0.336723
aaaaajfn_s001_t001,broadband,10.0,canonicalized,0,-0.645438,0.339769,2.144977
aaaaajfy_s001_t000,broadband,10.0,canonicalized,0,-0.784212,0.310690,0.226596
aaaaajga_s001_t001,broadband,10.0,canonicalized,0,1.660138,0.823202,0.274053
aaaaajhy_s001_t000,broadband,10.0,canonicalized,0,0.801908,0.672238,0.220329
aaaaajit_s001_t001,broadband,10.0,canonicalized,0,-1.715703,0.156204,1.973417
aaaaajiu_s001_t000,broadband,10.0,canonicalized,0,1.979615,0.863349,0.475281
aaaaajiy_s001_t001,broadband,10.0,canonicalized,0,0.254406,0.548670,0.292059
aaaaajiz_s001_t000,broadband,10.0,canonicalized,0,2.250124,0.891079,0.313433
aaaaajjb_s001_t001,broadband,10.0,canonicalized,0,1.195548,0.749204,0.305942
aaaaajje_s001_t000,broadband,10.0,canonicalized,0,1.403129,0.784599,0.509776
aaaaajjk_s001_t000,broadband,10.0,canonicalized,0,1.588775,0.813061,0.243759
aaaaajna_s001_t000,broadband,10.0,canonicalized,0,1.834653,0.846175,0.390485
aaaaajnu_s001_t000,broadband,10.0,canonicalized,0,1.173763,0.745273,1.936432
aaaaajon_s001_t000,broadband,10.0,canonicalized,0,2.099519,0.876309,0.576512
aaaaajoo_s002_t001,broadband,10.0,canonicalized,1,1.003786,0.713242,0.514370
aaaaajpg_s001_t001,broadband,10.0,canonicalized,0,-0.666275,0.335318,0.203946
aaaaajqh_s004_t000,broadband,10.0,canonicalized,1,2.176827,0.884094,0.088018
aaaaajqk_s003_t001,broadband,10.0,canonicalized,1,1.927957,0.857422,0.419563
aaaaajrf_s001_t000,broadband,10.0,canonicalized,1,2.287107,0.894461,0.604261
aaaaajrf_s002_t000,broadband,10.0,canonicalized,1,2.504318,0.912507,0.566180
aaaaajrf_s003_t002,broadband,10.0,canonicalized,1,5.060256,0.991726,3.575263
aaaaajrf_s004_t000,broadband,10.0,canonicalized,1,2.734896,0.928569,0.066888
aaaaajso_s001_t000,broadband,10.0,canonicalized,1,2.207834,0.887095,0.442745
aaaaajtg_s001_t000,broadband,10.0,canonicalized,0,1.877455,0.851422,0.919306
aaaaajtu_s001_t000,broadband,10.0,canonicalized,0,2.216676,0.887939,0.770879
aaaaajuh_s001_t000,broadband,10.0,canonicalized,1,1.645725,0.821189,0.903315
aaaaajun_s001_t000,broadband,10.0,canonicalized,0,2.128715,0.879301,0.734512
aaaaajvh_s001_t001,broadband,10.0,canonicalized,0,1.491552,0.798532,0.270254
aaaaajxp_s001_t000,broadband,10.0,canonicalized,0,-0.184867,0.444149,0.369768
aaaaakck_s001_t001,broadband,10.0,canonicalized,1,1.977466,0.863107,0.090519
aaaaakcx_s001_t001,broadband,10.0,canonicalized,1,4.225945,0.981824,0.924732
aaaaakcy_s005_t001,broadband,10.0,canonicalized,1,6.326790,0.997518,0.855268
aaaaakdj_s001_t000,broadband,10.0,canonicalized,1,1.025764,0.717517,0.913089
aaaaakdo_s001_t000,broadband,10.0,canonicalized,1,0.983503,0.709262,0.248931
aaaaakeq_s001_t000,broadband,10.0,canonicalized,1,1.785222,0.839927,1.254787
aaaaakeq_s002_t000,broadband,10.0,canonicalized,1,2.188972,0.885278,0.458840
aaaaakeq_s003_t000,broadband,10.0,canonicalized,1,2.138350,0.880274,0.419708
aaaaakev_s001_t001,broadband,10.0,canonicalized,1,3.854102,0.974271,0.440623
aaaaakev_s002_t000,broadband,10.0,canonicalized,1,2.570692,0.917439,0.294122
aaaaakft_s001_t000,broadband,10.0,canonicalized,0,1.934123,0.858141,0.081005
aaaaakgp_s001_t001,broadband,10.0,canonicalized,0,0.811268,0.674206,1.880366
aaaaakgu_s001_t000,broadband,10.0,canonicalized,1,-0.290394,0.419421,0.044863
aaaaakjk_s002_t002,broadband,10.0,canonicalized,1,2.381988,0.902716,0.077484
aaaaakjk_s003_t000,broadband,10.0,canonicalized,1,0.835997,0.679373,0.709979
aaaaakka_s001_t001,broadband,10.0,canonicalized,0,0.098855,0.511673,0.324647
aaaaakmg_s003_t001,broadband,10.0,canonicalized,1,2.292428,0.894940,0.322712
aaaaakmh_s001_t000,broadband,10.0,canonicalized,1,1.916823,0.856117,0.536736
aaaaaknt_s001_t000,broadband,10.0,canonicalized,1,1.223476,0.754184,1.097019
aaaaakoo_s001_t001,broadband,10.0,canonicalized,1,3.459852,0.962940,0.397186
aaaaakqg_s001_t001,broadband,10.0,canonicalized,0,-0.233706,0.432663,1.519269
aaaaakqr_s001_t000,broadband,10.0,canonicalized,0,0.052205,0.500534,0.172308
aaaaakrt_s001_t001,broadband,10.0,canonicalized,1,2.750700,0.929564,0.426461
aaaaakrt_s002_t001,broadband,10.0,canonicalized,1,2.189486,0.885328,1.696898
aaaaaksb_s001_t000,broadband,10.0,canonicalized,0,1.071862,0.726356,0.222802
aaaaaksu_s001_t001,broadband,10.0,canonicalized,0,0.770916,0.665682,0.734259
aaaaakxz_s001_t001,broadband,10.0,canonicalized,1,1.640566,0.820464,0.501542
aaaaakxz_s002_t001,broadband,10.0,canonicalized,1,2.736374,0.928662,0.245892
aaaaalaf_s001_t000,broadband,10.0,canonicalized,0,-2.210142,0.103485,0.636609
aaaaalau_s001_t000,broadband,10.0,canonicalized,1,2.642809,0.922509,0.117485
aaaaalbh_s001_t000,broadband,10.0,canonicalized,1,2.064654,0.872654,0.801748
aaaaalbt_s001_t001,broadband,10.0,canonicalized,0,-0.143831,0.453847,0.421726
aaaaalbt_s002_t000,broadband,10.0,canonicalized,0,2.030437,0.868977,0.504680
aaaaalbz_s006_t000,broadband,10.0,canonicalized,1,2.008210,0.866540,1.205202
aaaaalid_s001_t001,broadband,10.0,canonicalized,0,2.098630,0.876217,0.357637
aaaaaljf_s001_t000,broadband,10.0,canonicalized,1,2.221860,0.888430,0.044406
aaaaaljj_s001_t000,broadband,10.0,canonicalized,0,-2.127568,0.111036,0.998980
aaaaallc_s001_t001,broadband,10.0,canonicalized,0,0.602441,0.628964,0.924194
aaaaalle_s002_t000,broadband,10.0,canonicalized,1,2.100691,0.876431,0.350029
aaaaalox_s001_t001,broadband,10.0,canonicalized,0,2.476092,0.910330,0.201008
aaaaalpv_s001_t000,broadband,10.0,canonicalized,0,1.960351,0.861164,0.103460
aaaaalqa_s001_t000,broadband,10.0,canonicalized,0,-1.026030,0.263491,2.354331
aaaaalqr_s001_t001,broadband,10.0,canonicalized,1,1.956063,0.860673,0.717385
aaaaalqs_s001_t001,broadband,10.0,canonicalized,0,-1.363229,0.205866,0.415282
aaaaalqx_s001_t000,broadband,10.0,canonicalized,0,2.024461,0.868325,0.371227
aaaaalrc_s002_t000,broadband,10.0,canonicalized,1,9.318406,0.999857,0.227482
aaaaalsq_s001_t000,broadband,10.0,canonicalized,0,2.499925,0.912172,0.123447
aaaaalsx_s001_t000,broadband,10.0,canonicalized,1,0.757011,0.662720,1.051232
aaaaalsx_s004_t001,broadband,10.0,canonicalized,1,0.834564,0.679075,0.069691
aaaaaluz_s001_t001,broadband,10.0,canonicalized,0,-1.712650,0.156589,0.047193
aaaaalvw_s001_t000,broadband,10.0,canonicalized,0,1.316359,0.770260,0.366609
aaaaalvz_s001_t000,broadband,10.0,canonicalized,1,7.163033,0.998882,0.251226
aaaaalxk_s001_t000,broadband,10.0,canonicalized,0,2.269368,0.892850,0.321804
aaaaalyr_s001_t000,broadband,10.0,canonicalized,1,1.934454,0.858179,0.237076
aaaaalzk_s002_t001,broadband,10.0,canonicalized,1,3.501193,0.964324,1.129932
aaaaamcb_s001_t001,broadband,10.0,canonicalized,1,3.562117,0.966273,0.229444
aaaaamfe_s001_t001,broadband,10.0,canonicalized,0,0.741754,0.659454,0.354941
aaaaamft_s001_t001,broadband,10.0,canonicalized,1,2.578497,0.918002,0.263802
aaaaamfu_s001_t000,broadband,10.0,canonicalized,0,0.765427,0.664514,0.551390
aaaaamhi_s001_t000,broadband,10.0,canonicalized,1,4.043865,0.978445,1.842074
aaaaamhk_s001_t000,broadband,10.0,canonicalized,1,1.799598,0.841765,0.579209
aaaaamjc_s001_t001,broadband,10.0,canonicalized,1,5.615294,0.995114,1.733834
aaaaammh_s001_t001,broadband,10.0,canonicalized,1,1.878076,0.851497,0.869594
aaaaamnq_s001_t000,broadband,10.0,canonicalized,1,2.955618,0.941352,0.579251
aaaaamnq_s002_t000,broadband,10.0,canonicalized,1,2.452669,0.908487,0.350483
aaaaamon_s001_t000,broadband,10.0,canonicalized,0,0.475193,0.600180,2.556273
aaaaampz_s001_t000,broadband,10.0,canonicalized,1,2.281115,0.893919,0.385318
aaaaamrj_s001_t000,broadband,10.0,canonicalized,0,1.709569,0.829970,0.670812
aaaaamsc_s001_t000,broadband,10.0,canonicalized,1,2.840888,0.935000,0.935597
aaaaamtb_s001_t000,broadband,10.0,canonicalized,0,2.421210,0.905958,0.148835
aaaaamuc_s001_t000,broadband,10.0,canonicalized,0,0.540060,0.614954,0.240584
aaaaamxn_s001_t000,broadband,10.0,canonicalized,1,0.801619,0.672178,0.163126
aaaaamyb_s001_t001,broadband,10.0,canonicalized,0,2.523699,0.913974,0.226506
aaaaamye_s001_t000,broadband,10.0,canonicalized,1,4.474345,0.985608,0.316285
aaaaamzi_s001_t001,broadband,10.0,canonicalized,1,3.535287,0.965428,0.378302
aaaaamzl_s001_t000,broadband,10.0,canonicalized,0,0.240251,0.545319,0.851257
aaaaamzx_s001_t000,broadband,10.0,canonicalized,0,-1.277649,0.219553,0.688081
aaaaanbq_s001_t000,broadband,10.0,canonicalized,0,0.868600,0.686119,0.368468
aaaaanek_s001_t000,broadband,10.0,canonicalized,0,-2.318156,0.094296,0.513388
aaaaangp_s001_t000,broadband,10.0,canonicalized,0,0.176960,0.530291,0.380018
aaaaanhb_s001_t003,broadband,10.0,canonicalized,1,3.127084,0.949768,0.518133
aaaaanhb_s003_t001,broadband,10.0,canonicalized,1,2.426615,0.906397,0.039716
aaaaanhb_s005_t000,broadband,10.0,canonicalized,1,2.886137,0.937579,0.104607
aaaaankf_s001_t000,broadband,10.0,canonicalized,1,3.169901,0.951684,0.314640
aaaaanlp_s001_t000,broadband,10.0,canonicalized,0,1.140747,0.739240,0.615501
aaaaanmc_s001_t000,broadband,10.0,canonicalized,1,3.065775,0.946899,2.332021
aaaaanop_s001_t000,broadband,10.0,canonicalized,0,2.050560,0.871150,0.074380
aaaaanoz_s001_t000,broadband,10.0,canonicalized,1,1.253873,0.759527,0.872194
aaaaanpr_s001_t002,broadband,10.0,canonicalized,1,1.169759,0.744546,0.755989
aaaaanqe_s001_t000,broadband,10.0,canonicalized,0,0.965267,0.705657,0.268297
aaaaanro_s001_t000,broadband,10.0,canonicalized,1,3.412819,0.961303,1.683167
aaaaansj_s001_t000,broadband,10.0,canonicalized,1,2.175952,0.884009,0.402175
aaaaanta_s001_t000,broadband,10.0,canonicalized,1,3.080520,0.947603,1.117967
aaaaanum_s001_t000,broadband,10.0,canonicalized,0,-0.164365,0.448990,0.431994
aaaaanvb_s002_t000,broadband,10.0,canonicalized,0,0.641344,0.637595,0.327653
aaaaanvg_s001_t002,broadband,10.0,canonicalized,0,1.184896,0.747287,0.164391
aaaaanvw_s001_t000,broadband,10.0,canonicalized,0,-0.220465,0.435770,1.025106
aaaaanwc_s001_t001,broadband,10.0,canonicalized,1,1.885412,0.852381,1.986990
aaaaanxl_s001_t000,broadband,10.0,canonicalized,1,2.827878,0.934241,1.939152
aaaaanyb_s001_t001,broadband,10.0,canonicalized,0,1.208228,0.751473,0.362006
aaaaanyt_s002_t000,broadband,10.0,canonicalized,1,5.042595,0.991586,0.283136
aaaaanyw_s001_t000,broadband,10.0,canonicalized,1,2.245768,0.890674,0.443353
aaaaanyw_s002_t000,broadband,10.0,canonicalized,1,0.964111,0.705428,2.138691
aaaaanzh_s001_t000,broadband,10.0,canonicalized,1,1.637003,0.819963,0.665166
aaaaanzu_s001_t003,broadband,10.0,canonicalized,1,1.891147,0.853069,0.211092
aaaaaoav_s001_t000,broadband,10.0,canonicalized,0,-0.513666,0.368550,0.695200
aaaaaoav_s002_t000,broadband,10.0,canonicalized,0,0.055095,0.501224,0.765901
aaaaaobi_s001_t000,broadband,10.0,canonicalized,1,2.125224,0.878946,0.891832
aaaaaobl_s001_t000,broadband,10.0,canonicalized,0,2.285784,0.894341,0.414411
aaaaaoby_s001_t000,broadband,10.0,canonicalized,0,1.034912,0.719284,1.440399
aaaaaoda_s001_t000,broadband,10.0,canonicalized,1,2.730117,0.928265,0.947655
aaaaaoeg_s001_t000,broadband,10.0,canonicalized,0,0.866530,0.685693,0.499236
aaaaaofj_s001_t000,broadband,10.0,canonicalized,0,1.327534,0.772144,0.474292
aaaaaofr_s001_t000,broadband,10.0,canonicalized,0,1.805609,0.842528,0.188371
aaaaaofz_s001_t000,broadband,10.0,canonicalized,0,1.147552,0.740491,0.289349
aaaaaohb_s001_t000,broadband,10.0,canonicalized,1,2.067232,0.872927,0.249640
aaaaaohr_s002_t001,broadband,10.0,canonicalized,1,2.305608,0.896118,0.388617
aaaaaoiq_s001_t000,broadband,10.0,canonicalized,1,0.826636,0.677422,0.153204
aaaaaoiv_s001_t000,broadband,10.0,canonicalized,1,-0.512136,0.368890,0.191945
aaaaaoiv_s002_t001,broadband,10.0,canonicalized,1,5.112421,0.992125,0.349813
aaaaaoiv_s003_t003,broadband,10.0,canonicalized,1,4.730999,0.988702,0.249376
aaaaaojd_s001_t002,broadband,10.0,canonicalized,0,0.307818,0.561271,0.175222
aaaaaokg_s001_t000,broadband,10.0,canonicalized,0,2.329516,0.898225,0.328404
aaaaaoly_s001_t000,broadband,10.0,canonicalized,0,2.066082,0.872805,0.954422
aaaaaome_s001_t000,broadband,10.0,canonicalized,0,1.481842,0.797035,0.225358
aaaaaomx_s001_t000,broadband,10.0,canonicalized,0,1.832959,0.845964,0.421461
aaaaaomy_s001_t000,broadband,10.0,canonicalized,1,2.586244,0.918557,0.771626
aaaaaonb_s001_t000,broadband,10.0,canonicalized,0,1.117649,0.734964,1.761919
aaaaaons_s002_t002,broadband,10.0,canonicalized,1,2.488413,0.911287,0.091101
aaaaaopd_s001_t000,broadband,10.0,canonicalized,0,2.107254,0.877108,0.299293
aaaaaopo_s001_t000,broadband,10.0,canonicalized,0,-0.674890,0.333486,0.300059
aaaaaora_s002_t000,broadband,10.0,canonicalized,1,2.049867,0.871076,0.137487
aaaaaord_s001_t000,broadband,10.0,canonicalized,1,1.139476,0.739005,0.135635
aaaaaosh_s001_t000,broadband,10.0,canonicalized,1,1.715706,0.830796,0.666296
aaaaaosw_s001_t000,broadband,10.0,canonicalized,0,1.937027,0.858478,0.419678
aaaaaote_s001_t000,broadband,10.0,canonicalized,0,0.925963,0.697799,0.396124
aaaaaout_s001_t000,broadband,10.0,canonicalized,1,1.165724,0.743813,2.135274
aaaaaovl_s001_t000,broadband,10.0,canonicalized,1,3.089131,0.948010,0.186951
aaaaaovo_s001_t000,broadband,10.0,canonicalized,1,5.335432,0.993626,1.079871
aaaaaowb_s001_t000,broadband,10.0,canonicalized,0,1.655893,0.822611,0.244353
aaaaaoxf_s001_t000,broadband,10.0,canonicalized,0,-0.974747,0.273108,0.253033
aaaaaozf_s001_t001,broadband,10.0,canonicalized,0,1.135937,0.738353,1.751759
aaaaapag_s001_t000,broadband,10.0,canonicalized,0,-0.531873,0.364512,3.562869
aaaaapar_s001_t000,broadband,10.0,canonicalized,1,8.013332,0.999503,0.092743
aaaaapcb_s001_t000,broadband,10.0,canonicalized,0,1.537537,0.805507,0.051374
aaaaapcy_s001_t002,broadband,10.0,canonicalized,0,-0.804049,0.306646,0.546290
aaaaapdg_s001_t000,broadband,10.0,canonicalized,0,1.688131,0.827060,0.268753
aaaaaphs_s001_t000,broadband,10.0,canonicalized,1,2.114574,0.877860,0.629154
aaaaaphw_s001_t000,broadband,10.0,canonicalized,0,2.169920,0.883417,0.484850
aaaaapij_s001_t000,broadband,10.0,canonicalized,0,0.712523,0.653155,0.204973
aaaaapjc_s001_t001,broadband,10.0,canonicalized,0,1.533205,0.804858,0.040992
aaaaapka_s001_t000,broadband,10.0,canonicalized,0,-0.197579,0.441153,0.476817
aaaaapkx_s001_t001,broadband,10.0,canonicalized,1,1.238570,0.756847,0.458782
aaaaaply_s001_t001,broadband,10.0,canonicalized,1,2.925048,0.939719,0.107333
aaaaapmb_s002_t001,broadband,10.0,canonicalized,1,1.321083,0.771058,0.118193
aaaaapmp_s001_t000,broadband,10.0,canonicalized,1,1.420962,0.787465,0.619525
aaaaapnr_s001_t000,broadband,10.0,canonicalized,1,1.705167,0.829376,0.407840
aaaaapoc_s001_t000,broadband,10.0,canonicalized,1,1.985901,0.864056,0.529544
aaaaapof_s001_t000,broadband,10.0,canonicalized,0,1.795856,0.841288,0.734175
aaaaapoo_s001_t000,broadband,10.0,canonicalized,0,1.797621,0.841513,0.489148
aaaaapoq_s001_t000,broadband,10.0,canonicalized,0,1.993575,0.864915,0.804797
aaaaappb_s001_t000,broadband,10.0,canonicalized,0,2.027053,0.868608,0.331697
aaaaapqd_s001_t000,broadband,10.0,canonicalized,1,2.105101,0.876886,1.492157
aaaaapqv_s001_t000,broadband,10.0,canonicalized,0,2.011178,0.866868,0.733416
aaaaapta_s001_t000,broadband,10.0,canonicalized,1,2.680362,0.925035,0.072355
aaaaapth_s001_t000,broadband,10.0,canonicalized,1,1.961086,0.861248,0.139976
aaaaapua_s001_t001,broadband,10.0,canonicalized,0,-2.485008,0.081535,0.270647
aaaaapuu_s001_t000,broadband,10.0,canonicalized,0,1.941185,0.858960,0.995850
aaaaapvw_s001_t001,broadband,10.0,canonicalized,1,2.248185,0.890899,0.202173
aaaaapvy_s001_t000,broadband,10.0,canonicalized,1,1.828087,0.845357,0.776185
aaaaapwn_s001_t001,broadband,10.0,canonicalized,0,-0.303137,0.416460,1.897734
aaaaapwo_s001_t001,broadband,10.0,canonicalized,1,6.587984,0.998065,1.925880
aaaaapxm_s001_t001,broadband,10.0,canonicalized,0,-1.124476,0.245650,0.107815
aaaaapys_s001_t001,broadband,10.0,canonicalized,1,6.605420,0.998097,0.227324
aaaaapys_s002_t001,broadband,10.0,canonicalized,1,4.819480,0.989608,0.582678
aaaaaayx_s002_t000,broadband,10.0,naive,0,0.536711,0.614196,2.358081
aaaaabdo_s003_t000,broadband,10.0,naive,1,3.604001,0.967553,1.247387
aaaaabsk_s007_t000,broadband,10.0,naive,1,1.619625,0.817499,0.501411
aaaaabuv_s002_t000,broadband,10.0,naive,1,0.864411,0.685257,0.477117
aaaaacad_s003_t000,broadband,10.0,naive,0,1.342260,0.774610,0.226996
aaaaacby_s004_t000,broadband,10.0,naive,0,1.471925,0.795499,0.215646
aaaaaddm_s006_t000,broadband,10.0,naive,1,2.468495,0.909736,0.756974
aaaaadeu_s002_t000,broadband,10.0,naive,1,1.959646,0.861083,0.478583
aaaaadjk_s002_t000,broadband,10.0,naive,0,1.644004,0.820948,0.125968
aaaaadkb_s002_t000,broadband,10.0,naive,1,4.006204,0.977673,2.755044
aaaaadsm_s002_t001,broadband,10.0,naive,0,-0.802864,0.306887,0.706890
aaaaaeab_s003_t000,broadband,10.0,naive,0,-0.845131,0.298366,0.123782
aaaaaejc_s003_t001,broadband,10.0,naive,0,-0.016189,0.484205,0.529016
aaaaaezn_s003_t001,broadband,10.0,naive,1,0.750354,0.661297,1.729568
aaaaafhl_s003_t000,broadband,10.0,naive,1,0.579580,0.623853,0.304086
aaaaagfk_s003_t000,broadband,10.0,naive,0,0.710841,0.652791,0.663309
aaaaagsc_s003_t001,broadband,10.0,naive,1,2.649527,0.922967,2.736742
aaaaagsc_s006_t001,broadband,10.0,naive,1,-0.400566,0.394032,0.325640
aaaaaguk_s002_t001,broadband,10.0,naive,0,-1.371964,0.204505,0.238456
aaaaagvx_s002_t000,broadband,10.0,naive,1,0.107403,0.513713,0.504866
aaaaagvx_s003_t001,broadband,10.0,naive,1,2.040821,0.870102,0.094102
aaaaagyr_s002_t000,broadband,10.0,naive,1,1.925177,0.857097,0.891306
aaaaahie_s005_t001,broadband,10.0,naive,1,3.737205,0.971319,0.509756
aaaaahsv_s002_t000,broadband,10.0,naive,0,-0.315058,0.413695,0.512177
aaaaahte_s002_t000,broadband,10.0,naive,1,3.162628,0.951364,1.122539
aaaaahte_s003_t000,broadband,10.0,naive,1,3.939648,0.976242,1.701766
aaaaahuy_s002_t000,broadband,10.0,naive,1,0.201256,0.536068,0.106395
aaaaahzi_s001_t000,broadband,10.0,naive,0,1.617258,0.817161,0.316792
aaaaahzm_s001_t001,broadband,10.0,naive,0,0.623999,0.633757,0.167133
aaaaahzq_s001_t000,broadband,10.0,naive,0,-0.056101,0.474689,0.255589
aaaaahzs_s001_t001,broadband,10.0,naive,0,0.360023,0.573512,0.423065
aaaaaiae_s001_t000,broadband,10.0,naive,0,2.041523,0.870178,0.238507
aaaaaibx_s001_t000,broadband,10.0,naive,0,1.981050,0.863511,0.043709
aaaaaiby_s001_t000,broadband,10.0,naive,0,0.678290,0.645710,1.239157
aaaaaici_s001_t000,broadband,10.0,naive,0,-0.030701,0.480743,3.292791
aaaaaicn_s001_t000,broadband,10.0,naive,0,1.418265,0.787033,0.062135
aaaaaijh_s002_t000,broadband,10.0,naive,1,1.981719,0.863586,0.492433
aaaaaijn_s001_t001,broadband,10.0,naive,0,-0.709009,0.326281,0.096210
aaaaairb_s001_t001,broadband,10.0,naive,0,2.450292,0.908298,0.144455
aaaaairo_s001_t000,broadband,10.0,naive,0,0.726950,0.656271,1.150882
aaaaaitt_s001_t000,broadband,10.0,naive,0,2.013299,0.867101,1.073704
aaaaaiue_s004_t000,broadband,10.0,naive,1,1.911807,0.855526,0.537746
aaaaaiuo_s002_t000,broadband,10.0,naive,0,0.987359,0.710022,0.578314
aaaaaiwz_s001_t001,broadband,10.0,naive,0,-0.646915,0.339453,0.503871
aaaaaiyy_s001_t001,broadband,10.0,naive,0,-1.026818,0.263345,0.965920
aaaaaizd_s001_t001,broadband,10.0,naive,0,1.960090,0.861134,0.715304
aaaaaizs_s001_t000,broadband,10.0,naive,0,0.408783,0.584864,0.225919
aaaaajae_s001_t001,broadband,10.0,naive,0,1.794122,0.841067,0.355143
aaaaajah_s002_t001,broadband,10.0,naive,1,1.071365,0.726262,0.638719
aaaaajah_s004_t000,broadband,10.0,naive,1,1.711381,0.830214,1.122606
aaaaajal_s001_t001,broadband,10.0,naive,0,-1.887477,0.135774,0.113209
aaaaajam_s001_t000,broadband,10.0,naive,1,0.091574,0.509935,0.123007
aaaaajar_s001_t001,broadband,10.0,naive,0,-0.775654,0.312444,0.374719
aaaaajbb_s001_t000,broadband,10.0,naive,0,1.218154,0.753240,0.580763
aaaaajbh_s002_t000,broadband,10.0,naive,0,-0.066187,0.472287,0.081542
aaaaajce_s001_t000,broadband,10.0,naive,0,1.084775,0.728801,0.865765
aaaaajci_s001_t000,broadband,10.0,naive,0,2.351160,0.900099,0.045190
aaaaajck_s001_t000,broadband,10.0,naive,0,-0.330935,0.410021,0.541027
aaaaajct_s001_t000,broadband,10.0,naive,0,2.278796,0.893709,0.733623
aaaaajcu_s001_t000,broadband,10.0,naive,0,1.846784,0.847677,0.758766
aaaaajda_s001_t000,broadband,10.0,naive,0,1.265932,0.761625,0.289541
aaaaajdb_s001_t000,broadband,10.0,naive,0,2.509869,0.912930,0.051098
aaaaajdv_s001_t000,broadband,10.0,naive,0,1.968514,0.862093,0.554458
aaaaajdy_s001_t000,broadband,10.0,naive,0,1.084574,0.728763,0.363104
aaaaajdz_s001_t000,broadband,10.0,naive,0,1.247737,0.758455,0.089916
aaaaajea_s001_t000,broadband,10.0,naive,0,2.303038,0.895889,0.708658
aaaaajen_s001_t000,broadband,10.0,naive,0,2.030610,0.868995,0.661704
aaaaajey_s001_t000,broadband,10.0,naive,0,-0.554219,0.359581,0.315970
aaaaajfb_s001_t000,broadband,10.0,naive,0,1.655809,0.822599,0.385216
aaaaajfe_s001_t000,broadband,10.0,naive,0,0.995962,0.711711,0.170102
aaaaajff_s001_t000,broadband,10.0,naive,0,-1.749394,0.152009,0.165164
aaaaajfi_s001_t001,broadband,10.0,naive,0,-0.054244,0.475132,0.336723
aaaaajfn_s001_t001,broadband,10.0,naive,0,-0.645438,0.339769,2.144977
aaaaajfy_s001_t000,broadband,10.0,naive,0,-0.784212,0.310690,0.226596
aaaaajga_s001_t001,broadband,10.0,naive,0,1.660138,0.823202,0.274053
aaaaajhy_s001_t000,broadband,10.0,naive,0,0.801908,0.672238,0.220329
aaaaajit_s001_t001,broadband,10.0,naive,0,-1.715703,0.156204,1.973417
aaaaajiu_s001_t000,broadband,10.0,naive,0,1.979615,0.863349,0.475281
aaaaajiy_s001_t001,broadband,10.0,naive,0,0.254406,0.548670,0.292059
aaaaajiz_s001_t000,broadband,10.0,naive,0,2.250124,0.891079,0.313433
aaaaajjb_s001_t001,broadband,10.0,naive,0,1.195548,0.749204,0.305942
aaaaajje_s001_t000,broadband,10.0,naive,0,1.403129,0.784599,0.509776
aaaaajjk_s001_t000,broadband,10.0,naive,0,1.588775,0.813061,0.243759
aaaaajna_s001_t000,broadband,10.0,naive,0,1.834653,0.846175,0.390485
aaaaajnu_s001_t000,broadband,10.0,naive,0,1.173763,0.745273,1.936432
aaaaajon_s001_t000,broadband,10.0,naive,0,2.099519,0.876309,0.576512
aaaaajoo_s002_t001,broadband,10.0,naive,1,1.003786,0.713242,0.514370
aaaaajpg_s001_t001,broadband,10.0,naive,0,-0.666275,0.335318,0.203946
aaaaajqh_s004_t000,broadband,10.0,naive,1,2.176827,0.884094,0.088018
aaaaajqk_s003_t001,broadband,10.0,naive,1,1.927957,0.857422,0.419563
aaaaajrf_s001_t000,broadband,10.0,naive,1,2.287107,0.894461,0.604261
aaaaajrf_s002_t000,broadband,10.0,naive,1,2.504318,0.912507,0.566180
aaaaajrf_s003_t002,broadband,10.0,naive,1,5.060256,0.991726,3.575263
aaaaajrf_s004_t000,broadband,10.0,naive,1,2.734896,0.928569,0.066888
aaaaajso_s001_t000,broadband,10.0,naive,1,2.207834,0.887095,0.442745
aaaaajtg_s001_t000,broadband,10.0,naive,0,1.877455,0.851422,0.919306
aaaaajtu_s001_t000,broadband,10.0,naive,0,2.216676,0.887939,0.770879
aaaaajuh_s001_t000,broadband,10.0,naive,1,1.645725,0.821189,0.903315
aaaaajun_s001_t000,broadband,10.0,naive,0,2.128715,0.879301,0.734512
aaaaajvh_s001_t001,broadband,10.0,naive,0,1.491552,0.798532,0.270254
aaaaajxp_s001_t000,broadband,10.0,naive,0,-0.184867,0.444149,0.369768
aaaaakck_s001_t001,broadband,10.0,naive,1,1.977466,0.863107,0.090519
aaaaakcx_s001_t001,broadband,10.0,naive,1,4.225945,0.981824,0.924732
aaaaakcy_s005_t001,broadband,10.0,naive,1,6.326790,0.997518,0.855268
aaaaakdj_s001_t000,broadband,10.0,naive,1,1.025764,0.717517,0.913089
aaaaakdo_s001_t000,broadband,10.0,naive,1,0.983503,0.709262,0.248931
aaaaakeq_s001_t000,broadband,10.0,naive,1,1.785222,0.839927,1.254787
aaaaakeq_s002_t000,broadband,10.0,naive,1,2.188972,0.885278,0.458840
aaaaakeq_s003_t000,broadband,10.0,naive,1,2.138350,0.880274,0.419708
aaaaakev_s001_t001,broadband,10.0,naive,1,3.854102,0.974271,0.440623
aaaaakev_s002_t000,broadband,10.0,naive,1,2.570692,0.917439,0.294122
aaaaakft_s001_t000,broadband,10.0,naive,0,1.934123,0.858141,0.081005
aaaaakgp_s001_t001,broadband,10.0,naive,0,0.811268,0.674206,1.880366
aaaaakgu_s001_t000,broadband,10.0,naive,1,-0.290394,0.419421,0.044863
aaaaakjk_s002_t002,broadband,10.0,naive,1,2.381988,0.902716,0.077484
aaaaakjk_s003_t000,broadband,10.0,naive,1,0.835997,0.679373,0.709979
aaaaakka_s001_t001,broadband,10.0,naive,0,0.098855,0.511673,0.324647
aaaaakmg_s003_t001,broadband,10.0,naive,1,2.292428,0.894940,0.322712
aaaaakmh_s001_t000,broadband,10.0,naive,1,1.916823,0.856117,0.536736
aaaaaknt_s001_t000,broadband,10.0,naive,1,1.223476,0.754184,1.097019
aaaaakoo_s001_t001,broadband,10.0,naive,1,3.459852,0.962940,0.397186
aaaaakqg_s001_t001,broadband,10.0,naive,0,-0.233706,0.432663,1.519269
aaaaakqr_s001_t000,broadband,10.0,naive,0,0.052205,0.500534,0.172308
aaaaakrt_s001_t001,broadband,10.0,naive,1,2.750700,0.929564,0.426461
aaaaakrt_s002_t001,broadband,10.0,naive,1,2.189486,0.885328,1.696898
aaaaaksb_s001_t000,broadband,10.0,naive,0,1.071862,0.726356,0.222802
aaaaaksu_s001_t001,broadband,10.0,naive,0,0.770916,0.665682,0.734259
aaaaakxz_s001_t001,broadband,10.0,naive,1,1.640566,0.820464,0.501542
aaaaakxz_s002_t001,broadband,10.0,naive,1,2.736374,0.928662,0.245892
aaaaalaf_s001_t000,broadband,10.0,naive,0,-2.210142,0.103485,0.636609
aaaaalau_s001_t000,broadband,10.0,naive,1,2.642809,0.922509,0.117485
aaaaalbh_s001_t000,broadband,10.0,naive,1,2.064654,0.872654,0.801748
aaaaalbt_s001_t001,broadband,10.0,naive,0,-0.143831,0.453847,0.421726
aaaaalbt_s002_t000,broadband,10.0,naive,0,2.030437,0.868977,0.504680
aaaaalbz_s006_t000,broadband,10.0,naive,1,2.008210,0.866540,1.205202
aaaaalid_s001_t001,broadband,10.0,naive,0,2.098630,0.876217,0.357637
aaaaaljf_s001_t000,broadband,10.0,naive,1,2.221860,0.888430,0.044406
aaaaaljj_s001_t000,broadband,10.0,naive,0,-2.127568,0.111036,0.998980
aaaaallc_s001_t001,broadband,10.0,naive,0,0.602441,0.628964,0.924194
aaaaalle_s002_t000,broadband,10.0,naive,1,2.100691,0.876431,0.350029
aaaaalox_s001_t001,broadband,10.0,naive,0,2.476092,0.910330,0.201008
aaaaalpv_s001_t000,broadband,10.0,naive,0,1.960351,0.861164,0.103460
aaaaalqa_s001_t000,broadband,10.0,naive,0,-1.026030,0.263491,2.354331
aaaaalqr_s001_t001,broadband,10.0,naive,1,1.956063,0.860673,0.717385
aaaaalqs_s001_t001,broadband,10.0,naive,0,-1.363229,0.205866,0.415282
aaaaalqx_s001_t000,broadband,10.0,naive,0,2.024461,0.868325,0.371227
aaaaalrc_s002_t000,broadband,10.0,naive,1,9.318406,0.999857,0.227482
aaaaalsq_s001_t000,broadband,10.0,naive,0,2.499925,0.912172,0.123447
aaaaalsx_s001_t000,broadband,10.0,naive,1,0.757011,0.662720,1.051232
aaaaalsx_s004_t001,broadband,10.0,naive,1,0.834564,0.679075,0.069691
aaaaaluz_s001_t001,broadband,10.0,naive,0,-1.712650,0.156589,0.047193
aaaaalvw_s001_t000,broadband,10.0,naive,0,1.316359,0.770260,0.366609
aaaaalvz_s001_t000,broadband,10.0,naive,1,7.163033,0.998882,0.251226
aaaaalxk_s001_t000,broadband,10.0,naive,0,2.269368,0.892850,0.321804
aaaaalyr_s001_t000,broadband,10.0,naive,1,1.934454,0.858179,0.237076
aaaaalzk_s002_t001,broadband,10.0,naive,1,3.501193,0.964324,1.129932
aaaaamcb_s001_t001,broadband,10.0,naive,1,3.562117,0.966273,0.229444
aaaaamfe_s001_t001,broadband,10.0,naive,0,0.741754,0.659454,0.354941
aaaaamft_s001_t001,broadband,10.0,naive,1,2.578497,0.918002,0.263802
aaaaamfu_s001_t000,broadband,10.0,naive,0,0.765427,0.664514,0.551390
aaaaamhi_s001_t000,broadband,10.0,naive,1,4.043865,0.978445,1.842074
aaaaamhk_s001_t000,broadband,10.0,naive,1,1.799598,0.841765,0.579209
aaaaamjc_s001_t001,broadband,10.0,naive,1,5.615294,0.995114,1.733834
aaaaammh_s001_t001,broadband,10.0,naive,1,1.878076,0.851497,0.869594
aaaaamnq_s001_t000,broadband,10.0,naive,1,2.955618,0.941352,0.579251
aaaaamnq_s002_t000,broadband,10.0,naive,1,2.452669,0.908487,0.350483
aaaaamon_s001_t000,broadband,10.0,naive,0,0.475193,0.600180,2.556273
aaaaampz_s001_t000,broadband,10.0,naive,1,2.281115,0.893919,0.385318
aaaaamrj_s001_t000,broadband,10.0,naive,0,1.709569,0.829970,0.670812
aaaaamsc_s001_t000,broadband,10.0,naive,1,2.840888,0.935000,0.935597
aaaaamtb_s001_t000,broadband,10.0,naive,0,2.421210,0.905958,0.148835
aaaaamuc_s001_t000,broadband,10.0,naive,0,0.540060,0.614954,0.240584
aaaaamxn_s001_t000,broadband,10.0,naive,1,0.801619,0.672178,0.163126
aaaaamyb_s001_t001,broadband,10.0,naive,0,2.523699,0.913974,0.226506
aaaaamye_s001_t000,broadband,10.0,naive,1,4.474345,0.985608,0.316285
aaaaamzi_s001_t001,broadband,10.0,naive,1,3.535287,0.965428,0.378302
aaaaamzl_s001_t000,broadband,10.0,naive,0,0.240251,0.545319,0.851257
aaaaamzx_s001_t000,broadband,10.0,naive,0,-1.277649,0.219553,0.688081
aaaaanbq_s001_t000,broadband,10.0,naive,0,0.868600,0.686119,0.368468
aaaaanek_s001_t000,broadband,10.0,naive,0,-2.318156,0.094296,0.513388
aaaaangp_s001_t000,broadband,10.0,naive,0,0.176960,0.530291,0.380018
aaaaanhb_s001_t003,broadband,10.0,naive,1,3.127084,0.949768,0.518133
aaaaanhb_s003_t001,broadband,10.0,naive,1,2.426615,0.906397,0.039716
aaaaanhb_s005_t000,broadband,10.0,naive,1,2.886137,0.937579,0.104607
aaaaankf_s001_t000,broadband,10.0,naive,1,3.169901,0.951684,0.314640
aaaaanlp_s001_t000,broadband,10.0,naive,0,1.140747,0.739240,0.615501
aaaaanmc_s001_t000,broadband,10.0,naive,1,3.065775,0.946899,2.332021
aaaaanop_s001_t000,broadband,10.0,naive,0,2.050560,0.871150,0.074380
aaaaanoz_s001_t000,broadband,10.0,naive,1,1.253873,0.759527,0.872194
aaaaanpr_s001_t002,broadband,10.0,naive,1,1.169759,0.744546,0.755989
aaaaanqe_s001_t000,broadband,10.0,naive,0,0.965267,0.705657,0.268297
aaaaanro_s001_t000,broadband,10.0,naive,1,3.412819,0.961303,1.683167
aaaaansj_s001_t000,broadband,10.0,naive,1,2.175952,0.884009,0.402175
aaaaanta_s001_t000,broadband,10.0,naive,1,3.080520,0.947603,1.117967
aaaaanum_s001_t000,broadband,10.0,naive,0,-0.164365,0.448990,0.431994
aaaaanvb_s002_t000,broadband,10.0,naive,0,0.641344,0.637595,0.327653
aaaaanvg_s001_t002,broadband,10.0,naive,0,1.184896,0.747287,0.164391
aaaaanvw_s001_t000,broadband,10.0,naive,0,-0.220465,0.435770,1.025106
aaaaanwc_s001_t001,broadband,10.0,naive,1,1.885412,0.852381,1.986990
aaaaanxl_s001_t000,broadband,10.0,naive,1,2.827878,0.934241,1.939152
aaaaanyb_s001_t001,broadband,10.0,naive,0,1.208228,0.751473,0.362006
aaaaanyt_s002_t000,broadband,10.0,naive,1,5.042595,0.991586,0.283136
aaaaanyw_s001_t000,broadband,10.0,naive,1,2.245768,0.890674,0.443353
aaaaanyw_s002_t000,broadband,10.0,naive,1,0.964111,0.705428,2.138691
aaaaanzh_s001_t000,broadband,10.0,naive,1,1.637003,0.819963,0.665166
aaaaanzu_s001_t003,broadband,10.0,naive,1,1.891147,0.853069,0.211092
aaaaaoav_s001_t000,broadband,10.0,naive,0,-0.513666,0.368550,0.695200
aaaaaoav_s002_t000,broadband,10.0,naive,0,0.055095,0.501224,0.765901
aaaaaobi_s001_t000,broadband,10.0,naive,1,2.125224,0.878946,0.891832
aaaaaobl_s001_t000,broadband,10.0,naive,0,2.285784,0.894341,0.414411
aaaaaoby_s001_t000,broadband,10.0,naive,0,1.034912,0.719284,1.440399
aaaaaoda_s001_t000,broadband,10.0,naive,1,2.730117,0.928265,0.947655
aaaaaoeg_s001_t000,broadband,10.0,naive,0,0.866530,0.685693,0.499236
aaaaaofj_s001_t000,broadband,10.0,naive,0,1.327534,0.772144,0.474292
aaaaaofr_s001_t000,broadband,10.0,naive,0,1.805609,0.842528,0.188371
aaaaaofz_s001_t000,broadband,10.0,naive,0,1.147552,0.740491,0.289349
aaaaaohb_s001_t000,broadband,10.0,naive,1,2.067232,0.872927,0.249640
aaaaaohr_s002_t001,broadband,10.0,naive,1,2.305608,0.896118,0.388617
aaaaaoiq_s001_t000,broadband,10.0,naive,1,0.826636,0.677422,0.153204
aaaaaoiv_s001_t000,broadband,10.0,naive,1,-0.512136,0.368890,0.191945
aaaaaoiv_s002_t001,broadband,10.0,naive,1,5.112421,0.992125,0.349813
aaaaaoiv_s003_t003,broadband,10.0,naive,1,4.730999,0.988702,0.249376
aaaaaojd_s001_t002,broadband,10.0,naive,0,0.307818,0.561271,0.175222
aaaaaokg_s001_t000,broadband,10.0,naive,0,2.329516,0.898225,0.328404
aaaaaoly_s001_t000,broadband,10.0,naive,0,2.066082,0.872805,0.954422
aaaaaome_s001_t000,broadband,10.0,naive,0,1.481842,0.797035,0.225358
aaaaaomx_s001_t000,broadband,10.0,naive,0,1.832959,0.845964,0.421461
aaaaaomy_s001_t000,broadband,10.0,naive,1,2.586244,0.918557,0.771626
aaaaaonb_s001_t000,broadband,10.0,naive,0,1.117649,0.734964,1.761919
aaaaaons_s002_t002,broadband,10.0,naive,1,2.488413,0.911287,0.091101
aaaaaopd_s001_t000,broadband,10.0,naive,0,2.107254,0.877108,0.299293
aaaaaopo_s001_t000,broadband,10.0,naive,0,-0.674890,0.333486,0.300059
aaaaaora_s002_t000,broadband,10.0,naive,1,2.049867,0.871076,0.137487
aaaaaord_s001_t000,broadband,10.0,naive,1,1.139476,0.739005,0.135635
aaaaaosh_s001_t000,broadband,10.0,naive,1,1.715706,0.830796,0.666296
aaaaaosw_s001_t000,broadband,10.0,naive,0,1.937027,0.858478,0.419678
aaaaaote_s001_t000,broadband,10.0,naive,0,0.925963,0.697799,0.396124
aaaaaout_s001_t000,broadband,10.0,naive,1,1.165724,0.743813,2.135274
aaaaaovl_s001_t000,broadband,10.0,naive,1,3.089131,0.948010,0.186951
aaaaaovo_s001_t000,broadband,10.0,naive,1,5.335432,0.993626,1.079871
aaaaaowb_s001_t000,broadband,10.0,naive,0,1.655893,0.822611,0.244353
aaaaaoxf_s001_t000,broadband,10.0,naive,0,-0.974747,0.273108,0.253033
aaaaaozf_s001_t001,broadband,10.0,naive,0,1.135937,0.738353,1.751759
aaaaapag_s001_t000,broadband,10.0,naive,0,-0.531873,0.364512,3.562869
aaaaapar_s001_t000,broadband,10.0,naive,1,8.013332,0.999503,0.092743
aaaaapcb_s001_t000,broadband,10.0,naive,0,1.537537,0.805507,0.051374
aaaaapcy_s001_t002,broadband,10.0,naive,0,-0.804049,0.306646,0.546290
aaaaapdg_s001_t000,broadband,10.0,naive,0,1.688131,0.827060,0.268753
aaaaaphs_s001_t000,broadband,10.0,naive,1,2.114574,0.877860,0.629154
aaaaaphw_s001_t000,broadband,10.0,naive,0,2.169920,0.883417,0.484850
aaaaapij_s001_t000,broadband,10.0,naive,0,0.712523,0.653155,0.204973
aaaaapjc_s001_t001,broadband,10.0,naive,0,1.533205,0.804858,0.040992
aaaaapka_s001_t000,broadband,10.0,naive,0,-0.197579,0.441153,0.476817
aaaaapkx_s001_t001,broadband,10.0,naive,1,1.238570,0.756847,0.458782
aaaaaply_s001_t001,broadband,10.0,naive,1,2.925048,0.939719,0.107333
aaaaapmb_s002_t001,broadband,10.0,naive,1,1.321083,0.771058,0.118193
aaaaapmp_s001_t000,broadband,10.0,naive,1,1.420962,0.787465,0.619525
aaaaapnr_s001_t000,broadband,10.0,naive,1,1.705167,0.829376,0.407840
aaaaapoc_s001_t000,broadband,10.0,naive,1,1.985901,0.864056,0.529544
aaaaapof_s001_t000,broadband,10.0,naive,0,1.795856,0.841288,0.734175
aaaaapoo_s001_t000,broadband,10.0,naive,0,1.797621,0.841513,0.489148
aaaaapoq_s001_t000,broadband,10.0,naive,0,1.993575,0.864915,0.804797
aaaaappb_s001_t000,broadband,10.0,naive,0,2.027053,0.868608,0.331697
aaaaapqd_s001_t000,broadband,10.0,naive,1,2.105101,0.876886,1.492157
aaaaapqv_s001_t000,broadband,10.0,naive,0,2.011178,0.866868,0.733416
aaaaapta_s001_t000,broadband,10.0,naive,1,2.680362,0.925035,0.072355
aaaaapth_s001_t000,broadband,10.0,naive,1,1.961086,0.861248,0.139976
aaaaapua_s001_t001,broadband,10.0,naive,0,-2.485008,0.081535,0.270647
aaaaapuu_s001_t000,broadband,10.0,naive,0,1.941185,0.858960,0.995850
aaaaapvw_s001_t001,broadband,10.0,naive,1,2.248185,0.890899,0.202173
aaaaapvy_s001_t000,broadband,10.0,naive,1,1.828087,0.845357,0.776185
aaaaapwn_s001_t001,broadband,10.0,naive,0,-0.303137,0.416460,1.897734
aaaaapwo_s001_t001,broadband,10.0,naive,1,6.587984,0.998065,1.925880
aaaaapxm_s001_t001,broadband,10.0,naive,0,-1.124476,0.245650,0.107815
aaaaapys_s001_t001,broadband,10.0,naive,1,6.605420,0.998097,0.227324
aaaaapys_s002_t001,broadband,10.0,naive,1,4.819480,0.989608,0.582678
aaaaaayx_s002_t000,broadband,20.0,canonicalized,0,-0.577845,0.354401,2.035868
aaaaabdo_s003_t000,broadband,20.0,canonicalized,1,4.830866,0.989720,1.776375
aaaaabsk_s007_t000,broadband,20.0,canonicalized,1,1.297108,0.766990,1.110764
aaaaabuv_s002_t000,broadband,20.0,canonicalized,1,1.561429,0.809058,0.508583
aaaaacad_s003_t000,broadband,20.0,canonicalized,0,0.390761,0.580678,0.510612
aaaaacby_s004_t000,broadband,20.0,canonicalized,0,-0.206950,0.438947,0.127918
aaaaaddm_s006_t000,broadband,20.0,canonicalized,1,2.485292,0.911045,1.078941
aaaaadeu_s002_t000,broadband,20.0,canonicalized,1,2.236078,0.889770,0.902638
aaaaadjk_s002_t000,broadband,20.0,canonicalized,0,-0.070258,0.471318,0.096873
aaaaadkb_s002_t000,broadband,20.0,canonicalized,1,5.225270,0.992924,6.272727
aaaaadsm_s002_t001,broadband,20.0,canonicalized,0,-2.319282,0.094204,0.597307
aaaaaeab_s003_t000,broadband,20.0,canonicalized,0,-0.909074,0.285738,0.380785
aaaaaejc_s003_t001,broadband,20.0,canonicalized,0,0.547011,0.616525,0.325182
aaaaaezn_s003_t001,broadband,20.0,canonicalized,1,0.026906,0.494492,2.428875
aaaaafhl_s003_t000,broadband,20.0,canonicalized,1,0.156409,0.525398,1.434436
aaaaagfk_s003_t000,broadband,20.0,canonicalized,0,-0.809512,0.305538,1.015723
aaaaagsc_s003_t001,broadband,20.0,canonicalized,1,3.082901,0.947716,9.771482
aaaaagsc_s006_t001,broadband,20.0,canonicalized,1,-1.297720,0.216285,0.396336
aaaaaguk_s002_t001,broadband,20.0,canonicalized,0,-3.301205,0.039114,0.225386
aaaaagvx_s002_t000,broadband,20.0,canonicalized,1,0.078576,0.506831,0.667611
aaaaagvx_s003_t001,broadband,20.0,canonicalized,1,1.157975,0.742399,0.070784
aaaaagyr_s002_t000,broadband,20.0,canonicalized,1,1.865952,0.850026,0.684483
aaaaahie_s005_t001,broadband,20.0,canonicalized,1,3.968457,0.976872,0.416079
aaaaahsv_s002_t000,broadband,20.0,canonicalized,0,-1.069682,0.255478,1.645876
aaaaahte_s002_t000,broadband,20.0,canonicalized,1,5.217234,0.992870,2.896078
aaaaahte_s003_t000,broadband,20.0,canonicalized,1,4.093346,0.979420,1.363255
aaaaahuy_s002_t000,broadband,20.0,canonicalized,1,-1.420938,0.196999,0.084262
aaaaahzi_s001_t000,broadband,20.0,canonicalized,0,1.110983,0.733721,0.316031
aaaaahzm_s001_t001,broadband,20.0,canonicalized,0,-0.297367,0.417800,0.210967
aaaaahzq_s001_t000,broadband,20.0,canonicalized,0,-1.564112,0.176254,0.088933
aaaaahzs_s001_t001,broadband,20.0,canonicalized,0,-0.794360,0.308618,0.252746
aaaaaiae_s001_t000,broadband,20.0,canonicalized,0,1.559292,0.808742,0.539456
aaaaaibx_s001_t000,broadband,20.0,canonicalized,0,-0.322022,0.412082,0.357276
aaaaaiby_s001_t000,broadband,20.0,canonicalized,0,-0.765277,0.314577,2.106370
aaaaaici_s001_t000,broadband,20.0,canonicalized,0,-1.606174,0.170496,3.560657
aaaaaicn_s001_t000,broadband,20.0,canonicalized,0,-0.125085,0.458290,0.398863
aaaaaijh_s002_t000,broadband,20.0,canonicalized,1,1.155211,0.741894,0.901370
aaaaaijn_s001_t001,broadband,20.0,canonicalized,0,-1.176569,0.236546,0.245252
aaaaairb_s001_t001,broadband,20.0,canonicalized,0,0.650153,0.639537,0.240558
aaaaairo_s001_t000,broadband,20.0,canonicalized,0,-0.568712,0.356399,1.338680
aaaaaitt_s001_t000,broadband,20.0,canonicalized,0,0.893104,0.691138,1.092607
aaaaaiue_s004_t000,broadband,20.0,canonicalized,1,0.116327,0.515842,0.733742
aaaaaiuo_s002_t000,broadband,20.0,canonicalized,0,0.536285,0.614099,0.808226
aaaaaiwz_s001_t001,broadband,20.0,canonicalized,0,-1.334502,0.210388,0.146680
aaaaaiyy_s001_t001,broadband,20.0,canonicalized,0,-1.721825,0.155435,0.867300
aaaaaizd_s001_t001,broadband,20.0,canonicalized,0,1.522030,0.803175,0.566817
aaaaaizs_s001_t000,broadband,20.0,canonicalized,0,0.419241,0.587288,0.258408
aaaaajae_s001_t001,broadband,20.0,canonicalized,0,1.505932,0.800733,0.168909
aaaaajah_s002_t001,broadband,20.0,canonicalized,1,0.862462,0.684855,0.881724
aaaaajah_s004_t000,broadband,20.0,canonicalized,1,1.132635,0.737743,0.688763
aaaaajal_s001_t001,broadband,20.0,canonicalized,0,-2.636031,0.071363,0.324010
aaaaajam_s001_t000,broadband,20.0,canonicalized,1,-1.068331,0.255724,0.259093
aaaaajar_s001_t001,broadband,20.0,canonicalized,0,-0.981526,0.271824,0.201127
aaaaajbb_s001_t000,broadband,20.0,canonicalized,0,0.972712,0.707132,0.384312
aaaaajbh_s002_t000,broadband,20.0,canonicalized,0,-0.951330,0.277571,0.516960
aaaaajce_s001_t000,broadband,20.0,canonicalized,0,0.238469,0.544897,1.062634
aaaaajci_s001_t000,broadband,20.0,canonicalized,0,1.089183,0.729633,0.508662
aaaaajck_s001_t000,broadband,20.0,canonicalized,0,-2.397630,0.088009,0.338380
aaaaajct_s001_t000,broadband,20.0,canonicalized,0,2.197784,0.886130,0.266534
aaaaajcu_s001_t000,broadband,20.0,canonicalized,0,1.296239,0.766842,0.685455
aaaaajda_s001_t000,broadband,20.0,canonicalized,0,-0.404074,0.393232,0.590725
aaaaajdb_s001_t000,broadband,20.0,canonicalized,0,1.733960,0.833233,0.641556
aaaaajdv_s001_t000,broadband,20.0,canonicalized,0,2.114074,0.877808,0.854293
aaaaajdy_s001_t000,broadband,20.0,canonicalized,0,-1.176255,0.236600,0.386550
aaaaajdz_s001_t000,broadband,20.0,canonicalized,0,0.451915,0.594832,0.306627
aaaaajea_s001_t000,broadband,20.0,canonicalized,0,1.520597,0.802959,1.835048
aaaaajen_s001_t000,broadband,20.0,canonicalized,0,1.465735,0.794535,0.667388
aaaaajey_s001_t000,broadband,20.0,canonicalized,0,0.095336,0.510833,0.377391
aaaaajfb_s001_t000,broadband,20.0,canonicalized,0,0.449134,0.594192,0.918781
aaaaajfe_s001_t000,broadband,20.0,canonicalized,0,-0.102044,0.463759,0.038162
aaaaajff_s001_t000,broadband,20.0,canonicalized,0,-2.123260,0.111443,0.206734
aaaaajfi_s001_t001,broadband,20.0,canonicalized,0,-1.320197,0.212667,0.469153
aaaaajfn_s001_t001,broadband,20.0,canonicalized,0,-2.535668,0.077984,1.349639
aaaaajfy_s001_t000,broadband,20.0,canonicalized,0,-2.311016,0.094880,0.247438
aaaaajga_s001_t001,broadband,20.0,canonicalized,0,0.399891,0.582800,1.970651
aaaaajhy_s001_t000,broadband,20.0,canonicalized,0,-2.155321,0.108446,0.835269
aaaaajit_s001_t001,broadband,20.0,canonicalized,0,-2.234504,0.101346,0.692741
aaaaajiu_s001_t000,broadband,20.0,canonicalized,0,1.424797,0.788077,1.373433
aaaaajiy_s001_t001,broadband,20.0,canonicalized,0,-0.928385,0.281988,0.522558
aaaaajiz_s001_t000,broadband,20.0,canonicalized,0,1.912323,0.855586,0.165095
aaaaajjb_s001_t001,broadband,20.0,canonicalized,0,-0.772275,0.313138,0.583389
aaaaajje_s001_t000,broadband,20.0,canonicalized,0,-0.061196,0.473476,2.075675
aaaaajjk_s001_t000,broadband,20.0,canonicalized,0,1.304118,0.768184,0.200478
aaaaajna_s001_t000,broadband,20.0,canonicalized,0,0.231719,0.543298,0.487386
aaaaajnu_s001_t000,broadband,20.0,canonicalized,0,-1.653859,0.164150,2.023275
aaaaajon_s001_t000,broadband,20.0,canonicalized,0,1.410586,0.785801,1.415946
aaaaajoo_s002_t001,broadband,20.0,canonicalized,1,-0.927673,0.282126,0.617993
aaaaajpg_s001_t001,broadband,20.0,canonicalized,0,-1.229747,0.227494,0.394537
aaaaajqh_s004_t000,broadband,20.0,canonicalized,1,3.299341,0.957063,0.066041
aaaaajqk_s003_t001,broadband,20.0,canonicalized,1,2.479055,0.910561,0.730370
aaaaajrf_s001_t000,broadband,20.0,canonicalized,1,3.779615,0.972426,0.142496
aaaaajrf_s002_t000,broadband,20.0,canonicalized,1,4.800334,0.989419,0.793684
aaaaajrf_s003_t002,broadband,20.0,canonicalized,1,7.912588,0.999453,2.804069
aaaaajrf_s004_t000,broadband,20.0,canonicalized,1,2.390329,0.903414,0.729449
aaaaajso_s001_t000,broadband,20.0,canonicalized,1,2.584751,0.918450,0.818952
aaaaajtg_s001_t000,broadband,20.0,canonicalized,0,1.836991,0.846465,0.794867
aaaaajtu_s001_t000,broadband,20.0,canonicalized,0,1.713398,0.830486,1.059154
aaaaajuh_s001_t000,broadband,20.0,canonicalized,1,3.270465,0.955915,2.938980
aaaaajun_s001_t000,broadband,20.0,canonicalized,0,2.070244,0.873246,0.292656
aaaaajvh_s001_t001,broadband,20.0,canonicalized,0,-0.478346,0.376437,0.722918
aaaaajxp_s001_t000,broadband,20.0,canonicalized,0,-0.525254,0.365978,0.411277
aaaaakck_s001_t001,broadband,20.0,canonicalized,1,1.727055,0.832314,0.391755
aaaaakcx_s001_t001,broadband,20.0,canonicalized,1,5.149911,0.992400,3.165236
aaaaakcy_s005_t001,broadband,20.0,canonicalized,1,6.906454,0.998572,1.447352
aaaaakdj_s001_t000,broadband,20.0,canonicalized,1,1.207758,0.751389,0.241561
aaaaakdo_s001_t000,broadband,20.0,canonicalized,1,1.035912,0.719477,0.607211
aaaaakeq_s001_t000,broadband,20.0,canonicalized,1,1.402013,0.784419,1.454120
aaaaakeq_s002_t000,broadband,20.0,canonicalized,1,2.220374,0.888290,1.391887
aaaaakeq_s003_t000,broadband,20.0,canonicalized,1,1.722251,0.831673,3.030795
aaaaakev_s001_t001,broadband,20.0,canonicalized,1,7.787298,0.999384,5.952558
aaaaakev_s002_t000,broadband,20.0,canonicalized,1,5.489691,0.994495,0.536141
aaaaakft_s001_t000,broadband,20.0,canonicalized,0,1.184843,0.747278,0.228370
aaaaakgp_s001_t001,broadband,20.0,canonicalized,0,-0.536562,0.363475,1.428593
aaaaakgu_s001_t000,broadband,20.0,canonicalized,1,-0.983433,0.271463,0.158151
aaaaakjk_s002_t002,broadband,20.0,canonicalized,1,3.004610,0.943883,0.375794
aaaaakjk_s003_t000,broadband,20.0,canonicalized,1,0.654014,0.640387,0.904241
aaaaakka_s001_t001,broadband,20.0,canonicalized,0,-1.212589,0.230388,0.269734
aaaaakmg_s003_t001,broadband,20.0,canonicalized,1,3.114476,0.949190,0.554623
aaaaakmh_s001_t000,broadband,20.0,canonicalized,1,1.784154,0.839790,0.791780
aaaaaknt_s001_t000,broadband,20.0,canonicalized,1,1.242874,0.757603,1.075847
aaaaakoo_s001_t001,broadband,20.0,canonicalized,1,6.876379,0.998530,1.393064
aaaaakqg_s001_t001,broadband,20.0,canonicalized,0,-0.807047,0.306038,1.351838
aaaaakqr_s001_t000,broadband,20.0,canonicalized,0,-2.045805,0.118983,0.381809
aaaaakrt_s001_t001,broadband,20.0,canonicalized,1,3.150587,0.950829,0.639972
aaaaakrt_s002_t001,broadband,20.0,canonicalized,1,3.527777,0.965188,2.586795
aaaaaksb_s001_t000,broadband,20.0,canonicalized,0,-1.944367,0.129522,0.370015
aaaaaksu_s001_t001,broadband,20.0,canonicalized,0,-0.187124,0.443617,0.973287
aaaaakxz_s001_t001,broadband,20.0,canonicalized,1,1.081721,0.728224,0.379076
aaaaakxz_s002_t001,broadband,20.0,canonicalized,1,3.437777,0.962180,0.809830
aaaaalaf_s001_t000,broadband,20.0,canonicalized,0,-2.207189,0.103747,0.050795
aaaaalau_s001_t000,broadband,20.0,canonicalized,1,1.958670,0.860971,0.205523
aaaaalbh_s001_t000,broadband,20.0,canonicalized,1,2.368261,0.901559,1.300251
aaaaalbt_s001_t001,broadband,20.0,canonicalized,0,-0.950276,0.277773,0.355279
aaaaalbt_s002_t000,broadband,20.0,canonicalized,0,1.176383,0.745748,0.898478
aaaaalbz_s006_t000,broadband,20.0,canonicalized,1,2.454835,0.908659,1.525239
aaaaalid_s001_t001,broadband,20.0,canonicalized,0,1.399187,0.783962,1.972972
aaaaaljf_s001_t000,broadband,20.0,canonicalized,1,2.586727,0.918592,0.062869
aaaaaljj_s001_t000,broadband,20.0,canonicalized,0,-2.487363,0.081367,1.087046
aaaaallc_s001_t001,broadband,20.0,canonicalized,0,0.078253,0.506754,0.775899
aaaaalle_s002_t000,broadband,20.0,canonicalized,1,1.991853,0.864723,0.485407
aaaaalox_s001_t001,broadband,20.0,canonicalized,0,2.757606,0.929995,4.538469
aaaaalpv_s001_t000,broadband,20.0,canonicalized,0,1.669097,0.824444,0.509216
aaaaalqa_s001_t000,broadband,20.0,canonicalized,0,-1.040240,0.260865,1.429477
aaaaalqr_s001_t001,broadband,20.0,canonicalized,1,1.894747,0.853500,0.424501
aaaaalqs_s001_t001,broadband,20.0,canonicalized,0,-1.923459,0.131791,0.299798
aaaaalqx_s001_t000,broadband,20.0,canonicalized,0,1.716267,0.830871,0.191770
aaaaalrc_s002_t000,broadband,20.0,canonicalized,1,12.773842,0.999995,0.972046
aaaaalsq_s001_t000,broadband,20.0,canonicalized,0,1.095762,0.730871,0.382467
aaaaalsx_s001_t000,broadband,20.0,canonicalized,1,-0.729124,0.322071,0.247987
aaaaalsx_s004_t001,broadband,20.0,canonicalized,1,0.393889,0.581406,0.240865
aaaaaluz_s001_t001,broadband,20.0,canonicalized,0,-1.241911,0.225459,0.119942
aaaaalvw_s001_t000,broadband,20.0,canonicalized,0,0.038789,0.497330,0.332883
aaaaalvz_s001_t000,broadband,20.0,canonicalized,1,7.720076,0.999343,0.804870
aaaaalxk_s001_t000,broadband,20.0,canonicalized,0,2.084231,0.874718,0.201703
aaaaalyr_s001_t000,broadband,20.0,canonicalized,1,0.940830,0.700785,0.798212
aaaaalzk_s002_t001,broadband,20.0,canonicalized,1,5.330845,0.993599,5.897016
aaaaamcb_s001_t001,broadband,20.0,canonicalized,1,5.418507,0.994110,2.031052
aaaaamfe_s001_t001,broadband,20.0,canonicalized,0,0.187958,0.532907,0.299549
aaaaamft_s001_t001,broadband,20.0,canonicalized,1,3.050003,0.946136,0.026659
aaaaamfu_s001_t000,broadband,20.0,canonicalized,0,-1.018166,0.264951,0.611023
aaaaamhi_s001_t000,broadband,20.0,canonicalized,1,5.512129,0.994611,6.283589
aaaaamhk_s001_t000,broadband,20.0,canonicalized,1,1.751044,0.835489,0.216935
aaaaamjc_s001_t001,broadband,20.0,canonicalized,1,5.894772,0.996255,2.869127
aaaaammh_s001_t001,broadband,20.0,canonicalized,1,1.359280,0.777436,0.785699
aaaaamnq_s001_t000,broadband,20.0,canonicalized,1,4.267215,0.982514,2.812725
aaaaamnq_s002_t000,broadband,20.0,canonicalized,1,2.535250,0.914838,1.066814
aaaaamon_s001_t000,broadband,20.0,canonicalized,0,-0.480508,0.375952,4.039570
aaaaampz_s001_t000,broadband,20.0,canonicalized,1,1.427123,0.788448,2.661252
aaaaamrj_s001_t000,broadband,20.0,canonicalized,0,0.624890,0.633955,0.500373
aaaaamsc_s001_t000,broadband,20.0,canonicalized,1,3.416364,0.961429,0.681977
aaaaamtb_s001_t000,broadband,20.0,canonicalized,0,1.681356,0.826133,0.827068
aaaaamuc_s001_t000,broadband,20.0,canonicalized,0,-1.000922,0.268172,0.147433
aaaaamxn_s001_t000,broadband,20.0,canonicalized,1,-0.403447,0.393375,0.270573
aaaaamyb_s001_t001,broadband,20.0,canonicalized,0,1.729136,0.832592,0.930956
aaaaamye_s001_t000,broadband,20.0,canonicalized,1,8.804008,0.999767,3.991371
aaaaamzi_s001_t001,broadband,20.0,canonicalized,1,5.234598,0.992986,4.877858
aaaaamzl_s001_t000,broadband,20.0,canonicalized,0,-1.207639,0.231227,0.165534
aaaaamzx_s001_t000,broadband,20.0,canonicalized,0,-2.142600,0.109626,1.250886
aaaaanbq_s001_t000,broadband,20.0,canonicalized,0,-0.520858,0.366953,0.277433
aaaaanek_s001_t000,broadband,20.0,canonicalized,0,-2.199796,0.104406,0.163751
aaaaangp_s001_t000,broadband,20.0,canonicalized,0,-1.130977,0.244501,0.266587
aaaaanhb_s001_t003,broadband,20.0,canonicalized,1,2.946797,0.940885,2.397189
aaaaanhb_s003_t001,broadband,20.0,canonicalized,1,2.043470,0.870388,0.126451
aaaaanhb_s005_t000,broadband,20.0,canonicalized,1,2.839591,0.934925,0.378343
aaaaankf_s001_t000,broadband,20.0,canonicalized,1,4.553100,0.986637,0.685987
aaaaanlp_s001_t000,broadband,20.0,canonicalized,0,0.033265,0.496011,0.832349
aaaaanmc_s001_t000,broadband,20.0,canonicalized,1,3.497112,0.964190,3.722147
aaaaanop_s001_t000,broadband,20.0,canonicalized,0,1.115659,0.734593,1.294198
aaaaanoz_s001_t000,broadband,20.0,canonicalized,1,-0.692932,0.329667,0.859495
aaaaanpr_s001_t002,broadband,20.0,canonicalized,1,0.891912,0.690895,2.157206
aaaaanqe_s001_t000,broadband,20.0,canonicalized,0,-0.448794,0.383086,0.069805
aaaaanro_s001_t000,broadband,20.0,canonicalized,1,2.678300,0.924899,1.000503
aaaaansj_s001_t000,broadband,20.0,canonicalized,1,2.157922,0.882231,1.089306
aaaaanta_s001_t000,broadband,20.0,canonicalized,1,4.119481,0.979917,1.711969
aaaaanum_s001_t000,broadband,20.0,canonicalized,0,-0.485567,0.374819,0.177889
aaaaanvb_s002_t000,broadband,20.0,canonicalized,0,-0.072824,0.470707,0.337655
aaaaanvg_s001_t002,broadband,20.0,canonicalized,0,1.431919,0.789211,0.747906
aaaaanvw_s001_t000,broadband,20.0,canonicalized,0,-1.623098,0.168222,0.872870
aaaaanwc_s001_t001,broadband,20.0,canonicalized,1,3.166621,0.951540,9.434243
aaaaanxl_s001_t000,broadband,20.0,canonicalized,1,3.729136,0.971103,1.396032
aaaaanyb_s001_t001,broadband,20.0,canonicalized,0,0.105566,0.513275,0.211395
aaaaanyt_s002_t000,broadband,20.0,canonicalized,1,4.306276,0.983144,0.770213
aaaaanyw_s001_t000,broadband,20.0,canonicalized,1,1.669682,0.824525,0.570453
aaaaanyw_s002_t000,broadband,20.0,canonicalized,1,1.059654,0.724032,1.784910
aaaaanzh_s001_t000,broadband,20.0,canonicalized,1,1.336230,0.773602,0.610794
aaaaanzu_s001_t003,broadband,20.0,canonicalized,1,0.556121,0.618580,0.405904
aaaaaoav_s001_t000,broadband,20.0,canonicalized,0,-1.141155,0.242710,0.273534
aaaaaoav_s002_t000,broadband,20.0,canonicalized,0,-1.121643,0.246152,0.971363
aaaaaobi_s001_t000,broadband,20.0,canonicalized,1,2.957689,0.941461,0.504357
aaaaaobl_s001_t000,broadband,20.0,canonicalized,0,1.733846,0.833218,0.556856
aaaaaoby_s001_t000,broadband,20.0,canonicalized,0,0.464012,0.597614,3.719735
aaaaaoda_s001_t000,broadband,20.0,canonicalized,1,4.887097,0.990252,1.257748
aaaaaoeg_s001_t000,broadband,20.0,canonicalized,0,-0.506675,0.370106,0.237186
aaaaaofj_s001_t000,broadband,20.0,canonicalized,0,-0.408455,0.392233,0.443489
aaaaaofr_s001_t000,broadband,20.0,canonicalized,0,1.048979,0.721990,0.748969
aaaaaofz_s001_t000,broadband,20.0,canonicalized,0,0.264764,0.551119,0.528868
aaaaaohb_s001_t000,broadband,20.0,canonicalized,1,2.924359,0.939682,0.796457
aaaaaohr_s002_t001,broadband,20.0,canonicalized,1,3.304341,0.957258,0.607186
aaaaaoiq_s001_t000,broadband,20.0,canonicalized,1,0.884096,0.689298,0.311068
aaaaaoiv_s001_t000,broadband,20.0,canonicalized,1,-0.251082,0.428593,0.180955
aaaaaoiv_s002_t001,broadband,20.0,canonicalized,1,8.433391,0.999668,2.138832
aaaaaoiv_s003_t003,broadband,20.0,canonicalized,1,6.233142,0.997286,0.944761
aaaaaojd_s001_t002,broadband,20.0,canonicalized,0,-1.232867,0.226971,0.803245
aaaaaokg_s001_t000,broadband,20.0,canonicalized,0,2.782828,0.931547,1.510287
aaaaaoly_s001_t000,broadband,20.0,canonicalized,0,1.583399,0.812279,1.226607
aaaaaome_s001_t000,broadband,20.0,canonicalized,0,-0.181057,0.445048,0.204863
aaaaaomx_s001_t000,broadband,20.0,canonicalized,0,0.974528,0.707491,0.769784
aaaaaomy_s001_t000,broadband,20.0,canonicalized,1,3.952906,0.976534,4.356301
aaaaaonb_s001_t000,broadband,20.0,canonicalized,0,0.845299,0.681306,2.588412
aaaaaons_s002_t002,broadband,20.0,canonicalized,1,2.362985,0.901110,0.109278
aaaaaopd_s001_t000,broadband,20.0,canonicalized,0,-0.028122,0.481358,0.240470
aaaaaopo_s001_t000,broadband,20.0,canonicalized,0,-0.719236,0.324137,0.193113
aaaaaora_s002_t000,broadband,20.0,canonicalized,1,1.309441,0.769089,0.345061
aaaaaord_s001_t000,broadband,20.0,canonicalized,1,1.141985,0.739468,0.699563
aaaaaosh_s001_t000,broadband,20.0,canonicalized,1,1.445862,0.791418,0.293830
aaaaaosw_s001_t000,broadband,20.0,canonicalized,0,1.091017,0.729978,2.725167
aaaaaote_s001_t000,broadband,20.0,canonicalized,0,-0.073349,0.470582,0.253481
aaaaaout_s001_t000,broadband,20.0,canonicalized,1,1.714105,0.830581,2.406891
aaaaaovl_s001_t000,broadband,20.0,canonicalized,1,3.831295,0.973720,0.345683
aaaaaovo_s001_t000,broadband,20.0,canonicalized,1,6.818955,0.998448,4.246012
aaaaaowb_s001_t000,broadband,20.0,canonicalized,0,0.493996,0.604483,0.915132
aaaaaoxf_s001_t000,broadband,20.0,canonicalized,0,-1.779494,0.148339,0.280128
aaaaaozf_s001_t001,broadband,20.0,canonicalized,0,0.456893,0.595978,3.933653
aaaaapag_s001_t000,broadband,20.0,canonicalized,0,-1.897444,0.134660,4.405277
aaaaapar_s001_t000,broadband,20.0,canonicalized,1,11.686585,0.999985,0.324608
aaaaapcb_s001_t000,broadband,20.0,canonicalized,0,0.802841,0.672435,0.100500
aaaaapcy_s001_t002,broadband,20.0,canonicalized,0,-1.927122,0.131391,0.672089
aaaaapdg_s001_t000,broadband,20.0,canonicalized,0,-0.571083,0.355880,1.159495
aaaaaphs_s001_t000,broadband,20.0,canonicalized,1,3.413613,0.961331,0.187060
aaaaaphw_s001_t000,broadband,20.0,canonicalized,0,1.029781,0.718294,0.827172
aaaaapij_s001_t000,broadband,20.0,canonicalized,0,-0.843118,0.298769,0.498046
aaaaapjc_s001_t001,broadband,20.0,canonicalized,0,-1.207408,0.231267,0.318621
aaaaapka_s001_t000,broadband,20.0,canonicalized,0,-1.439847,0.194157,0.626434
aaaaapkx_s001_t001,broadband,20.0,canonicalized,1,-1.212123,0.230467,2.528943
aaaaaply_s001_t001,broadband,20.0,canonicalized,1,3.749631,0.971648,1.902352
aaaaapmb_s002_t001,broadband,20.0,canonicalized,1,1.198555,0.749743,0.077017
aaaaapmp_s001_t000,broadband,20.0,canonicalized,1,0.943701,0.701360,0.497492
aaaaapnr_s001_t000,broadband,20.0,canonicalized,1,0.200210,0.535820,0.945357
aaaaapoc_s001_t000,broadband,20.0,canonicalized,1,2.979871,0.942618,0.425411
aaaaapof_s001_t000,broadband,20.0,canonicalized,0,0.007972,0.489971,0.826728
aaaaapoo_s001_t000,broadband,20.0,canonicalized,0,0.707448,0.652056,0.509516
aaaaapoq_s001_t000,broadband,20.0,canonicalized,0,1.492626,0.798697,0.553011
aaaaappb_s001_t000,broadband,20.0,canonicalized,0,1.681207,0.826112,0.163918
aaaaapqd_s001_t000,broadband,20.0,canonicalized,1,1.640856,0.820505,0.838066
aaaaapqv_s001_t000,broadband,20.0,canonicalized,0,1.264713,0.761413,0.831012
aaaaapta_s001_t000,broadband,20.0,canonicalized,1,2.919331,0.939409,0.668178
aaaaapth_s001_t000,broadband,20.0,canonicalized,1,0.303055,0.560150,0.541820
aaaaapua_s001_t001,broadband,20.0,canonicalized,0,-3.529694,0.031687,0.502092
aaaaapuu_s001_t000,broadband,20.0,canonicalized,0,1.240416,0.757171,0.285504
aaaaapvw_s001_t001,broadband,20.0,canonicalized,1,3.208014,0.953331,0.181058
aaaaapvy_s001_t000,broadband,20.0,canonicalized,1,1.549229,0.807250,1.208765
aaaaapwn_s001_t001,broadband,20.0,canonicalized,0,-0.456589,0.381328,2.773182
aaaaapwo_s001_t001,broadband,20.0,canonicalized,1,7.228134,0.998949,1.098453
aaaaapxm_s001_t001,broadband,20.0,canonicalized,0,-1.377856,0.203591,0.099551
aaaaapys_s001_t001,broadband,20.0,canonicalized,1,10.305650,0.999944,0.505979
aaaaapys_s002_t001,broadband,20.0,canonicalized,1,7.242074,0.998963,1.009151
aaaaaayx_s002_t000,broadband,20.0,naive,0,-0.577845,0.354401,2.035868
aaaaabdo_s003_t000,broadband,20.0,naive,1,4.830866,0.989720,1.776375
aaaaabsk_s007_t000,broadband,20.0,naive,1,1.297108,0.766990,1.110764
aaaaabuv_s002_t000,broadband,20.0,naive,1,1.561429,0.809058,0.508583
aaaaacad_s003_t000,broadband,20.0,naive,0,0.390761,0.580678,0.510612
aaaaacby_s004_t000,broadband,20.0,naive,0,-0.206950,0.438947,0.127918
aaaaaddm_s006_t000,broadband,20.0,naive,1,2.485292,0.911045,1.078941
aaaaadeu_s002_t000,broadband,20.0,naive,1,2.236078,0.889770,0.902638
aaaaadjk_s002_t000,broadband,20.0,naive,0,-0.070258,0.471318,0.096873
aaaaadkb_s002_t000,broadband,20.0,naive,1,5.225270,0.992924,6.272727
aaaaadsm_s002_t001,broadband,20.0,naive,0,-2.319282,0.094204,0.597307
aaaaaeab_s003_t000,broadband,20.0,naive,0,-0.909074,0.285738,0.380785
aaaaaejc_s003_t001,broadband,20.0,naive,0,0.547011,0.616525,0.325182
aaaaaezn_s003_t001,broadband,20.0,naive,1,0.026906,0.494492,2.428875
aaaaafhl_s003_t000,broadband,20.0,naive,1,0.156409,0.525398,1.434436
aaaaagfk_s003_t000,broadband,20.0,naive,0,-0.809512,0.305538,1.015723
aaaaagsc_s003_t001,broadband,20.0,naive,1,3.082901,0.947716,9.771482
aaaaagsc_s006_t001,broadband,20.0,naive,1,-1.297720,0.216285,0.396336
aaaaaguk_s002_t001,broadband,20.0,naive,0,-3.301205,0.039114,0.225386
aaaaagvx_s002_t000,broadband,20.0,naive,1,0.078576,0.506831,0.667611
aaaaagvx_s003_t001,broadband,20.0,naive,1,1.157975,0.742399,0.070784
aaaaagyr_s002_t000,broadband,20.0,naive,1,1.865952,0.850026,0.684483
aaaaahie_s005_t001,broadband,20.0,naive,1,3.968457,0.976872,0.416079
aaaaahsv_s002_t000,broadband,20.0,naive,0,-1.069682,0.255478,1.645876
aaaaahte_s002_t000,broadband,20.0,naive,1,5.217234,0.992870,2.896078
aaaaahte_s003_t000,broadband,20.0,naive,1,4.093346,0.979420,1.363255
aaaaahuy_s002_t000,broadband,20.0,naive,1,-1.420938,0.196999,0.084262
aaaaahzi_s001_t000,broadband,20.0,naive,0,1.110983,0.733721,0.316031
aaaaahzm_s001_t001,broadband,20.0,naive,0,-0.297367,0.417800,0.210967
aaaaahzq_s001_t000,broadband,20.0,naive,0,-1.564112,0.176254,0.088933
aaaaahzs_s001_t001,broadband,20.0,naive,0,-0.794360,0.308618,0.252746
aaaaaiae_s001_t000,broadband,20.0,naive,0,1.559292,0.808742,0.539456
aaaaaibx_s001_t000,broadband,20.0,naive,0,-0.322022,0.412082,0.357276
aaaaaiby_s001_t000,broadband,20.0,naive,0,-0.765277,0.314577,2.106370
aaaaaici_s001_t000,broadband,20.0,naive,0,-1.606174,0.170496,3.560657
aaaaaicn_s001_t000,broadband,20.0,naive,0,-0.125085,0.458290,0.398863
aaaaaijh_s002_t000,broadband,20.0,naive,1,1.155211,0.741894,0.901370
aaaaaijn_s001_t001,broadband,20.0,naive,0,-1.176569,0.236546,0.245252
aaaaairb_s001_t001,broadband,20.0,naive,0,0.650153,0.639537,0.240558
aaaaairo_s001_t000,broadband,20.0,naive,0,-0.568712,0.356399,1.338680
aaaaaitt_s001_t000,broadband,20.0,naive,0,0.893104,0.691138,1.092607
aaaaaiue_s004_t000,broadband,20.0,naive,1,0.116327,0.515842,0.733742
aaaaaiuo_s002_t000,broadband,20.0,naive,0,0.536285,0.614099,0.808226
aaaaaiwz_s001_t001,broadband,20.0,naive,0,-1.334502,0.210388,0.146680
aaaaaiyy_s001_t001,broadband,20.0,naive,0,-1.721825,0.155435,0.867300
aaaaaizd_s001_t001,broadband,20.0,naive,0,1.522030,0.803175,0.566817
aaaaaizs_s001_t000,broadband,20.0,naive,0,0.419241,0.587288,0.258408
aaaaajae_s001_t001,broadband,20.0,naive,0,1.505932,0.800733,0.168909
aaaaajah_s002_t001,broadband,20.0,naive,1,0.862462,0.684855,0.881724
aaaaajah_s004_t000,broadband,20.0,naive,1,1.132635,0.737743,0.688763
aaaaajal_s001_t001,broadband,20.0,naive,0,-2.636031,0.071363,0.324010
aaaaajam_s001_t000,broadband,20.0,naive,1,-1.068331,0.255724,0.259093
aaaaajar_s001_t001,broadband,20.0,naive,0,-0.981526,0.271824,0.201127
aaaaajbb_s001_t000,broadband,20.0,naive,0,0.972712,0.707132,0.384312
aaaaajbh_s002_t000,broadband,20.0,naive,0,-0.951330,0.277571,0.516960
aaaaajce_s001_t000,broadband,20.0,naive,0,0.238469,0.544897,1.062634
aaaaajci_s001_t000,broadband,20.0,naive,0,1.089183,0.729633,0.508662
aaaaajck_s001_t000,broadband,20.0,naive,0,-2.397630,0.088009,0.338380
aaaaajct_s001_t000,broadband,20.0,naive,0,2.197784,0.886130,0.266534
aaaaajcu_s001_t000,broadband,20.0,naive,0,1.296239,0.766842,0.685455
aaaaajda_s001_t000,broadband,20.0,naive,0,-0.404074,0.393232,0.590725
aaaaajdb_s001_t000,broadband,20.0,naive,0,1.733960,0.833233,0.641556
aaaaajdv_s001_t000,broadband,20.0,naive,0,2.114074,0.877808,0.854293
aaaaajdy_s001_t000,broadband,20.0,naive,0,-1.176255,0.236600,0.386550
aaaaajdz_s001_t000,broadband,20.0,naive,0,0.451915,0.594832,0.306627
aaaaajea_s001_t000,broadband,20.0,naive,0,1.520597,0.802959,1.835048
aaaaajen_s001_t000,broadband,20.0,naive,0,1.465735,0.794535,0.667388
aaaaajey_s001_t000,broadband,20.0,naive,0,0.095336,0.510833,0.377391
aaaaajfb_s001_t000,broadband,20.0,naive,0,0.449134,0.594192,0.918781
aaaaajfe_s001_t000,broadband,20.0,naive,0,-0.102044,0.463759,0.038162
aaaaajff_s001_t000,broadband,20.0,naive,0,-2.123260,0.111443,0.206734
aaaaajfi_s001_t001,broadband,20.0,naive,0,-1.320197,0.212667,0.469153
aaaaajfn_s001_t001,broadband,20.0,naive,0,-2.535668,0.077984,1.349639
aaaaajfy_s001_t000,broadband,20.0,naive,0,-2.311016,0.094880,0.247438
aaaaajga_s001_t001,broadband,20.0,naive,0,0.399891,0.582800,1.970651
aaaaajhy_s001_t000,broadband,20.0,naive,0,-2.155321,0.108446,0.835269
aaaaajit_s001_t001,broadband,20.0,naive,0,-2.234504,0.101346,0.692741
aaaaajiu_s001_t000,broadband,20.0,naive,0,1.424797,0.788077,1.373433
aaaaajiy_s001_t001,broadband,20.0,naive,0,-0.928385,0.281988,0.522558
aaaaajiz_s001_t000,broadband,20.0,naive,0,1.912323,0.855586,0.165095
aaaaajjb_s001_t001,broadband,20.0,naive,0,-0.772275,0.313138,0.583389
aaaaajje_s001_t000,broadband,20.0,naive,0,-0.061196,0.473476,2.075675
aaaaajjk_s001_t000,broadband,20.0,naive,0,1.304118,0.768184,0.200478
aaaaajna_s001_t000,broadband,20.0,naive,0,0.231719,0.543298,0.487386
aaaaajnu_s001_t000,broadband,20.0,naive,0,-1.653859,0.164150,2.023275
aaaaajon_s001_t000,broadband,20.0,naive,0,1.410586,0.785801,1.415946
aaaaajoo_s002_t001,broadband,20.0,naive,1,-0.927673,0.282126,0.617993
aaaaajpg_s001_t001,broadband,20.0,naive,0,-1.229747,0.227494,0.394537
aaaaajqh_s004_t000,broadband,20.0,naive,1,3.299341,0.957063,0.066041
aaaaajqk_s003_t001,broadband,20.0,naive,1,2.479055,0.910561,0.730370
aaaaajrf_s001_t000,broadband,20.0,naive,1,3.779615,0.972426,0.142496
aaaaajrf_s002_t000,broadband,20.0,naive,1,4.800334,0.989419,0.793684
aaaaajrf_s003_t002,broadband,20.0,naive,1,7.912588,0.999453,2.804069
aaaaajrf_s004_t000,broadband,20.0,naive,1,2.390329,0.903414,0.729449
aaaaajso_s001_t000,broadband,20.0,naive,1,2.584751,0.918450,0.818952
aaaaajtg_s001_t000,broadband,20.0,naive,0,1.836991,0.846465,0.794867
aaaaajtu_s001_t000,broadband,20.0,naive,0,1.713398,0.830486,1.059154
aaaaajuh_s001_t000,broadband,20.0,naive,1,3.270465,0.955915,2.938980
aaaaajun_s001_t000,broadband,20.0,naive,0,2.070244,0.873246,0.292656
aaaaajvh_s001_t001,broadband,20.0,naive,0,-0.478346,0.376437,0.722918
aaaaajxp_s001_t000,broadband,20.0,naive,0,-0.525254,0.365978,0.411277
aaaaakck_s001_t001,broadband,20.0,naive,1,1.727055,0.832314,0.391755
aaaaakcx_s001_t001,broadband,20.0,naive,1,5.149911,0.992400,3.165236
aaaaakcy_s005_t001,broadband,20.0,naive,1,6.906454,0.998572,1.447352
aaaaakdj_s001_t000,broadband,20.0,naive,1,1.207758,0.751389,0.241561
aaaaakdo_s001_t000,broadband,20.0,naive,1,1.035912,0.719477,0.607211
aaaaakeq_s001_t000,broadband,20.0,naive,1,1.402013,0.784419,1.454120
aaaaakeq_s002_t000,broadband,20.0,naive,1,2.220374,0.888290,1.391887
aaaaakeq_s003_t000,broadband,20.0,naive,1,1.722251,0.831673,3.030795
aaaaakev_s001_t001,broadband,20.0,naive,1,7.787298,0.999384,5.952558
aaaaakev_s002_t000,broadband,20.0,naive,1,5.489691,0.994495,0.536141
aaaaakft_s001_t000,broadband,20.0,naive,0,1.184843,0.747278,0.228370
aaaaakgp_s001_t001,broadband,20.0,naive,0,-0.536562,0.363475,1.428593
aaaaakgu_s001_t000,broadband,20.0,naive,1,-0.983433,0.271463,0.158151
aaaaakjk_s002_t002,broadband,20.0,naive,1,3.004610,0.943883,0.375794
aaaaakjk_s003_t000,broadband,20.0,naive,1,0.654014,0.640387,0.904241
aaaaakka_s001_t001,broadband,20.0,naive,0,-1.212589,0.230388,0.269734
aaaaakmg_s003_t001,broadband,20.0,naive,1,3.114476,0.949190,0.554623
aaaaakmh_s001_t000,broadband,20.0,naive,1,1.784154,0.839790,0.791780
aaaaaknt_s001_t000,broadband,20.0,naive,1,1.242874,0.757603,1.075847
aaaaakoo_s001_t001,broadband,20.0,naive,1,6.876379,0.998530,1.393064
aaaaakqg_s001_t001,broadband,20.0,naive,0,-0.807047,0.306038,1.351838
aaaaakqr_s001_t000,broadband,20.0,naive,0,-2.045805,0.118983,0.381809
aaaaakrt_s001_t001,broadband,20.0,naive,1,3.150587,0.950829,0.639972
aaaaakrt_s002_t001,broadband,20.0,naive,1,3.527777,0.965188,2.586795
aaaaaksb_s001_t000,broadband,20.0,naive,0,-1.944367,0.129522,0.370015
aaaaaksu_s001_t001,broadband,20.0,naive,0,-0.187124,0.443617,0.973287
aaaaakxz_s001_t001,broadband,20.0,naive,1,1.081721,0.728224,0.379076
aaaaakxz_s002_t001,broadband,20.0,naive,1,3.437777,0.962180,0.809830
aaaaalaf_s001_t000,broadband,20.0,naive,0,-2.207189,0.103747,0.050795
aaaaalau_s001_t000,broadband,20.0,naive,1,1.958670,0.860971,0.205523
aaaaalbh_s001_t000,broadband,20.0,naive,1,2.368261,0.901559,1.300251
aaaaalbt_s001_t001,broadband,20.0,naive,0,-0.950276,0.277773,0.355279
aaaaalbt_s002_t000,broadband,20.0,naive,0,1.176383,0.745748,0.898478
aaaaalbz_s006_t000,broadband,20.0,naive,1,2.454835,0.908659,1.525239
aaaaalid_s001_t001,broadband,20.0,naive,0,1.399187,0.783962,1.972972
aaaaaljf_s001_t000,broadband,20.0,naive,1,2.586727,0.918592,0.062869
aaaaaljj_s001_t000,broadband,20.0,naive,0,-2.487363,0.081367,1.087046
aaaaallc_s001_t001,broadband,20.0,naive,0,0.078253,0.506754,0.775899
aaaaalle_s002_t000,broadband,20.0,naive,1,1.991853,0.864723,0.485407
aaaaalox_s001_t001,broadband,20.0,naive,0,2.757606,0.929995,4.538469
aaaaalpv_s001_t000,broadband,20.0,naive,0,1.669097,0.824444,0.509216
aaaaalqa_s001_t000,broadband,20.0,naive,0,-1.040240,0.260865,1.429477
aaaaalqr_s001_t001,broadband,20.0,naive,1,1.894747,0.853500,0.424501
aaaaalqs_s001_t001,broadband,20.0,naive,0,-1.923459,0.131791,0.299798
aaaaalqx_s001_t000,broadband,20.0,naive,0,1.716267,0.830871,0.191770
aaaaalrc_s002_t000,broadband,20.0,naive,1,12.773842,0.999995,0.972046
aaaaalsq_s001_t000,broadband,20.0,naive,0,1.095762,0.730871,0.382467
aaaaalsx_s001_t000,broadband,20.0,naive,1,-0.729124,0.322071,0.247987
aaaaalsx_s004_t001,broadband,20.0,naive,1,0.393889,0.581406,0.240865
aaaaaluz_s001_t001,broadband,20.0,naive,0,-1.241911,0.225459,0.119942
aaaaalvw_s001_t000,broadband,20.0,naive,0,0.038789,0.497330,0.332883
aaaaalvz_s001_t000,broadband,20.0,naive,1,7.720076,0.999343,0.804870
aaaaalxk_s001_t000,broadband,20.0,naive,0,2.084231,0.874718,0.201703
aaaaalyr_s001_t000,broadband,20.0,naive,1,0.940830,0.700785,0.798212
aaaaalzk_s002_t001,broadband,20.0,naive,1,5.330845,0.993599,5.897016
aaaaamcb_s001_t001,broadband,20.0,naive,1,5.418507,0.994110,2.031052
aaaaamfe_s001_t001,broadband,20.0,naive,0,0.187958,0.532907,0.299549
aaaaamft_s001_t001,broadband,20.0,naive,1,3.050003,0.946136,0.026659
aaaaamfu_s001_t000,broadband,20.0,naive,0,-1.018166,0.264951,0.611023
aaaaamhi_s001_t000,broadband,20.0,naive,1,5.512129,0.994611,6.283589
aaaaamhk_s001_t000,broadband,20.0,naive,1,1.751044,0.835489,0.216935
aaaaamjc_s001_t001,broadband,20.0,naive,1,5.894772,0.996255,2.869127
aaaaammh_s001_t001,broadband,20.0,naive,1,1.359280,0.777436,0.785699
aaaaamnq_s001_t000,broadband,20.0,naive,1,4.267215,0.982514,2.812725
aaaaamnq_s002_t000,broadband,20.0,naive,1,2.535250,0.914838,1.066814
aaaaamon_s001_t000,broadband,20.0,naive,0,-0.480508,0.375952,4.039570
aaaaampz_s001_t000,broadband,20.0,naive,1,1.427123,0.788448,2.661252
aaaaamrj_s001_t000,broadband,20.0,naive,0,0.624890,0.633955,0.500373
aaaaamsc_s001_t000,broadband,20.0,naive,1,3.416364,0.961429,0.681977
aaaaamtb_s001_t000,broadband,20.0,naive,0,1.681356,0.826133,0.827068
aaaaamuc_s001_t000,broadband,20.0,naive,0,-1.000922,0.268172,0.147433
aaaaamxn_s001_t000,broadband,20.0,naive,1,-0.403447,0.393375,0.270573
aaaaamyb_s001_t001,broadband,20.0,naive,0,1.729136,0.832592,0.930956
aaaaamye_s001_t000,broadband,20.0,naive,1,8.804008,0.999767,3.991371
aaaaamzi_s001_t001,broadband,20.0,naive,1,5.234598,0.992986,4.877858
aaaaamzl_s001_t000,broadband,20.0,naive,0,-1.207639,0.231227,0.165534
aaaaamzx_s001_t000,broadband,20.0,naive,0,-2.142600,0.109626,1.250886
aaaaanbq_s001_t000,broadband,20.0,naive,0,-0.520858,0.366953,0.277433
aaaaanek_s001_t000,broadband,20.0,naive,0,-2.199796,0.104406,0.163751
aaaaangp_s001_t000,broadband,20.0,naive,0,-1.130977,0.244501,0.266587
aaaaanhb_s001_t003,broadband,20.0,naive,1,2.946797,0.940885,2.397189
aaaaanhb_s003_t001,broadband,20.0,naive,1,2.043470,0.870388,0.126451
aaaaanhb_s005_t000,broadband,20.0,naive,1,2.839591,0.934925,0.378343
aaaaankf_s001_t000,broadband,20.0,naive,1,4.553100,0.986637,0.685987
aaaaanlp_s001_t000,broadband,20.0,naive,0,0.033265,0.496011,0.832349
aaaaanmc_s001_t000,broadband,20.0,naive,1,3.497112,0.964190,3.722147
aaaaanop_s001_t000,broadband,20.0,naive,0,1.115659,0.734593,1.294198
aaaaanoz_s001_t000,broadband,20.0,naive,1,-0.692932,0.329667,0.859495
aaaaanpr_s001_t002,broadband,20.0,naive,1,0.891912,0.690895,2.157206
aaaaanqe_s001_t000,broadband,20.0,naive,0,-0.448794,0.383086,0.069805
aaaaanro_s001_t000,broadband,20.0,naive,1,2.678300,0.924899,1.000503
aaaaansj_s001_t000,broadband,20.0,naive,1,2.157922,0.882231,1.089306
aaaaanta_s001_t000,broadband,20.0,naive,1,4.119481,0.979917,1.711969
aaaaanum_s001_t000,broadband,20.0,naive,0,-0.485567,0.374819,0.177889
aaaaanvb_s002_t000,broadband,20.0,naive,0,-0.072824,0.470707,0.337655
aaaaanvg_s001_t002,broadband,20.0,naive,0,1.431919,0.789211,0.747906
aaaaanvw_s001_t000,broadband,20.0,naive,0,-1.623098,0.168222,0.872870
aaaaanwc_s001_t001,broadband,20.0,naive,1,3.166621,0.951540,9.434243
aaaaanxl_s001_t000,broadband,20.0,naive,1,3.729136,0.971103,1.396032
aaaaanyb_s001_t001,broadband,20.0,naive,0,0.105566,0.513275,0.211395
aaaaanyt_s002_t000,broadband,20.0,naive,1,4.306276,0.983144,0.770213
aaaaanyw_s001_t000,broadband,20.0,naive,1,1.669682,0.824525,0.570453
aaaaanyw_s002_t000,broadband,20.0,naive,1,1.059654,0.724032,1.784910
aaaaanzh_s001_t000,broadband,20.0,naive,1,1.336230,0.773602,0.610794
aaaaanzu_s001_t003,broadband,20.0,naive,1,0.556121,0.618580,0.405904
aaaaaoav_s001_t000,broadband,20.0,naive,0,-1.141155,0.242710,0.273534
aaaaaoav_s002_t000,broadband,20.0,naive,0,-1.121643,0.246152,0.971363
aaaaaobi_s001_t000,broadband,20.0,naive,1,2.957689,0.941461,0.504357
aaaaaobl_s001_t000,broadband,20.0,naive,0,1.733846,0.833218,0.556856
aaaaaoby_s001_t000,broadband,20.0,naive,0,0.464012,0.597614,3.719735
aaaaaoda_s001_t000,broadband,20.0,naive,1,4.887097,0.990252,1.257748
aaaaaoeg_s001_t000,broadband,20.0,naive,0,-0.506675,0.370106,0.237186
aaaaaofj_s001_t000,broadband,20.0,naive,0,-0.408455,0.392233,0.443489
aaaaaofr_s001_t000,broadband,20.0,naive,0,1.048979,0.721990,0.748969
aaaaaofz_s001_t000,broadband,20.0,naive,0,0.264764,0.551119,0.528868
aaaaaohb_s001_t000,broadband,20.0,naive,1,2.924359,0.939682,0.796457
aaaaaohr_s002_t001,broadband,20.0,naive,1,3.304341,0.957258,0.607186
aaaaaoiq_s001_t000,broadband,20.0,naive,1,0.884096,0.689298,0.311068
aaaaaoiv_s001_t000,broadband,20.0,naive,1,-0.251082,0.428593,0.180955
aaaaaoiv_s002_t001,broadband,20.0,naive,1,8.433391,0.999668,2.138832
aaaaaoiv_s003_t003,broadband,20.0,naive,1,6.233142,0.997286,0.944761
aaaaaojd_s001_t002,broadband,20.0,naive,0,-1.232867,0.226971,0.803245
aaaaaokg_s001_t000,broadband,20.0,naive,0,2.782828,0.931547,1.510287
aaaaaoly_s001_t000,broadband,20.0,naive,0,1.583399,0.812279,1.226607
aaaaaome_s001_t000,broadband,20.0,naive,0,-0.181057,0.445048,0.204863
aaaaaomx_s001_t000,broadband,20.0,naive,0,0.974528,0.707491,0.769784
aaaaaomy_s001_t000,broadband,20.0,naive,1,3.952906,0.976534,4.356301
aaaaaonb_s001_t000,broadband,20.0,naive,0,0.845299,0.681306,2.588412
aaaaaons_s002_t002,broadband,20.0,naive,1,2.362985,0.901110,0.109278
aaaaaopd_s001_t000,broadband,20.0,naive,0,-0.028122,0.481358,0.240470
aaaaaopo_s001_t000,broadband,20.0,naive,0,-0.719236,0.324137,0.193113
aaaaaora_s002_t000,broadband,20.0,naive,1,1.309441,0.769089,0.345061
aaaaaord_s001_t000,broadband,20.0,naive,1,1.141985,0.739468,0.699563
aaaaaosh_s001_t000,broadband,20.0,naive,1,1.445862,0.791418,0.293830
aaaaaosw_s001_t000,broadband,20.0,naive,0,1.091017,0.729978,2.725167
aaaaaote_s001_t000,broadband,20.0,naive,0,-0.073349,0.470582,0.253481
aaaaaout_s001_t000,broadband,20.0,naive,1,1.714105,0.830581,2.406891
aaaaaovl_s001_t000,broadband,20.0,naive,1,3.831295,0.973720,0.345683
aaaaaovo_s001_t000,broadband,20.0,naive,1,6.818955,0.998448,4.246012
aaaaaowb_s001_t000,broadband,20.0,naive,0,0.493996,0.604483,0.915132
aaaaaoxf_s001_t000,broadband,20.0,naive,0,-1.779494,0.148339,0.280128
aaaaaozf_s001_t001,broadband,20.0,naive,0,0.456893,0.595978,3.933653
aaaaapag_s001_t000,broadband,20.0,naive,0,-1.897444,0.134660,4.405277
aaaaapar_s001_t000,broadband,20.0,naive,1,11.686585,0.999985,0.324608
aaaaapcb_s001_t000,broadband,20.0,naive,0,0.802841,0.672435,0.100500
aaaaapcy_s001_t002,broadband,20.0,naive,0,-1.927122,0.131391,0.672089
aaaaapdg_s001_t000,broadband,20.0,naive,0,-0.571083,0.355880,1.159495
aaaaaphs_s001_t000,broadband,20.0,naive,1,3.413613,0.961331,0.187060
aaaaaphw_s001_t000,broadband,20.0,naive,0,1.029781,0.718294,0.827172
aaaaapij_s001_t000,broadband,20.0,naive,0,-0.843118,0.298769,0.498046
aaaaapjc_s001_t001,broadband,20.0,naive,0,-1.207408,0.231267,0.318621
aaaaapka_s001_t000,broadband,20.0,naive,0,-1.439847,0.194157,0.626434
aaaaapkx_s001_t001,broadband,20.0,naive,1,-1.212123,0.230467,2.528943
aaaaaply_s001_t001,broadband,20.0,naive,1,3.749631,0.971648,1.902352
aaaaapmb_s002_t001,broadband,20.0,naive,1,1.198555,0.749743,0.077017
aaaaapmp_s001_t000,broadband,20.0,naive,1,0.943701,0.701360,0.497492
aaaaapnr_s001_t000,broadband,20.0,naive,1,0.200210,0.535820,0.945357
aaaaapoc_s001_t000,broadband,20.0,naive,1,2.979871,0.942618,0.425411
aaaaapof_s001_t000,broadband,20.0,naive,0,0.007972,0.489971,0.826728
aaaaapoo_s001_t000,broadband,20.0,naive,0,0.707448,0.652056,0.509516
aaaaapoq_s001_t000,broadband,20.0,naive,0,1.492626,0.798697,0.553011
aaaaappb_s001_t000,broadband,20.0,naive,0,1.681207,0.826112,0.163918
aaaaapqd_s001_t000,broadband,20.0,naive,1,1.640856,0.820505,0.838066
aaaaapqv_s001_t000,broadband,20.0,naive,0,1.264713,0.761413,0.831012
aaaaapta_s001_t000,broadband,20.0,naive,1,2.919331,0.939409,0.668178
aaaaapth_s001_t000,broadband,20.0,naive,1,0.303055,0.560150,0.541820
aaaaapua_s001_t001,broadband,20.0,naive,0,-3.529694,0.031687,0.502092
aaaaapuu_s001_t000,broadband,20.0,naive,0,1.240416,0.757171,0.285504
aaaaapvw_s001_t001,broadband,20.0,naive,1,3.208014,0.953331,0.181058
aaaaapvy_s001_t000,broadband,20.0,naive,1,1.549229,0.807250,1.208765
aaaaapwn_s001_t001,broadband,20.0,naive,0,-0.456589,0.381328,2.773182
aaaaapwo_s001_t001,broadband,20.0,naive,1,7.228134,0.998949,1.098453
aaaaapxm_s001_t001,broadband,20.0,naive,0,-1.377856,0.203591,0.099551
aaaaapys_s001_t001,broadband,20.0,naive,1,10.305650,0.999944,0.505979
aaaaapys_s002_t001,broadband,20.0,naive,1,7.242074,0.998963,1.009151
aaaaaayx_s002_t000,broadband,5.0,canonicalized,0,1.271528,0.762594,2.435215
aaaaabdo_s003_t000,broadband,5.0,canonicalized,1,2.852998,0.935700,0.365052
aaaaabsk_s007_t000,broadband,5.0,canonicalized,1,1.370308,0.779253,1.145513
aaaaabuv_s002_t000,broadband,5.0,canonicalized,1,1.190652,0.748324,0.196485
aaaaacad_s003_t000,broadband,5.0,canonicalized,0,1.752085,0.835625,0.347598
aaaaacby_s004_t000,broadband,5.0,canonicalized,0,2.158923,0.882330,0.053774
aaaaaddm_s006_t000,broadband,5.0,canonicalized,1,2.377224,0.902316,0.827747
aaaaadeu_s002_t000,broadband,5.0,canonicalized,1,2.490173,0.911422,0.181877
aaaaadjk_s002_t000,broadband,5.0,canonicalized,0,2.080726,0.874350,0.138793
aaaaadkb_s002_t000,broadband,5.0,canonicalized,1,3.272058,0.955979,0.884875
aaaaadsm_s002_t001,broadband,5.0,canonicalized,0,0.656501,0.640934,0.235135
aaaaaeab_s003_t000,broadband,5.0,canonicalized,0,0.118299,0.516313,0.107171
aaaaaejc_s003_t001,broadband,5.0,canonicalized,0,0.544026,0.615851,0.230584
aaaaaezn_s003_t001,broadband,5.0,canonicalized,1,1.563709,0.809394,0.569944
aaaaafhl_s003_t000,broadband,5.0,canonicalized,1,1.362636,0.777990,0.340937
aaaaagfk_s003_t000,broadband,5.0,canonicalized,0,1.330364,0.772619,1.015399
aaaaagsc_s003_t001,broadband,5.0,canonicalized,1,2.488888,0.911323,0.633336
aaaaagsc_s006_t001,broadband,5.0,canonicalized,1,0.912335,0.695046,0.194537
aaaaaguk_s002_t001,broadband,5.0,canonicalized,0,0.248166,0.547193,0.348753
aaaaagvx_s002_t000,broadband,5.0,canonicalized,1,0.934092,0.699434,0.134830
aaaaagvx_s003_t001,broadband,5.0,canonicalized,1,2.303415,0.895922,0.118909
aaaaagyr_s002_t000,broadband,5.0,canonicalized,1,1.891316,0.853089,1.381655
aaaaahie_s005_t001,broadband,5.0,canonicalized,1,3.089786,0.948041,0.105119
aaaaahsv_s002_t000,broadband,5.0,canonicalized,0,0.771714,0.665852,0.621176
aaaaahte_s002_t000,broadband,5.0,canonicalized,1,2.792281,0.932121,0.456858
aaaaahte_s003_t000,broadband,5.0,canonicalized,1,3.208876,0.953368,0.410006
aaaaahuy_s002_t000,broadband,5.0,canonicalized,1,1.104627,0.732533,0.056894
aaaaahzi_s001_t000,broadband,5.0,canonicalized,0,1.967089,0.861931,0.389441
aaaaahzm_s001_t001,broadband,5.0,canonicalized,0,1.258964,0.760414,0.087051
aaaaahzq_s001_t000,broadband,5.0,canonicalized,0,1.087873,0.729386,0.083276
aaaaahzs_s001_t001,broadband,5.0,canonicalized,0,0.946256,0.701871,0.070589
aaaaaiae_s001_t000,broadband,5.0,canonicalized,0,2.409093,0.904967,0.133888
aaaaaibx_s001_t000,broadband,5.0,canonicalized,0,2.375884,0.902203,0.073430
aaaaaiby_s001_t000,broadband,5.0,canonicalized,0,1.436223,0.789894,0.311949
aaaaaici_s001_t000,broadband,5.0,canonicalized,0,0.940593,0.700738,1.678727
aaaaaicn_s001_t000,broadband,5.0,canonicalized,0,2.073843,0.873626,0.163974
aaaaaijh_s002_t000,broadband,5.0,canonicalized,1,2.021898,0.868045,0.304524
aaaaaijn_s001_t001,broadband,5.0,canonicalized,0,0.555788,0.618505,0.133084
aaaaairb_s001_t001,broadband,5.0,canonicalized,0,2.493260,0.911660,0.093734
aaaaairo_s001_t000,broadband,5.0,canonicalized,0,1.486876,0.797812,0.499266
aaaaaitt_s001_t000,broadband,5.0,canonicalized,0,2.183801,0.884775,0.692431
aaaaaiue_s004_t000,broadband,5.0,canonicalized,1,2.225284,0.888754,0.098877
aaaaaiuo_s002_t000,broadband,5.0,canonicalized,0,1.620403,0.817610,0.668398
aaaaaiwz_s001_t001,broadband,5.0,canonicalized,0,0.156682,0.525464,0.093800
aaaaaiyy_s001_t001,broadband,5.0,canonicalized,0,0.066502,0.503948,0.256202
aaaaaizd_s001_t001,broadband,5.0,canonicalized,0,2.219187,0.888177,0.384162
aaaaaizs_s001_t000,broadband,5.0,canonicalized,0,1.169873,0.744567,0.146779
aaaaajae_s001_t001,broadband,5.0,canonicalized,0,2.038622,0.869864,0.247502
aaaaajah_s002_t001,broadband,5.0,canonicalized,1,1.471085,0.795368,0.129174
aaaaajah_s004_t000,broadband,5.0,canonicalized,1,1.846644,0.847660,0.706775
aaaaajal_s001_t001,broadband,5.0,canonicalized,0,-0.348081,0.406065,0.087343
aaaaajam_s001_t000,broadband,5.0,canonicalized,1,1.035564,0.719410,0.046668
aaaaajar_s001_t001,broadband,5.0,canonicalized,0,0.193394,0.534200,0.310115
aaaaajbb_s001_t000,broadband,5.0,canonicalized,0,1.590322,0.813285,0.443202
aaaaajbh_s002_t000,broadband,5.0,canonicalized,0,1.049111,0.722015,0.112913
aaaaajce_s001_t000,broadband,5.0,canonicalized,0,1.783865,0.839753,0.579968
aaaaajci_s001_t000,broadband,5.0,canonicalized,0,2.525386,0.914101,0.090142
aaaaajck_s001_t000,broadband,5.0,canonicalized,0,0.709739,0.652552,0.630397
aaaaajct_s001_t000,broadband,5.0,canonicalized,0,2.275622,0.893421,0.193395
aaaaajcu_s001_t000,broadband,5.0,canonicalized,0,2.187417,0.885127,0.383686
aaaaajda_s001_t000,broadband,5.0,canonicalized,0,1.614367,0.816748,0.391651
aaaaajdb_s001_t000,broadband,5.0,canonicalized,0,2.411265,0.905145,0.042823
aaaaajdv_s001_t000,broadband,5.0,canonicalized,0,2.089468,0.875265,0.728221
aaaaajdy_s001_t000,broadband,5.0,canonicalized,0,1.949127,0.859877,0.555561
aaaaajdz_s001_t000,broadband,5.0,canonicalized,0,1.701826,0.828924,0.096379
aaaaajea_s001_t000,broadband,5.0,canonicalized,0,2.300411,0.895655,0.131753
aaaaajen_s001_t000,broadband,5.0,canonicalized,0,2.061461,0.872314,0.623228
aaaaajey_s001_t000,broadband,5.0,canonicalized,0,0.212543,0.538749,0.327026
aaaaajfb_s001_t000,broadband,5.0,canonicalized,0,1.622203,0.817866,0.161096
aaaaajfe_s001_t000,broadband,5.0,canonicalized,0,1.600482,0.814755,0.351422
aaaaajff_s001_t000,broadband,5.0,canonicalized,0,-0.432249,0.386828,0.156956
aaaaajfi_s001_t001,broadband,5.0,canonicalized,0,1.189880,0.748185,0.239343
aaaaajfn_s001_t001,broadband,5.0,canonicalized,0,0.821912,0.676435,1.165739
aaaaajfy_s001_t000,broadband,5.0,canonicalized,0,0.870728,0.686557,0.183065
aaaaajga_s001_t001,broadband,5.0,canonicalized,0,2.172490,0.883669,0.137279
aaaaajhy_s001_t000,broadband,5.0,canonicalized,0,1.651007,0.821929,0.102685
aaaaajit_s001_t001,broadband,5.0,canonicalized,0,-0.341875,0.407495,1.652536
aaaaajiu_s001_t000,broadband,5.0,canonicalized,0,2.014434,0.867226,0.589817
aaaaajiy_s001_t001,broadband,5.0,canonicalized,0,1.167403,0.744118,0.085447
aaaaajiz_s001_t000,broadband,5.0,canonicalized,0,2.214755,0.887756,0.385244
aaaaajjb_s001_t001,broadband,5.0,canonicalized,0,1.886363,0.852495,0.170757
aaaaajje_s001_t000,broadband,5.0,canonicalized,0,1.890565,0.852999,0.346952
aaaaajjk_s001_t000,broadband,5.0,canonicalized,0,1.817932,0.844084,0.278423
aaaaajna_s001_t000,broadband,5.0,canonicalized,0,2.145647,0.881007,0.542400
aaaaajnu_s001_t000,broadband,5.0,canonicalized,0,1.851147,0.848215,0.452864
aaaaajon_s001_t000,broadband,5.0,canonicalized,0,2.164634,0.882895,0.492433
aaaaajoo_s002_t001,broadband,5.0,canonicalized,1,1.812533,0.843404,0.186668
aaaaajpg_s001_t001,broadband,5.0,canonicalized,0,0.508408,0.607770,0.065385
aaaaajqh_s004_t000,broadband,5.0,canonicalized,1,2.111131,0.877507,0.474243
aaaaajqk_s003_t001,broadband,5.0,canonicalized,1,2.030114,0.868942,0.476326
aaaaajrf_s001_t000,broadband,5.0,canonicalized,1,2.224155,0.888648,0.447182
aaaaajrf_s002_t000,broadband,5.0,canonicalized,1,2.350786,0.900067,0.679096
aaaaajrf_s003_t002,broadband,5.0,canonicalized,1,3.610199,0.967739,0.755992
aaaaajrf_s004_t000,broadband,5.0,canonicalized,1,2.926408,0.939793,0.040740
aaaaajso_s001_t000,broadband,5.0,canonicalized,1,2.261365,0.892117,0.520930
aaaaajtg_s001_t000,broadband,5.0,canonicalized,0,2.155191,0.881959,0.558480
aaaaajtu_s001_t000,broadband,5.0,canonicalized,0,2.384765,0.902949,0.102663
aaaaajuh_s001_t000,broadband,5.0,canonicalized,1,1.974136,0.862731,0.213874
aaaaajun_s001_t000,broadband,5.0,canonicalized,0,2.262210,0.892194,0.534350
aaaaajvh_s001_t001,broadband,5.0,canonicalized,0,2.130578,0.879490,0.103382
aaaaajxp_s001_t000,broadband,5.0,canonicalized,0,0.574003,0.622602,0.370613
aaaaakck_s001_t001,broadband,5.0,canonicalized,1,2.231431,0.889333,0.148354
aaaaakcx_s001_t001,broadband,5.0,canonicalized,1,3.398647,0.960796,0.382995
aaaaakcy_s005_t001,broadband,5.0,canonicalized,1,4.335384,0.983599,0.636121
aaaaakdj_s001_t000,broadband,5.0,canonicalized,1,1.598905,0.814527,0.247442
aaaaakdo_s001_t000,broadband,5.0,canonicalized,1,1.165226,0.743722,0.181221
aaaaakeq_s001_t000,broadband,5.0,canonicalized,1,2.268064,0.892731,0.251733
aaaaakeq_s002_t000,broadband,5.0,canonicalized,1,1.968901,0.862137,0.900948
aaaaakeq_s003_t000,broadband,5.0,canonicalized,1,2.209931,0.887296,0.190818
aaaaakev_s001_t001,broadband,5.0,canonicalized,1,2.779739,0.931359,0.138333
aaaaakev_s002_t000,broadband,5.0,canonicalized,1,2.209025,0.887209,0.793053
aaaaakft_s001_t000,broadband,5.0,canonicalized,0,2.119983,0.878413,0.288696
aaaaakgp_s001_t001,broadband,5.0,canonicalized,0,1.421948,0.787622,1.019534
aaaaakgu_s001_t000,broadband,5.0,canonicalized,1,0.734778,0.657956,0.189891
aaaaakjk_s002_t002,broadband,5.0,canonicalized,1,2.759023,0.930083,0.124319
aaaaakjk_s003_t000,broadband,5.0,canonicalized,1,1.327179,0.772084,0.151760
aaaaakka_s001_t001,broadband,5.0,canonicalized,0,0.789734,0.669671,0.177960
aaaaakmg_s003_t001,broadband,5.0,canonicalized,1,2.332276,0.898465,0.161805
aaaaakmh_s001_t000,broadband,5.0,canonicalized,1,1.910394,0.855359,0.492305
aaaaaknt_s001_t000,broadband,5.0,canonicalized,1,1.221568,0.753846,1.146729
aaaaakoo_s001_t001,broadband,5.0,canonicalized,1,2.655199,0.923351,0.165736
aaaaakqg_s001_t001,broadband,5.0,canonicalized,0,0.665861,0.642989,1.064798
aaaaakqr_s001_t000,broadband,5.0,canonicalized,0,1.248985,0.758673,0.120556
aaaaakrt_s001_t001,broadband,5.0,canonicalized,1,2.697828,0.926184,0.116547
aaaaakrt_s002_t001,broadband,5.0,canonicalized,1,1.991878,0.864725,0.813774
aaaaaksb_s001_t000,broadband,5.0,canonicalized,0,1.895911,0.853638,0.325886
aaaaaksu_s001_t001,broadband,5.0,canonicalized,0,1.528436,0.804141,0.399196
aaaaakxz_s001_t001,broadband,5.0,canonicalized,1,2.176303,0.884043,0.297054
aaaaakxz_s002_t001,broadband,5.0,canonicalized,1,2.506124,0.912645,0.051153
aaaaalaf_s001_t000,broadband,5.0,canonicalized,0,-0.836500,0.300095,1.071343
aaaaalau_s001_t000,broadband,5.0,canonicalized,1,2.730834,0.928311,0.089967
aaaaalbh_s001_t000,broadband,5.0,canonicalized,1,2.057642,0.871907,0.126693
aaaaalbt_s001_t001,broadband,5.0,canonicalized,0,0.849183,0.682111,0.506625
aaaaalbt_s002_t000,broadband,5.0,canonicalized,0,2.149077,0.881350,0.981725
aaaaalbz_s006_t000,broadband,5.0,canonicalized,1,2.170546,0.883478,0.629378
aaaaalid_s001_t001,broadband,5.0,canonicalized,0,2.237911,0.889941,0.066244
aaaaaljf_s001_t000,broadband,5.0,canonicalized,1,2.125574,0.878982,0.562985
aaaaaljj_s001_t000,broadband,5.0,canonicalized,0,-0.864424,0.294522,0.893032
aaaaallc_s001_t001,broadband,5.0,canonicalized,0,1.334099,0.773246,0.208253
aaaaalle_s002_t000,broadband,5.0,canonicalized,1,2.328049,0.898096,0.216350
aaaaalox_s001_t001,broadband,5.0,canonicalized,0,2.290679,0.894782,0.053332
aaaaalpv_s001_t000,broadband,5.0,canonicalized,0,1.876299,0.851282,0.490528
aaaaalqa_s001_t000,broadband,5.0,canonicalized,0,-0.046462,0.476986,1.471099
aaaaalqr_s001_t001,broadband,5.0,canonicalized,1,2.058227,0.871970,0.281676
aaaaalqs_s001_t001,broadband,5.0,canonicalized,0,0.157277,0.525605,0.047685
aaaaalqx_s001_t000,broadband,5.0,canonicalized,0,2.310631,0.896563,0.624428
aaaaalrc_s002_t000,broadband,5.0,canonicalized,1,5.790893,0.995866,0.331143
aaaaalsq_s001_t000,broadband,5.0,canonicalized,0,2.539079,0.915122,0.147551
aaaaalsx_s001_t000,broadband,5.0,canonicalized,1,1.395956,0.783439,0.929242
aaaaalsx_s004_t001,broadband,5.0,canonicalized,1,1.166349,0.743926,0.118491
aaaaaluz_s001_t001,broadband,5.0,canonicalized,0,-1.002631,0.267852,0.272381
aaaaalvw_s001_t000,broadband,5.0,canonicalized,0,1.906233,0.854866,0.362494
aaaaalvz_s001_t000,broadband,5.0,canonicalized,1,4.692326,0.988282,0.365316
aaaaalxk_s001_t000,broadband,5.0,canonicalized,0,2.425201,0.906282,0.114989
aaaaalyr_s001_t000,broadband,5.0,canonicalized,1,2.256775,0.891694,0.117341
aaaaalzk_s002_t001,broadband,5.0,canonicalized,1,2.872521,0.936813,0.268470
aaaaamcb_s001_t001,broadband,5.0,canonicalized,1,3.075942,0.947385,0.097138
aaaaamfe_s001_t001,broadband,5.0,canonicalized,0,1.626195,0.818433,0.328946
aaaaamft_s001_t001,broadband,5.0,canonicalized,1,2.119484,0.878362,0.293288
aaaaamfu_s001_t000,broadband,5.0,canonicalized,0,1.708485,0.829824,0.306729
aaaaamhi_s001_t000,broadband,5.0,canonicalized,1,3.043089,0.945799,0.088525
aaaaamhk_s001_t000,broadband,5.0,canonicalized,1,1.937738,0.858561,0.065704
aaaaamjc_s001_t001,broadband,5.0,canonicalized,1,4.508227,0.986060,0.360776
aaaaammh_s001_t001,broadband,5.0,canonicalized,1,2.029115,0.868833,0.203317
aaaaamnq_s001_t000,broadband,5.0,canonicalized,1,2.591200,0.918911,0.329779
aaaaamnq_s002_t000,broadband,5.0,canonicalized,1,2.500469,0.912213,0.116523
aaaaamon_s001_t000,broadband,5.0,canonicalized,0,1.211098,0.751985,2.133789
aaaaampz_s001_t000,broadband,5.0,canonicalized,1,2.536016,0.914895,0.064697
aaaaamrj_s001_t000,broadband,5.0,canonicalized,0,2.123930,0.878815,0.436255
aaaaamsc_s001_t000,broadband,5.0,canonicalized,1,2.608868,0.920160,0.312768
aaaaamtb_s001_t000,broadband,5.0,canonicalized,0,2.521667,0.913821,0.064021
aaaaamuc_s001_t000,broadband,5.0,canonicalized,0,1.122112,0.735793,0.195667
aaaaamxn_s001_t000,broadband,5.0,canonicalized,1,1.574078,0.810917,0.152391
aaaaamyb_s001_t001,broadband,5.0,canonicalized,0,2.264645,0.892418,0.225682
aaaaamye_s001_t000,broadband,5.0,canonicalized,1,3.221086,0.953883,0.119906
aaaaamzi_s001_t001,broadband,5.0,canonicalized,1,2.952840,0.941205,0.076874
aaaaamzl_s001_t000,broadband,5.0,canonicalized,0,1.216697,0.752981,0.446272
aaaaamzx_s001_t000,broadband,5.0,canonicalized,0,0.379519,0.578061,0.562098
aaaaanbq_s001_t000,broadband,5.0,canonicalized,0,1.535364,0.805181,0.298642
aaaaanek_s001_t000,broadband,5.0,canonicalized,0,-1.202464,0.232107,0.788857
aaaaangp_s001_t000,broadband,5.0,canonicalized,0,0.939526,0.700524,0.098468
aaaaanhb_s001_t003,broadband,5.0,canonicalized,1,2.365810,0.901351,0.108659
aaaaanhb_s003_t001,broadband,5.0,canonicalized,1,2.408428,0.904912,0.051910
aaaaanhb_s005_t000,broadband,5.0,canonicalized,1,2.766454,0.930543,0.066010
aaaaankf_s001_t000,broadband,5.0,canonicalized,1,2.681297,0.925097,0.071336
aaaaanlp_s001_t000,broadband,5.0,canonicalized,0,1.686611,0.826853,0.453945
aaaaanmc_s001_t000,broadband,5.0,canonicalized,1,2.763689,0.930372,0.790862
aaaaanop_s001_t000,broadband,5.0,canonicalized,0,2.350155,0.900013,0.098963
aaaaanoz_s001_t000,broadband,5.0,canonicalized,1,2.081320,0.874412,0.477990
aaaaanpr_s001_t002,broadband,5.0,canonicalized,1,1.500938,0.799971,0.504828
aaaaanqe_s001_t000,broadband,5.0,canonicalized,0,1.551805,0.807633,0.557951
aaaaanro_s001_t000,broadband,5.0,canonicalized,1,3.296806,0.956963,0.550995
aaaaansj_s001_t000,broadband,5.0,canonicalized,1,2.599511,0.919500,0.039916
aaaaanta_s001_t000,broadband,5.0,canonicalized,1,2.445676,0.907930,1.404378
aaaaanum_s001_t000,broadband,5.0,canonicalized,0,0.869951,0.686397,0.395062
aaaaanvb_s002_t000,broadband,5.0,canonicalized,0,1.455109,0.792873,0.158274
aaaaanvg_s001_t002,broadband,5.0,canonicalized,0,1.358534,0.777312,0.235486
aaaaanvw_s001_t000,broadband,5.0,canonicalized,0,0.162780,0.526916,0.977310
aaaaanwc_s001_t001,broadband,5.0,canonicalized,1,1.778513,0.839064,0.932120
aaaaanxl_s001_t000,broadband,5.0,canonicalized,1,2.296520,0.895307,0.986492
aaaaanyb_s001_t001,broadband,5.0,canonicalized,0,1.447526,0.791681,0.196148
aaaaanyt_s002_t000,broadband,5.0,canonicalized,1,4.763637,0.989045,0.275340
aaaaanyw_s001_t000,broadband,5.0,canonicalized,1,2.579961,0.918107,0.155456
aaaaanyw_s002_t000,broadband,5.0,canonicalized,1,1.840085,0.846849,0.736774
aaaaanzh_s001_t000,broadband,5.0,canonicalized,1,1.730787,0.832811,0.554713
aaaaanzu_s001_t003,broadband,5.0,canonicalized,1,2.121374,0.878555,0.074287
aaaaaoav_s001_t000,broadband,5.0,canonicalized,0,0.369014,0.575611,1.157829
aaaaaoav_s002_t000,broadband,5.0,canonicalized,0,1.222410,0.753995,0.151528
aaaaaobi_s001_t000,broadband,5.0,canonicalized,1,2.186287,0.885017,1.303522
aaaaaobl_s001_t000,broadband,5.0,canonicalized,0,2.499707,0.912155,0.449892
aaaaaoby_s001_t000,broadband,5.0,canonicalized,0,2.063561,0.872538,0.319739
aaaaaoda_s001_t000,broadband,5.0,canonicalized,1,2.327343,0.898035,1.197954
aaaaaoeg_s001_t000,broadband,5.0,canonicalized,0,1.605906,0.815535,0.250354
aaaaaofj_s001_t000,broadband,5.0,canonicalized,0,2.194915,0.885853,0.075404
aaaaaofr_s001_t000,broadband,5.0,canonicalized,0,2.421700,0.905997,0.069822
aaaaaofz_s001_t000,broadband,5.0,canonicalized,0,1.895970,0.853646,0.215790
aaaaaohb_s001_t000,broadband,5.0,canonicalized,1,2.365408,0.901316,0.088956
aaaaaohr_s002_t001,broadband,5.0,canonicalized,1,2.467976,0.909695,0.404688
aaaaaoiq_s001_t000,broadband,5.0,canonicalized,1,1.085134,0.728869,0.242902
aaaaaoiv_s001_t000,broadband,5.0,canonicalized,1,0.574518,0.622718,0.173515
aaaaaoiv_s002_t001,broadband,5.0,canonicalized,1,3.675180,0.969621,0.142186
aaaaaoiv_s003_t003,broadband,5.0,canonicalized,1,3.528050,0.965196,0.080568
aaaaaojd_s001_t002,broadband,5.0,canonicalized,0,0.686943,0.647599,0.170501
aaaaaokg_s001_t000,broadband,5.0,canonicalized,0,2.345906,0.899647,0.259868
aaaaaoly_s001_t000,broadband,5.0,canonicalized,0,2.188188,0.885202,1.295017
aaaaaome_s001_t000,broadband,5.0,canonicalized,0,1.719053,0.831245,0.135483
aaaaaomx_s001_t000,broadband,5.0,canonicalized,0,2.102520,0.876620,0.119934
aaaaaomy_s001_t000,broadband,5.0,canonicalized,1,2.356529,0.900560,0.321754
aaaaaonb_s001_t000,broadband,5.0,canonicalized,0,1.968334,0.862073,0.899572
aaaaaons_s002_t002,broadband,5.0,canonicalized,1,2.511558,0.913058,0.038974
aaaaaopd_s001_t000,broadband,5.0,canonicalized,0,2.397733,0.904029,0.135310
aaaaaopo_s001_t000,broadband,5.0,canonicalized,0,0.418686,0.587159,0.222819
aaaaaora_s002_t000,broadband,5.0,canonicalized,1,2.224403,0.888671,0.155655
aaaaaord_s001_t000,broadband,5.0,canonicalized,1,1.739845,0.834013,0.114827
aaaaaosh_s001_t000,broadband,5.0,canonicalized,1,1.804535,0.842392,0.433368
aaaaaosw_s001_t000,broadband,5.0,canonicalized,0,2.163980,0.882831,0.186866
aaaaaote_s001_t000,broadband,5.0,canonicalized,0,1.374876,0.780003,0.079515
aaaaaout_s001_t000,broadband,5.0,canonicalized,1,1.359023,0.777393,0.864778
aaaaaovl_s001_t000,broadband,5.0,canonicalized,1,3.060841,0.946662,0.003838
aaaaaovo_s001_t000,broadband,5.0,canonicalized,1,3.724986,0.970992,0.114472
aaaaaowb_s001_t000,broadband,5.0,canonicalized,0,2.161208,0.882557,0.430263
aaaaaoxf_s001_t000,broadband,5.0,canonicalized,0,0.718827,0.654518,0.163192
aaaaaozf_s001_t001,broadband,5.0,canonicalized,0,1.572538,0.810691,0.314037
aaaaapag_s001_t000,broadband,5.0,canonicalized,0,0.951924,0.703003,0.808326
aaaaapar_s001_t000,broadband,5.0,canonicalized,1,4.701620,0.988384,0.151655
aaaaapcb_s001_t000,broadband,5.0,canonicalized,0,1.845166,0.847477,0.104405
aaaaapcy_s001_t002,broadband,5.0,canonicalized,0,0.577669,0.623425,0.350689
aaaaapdg_s001_t000,broadband,5.0,canonicalized,0,2.179442,0.884350,0.106935
aaaaaphs_s001_t000,broadband,5.0,canonicalized,1,2.137355,0.880174,0.661525
aaaaaphw_s001_t000,broadband,5.0,canonicalized,0,2.352765,0.900237,0.216612
aaaaapij_s001_t000,broadband,5.0,canonicalized,0,1.484194,0.797399,0.170901
aaaaapjc_s001_t001,broadband,5.0,canonicalized,0,2.227090,0.888925,0.037050
aaaaapka_s001_t000,broadband,5.0,canonicalized,0,0.886577,0.689806,0.424619
aaaaapkx_s001_t001,broadband,5.0,canonicalized,1,1.879799,0.851705,0.189363
aaaaaply_s001_t001,broadband,5.0,canonicalized,1,2.783719,0.931601,0.152318
aaaaapmb_s002_t001,broadband,5.0,canonicalized,1,1.644448,0.821010,0.065550
aaaaapmp_s001_t000,broadband,5.0,canonicalized,1,1.808831,0.842936,0.454861
aaaaapnr_s001_t000,broadband,5.0,canonicalized,1,1.965320,0.861730,0.651339
aaaaapoc_s001_t000,broadband,5.0,canonicalized,1,1.862119,0.849559,0.863150
aaaaapof_s001_t000,broadband,5.0,canonicalized,0,2.005009,0.866186,0.567577
aaaaapoo_s001_t000,broadband,5.0,canonicalized,0,2.029253,0.868848,0.790709
aaaaapoq_s001_t000,broadband,5.0,canonicalized,0,1.968956,0.862143,0.890567
aaaaappb_s001_t000,broadband,5.0,canonicalized,0,1.950764,0.860065,0.681788
aaaaapqd_s001_t000,broadband,5.0,canonicalized,1,2.227475,0.888961,0.766197
aaaaapqv_s001_t000,broadband,5.0,canonicalized,0,2.105361,0.876913,0.766395
aaaaapta_s001_t000,broadband,5.0,canonicalized,1,2.436521,0.907196,0.063768
aaaaapth_s001_t000,broadband,5.0,canonicalized,1,2.484490,0.910983,0.184288
aaaaapua_s001_t001,broadband,5.0,canonicalized,0,-0.707687,0.326559,0.470369
aaaaapuu_s001_t000,broadband,5.0,canonicalized,0,1.920203,0.856514,0.987449
aaaaapvw_s001_t001,broadband,5.0,canonicalized,1,2.255141,0.891543,0.153485
aaaaapvy_s001_t000,broadband,5.0,canonicalized,1,2.036956,0.869684,1.316387
aaaaapwn_s001_t001,broadband,5.0,canonicalized,0,0.575851,0.623017,1.419600
aaaaapwo_s001_t001,broadband,5.0,canonicalized,1,5.034336,0.991520,0.617388
aaaaapxm_s001_t001,broadband,5.0,canonicalized,0,-0.045093,0.477312,0.156095
aaaaapys_s001_t001,broadband,5.0,canonicalized,1,4.414759,0.984778,0.124378
aaaaapys_s002_t001,broadband,5.0,canonicalized,1,3.493184,0.964060,0.067095
aaaaaayx_s002_t000,broadband,5.0,naive,0,1.271528,0.762594,2.435215
aaaaabdo_s003_t000,broadband,5.0,naive,1,2.852998,0.935700,0.365052
aaaaabsk_s007_t000,broadband,5.0,naive,1,1.370308,0.779253,1.145513
aaaaabuv_s002_t000,broadband,5.0,naive,1,1.190652,0.748324,0.196485
aaaaacad_s003_t000,broadband,5.0,naive,0,1.752085,0.835625,0.347598
aaaaacby_s004_t000,broadband,5.0,naive,0,2.158923,0.882330,0.053774
aaaaaddm_s006_t000,broadband,5.0,naive,1,2.377224,0.902316,0.827747
aaaaadeu_s002_t000,broadband,5.0,naive,1,2.490173,0.911422,0.181877
aaaaadjk_s002_t000,broadband,5.0,naive,0,2.080726,0.874350,0.138793
aaaaadkb_s002_t000,broadband,5.0,naive,1,3.272058,0.955979,0.884875
aaaaadsm_s002_t001,broadband,5.0,naive,0,0.656501,0.640934,0.235135
aaaaaeab_s003_t000,broadband,5.0,naive,0,0.118299,0.516313,0.107171
aaaaaejc_s003_t001,broadband,5.0,naive,0,0.544026,0.615851,0.230584
aaaaaezn_s003_t001,broadband,5.0,naive,1,1.563709,0.809394,0.569944
aaaaafhl_s003_t000,broadband,5.0,naive,1,1.362636,0.777990,0.340937
aaaaagfk_s003_t000,broadband,5.0,naive,0,1.330364,0.772619,1.015399
aaaaagsc_s003_t001,broadband,5.0,naive,1,2.488888,0.911323,0.633336
aaaaagsc_s006_t001,broadband,5.0,naive,1,0.912335,0.695046,0.194537
aaaaaguk_s002_t001,broadband,5.0,naive,0,0.248166,0.547193,0.348753
aaaaagvx_s002_t000,broadband,5.0,naive,1,0.934092,0.699434,0.134830
aaaaagvx_s003_t001,broadband,5.0,naive,1,2.303415,0.895922,0.118909
aaaaagyr_s002_t000,broadband,5.0,naive,1,1.891316,0.853089,1.381655
aaaaahie_s005_t001,broadband,5.0,naive,1,3.089786,0.948041,0.105119
aaaaahsv_s002_t000,broadband,5.0,naive,0,0.771714,0.665852,0.621176
aaaaahte_s002_t000,broadband,5.0,naive,1,2.792281,0.932121,0.456858
aaaaahte_s003_t000,broadband,5.0,naive,1,3.208876,0.953368,0.410006
aaaaahuy_s002_t000,broadband,5.0,naive,1,1.104627,0.732533,0.056894
aaaaahzi_s001_t000,broadband,5.0,naive,0,1.967089,0.861931,0.389441
aaaaahzm_s001_t001,broadband,5.0,naive,0,1.258964,0.760414,0.087051
aaaaahzq_s001_t000,broadband,5.0,naive,0,1.087873,0.729386,0.083276
aaaaahzs_s001_t001,broadband,5.0,naive,0,0.946256,0.701871,0.070589
aaaaaiae_s001_t000,broadband,5.0,naive,0,2.409093,0.904967,0.133888
aaaaaibx_s001_t000,broadband,5.0,naive,0,2.375884,0.902203,0.073430
aaaaaiby_s001_t000,broadband,5.0,naive,0,1.436223,0.789894,0.311949
aaaaaici_s001_t000,broadband,5.0,naive,0,0.940593,0.700738,1.678727
aaaaaicn_s001_t000,broadband,5.0,naive,0,2.073843,0.873626,0.163974
aaaaaijh_s002_t000,broadband,5.0,naive,1,2.021898,0.868045,0.304524
aaaaaijn_s001_t001,broadband,5.0,naive,0,0.555788,0.618505,0.133084
aaaaairb_s001_t001,broadband,5.0,naive,0,2.493260,0.911660,0.093734
aaaaairo_s001_t000,broadband,5.0,naive,0,1.486876,0.797812,0.499266
aaaaaitt_s001_t000,broadband,5.0,naive,0,2.183801,0.884775,0.692431
aaaaaiue_s004_t000,broadband,5.0,naive,1,2.225284,0.888754,0.098877
aaaaaiuo_s002_t000,broadband,5.0,naive,0,1.620403,0.817610,0.668398
aaaaaiwz_s001_t001,broadband,5.0,naive,0,0.156682,0.525464,0.093800
aaaaaiyy_s001_t001,broadband,5.0,naive,0,0.066502,0.503948,0.256202
aaaaaizd_s001_t001,broadband,5.0,naive,0,2.219187,0.888177,0.384162
aaaaaizs_s001_t000,broadband,5.0,naive,0,1.169873,0.744567,0.146779
aaaaajae_s001_t001,broadband,5.0,naive,0,2.038622,0.869864,0.247502
aaaaajah_s002_t001,broadband,5.0,naive,1,1.471085,0.795368,0.129174
aaaaajah_s004_t000,broadband,5.0,naive,1,1.846644,0.847660,0.706775
aaaaajal_s001_t001,broadband,5.0,naive,0,-0.348081,0.406065,0.087343
aaaaajam_s001_t000,broadband,5.0,naive,1,1.035564,0.719410,0.046668
aaaaajar_s001_t001,broadband,5.0,naive,0,0.193394,0.534200,0.310115
aaaaajbb_s001_t000,broadband,5.0,naive,0,1.590322,0.813285,0.443202
aaaaajbh_s002_t000,broadband,5.0,naive,0,1.049111,0.722015,0.112913
aaaaajce_s001_t000,broadband,5.0,naive,0,1.783865,0.839753,0.579968
aaaaajci_s001_t000,broadband,5.0,naive,0,2.525386,0.914101,0.090142
aaaaajck_s001_t000,broadband,5.0,naive,0,0.709739,0.652552,0.630397
aaaaajct_s001_t000,broadband,5.0,naive,0,2.275622,0.893421,0.193395
aaaaajcu_s001_t000,broadband,5.0,naive,0,2.187417,0.885127,0.383686
aaaaajda_s001_t000,broadband,5.0,naive,0,1.614367,0.816748,0.391651
aaaaajdb_s001_t000,broadband,5.0,naive,0,2.411265,0.905145,0.042823
aaaaajdv_s001_t000,broadband,5.0,naive,0,2.089468,0.875265,0.728221
aaaaajdy_s001_t000,broadband,5.0,naive,0,1.949127,0.859877,0.555561
aaaaajdz_s001_t000,broadband,5.0,naive,0,1.701826,0.828924,0.096379
aaaaajea_s001_t000,broadband,5.0,naive,0,2.300411,0.895655,0.131753
aaaaajen_s001_t000,broadband,5.0,naive,0,2.061461,0.872314,0.623228
aaaaajey_s001_t000,broadband,5.0,naive,0,0.212543,0.538749,0.327026
aaaaajfb_s001_t000,broadband,5.0,naive,0,1.622203,0.817866,0.161096
aaaaajfe_s001_t000,broadband,5.0,naive,0,1.600482,0.814755,0.351422
aaaaajff_s001_t000,broadband,5.0,naive,0,-0.432249,0.386828,0.156956
aaaaajfi_s001_t001,broadband,5.0,naive,0,1.189880,0.748185,0.239343
aaaaajfn_s001_t001,broadband,5.0,naive,0,0.821912,0.676435,1.165739
aaaaajfy_s001_t000,broadband,5.0,naive,0,0.870728,0.686557,0.183065
aaaaajga_s001_t001,broadband,5.0,naive,0,2.172490,0.883669,0.137279
aaaaajhy_s001_t000,broadband,5.0,naive,0,1.651007,0.821929,0.102685
aaaaajit_s001_t001,broadband,5.0,naive,0,-0.341875,0.407495,1.652536
aaaaajiu_s001_t000,broadband,5.0,naive,0,2.014434,0.867226,0.589817
aaaaajiy_s001_t001,broadband,5.0,naive,0,1.167403,0.744118,0.085447
aaaaajiz_s001_t000,broadband,5.0,naive,0,2.214755,0.887756,0.385244
aaaaajjb_s001_t001,broadband,5.0,naive,0,1.886363,0.852495,0.170757
aaaaajje_s001_t000,broadband,5.0,naive,0,1.890565,0.852999,0.346952
aaaaajjk_s001_t000,broadband,5.0,naive,0,1.817932,0.844084,0.278423
aaaaajna_s001_t000,broadband,5.0,naive,0,2.145647,0.881007,0.542400
aaaaajnu_s001_t000,broadband,5.0,naive,0,1.851147,0.848215,0.452864
aaaaajon_s001_t000,broadband,5.0,naive,0,2.164634,0.882895,0.492433
aaaaajoo_s002_t001,broadband,5.0,naive,1,1.812533,0.843404,0.186668
aaaaajpg_s001_t001,broadband,5.0,naive,0,0.508408,0.607770,0.065385
aaaaajqh_s004_t000,broadband,5.0,naive,1,2.111131,0.877507,0.474243
aaaaajqk_s003_t001,broadband,5.0,naive,1,2.030114,0.868942,0.476326
aaaaajrf_s001_t000,broadband,5.0,naive,1,2.224155,0.888648,0.447182
aaaaajrf_s002_t000,broadband,5.0,naive,1,2.350786,0.900067,0.679096
aaaaajrf_s003_t002,broadband,5.0,naive,1,3.610199,0.967739,0.755992
aaaaajrf_s004_t000,broadband,5.0,naive,1,2.926408,0.939793,0.040740
aaaaajso_s001_t000,broadband,5.0,naive,1,2.261365,0.892117,0.520930
aaaaajtg_s001_t000,broadband,5.0,naive,0,2.155191,0.881959,0.558480
aaaaajtu_s001_t000,broadband,5.0,naive,0,2.384765,0.902949,0.102663
aaaaajuh_s001_t000,broadband,5.0,naive,1,1.974136,0.862731,0.213874
aaaaajun_s001_t000,broadband,5.0,naive,0,2.262210,0.892194,0.534350
aaaaajvh_s001_t001,broadband,5.0,naive,0,2.130578,0.879490,0.103382
aaaaajxp_s001_t000,broadband,5.0,naive,0,0.574003,0.622602,0.370613
aaaaakck_s001_t001,broadband,5.0,naive,1,2.231431,0.889333,0.148354
aaaaakcx_s001_t001,broadband,5.0,naive,1,3.398647,0.960796,0.382995
aaaaakcy_s005_t001,broadband,5.0,naive,1,4.335384,0.983599,0.636121
aaaaakdj_s001_t000,broadband,5.0,naive,1,1.598905,0.814527,0.247442
aaaaakdo_s001_t000,broadband,5.0,naive,1,1.165226,0.743722,0.181221
aaaaakeq_s001_t000,broadband,5.0,naive,1,2.268064,0.892731,0.251733
aaaaakeq_s002_t000,broadband,5.0,naive,1,1.968901,0.862137,0.900948
aaaaakeq_s003_t000,broadband,5.0,naive,1,2.209931,0.887296,0.190818
aaaaakev_s001_t001,broadband,5.0,naive,1,2.779739,0.931359,0.138333
aaaaakev_s002_t000,broadband,5.0,naive,1,2.209025,0.887209,0.793053
aaaaakft_s001_t000,broadband,5.0,naive,0,2.119983,0.878413,0.288696
aaaaakgp_s001_t001,broadband,5.0,naive,0,1.421948,0.787622,1.019534
aaaaakgu_s001_t000,broadband,5.0,naive,1,0.734778,0.657956,0.189891
aaaaakjk_s002_t002,broadband,5.0,naive,1,2.759023,0.930083,0.124319
aaaaakjk_s003_t000,broadband,5.0,naive,1,1.327179,0.772084,0.151760
aaaaakka_s001_t001,broadband,5.0,naive,0,0.789734,0.669671,0.177960
aaaaakmg_s003_t001,broadband,5.0,naive,1,2.332276,0.898465,0.161805
aaaaakmh_s001_t000,broadband,5.0,naive,1,1.910394,0.855359,0.492305
aaaaaknt_s001_t000,broadband,5.0,naive,1,1.221568,0.753846,1.146729
aaaaakoo_s001_t001,broadband,5.0,naive,1,2.655199,0.923351,0.165736
aaaaakqg_s001_t001,broadband,5.0,naive,0,0.665861,0.642989,1.064798
aaaaakqr_s001_t000,broadband,5.0,naive,0,1.248985,0.758673,0.120556
aaaaakrt_s001_t001,broadband,5.0,naive,1,2.697828,0.926184,0.116547
aaaaakrt_s002_t001,broadband,5.0,naive,1,1.991878,0.864725,0.813774
aaaaaksb_s001_t000,broadband,5.0,naive,0,1.895911,0.853638,0.325886
aaaaaksu_s001_t001,broadband,5.0,naive,0,1.528436,0.804141,0.399196
aaaaakxz_s001_t001,broadband,5.0,naive,1,2.176303,0.884043,0.297054
aaaaakxz_s002_t001,broadband,5.0,naive,1,2.506124,0.912645,0.051153
aaaaalaf_s001_t000,broadband,5.0,naive,0,-0.836500,0.300095,1.071343
aaaaalau_s001_t000,broadband,5.0,naive,1,2.730834,0.928311,0.089967
aaaaalbh_s001_t000,broadband,5.0,naive,1,2.057642,0.871907,0.126693
aaaaalbt_s001_t001,broadband,5.0,naive,0,0.849183,0.682111,0.506625
aaaaalbt_s002_t000,broadband,5.0,naive,0,2.149077,0.881350,0.981725
aaaaalbz_s006_t000,broadband,5.0,naive,1,2.170546,0.883478,0.629378
aaaaalid_s001_t001,broadband,5.0,naive,0,2.237911,0.889941,0.066244
aaaaaljf_s001_t000,broadband,5.0,naive,1,2.125574,0.878982,0.562985
aaaaaljj_s001_t000,broadband,5.0,naive,0,-0.864424,0.294522,0.893032
aaaaallc_s001_t001,broadband,5.0,naive,0,1.334099,0.773246,0.208253
aaaaalle_s002_t000,broadband,5.0,naive,1,2.328049,0.898096,0.216350
aaaaalox_s001_t001,broadband,5.0,naive,0,2.290679,0.894782,0.053332
aaaaalpv_s001_t000,broadband,5.0,naive,0,1.876299,0.851282,0.490528
aaaaalqa_s001_t000,broadband,5.0,naive,0,-0.046462,0.476986,1.471099
aaaaalqr_s001_t001,broadband,5.0,naive,1,2.058227,0.871970,0.281676
aaaaalqs_s001_t001,broadband,5.0,naive,0,0.157277,0.525605,0.047685
aaaaalqx_s001_t000,broadband,5.0,naive,0,2.310631,0.896563,0.624428
aaaaalrc_s002_t000,broadband,5.0,naive,1,5.790893,0.995866,0.331143
aaaaalsq_s001_t000,broadband,5.0,naive,0,2.539079,0.915122,0.147551
aaaaalsx_s001_t000,broadband,5.0,naive,1,1.395956,0.783439,0.929242
aaaaalsx_s004_t001,broadband,5.0,naive,1,1.166349,0.743926,0.118491
aaaaaluz_s001_t001,broadband,5.0,naive,0,-1.002631,0.267852,0.272381
aaaaalvw_s001_t000,broadband,5.0,naive,0,1.906233,0.854866,0.362494
aaaaalvz_s001_t000,broadband,5.0,naive,1,4.692326,0.988282,0.365316
aaaaalxk_s001_t000,broadband,5.0,naive,0,2.425201,0.906282,0.114989
aaaaalyr_s001_t000,broadband,5.0,naive,1,2.256775,0.891694,0.117341
aaaaalzk_s002_t001,broadband,5.0,naive,1,2.872521,0.936813,0.268470
aaaaamcb_s001_t001,broadband,5.0,naive,1,3.075942,0.947385,0.097138
aaaaamfe_s001_t001,broadband,5.0,naive,0,1.626195,0.818433,0.328946
aaaaamft_s001_t001,broadband,5.0,naive,1,2.119484,0.878362,0.293288
aaaaamfu_s001_t000,broadband,5.0,naive,0,1.708485,0.829824,0.306729
aaaaamhi_s001_t000,broadband,5.0,naive,1,3.043089,0.945799,0.088525
aaaaamhk_s001_t000,broadband,5.0,naive,1,1.937738,0.858561,0.065704
aaaaamjc_s001_t001,broadband,5.0,naive,1,4.508227,0.986060,0.360776
aaaaammh_s001_t001,broadband,5.0,naive,1,2.029115,0.868833,0.203317
aaaaamnq_s001_t000,broadband,5.0,naive,1,2.591200,0.918911,0.329779
aaaaamnq_s002_t000,broadband,5.0,naive,1,2.500469,0.912213,0.116523
aaaaamon_s001_t000,broadband,5.0,naive,0,1.211098,0.751985,2.133789
aaaaampz_s001_t000,broadband,5.0,naive,1,2.536016,0.914895,0.064697
aaaaamrj_s001_t000,broadband,5.0,naive,0,2.123930,0.878815,0.436255
aaaaamsc_s001_t000,broadband,5.0,naive,1,2.608868,0.920160,0.312768
aaaaamtb_s001_t000,broadband,5.0,naive,0,2.521667,0.913821,0.064021
aaaaamuc_s001_t000,broadband,5.0,naive,0,1.122112,0.735793,0.195667
aaaaamxn_s001_t000,broadband,5.0,naive,1,1.574078,0.810917,0.152391
aaaaamyb_s001_t001,broadband,5.0,naive,0,2.264645,0.892418,0.225682
aaaaamye_s001_t000,broadband,5.0,naive,1,3.221086,0.953883,0.119906
aaaaamzi_s001_t001,broadband,5.0,naive,1,2.952840,0.941205,0.076874
aaaaamzl_s001_t000,broadband,5.0,naive,0,1.216697,0.752981,0.446272
aaaaamzx_s001_t000,broadband,5.0,naive,0,0.379519,0.578061,0.562098
aaaaanbq_s001_t000,broadband,5.0,naive,0,1.535364,0.805181,0.298642
aaaaanek_s001_t000,broadband,5.0,naive,0,-1.202464,0.232107,0.788857
aaaaangp_s001_t000,broadband,5.0,naive,0,0.939526,0.700524,0.098468
aaaaanhb_s001_t003,broadband,5.0,naive,1,2.365810,0.901351,0.108659
aaaaanhb_s003_t001,broadband,5.0,naive,1,2.408428,0.904912,0.051910
aaaaanhb_s005_t000,broadband,5.0,naive,1,2.766454,0.930543,0.066010
aaaaankf_s001_t000,broadband,5.0,naive,1,2.681297,0.925097,0.071336
aaaaanlp_s001_t000,broadband,5.0,naive,0,1.686611,0.826853,0.453945
aaaaanmc_s001_t000,broadband,5.0,naive,1,2.763689,0.930372,0.790862
aaaaanop_s001_t000,broadband,5.0,naive,0,2.350155,0.900013,0.098963
aaaaanoz_s001_t000,broadband,5.0,naive,1,2.081320,0.874412,0.477990
aaaaanpr_s001_t002,broadband,5.0,naive,1,1.500938,0.799971,0.504828
aaaaanqe_s001_t000,broadband,5.0,naive,0,1.551805,0.807633,0.557951
aaaaanro_s001_t000,broadband,5.0,naive,1,3.296806,0.956963,0.550995
aaaaansj_s001_t000,broadband,5.0,naive,1,2.599511,0.919500,0.039916
aaaaanta_s001_t000,broadband,5.0,naive,1,2.445676,0.907930,1.404378
aaaaanum_s001_t000,broadband,5.0,naive,0,0.869951,0.686397,0.395062
aaaaanvb_s002_t000,broadband,5.0,naive,0,1.455109,0.792873,0.158274
aaaaanvg_s001_t002,broadband,5.0,naive,0,1.358534,0.777312,0.235486
aaaaanvw_s001_t000,broadband,5.0,naive,0,0.162780,0.526916,0.977310
aaaaanwc_s001_t001,broadband,5.0,naive,1,1.778513,0.839064,0.932120
aaaaanxl_s001_t000,broadband,5.0,naive,1,2.296520,0.895307,0.986492
aaaaanyb_s001_t001,broadband,5.0,naive,0,1.447526,0.791681,0.196148
aaaaanyt_s002_t000,broadband,5.0,naive,1,4.763637,0.989045,0.275340
aaaaanyw_s001_t000,broadband,5.0,naive,1,2.579961,0.918107,0.155456
aaaaanyw_s002_t000,broadband,5.0,naive,1,1.840085,0.846849,0.736774
aaaaanzh_s001_t000,broadband,5.0,naive,1,1.730787,0.832811,0.554713
aaaaanzu_s001_t003,broadband,5.0,naive,1,2.121374,0.878555,0.074287
aaaaaoav_s001_t000,broadband,5.0,naive,0,0.369014,0.575611,1.157829
aaaaaoav_s002_t000,broadband,5.0,naive,0,1.222410,0.753995,0.151528
aaaaaobi_s001_t000,broadband,5.0,naive,1,2.186287,0.885017,1.303522
aaaaaobl_s001_t000,broadband,5.0,naive,0,2.499707,0.912155,0.449892
aaaaaoby_s001_t000,broadband,5.0,naive,0,2.063561,0.872538,0.319739
aaaaaoda_s001_t000,broadband,5.0,naive,1,2.327343,0.898035,1.197954
aaaaaoeg_s001_t000,broadband,5.0,naive,0,1.605906,0.815535,0.250354
aaaaaofj_s001_t000,broadband,5.0,naive,0,2.194915,0.885853,0.075404
aaaaaofr_s001_t000,broadband,5.0,naive,0,2.421700,0.905997,0.069822
aaaaaofz_s001_t000,broadband,5.0,naive,0,1.895970,0.853646,0.215790
aaaaaohb_s001_t000,broadband,5.0,naive,1,2.365408,0.901316,0.088956
aaaaaohr_s002_t001,broadband,5.0,naive,1,2.467976,0.909695,0.404688
aaaaaoiq_s001_t000,broadband,5.0,naive,1,1.085134,0.728869,0.242902
aaaaaoiv_s001_t000,broadband,5.0,naive,1,0.574518,0.622718,0.173515
aaaaaoiv_s002_t001,broadband,5.0,naive,1,3.675180,0.969621,0.142186
aaaaaoiv_s003_t003,broadband,5.0,naive,1,3.528050,0.965196,0.080568
aaaaaojd_s001_t002,broadband,5.0,naive,0,0.686943,0.647599,0.170501
aaaaaokg_s001_t000,broadband,5.0,naive,0,2.345906,0.899647,0.259868
aaaaaoly_s001_t000,broadband,5.0,naive,0,2.188188,0.885202,1.295017
aaaaaome_s001_t000,broadband,5.0,naive,0,1.719053,0.831245,0.135483
aaaaaomx_s001_t000,broadband,5.0,naive,0,2.102520,0.876620,0.119934
aaaaaomy_s001_t000,broadband,5.0,naive,1,2.356529,0.900560,0.321754
aaaaaonb_s001_t000,broadband,5.0,naive,0,1.968334,0.862073,0.899572
aaaaaons_s002_t002,broadband,5.0,naive,1,2.511558,0.913058,0.038974
aaaaaopd_s001_t000,broadband,5.0,naive,0,2.397733,0.904029,0.135310
aaaaaopo_s001_t000,broadband,5.0,naive,0,0.418686,0.587159,0.222819
aaaaaora_s002_t000,broadband,5.0,naive,1,2.224403,0.888671,0.155655
aaaaaord_s001_t000,broadband,5.0,naive,1,1.739845,0.834013,0.114827
aaaaaosh_s001_t000,broadband,5.0,naive,1,1.804535,0.842392,0.433368
aaaaaosw_s001_t000,broadband,5.0,naive,0,2.163980,0.882831,0.186866
aaaaaote_s001_t000,broadband,5.0,naive,0,1.374876,0.780003,0.079515
aaaaaout_s001_t000,broadband,5.0,naive,1,1.359023,0.777393,0.864778
aaaaaovl_s001_t000,broadband,5.0,naive,1,3.060841,0.946662,0.003838
aaaaaovo_s001_t000,broadband,5.0,naive,1,3.724986,0.970992,0.114472
aaaaaowb_s001_t000,broadband,5.0,naive,0,2.161208,0.882557,0.430263
aaaaaoxf_s001_t000,broadband,5.0,naive,0,0.718827,0.654518,0.163192
aaaaaozf_s001_t001,broadband,5.0,naive,0,1.572538,0.810691,0.314037
aaaaapag_s001_t000,broadband,5.0,naive,0,0.951924,0.703003,0.808326
aaaaapar_s001_t000,broadband,5.0,naive,1,4.701620,0.988384,0.151655
aaaaapcb_s001_t000,broadband,5.0,naive,0,1.845166,0.847477,0.104405
aaaaapcy_s001_t002,broadband,5.0,naive,0,0.577669,0.623425,0.350689
aaaaapdg_s001_t000,broadband,5.0,naive,0,2.179442,0.884350,0.106935
aaaaaphs_s001_t000,broadband,5.0,naive,1,2.137355,0.880174,0.661525
aaaaaphw_s001_t000,broadband,5.0,naive,0,2.352765,0.900237,0.216612
aaaaapij_s001_t000,broadband,5.0,naive,0,1.484194,0.797399,0.170901
aaaaapjc_s001_t001,broadband,5.0,naive,0,2.227090,0.888925,0.037050
aaaaapka_s001_t000,broadband,5.0,naive,0,0.886577,0.689806,0.424619
aaaaapkx_s001_t001,broadband,5.0,naive,1,1.879799,0.851705,0.189363
aaaaaply_s001_t001,broadband,5.0,naive,1,2.783719,0.931601,0.152318
aaaaapmb_s002_t001,broadband,5.0,naive,1,1.644448,0.821010,0.065550
aaaaapmp_s001_t000,broadband,5.0,naive,1,1.808831,0.842936,0.454861
aaaaapnr_s001_t000,broadband,5.0,naive,1,1.965320,0.861730,0.651339
aaaaapoc_s001_t000,broadband,5.0,naive,1,1.862119,0.849559,0.863150
aaaaapof_s001_t000,broadband,5.0,naive,0,2.005009,0.866186,0.567577
aaaaapoo_s001_t000,broadband,5.0,naive,0,2.029253,0.868848,0.790709
aaaaapoq_s001_t000,broadband,5.0,naive,0,1.968956,0.862143,0.890567
aaaaappb_s001_t000,broadband,5.0,naive,0,1.950764,0.860065,0.681788
aaaaapqd_s001_t000,broadband,5.0,naive,1,2.227475,0.888961,0.766197
aaaaapqv_s001_t000,broadband,5.0,naive,0,2.105361,0.876913,0.766395
aaaaapta_s001_t000,broadband,5.0,naive,1,2.436521,0.907196,0.063768
aaaaapth_s001_t000,broadband,5.0,naive,1,2.484490,0.910983,0.184288
aaaaapua_s001_t001,broadband,5.0,naive,0,-0.707687,0.326559,0.470369
aaaaapuu_s001_t000,broadband,5.0,naive,0,1.920203,0.856514,0.987449
aaaaapvw_s001_t001,broadband,5.0,naive,1,2.255141,0.891543,0.153485
aaaaapvy_s001_t000,broadband,5.0,naive,1,2.036956,0.869684,1.316387
aaaaapwn_s001_t001,broadband,5.0,naive,0,0.575851,0.623017,1.419600
aaaaapwo_s001_t001,broadband,5.0,naive,1,5.034336,0.991520,0.617388
aaaaapxm_s001_t001,broadband,5.0,naive,0,-0.045093,0.477312,0.156095
aaaaapys_s001_t001,broadband,5.0,naive,1,4.414759,0.984778,0.124378
aaaaapys_s002_t001,broadband,5.0,naive,1,3.493184,0.964060,0.067095
aaaaaayx_s002_t000,calibration,0.5,canonicalized,0,0.202175,0.536286,1.642176
aaaaabdo_s003_t000,calibration,0.5,canonicalized,1,5.570985,0.994904,1.519506
aaaaabsk_s007_t000,calibration,0.5,canonicalized,1,0.466174,0.598111,1.003793
aaaaabuv_s002_t000,calibration,0.5,canonicalized,1,1.567353,0.809930,0.973321
aaaaacad_s003_t000,calibration,0.5,canonicalized,0,0.920193,0.696635,0.656851
aaaaacby_s004_t000,calibration,0.5,canonicalized,0,-0.628362,0.343438,0.121205
aaaaaddm_s006_t000,calibration,0.5,canonicalized,1,3.401061,0.960883,1.421212
aaaaadeu_s002_t000,calibration,0.5,canonicalized,1,3.101629,0.948595,0.939387
aaaaadjk_s002_t000,calibration,0.5,canonicalized,0,-1.790122,0.147061,0.233014
aaaaadkb_s002_t000,calibration,0.5,canonicalized,1,5.106050,0.992077,4.721467
aaaaadsm_s002_t001,calibration,0.5,canonicalized,0,-2.176235,0.106529,0.376146
aaaaaeab_s003_t000,calibration,0.5,canonicalized,0,-0.374896,0.399902,0.664492
aaaaaejc_s003_t001,calibration,0.5,canonicalized,0,0.676852,0.645396,0.331730
aaaaaezn_s003_t001,calibration,0.5,canonicalized,1,0.831920,0.678524,3.650870
aaaaafhl_s003_t000,calibration,0.5,canonicalized,1,0.402648,0.583441,2.241765
aaaaagfk_s003_t000,calibration,0.5,canonicalized,0,-1.382791,0.202827,0.301262
aaaaagsc_s003_t001,calibration,0.5,canonicalized,1,3.546334,0.965778,7.912089
aaaaagsc_s006_t001,calibration,0.5,canonicalized,1,-0.876650,0.292101,0.437632
aaaaaguk_s002_t001,calibration,0.5,canonicalized,0,-2.477530,0.082072,0.304205
aaaaagvx_s002_t000,calibration,0.5,canonicalized,1,0.601687,0.628796,1.358581
aaaaagvx_s003_t001,calibration,0.5,canonicalized,1,1.081494,0.728181,0.671906
aaaaagyr_s002_t000,calibration,0.5,canonicalized,1,-0.203264,0.439815,0.681135
aaaaahie_s005_t001,calibration,0.5,canonicalized,1,5.349870,0.993713,0.285969
aaaaahsv_s002_t000,calibration,0.5,canonicalized,0,-0.817048,0.304013,1.980520
aaaaahte_s002_t000,calibration,0.5,canonicalized,1,6.416459,0.997721,2.407014
aaaaahte_s003_t000,calibration,0.5,canonicalized,1,5.313992,0.993495,1.619883
aaaaahuy_s002_t000,calibration,0.5,canonicalized,1,-1.593836,0.172170,0.189950
aaaaahzi_s001_t000,calibration,0.5,canonicalized,0,0.301506,0.559786,0.291877
aaaaahzm_s001_t001,calibration,0.5,canonicalized,0,-0.182088,0.444805,0.068051
aaaaahzq_s001_t000,calibration,0.5,canonicalized,0,-3.237582,0.041463,0.593087
aaaaahzs_s001_t001,calibration,0.5,canonicalized,0,0.143497,0.522322,0.316860
aaaaaiae_s001_t000,calibration,0.5,canonicalized,0,0.179419,0.530876,0.642873
aaaaaibx_s001_t000,calibration,0.5,canonicalized,0,-0.691249,0.330022,0.649503
aaaaaiby_s001_t000,calibration,0.5,canonicalized,0,-0.703440,0.327452,1.452311
aaaaaici_s001_t000,calibration,0.5,canonicalized,0,-1.954416,0.128444,3.342380
aaaaaicn_s001_t000,calibration,0.5,canonicalized,0,0.227950,0.542404,0.471072
aaaaaijh_s002_t000,calibration,0.5,canonicalized,1,-3.162531,0.044408,0.411524
aaaaaijn_s001_t001,calibration,0.5,canonicalized,0,-0.886178,0.290223,0.291197
aaaaairb_s001_t001,calibration,0.5,canonicalized,0,1.217628,0.753146,0.274355
aaaaairo_s001_t000,calibration,0.5,canonicalized,0,-1.994740,0.124193,0.892754
aaaaaitt_s001_t000,calibration,0.5,canonicalized,0,-1.512873,0.183474,1.047145
aaaaaiue_s004_t000,calibration,0.5,canonicalized,1,0.697884,0.649980,0.865404
aaaaaiuo_s002_t000,calibration,0.5,canonicalized,0,0.841960,0.680613,0.467824
aaaaaiwz_s001_t001,calibration,0.5,canonicalized,0,-1.336318,0.210100,0.138060
aaaaaiyy_s001_t001,calibration,0.5,canonicalized,0,-1.772050,0.149240,1.427121
aaaaaizd_s001_t001,calibration,0.5,canonicalized,0,-0.024994,0.482104,1.350887
aaaaaizs_s001_t000,calibration,0.5,canonicalized,0,0.690080,0.648282,0.412175
aaaaajae_s001_t001,calibration,0.5,canonicalized,0,2.389403,0.903337,0.911805
aaaaajah_s002_t001,calibration,0.5,canonicalized,1,0.510026,0.608138,0.731745
aaaaajah_s004_t000,calibration,0.5,canonicalized,1,-0.429078,0.387547,1.515167
aaaaajal_s001_t001,calibration,0.5,canonicalized,0,-2.031127,0.120461,0.634484
aaaaajam_s001_t000,calibration,0.5,canonicalized,1,-1.025426,0.263603,0.247760
aaaaajar_s001_t001,calibration,0.5,canonicalized,0,-1.043999,0.260173,0.472049
aaaaajbb_s001_t000,calibration,0.5,canonicalized,0,1.251721,0.759151,1.365117
aaaaajbh_s002_t000,calibration,0.5,canonicalized,0,-1.078711,0.253841,0.315311
aaaaajce_s001_t000,calibration,0.5,canonicalized,0,-0.805808,0.306289,0.469517
aaaaajci_s001_t000,calibration,0.5,canonicalized,0,-0.421259,0.389322,0.143144
aaaaajck_s001_t000,calibration,0.5,canonicalized,0,-1.758828,0.150851,0.474704
aaaaajct_s001_t000,calibration,0.5,canonicalized,0,0.587696,0.625671,0.800038
aaaaajcu_s001_t000,calibration,0.5,canonicalized,0,-0.889103,0.289648,0.830872
aaaaajda_s001_t000,calibration,0.5,canonicalized,0,-2.269242,0.098363,0.497408
aaaaajdb_s001_t000,calibration,0.5,canonicalized,0,-1.153220,0.240597,1.411864
aaaaajdv_s001_t000,calibration,0.5,canonicalized,0,0.641702,0.637674,2.228797
aaaaajdy_s001_t000,calibration,0.5,canonicalized,0,-2.030617,0.120513,0.355338
aaaaajdz_s001_t000,calibration,0.5,canonicalized,0,-0.080716,0.468830,0.569981
aaaaajea_s001_t000,calibration,0.5,canonicalized,0,1.878280,0.851522,1.592870
aaaaajen_s001_t000,calibration,0.5,canonicalized,0,-0.930268,0.281624,0.385469
aaaaajey_s001_t000,calibration,0.5,canonicalized,0,-0.152592,0.451774,0.401459
aaaaajfb_s001_t000,calibration,0.5,canonicalized,0,-2.408092,0.087210,3.021751
aaaaajfe_s001_t000,calibration,0.5,canonicalized,0,-1.324912,0.211914,0.745848
aaaaajff_s001_t000,calibration,0.5,canonicalized,0,-2.362366,0.090751,0.773966
aaaaajfi_s001_t001,calibration,0.5,canonicalized,0,-0.746668,0.318423,0.317309
aaaaajfn_s001_t001,calibration,0.5,canonicalized,0,-1.466044,0.190271,0.715578
aaaaajfy_s001_t000,calibration,0.5,canonicalized,0,-1.751913,0.151699,0.444793
aaaaajga_s001_t001,calibration,0.5,canonicalized,0,1.054715,0.723088,2.370106
aaaaajhy_s001_t000,calibration,0.5,canonicalized,0,-2.489172,0.081238,0.889815
aaaaajit_s001_t001,calibration,0.5,canonicalized,0,-1.823211,0.143140,1.127657
aaaaajiu_s001_t000,calibration,0.5,canonicalized,0,1.724833,0.832018,2.163884
aaaaajiy_s001_t001,calibration,0.5,canonicalized,0,-0.635808,0.341836,0.775533
aaaaajiz_s001_t000,calibration,0.5,canonicalized,0,-0.347028,0.406307,0.868019
aaaaajjb_s001_t001,calibration,0.5,canonicalized,0,-0.342636,0.407320,0.667364
aaaaajje_s001_t000,calibration,0.5,canonicalized,0,-1.329029,0.211258,0.672725
aaaaajjk_s001_t000,calibration,0.5,canonicalized,0,-0.720664,0.323839,1.110273
aaaaajna_s001_t000,calibration,0.5,canonicalized,0,-2.293299,0.096344,0.582481
aaaaajnu_s001_t000,calibration,0.5,canonicalized,0,-2.166101,0.107454,0.822409
aaaaajon_s001_t000,calibration,0.5,canonicalized,0,-0.446547,0.383594,2.457607
aaaaajoo_s002_t001,calibration,0.5,canonicalized,1,-0.091693,0.466219,0.349673
aaaaajpg_s001_t001,calibration,0.5,canonicalized,0,-1.496066,0.185892,0.549567
aaaaajqh_s004_t000,calibration,0.5,canonicalized,1,5.805980,0.995925,1.960828
aaaaajqk_s003_t001,calibration,0.5,canonicalized,1,3.006204,0.943964,0.937252
aaaaajrf_s001_t000,calibration,0.5,canonicalized,1,9.208815,0.999841,3.126554
aaaaajrf_s002_t000,calibration,0.5,canonicalized,1,11.770627,0.999986,1.974131
aaaaajrf_s003_t002,calibration,0.5,canonicalized,1,9.761459,0.999906,4.475995
aaaaajrf_s004_t000,calibration,0.5,canonicalized,1,2.362019,0.901028,0.441436
aaaaajso_s001_t000,calibration,0.5,canonicalized,1,6.362649,0.997601,1.122524
aaaaajtg_s001_t000,calibration,0.5,canonicalized,0,-0.190054,0.442926,2.167782
aaaaajtu_s001_t000,calibration,0.5,canonicalized,0,-0.154651,0.451286,0.597161
aaaaajuh_s001_t000,calibration,0.5,canonicalized,1,5.243036,0.993042,6.272742
aaaaajun_s001_t000,calibration,0.5,canonicalized,0,1.872187,0.850784,0.758530
aaaaajvh_s001_t001,calibration,0.5,canonicalized,0,-0.018198,0.483726,1.242136
aaaaajxp_s001_t000,calibration,0.5,canonicalized,0,-0.412240,0.391372,0.483229
aaaaakck_s001_t001,calibration,0.5,canonicalized,1,1.525746,0.803736,0.363866
aaaaakcx_s001_t001,calibration,0.5,canonicalized,1,6.860636,0.998508,3.049091
aaaaakcy_s005_t001,calibration,0.5,canonicalized,1,7.765857,0.999371,3.692368
aaaaakdj_s001_t000,calibration,0.5,canonicalized,1,1.432491,0.789302,0.713467
aaaaakdo_s001_t000,calibration,0.5,canonicalized,1,0.575585,0.622957,1.416985
aaaaakeq_s001_t000,calibration,0.5,canonicalized,1,2.933081,0.940152,2.550948
aaaaakeq_s002_t000,calibration,0.5,canonicalized,1,2.287162,0.894466,1.198910
aaaaakeq_s003_t000,calibration,0.5,canonicalized,1,3.130689,0.949932,3.966956
aaaaakev_s001_t001,calibration,0.5,canonicalized,1,10.738077,0.999963,11.813914
aaaaakev_s002_t000,calibration,0.5,canonicalized,1,10.027954,0.999928,4.775115
aaaaakft_s001_t000,calibration,0.5,canonicalized,0,-1.624253,0.168068,0.756980
aaaaakgp_s001_t001,calibration,0.5,canonicalized,0,0.860957,0.684544,1.880238
aaaaakgu_s001_t000,calibration,0.5,canonicalized,1,-0.709463,0.326186,0.159255
aaaaakjk_s002_t002,calibration,0.5,canonicalized,1,2.446852,0.908024,0.430117
aaaaakjk_s003_t000,calibration,0.5,canonicalized,1,1.561742,0.809104,1.147378
aaaaakka_s001_t001,calibration,0.5,canonicalized,0,-0.964987,0.274963,0.641540
aaaaakmg_s003_t001,calibration,0.5,canonicalized,1,5.496935,0.994533,0.791227
aaaaakmh_s001_t000,calibration,0.5,canonicalized,1,0.330902,0.566694,2.525002
aaaaaknt_s001_t000,calibration,0.5,canonicalized,1,1.048265,0.721853,1.560412
aaaaakoo_s001_t001,calibration,0.5,canonicalized,1,9.878414,0.999916,2.437984
aaaaakqg_s001_t001,calibration,0.5,canonicalized,0,-0.626215,0.343901,0.965403
aaaaakqr_s001_t000,calibration,0.5,canonicalized,0,-1.100150,0.249982,0.534052
aaaaakrt_s001_t001,calibration,0.5,canonicalized,1,4.194616,0.981282,0.604725
aaaaakrt_s002_t001,calibration,0.5,canonicalized,1,4.322444,0.983398,2.452163
aaaaaksb_s001_t000,calibration,0.5,canonicalized,0,-1.749613,0.151982,0.384180
aaaaaksu_s001_t001,calibration,0.5,canonicalized,0,0.056391,0.501534,0.687487
aaaaakxz_s001_t001,calibration,0.5,canonicalized,1,0.934060,0.699427,0.297173
aaaaakxz_s002_t001,calibration,0.5,canonicalized,1,3.811963,0.973243,2.097560
aaaaalaf_s001_t000,calibration,0.5,canonicalized,0,-1.303227,0.215395,0.322958
aaaaalau_s001_t000,calibration,0.5,canonicalized,1,1.796040,0.841312,0.935165
aaaaalbh_s001_t000,calibration,0.5,canonicalized,1,2.924612,0.939695,6.387937
aaaaalbt_s001_t001,calibration,0.5,canonicalized,0,-0.712014,0.325651,0.553662
aaaaalbt_s002_t000,calibration,0.5,canonicalized,0,-1.217174,0.229612,1.585767
aaaaalbz_s006_t000,calibration,0.5,canonicalized,1,8.160569,0.999569,4.599907
aaaaalid_s001_t001,calibration,0.5,canonicalized,0,2.608222,0.920114,1.845283
aaaaaljf_s001_t000,calibration,0.5,canonicalized,1,2.388844,0.903290,1.164038
aaaaaljj_s001_t000,calibration,0.5,canonicalized,0,-1.853119,0.139672,1.287985
aaaaallc_s001_t001,calibration,0.5,canonicalized,0,0.342518,0.569417,1.419859
aaaaalle_s002_t000,calibration,0.5,canonicalized,1,1.669162,0.824453,0.432080
aaaaalox_s001_t001,calibration,0.5,canonicalized,0,2.802370,0.932728,4.047310
aaaaalpv_s001_t000,calibration,0.5,canonicalized,0,0.543787,0.615796,1.266232
aaaaalqa_s001_t000,calibration,0.5,canonicalized,0,-0.799068,0.307659,1.278145
aaaaalqr_s001_t001,calibration,0.5,canonicalized,1,1.535631,0.805221,0.066830
aaaaalqs_s001_t001,calibration,0.5,canonicalized,0,-1.484137,0.187623,0.505615
aaaaalqx_s001_t000,calibration,0.5,canonicalized,0,-2.037021,0.119866,1.483972
aaaaalrc_s002_t000,calibration,0.5,canonicalized,1,15.201885,0.999999,2.388845
aaaaalsq_s001_t000,calibration,0.5,canonicalized,0,0.914565,0.695498,0.250569
aaaaalsx_s001_t000,calibration,0.5,canonicalized,1,-0.213218,0.437473,0.296427
aaaaalsx_s004_t001,calibration,0.5,canonicalized,1,0.284817,0.555853,0.195280
aaaaaluz_s001_t001,calibration,0.5,canonicalized,0,-0.883141,0.290821,0.268112
aaaaalvw_s001_t000,calibration,0.5,canonicalized,0,-2.935382,0.054583,0.480682
aaaaalvz_s001_t000,calibration,0.5,canonicalized,1,9.045036,0.999815,1.203491
aaaaalxk_s001_t000,calibration,0.5,canonicalized,0,0.542539,0.615514,0.574883
aaaaalyr_s001_t000,calibration,0.5,canonicalized,1,0.730295,0.656991,0.291253
aaaaalzk_s002_t001,calibration,0.5,canonicalized,1,8.150992,0.999565,6.231357
aaaaamcb_s001_t001,calibration,0.5,canonicalized,1,6.416230,0.997721,1.631436
aaaaamfe_s001_t001,calibration,0.5,canonicalized,0,0.937747,0.700167,0.781618
aaaaamft_s001_t001,calibration,0.5,canonicalized,1,2.819436,0.933744,0.292636
aaaaamfu_s001_t000,calibration,0.5,canonicalized,0,-0.692344,0.329791,0.400854
aaaaamhi_s001_t000,calibration,0.5,canonicalized,1,6.946845,0.998626,5.127158
aaaaamhk_s001_t000,calibration,0.5,canonicalized,1,2.396893,0.903960,0.403226
aaaaamjc_s001_t001,calibration,0.5,canonicalized,1,6.840351,0.998479,2.903263
aaaaammh_s001_t001,calibration,0.5,canonicalized,1,1.251437,0.759102,0.843015
aaaaamnq_s001_t000,calibration,0.5,canonicalized,1,4.891600,0.990294,6.905767
aaaaamnq_s002_t000,calibration,0.5,canonicalized,1,3.713823,0.970690,1.462515
aaaaamon_s001_t000,calibration,0.5,canonicalized,0,0.309210,0.561598,2.297999
aaaaampz_s001_t000,calibration,0.5,canonicalized,1,-0.226266,0.434408,1.780860
aaaaamrj_s001_t000,calibration,0.5,canonicalized,0,0.044718,0.498746,0.216798
aaaaamsc_s001_t000,calibration,0.5,canonicalized,1,3.520617,0.964957,0.293205
aaaaamtb_s001_t000,calibration,0.5,canonicalized,0,2.999773,0.943638,1.498086
aaaaamuc_s001_t000,calibration,0.5,canonicalized,0,-0.926477,0.282357,0.233524
aaaaamxn_s001_t000,calibration,0.5,canonicalized,1,0.843053,0.680839,0.207349
aaaaamyb_s001_t001,calibration,0.5,canonicalized,0,-1.089739,0.251851,1.774127
aaaaamye_s001_t000,calibration,0.5,canonicalized,1,8.673944,0.999736,3.176892
aaaaamzi_s001_t001,calibration,0.5,canonicalized,1,5.997363,0.996603,6.488073
aaaaamzl_s001_t000,calibration,0.5,canonicalized,0,-1.322974,0.212224,0.258329
aaaaamzx_s001_t000,calibration,0.5,canonicalized,0,-2.250402,0.099971,1.452763
aaaaanbq_s001_t000,calibration,0.5,canonicalized,0,-0.688299,0.330645,0.601318
aaaaanek_s001_t000,calibration,0.5,canonicalized,0,-2.104422,0.113237,0.263787
aaaaangp_s001_t000,calibration,0.5,canonicalized,0,-0.511488,0.369035,0.408012
aaaaanhb_s001_t003,calibration,0.5,canonicalized,1,3.570457,0.966532,3.742980
aaaaanhb_s003_t001,calibration,0.5,canonicalized,1,2.991965,0.943240,1.038366
aaaaanhb_s005_t000,calibration,0.5,canonicalized,1,3.857945,0.974363,2.063356
aaaaankf_s001_t000,calibration,0.5,canonicalized,1,4.264624,0.982472,0.832070
aaaaanlp_s001_t000,calibration,0.5,canonicalized,0,-0.495478,0.372603,0.630107
aaaaanmc_s001_t000,calibration,0.5,canonicalized,1,4.813454,0.989549,5.309390
aaaaanop_s001_t000,calibration,0.5,canonicalized,0,0.312518,0.562377,2.434319
aaaaanoz_s001_t000,calibration,0.5,canonicalized,1,-0.998508,0.268625,0.632905
aaaaanpr_s001_t002,calibration,0.5,canonicalized,1,1.490890,0.798430,1.462165
aaaaanqe_s001_t000,calibration,0.5,canonicalized,0,-1.699292,0.158282,0.786719
aaaaanro_s001_t000,calibration,0.5,canonicalized,1,3.086226,0.947873,1.678982
aaaaansj_s001_t000,calibration,0.5,canonicalized,1,1.682942,0.826350,2.244297
aaaaanta_s001_t000,calibration,0.5,canonicalized,1,5.228892,0.992948,5.381510
aaaaanum_s001_t000,calibration,0.5,canonicalized,0,-0.136362,0.455616,0.555793
aaaaanvb_s002_t000,calibration,0.5,canonicalized,0,-0.791884,0.309123,0.486388
aaaaanvg_s001_t002,calibration,0.5,canonicalized,0,2.038135,0.869812,0.807343
aaaaanvw_s001_t000,calibration,0.5,canonicalized,0,-1.977619,0.125983,0.992770
aaaaanwc_s001_t001,calibration,0.5,canonicalized,1,4.287176,0.982839,14.907016
aaaaanxl_s001_t000,calibration,0.5,canonicalized,1,4.588249,0.987073,3.893290
aaaaanyb_s001_t001,calibration,0.5,canonicalized,0,-0.731593,0.321557,0.049866
aaaaanyt_s002_t000,calibration,0.5,canonicalized,1,5.455431,0.994313,3.262507
aaaaanyw_s001_t000,calibration,0.5,canonicalized,1,2.720203,0.927632,0.431002
aaaaanyw_s002_t000,calibration,0.5,canonicalized,1,3.307925,0.957398,3.629027
aaaaanzh_s001_t000,calibration,0.5,canonicalized,1,-0.209888,0.438256,1.239038
aaaaanzu_s001_t003,calibration,0.5,canonicalized,1,2.741378,0.928979,1.736941
aaaaaoav_s001_t000,calibration,0.5,canonicalized,0,-0.576372,0.354723,0.522022
aaaaaoav_s002_t000,calibration,0.5,canonicalized,0,-1.212928,0.230330,0.729147
aaaaaobi_s001_t000,calibration,0.5,canonicalized,1,-0.104223,0.463241,0.517987
aaaaaobl_s001_t000,calibration,0.5,canonicalized,0,-1.254171,0.223420,0.826075
aaaaaoby_s001_t000,calibration,0.5,canonicalized,0,-0.194878,0.441789,1.178763
aaaaaoda_s001_t000,calibration,0.5,canonicalized,1,6.780187,0.998389,2.323711
aaaaaoeg_s001_t000,calibration,0.5,canonicalized,0,-0.539062,0.362922,0.306858
aaaaaofj_s001_t000,calibration,0.5,canonicalized,0,-0.260078,0.426489,1.271822
aaaaaofr_s001_t000,calibration,0.5,canonicalized,0,1.306857,0.768650,1.029020
aaaaaofz_s001_t000,calibration,0.5,canonicalized,0,-0.435995,0.385980,0.928248
aaaaaohb_s001_t000,calibration,0.5,canonicalized,1,4.320503,0.983368,0.556406
aaaaaohr_s002_t001,calibration,0.5,canonicalized,1,4.536330,0.986425,1.014671
aaaaaoiq_s001_t000,calibration,0.5,canonicalized,1,1.106155,0.732819,0.584342
aaaaaoiv_s001_t000,calibration,0.5,canonicalized,1,-0.019053,0.483522,0.324157
aaaaaoiv_s002_t001,calibration,0.5,canonicalized,1,8.574879,0.999710,1.524376
aaaaaoiv_s003_t003,calibration,0.5,canonicalized,1,7.899239,0.999446,1.052139
aaaaaojd_s001_t002,calibration,0.5,canonicalized,0,-0.136359,0.455617,1.376487
aaaaaokg_s001_t000,calibration,0.5,canonicalized,0,2.819275,0.933734,4.478116
aaaaaoly_s001_t000,calibration,0.5,canonicalized,0,-0.949816,0.277861,5.481781
aaaaaome_s001_t000,calibration,0.5,canonicalized,0,-1.110976,0.248048,0.363552
aaaaaomx_s001_t000,calibration,0.5,canonicalized,0,-0.728208,0.322263,0.298284
aaaaaomy_s001_t000,calibration,0.5,canonicalized,1,4.091975,0.979394,10.758736
aaaaaonb_s001_t000,calibration,0.5,canonicalized,0,0.179808,0.530969,0.464463
aaaaaons_s002_t002,calibration,0.5,canonicalized,1,2.293506,0.895036,0.295461
aaaaaopd_s001_t000,calibration,0.5,canonicalized,0,-2.390726,0.088540,2.008413
aaaaaopo_s001_t000,calibration,0.5,canonicalized,0,-0.783031,0.310932,0.880611
aaaaaora_s002_t000,calibration,0.5,canonicalized,1,1.663310,0.823643,0.789701
aaaaaord_s001_t000,calibration,0.5,canonicalized,1,1.019309,0.716265,0.767854
aaaaaosh_s001_t000,calibration,0.5,canonicalized,1,0.233400,0.543696,0.323000
aaaaaosw_s001_t000,calibration,0.5,canonicalized,0,0.077686,0.506619,2.446615
aaaaaote_s001_t000,calibration,0.5,canonicalized,0,-0.426077,0.388228,1.091849
aaaaaout_s001_t000,calibration,0.5,canonicalized,1,2.055377,0.871666,2.741817
aaaaaovl_s001_t000,calibration,0.5,canonicalized,1,5.040532,0.991570,0.593068
aaaaaovo_s001_t000,calibration,0.5,canonicalized,1,7.621795,0.999278,2.695930
aaaaaowb_s001_t000,calibration,0.5,canonicalized,0,-0.687242,0.330869,2.529089
aaaaaoxf_s001_t000,calibration,0.5,canonicalized,0,-0.922831,0.283063,0.349808
aaaaaozf_s001_t001,calibration,0.5,canonicalized,0,-0.272867,0.423504,2.115154
aaaaapag_s001_t000,calibration,0.5,canonicalized,0,-1.418413,0.197381,2.734477
aaaaapar_s001_t000,calibration,0.5,canonicalized,1,13.042362,0.999996,1.510152
aaaaapcb_s001_t000,calibration,0.5,canonicalized,0,0.568982,0.621475,0.316397
aaaaapcy_s001_t002,calibration,0.5,canonicalized,0,-1.238990,0.225946,0.955148
aaaaapdg_s001_t000,calibration,0.5,canonicalized,0,-1.184772,0.235133,0.111689
aaaaaphs_s001_t000,calibration,0.5,canonicalized,1,4.069074,0.978947,0.763813
aaaaaphw_s001_t000,calibration,0.5,canonicalized,0,2.015297,0.867321,0.880239
aaaaapij_s001_t000,calibration,0.5,canonicalized,0,-0.319576,0.412649,0.422338
aaaaapjc_s001_t001,calibration,0.5,canonicalized,0,-2.761115,0.063839,0.580944
aaaaapka_s001_t000,calibration,0.5,canonicalized,0,-0.975065,0.273047,0.739446
aaaaapkx_s001_t001,calibration,0.5,canonicalized,1,-0.908834,0.285785,2.947972
aaaaaply_s001_t001,calibration,0.5,canonicalized,1,4.457208,0.985374,4.246826
aaaaapmb_s002_t001,calibration,0.5,canonicalized,1,1.394273,0.783166,0.226553
aaaaapmp_s001_t000,calibration,0.5,canonicalized,1,0.666988,0.643236,0.293597
aaaaapnr_s001_t000,calibration,0.5,canonicalized,1,-1.250353,0.224054,1.226863
aaaaapoc_s001_t000,calibration,0.5,canonicalized,1,4.398945,0.984550,0.941767
aaaaapof_s001_t000,calibration,0.5,canonicalized,0,-1.514384,0.183258,0.740097
aaaaapoo_s001_t000,calibration,0.5,canonicalized,0,-1.224123,0.228440,3.166234
aaaaapoq_s001_t000,calibration,0.5,canonicalized,0,2.211343,0.887431,0.676148
aaaaappb_s001_t000,calibration,0.5,canonicalized,0,-0.662354,0.336153,0.560671
aaaaapqd_s001_t000,calibration,0.5,canonicalized,1,0.078374,0.506783,0.667183
aaaaapqv_s001_t000,calibration,0.5,canonicalized,0,-1.146661,0.241744,3.387255
aaaaapta_s001_t000,calibration,0.5,canonicalized,1,3.591076,0.967163,3.508519
aaaaapth_s001_t000,calibration,0.5,canonicalized,1,1.184044,0.747133,1.488908
aaaaapua_s001_t001,calibration,0.5,canonicalized,0,-2.980947,0.052380,0.355516
aaaaapuu_s001_t000,calibration,0.5,canonicalized,0,-1.359350,0.206472,0.210969
aaaaapvw_s001_t001,calibration,0.5,canonicalized,1,3.768576,0.972142,1.210025
aaaaapvy_s001_t000,calibration,0.5,canonicalized,1,1.299057,0.767322,1.943907
aaaaapwn_s001_t001,calibration,0.5,canonicalized,0,0.124566,0.517808,2.713241
aaaaapwo_s001_t001,calibration,0.5,canonicalized,1,7.954342,0.999475,0.569022
aaaaapxm_s001_t001,calibration,0.5,canonicalized,0,-1.334445,0.210397,0.235461
aaaaapys_s001_t001,calibration,0.5,canonicalized,1,12.732973,0.999995,0.551022
aaaaapys_s002_t001,calibration,0.5,canonicalized,1,9.225235,0.999844,2.348546
aaaaaayx_s002_t000,calibration,0.5,naive,0,0.090173,0.509600,1.347625
aaaaabdo_s003_t000,calibration,0.5,naive,1,4.406291,0.984656,0.832247
aaaaabsk_s007_t000,calibration,0.5,naive,1,-0.292414,0.418951,0.991039
aaaaabuv_s002_t000,calibration,0.5,naive,1,1.300323,0.767538,0.872768
aaaaacad_s003_t000,calibration,0.5,naive,0,0.876076,0.687655,0.519947
aaaaacby_s004_t000,calibration,0.5,naive,0,-0.422310,0.389083,0.108780
aaaaaddm_s006_t000,calibration,0.5,naive,1,3.002075,0.943755,1.289284
aaaaadeu_s002_t000,calibration,0.5,naive,1,2.359283,0.900795,0.816767
aaaaadjk_s002_t000,calibration,0.5,naive,0,-1.628310,0.167526,0.287127
aaaaadkb_s002_t000,calibration,0.5,naive,1,5.173470,0.992568,4.340016
aaaaadsm_s002_t001,calibration,0.5,naive,0,-1.942002,0.129777,0.353401
aaaaaeab_s003_t000,calibration,0.5,naive,0,-0.698313,0.328531,0.606473
aaaaaejc_s003_t001,calibration,0.5,naive,0,0.194493,0.534461,0.246444
aaaaaezn_s003_t001,calibration,0.5,naive,1,0.902191,0.692988,2.274154
aaaaafhl_s003_t000,calibration,0.5,naive,1,0.242464,0.545843,1.082276
aaaaagfk_s003_t000,calibration,0.5,naive,0,-1.155424,0.240213,0.368978
aaaaagsc_s003_t001,calibration,0.5,naive,1,3.233680,0.954410,6.741357
aaaaagsc_s006_t001,calibration,0.5,naive,1,-0.746601,0.318437,0.312891
aaaaaguk_s002_t001,calibration,0.5,naive,0,-2.587096,0.074524,0.546406
aaaaagvx_s002_t000,calibration,0.5,naive,1,0.416411,0.586632,1.228027
aaaaagvx_s003_t001,calibration,0.5,naive,1,1.115710,0.734603,0.583636
aaaaagyr_s002_t000,calibration,0.5,naive,1,-0.316481,0.413365,0.614964
aaaaahie_s005_t001,calibration,0.5,naive,1,3.082095,0.947678,0.221096
aaaaahsv_s002_t000,calibration,0.5,naive,0,-0.920045,0.283604,1.363691
aaaaahte_s002_t000,calibration,0.5,naive,1,5.889487,0.996236,1.880967
aaaaahte_s003_t000,calibration,0.5,naive,1,4.900297,0.990373,1.757375
aaaaahuy_s002_t000,calibration,0.5,naive,1,-1.240411,0.225709,0.119319
aaaaahzi_s001_t000,calibration,0.5,naive,0,-0.400946,0.393945,0.158903
aaaaahzm_s001_t001,calibration,0.5,naive,0,-0.073474,0.470553,0.126736
aaaaahzq_s001_t000,calibration,0.5,naive,0,-2.963463,0.053215,0.278671
aaaaahzs_s001_t001,calibration,0.5,naive,0,-0.073739,0.470490,0.636143
aaaaaiae_s001_t000,calibration,0.5,naive,0,0.024465,0.493909,1.245304
aaaaaibx_s001_t000,calibration,0.5,naive,0,-0.669885,0.334550,0.382318
aaaaaiby_s001_t000,calibration,0.5,naive,0,-0.667823,0.334989,0.764010
aaaaaici_s001_t000,calibration,0.5,naive,0,-2.063062,0.117266,0.862686
aaaaaicn_s001_t000,calibration,0.5,naive,0,-0.141211,0.454468,1.276928
aaaaaijh_s002_t000,calibration,0.5,naive,1,-3.216482,0.042272,0.383661
aaaaaijn_s001_t001,calibration,0.5,naive,0,-0.506431,0.370160,0.377779
aaaaairb_s001_t001,calibration,0.5,naive,0,1.145001,0.740022,0.240846
aaaaairo_s001_t000,calibration,0.5,naive,0,-2.123869,0.111385,1.005238
aaaaaitt_s001_t000,calibration,0.5,naive,0,-1.752906,0.151577,0.613937
aaaaaiue_s004_t000,calibration,0.5,naive,1,0.473534,0.599800,0.661388
aaaaaiuo_s002_t000,calibration,0.5,naive,0,0.818901,0.675805,0.408379
aaaaaiwz_s001_t001,calibration,0.5,naive,0,-1.384785,0.202519,0.208816
aaaaaiyy_s001_t001,calibration,0.5,naive,0,-1.872384,0.137475,1.231108
aaaaaizd_s001_t001,calibration,0.5,naive,0,-0.312283,0.414338,0.873631
aaaaaizs_s001_t000,calibration,0.5,naive,0,0.691792,0.648655,0.157462
aaaaajae_s001_t001,calibration,0.5,naive,0,0.995781,0.711675,0.975832
aaaaajah_s002_t001,calibration,0.5,naive,1,0.604476,0.629418,0.623006
aaaaajah_s004_t000,calibration,0.5,naive,1,-0.936944,0.280335,1.857098
aaaaajal_s001_t001,calibration,0.5,naive,0,-2.224839,0.102190,0.763607
aaaaajam_s001_t000,calibration,0.5,naive,1,-0.821300,0.303154,0.173308
aaaaajar_s001_t001,calibration,0.5,naive,0,-0.965004,0.274959,0.485042
aaaaajbb_s001_t000,calibration,0.5,naive,0,1.181214,0.746622,1.165369
aaaaajbh_s002_t000,calibration,0.5,naive,0,-0.695940,0.329032,1.143477
aaaaajce_s001_t000,calibration,0.5,naive,0,-0.787431,0.310032,0.336917
aaaaajci_s001_t000,calibration,0.5,naive,0,-0.954113,0.277038,0.156690
aaaaajck_s001_t000,calibration,0.5,naive,0,-1.237174,0.226250,0.602942
aaaaajct_s001_t000,calibration,0.5,naive,0,0.592763,0.626804,0.605860
aaaaajcu_s001_t000,calibration,0.5,naive,0,-0.683664,0.331626,0.920841
aaaaajda_s001_t000,calibration,0.5,naive,0,-1.760783,0.150612,0.447518
aaaaajdb_s001_t000,calibration,0.5,naive,0,-1.254829,0.223311,1.151204
aaaaajdv_s001_t000,calibration,0.5,naive,0,0.265024,0.551181,1.538406
aaaaajdy_s001_t000,calibration,0.5,naive,0,-2.050833,0.118481,0.287162
aaaaajdz_s001_t000,calibration,0.5,naive,0,-0.313311,0.414100,0.434422
aaaaajea_s001_t000,calibration,0.5,naive,0,1.733629,0.833189,1.124711
aaaaajen_s001_t000,calibration,0.5,naive,0,-0.481305,0.375773,0.501144
aaaaajey_s001_t000,calibration,0.5,naive,0,-0.177563,0.445872,0.299240
aaaaajfb_s001_t000,calibration,0.5,naive,0,-2.572967,0.075460,2.140542
aaaaajfe_s001_t000,calibration,0.5,naive,0,-1.520678,0.182360,0.370607
aaaaajff_s001_t000,calibration,0.5,naive,0,-2.616224,0.072627,0.708960
aaaaajfi_s001_t001,calibration,0.5,naive,0,-0.733057,0.321252,0.293004
aaaaajfn_s001_t001,calibration,0.5,naive,0,-1.298398,0.216175,0.349532
aaaaajfy_s001_t000,calibration,0.5,naive,0,-1.642759,0.165610,0.254656
aaaaajga_s001_t001,calibration,0.5,naive,0,0.763435,0.664090,1.525859
aaaaajhy_s001_t000,calibration,0.5,naive,0,-1.667651,0.162350,0.273282
aaaaajit_s001_t001,calibration,0.5,naive,0,-1.845862,0.140507,0.967013
aaaaajiu_s001_t000,calibration,0.5,naive,0,1.314588,0.769961,2.298247
aaaaajiy_s001_t001,calibration,0.5,naive,0,-0.407719,0.392401,0.528481
aaaaajiz_s001_t000,calibration,0.5,naive,0,-0.545513,0.361499,0.646034
aaaaajjb_s001_t001,calibration,0.5,naive,0,0.081739,0.507587,0.262624
aaaaajje_s001_t000,calibration,0.5,naive,0,-1.184774,0.235133,0.458610
aaaaajjk_s001_t000,calibration,0.5,naive,0,-0.616143,0.346075,0.802771
aaaaajna_s001_t000,calibration,0.5,naive,0,-1.902741,0.134072,0.438219
aaaaajnu_s001_t000,calibration,0.5,naive,0,-1.959604,0.127890,0.410870
aaaaajon_s001_t000,calibration,0.5,naive,0,-0.420991,0.389382,1.720629
aaaaajoo_s002_t001,calibration,0.5,naive,1,-0.420212,0.389559,0.442129
aaaaajpg_s001_t001,calibration,0.5,naive,0,-1.579263,0.174163,0.727307
aaaaajqh_s004_t000,calibration,0.5,naive,1,4.096167,0.979474,0.977029
aaaaajqk_s003_t001,calibration,0.5,naive,1,2.908684,0.938827,0.670664
aaaaajrf_s001_t000,calibration,0.5,naive,1,7.485496,0.999178,2.825720
aaaaajrf_s002_t000,calibration,0.5,naive,1,10.527699,0.999955,1.557056
aaaaajrf_s003_t002,calibration,0.5,naive,1,8.023314,0.999508,3.496050
aaaaajrf_s004_t000,calibration,0.5,naive,1,2.023023,0.868168,0.567873
aaaaajso_s001_t000,calibration,0.5,naive,1,4.960035,0.990902,0.833322
aaaaajtg_s001_t000,calibration,0.5,naive,0,-0.406732,0.392626,1.412120
aaaaajtu_s001_t000,calibration,0.5,naive,0,-0.731882,0.321496,0.364243
aaaaajuh_s001_t000,calibration,0.5,naive,1,4.576341,0.986927,5.078737
aaaaajun_s001_t000,calibration,0.5,naive,0,1.787819,0.840261,0.740505
aaaaajvh_s001_t001,calibration,0.5,naive,0,-0.565740,0.357051,0.945090
aaaaajxp_s001_t000,calibration,0.5,naive,0,-0.490127,0.373799,0.393455
aaaaakck_s001_t001,calibration,0.5,naive,1,1.828777,0.845443,0.487991
aaaaakcx_s001_t001,calibration,0.5,naive,1,6.696531,0.998255,2.862141
aaaaakcy_s005_t001,calibration,0.5,naive,1,5.267227,0.993200,1.712168
aaaaakdj_s001_t000,calibration,0.5,naive,1,1.453082,0.792555,0.830227
aaaaakdo_s001_t000,calibration,0.5,naive,1,0.708626,0.652311,0.571271
aaaaakeq_s001_t000,calibration,0.5,naive,1,2.408712,0.904935,1.913724
aaaaakeq_s002_t000,calibration,0.5,naive,1,1.730307,0.832748,0.684641
aaaaakeq_s003_t000,calibration,0.5,naive,1,2.586202,0.918554,2.623717
aaaaakev_s001_t001,calibration,0.5,naive,1,9.547497,0.999885,7.404812
aaaaakev_s002_t000,calibration,0.5,naive,1,8.731564,0.999750,4.638452
aaaaakft_s001_t000,calibration,0.5,naive,0,-1.809028,0.144810,0.191603
aaaaakgp_s001_t001,calibration,0.5,naive,0,0.837108,0.679604,1.767988
aaaaakgu_s001_t000,calibration,0.5,naive,1,-0.585212,0.352792,0.149514
aaaaakjk_s002_t002,calibration,0.5,naive,1,1.354591,0.776660,0.319559
aaaaakjk_s003_t000,calibration,0.5,naive,1,2.023084,0.868175,0.775843
aaaaakka_s001_t001,calibration,0.5,naive,0,-0.912554,0.285060,0.774245
aaaaakmg_s003_t001,calibration,0.5,naive,1,3.018886,0.944601,0.558896
aaaaakmh_s001_t000,calibration,0.5,naive,1,-0.062097,0.473261,2.460222
aaaaaknt_s001_t000,calibration,0.5,naive,1,0.583240,0.624674,1.128945
aaaaakoo_s001_t001,calibration,0.5,naive,1,7.730878,0.999350,1.214449
aaaaakqg_s001_t001,calibration,0.5,naive,0,-0.359682,0.403395,1.053952
aaaaakqr_s001_t000,calibration,0.5,naive,0,-0.565803,0.357037,0.453078
aaaaakrt_s001_t001,calibration,0.5,naive,1,3.970562,0.976918,0.902286
aaaaakrt_s002_t001,calibration,0.5,naive,1,4.050570,0.978580,2.265547
aaaaaksb_s001_t000,calibration,0.5,naive,0,-1.637987,0.166241,0.229601
aaaaaksu_s001_t001,calibration,0.5,naive,0,-0.188460,0.443302,0.689741
aaaaakxz_s001_t001,calibration,0.5,naive,1,0.409572,0.585047,0.117881
aaaaakxz_s002_t001,calibration,0.5,naive,1,1.699200,0.828568,1.582848
aaaaalaf_s001_t000,calibration,0.5,naive,0,-1.422840,0.196712,0.208413
aaaaalau_s001_t000,calibration,0.5,naive,1,1.865486,0.849970,0.588969
aaaaalbh_s001_t000,calibration,0.5,naive,1,2.666240,0.924094,4.960581
aaaaalbt_s001_t001,calibration,0.5,naive,0,-0.349014,0.405850,0.765457
aaaaalbt_s002_t000,calibration,0.5,naive,0,-1.225428,0.228220,1.645834
aaaaalbz_s006_t000,calibration,0.5,naive,1,5.407676,0.994049,3.527873
aaaaalid_s001_t001,calibration,0.5,naive,0,1.797895,0.841548,0.787216
aaaaaljf_s001_t000,calibration,0.5,naive,1,1.821105,0.844483,1.136703
aaaaaljj_s001_t000,calibration,0.5,naive,0,-1.979085,0.125829,0.957685
aaaaallc_s001_t001,calibration,0.5,naive,0,0.230976,0.543121,1.015226
aaaaalle_s002_t000,calibration,0.5,naive,1,1.735830,0.833481,0.558870
aaaaalox_s001_t001,calibration,0.5,naive,0,2.402145,0.904394,3.094309
aaaaalpv_s001_t000,calibration,0.5,naive,0,0.430100,0.589800,1.222970
aaaaalqa_s001_t000,calibration,0.5,naive,0,-0.941472,0.279463,0.673465
aaaaalqr_s001_t001,calibration,0.5,naive,1,-0.317407,0.413151,0.105555
aaaaalqs_s001_t001,calibration,0.5,naive,0,-0.969526,0.274099,0.545508
aaaaalqx_s001_t000,calibration,0.5,naive,0,-2.150610,0.108882,0.654895
aaaaalrc_s002_t000,calibration,0.5,naive,1,11.243261,0.999977,0.979104
aaaaalsq_s001_t000,calibration,0.5,naive,0,0.831402,0.678416,0.276353
aaaaalsx_s001_t000,calibration,0.5,naive,1,-0.412590,0.391292,0.322691
aaaaalsx_s004_t001,calibration,0.5,naive,1,0.020862,0.493049,0.272361
aaaaaluz_s001_t001,calibration,0.5,naive,0,-1.097636,0.250432,0.148368
aaaaalvw_s001_t000,calibration,0.5,naive,0,-3.156317,0.044661,0.625936
aaaaalvz_s001_t000,calibration,0.5,naive,1,7.567176,0.999240,1.568036
aaaaalxk_s001_t000,calibration,0.5,naive,0,0.238782,0.544971,0.379307
aaaaalyr_s001_t000,calibration,0.5,naive,1,0.130322,0.519181,0.460225
aaaaalzk_s002_t001,calibration,0.5,naive,1,7.487175,0.999179,7.965343
aaaaamcb_s001_t001,calibration,0.5,naive,1,5.901595,0.996279,1.154563
aaaaamfe_s001_t001,calibration,0.5,naive,0,0.412838,0.585805,0.826345
aaaaamft_s001_t001,calibration,0.5,naive,1,-0.960170,0.275881,0.060508
aaaaamfu_s001_t000,calibration,0.5,naive,0,0.696345,0.649646,0.299104
aaaaamhi_s001_t000,calibration,0.5,naive,1,6.179899,0.997145,4.803642
aaaaamhk_s001_t000,calibration,0.5,naive,1,2.426460,0.906384,0.361552
aaaaamjc_s001_t001,calibration,0.5,naive,1,5.693988,0.995467,4.701631
aaaaammh_s001_t001,calibration,0.5,naive,1,1.362965,0.778044,0.913181
aaaaamnq_s001_t000,calibration,0.5,naive,1,3.783573,0.972527,5.146698
aaaaamnq_s002_t000,calibration,0.5,naive,1,3.368344,0.959691,1.026994
aaaaamon_s001_t000,calibration,0.5,naive,0,-0.033728,0.480022,1.227417
aaaaampz_s001_t000,calibration,0.5,naive,1,-0.241003,0.430952,0.804630
aaaaamrj_s001_t000,calibration,0.5,naive,0,0.045888,0.499025,0.177252
aaaaamsc_s001_t000,calibration,0.5,naive,1,3.398706,0.960798,0.168174
aaaaamtb_s001_t000,calibration,0.5,naive,0,2.573214,0.917621,1.444359
aaaaamuc_s001_t000,calibration,0.5,naive,0,-1.219609,0.229201,0.172226
aaaaamxn_s001_t000,calibration,0.5,naive,1,0.465754,0.598014,0.318288
aaaaamyb_s001_t001,calibration,0.5,naive,0,-0.827975,0.301809,1.279249
aaaaamye_s001_t000,calibration,0.5,naive,1,7.186597,0.998907,3.666290
aaaaamzi_s001_t001,calibration,0.5,naive,1,4.164324,0.980743,2.468259
aaaaamzl_s001_t000,calibration,0.5,naive,0,-1.437594,0.194494,0.218231
aaaaamzx_s001_t000,calibration,0.5,naive,0,-1.833135,0.141981,1.370420
aaaaanbq_s001_t000,calibration,0.5,naive,0,-0.233857,0.432627,0.582328
aaaaanek_s001_t000,calibration,0.5,naive,0,-2.379676,0.089395,0.135530
aaaaangp_s001_t000,calibration,0.5,naive,0,-0.582031,0.353486,0.702709
aaaaanhb_s001_t003,calibration,0.5,naive,1,2.394437,0.903756,3.258101
aaaaanhb_s003_t001,calibration,0.5,naive,1,2.527292,0.914244,0.884174
aaaaanhb_s005_t000,calibration,0.5,naive,1,2.756998,0.929957,2.604849
aaaaankf_s001_t000,calibration,0.5,naive,1,3.913823,0.975663,1.067690
aaaaanlp_s001_t000,calibration,0.5,naive,0,-0.428725,0.387627,0.499125
aaaaanmc_s001_t000,calibration,0.5,naive,1,4.351525,0.983846,4.465231
aaaaanop_s001_t000,calibration,0.5,naive,0,0.625325,0.634051,1.533332
aaaaanoz_s001_t000,calibration,0.5,naive,1,-0.734438,0.320964,0.612622
aaaaanpr_s001_t002,calibration,0.5,naive,1,1.218909,0.753374,1.497939
aaaaanqe_s001_t000,calibration,0.5,naive,0,-2.104875,0.113194,1.014901
aaaaanro_s001_t000,calibration,0.5,naive,1,2.763636,0.930369,1.094828
aaaaansj_s001_t000,calibration,0.5,naive,1,1.143582,0.739761,1.094646
aaaaanta_s001_t000,calibration,0.5,naive,1,4.965640,0.990950,5.088599
aaaaanum_s001_t000,calibration,0.5,naive,0,-0.228708,0.433835,0.545184
aaaaanvb_s002_t000,calibration,0.5,naive,0,-1.033312,0.262143,0.417443
aaaaanvg_s001_t002,calibration,0.5,naive,0,1.648845,0.821626,0.616504
aaaaanvw_s001_t000,calibration,0.5,naive,0,-1.810918,0.144587,0.742167
aaaaanwc_s001_t001,calibration,0.5,naive,1,3.508476,0.964563,10.607729
aaaaanxl_s001_t000,calibration,0.5,naive,1,4.077046,0.979104,2.657331
aaaaanyb_s001_t001,calibration,0.5,naive,0,-0.374439,0.400007,0.115093
aaaaanyt_s002_t000,calibration,0.5,naive,1,0.397259,0.582189,0.405948
aaaaanyw_s001_t000,calibration,0.5,naive,1,2.272891,0.893172,0.607675
aaaaanyw_s002_t000,calibration,0.5,naive,1,3.097376,0.948397,3.737070
aaaaanzh_s001_t000,calibration,0.5,naive,1,-0.319810,0.412594,1.180725
aaaaanzu_s001_t003,calibration,0.5,naive,1,2.197000,0.886054,1.313888
aaaaaoav_s001_t000,calibration,0.5,naive,0,-0.087090,0.467313,0.915128
aaaaaoav_s002_t000,calibration,0.5,naive,0,-1.390308,0.201669,0.583324
aaaaaobi_s001_t000,calibration,0.5,naive,1,-0.401897,0.393728,0.353913
aaaaaobl_s001_t000,calibration,0.5,naive,0,-0.577483,0.354480,0.596976
aaaaaoby_s001_t000,calibration,0.5,naive,0,-0.513076,0.368681,0.635304
aaaaaoda_s001_t000,calibration,0.5,naive,1,6.482891,0.997861,1.800147
aaaaaoeg_s001_t000,calibration,0.5,naive,0,-0.525837,0.365849,0.528667
aaaaaofj_s001_t000,calibration,0.5,naive,0,-0.512535,0.368802,0.895781
aaaaaofr_s001_t000,calibration,0.5,naive,0,1.476450,0.796201,0.874781
aaaaaofz_s001_t000,calibration,0.5,naive,0,-0.411783,0.391476,0.762099
aaaaaohb_s001_t000,calibration,0.5,naive,1,3.470382,0.963298,0.390694
aaaaaohr_s002_t001,calibration,0.5,naive,1,4.434411,0.985057,0.790255
aaaaaoiq_s001_t000,calibration,0.5,naive,1,1.395299,0.783333,0.790321
aaaaaoiv_s001_t000,calibration,0.5,naive,1,0.297856,0.558926,0.214194
aaaaaoiv_s002_t001,calibration,0.5,naive,1,7.880387,0.999436,1.417858
aaaaaoiv_s003_t003,calibration,0.5,naive,1,6.880423,0.998536,0.515261
aaaaaojd_s001_t002,calibration,0.5,naive,0,-0.884888,0.290477,0.523354
aaaaaokg_s001_t000,calibration,0.5,naive,0,1.984921,0.863946,3.675632
aaaaaoly_s001_t000,calibration,0.5,naive,0,-1.329425,0.211195,4.048219
aaaaaome_s001_t000,calibration,0.5,naive,0,-1.299437,0.216007,0.426352
aaaaaomx_s001_t000,calibration,0.5,naive,0,-1.161489,0.239157,0.357634
aaaaaomy_s001_t000,calibration,0.5,naive,1,3.604287,0.967562,8.573051
aaaaaonb_s001_t000,calibration,0.5,naive,0,0.089114,0.509348,0.397349
aaaaaons_s002_t002,calibration,0.5,naive,1,2.101876,0.876553,0.275119
aaaaaopd_s001_t000,calibration,0.5,naive,0,-2.285015,0.097035,1.980575
aaaaaopo_s001_t000,calibration,0.5,naive,0,-0.804898,0.306474,0.610742
aaaaaora_s002_t000,calibration,0.5,naive,1,1.324401,0.771617,0.644855
aaaaaord_s001_t000,calibration,0.5,naive,1,1.036535,0.719597,0.701755
aaaaaosh_s001_t000,calibration,0.5,naive,1,-0.152056,0.451900,0.299514
aaaaaosw_s001_t000,calibration,0.5,naive,0,0.057985,0.501914,1.489206
aaaaaote_s001_t000,calibration,0.5,naive,0,-0.613189,0.346714,0.993721
aaaaaout_s001_t000,calibration,0.5,naive,1,1.577577,0.811429,1.411398
aaaaaovl_s001_t000,calibration,0.5,naive,1,4.911529,0.990475,0.403512
aaaaaovo_s001_t000,calibration,0.5,naive,1,6.919748,0.998590,4.677031
aaaaaowb_s001_t000,calibration,0.5,naive,0,-0.415111,0.390719,2.754419
aaaaaoxf_s001_t000,calibration,0.5,naive,0,-0.642655,0.340366,0.329485
aaaaaozf_s001_t001,calibration,0.5,naive,0,-0.213001,0.437524,1.816947
aaaaapag_s001_t000,calibration,0.5,naive,0,-1.913572,0.132875,1.474502
aaaaapar_s001_t000,calibration,0.5,naive,1,11.725838,0.999986,0.717502
aaaaapcb_s001_t000,calibration,0.5,naive,0,0.902488,0.693049,1.140541
aaaaapcy_s001_t002,calibration,0.5,naive,0,-1.441032,0.193980,0.620591
aaaaapdg_s001_t000,calibration,0.5,naive,0,-1.320777,0.212575,0.127631
aaaaaphs_s001_t000,calibration,0.5,naive,1,3.465035,0.963117,0.355357
aaaaaphw_s001_t000,calibration,0.5,naive,0,1.854682,0.848649,0.660118
aaaaapij_s001_t000,calibration,0.5,naive,0,-0.251682,0.428453,0.321555
aaaaapjc_s001_t001,calibration,0.5,naive,0,-2.364635,0.090572,0.534966
aaaaapka_s001_t000,calibration,0.5,naive,0,-0.781651,0.311214,0.741530
aaaaapkx_s001_t001,calibration,0.5,naive,1,-1.238178,0.226082,1.296731
aaaaaply_s001_t001,calibration,0.5,naive,1,4.148276,0.980451,5.267900
aaaaapmb_s002_t001,calibration,0.5,naive,1,0.514603,0.609179,0.279311
aaaaapmp_s001_t000,calibration,0.5,naive,1,0.362459,0.574081,0.356552
aaaaapnr_s001_t000,calibration,0.5,naive,1,-1.133378,0.244078,1.232168
aaaaapoc_s001_t000,calibration,0.5,naive,1,3.641466,0.968658,0.477662
aaaaapof_s001_t000,calibration,0.5,naive,0,-1.484892,0.187513,0.725190
aaaaapoo_s001_t000,calibration,0.5,naive,0,-0.971051,0.273809,3.339317
aaaaapoq_s001_t000,calibration,0.5,naive,0,2.182623,0.884661,0.568951
aaaaappb_s001_t000,calibration,0.5,naive,0,-0.219443,0.436010,0.622206
aaaaapqd_s001_t000,calibration,0.5,naive,1,-0.900981,0.287318,0.689901
aaaaapqv_s001_t000,calibration,0.5,naive,0,-0.858121,0.295775,3.187211
aaaaapta_s001_t000,calibration,0.5,naive,1,2.536516,0.914932,3.421355
aaaaapth_s001_t000,calibration,0.5,naive,1,0.300862,0.559634,1.317086
aaaaapua_s001_t001,calibration,0.5,naive,0,-2.771594,0.063243,0.316357
aaaaapuu_s001_t000,calibration,0.5,naive,0,-2.034416,0.120128,0.090484
aaaaapvw_s001_t001,calibration,0.5,naive,1,2.956843,0.941417,1.209074
aaaaapvy_s001_t000,calibration,0.5,naive,1,-0.354150,0.404667,1.188855
aaaaapwn_s001_t001,calibration,0.5,naive,0,0.185758,0.532384,2.313289
aaaaapwo_s001_t001,calibration,0.5,naive,1,7.236211,0.998957,0.267423
aaaaapxm_s001_t001,calibration,0.5,naive,0,-1.177410,0.236401,0.298571
aaaaapys_s001_t001,calibration,0.5,naive,1,11.787414,0.999986,0.645790
aaaaapys_s002_t001,calibration,0.5,naive,1,8.325556,0.999631,2.446803
aaaaaayx_s002_t000,calibration,0.75,canonicalized,0,0.202163,0.536284,1.642173
aaaaabdo_s003_t000,calibration,0.75,canonicalized,1,5.570972,0.994904,1.519576
aaaaabsk_s007_t000,calibration,0.75,canonicalized,1,0.466332,0.598147,1.003644
aaaaabuv_s002_t000,calibration,0.75,canonicalized,1,1.567407,0.809938,0.973346
aaaaacad_s003_t000,calibration,0.75,canonicalized,0,0.920187,0.696634,0.656865
aaaaacby_s004_t000,calibration,0.75,canonicalized,0,-0.628377,0.343435,0.121225
aaaaaddm_s006_t000,calibration,0.75,canonicalized,1,3.401071,0.960883,1.421170
aaaaadeu_s002_t000,calibration,0.75,canonicalized,1,3.101624,0.948595,0.939369
aaaaadjk_s002_t000,calibration,0.75,canonicalized,0,-1.790133,0.147060,0.233022
aaaaadkb_s002_t000,calibration,0.75,canonicalized,1,5.106069,0.992077,4.721414
aaaaadsm_s002_t001,calibration,0.75,canonicalized,0,-2.176290,0.106524,0.376223
aaaaaeab_s003_t000,calibration,0.75,canonicalized,0,-0.374908,0.399899,0.664533
aaaaaejc_s003_t001,calibration,0.75,canonicalized,0,0.676842,0.645393,0.331705
aaaaaezn_s003_t001,calibration,0.75,canonicalized,1,0.831911,0.678522,3.650902
aaaaafhl_s003_t000,calibration,0.75,canonicalized,1,0.402633,0.583437,2.241668
aaaaagfk_s003_t000,calibration,0.75,canonicalized,0,-1.382797,0.202826,0.301257
aaaaagsc_s003_t001,calibration,0.75,canonicalized,1,3.546321,0.965778,7.912055
aaaaagsc_s006_t001,calibration,0.75,canonicalized,1,-0.876644,0.292103,0.437634
aaaaaguk_s002_t001,calibration,0.75,canonicalized,0,-2.477490,0.082075,0.304204
aaaaagvx_s002_t000,calibration,0.75,canonicalized,1,0.601686,0.628796,1.358583
aaaaagvx_s003_t001,calibration,0.75,canonicalized,1,1.081486,0.728180,0.671922
aaaaagyr_s002_t000,calibration,0.75,canonicalized,1,-0.203167,0.439838,0.681326
aaaaahie_s005_t001,calibration,0.75,canonicalized,1,5.349893,0.993713,0.285955
aaaaahsv_s002_t000,calibration,0.75,canonicalized,0,-0.817053,0.304012,1.980551
aaaaahte_s002_t000,calibration,0.75,canonicalized,1,6.416469,0.997721,2.407060
aaaaahte_s003_t000,calibration,0.75,canonicalized,1,5.314001,0.993495,1.620028
aaaaahuy_s002_t000,calibration,0.75,canonicalized,1,-1.593876,0.172164,0.189931
aaaaahzi_s001_t000,calibration,0.75,canonicalized,0,0.301449,0.559772,0.291736
aaaaahzm_s001_t001,calibration,0.75,canonicalized,0,-0.182103,0.444801,0.068058
aaaaahzq_s001_t000,calibration,0.75,canonicalized,0,-3.237618,0.041462,0.593027
aaaaahzs_s001_t001,calibration,0.75,canonicalized,0,0.143496,0.522322,0.316850
aaaaaiae_s001_t000,calibration,0.75,canonicalized,0,0.179420,0.530877,0.642829
aaaaaibx_s001_t000,calibration,0.75,canonicalized,0,-0.691284,0.330014,0.649524
aaaaaiby_s001_t000,calibration,0.75,canonicalized,0,-0.703419,0.327456,1.452205
aaaaaici_s001_t000,calibration,0.75,canonicalized,0,-1.954443,0.128441,3.342305
aaaaaicn_s001_t000,calibration,0.75,canonicalized,0,0.227927,0.542398,0.471091
aaaaaijh_s002_t000,calibration,0.75,canonicalized,1,-3.162492,0.044410,0.411467
aaaaaijn_s001_t001,calibration,0.75,canonicalized,0,-0.886178,0.290223,0.291200
aaaaairb_s001_t001,calibration,0.75,canonicalized,0,1.217658,0.753152,0.274316
aaaaairo_s001_t000,calibration,0.75,canonicalized,0,-1.994754,0.124191,0.892777
aaaaaitt_s001_t000,calibration,0.75,canonicalized,0,-1.512873,0.183474,1.047240
aaaaaiue_s004_t000,calibration,0.75,canonicalized,1,0.697872,0.649978,0.865448
aaaaaiuo_s002_t000,calibration,0.75,canonicalized,0,0.841922,0.680605,0.467867
aaaaaiwz_s001_t001,calibration,0.75,canonicalized,0,-1.336317,0.210100,0.138055
aaaaaiyy_s001_t001,calibration,0.75,canonicalized,0,-1.772040,0.149241,1.427136
aaaaaizd_s001_t001,calibration,0.75,canonicalized,0,-0.025031,0.482096,1.350425
aaaaaizs_s001_t000,calibration,0.75,canonicalized,0,0.690077,0.648282,0.412180
aaaaajae_s001_t001,calibration,0.75,canonicalized,0,2.389382,0.903335,0.911855
aaaaajah_s002_t001,calibration,0.75,canonicalized,1,0.509990,0.608130,0.731785
aaaaajah_s004_t000,calibration,0.75,canonicalized,1,-0.429134,0.387535,1.515449
aaaaajal_s001_t001,calibration,0.75,canonicalized,0,-2.031127,0.120461,0.634485
aaaaajam_s001_t000,calibration,0.75,canonicalized,1,-1.025419,0.263604,0.247767
aaaaajar_s001_t001,calibration,0.75,canonicalized,0,-1.044000,0.260173,0.472024
aaaaajbb_s001_t000,calibration,0.75,canonicalized,0,1.251705,0.759149,1.365101
aaaaajbh_s002_t000,calibration,0.75,canonicalized,0,-1.078770,0.253831,0.315369
aaaaajce_s001_t000,calibration,0.75,canonicalized,0,-0.805774,0.306296,0.469460
aaaaajci_s001_t000,calibration,0.75,canonicalized,0,-0.421266,0.389320,0.143159
aaaaajck_s001_t000,calibration,0.75,canonicalized,0,-1.758809,0.150853,0.474717
aaaaajct_s001_t000,calibration,0.75,canonicalized,0,0.587664,0.625664,0.800045
aaaaajcu_s001_t000,calibration,0.75,canonicalized,0,-0.889157,0.289637,0.830782
aaaaajda_s001_t000,calibration,0.75,canonicalized,0,-2.269229,0.098364,0.497424
aaaaajdb_s001_t000,calibration,0.75,canonicalized,0,-1.153222,0.240597,1.411810
aaaaajdv_s001_t000,calibration,0.75,canonicalized,0,0.641751,0.637685,2.228801
aaaaajdy_s001_t000,calibration,0.75,canonicalized,0,-2.030658,0.120508,0.355313
aaaaajdz_s001_t000,calibration,0.75,canonicalized,0,-0.080660,0.468843,0.569957
aaaaajea_s001_t000,calibration,0.75,canonicalized,0,1.878370,0.851532,1.592921
aaaaajen_s001_t000,calibration,0.75,canonicalized,0,-0.930246,0.281628,0.385487
aaaaajey_s001_t000,calibration,0.75,canonicalized,0,-0.152632,0.451764,0.401422
aaaaajfb_s001_t000,calibration,0.75,canonicalized,0,-2.408087,0.087210,3.021742
aaaaajfe_s001_t000,calibration,0.75,canonicalized,0,-1.324898,0.211916,0.745721
aaaaajff_s001_t000,calibration,0.75,canonicalized,0,-2.362384,0.090749,0.773907
aaaaajfi_s001_t001,calibration,0.75,canonicalized,0,-0.746569,0.318444,0.317286
aaaaajfn_s001_t001,calibration,0.75,canonicalized,0,-1.466024,0.190274,0.715623
aaaaajfy_s001_t000,calibration,0.75,canonicalized,0,-1.751884,0.151702,0.444820
aaaaajga_s001_t001,calibration,0.75,canonicalized,0,1.054704,0.723086,2.370028
aaaaajhy_s001_t000,calibration,0.75,canonicalized,0,-2.489178,0.081238,0.889818
aaaaajit_s001_t001,calibration,0.75,canonicalized,0,-1.823319,0.143128,1.127521
aaaaajiu_s001_t000,calibration,0.75,canonicalized,0,1.724830,0.832018,2.163824
aaaaajiy_s001_t001,calibration,0.75,canonicalized,0,-0.635794,0.341839,0.775515
aaaaajiz_s001_t000,calibration,0.75,canonicalized,0,-0.346995,0.406315,0.867960
aaaaajjb_s001_t001,calibration,0.75,canonicalized,0,-0.342664,0.407313,0.667355
aaaaajje_s001_t000,calibration,0.75,canonicalized,0,-1.329030,0.211258,0.672727
aaaaajjk_s001_t000,calibration,0.75,canonicalized,0,-0.720697,0.323832,1.110036
aaaaajna_s001_t000,calibration,0.75,canonicalized,0,-2.293241,0.096349,0.582391
aaaaajnu_s001_t000,calibration,0.75,canonicalized,0,-2.166102,0.107454,0.822408
aaaaajon_s001_t000,calibration,0.75,canonicalized,0,-0.446478,0.383609,2.457407
aaaaajoo_s002_t001,calibration,0.75,canonicalized,1,-0.091669,0.466225,0.349655
aaaaajpg_s001_t001,calibration,0.75,canonicalized,0,-1.496059,0.185893,0.549553
aaaaajqh_s004_t000,calibration,0.75,canonicalized,1,5.805974,0.995925,1.960816
aaaaajqk_s003_t001,calibration,0.75,canonicalized,1,3.006174,0.943962,0.937235
aaaaajrf_s001_t000,calibration,0.75,canonicalized,1,9.208805,0.999841,3.126658
aaaaajrf_s002_t000,calibration,0.75,canonicalized,1,11.770670,0.999986,1.974124
aaaaajrf_s003_t002,calibration,0.75,canonicalized,1,9.761477,0.999906,4.476105
aaaaajrf_s004_t000,calibration,0.75,canonicalized,1,2.362020,0.901028,0.441434
aaaaajso_s001_t000,calibration,0.75,canonicalized,1,6.362623,0.997601,1.122652
aaaaajtg_s001_t000,calibration,0.75,canonicalized,0,-0.190030,0.442932,2.167849
aaaaajtu_s001_t000,calibration,0.75,canonicalized,0,-0.154654,0.451286,0.597178
aaaaajuh_s001_t000,calibration,0.75,canonicalized,1,5.243042,0.993042,6.272761
aaaaajun_s001_t000,calibration,0.75,canonicalized,0,1.872178,0.850783,0.758526
aaaaajvh_s001_t001,calibration,0.75,canonicalized,0,-0.018183,0.483729,1.242136
aaaaajxp_s001_t000,calibration,0.75,canonicalized,0,-0.412224,0.391376,0.483225
aaaaakck_s001_t001,calibration,0.75,canonicalized,1,1.525835,0.803749,0.363996
aaaaakcx_s001_t001,calibration,0.75,canonicalized,1,6.860517,0.998508,3.049011
aaaaakcy_s005_t001,calibration,0.75,canonicalized,1,7.765790,0.999371,3.692074
aaaaakdj_s001_t000,calibration,0.75,canonicalized,1,1.432478,0.789300,0.713422
aaaaakdo_s001_t000,calibration,0.75,canonicalized,1,0.575550,0.622950,1.416987
aaaaakeq_s001_t000,calibration,0.75,canonicalized,1,2.933123,0.940154,2.550846
aaaaakeq_s002_t000,calibration,0.75,canonicalized,1,2.287238,0.894473,1.198927
aaaaakeq_s003_t000,calibration,0.75,canonicalized,1,3.130731,0.949934,3.967007
aaaaakev_s001_t001,calibration,0.75,canonicalized,1,10.738119,0.999963,11.814082
aaaaakev_s002_t000,calibration,0.75,canonicalized,1,10.027941,0.999928,4.775084
aaaaakft_s001_t000,calibration,0.75,canonicalized,0,-1.624269,0.168065,0.756941
aaaaakgp_s001_t001,calibration,0.75,canonicalized,0,0.860949,0.684543,1.880208
aaaaakgu_s001_t000,calibration,0.75,canonicalized,1,-0.709459,0.326187,0.159259
aaaaakjk_s002_t002,calibration,0.75,canonicalized,1,2.446763,0.908017,0.430136
aaaaakjk_s003_t000,calibration,0.75,canonicalized,1,1.561728,0.809102,1.147368
aaaaakka_s001_t001,calibration,0.75,canonicalized,0,-0.964978,0.274964,0.641508
aaaaakmg_s003_t001,calibration,0.75,canonicalized,1,5.496910,0.994533,0.791309
aaaaakmh_s001_t000,calibration,0.75,canonicalized,1,0.330932,0.566701,2.524998
aaaaaknt_s001_t000,calibration,0.75,canonicalized,1,1.048239,0.721848,1.560467
aaaaakoo_s001_t001,calibration,0.75,canonicalized,1,9.878433,0.999916,2.438136
aaaaakqg_s001_t001,calibration,0.75,canonicalized,0,-0.626139,0.343917,0.965094
aaaaakqr_s001_t000,calibration,0.75,canonicalized,0,-1.100194,0.249974,0.534038
aaaaakrt_s001_t001,calibration,0.75,canonicalized,1,4.194621,0.981282,0.604712
aaaaakrt_s002_t001,calibration,0.75,canonicalized,1,4.322458,0.983398,2.452185
aaaaaksb_s001_t000,calibration,0.75,canonicalized,0,-1.749616,0.151981,0.384199
aaaaaksu_s001_t001,calibration,0.75,canonicalized,0,0.056409,0.501538,0.687482
aaaaakxz_s001_t001,calibration,0.75,canonicalized,1,0.934035,0.699422,0.297138
aaaaakxz_s002_t001,calibration,0.75,canonicalized,1,3.811975,0.973243,2.097603
aaaaalaf_s001_t000,calibration,0.75,canonicalized,0,-1.303244,0.215392,0.322924
aaaaalau_s001_t000,calibration,0.75,canonicalized,1,1.796010,0.841308,0.935267
aaaaalbh_s001_t000,calibration,0.75,canonicalized,1,2.924677,0.939699,6.387816
aaaaalbt_s001_t001,calibration,0.75,canonicalized,0,-0.712004,0.325653,0.553660
aaaaalbt_s002_t000,calibration,0.75,canonicalized,0,-1.217206,0.229607,1.585837
aaaaalbz_s006_t000,calibration,0.75,canonicalized,1,8.160568,0.999569,4.599914
aaaaalid_s001_t001,calibration,0.75,canonicalized,0,2.608214,0.920114,1.845340
aaaaaljf_s001_t000,calibration,0.75,canonicalized,1,2.388817,0.903288,1.164027
aaaaaljj_s001_t000,calibration,0.75,canonicalized,0,-1.853117,0.139672,1.287983
aaaaallc_s001_t001,calibration,0.75,canonicalized,0,0.342536,0.569421,1.419850
aaaaalle_s002_t000,calibration,0.75,canonicalized,1,1.669172,0.824455,0.432135
aaaaalox_s001_t001,calibration,0.75,canonicalized,0,2.802407,0.932730,4.047474
aaaaalpv_s001_t000,calibration,0.75,canonicalized,0,0.543783,0.615795,1.266218
aaaaalqa_s001_t000,calibration,0.75,canonicalized,0,-0.798996,0.307674,1.278052
aaaaalqr_s001_t001,calibration,0.75,canonicalized,1,1.535628,0.805221,0.066840
aaaaalqs_s001_t001,calibration,0.75,canonicalized,0,-1.484132,0.187623,0.505610
aaaaalqx_s001_t000,calibration,0.75,canonicalized,0,-2.037020,0.119866,1.483975
aaaaalrc_s002_t000,calibration,0.75,canonicalized,1,15.201841,0.999999,2.388809
aaaaalsq_s001_t000,calibration,0.75,canonicalized,0,0.914566,0.695498,0.250561
aaaaalsx_s001_t000,calibration,0.75,canonicalized,1,-0.213213,0.437474,0.296389
aaaaalsx_s004_t001,calibration,0.75,canonicalized,1,0.284820,0.555854,0.195283
aaaaaluz_s001_t001,calibration,0.75,canonicalized,0,-0.883142,0.290821,0.268102
aaaaalvw_s001_t000,calibration,0.75,canonicalized,0,-2.935377,0.054583,0.480674
aaaaalvz_s001_t000,calibration,0.75,canonicalized,1,9.045084,0.999815,1.203633
aaaaalxk_s001_t000,calibration,0.75,canonicalized,0,0.542562,0.615520,0.574888
aaaaalyr_s001_t000,calibration,0.75,canonicalized,1,0.730308,0.656994,0.291236
aaaaalzk_s002_t001,calibration,0.75,canonicalized,1,8.150967,0.999565,6.231354
aaaaamcb_s001_t001,calibration,0.75,canonicalized,1,6.416236,0.997721,1.631438
aaaaamfe_s001_t001,calibration,0.75,canonicalized,0,0.937791,0.700176,0.781602
aaaaamft_s001_t001,calibration,0.75,canonicalized,1,2.819521,0.933749,0.292687
aaaaamfu_s001_t000,calibration,0.75,canonicalized,0,-0.692334,0.329793,0.400863
aaaaamhi_s001_t000,calibration,0.75,canonicalized,1,6.946864,0.998626,5.127130
aaaaamhk_s001_t000,calibration,0.75,canonicalized,1,2.396896,0.903960,0.403237
aaaaamjc_s001_t001,calibration,0.75,canonicalized,1,6.840397,0.998479,2.903319
aaaaammh_s001_t001,calibration,0.75,canonicalized,1,1.251447,0.759104,0.842965
aaaaamnq_s001_t000,calibration,0.75,canonicalized,1,4.891598,0.990294,6.905561
aaaaamnq_s002_t000,calibration,0.75,canonicalized,1,3.713781,0.970689,1.462716
aaaaamon_s001_t000,calibration,0.75,canonicalized,0,0.309229,0.561603,2.298006
aaaaampz_s001_t000,calibration,0.75,canonicalized,1,-0.226284,0.434404,1.780900
aaaaamrj_s001_t000,calibration,0.75,canonicalized,0,0.044738,0.498751,0.216797
aaaaamsc_s001_t000,calibration,0.75,canonicalized,1,3.520617,0.964957,0.293198
aaaaamtb_s001_t000,calibration,0.75,canonicalized,0,2.999714,0.943635,1.498217
aaaaamuc_s001_t000,calibration,0.75,canonicalized,0,-0.926486,0.282355,0.233508
aaaaamxn_s001_t000,calibration,0.75,canonicalized,1,0.843051,0.680839,0.207347
aaaaamyb_s001_t001,calibration,0.75,canonicalized,0,-1.089789,0.251842,1.774122
aaaaamye_s001_t000,calibration,0.75,canonicalized,1,8.674049,0.999736,3.176892
aaaaamzi_s001_t001,calibration,0.75,canonicalized,1,5.997327,0.996603,6.488227
aaaaamzl_s001_t000,calibration,0.75,canonicalized,0,-1.322979,0.212223,0.258328
aaaaamzx_s001_t000,calibration,0.75,canonicalized,0,-2.250419,0.099970,1.452738
aaaaanbq_s001_t000,calibration,0.75,canonicalized,0,-0.688305,0.330644,0.601332
aaaaanek_s001_t000,calibration,0.75,canonicalized,0,-2.104502,0.113230,0.263820
aaaaangp_s001_t000,calibration,0.75,canonicalized,0,-0.511483,0.369036,0.408023
aaaaanhb_s001_t003,calibration,0.75,canonicalized,1,3.570401,0.966530,3.742560
aaaaanhb_s003_t001,calibration,0.75,canonicalized,1,2.991994,0.943241,1.038405
aaaaanhb_s005_t000,calibration,0.75,canonicalized,1,3.857969,0.974364,2.063387
aaaaankf_s001_t000,calibration,0.75,canonicalized,1,4.264621,0.982472,0.832088
aaaaanlp_s001_t000,calibration,0.75,canonicalized,0,-0.495477,0.372603,0.630097
aaaaanmc_s001_t000,calibration,0.75,canonicalized,1,4.813449,0.989549,5.309344
aaaaanop_s001_t000,calibration,0.75,canonicalized,0,0.312508,0.562374,2.434360
aaaaanoz_s001_t000,calibration,0.75,canonicalized,1,-0.998550,0.268617,0.632913
aaaaanpr_s001_t002,calibration,0.75,canonicalized,1,1.490895,0.798431,1.462138
aaaaanqe_s001_t000,calibration,0.75,canonicalized,0,-1.699299,0.158281,0.786747
aaaaanro_s001_t000,calibration,0.75,canonicalized,1,3.086204,0.947872,1.679076
aaaaansj_s001_t000,calibration,0.75,canonicalized,1,1.682937,0.826350,2.244333
aaaaanta_s001_t000,calibration,0.75,canonicalized,1,5.228978,0.992949,5.381355
aaaaanum_s001_t000,calibration,0.75,canonicalized,0,-0.136407,0.455606,0.555813
aaaaanvb_s002_t000,calibration,0.75,canonicalized,0,-0.791895,0.309121,0.486417
aaaaanvg_s001_t002,calibration,0.75,canonicalized,0,2.038123,0.869810,0.807270
aaaaanvw_s001_t000,calibration,0.75,canonicalized,0,-1.977629,0.125982,0.992755
aaaaanwc_s001_t001,calibration,0.75,canonicalized,1,4.287200,0.982839,14.907364
aaaaanxl_s001_t000,calibration,0.75,canonicalized,1,4.588253,0.987073,3.893298
aaaaanyb_s001_t001,calibration,0.75,canonicalized,0,-0.731592,0.321557,0.049871
aaaaanyt_s002_t000,calibration,0.75,canonicalized,1,5.455441,0.994313,3.262510
aaaaanyw_s001_t000,calibration,0.75,canonicalized,1,2.720304,0.927639,0.431051
aaaaanyw_s002_t000,calibration,0.75,canonicalized,1,3.307847,0.957395,3.628949
aaaaanzh_s001_t000,calibration,0.75,canonicalized,1,-0.209887,0.438256,1.239165
aaaaanzu_s001_t003,calibration,0.75,canonicalized,1,2.741375,0.928978,1.736943
aaaaaoav_s001_t000,calibration,0.75,canonicalized,0,-0.576406,0.354715,0.522084
aaaaaoav_s002_t000,calibration,0.75,canonicalized,0,-1.212930,0.230330,0.729138
aaaaaobi_s001_t000,calibration,0.75,canonicalized,1,-0.104209,0.463245,0.518018
aaaaaobl_s001_t000,calibration,0.75,canonicalized,0,-1.254161,0.223422,0.826131
aaaaaoby_s001_t000,calibration,0.75,canonicalized,0,-0.194806,0.441806,1.178684
aaaaaoda_s001_t000,calibration,0.75,canonicalized,1,6.780176,0.998389,2.323862
aaaaaoeg_s001_t000,calibration,0.75,canonicalized,0,-0.539060,0.362923,0.306841
aaaaaofj_s001_t000,calibration,0.75,canonicalized,0,-0.260062,0.426493,1.271781
aaaaaofr_s001_t000,calibration,0.75,canonicalized,0,1.306834,0.768646,1.029122
aaaaaofz_s001_t000,calibration,0.75,canonicalized,0,-0.436027,0.385973,0.928271
aaaaaohb_s001_t000,calibration,0.75,canonicalized,1,4.320488,0.983368,0.556399
aaaaaohr_s002_t001,calibration,0.75,canonicalized,1,4.536334,0.986425,1.014665
aaaaaoiq_s001_t000,calibration,0.75,canonicalized,1,1.106173,0.732823,0.584333
aaaaaoiv_s001_t000,calibration,0.75,canonicalized,1,-0.019073,0.483517,0.324142
aaaaaoiv_s002_t001,calibration,0.75,canonicalized,1,8.574893,0.999710,1.524368
aaaaaoiv_s003_t003,calibration,0.75,canonicalized,1,7.899272,0.999446,1.052303
aaaaaojd_s001_t002,calibration,0.75,canonicalized,0,-0.136410,0.455605,1.376387
aaaaaokg_s001_t000,calibration,0.75,canonicalized,0,2.819266,0.933734,4.477990
aaaaaoly_s001_t000,calibration,0.75,canonicalized,0,-0.949833,0.277858,5.481772
aaaaaome_s001_t000,calibration,0.75,canonicalized,0,-1.110921,0.248057,0.363518
aaaaaomx_s001_t000,calibration,0.75,canonicalized,0,-0.728201,0.322264,0.298287
aaaaaomy_s001_t000,calibration,0.75,canonicalized,1,4.092265,0.979399,10.757691
aaaaaonb_s001_t000,calibration,0.75,canonicalized,0,0.179804,0.530968,0.464468
aaaaaons_s002_t002,calibration,0.75,canonicalized,1,2.293559,0.895041,0.295545
aaaaaopd_s001_t000,calibration,0.75,canonicalized,0,-2.390683,0.088543,2.008461
aaaaaopo_s001_t000,calibration,0.75,canonicalized,0,-0.783049,0.310928,0.880633
aaaaaora_s002_t000,calibration,0.75,canonicalized,1,1.663280,0.823638,0.789601
aaaaaord_s001_t000,calibration,0.75,canonicalized,1,1.019321,0.716267,0.767831
aaaaaosh_s001_t000,calibration,0.75,canonicalized,1,0.233368,0.543688,0.322925
aaaaaosw_s001_t000,calibration,0.75,canonicalized,0,0.077562,0.506589,2.446682
aaaaaote_s001_t000,calibration,0.75,canonicalized,0,-0.426018,0.388241,1.091881
aaaaaout_s001_t000,calibration,0.75,canonicalized,1,2.055424,0.871671,2.741668
aaaaaovl_s001_t000,calibration,0.75,canonicalized,1,5.040577,0.991570,0.593122
aaaaaovo_s001_t000,calibration,0.75,canonicalized,1,7.621810,0.999278,2.695883
aaaaaowb_s001_t000,calibration,0.75,canonicalized,0,-0.687252,0.330867,2.529087
aaaaaoxf_s001_t000,calibration,0.75,canonicalized,0,-0.922841,0.283061,0.349807
aaaaaozf_s001_t001,calibration,0.75,canonicalized,0,-0.272876,0.423502,2.115071
aaaaapag_s001_t000,calibration,0.75,canonicalized,0,-1.418444,0.197376,2.734401
aaaaapar_s001_t000,calibration,0.75,canonicalized,1,13.042407,0.999996,1.510138
aaaaapcb_s001_t000,calibration,0.75,canonicalized,0,0.568963,0.621470,0.316395
aaaaapcy_s001_t002,calibration,0.75,canonicalized,0,-1.238991,0.225946,0.955153
aaaaapdg_s001_t000,calibration,0.75,canonicalized,0,-1.184857,0.235119,0.111741
aaaaaphs_s001_t000,calibration,0.75,canonicalized,1,4.069127,0.978948,0.763923
aaaaaphw_s001_t000,calibration,0.75,canonicalized,0,2.015305,0.867322,0.880240
aaaaapij_s001_t000,calibration,0.75,canonicalized,0,-0.319600,0.412643,0.422370
aaaaapjc_s001_t001,calibration,0.75,canonicalized,0,-2.761109,0.063839,0.580973
aaaaapka_s001_t000,calibration,0.75,canonicalized,0,-0.975081,0.273044,0.739473
aaaaapkx_s001_t001,calibration,0.75,canonicalized,1,-0.908812,0.285789,2.948040
aaaaaply_s001_t001,calibration,0.75,canonicalized,1,4.457254,0.985375,4.247344
aaaaapmb_s002_t001,calibration,0.75,canonicalized,1,1.394273,0.783166,0.226549
aaaaapmp_s001_t000,calibration,0.75,canonicalized,1,0.667009,0.643241,0.293582
aaaaapnr_s001_t000,calibration,0.75,canonicalized,1,-1.250331,0.224057,1.226867
aaaaapoc_s001_t000,calibration,0.75,canonicalized,1,4.398984,0.984551,0.941752
aaaaapof_s001_t000,calibration,0.75,canonicalized,0,-1.514370,0.183260,0.740094
aaaaapoo_s001_t000,calibration,0.75,canonicalized,0,-1.224114,0.228441,3.166239
aaaaapoq_s001_t000,calibration,0.75,canonicalized,0,2.211338,0.887430,0.676173
aaaaappb_s001_t000,calibration,0.75,canonicalized,0,-0.662435,0.336136,0.560848
aaaaapqd_s001_t000,calibration,0.75,canonicalized,1,0.078346,0.506776,0.667193
aaaaapqv_s001_t000,calibration,0.75,canonicalized,0,-1.146641,0.241747,3.387183
aaaaapta_s001_t000,calibration,0.75,canonicalized,1,3.591090,0.967164,3.508441
aaaaapth_s001_t000,calibration,0.75,canonicalized,1,1.184056,0.747136,1.488909
aaaaapua_s001_t001,calibration,0.75,canonicalized,0,-2.980957,0.052379,0.355493
aaaaapuu_s001_t000,calibration,0.75,canonicalized,0,-1.359274,0.206484,0.211020
aaaaapvw_s001_t001,calibration,0.75,canonicalized,1,3.768602,0.972143,1.210007
aaaaapvy_s001_t000,calibration,0.75,canonicalized,1,1.299067,0.767324,1.943843
aaaaapwn_s001_t001,calibration,0.75,canonicalized,0,0.124580,0.517811,2.713244
aaaaapwo_s001_t001,calibration,0.75,canonicalized,1,7.954302,0.999475,0.569116
aaaaapxm_s001_t001,calibration,0.75,canonicalized,0,-1.334456,0.210396,0.235454
aaaaapys_s001_t001,calibration,0.75,canonicalized,1,12.732915,0.999995,0.550962
aaaaapys_s002_t001,calibration,0.75,canonicalized,1,9.225157,0.999844,2.348486
aaaaaayx_s002_t000,calibration,0.75,naive,0,0.207860,0.537637,1.481191
aaaaabdo_s003_t000,calibration,0.75,naive,1,4.661409,0.987935,0.870719
aaaaabsk_s007_t000,calibration,0.75,naive,1,-0.206876,0.438965,1.009592
aaaaabuv_s002_t000,calibration,0.75,naive,1,1.356856,0.777035,0.868247
aaaaacad_s003_t000,calibration,0.75,naive,0,0.881214,0.688708,0.521473
aaaaacby_s004_t000,calibration,0.75,naive,0,-0.379726,0.398795,0.110262
aaaaaddm_s006_t000,calibration,0.75,naive,1,3.121662,0.949520,1.340886
aaaaadeu_s002_t000,calibration,0.75,naive,1,2.376761,0.902277,0.817233
aaaaadjk_s002_t000,calibration,0.75,naive,0,-1.633977,0.166773,0.285713
aaaaadkb_s002_t000,calibration,0.75,naive,1,5.271630,0.993229,4.422642
aaaaadsm_s002_t001,calibration,0.75,naive,0,-1.967934,0.127005,0.366430
aaaaaeab_s003_t000,calibration,0.75,naive,0,-0.719919,0.323994,0.608915
aaaaaejc_s003_t001,calibration,0.75,naive,0,0.229561,0.542786,0.249716
aaaaaezn_s003_t001,calibration,0.75,naive,1,1.004730,0.713426,2.516137
aaaaafhl_s003_t000,calibration,0.75,naive,1,0.258775,0.549703,1.076369
aaaaagfk_s003_t000,calibration,0.75,naive,0,-1.159694,0.239469,0.359354
aaaaagsc_s003_t001,calibration,0.75,naive,1,3.438047,0.962190,7.158682
aaaaagsc_s006_t001,calibration,0.75,naive,1,-0.746382,0.318482,0.319101
aaaaaguk_s002_t001,calibration,0.75,naive,0,-2.614756,0.072722,0.541584
aaaaagvx_s002_t000,calibration,0.75,naive,1,0.424227,0.588442,1.255350
aaaaagvx_s003_t001,calibration,0.75,naive,1,1.146907,0.740372,0.602532
aaaaagyr_s002_t000,calibration,0.75,naive,1,-0.198122,0.441025,0.655019
aaaaahie_s005_t001,calibration,0.75,naive,1,3.156590,0.951096,0.237940
aaaaahsv_s002_t000,calibration,0.75,naive,0,-0.935423,0.280629,1.494705
aaaaahte_s002_t000,calibration,0.75,naive,1,6.125765,0.996994,2.030818
aaaaahte_s003_t000,calibration,0.75,naive,1,4.983851,0.991105,1.814720
aaaaahuy_s002_t000,calibration,0.75,naive,1,-1.254971,0.223288,0.116680
aaaaahzi_s001_t000,calibration,0.75,naive,0,-0.373522,0.400217,0.150410
aaaaahzm_s001_t001,calibration,0.75,naive,0,-0.071122,0.471113,0.126125
aaaaahzq_s001_t000,calibration,0.75,naive,0,-3.010284,0.051006,0.293264
aaaaahzs_s001_t001,calibration,0.75,naive,0,-0.036202,0.479432,0.603790
aaaaaiae_s001_t000,calibration,0.75,naive,0,0.026622,0.494424,1.247301
aaaaaibx_s001_t000,calibration,0.75,naive,0,-0.658155,0.337049,0.379842
aaaaaiby_s001_t000,calibration,0.75,naive,0,-0.507922,0.369828,1.116931
aaaaaici_s001_t000,calibration,0.75,naive,0,-2.087194,0.114901,0.905350
aaaaaicn_s001_t000,calibration,0.75,naive,0,-0.127484,0.457721,1.292028
aaaaaijh_s002_t000,calibration,0.75,naive,1,-3.249429,0.041016,0.391166
aaaaaijn_s001_t001,calibration,0.75,naive,0,-0.514048,0.368465,0.366004
aaaaairb_s001_t001,calibration,0.75,naive,0,1.155550,0.741956,0.244234
aaaaairo_s001_t000,calibration,0.75,naive,0,-1.993982,0.124271,1.141883
aaaaaitt_s001_t000,calibration,0.75,naive,0,-1.733062,0.154031,0.667363
aaaaaiue_s004_t000,calibration,0.75,naive,1,0.537788,0.614440,0.721290
aaaaaiuo_s002_t000,calibration,0.75,naive,0,0.891883,0.690889,0.450698
aaaaaiwz_s001_t001,calibration,0.75,naive,0,-1.394530,0.201020,0.214907
aaaaaiyy_s001_t001,calibration,0.75,naive,0,-1.862561,0.138591,1.238145
aaaaaizd_s001_t001,calibration,0.75,naive,0,-0.257647,0.427058,1.021966
aaaaaizs_s001_t000,calibration,0.75,naive,0,0.668212,0.643504,0.171063
aaaaajae_s001_t001,calibration,0.75,naive,0,1.010537,0.714559,1.002785
aaaaajah_s002_t001,calibration,0.75,naive,1,0.711233,0.652876,0.671032
aaaaajah_s004_t000,calibration,0.75,naive,1,-0.915070,0.284570,1.910704
aaaaajal_s001_t001,calibration,0.75,naive,0,-2.198254,0.104544,0.741602
aaaaajam_s001_t000,calibration,0.75,naive,1,-0.803107,0.306838,0.175106
aaaaajar_s001_t001,calibration,0.75,naive,0,-0.969840,0.274039,0.492380
aaaaajbb_s001_t000,calibration,0.75,naive,0,1.294025,0.766463,1.117800
aaaaajbh_s002_t000,calibration,0.75,naive,0,-0.697573,0.328687,1.134886
aaaaajce_s001_t000,calibration,0.75,naive,0,-0.700805,0.328007,0.376066
aaaaajci_s001_t000,calibration,0.75,naive,0,-0.934975,0.280715,0.152489
aaaaajck_s001_t000,calibration,0.75,naive,0,-1.234469,0.226703,0.599961
aaaaajct_s001_t000,calibration,0.75,naive,0,0.684597,0.647087,0.686559
aaaaajcu_s001_t000,calibration,0.75,naive,0,-0.638560,0.341245,0.908913
aaaaajda_s001_t000,calibration,0.75,naive,0,-1.759650,0.150750,0.417721
aaaaajdb_s001_t000,calibration,0.75,naive,0,-1.212197,0.230454,1.294410
aaaaajdv_s001_t000,calibration,0.75,naive,0,0.455323,0.595617,1.754416
aaaaajdy_s001_t000,calibration,0.75,naive,0,-2.054733,0.118092,0.292223
aaaaajdz_s001_t000,calibration,0.75,naive,0,-0.182201,0.444778,0.476569
aaaaajea_s001_t000,calibration,0.75,naive,0,1.848032,0.847831,1.304680
aaaaajen_s001_t000,calibration,0.75,naive,0,-0.456957,0.381245,0.500405
aaaaajey_s001_t000,calibration,0.75,naive,0,-0.125269,0.458246,0.298232
aaaaajfb_s001_t000,calibration,0.75,naive,0,-2.555389,0.076640,2.316458
aaaaajfe_s001_t000,calibration,0.75,naive,0,-1.537495,0.179977,0.365151
aaaaajff_s001_t000,calibration,0.75,naive,0,-2.651445,0.070393,0.723155
aaaaajfi_s001_t001,calibration,0.75,naive,0,-0.562782,0.357700,0.316924
aaaaajfn_s001_t001,calibration,0.75,naive,0,-1.249150,0.224253,0.349371
aaaaajfy_s001_t000,calibration,0.75,naive,0,-1.646037,0.165178,0.251052
aaaaajga_s001_t001,calibration,0.75,naive,0,0.997133,0.711940,1.909999
aaaaajhy_s001_t000,calibration,0.75,naive,0,-1.682111,0.160481,0.273918
aaaaajit_s001_t001,calibration,0.75,naive,0,-1.791282,0.146922,1.001537
aaaaajiu_s001_t000,calibration,0.75,naive,0,1.616794,0.817095,2.443603
aaaaajiy_s001_t001,calibration,0.75,naive,0,-0.431119,0.387085,0.550381
aaaaajiz_s001_t000,calibration,0.75,naive,0,-0.427612,0.387880,0.775402
aaaaajjb_s001_t001,calibration,0.75,naive,0,0.152584,0.524487,0.300889
aaaaajje_s001_t000,calibration,0.75,naive,0,-1.173871,0.237011,0.482348
aaaaajjk_s001_t000,calibration,0.75,naive,0,-0.605875,0.348298,0.811296
aaaaajna_s001_t000,calibration,0.75,naive,0,-1.885889,0.135952,0.472866
aaaaajnu_s001_t000,calibration,0.75,naive,0,-1.935212,0.130511,0.580393
aaaaajon_s001_t000,calibration,0.75,naive,0,-0.305187,0.415984,2.018405
aaaaajoo_s002_t001,calibration,0.75,naive,1,-0.396494,0.394961,0.448726
aaaaajpg_s001_t001,calibration,0.75,naive,0,-1.596668,0.171784,0.715434
aaaaajqh_s004_t000,calibration,0.75,naive,1,4.169867,0.980843,1.005273
aaaaajqk_s003_t001,calibration,0.75,naive,1,2.933029,0.940149,0.697731
aaaaajrf_s001_t000,calibration,0.75,naive,1,7.657397,0.999303,2.866522
aaaaajrf_s002_t000,calibration,0.75,naive,1,10.619264,0.999959,1.589829
aaaaajrf_s003_t002,calibration,0.75,naive,1,8.171138,0.999573,3.493885
aaaaajrf_s004_t000,calibration,0.75,naive,1,2.035077,0.869481,0.559670
aaaaajso_s001_t000,calibration,0.75,naive,1,5.050117,0.991646,0.893821
aaaaajtg_s001_t000,calibration,0.75,naive,0,-0.327356,0.410848,1.502207
aaaaajtu_s001_t000,calibration,0.75,naive,0,-0.478598,0.376380,0.405503
aaaaajuh_s001_t000,calibration,0.75,naive,1,4.726878,0.988658,5.317360
aaaaajun_s001_t000,calibration,0.75,naive,0,1.829983,0.845593,0.762761
aaaaajvh_s001_t001,calibration,0.75,naive,0,-0.483666,0.375244,0.937521
aaaaajxp_s001_t000,calibration,0.75,naive,0,-0.512542,0.368800,0.417026
aaaaakck_s001_t001,calibration,0.75,naive,1,1.859279,0.849212,0.504367
aaaaakcx_s001_t001,calibration,0.75,naive,1,6.831499,0.998466,2.942647
aaaaakcy_s005_t001,calibration,0.75,naive,1,5.407530,0.994048,1.699818
aaaaakdj_s001_t000,calibration,0.75,naive,1,1.551529,0.807592,0.813687
aaaaakdo_s001_t000,calibration,0.75,naive,1,0.787046,0.669103,0.563807
aaaaakeq_s001_t000,calibration,0.75,naive,1,2.636482,0.922076,2.150600
aaaaakeq_s002_t000,calibration,0.75,naive,1,1.905488,0.854778,0.833594
aaaaakeq_s003_t000,calibration,0.75,naive,1,2.788089,0.931867,2.974540
aaaaakev_s001_t001,calibration,0.75,naive,1,9.753958,0.999906,7.772861
aaaaakev_s002_t000,calibration,0.75,naive,1,9.025822,0.999811,4.748822
aaaaakft_s001_t000,calibration,0.75,naive,0,-1.806645,0.145092,0.204544
aaaaakgp_s001_t001,calibration,0.75,naive,0,0.933754,0.699366,1.896871
aaaaakgu_s001_t000,calibration,0.75,naive,1,-0.592920,0.351113,0.147802
aaaaakjk_s002_t002,calibration,0.75,naive,1,1.420158,0.787336,0.308738
aaaaakjk_s003_t000,calibration,0.75,naive,1,2.071087,0.873335,0.870910
aaaaakka_s001_t001,calibration,0.75,naive,0,-0.947433,0.278318,0.784692
aaaaakmg_s003_t001,calibration,0.75,naive,1,3.886710,0.975041,0.709106
aaaaakmh_s001_t000,calibration,0.75,naive,1,0.214580,0.539232,2.705754
aaaaaknt_s001_t000,calibration,0.75,naive,1,0.659607,0.641616,1.151459
aaaaakoo_s001_t001,calibration,0.75,naive,1,8.034011,0.999513,1.264466
aaaaakqg_s001_t001,calibration,0.75,naive,0,-0.323026,0.411850,1.036216
aaaaakqr_s001_t000,calibration,0.75,naive,0,-0.588664,0.352039,0.458842
aaaaakrt_s001_t001,calibration,0.75,naive,1,4.098421,0.979517,0.941416
aaaaakrt_s002_t001,calibration,0.75,naive,1,4.199400,0.981366,2.447901
aaaaaksb_s001_t000,calibration,0.75,naive,0,-1.659557,0.163405,0.259577
aaaaaksu_s001_t001,calibration,0.75,naive,0,-0.031076,0.480654,0.714602
aaaaakxz_s001_t001,calibration,0.75,naive,1,0.408720,0.584850,0.117054
aaaaakxz_s002_t001,calibration,0.75,naive,1,1.762991,0.837051,1.719841
aaaaalaf_s001_t000,calibration,0.75,naive,0,-1.419713,0.197184,0.230466
aaaaalau_s001_t000,calibration,0.75,naive,1,2.003608,0.866031,0.664682
aaaaalbh_s001_t000,calibration,0.75,naive,1,2.785601,0.931716,5.061953
aaaaalbt_s001_t001,calibration,0.75,naive,0,-0.389140,0.396641,0.719689
aaaaalbt_s002_t000,calibration,0.75,naive,0,-1.232058,0.227107,1.684669
aaaaalbz_s006_t000,calibration,0.75,naive,1,5.531609,0.994710,3.594737
aaaaalid_s001_t001,calibration,0.75,naive,0,1.913223,0.855693,0.771842
aaaaaljf_s001_t000,calibration,0.75,naive,1,1.923184,0.856864,1.159406
aaaaaljj_s001_t000,calibration,0.75,naive,0,-1.907007,0.133600,1.018816
aaaaallc_s001_t001,calibration,0.75,naive,0,0.254964,0.548802,1.074620
aaaaalle_s002_t000,calibration,0.75,naive,1,1.742965,0.834425,0.544771
aaaaalox_s001_t001,calibration,0.75,naive,0,2.672609,0.924520,3.460121
aaaaalpv_s001_t000,calibration,0.75,naive,0,0.520547,0.610530,1.248927
aaaaalqa_s001_t000,calibration,0.75,naive,0,-0.821186,0.303177,0.811973
aaaaalqr_s001_t001,calibration,0.75,naive,1,-0.070397,0.471285,0.055264
aaaaalqs_s001_t001,calibration,0.75,naive,0,-0.987648,0.270668,0.551200
aaaaalqx_s001_t000,calibration,0.75,naive,0,-2.163086,0.107731,0.664025
aaaaalrc_s002_t000,calibration,0.75,naive,1,11.341669,0.999979,1.014553
aaaaalsq_s001_t000,calibration,0.75,naive,0,0.928767,0.698363,0.287040
aaaaalsx_s001_t000,calibration,0.75,naive,1,-0.352330,0.405086,0.302780
aaaaalsx_s004_t001,calibration,0.75,naive,1,0.018554,0.492498,0.270207
aaaaaluz_s001_t001,calibration,0.75,naive,0,-1.089615,0.251873,0.147032
aaaaalvw_s001_t000,calibration,0.75,naive,0,-3.174307,0.043933,0.618158
aaaaalvz_s001_t000,calibration,0.75,naive,1,7.801159,0.999392,1.640169
aaaaalxk_s001_t000,calibration,0.75,naive,0,0.256242,0.549104,0.369527
aaaaalyr_s001_t000,calibration,0.75,naive,1,0.153099,0.524610,0.453496
aaaaalzk_s002_t001,calibration,0.75,naive,1,7.601217,0.999264,8.107505
aaaaamcb_s001_t001,calibration,0.75,naive,1,6.032213,0.996714,1.153979
aaaaamfe_s001_t001,calibration,0.75,naive,0,0.469993,0.598987,0.848949
aaaaamft_s001_t001,calibration,0.75,naive,1,-0.621553,0.344906,0.076593
aaaaamfu_s001_t000,calibration,0.75,naive,0,0.697417,0.649879,0.290580
aaaaamhi_s001_t000,calibration,0.75,naive,1,6.649707,0.998176,5.122992
aaaaamhk_s001_t000,calibration,0.75,naive,1,2.474082,0.910173,0.401943
aaaaamjc_s001_t001,calibration,0.75,naive,1,5.846957,0.996080,4.995872
aaaaammh_s001_t001,calibration,0.75,naive,1,1.431493,0.789143,0.943761
aaaaamnq_s001_t000,calibration,0.75,naive,1,3.921601,0.975839,5.238230
aaaaamnq_s002_t000,calibration,0.75,naive,1,3.459702,0.962935,1.043765
aaaaamon_s001_t000,calibration,0.75,naive,0,0.143791,0.522392,1.545566
aaaaampz_s001_t000,calibration,0.75,naive,1,-0.048342,0.476538,1.079109
aaaaamrj_s001_t000,calibration,0.75,naive,0,0.047509,0.499412,0.182204
aaaaamsc_s001_t000,calibration,0.75,naive,1,3.443163,0.962367,0.186689
aaaaamtb_s001_t000,calibration,0.75,naive,0,2.814543,0.933454,1.611182
aaaaamuc_s001_t000,calibration,0.75,naive,0,-1.229872,0.227473,0.167689
aaaaamxn_s001_t000,calibration,0.75,naive,1,0.561917,0.619886,0.303708
aaaaamyb_s001_t001,calibration,0.75,naive,0,-0.770653,0.313471,1.319390
aaaaamye_s001_t000,calibration,0.75,naive,1,7.582039,0.999251,4.158509
aaaaamzi_s001_t001,calibration,0.75,naive,1,4.280162,0.982726,2.531426
aaaaamzl_s001_t000,calibration,0.75,naive,0,-1.356886,0.206858,0.229612
aaaaamzx_s001_t000,calibration,0.75,naive,0,-1.845751,0.140519,1.437513
aaaaanbq_s001_t000,calibration,0.75,naive,0,-0.220139,0.435847,0.590341
aaaaanek_s001_t000,calibration,0.75,naive,0,-2.402784,0.087614,0.118963
aaaaangp_s001_t000,calibration,0.75,naive,0,-0.584943,0.352851,0.705067
aaaaanhb_s001_t003,calibration,0.75,naive,1,2.441021,0.907558,3.267157
aaaaanhb_s003_t001,calibration,0.75,naive,1,2.549846,0.915918,0.889975
aaaaanhb_s005_t000,calibration,0.75,naive,1,2.778708,0.931296,2.629586
aaaaankf_s001_t000,calibration,0.75,naive,1,4.134932,0.980206,0.992564
aaaaanlp_s001_t000,calibration,0.75,naive,0,-0.401230,0.393880,0.499854
aaaaanmc_s001_t000,calibration,0.75,naive,1,4.440651,0.985145,4.841018
aaaaanop_s001_t000,calibration,0.75,naive,0,0.668563,0.643581,1.625703
aaaaanoz_s001_t000,calibration,0.75,naive,1,-0.677266,0.332982,0.598174
aaaaanpr_s001_t002,calibration,0.75,naive,1,1.282397,0.764469,1.559440
aaaaanqe_s001_t000,calibration,0.75,naive,0,-2.128590,0.110940,0.996435
aaaaanro_s001_t000,calibration,0.75,naive,1,2.849363,0.935491,1.210776
aaaaansj_s001_t000,calibration,0.75,naive,1,1.206325,0.751133,1.140719
aaaaanta_s001_t000,calibration,0.75,naive,1,5.012473,0.991343,5.652309
aaaaanum_s001_t000,calibration,0.75,naive,0,-0.241182,0.430910,0.550438
aaaaanvb_s002_t000,calibration,0.75,naive,0,-0.972224,0.273586,0.460285
aaaaanvg_s001_t002,calibration,0.75,naive,0,1.659967,0.823178,0.624167
aaaaanvw_s001_t000,calibration,0.75,naive,0,-1.801237,0.145734,0.740158
aaaaanwc_s001_t001,calibration,0.75,naive,1,3.997848,0.977498,14.412964
aaaaanxl_s001_t000,calibration,0.75,naive,1,4.131217,0.980137,2.731718
aaaaanyb_s001_t001,calibration,0.75,naive,0,-0.367079,0.401695,0.100265
aaaaanyt_s002_t000,calibration,0.75,naive,1,1.209394,0.751681,0.695855
aaaaanyw_s001_t000,calibration,0.75,naive,1,2.370818,0.901775,0.638549
aaaaanyw_s002_t000,calibration,0.75,naive,1,3.222594,0.953947,3.781781
aaaaanzh_s001_t000,calibration,0.75,naive,1,-0.253325,0.428068,1.262179
aaaaanzu_s001_t003,calibration,0.75,naive,1,2.373087,0.901967,1.394226
aaaaaoav_s001_t000,calibration,0.75,naive,0,-0.074661,0.470270,0.898227
aaaaaoav_s002_t000,calibration,0.75,naive,0,-1.284386,0.218452,0.641111
aaaaaobi_s001_t000,calibration,0.75,naive,1,-0.199295,0.440749,0.350900
aaaaaobl_s001_t000,calibration,0.75,naive,0,-0.570519,0.356003,0.514033
aaaaaoby_s001_t000,calibration,0.75,naive,0,-0.269928,0.424189,0.923901
aaaaaoda_s001_t000,calibration,0.75,naive,1,6.572027,0.998035,1.804677
aaaaaoeg_s001_t000,calibration,0.75,naive,0,-0.481658,0.375694,0.509165
aaaaaofj_s001_t000,calibration,0.75,naive,0,-0.498380,0.371955,0.896721
aaaaaofr_s001_t000,calibration,0.75,naive,0,1.530450,0.804444,0.965088
aaaaaofz_s001_t000,calibration,0.75,naive,0,-0.381822,0.398315,0.757318
aaaaaohb_s001_t000,calibration,0.75,naive,1,3.678472,0.969714,0.404633
aaaaaohr_s002_t001,calibration,0.75,naive,1,4.545646,0.986543,0.815079
aaaaaoiq_s001_t000,calibration,0.75,naive,1,1.336778,0.773694,0.792771
aaaaaoiv_s001_t000,calibration,0.75,naive,1,0.295535,0.558380,0.209879
aaaaaoiv_s002_t001,calibration,0.75,naive,1,8.213999,0.999590,1.373557
aaaaaoiv_s003_t003,calibration,0.75,naive,1,7.078269,0.998788,0.490503
aaaaaojd_s001_t002,calibration,0.75,naive,0,-0.877952,0.291844,0.525105
aaaaaokg_s001_t000,calibration,0.75,naive,0,2.203190,0.886650,3.932372
aaaaaoly_s001_t000,calibration,0.75,naive,0,-1.170113,0.237661,4.738119
aaaaaome_s001_t000,calibration,0.75,naive,0,-1.299532,0.215992,0.425097
aaaaaomx_s001_t000,calibration,0.75,naive,0,-1.006831,0.267066,0.364630
aaaaaomy_s001_t000,calibration,0.75,naive,1,3.808466,0.973156,8.532164
aaaaaonb_s001_t000,calibration,0.75,naive,0,0.237449,0.544655,0.368607
aaaaaons_s002_t002,calibration,0.75,naive,1,2.278797,0.893709,0.273772
aaaaaopd_s001_t000,calibration,0.75,naive,0,-2.208219,0.103656,1.880729
aaaaaopo_s001_t000,calibration,0.75,naive,0,-0.756325,0.316424,0.613133
aaaaaora_s002_t000,calibration,0.75,naive,1,1.460566,0.793728,0.689122
aaaaaord_s001_t000,calibration,0.75,naive,1,1.085054,0.728854,0.712060
aaaaaosh_s001_t000,calibration,0.75,naive,1,-0.095650,0.465278,0.359666
aaaaaosw_s001_t000,calibration,0.75,naive,0,0.191375,0.533720,1.720757
aaaaaote_s001_t000,calibration,0.75,naive,0,-0.593523,0.350981,1.001951
aaaaaout_s001_t000,calibration,0.75,naive,1,1.700413,0.828732,1.538129
aaaaaovl_s001_t000,calibration,0.75,naive,1,5.313121,0.993490,0.420612
aaaaaovo_s001_t000,calibration,0.75,naive,1,7.012108,0.998709,4.846673
aaaaaowb_s001_t000,calibration,0.75,naive,0,-0.378100,0.399168,2.762460
aaaaaoxf_s001_t000,calibration,0.75,naive,0,-0.647945,0.339232,0.319559
aaaaaozf_s001_t001,calibration,0.75,naive,0,-0.104304,0.463222,2.067928
aaaaapag_s001_t000,calibration,0.75,naive,0,-1.676797,0.161166,2.077790
aaaaapar_s001_t000,calibration,0.75,naive,1,12.003187,0.999989,0.793570
aaaaapcb_s001_t000,calibration,0.75,naive,0,0.900811,0.692708,1.149210
aaaaapcy_s001_t002,calibration,0.75,naive,0,-1.408606,0.198869,0.681485
aaaaapdg_s001_t000,calibration,0.75,naive,0,-1.214370,0.230086,0.126959
aaaaaphs_s001_t000,calibration,0.75,naive,1,3.601243,0.967470,0.372750
aaaaaphw_s001_t000,calibration,0.75,naive,0,2.050190,0.871110,0.760641
aaaaapij_s001_t000,calibration,0.75,naive,0,-0.218654,0.436196,0.353701
aaaaapjc_s001_t001,calibration,0.75,naive,0,-2.367920,0.090314,0.539866
aaaaapka_s001_t000,calibration,0.75,naive,0,-0.732811,0.321303,0.857874
aaaaapkx_s001_t001,calibration,0.75,naive,1,-1.157270,0.239891,1.448766
aaaaaply_s001_t001,calibration,0.75,naive,1,4.286452,0.982827,5.462507
aaaaapmb_s002_t001,calibration,0.75,naive,1,0.516716,0.609660,0.277362
aaaaapmp_s001_t000,calibration,0.75,naive,1,0.371957,0.576298,0.363460
aaaaapnr_s001_t000,calibration,0.75,naive,1,-1.090432,0.251726,1.188552
aaaaapoc_s001_t000,calibration,0.75,naive,1,3.816538,0.973356,0.522961
aaaaapof_s001_t000,calibration,0.75,naive,0,-1.496753,0.185793,0.698701
aaaaapoo_s001_t000,calibration,0.75,naive,0,-0.998545,0.268618,3.376729
aaaaapoq_s001_t000,calibration,0.75,naive,0,2.307031,0.896244,0.609201
aaaaappb_s001_t000,calibration,0.75,naive,0,-0.188352,0.443327,0.560039
aaaaapqd_s001_t000,calibration,0.75,naive,1,-0.862435,0.294917,0.556672
aaaaapqv_s001_t000,calibration,0.75,naive,0,-0.855962,0.296205,3.250072
aaaaapta_s001_t000,calibration,0.75,naive,1,3.104735,0.948740,4.139088
aaaaapth_s001_t000,calibration,0.75,naive,1,0.355785,0.572521,1.333440
aaaaapua_s001_t001,calibration,0.75,naive,0,-2.828982,0.060072,0.333091
aaaaapuu_s001_t000,calibration,0.75,naive,0,-2.026540,0.120926,0.084780
aaaaapvw_s001_t001,calibration,0.75,naive,1,3.199587,0.952971,1.135028
aaaaapvy_s001_t000,calibration,0.75,naive,1,-0.283523,0.421020,1.185508
aaaaapwn_s001_t001,calibration,0.75,naive,0,0.219755,0.540460,2.438994
aaaaapwo_s001_t001,calibration,0.75,naive,1,7.316577,0.999034,0.274930
aaaaapxm_s001_t001,calibration,0.75,naive,0,-1.167911,0.238042,0.296899
aaaaapys_s001_t001,calibration,0.75,naive,1,11.893607,0.999988,0.658848
aaaaapys_s002_t001,calibration,0.75,naive,1,8.488323,0.999685,2.493081
aaaaaayx_s002_t000,calibration,1.0,canonicalized,0,0.202175,0.536286,1.642176
aaaaabdo_s003_t000,calibration,1.0,canonicalized,1,5.570985,0.994904,1.519506
aaaaabsk_s007_t000,calibration,1.0,canonicalized,1,0.466174,0.598111,1.003793
aaaaabuv_s002_t000,calibration,1.0,canonicalized,1,1.567353,0.809930,0.973321
aaaaacad_s003_t000,calibration,1.0,canonicalized,0,0.920193,0.696635,0.656851
aaaaacby_s004_t000,calibration,1.0,canonicalized,0,-0.628362,0.343438,0.121205
aaaaaddm_s006_t000,calibration,1.0,canonicalized,1,3.401061,0.960883,1.421212
aaaaadeu_s002_t000,calibration,1.0,canonicalized,1,3.101629,0.948595,0.939387
aaaaadjk_s002_t000,calibration,1.0,canonicalized,0,-1.790122,0.147061,0.233014
aaaaadkb_s002_t000,calibration,1.0,canonicalized,1,5.106050,0.992077,4.721467
aaaaadsm_s002_t001,calibration,1.0,canonicalized,0,-2.176235,0.106529,0.376146
aaaaaeab_s003_t000,calibration,1.0,canonicalized,0,-0.374896,0.399902,0.664492
aaaaaejc_s003_t001,calibration,1.0,canonicalized,0,0.676852,0.645396,0.331730
aaaaaezn_s003_t001,calibration,1.0,canonicalized,1,0.831920,0.678524,3.650870
aaaaafhl_s003_t000,calibration,1.0,canonicalized,1,0.402648,0.583441,2.241765
aaaaagfk_s003_t000,calibration,1.0,canonicalized,0,-1.382791,0.202827,0.301262
aaaaagsc_s003_t001,calibration,1.0,canonicalized,1,3.546334,0.965778,7.912089
aaaaagsc_s006_t001,calibration,1.0,canonicalized,1,-0.876650,0.292101,0.437632
aaaaaguk_s002_t001,calibration,1.0,canonicalized,0,-2.477530,0.082072,0.304205
aaaaagvx_s002_t000,calibration,1.0,canonicalized,1,0.601687,0.628796,1.358581
aaaaagvx_s003_t001,calibration,1.0,canonicalized,1,1.081494,0.728181,0.671906
aaaaagyr_s002_t000,calibration,1.0,canonicalized,1,-0.203264,0.439815,0.681135
aaaaahie_s005_t001,calibration,1.0,canonicalized,1,5.349870,0.993713,0.285969
aaaaahsv_s002_t000,calibration,1.0,canonicalized,0,-0.817048,0.304013,1.980520
aaaaahte_s002_t000,calibration,1.0,canonicalized,1,6.416459,0.997721,2.407014
aaaaahte_s003_t000,calibration,1.0,canonicalized,1,5.313992,0.993495,1.619883
aaaaahuy_s002_t000,calibration,1.0,canonicalized,1,-1.593836,0.172170,0.189950
aaaaahzi_s001_t000,calibration,1.0,canonicalized,0,0.301506,0.559786,0.291877
aaaaahzm_s001_t001,calibration,1.0,canonicalized,0,-0.182088,0.444805,0.068051
aaaaahzq_s001_t000,calibration,1.0,canonicalized,0,-3.237582,0.041463,0.593087
aaaaahzs_s001_t001,calibration,1.0,canonicalized,0,0.143497,0.522322,0.316860
aaaaaiae_s001_t000,calibration,1.0,canonicalized,0,0.179419,0.530876,0.642873
aaaaaibx_s001_t000,calibration,1.0,canonicalized,0,-0.691249,0.330022,0.649503
aaaaaiby_s001_t000,calibration,1.0,canonicalized,0,-0.703440,0.327452,1.452311
aaaaaici_s001_t000,calibration,1.0,canonicalized,0,-1.954416,0.128444,3.342380
aaaaaicn_s001_t000,calibration,1.0,canonicalized,0,0.227950,0.542404,0.471072
aaaaaijh_s002_t000,calibration,1.0,canonicalized,1,-3.162531,0.044408,0.411524
aaaaaijn_s001_t001,calibration,1.0,canonicalized,0,-0.886178,0.290223,0.291197
aaaaairb_s001_t001,calibration,1.0,canonicalized,0,1.217628,0.753146,0.274355
aaaaairo_s001_t000,calibration,1.0,canonicalized,0,-1.994740,0.124193,0.892754
aaaaaitt_s001_t000,calibration,1.0,canonicalized,0,-1.512873,0.183474,1.047145
aaaaaiue_s004_t000,calibration,1.0,canonicalized,1,0.697884,0.649980,0.865404
aaaaaiuo_s002_t000,calibration,1.0,canonicalized,0,0.841960,0.680613,0.467824
aaaaaiwz_s001_t001,calibration,1.0,canonicalized,0,-1.336318,0.210100,0.138060
aaaaaiyy_s001_t001,calibration,1.0,canonicalized,0,-1.772050,0.149240,1.427121
aaaaaizd_s001_t001,calibration,1.0,canonicalized,0,-0.024994,0.482104,1.350887
aaaaaizs_s001_t000,calibration,1.0,canonicalized,0,0.690080,0.648282,0.412175
aaaaajae_s001_t001,calibration,1.0,canonicalized,0,2.389403,0.903337,0.911805
aaaaajah_s002_t001,calibration,1.0,canonicalized,1,0.510026,0.608138,0.731745
aaaaajah_s004_t000,calibration,1.0,canonicalized,1,-0.429078,0.387547,1.515167
aaaaajal_s001_t001,calibration,1.0,canonicalized,0,-2.031127,0.120461,0.634484
aaaaajam_s001_t000,calibration,1.0,canonicalized,1,-1.025426,0.263603,0.247760
aaaaajar_s001_t001,calibration,1.0,canonicalized,0,-1.043999,0.260173,0.472049
aaaaajbb_s001_t000,calibration,1.0,canonicalized,0,1.251721,0.759151,1.365117
aaaaajbh_s002_t000,calibration,1.0,canonicalized,0,-1.078711,0.253841,0.315311
aaaaajce_s001_t000,calibration,1.0,canonicalized,0,-0.805808,0.306289,0.469517
aaaaajci_s001_t000,calibration,1.0,canonicalized,0,-0.421259,0.389322,0.143144
aaaaajck_s001_t000,calibration,1.0,canonicalized,0,-1.758828,0.150851,0.474704
aaaaajct_s001_t000,calibration,1.0,canonicalized,0,0.587696,0.625671,0.800038
aaaaajcu_s001_t000,calibration,1.0,canonicalized,0,-0.889103,0.289648,0.830872
aaaaajda_s001_t000,calibration,1.0,canonicalized,0,-2.269242,0.098363,0.497408
aaaaajdb_s001_t000,calibration,1.0,canonicalized,0,-1.153220,0.240597,1.411864
aaaaajdv_s001_t000,calibration,1.0,canonicalized,0,0.641702,0.637674,2.228797
aaaaajdy_s001_t000,calibration,1.0,canonicalized,0,-2.030617,0.120513,0.355338
aaaaajdz_s001_t000,calibration,1.0,canonicalized,0,-0.080716,0.468830,0.569981
aaaaajea_s001_t000,calibration,1.0,canonicalized,0,1.878280,0.851522,1.592870
aaaaajen_s001_t000,calibration,1.0,canonicalized,0,-0.930268,0.281624,0.385469
aaaaajey_s001_t000,calibration,1.0,canonicalized,0,-0.152592,0.451774,0.401459
aaaaajfb_s001_t000,calibration,1.0,canonicalized,0,-2.408092,0.087210,3.021751
aaaaajfe_s001_t000,calibration,1.0,canonicalized,0,-1.324912,0.211914,0.745848
aaaaajff_s001_t000,calibration,1.0,canonicalized,0,-2.362366,0.090751,0.773966
aaaaajfi_s001_t001,calibration,1.0,canonicalized,0,-0.746668,0.318423,0.317309
aaaaajfn_s001_t001,calibration,1.0,canonicalized,0,-1.466044,0.190271,0.715578
aaaaajfy_s001_t000,calibration,1.0,canonicalized,0,-1.751913,0.151699,0.444793
aaaaajga_s001_t001,calibration,1.0,canonicalized,0,1.054715,0.723088,2.370106
aaaaajhy_s001_t000,calibration,1.0,canonicalized,0,-2.489172,0.081238,0.889815
aaaaajit_s001_t001,calibration,1.0,canonicalized,0,-1.823211,0.143140,1.127657
aaaaajiu_s001_t000,calibration,1.0,canonicalized,0,1.724833,0.832018,2.163884
aaaaajiy_s001_t001,calibration,1.0,canonicalized,0,-0.635808,0.341836,0.775533
aaaaajiz_s001_t000,calibration,1.0,canonicalized,0,-0.347028,0.406307,0.868019
aaaaajjb_s001_t001,calibration,1.0,canonicalized,0,-0.342636,0.407320,0.667364
aaaaajje_s001_t000,calibration,1.0,canonicalized,0,-1.329029,0.211258,0.672725
aaaaajjk_s001_t000,calibration,1.0,canonicalized,0,-0.720664,0.323839,1.110273
aaaaajna_s001_t000,calibration,1.0,canonicalized,0,-2.293299,0.096344,0.582481
aaaaajnu_s001_t000,calibration,1.0,canonicalized,0,-2.166101,0.107454,0.822409
aaaaajon_s001_t000,calibration,1.0,canonicalized,0,-0.446547,0.383594,2.457607
aaaaajoo_s002_t001,calibration,1.0,canonicalized,1,-0.091693,0.466219,0.349673
aaaaajpg_s001_t001,calibration,1.0,canonicalized,0,-1.496066,0.185892,0.549567
aaaaajqh_s004_t000,calibration,1.0,canonicalized,1,5.805980,0.995925,1.960828
aaaaajqk_s003_t001,calibration,1.0,canonicalized,1,3.006204,0.943964,0.937252
aaaaajrf_s001_t000,calibration,1.0,canonicalized,1,9.208815,0.999841,3.126554
aaaaajrf_s002_t000,calibration,1.0,canonicalized,1,11.770627,0.999986,1.974131
aaaaajrf_s003_t002,calibration,1.0,canonicalized,1,9.761459,0.999906,4.475995
aaaaajrf_s004_t000,calibration,1.0,canonicalized,1,2.362019,0.901028,0.441436
aaaaajso_s001_t000,calibration,1.0,canonicalized,1,6.362649,0.997601,1.122524
aaaaajtg_s001_t000,calibration,1.0,canonicalized,0,-0.190054,0.442926,2.167782
aaaaajtu_s001_t000,calibration,1.0,canonicalized,0,-0.154651,0.451286,0.597161
aaaaajuh_s001_t000,calibration,1.0,canonicalized,1,5.243036,0.993042,6.272742
aaaaajun_s001_t000,calibration,1.0,canonicalized,0,1.872187,0.850784,0.758530
aaaaajvh_s001_t001,calibration,1.0,canonicalized,0,-0.018198,0.483726,1.242136
aaaaajxp_s001_t000,calibration,1.0,canonicalized,0,-0.412240,0.391372,0.483229
aaaaakck_s001_t001,calibration,1.0,canonicalized,1,1.525746,0.803736,0.363866
aaaaakcx_s001_t001,calibration,1.0,canonicalized,1,6.860636,0.998508,3.049091
aaaaakcy_s005_t001,calibration,1.0,canonicalized,1,7.765857,0.999371,3.692368
aaaaakdj_s001_t000,calibration,1.0,canonicalized,1,1.432491,0.789302,0.713467
aaaaakdo_s001_t000,calibration,1.0,canonicalized,1,0.575585,0.622957,1.416985
aaaaakeq_s001_t000,calibration,1.0,canonicalized,1,2.933081,0.940152,2.550948
aaaaakeq_s002_t000,calibration,1.0,canonicalized,1,2.287162,0.894466,1.198910
aaaaakeq_s003_t000,calibration,1.0,canonicalized,1,3.130689,0.949932,3.966956
aaaaakev_s001_t001,calibration,1.0,canonicalized,1,10.738077,0.999963,11.813914
aaaaakev_s002_t000,calibration,1.0,canonicalized,1,10.027954,0.999928,4.775115
aaaaakft_s001_t000,calibration,1.0,canonicalized,0,-1.624253,0.168068,0.756980
aaaaakgp_s001_t001,calibration,1.0,canonicalized,0,0.860957,0.684544,1.880238
aaaaakgu_s001_t000,calibration,1.0,canonicalized,1,-0.709463,0.326186,0.159255
aaaaakjk_s002_t002,calibration,1.0,canonicalized,1,2.446852,0.908024,0.430117
aaaaakjk_s003_t000,calibration,1.0,canonicalized,1,1.561742,0.809104,1.147378
aaaaakka_s001_t001,calibration,1.0,canonicalized,0,-0.964987,0.274963,0.641540
aaaaakmg_s003_t001,calibration,1.0,canonicalized,1,5.496935,0.994533,0.791227
aaaaakmh_s001_t000,calibration,1.0,canonicalized,1,0.330902,0.566694,2.525002
aaaaaknt_s001_t000,calibration,1.0,canonicalized,1,1.048265,0.721853,1.560412
aaaaakoo_s001_t001,calibration,1.0,canonicalized,1,9.878414,0.999916,2.437984
aaaaakqg_s001_t001,calibration,1.0,canonicalized,0,-0.626215,0.343901,0.965403
aaaaakqr_s001_t000,calibration,1.0,canonicalized,0,-1.100150,0.249982,0.534052
aaaaakrt_s001_t001,calibration,1.0,canonicalized,1,4.194616,0.981282,0.604725
aaaaakrt_s002_t001,calibration,1.0,canonicalized,1,4.322444,0.983398,2.452163
aaaaaksb_s001_t000,calibration,1.0,canonicalized,0,-1.749613,0.151982,0.384180
aaaaaksu_s001_t001,calibration,1.0,canonicalized,0,0.056391,0.501534,0.687487
aaaaakxz_s001_t001,calibration,1.0,canonicalized,1,0.934060,0.699427,0.297173
aaaaakxz_s002_t001,calibration,1.0,canonicalized,1,3.811963,0.973243,2.097560
aaaaalaf_s001_t000,calibration,1.0,canonicalized,0,-1.303227,0.215395,0.322958
aaaaalau_s001_t000,calibration,1.0,canonicalized,1,1.796040,0.841312,0.935165
aaaaalbh_s001_t000,calibration,1.0,canonicalized,1,2.924612,0.939695,6.387937
aaaaalbt_s001_t001,calibration,1.0,canonicalized,0,-0.712014,0.325651,0.553662
aaaaalbt_s002_t000,calibration,1.0,canonicalized,0,-1.217174,0.229612,1.585767
aaaaalbz_s006_t000,calibration,1.0,canonicalized,1,8.160569,0.999569,4.599907
aaaaalid_s001_t001,calibration,1.0,canonicalized,0,2.608222,0.920114,1.845283
aaaaaljf_s001_t000,calibration,1.0,canonicalized,1,2.388844,0.903290,1.164038
aaaaaljj_s001_t000,calibration,1.0,canonicalized,0,-1.853119,0.139672,1.287985
aaaaallc_s001_t001,calibration,1.0,canonicalized,0,0.342518,0.569417,1.419859
aaaaalle_s002_t000,calibration,1.0,canonicalized,1,1.669162,0.824453,0.432080
aaaaalox_s001_t001,calibration,1.0,canonicalized,0,2.802370,0.932728,4.047310
aaaaalpv_s001_t000,calibration,1.0,canonicalized,0,0.543787,0.615796,1.266232
aaaaalqa_s001_t000,calibration,1.0,canonicalized,0,-0.799068,0.307659,1.278145
aaaaalqr_s001_t001,calibration,1.0,canonicalized,1,1.535631,0.805221,0.066830
aaaaalqs_s001_t001,calibration,1.0,canonicalized,0,-1.484137,0.187623,0.505615
aaaaalqx_s001_t000,calibration,1.0,canonicalized,0,-2.037021,0.119866,1.483972
aaaaalrc_s002_t000,calibration,1.0,canonicalized,1,15.201885,0.999999,2.388845
aaaaalsq_s001_t000,calibration,1.0,canonicalized,0,0.914565,0.695498,0.250569
aaaaalsx_s001_t000,calibration,1.0,canonicalized,1,-0.213218,0.437473,0.296427
aaaaalsx_s004_t001,calibration,1.0,canonicalized,1,0.284817,0.555853,0.195280
aaaaaluz_s001_t001,calibration,1.0,canonicalized,0,-0.883141,0.290821,0.268112
aaaaalvw_s001_t000,calibration,1.0,canonicalized,0,-2.935382,0.054583,0.480682
aaaaalvz_s001_t000,calibration,1.0,canonicalized,1,9.045036,0.999815,1.203491
aaaaalxk_s001_t000,calibration,1.0,canonicalized,0,0.542539,0.615514,0.574883
aaaaalyr_s001_t000,calibration,1.0,canonicalized,1,0.730295,0.656991,0.291253
aaaaalzk_s002_t001,calibration,1.0,canonicalized,1,8.150992,0.999565,6.231357
aaaaamcb_s001_t001,calibration,1.0,canonicalized,1,6.416230,0.997721,1.631436
aaaaamfe_s001_t001,calibration,1.0,canonicalized,0,0.937747,0.700167,0.781618
aaaaamft_s001_t001,calibration,1.0,canonicalized,1,2.819436,0.933744,0.292636
aaaaamfu_s001_t000,calibration,1.0,canonicalized,0,-0.692344,0.329791,0.400854
aaaaamhi_s001_t000,calibration,1.0,canonicalized,1,6.946845,0.998626,5.127158
aaaaamhk_s001_t000,calibration,1.0,canonicalized,1,2.396893,0.903960,0.403226
aaaaamjc_s001_t001,calibration,1.0,canonicalized,1,6.840351,0.998479,2.903263
aaaaammh_s001_t001,calibration,1.0,canonicalized,1,1.251437,0.759102,0.843015
aaaaamnq_s001_t000,calibration,1.0,canonicalized,1,4.891600,0.990294,6.905767
aaaaamnq_s002_t000,calibration,1.0,canonicalized,1,3.713823,0.970690,1.462515
aaaaamon_s001_t000,calibration,1.0,canonicalized,0,0.309210,0.561598,2.297999
aaaaampz_s001_t000,calibration,1.0,canonicalized,1,-0.226266,0.434408,1.780860
aaaaamrj_s001_t000,calibration,1.0,canonicalized,0,0.044718,0.498746,0.216798
aaaaamsc_s001_t000,calibration,1.0,canonicalized,1,3.520617,0.964957,0.293205
aaaaamtb_s001_t000,calibration,1.0,canonicalized,0,2.999773,0.943638,1.498086
aaaaamuc_s001_t000,calibration,1.0,canonicalized,0,-0.926477,0.282357,0.233524
aaaaamxn_s001_t000,calibration,1.0,canonicalized,1,0.843053,0.680839,0.207349
aaaaamyb_s001_t001,calibration,1.0,canonicalized,0,-1.089739,0.251851,1.774127
aaaaamye_s001_t000,calibration,1.0,canonicalized,1,8.673944,0.999736,3.176892
aaaaamzi_s001_t001,calibration,1.0,canonicalized,1,5.997363,0.996603,6.488073
aaaaamzl_s001_t000,calibration,1.0,canonicalized,0,-1.322974,0.212224,0.258329
aaaaamzx_s001_t000,calibration,1.0,canonicalized,0,-2.250402,0.099971,1.452763
aaaaanbq_s001_t000,calibration,1.0,canonicalized,0,-0.688299,0.330645,0.601318
aaaaanek_s001_t000,calibration,1.0,canonicalized,0,-2.104422,0.113237,0.263787
aaaaangp_s001_t000,calibration,1.0,canonicalized,0,-0.511488,0.369035,0.408012
aaaaanhb_s001_t003,calibration,1.0,canonicalized,1,3.570457,0.966532,3.742980
aaaaanhb_s003_t001,calibration,1.0,canonicalized,1,2.991965,0.943240,1.038366
aaaaanhb_s005_t000,calibration,1.0,canonicalized,1,3.857945,0.974363,2.063356
aaaaankf_s001_t000,calibration,1.0,canonicalized,1,4.264624,0.982472,0.832070
aaaaanlp_s001_t000,calibration,1.0,canonicalized,0,-0.495478,0.372603,0.630107
aaaaanmc_s001_t000,calibration,1.0,canonicalized,1,4.813454,0.989549,5.309390
aaaaanop_s001_t000,calibration,1.0,canonicalized,0,0.312518,0.562377,2.434319
aaaaanoz_s001_t000,calibration,1.0,canonicalized,1,-0.998508,0.268625,0.632905
aaaaanpr_s001_t002,calibration,1.0,canonicalized,1,1.490890,0.798430,1.462165
aaaaanqe_s001_t000,calibration,1.0,canonicalized,0,-1.699292,0.158282,0.786719
aaaaanro_s001_t000,calibration,1.0,canonicalized,1,3.086226,0.947873,1.678982
aaaaansj_s001_t000,calibration,1.0,canonicalized,1,1.682942,0.826350,2.244297
aaaaanta_s001_t000,calibration,1.0,canonicalized,1,5.228892,0.992948,5.381510
aaaaanum_s001_t000,calibration,1.0,canonicalized,0,-0.136362,0.455616,0.555793
aaaaanvb_s002_t000,calibration,1.0,canonicalized,0,-0.791884,0.309123,0.486388
aaaaanvg_s001_t002,calibration,1.0,canonicalized,0,2.038135,0.869812,0.807343
aaaaanvw_s001_t000,calibration,1.0,canonicalized,0,-1.977619,0.125983,0.992770
aaaaanwc_s001_t001,calibration,1.0,canonicalized,1,4.287176,0.982839,14.907016
aaaaanxl_s001_t000,calibration,1.0,canonicalized,1,4.588249,0.987073,3.893290
aaaaanyb_s001_t001,calibration,1.0,canonicalized,0,-0.731593,0.321557,0.049866
aaaaanyt_s002_t000,calibration,1.0,canonicalized,1,5.455431,0.994313,3.262507
aaaaanyw_s001_t000,calibration,1.0,canonicalized,1,2.720203,0.927632,0.431002
aaaaanyw_s002_t000,calibration,1.0,canonicalized,1,3.307925,0.957398,3.629027
aaaaanzh_s001_t000,calibration,1.0,canonicalized,1,-0.209888,0.438256,1.239038
aaaaanzu_s001_t003,calibration,1.0,canonicalized,1,2.741378,0.928979,1.736941
aaaaaoav_s001_t000,calibration,1.0,canonicalized,0,-0.576372,0.354723,0.522022
aaaaaoav_s002_t000,calibration,1.0,canonicalized,0,-1.212928,0.230330,0.729147
aaaaaobi_s001_t000,calibration,1.0,canonicalized,1,-0.104223,0.463241,0.517987
aaaaaobl_s001_t000,calibration,1.0,canonicalized,0,-1.254171,0.223420,0.826075
aaaaaoby_s001_t000,calibration,1.0,canonicalized,0,-0.194878,0.441789,1.178763
aaaaaoda_s001_t000,calibration,1.0,canonicalized,1,6.780187,0.998389,2.323711
aaaaaoeg_s001_t000,calibration,1.0,canonicalized,0,-0.539062,0.362922,0.306858
aaaaaofj_s001_t000,calibration,1.0,canonicalized,0,-0.260078,0.426489,1.271822
aaaaaofr_s001_t000,calibration,1.0,canonicalized,0,1.306857,0.768650,1.029020
aaaaaofz_s001_t000,calibration,1.0,canonicalized,0,-0.435995,0.385980,0.928248
aaaaaohb_s001_t000,calibration,1.0,canonicalized,1,4.320503,0.983368,0.556406
aaaaaohr_s002_t001,calibration,1.0,canonicalized,1,4.536330,0.986425,1.014671
aaaaaoiq_s001_t000,calibration,1.0,canonicalized,1,1.106155,0.732819,0.584342
aaaaaoiv_s001_t000,calibration,1.0,canonicalized,1,-0.019053,0.483522,0.324157
aaaaaoiv_s002_t001,calibration,1.0,canonicalized,1,8.574879,0.999710,1.524376
aaaaaoiv_s003_t003,calibration,1.0,canonicalized,1,7.899239,0.999446,1.052139
aaaaaojd_s001_t002,calibration,1.0,canonicalized,0,-0.136359,0.455617,1.376487
aaaaaokg_s001_t000,calibration,1.0,canonicalized,0,2.819275,0.933734,4.478116
aaaaaoly_s001_t000,calibration,1.0,canonicalized,0,-0.949816,0.277861,5.481781
aaaaaome_s001_t000,calibration,1.0,canonicalized,0,-1.110976,0.248048,0.363552
aaaaaomx_s001_t000,calibration,1.0,canonicalized,0,-0.728208,0.322263,0.298284
aaaaaomy_s001_t000,calibration,1.0,canonicalized,1,4.091975,0.979394,10.758736
aaaaaonb_s001_t000,calibration,1.0,canonicalized,0,0.179808,0.530969,0.464463
aaaaaons_s002_t002,calibration,1.0,canonicalized,1,2.293506,0.895036,0.295461
aaaaaopd_s001_t000,calibration,1.0,canonicalized,0,-2.390726,0.088540,2.008413
aaaaaopo_s001_t000,calibration,1.0,canonicalized,0,-0.783031,0.310932,0.880611
aaaaaora_s002_t000,calibration,1.0,canonicalized,1,1.663310,0.823643,0.789701
aaaaaord_s001_t000,calibration,1.0,canonicalized,1,1.019309,0.716265,0.767854
aaaaaosh_s001_t000,calibration,1.0,canonicalized,1,0.233400,0.543696,0.323000
aaaaaosw_s001_t000,calibration,1.0,canonicalized,0,0.077686,0.506619,2.446615
aaaaaote_s001_t000,calibration,1.0,canonicalized,0,-0.426077,0.388228,1.091849
aaaaaout_s001_t000,calibration,1.0,canonicalized,1,2.055377,0.871666,2.741817
aaaaaovl_s001_t000,calibration,1.0,canonicalized,1,5.040532,0.991570,0.593068
aaaaaovo_s001_t000,calibration,1.0,canonicalized,1,7.621795,0.999278,2.695930
aaaaaowb_s001_t000,calibration,1.0,canonicalized,0,-0.687242,0.330869,2.529089
aaaaaoxf_s001_t000,calibration,1.0,canonicalized,0,-0.922831,0.283063,0.349808
aaaaaozf_s001_t001,calibration,1.0,canonicalized,0,-0.272867,0.423504,2.115154
aaaaapag_s001_t000,calibration,1.0,canonicalized,0,-1.418413,0.197381,2.734477
aaaaapar_s001_t000,calibration,1.0,canonicalized,1,13.042362,0.999996,1.510152
aaaaapcb_s001_t000,calibration,1.0,canonicalized,0,0.568982,0.621475,0.316397
aaaaapcy_s001_t002,calibration,1.0,canonicalized,0,-1.238990,0.225946,0.955148
aaaaapdg_s001_t000,calibration,1.0,canonicalized,0,-1.184772,0.235133,0.111689
aaaaaphs_s001_t000,calibration,1.0,canonicalized,1,4.069074,0.978947,0.763813
aaaaaphw_s001_t000,calibration,1.0,canonicalized,0,2.015297,0.867321,0.880239
aaaaapij_s001_t000,calibration,1.0,canonicalized,0,-0.319576,0.412649,0.422338
aaaaapjc_s001_t001,calibration,1.0,canonicalized,0,-2.761115,0.063839,0.580944
aaaaapka_s001_t000,calibration,1.0,canonicalized,0,-0.975065,0.273047,0.739446
aaaaapkx_s001_t001,calibration,1.0,canonicalized,1,-0.908834,0.285785,2.947972
aaaaaply_s001_t001,calibration,1.0,canonicalized,1,4.457208,0.985374,4.246826
aaaaapmb_s002_t001,calibration,1.0,canonicalized,1,1.394273,0.783166,0.226553
aaaaapmp_s001_t000,calibration,1.0,canonicalized,1,0.666988,0.643236,0.293597
aaaaapnr_s001_t000,calibration,1.0,canonicalized,1,-1.250353,0.224054,1.226863
aaaaapoc_s001_t000,calibration,1.0,canonicalized,1,4.398945,0.984550,0.941767
aaaaapof_s001_t000,calibration,1.0,canonicalized,0,-1.514384,0.183258,0.740097
aaaaapoo_s001_t000,calibration,1.0,canonicalized,0,-1.224123,0.228440,3.166234
aaaaapoq_s001_t000,calibration,1.0,canonicalized,0,2.211343,0.887431,0.676148
aaaaappb_s001_t000,calibration,1.0,canonicalized,0,-0.662354,0.336153,0.560671
aaaaapqd_s001_t000,calibration,1.0,canonicalized,1,0.078374,0.506783,0.667183
aaaaapqv_s001_t000,calibration,1.0,canonicalized,0,-1.146661,0.241744,3.387255
aaaaapta_s001_t000,calibration,1.0,canonicalized,1,3.591076,0.967163,3.508519
aaaaapth_s001_t000,calibration,1.0,canonicalized,1,1.184044,0.747133,1.488908
aaaaapua_s001_t001,calibration,1.0,canonicalized,0,-2.980947,0.052380,0.355516
aaaaapuu_s001_t000,calibration,1.0,canonicalized,0,-1.359350,0.206472,0.210969
aaaaapvw_s001_t001,calibration,1.0,canonicalized,1,3.768576,0.972142,1.210025
aaaaapvy_s001_t000,calibration,1.0,canonicalized,1,1.299057,0.767322,1.943907
aaaaapwn_s001_t001,calibration,1.0,canonicalized,0,0.124566,0.517808,2.713241
aaaaapwo_s001_t001,calibration,1.0,canonicalized,1,7.954342,0.999475,0.569022
aaaaapxm_s001_t001,calibration,1.0,canonicalized,0,-1.334445,0.210397,0.235461
aaaaapys_s001_t001,calibration,1.0,canonicalized,1,12.732973,0.999995,0.551022
aaaaapys_s002_t001,calibration,1.0,canonicalized,1,9.225235,0.999844,2.348546
aaaaaayx_s002_t000,calibration,1.0,naive,0,0.259438,0.549860,1.537467
aaaaabdo_s003_t000,calibration,1.0,naive,1,4.764302,0.989052,0.891922
aaaaabsk_s007_t000,calibration,1.0,naive,1,-0.166123,0.448574,1.013222
aaaaabuv_s002_t000,calibration,1.0,naive,1,1.385090,0.781673,0.865343
aaaaacad_s003_t000,calibration,1.0,naive,0,0.884153,0.689310,0.523119
aaaaacby_s004_t000,calibration,1.0,naive,0,-0.360124,0.403293,0.110783
aaaaaddm_s006_t000,calibration,1.0,naive,1,3.171326,0.951747,1.362558
aaaaadeu_s002_t000,calibration,1.0,naive,1,2.382697,0.902776,0.818458
aaaaadjk_s002_t000,calibration,1.0,naive,0,-1.634244,0.166737,0.285513
aaaaadkb_s002_t000,calibration,1.0,naive,1,5.314657,0.993500,4.463954
aaaaadsm_s002_t001,calibration,1.0,naive,0,-1.972504,0.126522,0.373423
aaaaaeab_s003_t000,calibration,1.0,naive,0,-0.724962,0.322940,0.611119
aaaaaejc_s003_t001,calibration,1.0,naive,0,0.248151,0.547190,0.252646
aaaaaezn_s003_t001,calibration,1.0,naive,1,1.047730,0.721750,2.609178
aaaaafhl_s003_t000,calibration,1.0,naive,1,0.266080,0.551430,1.073223
aaaaagfk_s003_t000,calibration,1.0,naive,0,-1.158035,0.239758,0.355547
aaaaagsc_s003_t001,calibration,1.0,naive,1,3.521193,0.964976,7.339682
aaaaagsc_s006_t001,calibration,1.0,naive,1,-0.743236,0.319135,0.320958
aaaaaguk_s002_t001,calibration,1.0,naive,0,-2.620800,0.072333,0.538737
aaaaagvx_s002_t000,calibration,1.0,naive,1,0.427882,0.589287,1.261843
aaaaagvx_s003_t001,calibration,1.0,naive,1,1.162743,0.743270,0.607678
aaaaagyr_s002_t000,calibration,1.0,naive,1,-0.148431,0.452758,0.668946
aaaaahie_s005_t001,calibration,1.0,naive,1,3.191046,0.952604,0.247403
aaaaahsv_s002_t000,calibration,1.0,naive,0,-0.937605,0.280208,1.549538
aaaaahte_s002_t000,calibration,1.0,naive,1,6.221928,0.997257,2.096268
aaaaahte_s003_t000,calibration,1.0,naive,1,5.018820,0.991395,1.840629
aaaaahuy_s002_t000,calibration,1.0,naive,1,-1.257940,0.222796,0.115080
aaaaahzi_s001_t000,calibration,1.0,naive,0,-0.357750,0.403839,0.148016
aaaaahzm_s001_t001,calibration,1.0,naive,0,-0.070701,0.471213,0.126486
aaaaahzq_s001_t000,calibration,1.0,naive,0,-3.025581,0.050303,0.299667
aaaaahzs_s001_t001,calibration,1.0,naive,0,-0.019276,0.483468,0.590157
aaaaaiae_s001_t000,calibration,1.0,naive,0,0.028499,0.494872,1.247415
aaaaaibx_s001_t000,calibration,1.0,naive,0,-0.651142,0.338548,0.377323
aaaaaiby_s001_t000,calibration,1.0,naive,0,-0.420683,0.389452,1.298074
aaaaaici_s001_t000,calibration,1.0,naive,0,-2.092933,0.114344,0.922865
aaaaaicn_s001_t000,calibration,1.0,naive,0,-0.119056,0.459720,1.295783
aaaaaijh_s002_t000,calibration,1.0,naive,1,-3.255141,0.040802,0.393842
aaaaaijn_s001_t001,calibration,1.0,naive,0,-0.514040,0.368467,0.365014
aaaaairb_s001_t001,calibration,1.0,naive,0,1.160960,0.742944,0.244822
aaaaairo_s001_t000,calibration,1.0,naive,0,-1.931747,0.130888,1.162351
aaaaaitt_s001_t000,calibration,1.0,naive,0,-1.703832,0.157705,0.682537
aaaaaiue_s004_t000,calibration,1.0,naive,1,0.564991,0.620577,0.744020
aaaaaiuo_s002_t000,calibration,1.0,naive,0,0.923420,0.697286,0.479817
aaaaaiwz_s001_t001,calibration,1.0,naive,0,-1.398084,0.200475,0.217119
aaaaaiyy_s001_t001,calibration,1.0,naive,0,-1.857639,0.139153,1.239879
aaaaaizd_s001_t001,calibration,1.0,naive,0,-0.226350,0.434388,1.091566
aaaaaizs_s001_t000,calibration,1.0,naive,0,0.661451,0.642021,0.177901
aaaaajae_s001_t001,calibration,1.0,naive,0,1.016271,0.715675,1.015525
aaaaajah_s002_t001,calibration,1.0,naive,1,0.755708,0.662441,0.689615
aaaaajah_s004_t000,calibration,1.0,naive,1,-0.874566,0.292513,1.835273
aaaaajal_s001_t001,calibration,1.0,naive,0,-2.181288,0.106071,0.734467
aaaaajam_s001_t000,calibration,1.0,naive,1,-0.790242,0.309458,0.175619
aaaaajar_s001_t001,calibration,1.0,naive,0,-0.969820,0.274043,0.493864
aaaaajbb_s001_t000,calibration,1.0,naive,0,1.338423,0.773969,1.095950
aaaaajbh_s002_t000,calibration,1.0,naive,0,-0.697518,0.328699,1.132276
aaaaajce_s001_t000,calibration,1.0,naive,0,-0.660729,0.336500,0.395907
aaaaajci_s001_t000,calibration,1.0,naive,0,-0.922001,0.283224,0.151318
aaaaajck_s001_t000,calibration,1.0,naive,0,-1.229793,0.227487,0.600376
aaaaajct_s001_t000,calibration,1.0,naive,0,0.737702,0.658584,0.730950
aaaaajcu_s001_t000,calibration,1.0,naive,0,-0.615962,0.346114,0.905828
aaaaajda_s001_t000,calibration,1.0,naive,0,-1.748684,0.152096,0.408631
aaaaajdb_s001_t000,calibration,1.0,naive,0,-1.188670,0.234464,1.350209
aaaaajdv_s001_t000,calibration,1.0,naive,0,0.536180,0.614076,1.838099
aaaaajdy_s001_t000,calibration,1.0,naive,0,-2.052490,0.118315,0.295634
aaaaajdz_s001_t000,calibration,1.0,naive,0,-0.126923,0.457854,0.487970
aaaaajea_s001_t000,calibration,1.0,naive,0,1.896718,0.853735,1.392969
aaaaajen_s001_t000,calibration,1.0,naive,0,-0.442470,0.384515,0.499945
aaaaajey_s001_t000,calibration,1.0,naive,0,-0.098021,0.464715,0.298429
aaaaajfb_s001_t000,calibration,1.0,naive,0,-2.543412,0.077454,2.376052
aaaaajfe_s001_t000,calibration,1.0,naive,0,-1.541949,0.179350,0.363350
aaaaajff_s001_t000,calibration,1.0,naive,0,-2.663576,0.069639,0.727772
aaaaajfi_s001_t001,calibration,1.0,naive,0,-0.476018,0.376959,0.327582
aaaaajfn_s001_t001,calibration,1.0,naive,0,-1.223049,0.228621,0.354979
aaaaajfy_s001_t000,calibration,1.0,naive,0,-1.643535,0.165508,0.248926
aaaaajga_s001_t001,calibration,1.0,naive,0,1.104997,0.732603,2.093364
aaaaajhy_s001_t000,calibration,1.0,naive,0,-1.684405,0.160186,0.275461
aaaaajit_s001_t001,calibration,1.0,naive,0,-1.760280,0.150673,1.020034
aaaaajiu_s001_t000,calibration,1.0,naive,0,1.752863,0.835727,2.520139
aaaaajiy_s001_t001,calibration,1.0,naive,0,-0.439704,0.385140,0.559666
aaaaajiz_s001_t000,calibration,1.0,naive,0,-0.382545,0.398149,0.820009
aaaaajjb_s001_t001,calibration,1.0,naive,0,0.183585,0.531867,0.315207
aaaaajje_s001_t000,calibration,1.0,naive,0,-1.164298,0.238669,0.488138
aaaaajjk_s001_t000,calibration,1.0,naive,0,-0.600512,0.349462,0.812793
aaaaajna_s001_t000,calibration,1.0,naive,0,-1.874159,0.137274,0.484856
aaaaajnu_s001_t000,calibration,1.0,naive,0,-1.909332,0.133343,0.694620
aaaaajon_s001_t000,calibration,1.0,naive,0,-0.251760,0.428434,2.142741
aaaaajoo_s002_t001,calibration,1.0,naive,1,-0.385188,0.397545,0.448835
aaaaajpg_s001_t001,calibration,1.0,naive,0,-1.601447,0.171136,0.710577
aaaaajqh_s004_t000,calibration,1.0,naive,1,4.202193,0.981415,1.018499
aaaaajqk_s003_t001,calibration,1.0,naive,1,2.942743,0.940669,0.704461
aaaaajrf_s001_t000,calibration,1.0,naive,1,7.731043,0.999350,2.882325
aaaaajrf_s002_t000,calibration,1.0,naive,1,10.661612,0.999960,1.609086
aaaaajrf_s003_t002,calibration,1.0,naive,1,8.235942,0.999599,3.505536
aaaaajrf_s004_t000,calibration,1.0,naive,1,2.039382,0.869947,0.556459
aaaaajso_s001_t000,calibration,1.0,naive,1,5.086911,0.991932,0.922090
aaaaajtg_s001_t000,calibration,1.0,naive,0,-0.292257,0.418988,1.535614
aaaaajtu_s001_t000,calibration,1.0,naive,0,-0.355983,0.404246,0.427811
aaaaajuh_s001_t000,calibration,1.0,naive,1,4.777303,0.989186,5.368414
aaaaajun_s001_t000,calibration,1.0,naive,0,1.847304,0.847741,0.770489
aaaaajvh_s001_t001,calibration,1.0,naive,0,-0.443271,0.384334,0.934241
aaaaajxp_s001_t000,calibration,1.0,naive,0,-0.520828,0.366959,0.424807
aaaaakck_s001_t001,calibration,1.0,naive,1,1.871648,0.850719,0.510749
aaaaakcx_s001_t001,calibration,1.0,naive,1,6.888718,0.998548,2.982111
aaaaakcy_s005_t001,calibration,1.0,naive,1,5.467554,0.994378,1.700116
aaaaakdj_s001_t000,calibration,1.0,naive,1,1.597946,0.814389,0.803577
aaaaakdo_s001_t000,calibration,1.0,naive,1,0.825749,0.677237,0.557997
aaaaakeq_s001_t000,calibration,1.0,naive,1,2.723152,0.927821,2.257303
aaaaakeq_s002_t000,calibration,1.0,naive,1,1.970343,0.862301,0.892601
aaaaakeq_s003_t000,calibration,1.0,naive,1,2.853708,0.935741,3.069122
aaaaakev_s001_t001,calibration,1.0,naive,1,9.846857,0.999914,7.954547
aaaaakev_s002_t000,calibration,1.0,naive,1,9.150637,0.999832,4.805042
aaaaakft_s001_t000,calibration,1.0,naive,0,-1.801236,0.145734,0.207993
aaaaakgp_s001_t001,calibration,1.0,naive,0,0.972354,0.707061,1.937388
aaaaakgu_s001_t000,calibration,1.0,naive,1,-0.594243,0.350825,0.147354
aaaaakjk_s002_t002,calibration,1.0,naive,1,1.448948,0.791905,0.305418
aaaaakjk_s003_t000,calibration,1.0,naive,1,2.087356,0.875044,0.902627
aaaaakka_s001_t001,calibration,1.0,naive,0,-0.957021,0.276482,0.786641
aaaaakmg_s003_t001,calibration,1.0,naive,1,4.219850,0.981720,0.764835
aaaaakmh_s001_t000,calibration,1.0,naive,1,0.332401,0.567046,2.806503
aaaaaknt_s001_t000,calibration,1.0,naive,1,0.692695,0.648852,1.162571
aaaaakoo_s001_t001,calibration,1.0,naive,1,8.167262,0.999571,1.292866
aaaaakqg_s001_t001,calibration,1.0,naive,0,-0.302647,0.416574,1.028716
aaaaakqr_s001_t000,calibration,1.0,naive,0,-0.595599,0.350530,0.460716
aaaaakrt_s001_t001,calibration,1.0,naive,1,4.151970,0.980519,0.955933
aaaaakrt_s002_t001,calibration,1.0,naive,1,4.264186,0.982465,2.530360
aaaaaksb_s001_t000,calibration,1.0,naive,0,-1.664450,0.162767,0.270951
aaaaaksu_s001_t001,calibration,1.0,naive,0,0.038147,0.497176,0.732884
aaaaakxz_s001_t001,calibration,1.0,naive,1,0.409333,0.584992,0.116834
aaaaakxz_s002_t001,calibration,1.0,naive,1,1.790767,0.840638,1.779208
aaaaalaf_s001_t000,calibration,1.0,naive,0,-1.409891,0.198674,0.245394
aaaaalau_s001_t000,calibration,1.0,naive,1,2.062694,0.872445,0.701135
aaaaalbh_s001_t000,calibration,1.0,naive,1,2.835412,0.934682,5.098412
aaaaalbt_s001_t001,calibration,1.0,naive,0,-0.401422,0.393836,0.701902
aaaaalbt_s002_t000,calibration,1.0,naive,0,-1.220892,0.228984,1.686992
aaaaalbz_s006_t000,calibration,1.0,naive,1,5.584250,0.994968,3.623165
aaaaalid_s001_t001,calibration,1.0,naive,0,1.966415,0.861855,0.767136
aaaaaljf_s001_t000,calibration,1.0,naive,1,1.972177,0.862509,1.168965
aaaaaljj_s001_t000,calibration,1.0,naive,0,-1.874308,0.137257,1.031623
aaaaallc_s001_t001,calibration,1.0,naive,0,0.267096,0.551670,1.102623
aaaaalle_s002_t000,calibration,1.0,naive,1,1.747820,0.835065,0.538737
aaaaalox_s001_t001,calibration,1.0,naive,0,2.793996,0.932224,3.649033
aaaaalpv_s001_t000,calibration,1.0,naive,0,0.560108,0.619478,1.260257
aaaaalqa_s001_t000,calibration,1.0,naive,0,-0.761408,0.315375,0.876387
aaaaalqr_s001_t001,calibration,1.0,naive,1,0.252117,0.548128,0.062614
aaaaalqs_s001_t001,calibration,1.0,naive,0,-0.993743,0.269520,0.552709
aaaaalqx_s001_t000,calibration,1.0,naive,0,-2.162601,0.107775,0.667484
aaaaalrc_s002_t000,calibration,1.0,naive,1,11.386476,0.999980,1.033586
aaaaalsq_s001_t000,calibration,1.0,naive,0,0.978462,0.708268,0.295802
aaaaalsx_s001_t000,calibration,1.0,naive,1,-0.322831,0.411895,0.289818
aaaaalsx_s004_t001,calibration,1.0,naive,1,0.018364,0.492452,0.269656
aaaaaluz_s001_t001,calibration,1.0,naive,0,-1.081457,0.253345,0.148251
aaaaalvw_s001_t000,calibration,1.0,naive,0,-3.173842,0.043952,0.611889
aaaaalvz_s001_t000,calibration,1.0,naive,1,7.899566,0.999447,1.670884
aaaaalxk_s001_t000,calibration,1.0,naive,0,0.269851,0.552321,0.369342
aaaaalyr_s001_t000,calibration,1.0,naive,1,0.165493,0.527562,0.448692
aaaaalzk_s002_t001,calibration,1.0,naive,1,7.650886,0.999298,8.170528
aaaaamcb_s001_t001,calibration,1.0,naive,1,6.096673,0.996910,1.161162
aaaaamfe_s001_t001,calibration,1.0,naive,0,0.499742,0.605794,0.859594
aaaaamft_s001_t001,calibration,1.0,naive,1,-0.124527,0.458422,0.080211
aaaaamfu_s001_t000,calibration,1.0,naive,0,0.701701,0.650809,0.288288
aaaaamhi_s001_t000,calibration,1.0,naive,1,6.783562,0.998394,5.018263
aaaaamhk_s001_t000,calibration,1.0,naive,1,2.494836,0.911781,0.419152
aaaaamjc_s001_t001,calibration,1.0,naive,1,5.910559,0.996311,5.124053
aaaaammh_s001_t001,calibration,1.0,naive,1,1.464058,0.794273,0.960818
aaaaamnq_s001_t000,calibration,1.0,naive,1,3.984973,0.977226,5.273441
aaaaamnq_s002_t000,calibration,1.0,naive,1,3.498711,0.964243,1.053710
aaaaamon_s001_t000,calibration,1.0,naive,0,0.227534,0.542305,1.710042
aaaaampz_s001_t000,calibration,1.0,naive,1,0.045843,0.499014,1.222949
aaaaamrj_s001_t000,calibration,1.0,naive,0,0.052372,0.500574,0.190356
aaaaamsc_s001_t000,calibration,1.0,naive,1,3.462078,0.963016,0.194856
aaaaamtb_s001_t000,calibration,1.0,naive,0,2.910408,0.938922,1.672316
aaaaamuc_s001_t000,calibration,1.0,naive,0,-1.230827,0.227313,0.165994
aaaaamxn_s001_t000,calibration,1.0,naive,1,0.601305,0.628711,0.298122
aaaaamyb_s001_t001,calibration,1.0,naive,0,-0.740440,0.319716,1.328329
aaaaamye_s001_t000,calibration,1.0,naive,1,7.738547,0.999355,4.369232
aaaaamzi_s001_t001,calibration,1.0,naive,1,4.330215,0.983519,2.560449
aaaaamzl_s001_t000,calibration,1.0,naive,0,-1.321081,0.212526,0.235260
aaaaamzx_s001_t000,calibration,1.0,naive,0,-1.847599,0.140306,1.458942
aaaaanbq_s001_t000,calibration,1.0,naive,0,-0.211860,0.437792,0.593861
aaaaanek_s001_t000,calibration,1.0,naive,0,-2.407720,0.087238,0.113115
aaaaangp_s001_t000,calibration,1.0,naive,0,-0.582782,0.353322,0.703611
aaaaanhb_s001_t003,calibration,1.0,naive,1,2.461246,0.909166,3.269174
aaaaanhb_s003_t001,calibration,1.0,naive,1,2.558575,0.916558,0.892739
aaaaanhb_s005_t000,calibration,1.0,naive,1,2.787116,0.931808,2.641728
aaaaankf_s001_t000,calibration,1.0,naive,1,4.221239,0.981744,0.968671
aaaaanlp_s001_t000,calibration,1.0,naive,0,-0.386481,0.397249,0.495914
aaaaanmc_s001_t000,calibration,1.0,naive,1,4.477250,0.985648,4.984333
aaaaanop_s001_t000,calibration,1.0,naive,0,0.686277,0.647454,1.662405
aaaaanoz_s001_t000,calibration,1.0,naive,1,-0.643259,0.340236,0.587093
aaaaanpr_s001_t002,calibration,1.0,naive,1,1.310485,0.769266,1.584388
aaaaanqe_s001_t000,calibration,1.0,naive,0,-2.132624,0.110560,0.991205
aaaaanro_s001_t000,calibration,1.0,naive,1,2.888012,0.937683,1.258759
aaaaansj_s001_t000,calibration,1.0,naive,1,1.234368,0.756107,1.161623
aaaaanta_s001_t000,calibration,1.0,naive,1,5.069870,0.991801,5.471275
aaaaanum_s001_t000,calibration,1.0,naive,0,-0.244312,0.430177,0.550113
aaaaanvb_s002_t000,calibration,1.0,naive,0,-0.943966,0.278984,0.480453
aaaaanvg_s001_t002,calibration,1.0,naive,0,1.665253,0.823912,0.627939
aaaaanvw_s001_t000,calibration,1.0,naive,0,-1.789259,0.147164,0.740988
aaaaanwc_s001_t001,calibration,1.0,naive,1,4.164387,0.980744,15.873977
aaaaanxl_s001_t000,calibration,1.0,naive,1,4.148382,0.980453,2.802577
aaaaanyb_s001_t001,calibration,1.0,naive,0,-0.361808,0.402906,0.093370
aaaaanyt_s002_t000,calibration,1.0,naive,1,1.989989,0.864514,0.873208
aaaaanyw_s001_t000,calibration,1.0,naive,1,2.408546,0.904922,0.650690
aaaaanyw_s002_t000,calibration,1.0,naive,1,3.276173,0.956144,3.792383
aaaaanzh_s001_t000,calibration,1.0,naive,1,-0.221614,0.435500,1.290019
aaaaanzu_s001_t003,calibration,1.0,naive,1,2.437669,0.907289,1.416945
aaaaaoav_s001_t000,calibration,1.0,naive,0,-0.069864,0.471412,0.885342
aaaaaoav_s002_t000,calibration,1.0,naive,0,-1.238963,0.225951,0.671341
aaaaaobi_s001_t000,calibration,1.0,naive,1,-0.113470,0.461046,0.359401
aaaaaobl_s001_t000,calibration,1.0,naive,0,-0.553113,0.359825,0.476872
aaaaaoby_s001_t000,calibration,1.0,naive,0,-0.197629,0.441141,1.030088
aaaaaoda_s001_t000,calibration,1.0,naive,1,6.610022,0.998105,1.804795
aaaaaoeg_s001_t000,calibration,1.0,naive,0,-0.458080,0.380992,0.507943
aaaaaofj_s001_t000,calibration,1.0,naive,0,-0.491745,0.373437,0.898291
aaaaaofr_s001_t000,calibration,1.0,naive,0,1.555729,0.808215,1.004887
aaaaaofz_s001_t000,calibration,1.0,naive,0,-0.366775,0.401765,0.754430
aaaaaohb_s001_t000,calibration,1.0,naive,1,3.744135,0.971503,0.405798
aaaaaohr_s002_t001,calibration,1.0,naive,1,4.592732,0.987127,0.826864
aaaaaoiq_s001_t000,calibration,1.0,naive,1,1.315038,0.770037,0.789180
aaaaaoiv_s001_t000,calibration,1.0,naive,1,0.296325,0.558566,0.210626
aaaaaoiv_s002_t001,calibration,1.0,naive,1,8.337724,0.999636,1.380832
aaaaaoiv_s003_t003,calibration,1.0,naive,1,7.158380,0.998877,0.481538
aaaaaojd_s001_t002,calibration,1.0,naive,0,-0.872562,0.292909,0.526418
aaaaaokg_s001_t000,calibration,1.0,naive,0,2.296682,0.895321,4.043159
aaaaaoly_s001_t000,calibration,1.0,naive,0,-1.097572,0.250444,5.021075
aaaaaome_s001_t000,calibration,1.0,naive,0,-1.292990,0.217052,0.424157
aaaaaomx_s001_t000,calibration,1.0,naive,0,-0.926944,0.282267,0.362669
aaaaaomy_s001_t000,calibration,1.0,naive,1,3.894292,0.975217,8.524646
aaaaaonb_s001_t000,calibration,1.0,naive,0,0.305590,0.560747,0.359983
aaaaaons_s002_t002,calibration,1.0,naive,1,2.361995,0.901026,0.275478
aaaaaopd_s001_t000,calibration,1.0,naive,0,-2.174489,0.106688,1.838756
aaaaaopo_s001_t000,calibration,1.0,naive,0,-0.730818,0.321718,0.614649
aaaaaora_s002_t000,calibration,1.0,naive,1,1.518309,0.802613,0.703098
aaaaaord_s001_t000,calibration,1.0,naive,1,1.109916,0.733522,0.714182
aaaaaosh_s001_t000,calibration,1.0,naive,1,-0.067684,0.471931,0.386913
aaaaaosw_s001_t000,calibration,1.0,naive,0,0.254565,0.548708,1.825075
aaaaaote_s001_t000,calibration,1.0,naive,0,-0.583211,0.353228,1.006314
aaaaaout_s001_t000,calibration,1.0,naive,1,1.753374,0.835794,1.596090
aaaaaovl_s001_t000,calibration,1.0,naive,1,5.475205,0.994419,0.433938
aaaaaovo_s001_t000,calibration,1.0,naive,1,7.048814,0.998753,4.919324
aaaaaowb_s001_t000,calibration,1.0,naive,0,-0.361339,0.403014,2.756363
aaaaaoxf_s001_t000,calibration,1.0,naive,0,-0.646874,0.339462,0.315155
aaaaaozf_s001_t001,calibration,1.0,naive,0,-0.055512,0.474830,2.175953
aaaaapag_s001_t000,calibration,1.0,naive,0,-1.589704,0.172733,2.321281
aaaaapar_s001_t000,calibration,1.0,naive,1,12.124168,0.999990,0.825898
aaaaapcb_s001_t000,calibration,1.0,naive,0,0.901623,0.692873,1.151341
aaaaapcy_s001_t002,calibration,1.0,naive,0,-1.389121,0.201851,0.708332
aaaaapdg_s001_t000,calibration,1.0,naive,0,-1.165733,0.238420,0.124513
aaaaaphs_s001_t000,calibration,1.0,naive,1,3.656172,0.969082,0.383756
aaaaaphw_s001_t000,calibration,1.0,naive,0,2.130971,0.879529,0.810370
aaaaapij_s001_t000,calibration,1.0,naive,0,-0.196994,0.441291,0.377390
aaaaapjc_s001_t001,calibration,1.0,naive,0,-2.365613,0.090495,0.541451
aaaaapka_s001_t000,calibration,1.0,naive,0,-0.703395,0.327461,0.908598
aaaaapkx_s001_t001,calibration,1.0,naive,1,-1.111954,0.247874,1.496313
aaaaaply_s001_t001,calibration,1.0,naive,1,4.345835,0.983759,5.537786
aaaaapmb_s002_t001,calibration,1.0,naive,1,0.518435,0.610051,0.275250
aaaaapmp_s001_t000,calibration,1.0,naive,1,0.380398,0.578266,0.365395
aaaaapnr_s001_t000,calibration,1.0,naive,1,-1.016608,0.265241,1.103886
aaaaapoc_s001_t000,calibration,1.0,naive,1,3.888606,0.975085,0.540985
aaaaapof_s001_t000,calibration,1.0,naive,0,-1.498693,0.185512,0.691215
aaaaapoo_s001_t000,calibration,1.0,naive,0,-1.006041,0.267213,3.385236
aaaaapoq_s001_t000,calibration,1.0,naive,0,2.360957,0.900938,0.625586
aaaaappb_s001_t000,calibration,1.0,naive,0,-0.169425,0.447794,0.535228
aaaaapqd_s001_t000,calibration,1.0,naive,1,-0.861517,0.295100,0.557450
aaaaapqv_s001_t000,calibration,1.0,naive,0,-0.850834,0.297227,3.269572
aaaaapta_s001_t000,calibration,1.0,naive,1,3.317927,0.957786,4.400640
aaaaapth_s001_t000,calibration,1.0,naive,1,0.382217,0.578690,1.354687
aaaaapua_s001_t001,calibration,1.0,naive,0,-2.838488,0.059561,0.338271
aaaaapuu_s001_t000,calibration,1.0,naive,0,-2.016843,0.121914,0.083140
aaaaapvw_s001_t001,calibration,1.0,naive,1,3.293066,0.956816,1.132276
aaaaapvy_s001_t000,calibration,1.0,naive,1,-0.244058,0.430237,1.169244
aaaaapwn_s001_t001,calibration,1.0,naive,0,0.235384,0.544166,2.484404
aaaaapwo_s001_t001,calibration,1.0,naive,1,7.355749,0.999070,0.278469
aaaaapxm_s001_t001,calibration,1.0,naive,0,-1.158138,0.239740,0.293055
aaaaapys_s001_t001,calibration,1.0,naive,1,11.937935,0.999988,0.661669
aaaaapys_s002_t001,calibration,1.0,naive,1,8.540462,0.999700,2.612931
aaaaaayx_s002_t000,calibration,1.5,canonicalized,0,0.202163,0.536284,1.642173
aaaaabdo_s003_t000,calibration,1.5,canonicalized,1,5.570972,0.994904,1.519576
aaaaabsk_s007_t000,calibration,1.5,canonicalized,1,0.466332,0.598147,1.003644
aaaaabuv_s002_t000,calibration,1.5,canonicalized,1,1.567407,0.809938,0.973346
aaaaacad_s003_t000,calibration,1.5,canonicalized,0,0.920187,0.696634,0.656865
aaaaacby_s004_t000,calibration,1.5,canonicalized,0,-0.628377,0.343435,0.121225
aaaaaddm_s006_t000,calibration,1.5,canonicalized,1,3.401071,0.960883,1.421170
aaaaadeu_s002_t000,calibration,1.5,canonicalized,1,3.101624,0.948595,0.939369
aaaaadjk_s002_t000,calibration,1.5,canonicalized,0,-1.790133,0.147060,0.233022
aaaaadkb_s002_t000,calibration,1.5,canonicalized,1,5.106069,0.992077,4.721414
aaaaadsm_s002_t001,calibration,1.5,canonicalized,0,-2.176290,0.106524,0.376223
aaaaaeab_s003_t000,calibration,1.5,canonicalized,0,-0.374908,0.399899,0.664533
aaaaaejc_s003_t001,calibration,1.5,canonicalized,0,0.676842,0.645393,0.331705
aaaaaezn_s003_t001,calibration,1.5,canonicalized,1,0.831911,0.678522,3.650902
aaaaafhl_s003_t000,calibration,1.5,canonicalized,1,0.402633,0.583437,2.241668
aaaaagfk_s003_t000,calibration,1.5,canonicalized,0,-1.382797,0.202826,0.301257
aaaaagsc_s003_t001,calibration,1.5,canonicalized,1,3.546321,0.965778,7.912055
aaaaagsc_s006_t001,calibration,1.5,canonicalized,1,-0.876644,0.292103,0.437634
aaaaaguk_s002_t001,calibration,1.5,canonicalized,0,-2.477490,0.082075,0.304204
aaaaagvx_s002_t000,calibration,1.5,canonicalized,1,0.601686,0.628796,1.358583
aaaaagvx_s003_t001,calibration,1.5,canonicalized,1,1.081486,0.728180,0.671922
aaaaagyr_s002_t000,calibration,1.5,canonicalized,1,-0.203167,0.439838,0.681326
aaaaahie_s005_t001,calibration,1.5,canonicalized,1,5.349893,0.993713,0.285955
aaaaahsv_s002_t000,calibration,1.5,canonicalized,0,-0.817053,0.304012,1.980551
aaaaahte_s002_t000,calibration,1.5,canonicalized,1,6.416469,0.997721,2.407060
aaaaahte_s003_t000,calibration,1.5,canonicalized,1,5.314001,0.993495,1.620028
aaaaahuy_s002_t000,calibration,1.5,canonicalized,1,-1.593876,0.172164,0.189931
aaaaahzi_s001_t000,calibration,1.5,canonicalized,0,0.301449,0.559772,0.291736
aaaaahzm_s001_t001,calibration,1.5,canonicalized,0,-0.182103,0.444801,0.068058
aaaaahzq_s001_t000,calibration,1.5,canonicalized,0,-3.237618,0.041462,0.593027
aaaaahzs_s001_t001,calibration,1.5,canonicalized,0,0.143496,0.522322,0.316850
aaaaaiae_s001_t000,calibration,1.5,canonicalized,0,0.179420,0.530877,0.642829
aaaaaibx_s001_t000,calibration,1.5,canonicalized,0,-0.691284,0.330014,0.649524
aaaaaiby_s001_t000,calibration,1.5,canonicalized,0,-0.703419,0.327456,1.452205
aaaaaici_s001_t000,calibration,1.5,canonicalized,0,-1.954443,0.128441,3.342305
aaaaaicn_s001_t000,calibration,1.5,canonicalized,0,0.227927,0.542398,0.471091
aaaaaijh_s002_t000,calibration,1.5,canonicalized,1,-3.162492,0.044410,0.411467
aaaaaijn_s001_t001,calibration,1.5,canonicalized,0,-0.886178,0.290223,0.291200
aaaaairb_s001_t001,calibration,1.5,canonicalized,0,1.217658,0.753152,0.274316
aaaaairo_s001_t000,calibration,1.5,canonicalized,0,-1.994754,0.124191,0.892777
aaaaaitt_s001_t000,calibration,1.5,canonicalized,0,-1.512873,0.183474,1.047240
aaaaaiue_s004_t000,calibration,1.5,canonicalized,1,0.697872,0.649978,0.865448
aaaaaiuo_s002_t000,calibration,1.5,canonicalized,0,0.841922,0.680605,0.467867
aaaaaiwz_s001_t001,calibration,1.5,canonicalized,0,-1.336317,0.210100,0.138055
aaaaaiyy_s001_t001,calibration,1.5,canonicalized,0,-1.772040,0.149241,1.427136
aaaaaizd_s001_t001,calibration,1.5,canonicalized,0,-0.025031,0.482096,1.350425
aaaaaizs_s001_t000,calibration,1.5,canonicalized,0,0.690077,0.648282,0.412180
aaaaajae_s001_t001,calibration,1.5,canonicalized,0,2.389382,0.903335,0.911855
aaaaajah_s002_t001,calibration,1.5,canonicalized,1,0.509990,0.608130,0.731785
aaaaajah_s004_t000,calibration,1.5,canonicalized,1,-0.429134,0.387535,1.515449
aaaaajal_s001_t001,calibration,1.5,canonicalized,0,-2.031127,0.120461,0.634485
aaaaajam_s001_t000,calibration,1.5,canonicalized,1,-1.025419,0.263604,0.247767
aaaaajar_s001_t001,calibration,1.5,canonicalized,0,-1.044000,0.260173,0.472024
aaaaajbb_s001_t000,calibration,1.5,canonicalized,0,1.251705,0.759149,1.365101
aaaaajbh_s002_t000,calibration,1.5,canonicalized,0,-1.078770,0.253831,0.315369
aaaaajce_s001_t000,calibration,1.5,canonicalized,0,-0.805774,0.306296,0.469460
aaaaajci_s001_t000,calibration,1.5,canonicalized,0,-0.421266,0.389320,0.143159
aaaaajck_s001_t000,calibration,1.5,canonicalized,0,-1.758809,0.150853,0.474717
aaaaajct_s001_t000,calibration,1.5,canonicalized,0,0.587664,0.625664,0.800045
aaaaajcu_s001_t000,calibration,1.5,canonicalized,0,-0.889157,0.289637,0.830782
aaaaajda_s001_t000,calibration,1.5,canonicalized,0,-2.269229,0.098364,0.497424
aaaaajdb_s001_t000,calibration,1.5,canonicalized,0,-1.153222,0.240597,1.411810
aaaaajdv_s001_t000,calibration,1.5,canonicalized,0,0.641751,0.637685,2.228801
aaaaajdy_s001_t000,calibration,1.5,canonicalized,0,-2.030658,0.120508,0.355313
aaaaajdz_s001_t000,calibration,1.5,canonicalized,0,-0.080660,0.468843,0.569957
aaaaajea_s001_t000,calibration,1.5,canonicalized,0,1.878370,0.851532,1.592921
aaaaajen_s001_t000,calibration,1.5,canonicalized,0,-0.930246,0.281628,0.385487
aaaaajey_s001_t000,calibration,1.5,canonicalized,0,-0.152632,0.451764,0.401422
aaaaajfb_s001_t000,calibration,1.5,canonicalized,0,-2.408087,0.087210,3.021742
aaaaajfe_s001_t000,calibration,1.5,canonicalized,0,-1.324898,0.211916,0.745721
aaaaajff_s001_t000,calibration,1.5,canonicalized,0,-2.362384,0.090749,0.773907
aaaaajfi_s001_t001,calibration,1.5,canonicalized,0,-0.746569,0.318444,0.317286
aaaaajfn_s001_t001,calibration,1.5,canonicalized,0,-1.466024,0.190274,0.715623
aaaaajfy_s001_t000,calibration,1.5,canonicalized,0,-1.751884,0.151702,0.444820
aaaaajga_s001_t001,calibration,1.5,canonicalized,0,1.054704,0.723086,2.370028
aaaaajhy_s001_t000,calibration,1.5,canonicalized,0,-2.489178,0.081238,0.889818
aaaaajit_s001_t001,calibration,1.5,canonicalized,0,-1.823319,0.143128,1.127521
aaaaajiu_s001_t000,calibration,1.5,canonicalized,0,1.724830,0.832018,2.163824
aaaaajiy_s001_t001,calibration,1.5,canonicalized,0,-0.635794,0.341839,0.775515
aaaaajiz_s001_t000,calibration,1.5,canonicalized,0,-0.346995,0.406315,0.867960
aaaaajjb_s001_t001,calibration,1.5,canonicalized,0,-0.342664,0.407313,0.667355
aaaaajje_s001_t000,calibration,1.5,canonicalized,0,-1.329030,0.211258,0.672727
aaaaajjk_s001_t000,calibration,1.5,canonicalized,0,-0.720697,0.323832,1.110036
aaaaajna_s001_t000,calibration,1.5,canonicalized,0,-2.293241,0.096349,0.582391
aaaaajnu_s001_t000,calibration,1.5,canonicalized,0,-2.166102,0.107454,0.822408
aaaaajon_s001_t000,calibration,1.5,canonicalized,0,-0.446478,0.383609,2.457407
aaaaajoo_s002_t001,calibration,1.5,canonicalized,1,-0.091669,0.466225,0.349655
aaaaajpg_s001_t001,calibration,1.5,canonicalized,0,-1.496059,0.185893,0.549553
aaaaajqh_s004_t000,calibration,1.5,canonicalized,1,5.805974,0.995925,1.960816
aaaaajqk_s003_t001,calibration,1.5,canonicalized,1,3.006174,0.943962,0.937235
aaaaajrf_s001_t000,calibration,1.5,canonicalized,1,9.208805,0.999841,3.126658
aaaaajrf_s002_t000,calibration,1.5,canonicalized,1,11.770670,0.999986,1.974124
aaaaajrf_s003_t002,calibration,1.5,canonicalized,1,9.761477,0.999906,4.476105
aaaaajrf_s004_t000,calibration,1.5,canonicalized,1,2.362020,0.901028,0.441434
aaaaajso_s001_t000,calibration,1.5,canonicalized,1,6.362623,0.997601,1.122652
aaaaajtg_s001_t000,calibration,1.5,canonicalized,0,-0.190030,0.442932,2.167849
aaaaajtu_s001_t000,calibration,1.5,canonicalized,0,-0.154654,0.451286,0.597178
aaaaajuh_s001_t000,calibration,1.5,canonicalized,1,5.243042,0.993042,6.272761
aaaaajun_s001_t000,calibration,1.5,canonicalized,0,1.872178,0.850783,0.758526
aaaaajvh_s001_t001,calibration,1.5,canonicalized,0,-0.018183,0.483729,1.242136
aaaaajxp_s001_t000,calibration,1.5,canonicalized,0,-0.412224,0.391376,0.483225
aaaaakck_s001_t001,calibration,1.5,canonicalized,1,1.525835,0.803749,0.363996
aaaaakcx_s001_t001,calibration,1.5,canonicalized,1,6.860517,0.998508,3.049011
aaaaakcy_s005_t001,calibration,1.5,canonicalized,1,7.765790,0.999371,3.692074
aaaaakdj_s001_t000,calibration,1.5,canonicalized,1,1.432478,0.789300,0.713422
aaaaakdo_s001_t000,calibration,1.5,canonicalized,1,0.575550,0.622950,1.416987
aaaaakeq_s001_t000,calibration,1.5,canonicalized,1,2.933123,0.940154,2.550846
aaaaakeq_s002_t000,calibration,1.5,canonicalized,1,2.287238,0.894473,1.198927
aaaaakeq_s003_t000,calibration,1.5,canonicalized,1,3.130731,0.949934,3.967007
aaaaakev_s001_t001,calibration,1.5,canonicalized,1,10.738119,0.999963,11.814082
aaaaakev_s002_t000,calibration,1.5,canonicalized,1,10.027941,0.999928,4.775084
aaaaakft_s001_t000,calibration,1.5,canonicalized,0,-1.624269,0.168065,0.756941
aaaaakgp_s001_t001,calibration,1.5,canonicalized,0,0.860949,0.684543,1.880208
aaaaakgu_s001_t000,calibration,1.5,canonicalized,1,-0.709459,0.326187,0.159259
aaaaakjk_s002_t002,calibration,1.5,canonicalized,1,2.446763,0.908017,0.430136
aaaaakjk_s003_t000,calibration,1.5,canonicalized,1,1.561728,0.809102,1.147368
aaaaakka_s001_t001,calibration,1.5,canonicalized,0,-0.964978,0.274964,0.641508
aaaaakmg_s003_t001,calibration,1.5,canonicalized,1,5.496910,0.994533,0.791309
aaaaakmh_s001_t000,calibration,1.5,canonicalized,1,0.330932,0.566701,2.524998
aaaaaknt_s001_t000,calibration,1.5,canonicalized,1,1.048239,0.721848,1.560467
aaaaakoo_s001_t001,calibration,1.5,canonicalized,1,9.878433,0.999916,2.438136
aaaaakqg_s001_t001,calibration,1.5,canonicalized,0,-0.626139,0.343917,0.965094
aaaaakqr_s001_t000,calibration,1.5,canonicalized,0,-1.100194,0.249974,0.534038
aaaaakrt_s001_t001,calibration,1.5,canonicalized,1,4.194621,0.981282,0.604712
aaaaakrt_s002_t001,calibration,1.5,canonicalized,1,4.322458,0.983398,2.452185
aaaaaksb_s001_t000,calibration,1.5,canonicalized,0,-1.749616,0.151981,0.384199
aaaaaksu_s001_t001,calibration,1.5,canonicalized,0,0.056409,0.501538,0.687482
aaaaakxz_s001_t001,calibration,1.5,canonicalized,1,0.934035,0.699422,0.297138
aaaaakxz_s002_t001,calibration,1.5,canonicalized,1,3.811975,0.973243,2.097603
aaaaalaf_s001_t000,calibration,1.5,canonicalized,0,-1.303244,0.215392,0.322924
aaaaalau_s001_t000,calibration,1.5,canonicalized,1,1.796010,0.841308,0.935267
aaaaalbh_s001_t000,calibration,1.5,canonicalized,1,2.924677,0.939699,6.387816
aaaaalbt_s001_t001,calibration,1.5,canonicalized,0,-0.712004,0.325653,0.553660
aaaaalbt_s002_t000,calibration,1.5,canonicalized,0,-1.217206,0.229607,1.585837
aaaaalbz_s006_t000,calibration,1.5,canonicalized,1,8.160568,0.999569,4.599914
aaaaalid_s001_t001,calibration,1.5,canonicalized,0,2.608214,0.920114,1.845340
aaaaaljf_s001_t000,calibration,1.5,canonicalized,1,2.388817,0.903288,1.164027
aaaaaljj_s001_t000,calibration,1.5,canonicalized,0,-1.853117,0.139672,1.287983
aaaaallc_s001_t001,calibration,1.5,canonicalized,0,0.342536,0.569421,1.419850
aaaaalle_s002_t000,calibration,1.5,canonicalized,1,1.669172,0.824455,0.432135
aaaaalox_s001_t001,calibration,1.5,canonicalized,0,2.802407,0.932730,4.047474
aaaaalpv_s001_t000,calibration,1.5,canonicalized,0,0.543783,0.615795,1.266218
aaaaalqa_s001_t000,calibration,1.5,canonicalized,0,-0.798996,0.307674,1.278052
aaaaalqr_s001_t001,calibration,1.5,canonicalized,1,1.535628,0.805221,0.066840
aaaaalqs_s001_t001,calibration,1.5,canonicalized,0,-1.484132,0.187623,0.505610
aaaaalqx_s001_t000,calibration,1.5,canonicalized,0,-2.037020,0.119866,1.483975
aaaaalrc_s002_t000,calibration,1.5,canonicalized,1,15.201841,0.999999,2.388809
aaaaalsq_s001_t000,calibration,1.5,canonicalized,0,0.914566,0.695498,0.250561
aaaaalsx_s001_t000,calibration,1.5,canonicalized,1,-0.213213,0.437474,0.296389
aaaaalsx_s004_t001,calibration,1.5,canonicalized,1,0.284820,0.555854,0.195283
aaaaaluz_s001_t001,calibration,1.5,canonicalized,0,-0.883142,0.290821,0.268102
aaaaalvw_s001_t000,calibration,1.5,canonicalized,0,-2.935377,0.054583,0.480674
aaaaalvz_s001_t000,calibration,1.5,canonicalized,1,9.045084,0.999815,1.203633
aaaaalxk_s001_t000,calibration,1.5,canonicalized,0,0.542562,0.615520,0.574888
aaaaalyr_s001_t000,calibration,1.5,canonicalized,1,0.730308,0.656994,0.291236
aaaaalzk_s002_t001,calibration,1.5,canonicalized,1,8.150967,0.999565,6.231354
aaaaamcb_s001_t001,calibration,1.5,canonicalized,1,6.416236,0.997721,1.631438
aaaaamfe_s001_t001,calibration,1.5,canonicalized,0,0.937791,0.700176,0.781602
aaaaamft_s001_t001,calibration,1.5,canonicalized,1,2.819521,0.933749,0.292687
aaaaamfu_s001_t000,calibration,1.5,canonicalized,0,-0.692334,0.329793,0.400863
aaaaamhi_s001_t000,calibration,1.5,canonicalized,1,6.946864,0.998626,5.127130
aaaaamhk_s001_t000,calibration,1.5,canonicalized,1,2.396896,0.903960,0.403237
aaaaamjc_s001_t001,calibration,1.5,canonicalized,1,6.840397,0.998479,2.903319
aaaaammh_s001_t001,calibration,1.5,canonicalized,1,1.251447,0.759104,0.842965
aaaaamnq_s001_t000,calibration,1.5,canonicalized,1,4.891598,0.990294,6.905561
aaaaamnq_s002_t000,calibration,1.5,canonicalized,1,3.713781,0.970689,1.462716
aaaaamon_s001_t000,calibration,1.5,canonicalized,0,0.309229,0.561603,2.298006
aaaaampz_s001_t000,calibration,1.5,canonicalized,1,-0.226284,0.434404,1.780900
aaaaamrj_s001_t000,calibration,1.5,canonicalized,0,0.044738,0.498751,0.216797
aaaaamsc_s001_t000,calibration,1.5,canonicalized,1,3.520617,0.964957,0.293198
aaaaamtb_s001_t000,calibration,1.5,canonicalized,0,2.999714,0.943635,1.498217
aaaaamuc_s001_t000,calibration,1.5,canonicalized,0,-0.926486,0.282355,0.233508
aaaaamxn_s001_t000,calibration,1.5,canonicalized,1,0.843051,0.680839,0.207347
aaaaamyb_s001_t001,calibration,1.5,canonicalized,0,-1.089789,0.251842,1.774122
aaaaamye_s001_t000,calibration,1.5,canonicalized,1,8.674049,0.999736,3.176892
aaaaamzi_s001_t001,calibration,1.5,canonicalized,1,5.997327,0.996603,6.488227
aaaaamzl_s001_t000,calibration,1.5,canonicalized,0,-1.322979,0.212223,0.258328
aaaaamzx_s001_t000,calibration,1.5,canonicalized,0,-2.250419,0.099970,1.452738
aaaaanbq_s001_t000,calibration,1.5,canonicalized,0,-0.688305,0.330644,0.601332
aaaaanek_s001_t000,calibration,1.5,canonicalized,0,-2.104502,0.113230,0.263820
aaaaangp_s001_t000,calibration,1.5,canonicalized,0,-0.511483,0.369036,0.408023
aaaaanhb_s001_t003,calibration,1.5,canonicalized,1,3.570401,0.966530,3.742560
aaaaanhb_s003_t001,calibration,1.5,canonicalized,1,2.991994,0.943241,1.038405
aaaaanhb_s005_t000,calibration,1.5,canonicalized,1,3.857969,0.974364,2.063387
aaaaankf_s001_t000,calibration,1.5,canonicalized,1,4.264621,0.982472,0.832088
aaaaanlp_s001_t000,calibration,1.5,canonicalized,0,-0.495477,0.372603,0.630097
aaaaanmc_s001_t000,calibration,1.5,canonicalized,1,4.813449,0.989549,5.309344
aaaaanop_s001_t000,calibration,1.5,canonicalized,0,0.312508,0.562374,2.434360
aaaaanoz_s001_t000,calibration,1.5,canonicalized,1,-0.998550,0.268617,0.632913
aaaaanpr_s001_t002,calibration,1.5,canonicalized,1,1.490895,0.798431,1.462138
aaaaanqe_s001_t000,calibration,1.5,canonicalized,0,-1.699299,0.158281,0.786747
aaaaanro_s001_t000,calibration,1.5,canonicalized,1,3.086204,0.947872,1.679076
aaaaansj_s001_t000,calibration,1.5,canonicalized,1,1.682937,0.826350,2.244333
aaaaanta_s001_t000,calibration,1.5,canonicalized,1,5.228978,0.992949,5.381355
aaaaanum_s001_t000,calibration,1.5,canonicalized,0,-0.136407,0.455606,0.555813
aaaaanvb_s002_t000,calibration,1.5,canonicalized,0,-0.791895,0.309121,0.486417
aaaaanvg_s001_t002,calibration,1.5,canonicalized,0,2.038123,0.869810,0.807270
aaaaanvw_s001_t000,calibration,1.5,canonicalized,0,-1.977629,0.125982,0.992755
aaaaanwc_s001_t001,calibration,1.5,canonicalized,1,4.287200,0.982839,14.907364
aaaaanxl_s001_t000,calibration,1.5,canonicalized,1,4.588253,0.987073,3.893298
aaaaanyb_s001_t001,calibration,1.5,canonicalized,0,-0.731592,0.321557,0.049871
aaaaanyt_s002_t000,calibration,1.5,canonicalized,1,5.455441,0.994313,3.262510
aaaaanyw_s001_t000,calibration,1.5,canonicalized,1,2.720304,0.927639,0.431051
aaaaanyw_s002_t000,calibration,1.5,canonicalized,1,3.307847,0.957395,3.628949
aaaaanzh_s001_t000,calibration,1.5,canonicalized,1,-0.209887,0.438256,1.239165
aaaaanzu_s001_t003,calibration,1.5,canonicalized,1,2.741375,0.928978,1.736943
aaaaaoav_s001_t000,calibration,1.5,canonicalized,0,-0.576406,0.354715,0.522084
aaaaaoav_s002_t000,calibration,1.5,canonicalized,0,-1.212930,0.230330,0.729138
aaaaaobi_s001_t000,calibration,1.5,canonicalized,1,-0.104209,0.463245,0.518018
aaaaaobl_s001_t000,calibration,1.5,canonicalized,0,-1.254161,0.223422,0.826131
aaaaaoby_s001_t000,calibration,1.5,canonicalized,0,-0.194806,0.441806,1.178684
aaaaaoda_s001_t000,calibration,1.5,canonicalized,1,6.780176,0.998389,2.323862
aaaaaoeg_s001_t000,calibration,1.5,canonicalized,0,-0.539060,0.362923,0.306841
aaaaaofj_s001_t000,calibration,1.5,canonicalized,0,-0.260062,0.426493,1.271781
aaaaaofr_s001_t000,calibration,1.5,canonicalized,0,1.306834,0.768646,1.029122
aaaaaofz_s001_t000,calibration,1.5,canonicalized,0,-0.436027,0.385973,0.928271
aaaaaohb_s001_t000,calibration,1.5,canonicalized,1,4.320488,0.983368,0.556399
aaaaaohr_s002_t001,calibration,1.5,canonicalized,1,4.536334,0.986425,1.014665
aaaaaoiq_s001_t000,calibration,1.5,canonicalized,1,1.106173,0.732823,0.584333
aaaaaoiv_s001_t000,calibration,1.5,canonicalized,1,-0.019073,0.483517,0.324142
aaaaaoiv_s002_t001,calibration,1.5,canonicalized,1,8.574893,0.999710,1.524368
aaaaaoiv_s003_t003,calibration,1.5,canonicalized,1,7.899272,0.999446,1.052303
aaaaaojd_s001_t002,calibration,1.5,canonicalized,0,-0.136410,0.455605,1.376387
aaaaaokg_s001_t000,calibration,1.5,canonicalized,0,2.819266,0.933734,4.477990
aaaaaoly_s001_t000,calibration,1.5,canonicalized,0,-0.949833,0.277858,5.481772
aaaaaome_s001_t000,calibration,1.5,canonicalized,0,-1.110921,0.248057,0.363518
aaaaaomx_s001_t000,calibration,1.5,canonicalized,0,-0.728201,0.322264,0.298287
aaaaaomy_s001_t000,calibration,1.5,canonicalized,1,4.092265,0.979399,10.757691
aaaaaonb_s001_t000,calibration,1.5,canonicalized,0,0.179804,0.530968,0.464468
aaaaaons_s002_t002,calibration,1.5,canonicalized,1,2.293559,0.895041,0.295545
aaaaaopd_s001_t000,calibration,1.5,canonicalized,0,-2.390683,0.088543,2.008461
aaaaaopo_s001_t000,calibration,1.5,canonicalized,0,-0.783049,0.310928,0.880633
aaaaaora_s002_t000,calibration,1.5,canonicalized,1,1.663280,0.823638,0.789601
aaaaaord_s001_t000,calibration,1.5,canonicalized,1,1.019321,0.716267,0.767831
aaaaaosh_s001_t000,calibration,1.5,canonicalized,1,0.233368,0.543688,0.322925
aaaaaosw_s001_t000,calibration,1.5,canonicalized,0,0.077562,0.506589,2.446682
aaaaaote_s001_t000,calibration,1.5,canonicalized,0,-0.426018,0.388241,1.091881
aaaaaout_s001_t000,calibration,1.5,canonicalized,1,2.055424,0.871671,2.741668
aaaaaovl_s001_t000,calibration,1.5,canonicalized,1,5.040577,0.991570,0.593122
aaaaaovo_s001_t000,calibration,1.5,canonicalized,1,7.621810,0.999278,2.695883
aaaaaowb_s001_t000,calibration,1.5,canonicalized,0,-0.687252,0.330867,2.529087
aaaaaoxf_s001_t000,calibration,1.5,canonicalized,0,-0.922841,0.283061,0.349807
aaaaaozf_s001_t001,calibration,1.5,canonicalized,0,-0.272876,0.423502,2.115071
aaaaapag_s001_t000,calibration,1.5,canonicalized,0,-1.418444,0.197376,2.734401
aaaaapar_s001_t000,calibration,1.5,canonicalized,1,13.042407,0.999996,1.510138
aaaaapcb_s001_t000,calibration,1.5,canonicalized,0,0.568963,0.621470,0.316395
aaaaapcy_s001_t002,calibration,1.5,canonicalized,0,-1.238991,0.225946,0.955153
aaaaapdg_s001_t000,calibration,1.5,canonicalized,0,-1.184857,0.235119,0.111741
aaaaaphs_s001_t000,calibration,1.5,canonicalized,1,4.069127,0.978948,0.763923
aaaaaphw_s001_t000,calibration,1.5,canonicalized,0,2.015305,0.867322,0.880240
aaaaapij_s001_t000,calibration,1.5,canonicalized,0,-0.319600,0.412643,0.422370
aaaaapjc_s001_t001,calibration,1.5,canonicalized,0,-2.761109,0.063839,0.580973
aaaaapka_s001_t000,calibration,1.5,canonicalized,0,-0.975081,0.273044,0.739473
aaaaapkx_s001_t001,calibration,1.5,canonicalized,1,-0.908812,0.285789,2.948040
aaaaaply_s001_t001,calibration,1.5,canonicalized,1,4.457254,0.985375,4.247344
aaaaapmb_s002_t001,calibration,1.5,canonicalized,1,1.394273,0.783166,0.226549
aaaaapmp_s001_t000,calibration,1.5,canonicalized,1,0.667009,0.643241,0.293582
aaaaapnr_s001_t000,calibration,1.5,canonicalized,1,-1.250331,0.224057,1.226867
aaaaapoc_s001_t000,calibration,1.5,canonicalized,1,4.398984,0.984551,0.941752
aaaaapof_s001_t000,calibration,1.5,canonicalized,0,-1.514370,0.183260,0.740094
aaaaapoo_s001_t000,calibration,1.5,canonicalized,0,-1.224114,0.228441,3.166239
aaaaapoq_s001_t000,calibration,1.5,canonicalized,0,2.211338,0.887430,0.676173
aaaaappb_s001_t000,calibration,1.5,canonicalized,0,-0.662435,0.336136,0.560848
aaaaapqd_s001_t000,calibration,1.5,canonicalized,1,0.078346,0.506776,0.667193
aaaaapqv_s001_t000,calibration,1.5,canonicalized,0,-1.146641,0.241747,3.387183
aaaaapta_s001_t000,calibration,1.5,canonicalized,1,3.591090,0.967164,3.508441
aaaaapth_s001_t000,calibration,1.5,canonicalized,1,1.184056,0.747136,1.488909
aaaaapua_s001_t001,calibration,1.5,canonicalized,0,-2.980957,0.052379,0.355493
aaaaapuu_s001_t000,calibration,1.5,canonicalized,0,-1.359274,0.206484,0.211020
aaaaapvw_s001_t001,calibration,1.5,canonicalized,1,3.768602,0.972143,1.210007
aaaaapvy_s001_t000,calibration,1.5,canonicalized,1,1.299067,0.767324,1.943843
aaaaapwn_s001_t001,calibration,1.5,canonicalized,0,0.124580,0.517811,2.713244
aaaaapwo_s001_t001,calibration,1.5,canonicalized,1,7.954302,0.999475,0.569116
aaaaapxm_s001_t001,calibration,1.5,canonicalized,0,-1.334456,0.210396,0.235454
aaaaapys_s001_t001,calibration,1.5,canonicalized,1,12.732915,0.999995,0.550962
aaaaapys_s002_t001,calibration,1.5,canonicalized,1,9.225157,0.999844,2.348486
aaaaaayx_s002_t000,calibration,1.5,naive,0,0.303077,0.560155,1.580715
aaaaabdo_s003_t000,calibration,1.5,naive,1,4.853651,0.989939,0.912519
aaaaabsk_s007_t000,calibration,1.5,naive,1,-0.132621,0.456503,1.010338
aaaaabuv_s002_t000,calibration,1.5,naive,1,1.413063,0.786199,0.864250
aaaaacad_s003_t000,calibration,1.5,naive,0,0.886373,0.689764,0.524195
aaaaacby_s004_t000,calibration,1.5,naive,0,-0.343235,0.407182,0.111112
aaaaaddm_s006_t000,calibration,1.5,naive,1,3.215082,0.953630,1.380208
aaaaadeu_s002_t000,calibration,1.5,naive,1,2.387563,0.903183,0.817870
aaaaadjk_s002_t000,calibration,1.5,naive,0,-1.631870,0.167053,0.285773
aaaaadkb_s002_t000,calibration,1.5,naive,1,5.356915,0.993755,4.500217
aaaaadsm_s002_t001,calibration,1.5,naive,0,-1.974702,0.126290,0.378638
aaaaaeab_s003_t000,calibration,1.5,naive,0,-0.725510,0.322826,0.611352
aaaaaejc_s003_t001,calibration,1.5,naive,0,0.269569,0.552254,0.256127
aaaaaezn_s003_t001,calibration,1.5,naive,1,1.087761,0.729365,2.685718
aaaaafhl_s003_t000,calibration,1.5,naive,1,0.274335,0.553380,1.072453
aaaaagfk_s003_t000,calibration,1.5,naive,0,-1.154027,0.240457,0.352457
aaaaagsc_s003_t001,calibration,1.5,naive,1,3.593666,0.967242,7.512355
aaaaagsc_s006_t001,calibration,1.5,naive,1,-0.736419,0.320552,0.323851
aaaaaguk_s002_t001,calibration,1.5,naive,0,-2.621671,0.072278,0.536858
aaaaagvx_s002_t000,calibration,1.5,naive,1,0.433252,0.590528,1.269953
aaaaagvx_s003_t001,calibration,1.5,naive,1,1.178807,0.746187,0.612674
aaaaagyr_s002_t000,calibration,1.5,naive,1,-0.106306,0.462747,0.683705
aaaaahie_s005_t001,calibration,1.5,naive,1,3.225659,0.954075,0.256196
aaaaahsv_s002_t000,calibration,1.5,naive,0,-0.937044,0.280316,1.595396
aaaaahte_s002_t000,calibration,1.5,naive,1,6.308441,0.997474,2.149881
aaaaahte_s003_t000,calibration,1.5,naive,1,5.049067,0.991638,1.856944
aaaaahuy_s002_t000,calibration,1.5,naive,1,-1.256762,0.222991,0.113616
aaaaahzi_s001_t000,calibration,1.5,naive,0,-0.341855,0.407500,0.144386
aaaaahzm_s001_t001,calibration,1.5,naive,0,-0.070085,0.471359,0.125911
aaaaahzq_s001_t000,calibration,1.5,naive,0,-3.033566,0.049940,0.305706
aaaaahzs_s001_t001,calibration,1.5,naive,0,-0.002363,0.487504,0.577484
aaaaaiae_s001_t000,calibration,1.5,naive,0,0.031201,0.495518,1.249769
aaaaaibx_s001_t000,calibration,1.5,naive,0,-0.643277,0.340232,0.374720
aaaaaiby_s001_t000,calibration,1.5,naive,0,-0.337322,0.408546,1.457512
aaaaaici_s001_t000,calibration,1.5,naive,0,-2.090897,0.114541,0.939579
aaaaaicn_s001_t000,calibration,1.5,naive,0,-0.111631,0.461482,1.295669
aaaaaijh_s002_t000,calibration,1.5,naive,1,-3.251736,0.040929,0.394769
aaaaaijn_s001_t001,calibration,1.5,naive,0,-0.511320,0.369072,0.364658
aaaaairb_s001_t001,calibration,1.5,naive,0,1.166696,0.743990,0.245252
aaaaairo_s001_t000,calibration,1.5,naive,0,-1.869540,0.137797,1.168243
aaaaaitt_s001_t000,calibration,1.5,naive,0,-1.673749,0.161560,0.705082
aaaaaiue_s004_t000,calibration,1.5,naive,1,0.589887,0.626161,0.761069
aaaaaiuo_s002_t000,calibration,1.5,naive,0,0.950629,0.702744,0.508259
aaaaaiwz_s001_t001,calibration,1.5,naive,0,-1.398412,0.200425,0.219187
aaaaaiyy_s001_t001,calibration,1.5,naive,0,-1.851115,0.139902,1.239909
aaaaaizd_s001_t001,calibration,1.5,naive,0,-0.197652,0.441136,1.151735
aaaaaizs_s001_t000,calibration,1.5,naive,0,0.658176,0.641302,0.184670
aaaaajae_s001_t001,calibration,1.5,naive,0,1.021637,0.716717,1.024688
aaaaajah_s002_t001,calibration,1.5,naive,1,0.796888,0.671181,0.702943
aaaaajah_s004_t000,calibration,1.5,naive,1,-0.827629,0.301878,1.740426
aaaaajal_s001_t001,calibration,1.5,naive,0,-2.163412,0.107701,0.727140
aaaaajam_s001_t000,calibration,1.5,naive,1,-0.776364,0.312298,0.177286
aaaaajar_s001_t001,calibration,1.5,naive,0,-0.966264,0.274719,0.492472
aaaaajbb_s001_t000,calibration,1.5,naive,0,1.377659,0.780459,1.080730
aaaaajbh_s002_t000,calibration,1.5,naive,0,-0.696954,0.328818,1.129550
aaaaajce_s001_t000,calibration,1.5,naive,0,-0.620534,0.345126,0.407003
aaaaajci_s001_t000,calibration,1.5,naive,0,-0.906789,0.286184,0.152245
aaaaajck_s001_t000,calibration,1.5,naive,0,-1.220989,0.228968,0.603079
aaaaajct_s001_t000,calibration,1.5,naive,0,0.791986,0.670147,0.769328
aaaaajcu_s001_t000,calibration,1.5,naive,0,-0.590708,0.351594,0.904459
aaaaajda_s001_t000,calibration,1.5,naive,0,-1.732558,0.154094,0.406368
aaaaajdb_s001_t000,calibration,1.5,naive,0,-1.161465,0.239161,1.395278
aaaaajdv_s001_t000,calibration,1.5,naive,0,0.610759,0.630817,1.912988
aaaaajdy_s001_t000,calibration,1.5,naive,0,-2.047000,0.118864,0.299080
aaaaajdz_s001_t000,calibration,1.5,naive,0,-0.074816,0.470233,0.494475
aaaaajea_s001_t000,calibration,1.5,naive,0,1.937321,0.858512,1.469032
aaaaajen_s001_t000,calibration,1.5,naive,0,-0.428750,0.387622,0.498903
aaaaajey_s001_t000,calibration,1.5,naive,0,-0.069061,0.471603,0.299100
aaaaajfb_s001_t000,calibration,1.5,naive,0,-2.527802,0.078526,2.422279
aaaaajfe_s001_t000,calibration,1.5,naive,0,-1.544425,0.179002,0.359756
aaaaajff_s001_t000,calibration,1.5,naive,0,-2.672340,0.069098,0.732581
aaaaajfi_s001_t001,calibration,1.5,naive,0,-0.397602,0.394708,0.337291
aaaaajfn_s001_t001,calibration,1.5,naive,0,-1.194704,0.233431,0.361262
aaaaajfy_s001_t000,calibration,1.5,naive,0,-1.637397,0.166319,0.245534
aaaaajga_s001_t001,calibration,1.5,naive,0,1.197730,0.749595,2.239059
aaaaajhy_s001_t000,calibration,1.5,naive,0,-1.682138,0.160477,0.276116
aaaaajit_s001_t001,calibration,1.5,naive,0,-1.727034,0.154783,1.036423
aaaaajiu_s001_t000,calibration,1.5,naive,0,1.869986,0.850517,2.582376
aaaaajiy_s001_t001,calibration,1.5,naive,0,-0.444809,0.383986,0.566159
aaaaajiz_s001_t000,calibration,1.5,naive,0,-0.345587,0.406639,0.851348
aaaaajjb_s001_t001,calibration,1.5,naive,0,0.210520,0.538268,0.323894
aaaaajje_s001_t000,calibration,1.5,naive,0,-1.150779,0.241024,0.493307
aaaaajjk_s001_t000,calibration,1.5,naive,0,-0.594327,0.350806,0.815007
aaaaajna_s001_t000,calibration,1.5,naive,0,-1.861574,0.138704,0.498834
aaaaajnu_s001_t000,calibration,1.5,naive,0,-1.879909,0.136624,0.807451
aaaaajon_s001_t000,calibration,1.5,naive,0,-0.203237,0.439821,2.246340
aaaaajoo_s002_t001,calibration,1.5,naive,1,-0.374664,0.399955,0.448170
aaaaajpg_s001_t001,calibration,1.5,naive,0,-1.603823,0.170814,0.704632
aaaaajqh_s004_t000,calibration,1.5,naive,1,4.231336,0.981916,1.028934
aaaaajqk_s003_t001,calibration,1.5,naive,1,2.949480,0.941028,0.706271
aaaaajrf_s001_t000,calibration,1.5,naive,1,7.795621,0.999389,2.893568
aaaaajrf_s002_t000,calibration,1.5,naive,1,10.700399,0.999962,1.626650
aaaaajrf_s003_t002,calibration,1.5,naive,1,8.300828,0.999623,3.521492
aaaaajrf_s004_t000,calibration,1.5,naive,1,2.044009,0.870446,0.552471
aaaaajso_s001_t000,calibration,1.5,naive,1,5.116699,0.992157,0.943652
aaaaajtg_s001_t000,calibration,1.5,naive,0,-0.259277,0.426677,1.571774
aaaaajtu_s001_t000,calibration,1.5,naive,0,-0.247327,0.429472,0.450367
aaaaajuh_s001_t000,calibration,1.5,naive,1,4.819790,0.989611,5.416911
aaaaajun_s001_t000,calibration,1.5,naive,0,1.861669,0.849504,0.772361
aaaaajvh_s001_t001,calibration,1.5,naive,0,-0.402773,0.393528,0.928708
aaaaajxp_s001_t000,calibration,1.5,naive,0,-0.525138,0.366004,0.431858
aaaaakck_s001_t001,calibration,1.5,naive,1,1.882313,0.852008,0.514903
aaaaakcx_s001_t001,calibration,1.5,naive,1,6.938120,0.998614,3.015067
aaaaakcy_s005_t001,calibration,1.5,naive,1,5.521882,0.994661,1.709497
aaaaakdj_s001_t000,calibration,1.5,naive,1,1.645092,0.821100,0.794699
aaaaakdo_s001_t000,calibration,1.5,naive,1,0.863362,0.685041,0.551520
aaaaakeq_s001_t000,calibration,1.5,naive,1,2.799786,0.932573,2.351267
aaaaakeq_s002_t000,calibration,1.5,naive,1,2.025823,0.868474,0.939756
aaaaakeq_s003_t000,calibration,1.5,naive,1,2.906768,0.938722,3.148296
aaaaakev_s001_t001,calibration,1.5,naive,1,9.934366,0.999921,8.136850
aaaaakev_s002_t000,calibration,1.5,naive,1,9.264719,0.999850,4.855845
aaaaakft_s001_t000,calibration,1.5,naive,0,-1.793300,0.146681,0.210534
aaaaakgp_s001_t001,calibration,1.5,naive,0,1.005291,0.713536,1.974930
aaaaakgu_s001_t000,calibration,1.5,naive,1,-0.595392,0.350575,0.147534
aaaaakjk_s002_t002,calibration,1.5,naive,1,1.476392,0.796192,0.303516
aaaaakjk_s003_t000,calibration,1.5,naive,1,2.100617,0.876423,0.926455
aaaaakka_s001_t001,calibration,1.5,naive,0,-0.962099,0.275513,0.787316
aaaaakmg_s003_t001,calibration,1.5,naive,1,4.501514,0.985972,0.792143
aaaaakmh_s001_t000,calibration,1.5,naive,1,0.432573,0.590371,2.892023
aaaaaknt_s001_t000,calibration,1.5,naive,1,0.723427,0.655511,1.175272
aaaaakoo_s001_t001,calibration,1.5,naive,1,8.295145,0.999621,1.320615
aaaaakqg_s001_t001,calibration,1.5,naive,0,-0.280879,0.421636,1.021593
aaaaakqr_s001_t000,calibration,1.5,naive,0,-0.597458,0.350125,0.460503
aaaaakrt_s001_t001,calibration,1.5,naive,1,4.196382,0.981313,0.966979
aaaaakrt_s002_t001,calibration,1.5,naive,1,4.322763,0.983403,2.600219
aaaaaksb_s001_t000,calibration,1.5,naive,0,-1.664427,0.162770,0.280074
aaaaaksu_s001_t001,calibration,1.5,naive,0,0.098154,0.511506,0.747840
aaaaakxz_s001_t001,calibration,1.5,naive,1,0.409128,0.584944,0.116906
aaaaakxz_s002_t001,calibration,1.5,naive,1,1.811780,0.843309,1.827579
aaaaalaf_s001_t000,calibration,1.5,naive,0,-1.397838,0.200513,0.258821
aaaaalau_s001_t000,calibration,1.5,naive,1,2.112887,0.877687,0.733259
aaaaalbh_s001_t000,calibration,1.5,naive,1,2.879392,0.937200,5.126245
aaaaalbt_s001_t001,calibration,1.5,naive,0,-0.407318,0.392492,0.688236
aaaaalbt_s002_t000,calibration,1.5,naive,0,-1.143404,0.242315,1.626864
aaaaalbz_s006_t000,calibration,1.5,naive,1,5.632770,0.995195,3.654164
aaaaalid_s001_t001,calibration,1.5,naive,0,2.018522,0.867675,0.765737
aaaaaljf_s001_t000,calibration,1.5,naive,1,2.018615,0.867685,1.179929
aaaaaljj_s001_t000,calibration,1.5,naive,0,-1.839332,0.141262,1.034124
aaaaallc_s001_t001,calibration,1.5,naive,0,0.283361,0.555510,1.127208
aaaaalle_s002_t000,calibration,1.5,naive,1,1.754451,0.835935,0.531527
aaaaalox_s001_t001,calibration,1.5,naive,0,2.900956,0.938402,3.813001
aaaaalpv_s001_t000,calibration,1.5,naive,0,0.592974,0.626851,1.269602
aaaaalqa_s001_t000,calibration,1.5,naive,0,-0.706297,0.326851,0.928403
aaaaalqr_s001_t001,calibration,1.5,naive,1,0.671830,0.644297,0.074384
aaaaalqs_s001_t001,calibration,1.5,naive,0,-0.997221,0.268866,0.554530
aaaaalqx_s001_t000,calibration,1.5,naive,0,-2.157150,0.108277,0.670204
aaaaalrc_s002_t000,calibration,1.5,naive,1,11.432047,0.999981,1.048534
aaaaalsq_s001_t000,calibration,1.5,naive,0,1.020188,0.716436,0.303724
aaaaalsx_s001_t000,calibration,1.5,naive,1,-0.296180,0.418076,0.278686
aaaaalsx_s004_t001,calibration,1.5,naive,1,0.018238,0.492422,0.269668
aaaaaluz_s001_t001,calibration,1.5,naive,0,-1.068492,0.255695,0.149628
aaaaalvw_s001_t000,calibration,1.5,naive,0,-3.167651,0.044201,0.606572
aaaaalvz_s001_t000,calibration,1.5,naive,1,7.985734,0.999490,1.701229
aaaaalxk_s001_t000,calibration,1.5,naive,0,0.283996,0.555660,0.368248
aaaaalyr_s001_t000,calibration,1.5,naive,1,0.176617,0.530210,0.445581
aaaaalzk_s002_t001,calibration,1.5,naive,1,7.694694,0.999327,8.230822
aaaaamcb_s001_t001,calibration,1.5,naive,1,6.159379,0.997089,1.178251
aaaaamfe_s001_t001,calibration,1.5,naive,0,0.530109,0.612700,0.870507
aaaaamft_s001_t001,calibration,1.5,naive,1,1.017675,0.715948,0.041302
aaaaamfu_s001_t000,calibration,1.5,naive,0,0.709878,0.652583,0.287087
aaaaamhi_s001_t000,calibration,1.5,naive,1,6.888957,0.998548,4.923925
aaaaamhk_s001_t000,calibration,1.5,naive,1,2.513788,0.913227,0.433478
aaaaamjc_s001_t001,calibration,1.5,naive,1,5.964339,0.996495,5.236634
aaaaammh_s001_t001,calibration,1.5,naive,1,1.493850,0.798885,0.977903
aaaaamnq_s001_t000,calibration,1.5,naive,1,4.042515,0.978418,5.306142
aaaaamnq_s002_t000,calibration,1.5,naive,1,3.534703,0.965409,1.064773
aaaaamon_s001_t000,calibration,1.5,naive,0,0.296889,0.558699,1.846055
aaaaampz_s001_t000,calibration,1.5,naive,1,0.140169,0.521529,1.336251
aaaaamrj_s001_t000,calibration,1.5,naive,0,0.056979,0.501674,0.196888
aaaaamsc_s001_t000,calibration,1.5,naive,1,3.478966,0.963586,0.202813
aaaaamtb_s001_t000,calibration,1.5,naive,0,2.990412,0.943161,1.714653
aaaaamuc_s001_t000,calibration,1.5,naive,0,-1.229093,0.227604,0.163033
aaaaamxn_s001_t000,calibration,1.5,naive,1,0.636492,0.636523,0.291449
aaaaamyb_s001_t001,calibration,1.5,naive,0,-0.711979,0.325658,1.337292
aaaaamye_s001_t000,calibration,1.5,naive,1,7.871687,0.999432,4.565066
aaaaamzi_s001_t001,calibration,1.5,naive,1,4.373625,0.984178,2.588219
aaaaamzl_s001_t000,calibration,1.5,naive,0,-1.287288,0.217979,0.243406
aaaaamzx_s001_t000,calibration,1.5,naive,0,-1.845270,0.140575,1.473559
aaaaanbq_s001_t000,calibration,1.5,naive,0,-0.204104,0.439617,0.595272
aaaaanek_s001_t000,calibration,1.5,naive,0,-2.407211,0.087277,0.108840
aaaaangp_s001_t000,calibration,1.5,naive,0,-0.578568,0.354243,0.703486
aaaaanhb_s001_t003,calibration,1.5,naive,1,2.480202,0.910650,3.267994
aaaaanhb_s003_t001,calibration,1.5,naive,1,2.566025,0.917101,0.893319
aaaaanhb_s005_t000,calibration,1.5,naive,1,2.796224,0.932359,2.652756
aaaaankf_s001_t000,calibration,1.5,naive,1,4.294752,0.982961,0.953183
aaaaanlp_s001_t000,calibration,1.5,naive,0,-0.372251,0.400508,0.491251
aaaaanmc_s001_t000,calibration,1.5,naive,1,4.507488,0.986051,5.099664
aaaaanop_s001_t000,calibration,1.5,naive,0,0.702021,0.650879,1.690931
aaaaanoz_s001_t000,calibration,1.5,naive,1,-0.610325,0.347334,0.579200
aaaaanpr_s001_t002,calibration,1.5,naive,1,1.334893,0.773379,1.604572
aaaaanqe_s001_t000,calibration,1.5,naive,0,-2.132293,0.110591,0.988130
aaaaanro_s001_t000,calibration,1.5,naive,1,2.922436,0.939577,1.300396
aaaaansj_s001_t000,calibration,1.5,naive,1,1.258923,0.760407,1.179584
aaaaanta_s001_t000,calibration,1.5,naive,1,5.177600,0.992597,4.730556
aaaaanum_s001_t000,calibration,1.5,naive,0,-0.244710,0.430084,0.551844
aaaaanvb_s002_t000,calibration,1.5,naive,0,-0.915213,0.284543,0.497229
aaaaanvg_s001_t002,calibration,1.5,naive,0,1.671680,0.824801,0.633450
aaaaanvw_s001_t000,calibration,1.5,naive,0,-1.772427,0.149194,0.739777
aaaaanwc_s001_t001,calibration,1.5,naive,1,4.286527,0.982829,16.984278
aaaaanxl_s001_t000,calibration,1.5,naive,1,4.171592,0.980874,2.806457
aaaaanyb_s001_t001,calibration,1.5,naive,0,-0.354989,0.404474,0.088649
aaaaanyt_s002_t000,calibration,1.5,naive,1,3.118884,0.949393,1.219293
aaaaanyw_s001_t000,calibration,1.5,naive,1,2.440203,0.907492,0.658845
aaaaanyw_s002_t000,calibration,1.5,naive,1,3.323630,0.958006,3.797762
aaaaanzh_s001_t000,calibration,1.5,naive,1,-0.191239,0.442647,1.310346
aaaaanzu_s001_t003,calibration,1.5,naive,1,2.492395,0.911594,1.437579
aaaaaoav_s001_t000,calibration,1.5,naive,0,-0.064804,0.472617,0.872891
aaaaaoav_s002_t000,calibration,1.5,naive,0,-1.195612,0.233276,0.696113
aaaaaobi_s001_t000,calibration,1.5,naive,1,-0.036493,0.479362,0.369187
aaaaaobl_s001_t000,calibration,1.5,naive,0,-0.531078,0.364688,0.445396
aaaaaoby_s001_t000,calibration,1.5,naive,0,-0.141465,0.454408,1.100219
aaaaaoda_s001_t000,calibration,1.5,naive,1,6.642847,0.998164,1.807682
aaaaaoeg_s001_t000,calibration,1.5,naive,0,-0.432825,0.386698,0.504974
aaaaaofj_s001_t000,calibration,1.5,naive,0,-0.483929,0.375186,0.896611
aaaaaofr_s001_t000,calibration,1.5,naive,0,1.578076,0.811502,1.035697
aaaaaofz_s001_t000,calibration,1.5,naive,0,-0.351603,0.405254,0.751148
aaaaaohb_s001_t000,calibration,1.5,naive,1,3.794055,0.972794,0.402471
aaaaaohr_s002_t001,calibration,1.5,naive,1,4.633855,0.987617,0.836344
aaaaaoiq_s001_t000,calibration,1.5,naive,1,1.299773,0.767444,0.785323
aaaaaoiv_s001_t000,calibration,1.5,naive,1,0.300482,0.559545,0.212697
aaaaaoiv_s002_t001,calibration,1.5,naive,1,8.437718,0.999669,1.393412
aaaaaoiv_s003_t003,calibration,1.5,naive,1,7.222143,0.998943,0.476313
aaaaaojd_s001_t002,calibration,1.5,naive,0,-0.867331,0.293946,0.527436
aaaaaokg_s001_t000,calibration,1.5,naive,0,2.375455,0.902167,4.123518
aaaaaoly_s001_t000,calibration,1.5,naive,0,-1.034904,0.261849,5.254107
aaaaaome_s001_t000,calibration,1.5,naive,0,-1.283577,0.218584,0.424146
aaaaaomx_s001_t000,calibration,1.5,naive,0,-0.853245,0.296746,0.356344
aaaaaomy_s001_t000,calibration,1.5,naive,1,3.970340,0.976913,8.514222
aaaaaonb_s001_t000,calibration,1.5,naive,0,0.365660,0.574829,0.360567
aaaaaons_s002_t002,calibration,1.5,naive,1,2.441931,0.907631,0.284428
aaaaaopd_s001_t000,calibration,1.5,naive,0,-2.141916,0.109690,1.802657
aaaaaopo_s001_t000,calibration,1.5,naive,0,-0.703959,0.327343,0.616139
aaaaaora_s002_t000,calibration,1.5,naive,1,1.568042,0.810032,0.716240
aaaaaord_s001_t000,calibration,1.5,naive,1,1.134404,0.738070,0.714811
aaaaaosh_s001_t000,calibration,1.5,naive,1,-0.039309,0.478691,0.412857
aaaaaosw_s001_t000,calibration,1.5,naive,0,0.309742,0.561724,1.920071
aaaaaote_s001_t000,calibration,1.5,naive,0,-0.573427,0.355367,1.008793
aaaaaout_s001_t000,calibration,1.5,naive,1,1.800712,0.841907,1.647176
aaaaaovl_s001_t000,calibration,1.5,naive,1,5.608317,0.995082,0.446047
aaaaaovo_s001_t000,calibration,1.5,naive,1,7.078363,0.998788,4.973852
aaaaaowb_s001_t000,calibration,1.5,naive,0,-0.347411,0.406219,2.752271
aaaaaoxf_s001_t000,calibration,1.5,naive,0,-0.642641,0.340369,0.310663
aaaaaozf_s001_t001,calibration,1.5,naive,0,-0.010329,0.485603,2.264835
aaaaapag_s001_t000,calibration,1.5,naive,0,-1.521214,0.182283,2.519721
aaaaapar_s001_t000,calibration,1.5,naive,1,12.230962,0.999991,0.854006
aaaaapcb_s001_t000,calibration,1.5,naive,0,0.904033,0.693363,1.154291
aaaaapcy_s001_t002,calibration,1.5,naive,0,-1.369049,0.204958,0.729329
aaaaapdg_s001_t000,calibration,1.5,naive,0,-1.122977,0.245916,0.121495
aaaaaphs_s001_t000,calibration,1.5,naive,1,3.705937,0.970475,0.395646
aaaaaphw_s001_t000,calibration,1.5,naive,0,2.199893,0.886333,0.856974
aaaaapij_s001_t000,calibration,1.5,naive,0,-0.174028,0.446707,0.401592
aaaaapjc_s001_t001,calibration,1.5,naive,0,-2.359940,0.090942,0.542635
aaaaapka_s001_t000,calibration,1.5,naive,0,-0.671397,0.334228,0.957204
aaaaapkx_s001_t001,calibration,1.5,naive,1,-1.067062,0.255955,1.527801
aaaaaply_s001_t001,calibration,1.5,naive,1,4.397700,0.984532,5.595278
aaaaapmb_s002_t001,calibration,1.5,naive,1,0.520013,0.610409,0.274167
aaaaapmp_s001_t000,calibration,1.5,naive,1,0.390862,0.580702,0.366837
aaaaapnr_s001_t000,calibration,1.5,naive,1,-0.929335,0.281804,1.076097
aaaaapoc_s001_t000,calibration,1.5,naive,1,3.949945,0.976470,0.554098
aaaaapof_s001_t000,calibration,1.5,naive,0,-1.494573,0.186108,0.685939
aaaaapoo_s001_t000,calibration,1.5,naive,0,-1.007950,0.266856,3.390747
aaaaapoq_s001_t000,calibration,1.5,naive,0,2.409452,0.904996,0.637194
aaaaappb_s001_t000,calibration,1.5,naive,0,-0.147722,0.452926,0.516938
aaaaapqd_s001_t000,calibration,1.5,naive,1,-0.837560,0.299883,0.486562
aaaaapqv_s001_t000,calibration,1.5,naive,0,-0.844847,0.298423,3.281207
aaaaapta_s001_t000,calibration,1.5,naive,1,3.482974,0.963721,4.557794
aaaaapth_s001_t000,calibration,1.5,naive,1,0.415965,0.586529,1.417625
aaaaapua_s001_t001,calibration,1.5,naive,0,-2.841763,0.059386,0.345743
aaaaapuu_s001_t000,calibration,1.5,naive,0,-2.004340,0.123199,0.081692
aaaaapvw_s001_t001,calibration,1.5,naive,1,3.367267,0.959651,1.127748
aaaaapvy_s001_t000,calibration,1.5,naive,1,-0.205584,0.439269,1.150907
aaaaapwn_s001_t001,calibration,1.5,naive,0,0.250164,0.547666,2.517736
aaaaapwo_s001_t001,calibration,1.5,naive,1,7.393808,0.999103,0.282317
aaaaapxm_s001_t001,calibration,1.5,naive,0,-1.145421,0.241961,0.287796
aaaaapys_s001_t001,calibration,1.5,naive,1,11.978761,0.999989,0.666910
aaaaapys_s002_t001,calibration,1.5,naive,1,8.593739,0.999715,2.676521
aaaaaayx_s002_t000,calibration,2.0,canonicalized,0,0.202175,0.536286,1.642176
aaaaabdo_s003_t000,calibration,2.0,canonicalized,1,5.570985,0.994904,1.519506
aaaaabsk_s007_t000,calibration,2.0,canonicalized,1,0.466174,0.598111,1.003793
aaaaabuv_s002_t000,calibration,2.0,canonicalized,1,1.567353,0.809930,0.973321
aaaaacad_s003_t000,calibration,2.0,canonicalized,0,0.920193,0.696635,0.656851
aaaaacby_s004_t000,calibration,2.0,canonicalized,0,-0.628362,0.343438,0.121205
aaaaaddm_s006_t000,calibration,2.0,canonicalized,1,3.401061,0.960883,1.421212
aaaaadeu_s002_t000,calibration,2.0,canonicalized,1,3.101629,0.948595,0.939387
aaaaadjk_s002_t000,calibration,2.0,canonicalized,0,-1.790122,0.147061,0.233014
aaaaadkb_s002_t000,calibration,2.0,canonicalized,1,5.106050,0.992077,4.721467
aaaaadsm_s002_t001,calibration,2.0,canonicalized,0,-2.176235,0.106529,0.376146
aaaaaeab_s003_t000,calibration,2.0,canonicalized,0,-0.374896,0.399902,0.664492
aaaaaejc_s003_t001,calibration,2.0,canonicalized,0,0.676852,0.645396,0.331730
aaaaaezn_s003_t001,calibration,2.0,canonicalized,1,0.831920,0.678524,3.650870
aaaaafhl_s003_t000,calibration,2.0,canonicalized,1,0.402648,0.583441,2.241765
aaaaagfk_s003_t000,calibration,2.0,canonicalized,0,-1.382791,0.202827,0.301262
aaaaagsc_s003_t001,calibration,2.0,canonicalized,1,3.546334,0.965778,7.912089
aaaaagsc_s006_t001,calibration,2.0,canonicalized,1,-0.876650,0.292101,0.437632
aaaaaguk_s002_t001,calibration,2.0,canonicalized,0,-2.477530,0.082072,0.304205
aaaaagvx_s002_t000,calibration,2.0,canonicalized,1,0.601687,0.628796,1.358581
aaaaagvx_s003_t001,calibration,2.0,canonicalized,1,1.081494,0.728181,0.671906
aaaaagyr_s002_t000,calibration,2.0,canonicalized,1,-0.203264,0.439815,0.681135
aaaaahie_s005_t001,calibration,2.0,canonicalized,1,5.349870,0.993713,0.285969
aaaaahsv_s002_t000,calibration,2.0,canonicalized,0,-0.817048,0.304013,1.980520
aaaaahte_s002_t000,calibration,2.0,canonicalized,1,6.416459,0.997721,2.407014
aaaaahte_s003_t000,calibration,2.0,canonicalized,1,5.313992,0.993495,1.619883
aaaaahuy_s002_t000,calibration,2.0,canonicalized,1,-1.593836,0.172170,0.189950
aaaaahzi_s001_t000,calibration,2.0,canonicalized,0,0.301506,0.559786,0.291877
aaaaahzm_s001_t001,calibration,2.0,canonicalized,0,-0.182088,0.444805,0.068051
aaaaahzq_s001_t000,calibration,2.0,canonicalized,0,-3.237582,0.041463,0.593087
aaaaahzs_s001_t001,calibration,2.0,canonicalized,0,0.143497,0.522322,0.316860
aaaaaiae_s001_t000,calibration,2.0,canonicalized,0,0.179419,0.530876,0.642873
aaaaaibx_s001_t000,calibration,2.0,canonicalized,0,-0.691249,0.330022,0.649503
aaaaaiby_s001_t000,calibration,2.0,canonicalized,0,-0.703440,0.327452,1.452311
aaaaaici_s001_t000,calibration,2.0,canonicalized,0,-1.954416,0.128444,3.342380
aaaaaicn_s001_t000,calibration,2.0,canonicalized,0,0.227950,0.542404,0.471072
aaaaaijh_s002_t000,calibration,2.0,canonicalized,1,-3.162531,0.044408,0.411524
aaaaaijn_s001_t001,calibration,2.0,canonicalized,0,-0.886178,0.290223,0.291197
aaaaairb_s001_t001,calibration,2.0,canonicalized,0,1.217628,0.753146,0.274355
aaaaairo_s001_t000,calibration,2.0,canonicalized,0,-1.994740,0.124193,0.892754
aaaaaitt_s001_t000,calibration,2.0,canonicalized,0,-1.512873,0.183474,1.047145
aaaaaiue_s004_t000,calibration,2.0,canonicalized,1,0.697884,0.649980,0.865404
aaaaaiuo_s002_t000,calibration,2.0,canonicalized,0,0.841960,0.680613,0.467824
aaaaaiwz_s001_t001,calibration,2.0,canonicalized,0,-1.336318,0.210100,0.138060
aaaaaiyy_s001_t001,calibration,2.0,canonicalized,0,-1.772050,0.149240,1.427121
aaaaaizd_s001_t001,calibration,2.0,canonicalized,0,-0.024994,0.482104,1.350887
aaaaaizs_s001_t000,calibration,2.0,canonicalized,0,0.690080,0.648282,0.412175
aaaaajae_s001_t001,calibration,2.0,canonicalized,0,2.389403,0.903337,0.911805
aaaaajah_s002_t001,calibration,2.0,canonicalized,1,0.510026,0.608138,0.731745
aaaaajah_s004_t000,calibration,2.0,canonicalized,1,-0.429078,0.387547,1.515167
aaaaajal_s001_t001,calibration,2.0,canonicalized,0,-2.031127,0.120461,0.634484
aaaaajam_s001_t000,calibration,2.0,canonicalized,1,-1.025426,0.263603,0.247760
aaaaajar_s001_t001,calibration,2.0,canonicalized,0,-1.043999,0.260173,0.472049
aaaaajbb_s001_t000,calibration,2.0,canonicalized,0,1.251721,0.759151,1.365117
aaaaajbh_s002_t000,calibration,2.0,canonicalized,0,-1.078711,0.253841,0.315311
aaaaajce_s001_t000,calibration,2.0,canonicalized,0,-0.805808,0.306289,0.469517
aaaaajci_s001_t000,calibration,2.0,canonicalized,0,-0.421259,0.389322,0.143144
aaaaajck_s001_t000,calibration,2.0,canonicalized,0,-1.758828,0.150851,0.474704
aaaaajct_s001_t000,calibration,2.0,canonicalized,0,0.587696,0.625671,0.800038
aaaaajcu_s001_t000,calibration,2.0,canonicalized,0,-0.889103,0.289648,0.830872
aaaaajda_s001_t000,calibration,2.0,canonicalized,0,-2.269242,0.098363,0.497408
aaaaajdb_s001_t000,calibration,2.0,canonicalized,0,-1.153220,0.240597,1.411864
aaaaajdv_s001_t000,calibration,2.0,canonicalized,0,0.641702,0.637674,2.228797
aaaaajdy_s001_t000,calibration,2.0,canonicalized,0,-2.030617,0.120513,0.355338
aaaaajdz_s001_t000,calibration,2.0,canonicalized,0,-0.080716,0.468830,0.569981
aaaaajea_s001_t000,calibration,2.0,canonicalized,0,1.878280,0.851522,1.592870
aaaaajen_s001_t000,calibration,2.0,canonicalized,0,-0.930268,0.281624,0.385469
aaaaajey_s001_t000,calibration,2.0,canonicalized,0,-0.152592,0.451774,0.401459
aaaaajfb_s001_t000,calibration,2.0,canonicalized,0,-2.408092,0.087210,3.021751
aaaaajfe_s001_t000,calibration,2.0,canonicalized,0,-1.324912,0.211914,0.745848
aaaaajff_s001_t000,calibration,2.0,canonicalized,0,-2.362366,0.090751,0.773966
aaaaajfi_s001_t001,calibration,2.0,canonicalized,0,-0.746668,0.318423,0.317309
aaaaajfn_s001_t001,calibration,2.0,canonicalized,0,-1.466044,0.190271,0.715578
aaaaajfy_s001_t000,calibration,2.0,canonicalized,0,-1.751913,0.151699,0.444793
aaaaajga_s001_t001,calibration,2.0,canonicalized,0,1.054715,0.723088,2.370106
aaaaajhy_s001_t000,calibration,2.0,canonicalized,0,-2.489172,0.081238,0.889815
aaaaajit_s001_t001,calibration,2.0,canonicalized,0,-1.823211,0.143140,1.127657
aaaaajiu_s001_t000,calibration,2.0,canonicalized,0,1.724833,0.832018,2.163884
aaaaajiy_s001_t001,calibration,2.0,canonicalized,0,-0.635808,0.341836,0.775533
aaaaajiz_s001_t000,calibration,2.0,canonicalized,0,-0.347028,0.406307,0.868019
aaaaajjb_s001_t001,calibration,2.0,canonicalized,0,-0.342636,0.407320,0.667364
aaaaajje_s001_t000,calibration,2.0,canonicalized,0,-1.329029,0.211258,0.672725
aaaaajjk_s001_t000,calibration,2.0,canonicalized,0,-0.720664,0.323839,1.110273
aaaaajna_s001_t000,calibration,2.0,canonicalized,0,-2.293299,0.096344,0.582481
aaaaajnu_s001_t000,calibration,2.0,canonicalized,0,-2.166101,0.107454,0.822409
aaaaajon_s001_t000,calibration,2.0,canonicalized,0,-0.446547,0.383594,2.457607
aaaaajoo_s002_t001,calibration,2.0,canonicalized,1,-0.091693,0.466219,0.349673
aaaaajpg_s001_t001,calibration,2.0,canonicalized,0,-1.496066,0.185892,0.549567
aaaaajqh_s004_t000,calibration,2.0,canonicalized,1,5.805980,0.995925,1.960828
aaaaajqk_s003_t001,calibration,2.0,canonicalized,1,3.006204,0.943964,0.937252
aaaaajrf_s001_t000,calibration,2.0,canonicalized,1,9.208815,0.999841,3.126554
aaaaajrf_s002_t000,calibration,2.0,canonicalized,1,11.770627,0.999986,1.974131
aaaaajrf_s003_t002,calibration,2.0,canonicalized,1,9.761459,0.999906,4.475995
aaaaajrf_s004_t000,calibration,2.0,canonicalized,1,2.362019,0.901028,0.441436
aaaaajso_s001_t000,calibration,2.0,canonicalized,1,6.362649,0.997601,1.122524
aaaaajtg_s001_t000,calibration,2.0,canonicalized,0,-0.190054,0.442926,2.167782
aaaaajtu_s001_t000,calibration,2.0,canonicalized,0,-0.154651,0.451286,0.597161
aaaaajuh_s001_t000,calibration,2.0,canonicalized,1,5.243036,0.993042,6.272742
aaaaajun_s001_t000,calibration,2.0,canonicalized,0,1.872187,0.850784,0.758530
aaaaajvh_s001_t001,calibration,2.0,canonicalized,0,-0.018198,0.483726,1.242136
aaaaajxp_s001_t000,calibration,2.0,canonicalized,0,-0.412240,0.391372,0.483229
aaaaakck_s001_t001,calibration,2.0,canonicalized,1,1.525746,0.803736,0.363866
aaaaakcx_s001_t001,calibration,2.0,canonicalized,1,6.860636,0.998508,3.049091
aaaaakcy_s005_t001,calibration,2.0,canonicalized,1,7.765857,0.999371,3.692368
aaaaakdj_s001_t000,calibration,2.0,canonicalized,1,1.432491,0.789302,0.713467
aaaaakdo_s001_t000,calibration,2.0,canonicalized,1,0.575585,0.622957,1.416985
aaaaakeq_s001_t000,calibration,2.0,canonicalized,1,2.933081,0.940152,2.550948
aaaaakeq_s002_t000,calibration,2.0,canonicalized,1,2.287162,0.894466,1.198910
aaaaakeq_s003_t000,calibration,2.0,canonicalized,1,3.130689,0.949932,3.966956
aaaaakev_s001_t001,calibration,2.0,canonicalized,1,10.738077,0.999963,11.813914
aaaaakev_s002_t000,calibration,2.0,canonicalized,1,10.027954,0.999928,4.775115
aaaaakft_s001_t000,calibration,2.0,canonicalized,0,-1.624253,0.168068,0.756980
aaaaakgp_s001_t001,calibration,2.0,canonicalized,0,0.860957,0.684544,1.880238
aaaaakgu_s001_t000,calibration,2.0,canonicalized,1,-0.709463,0.326186,0.159255
aaaaakjk_s002_t002,calibration,2.0,canonicalized,1,2.446852,0.908024,0.430117
aaaaakjk_s003_t000,calibration,2.0,canonicalized,1,1.561742,0.809104,1.147378
aaaaakka_s001_t001,calibration,2.0,canonicalized,0,-0.964987,0.274963,0.641540
aaaaakmg_s003_t001,calibration,2.0,canonicalized,1,5.496935,0.994533,0.791227
aaaaakmh_s001_t000,calibration,2.0,canonicalized,1,0.330902,0.566694,2.525002
aaaaaknt_s001_t000,calibration,2.0,canonicalized,1,1.048265,0.721853,1.560412
aaaaakoo_s001_t001,calibration,2.0,canonicalized,1,9.878414,0.999916,2.437984
aaaaakqg_s001_t001,calibration,2.0,canonicalized,0,-0.626215,0.343901,0.965403
aaaaakqr_s001_t000,calibration,2.0,canonicalized,0,-1.100150,0.249982,0.534052
aaaaakrt_s001_t001,calibration,2.0,canonicalized,1,4.194616,0.981282,0.604725
aaaaakrt_s002_t001,calibration,2.0,canonicalized,1,4.322444,0.983398,2.452163
aaaaaksb_s001_t000,calibration,2.0,canonicalized,0,-1.749613,0.151982,0.384180
aaaaaksu_s001_t001,calibration,2.0,canonicalized,0,0.056391,0.501534,0.687487
aaaaakxz_s001_t001,calibration,2.0,canonicalized,1,0.934060,0.699427,0.297173
aaaaakxz_s002_t001,calibration,2.0,canonicalized,1,3.811963,0.973243,2.097560
aaaaalaf_s001_t000,calibration,2.0,canonicalized,0,-1.303227,0.215395,0.322958
aaaaalau_s001_t000,calibration,2.0,canonicalized,1,1.796040,0.841312,0.935165
aaaaalbh_s001_t000,calibration,2.0,canonicalized,1,2.924612,0.939695,6.387937
aaaaalbt_s001_t001,calibration,2.0,canonicalized,0,-0.712014,0.325651,0.553662
aaaaalbt_s002_t000,calibration,2.0,canonicalized,0,-1.217174,0.229612,1.585767
aaaaalbz_s006_t000,calibration,2.0,canonicalized,1,8.160569,0.999569,4.599907
aaaaalid_s001_t001,calibration,2.0,canonicalized,0,2.608222,0.920114,1.845283
aaaaaljf_s001_t000,calibration,2.0,canonicalized,1,2.388844,0.903290,1.164038
aaaaaljj_s001_t000,calibration,2.0,canonicalized,0,-1.853119,0.139672,1.287985
aaaaallc_s001_t001,calibration,2.0,canonicalized,0,0.342518,0.569417,1.419859
aaaaalle_s002_t000,calibration,2.0,canonicalized,1,1.669162,0.824453,0.432080
aaaaalox_s001_t001,calibration,2.0,canonicalized,0,2.802370,0.932728,4.047310
aaaaalpv_s001_t000,calibration,2.0,canonicalized,0,0.543787,0.615796,1.266232
aaaaalqa_s001_t000,calibration,2.0,canonicalized,0,-0.799068,0.307659,1.278145
aaaaalqr_s001_t001,calibration,2.0,canonicalized,1,1.535631,0.805221,0.066830
aaaaalqs_s001_t001,calibration,2.0,canonicalized,0,-1.484137,0.187623,0.505615
aaaaalqx_s001_t000,calibration,2.0,canonicalized,0,-2.037021,0.119866,1.483972
aaaaalrc_s002_t000,calibration,2.0,canonicalized,1,15.201885,0.999999,2.388845
aaaaalsq_s001_t000,calibration,2.0,canonicalized,0,0.914565,0.695498,0.250569
aaaaalsx_s001_t000,calibration,2.0,canonicalized,1,-0.213218,0.437473,0.296427
aaaaalsx_s004_t001,calibration,2.0,canonicalized,1,0.284817,0.555853,0.195280
aaaaaluz_s001_t001,calibration,2.0,canonicalized,0,-0.883141,0.290821,0.268112
aaaaalvw_s001_t000,calibration,2.0,canonicalized,0,-2.935382,0.054583,0.480682
aaaaalvz_s001_t000,calibration,2.0,canonicalized,1,9.045036,0.999815,1.203491
aaaaalxk_s001_t000,calibration,2.0,canonicalized,0,0.542539,0.615514,0.574883
aaaaalyr_s001_t000,calibration,2.0,canonicalized,1,0.730295,0.656991,0.291253
aaaaalzk_s002_t001,calibration,2.0,canonicalized,1,8.150992,0.999565,6.231357
aaaaamcb_s001_t001,calibration,2.0,canonicalized,1,6.416230,0.997721,1.631436
aaaaamfe_s001_t001,calibration,2.0,canonicalized,0,0.937747,0.700167,0.781618
aaaaamft_s001_t001,calibration,2.0,canonicalized,1,2.819436,0.933744,0.292636
aaaaamfu_s001_t000,calibration,2.0,canonicalized,0,-0.692344,0.329791,0.400854
aaaaamhi_s001_t000,calibration,2.0,canonicalized,1,6.946845,0.998626,5.127158
aaaaamhk_s001_t000,calibration,2.0,canonicalized,1,2.396893,0.903960,0.403226
aaaaamjc_s001_t001,calibration,2.0,canonicalized,1,6.840351,0.998479,2.903263
aaaaammh_s001_t001,calibration,2.0,canonicalized,1,1.251437,0.759102,0.843015
aaaaamnq_s001_t000,calibration,2.0,canonicalized,1,4.891600,0.990294,6.905767
aaaaamnq_s002_t000,calibration,2.0,canonicalized,1,3.713823,0.970690,1.462515
aaaaamon_s001_t000,calibration,2.0,canonicalized,0,0.309210,0.561598,2.297999
aaaaampz_s001_t000,calibration,2.0,canonicalized,1,-0.226266,0.434408,1.780860
aaaaamrj_s001_t000,calibration,2.0,canonicalized,0,0.044718,0.498746,0.216798
aaaaamsc_s001_t000,calibration,2.0,canonicalized,1,3.520617,0.964957,0.293205
aaaaamtb_s001_t000,calibration,2.0,canonicalized,0,2.999773,0.943638,1.498086
aaaaamuc_s001_t000,calibration,2.0,canonicalized,0,-0.926477,0.282357,0.233524
aaaaamxn_s001_t000,calibration,2.0,canonicalized,1,0.843053,0.680839,0.207349
aaaaamyb_s001_t001,calibration,2.0,canonicalized,0,-1.089739,0.251851,1.774127
aaaaamye_s001_t000,calibration,2.0,canonicalized,1,8.673944,0.999736,3.176892
aaaaamzi_s001_t001,calibration,2.0,canonicalized,1,5.997363,0.996603,6.488073
aaaaamzl_s001_t000,calibration,2.0,canonicalized,0,-1.322974,0.212224,0.258329
aaaaamzx_s001_t000,calibration,2.0,canonicalized,0,-2.250402,0.099971,1.452763
aaaaanbq_s001_t000,calibration,2.0,canonicalized,0,-0.688299,0.330645,0.601318
aaaaanek_s001_t000,calibration,2.0,canonicalized,0,-2.104422,0.113237,0.263787
aaaaangp_s001_t000,calibration,2.0,canonicalized,0,-0.511488,0.369035,0.408012
aaaaanhb_s001_t003,calibration,2.0,canonicalized,1,3.570457,0.966532,3.742980
aaaaanhb_s003_t001,calibration,2.0,canonicalized,1,2.991965,0.943240,1.038366
aaaaanhb_s005_t000,calibration,2.0,canonicalized,1,3.857945,0.974363,2.063356
aaaaankf_s001_t000,calibration,2.0,canonicalized,1,4.264624,0.982472,0.832070
aaaaanlp_s001_t000,calibration,2.0,canonicalized,0,-0.495478,0.372603,0.630107
aaaaanmc_s001_t000,calibration,2.0,canonicalized,1,4.813454,0.989549,5.309390
aaaaanop_s001_t000,calibration,2.0,canonicalized,0,0.312518,0.562377,2.434319
aaaaanoz_s001_t000,calibration,2.0,canonicalized,1,-0.998508,0.268625,0.632905
aaaaanpr_s001_t002,calibration,2.0,canonicalized,1,1.490890,0.798430,1.462165
aaaaanqe_s001_t000,calibration,2.0,canonicalized,0,-1.699292,0.158282,0.786719
aaaaanro_s001_t000,calibration,2.0,canonicalized,1,3.086226,0.947873,1.678982
aaaaansj_s001_t000,calibration,2.0,canonicalized,1,1.682942,0.826350,2.244297
aaaaanta_s001_t000,calibration,2.0,canonicalized,1,5.228892,0.992948,5.381510
aaaaanum_s001_t000,calibration,2.0,canonicalized,0,-0.136362,0.455616,0.555793
aaaaanvb_s002_t000,calibration,2.0,canonicalized,0,-0.791884,0.309123,0.486388
aaaaanvg_s001_t002,calibration,2.0,canonicalized,0,2.038135,0.869812,0.807343
aaaaanvw_s001_t000,calibration,2.0,canonicalized,0,-1.977619,0.125983,0.992770
aaaaanwc_s001_t001,calibration,2.0,canonicalized,1,4.287176,0.982839,14.907016
aaaaanxl_s001_t000,calibration,2.0,canonicalized,1,4.588249,0.987073,3.893290
aaaaanyb_s001_t001,calibration,2.0,canonicalized,0,-0.731593,0.321557,0.049866
aaaaanyt_s002_t000,calibration,2.0,canonicalized,1,5.455431,0.994313,3.262507
aaaaanyw_s001_t000,calibration,2.0,canonicalized,1,2.720203,0.927632,0.431002
aaaaanyw_s002_t000,calibration,2.0,canonicalized,1,3.307925,0.957398,3.629027
aaaaanzh_s001_t000,calibration,2.0,canonicalized,1,-0.209888,0.438256,1.239038
aaaaanzu_s001_t003,calibration,2.0,canonicalized,1,2.741378,0.928979,1.736941
aaaaaoav_s001_t000,calibration,2.0,canonicalized,0,-0.576372,0.354723,0.522022
aaaaaoav_s002_t000,calibration,2.0,canonicalized,0,-1.212928,0.230330,0.729147
aaaaaobi_s001_t000,calibration,2.0,canonicalized,1,-0.104223,0.463241,0.517987
aaaaaobl_s001_t000,calibration,2.0,canonicalized,0,-1.254171,0.223420,0.826075
aaaaaoby_s001_t000,calibration,2.0,canonicalized,0,-0.194878,0.441789,1.178763
aaaaaoda_s001_t000,calibration,2.0,canonicalized,1,6.780187,0.998389,2.323711
aaaaaoeg_s001_t000,calibration,2.0,canonicalized,0,-0.539062,0.362922,0.306858
aaaaaofj_s001_t000,calibration,2.0,canonicalized,0,-0.260078,0.426489,1.271822
aaaaaofr_s001_t000,calibration,2.0,canonicalized,0,1.306857,0.768650,1.029020
aaaaaofz_s001_t000,calibration,2.0,canonicalized,0,-0.435995,0.385980,0.928248
aaaaaohb_s001_t000,calibration,2.0,canonicalized,1,4.320503,0.983368,0.556406
aaaaaohr_s002_t001,calibration,2.0,canonicalized,1,4.536330,0.986425,1.014671
aaaaaoiq_s001_t000,calibration,2.0,canonicalized,1,1.106155,0.732819,0.584342
aaaaaoiv_s001_t000,calibration,2.0,canonicalized,1,-0.019053,0.483522,0.324157
aaaaaoiv_s002_t001,calibration,2.0,canonicalized,1,8.574879,0.999710,1.524376
aaaaaoiv_s003_t003,calibration,2.0,canonicalized,1,7.899239,0.999446,1.052139
aaaaaojd_s001_t002,calibration,2.0,canonicalized,0,-0.136359,0.455617,1.376487
aaaaaokg_s001_t000,calibration,2.0,canonicalized,0,2.819275,0.933734,4.478116
aaaaaoly_s001_t000,calibration,2.0,canonicalized,0,-0.949816,0.277861,5.481781
aaaaaome_s001_t000,calibration,2.0,canonicalized,0,-1.110976,0.248048,0.363552
aaaaaomx_s001_t000,calibration,2.0,canonicalized,0,-0.728208,0.322263,0.298284
aaaaaomy_s001_t000,calibration,2.0,canonicalized,1,4.091975,0.979394,10.758736
aaaaaonb_s001_t000,calibration,2.0,canonicalized,0,0.179808,0.530969,0.464463
aaaaaons_s002_t002,calibration,2.0,canonicalized,1,2.293506,0.895036,0.295461
aaaaaopd_s001_t000,calibration,2.0,canonicalized,0,-2.390726,0.088540,2.008413
aaaaaopo_s001_t000,calibration,2.0,canonicalized,0,-0.783031,0.310932,0.880611
aaaaaora_s002_t000,calibration,2.0,canonicalized,1,1.663310,0.823643,0.789701
aaaaaord_s001_t000,calibration,2.0,canonicalized,1,1.019309,0.716265,0.767854
aaaaaosh_s001_t000,calibration,2.0,canonicalized,1,0.233400,0.543696,0.323000
aaaaaosw_s001_t000,calibration,2.0,canonicalized,0,0.077686,0.506619,2.446615
aaaaaote_s001_t000,calibration,2.0,canonicalized,0,-0.426077,0.388228,1.091849
aaaaaout_s001_t000,calibration,2.0,canonicalized,1,2.055377,0.871666,2.741817
aaaaaovl_s001_t000,calibration,2.0,canonicalized,1,5.040532,0.991570,0.593068
aaaaaovo_s001_t000,calibration,2.0,canonicalized,1,7.621795,0.999278,2.695930
aaaaaowb_s001_t000,calibration,2.0,canonicalized,0,-0.687242,0.330869,2.529089
aaaaaoxf_s001_t000,calibration,2.0,canonicalized,0,-0.922831,0.283063,0.349808
aaaaaozf_s001_t001,calibration,2.0,canonicalized,0,-0.272867,0.423504,2.115154
aaaaapag_s001_t000,calibration,2.0,canonicalized,0,-1.418413,0.197381,2.734477
aaaaapar_s001_t000,calibration,2.0,canonicalized,1,13.042362,0.999996,1.510152
aaaaapcb_s001_t000,calibration,2.0,canonicalized,0,0.568982,0.621475,0.316397
aaaaapcy_s001_t002,calibration,2.0,canonicalized,0,-1.238990,0.225946,0.955148
aaaaapdg_s001_t000,calibration,2.0,canonicalized,0,-1.184772,0.235133,0.111689
aaaaaphs_s001_t000,calibration,2.0,canonicalized,1,4.069074,0.978947,0.763813
aaaaaphw_s001_t000,calibration,2.0,canonicalized,0,2.015297,0.867321,0.880239
aaaaapij_s001_t000,calibration,2.0,canonicalized,0,-0.319576,0.412649,0.422338
aaaaapjc_s001_t001,calibration,2.0,canonicalized,0,-2.761115,0.063839,0.580944
aaaaapka_s001_t000,calibration,2.0,canonicalized,0,-0.975065,0.273047,0.739446
aaaaapkx_s001_t001,calibration,2.0,canonicalized,1,-0.908834,0.285785,2.947972
aaaaaply_s001_t001,calibration,2.0,canonicalized,1,4.457208,0.985374,4.246826
aaaaapmb_s002_t001,calibration,2.0,canonicalized,1,1.394273,0.783166,0.226553
aaaaapmp_s001_t000,calibration,2.0,canonicalized,1,0.666988,0.643236,0.293597
aaaaapnr_s001_t000,calibration,2.0,canonicalized,1,-1.250353,0.224054,1.226863
aaaaapoc_s001_t000,calibration,2.0,canonicalized,1,4.398945,0.984550,0.941767
aaaaapof_s001_t000,calibration,2.0,canonicalized,0,-1.514384,0.183258,0.740097
aaaaapoo_s001_t000,calibration,2.0,canonicalized,0,-1.224123,0.228440,3.166234
aaaaapoq_s001_t000,calibration,2.0,canonicalized,0,2.211343,0.887431,0.676148
aaaaappb_s001_t000,calibration,2.0,canonicalized,0,-0.662354,0.336153,0.560671
aaaaapqd_s001_t000,calibration,2.0,canonicalized,1,0.078374,0.506783,0.667183
aaaaapqv_s001_t000,calibration,2.0,canonicalized,0,-1.146661,0.241744,3.387255
aaaaapta_s001_t000,calibration,2.0,canonicalized,1,3.591076,0.967163,3.508519
aaaaapth_s001_t000,calibration,2.0,canonicalized,1,1.184044,0.747133,1.488908
aaaaapua_s001_t001,calibration,2.0,canonicalized,0,-2.980947,0.052380,0.355516
aaaaapuu_s001_t000,calibration,2.0,canonicalized,0,-1.359350,0.206472,0.210969
aaaaapvw_s001_t001,calibration,2.0,canonicalized,1,3.768576,0.972142,1.210025
aaaaapvy_s001_t000,calibration,2.0,canonicalized,1,1.299057,0.767322,1.943907
aaaaapwn_s001_t001,calibration,2.0,canonicalized,0,0.124566,0.517808,2.713241
aaaaapwo_s001_t001,calibration,2.0,canonicalized,1,7.954342,0.999475,0.569022
aaaaapxm_s001_t001,calibration,2.0,canonicalized,0,-1.334445,0.210397,0.235461
aaaaapys_s001_t001,calibration,2.0,canonicalized,1,12.732973,0.999995,0.551022
aaaaapys_s002_t001,calibration,2.0,canonicalized,1,9.225235,0.999844,2.348546
aaaaaayx_s002_t000,calibration,2.0,naive,0,0.322818,0.564797,1.600193
aaaaabdo_s003_t000,calibration,2.0,naive,1,4.894244,0.990318,0.920602
aaaaabsk_s007_t000,calibration,2.0,naive,1,-0.117035,0.460200,1.006409
aaaaabuv_s002_t000,calibration,2.0,naive,1,1.426442,0.788339,0.863564
aaaaacad_s003_t000,calibration,2.0,naive,0,0.887318,0.689957,0.525637
aaaaacby_s004_t000,calibration,2.0,naive,0,-0.336199,0.408805,0.111030
aaaaaddm_s006_t000,calibration,2.0,naive,1,3.234376,0.954439,1.389611
aaaaadeu_s002_t000,calibration,2.0,naive,1,2.389614,0.903354,0.818101
aaaaadjk_s002_t000,calibration,2.0,naive,0,-1.630659,0.167214,0.285866
aaaaadkb_s002_t000,calibration,2.0,naive,1,5.375893,0.993867,4.519340
aaaaadsm_s002_t001,calibration,2.0,naive,0,-1.973827,0.126382,0.382158
aaaaaeab_s003_t000,calibration,2.0,naive,0,-0.724223,0.323095,0.609457
aaaaaejc_s003_t001,calibration,2.0,naive,0,0.280419,0.554816,0.258712
aaaaaezn_s003_t001,calibration,2.0,naive,1,1.105279,0.732655,2.718752
aaaaafhl_s003_t000,calibration,2.0,naive,1,0.278343,0.554326,1.068962
aaaaagfk_s003_t000,calibration,2.0,naive,0,-1.150198,0.241125,0.350226
aaaaagsc_s003_t001,calibration,2.0,naive,1,3.626253,0.968214,7.604498
aaaaagsc_s006_t001,calibration,2.0,naive,1,-0.731454,0.321586,0.325142
aaaaaguk_s002_t001,calibration,2.0,naive,0,-2.619008,0.072448,0.536739
aaaaagvx_s002_t000,calibration,2.0,naive,1,0.435766,0.591109,1.272623
aaaaagvx_s003_t001,calibration,2.0,naive,1,1.186306,0.747541,0.613764
aaaaagyr_s002_t000,calibration,2.0,naive,1,-0.089061,0.466845,0.689514
aaaaahie_s005_t001,calibration,2.0,naive,1,3.242467,0.954774,0.260569
aaaaahsv_s002_t000,calibration,2.0,naive,0,-0.934659,0.280776,1.613724
aaaaahte_s002_t000,calibration,2.0,naive,1,6.348872,0.997570,2.173554
aaaaahte_s003_t000,calibration,2.0,naive,1,5.061757,0.991738,1.863759
aaaaahuy_s002_t000,calibration,2.0,naive,1,-1.255252,0.223241,0.113443
aaaaahzi_s001_t000,calibration,2.0,naive,0,-0.333187,0.409501,0.142995
aaaaahzm_s001_t001,calibration,2.0,naive,0,-0.069303,0.471546,0.125810
aaaaahzq_s001_t000,calibration,2.0,naive,0,-3.035328,0.049860,0.308184
aaaaahzs_s001_t001,calibration,2.0,naive,0,0.006104,0.489525,0.573204
aaaaaiae_s001_t000,calibration,2.0,naive,0,0.033292,0.496017,1.247766
aaaaaibx_s001_t000,calibration,2.0,naive,0,-0.639240,0.341099,0.375662
aaaaaiby_s001_t000,calibration,2.0,naive,0,-0.300686,0.417029,1.528103
aaaaaici_s001_t000,calibration,2.0,naive,0,-2.088072,0.114815,0.948148
aaaaaicn_s001_t000,calibration,2.0,naive,0,-0.107533,0.462455,1.294625
aaaaaijh_s002_t000,calibration,2.0,naive,1,-3.248176,0.041063,0.394006
aaaaaijn_s001_t001,calibration,2.0,naive,0,-0.509827,0.369404,0.365309
aaaaairb_s001_t001,calibration,2.0,naive,0,1.169780,0.744550,0.245463
aaaaairo_s001_t000,calibration,2.0,naive,0,-1.840827,0.141089,1.169906
aaaaaitt_s001_t000,calibration,2.0,naive,0,-1.660936,0.163225,0.719716
aaaaaiue_s004_t000,calibration,2.0,naive,1,0.600640,0.628563,0.768466
aaaaaiuo_s002_t000,calibration,2.0,naive,0,0.963264,0.705260,0.520765
aaaaaiwz_s001_t001,calibration,2.0,naive,0,-1.397391,0.200581,0.219209
aaaaaiyy_s001_t001,calibration,2.0,naive,0,-1.846953,0.140381,1.238993
aaaaaizd_s001_t001,calibration,2.0,naive,0,-0.185389,0.444026,1.175014
aaaaaizs_s001_t000,calibration,2.0,naive,0,0.657681,0.641193,0.187245
aaaaajae_s001_t001,calibration,2.0,naive,0,1.024880,0.717345,1.027560
aaaaajah_s002_t001,calibration,2.0,naive,1,0.815506,0.675094,0.706790
aaaaajah_s004_t000,calibration,2.0,naive,1,-0.828812,0.301640,1.785945
aaaaajal_s001_t001,calibration,2.0,naive,0,-2.153758,0.108590,0.724717
aaaaajam_s001_t000,calibration,2.0,naive,1,-0.769063,0.313798,0.177821
aaaaajar_s001_t001,calibration,2.0,naive,0,-0.964851,0.274988,0.490794
aaaaajbb_s001_t000,calibration,2.0,naive,0,1.394185,0.783152,1.073436
aaaaajbh_s002_t000,calibration,2.0,naive,0,-0.696865,0.328837,1.125795
aaaaajce_s001_t000,calibration,2.0,naive,0,-0.601639,0.349217,0.411869
aaaaajci_s001_t000,calibration,2.0,naive,0,-0.897835,0.287934,0.152457
aaaaajck_s001_t000,calibration,2.0,naive,0,-1.215651,0.229870,0.603705
aaaaajct_s001_t000,calibration,2.0,naive,0,0.816044,0.675207,0.785681
aaaaajcu_s001_t000,calibration,2.0,naive,0,-0.578185,0.354326,0.903581
aaaaajda_s001_t000,calibration,2.0,naive,0,-1.724313,0.155123,0.406243
aaaaajdb_s001_t000,calibration,2.0,naive,0,-1.146464,0.241779,1.414489
aaaaajdv_s001_t000,calibration,2.0,naive,0,0.646518,0.638736,1.945585
aaaaajdy_s001_t000,calibration,2.0,naive,0,-2.044738,0.119090,0.299503
aaaaajdz_s001_t000,calibration,2.0,naive,0,-0.051395,0.475811,0.495063
aaaaajea_s001_t000,calibration,2.0,naive,0,1.955667,0.860628,1.504198
aaaaajen_s001_t000,calibration,2.0,naive,0,-0.421577,0.389249,0.497447
aaaaajey_s001_t000,calibration,2.0,naive,0,-0.055399,0.474857,0.299211
aaaaajfb_s001_t000,calibration,2.0,naive,0,-2.519936,0.079071,2.438207
aaaaajfe_s001_t000,calibration,2.0,naive,0,-1.544636,0.178972,0.358502
aaaaajff_s001_t000,calibration,2.0,naive,0,-2.674678,0.068955,0.734216
aaaaajfi_s001_t001,calibration,2.0,naive,0,-0.361511,0.402974,0.341700
aaaaajfn_s001_t001,calibration,2.0,naive,0,-1.181263,0.235737,0.363468
aaaaajfy_s001_t000,calibration,2.0,naive,0,-1.633430,0.166845,0.243381
aaaaajga_s001_t001,calibration,2.0,naive,0,1.236513,0.756485,2.294982
aaaaajhy_s001_t000,calibration,2.0,naive,0,-1.678862,0.160899,0.277463
aaaaajit_s001_t001,calibration,2.0,naive,0,-1.710178,0.156901,1.039822
aaaaajiu_s001_t000,calibration,2.0,naive,0,1.921125,0.856622,2.608469
aaaaajiy_s001_t001,calibration,2.0,naive,0,-0.445258,0.383885,0.566973
aaaaajiz_s001_t000,calibration,2.0,naive,0,-0.328211,0.410651,0.860788
aaaaajjb_s001_t001,calibration,2.0,naive,0,0.222668,0.541151,0.329567
aaaaajje_s001_t000,calibration,2.0,naive,0,-1.142918,0.242400,0.493445
aaaaajjk_s001_t000,calibration,2.0,naive,0,-0.591905,0.351333,0.815184
aaaaajna_s001_t000,calibration,2.0,naive,0,-1.854014,0.139569,0.504537
aaaaajnu_s001_t000,calibration,2.0,naive,0,-1.864886,0.138326,0.859982
aaaaajon_s001_t000,calibration,2.0,naive,0,-0.180583,0.445160,2.287619
aaaaajoo_s002_t001,calibration,2.0,naive,1,-0.368656,0.401333,0.446040
aaaaajpg_s001_t001,calibration,2.0,naive,0,-1.605004,0.170654,0.703022
aaaaajqh_s004_t000,calibration,2.0,naive,1,4.245325,0.982151,1.033980
aaaaajqk_s003_t001,calibration,2.0,naive,1,2.952375,0.941181,0.708232
aaaaajrf_s001_t000,calibration,2.0,naive,1,7.825954,0.999406,2.899957
aaaaajrf_s002_t000,calibration,2.0,naive,1,10.719570,0.999963,1.637617
aaaaajrf_s003_t002,calibration,2.0,naive,1,8.332509,0.999634,3.526260
aaaaajrf_s004_t000,calibration,2.0,naive,1,2.046466,0.870710,0.551853
aaaaajso_s001_t000,calibration,2.0,naive,1,5.129907,0.992254,0.952062
aaaaajtg_s001_t000,calibration,2.0,naive,0,-0.242882,0.430512,1.588325
aaaaajtu_s001_t000,calibration,2.0,naive,0,-0.199921,0.440602,0.460476
aaaaajuh_s001_t000,calibration,2.0,naive,1,4.841617,0.989824,5.436242
aaaaajun_s001_t000,calibration,2.0,naive,0,1.866931,0.850146,0.772158
aaaaajvh_s001_t001,calibration,2.0,naive,0,-0.382133,0.398244,0.925327
aaaaajxp_s001_t000,calibration,2.0,naive,0,-0.526138,0.365782,0.434699
aaaaakck_s001_t001,calibration,2.0,naive,1,1.887646,0.852649,0.516476
aaaaakcx_s001_t001,calibration,2.0,naive,1,6.960634,0.998644,3.028683
aaaaakcy_s005_t001,calibration,2.0,naive,1,5.545717,0.994780,1.716411
aaaaakdj_s001_t000,calibration,2.0,naive,1,1.668586,0.824374,0.792599
aaaaakdo_s001_t000,calibration,2.0,naive,1,0.881481,0.688763,0.548768
aaaaakeq_s001_t000,calibration,2.0,naive,1,2.832818,0.934530,2.390518
aaaaakeq_s002_t000,calibration,2.0,naive,1,2.048789,0.870960,0.956424
aaaaakeq_s003_t000,calibration,2.0,naive,1,2.930137,0.939994,3.182140
aaaaakev_s001_t001,calibration,2.0,naive,1,9.977023,0.999924,8.231489
aaaaakev_s002_t000,calibration,2.0,naive,1,9.319748,0.999857,4.872343
aaaaakft_s001_t000,calibration,2.0,naive,0,-1.788311,0.147278,0.211510
aaaaakgp_s001_t001,calibration,2.0,naive,0,1.021177,0.716628,1.990916
aaaaakgu_s001_t000,calibration,2.0,naive,1,-0.595322,0.350590,0.146932
aaaaakjk_s002_t002,calibration,2.0,naive,1,1.489809,0.798264,0.302023
aaaaakjk_s003_t000,calibration,2.0,naive,1,2.108168,0.877202,0.935151
aaaaakka_s001_t001,calibration,2.0,naive,0,-0.963016,0.275338,0.790275
aaaaakmg_s003_t001,calibration,2.0,naive,1,4.622684,0.987486,0.781667
aaaaakmh_s001_t000,calibration,2.0,naive,1,0.475116,0.600162,2.926054
aaaaaknt_s001_t000,calibration,2.0,naive,1,0.737291,0.658496,1.179229
aaaaakoo_s001_t001,calibration,2.0,naive,1,8.359218,0.999643,1.330657
aaaaakqg_s001_t001,calibration,2.0,naive,0,-0.269233,0.424352,1.019261
aaaaakqr_s001_t000,calibration,2.0,naive,0,-0.597344,0.350150,0.459330
aaaaakrt_s001_t001,calibration,2.0,naive,1,4.214700,0.981631,0.971879
aaaaakrt_s002_t001,calibration,2.0,naive,1,4.350706,0.983833,2.639328
aaaaaksb_s001_t000,calibration,2.0,naive,0,-1.662619,0.163005,0.283657
aaaaaksu_s001_t001,calibration,2.0,naive,0,0.124476,0.517787,0.756711
aaaaakxz_s001_t001,calibration,2.0,naive,1,0.409476,0.585025,0.116312
aaaaakxz_s002_t001,calibration,2.0,naive,1,1.820183,0.844367,1.843576
aaaaalaf_s001_t000,calibration,2.0,naive,0,-1.389688,0.201764,0.264187
aaaaalau_s001_t000,calibration,2.0,naive,1,2.135339,0.879971,0.747490
aaaaalbh_s001_t000,calibration,2.0,naive,1,2.898049,0.938241,5.132717
aaaaalbt_s001_t001,calibration,2.0,naive,0,-0.408107,0.392313,0.682536
aaaaalbt_s002_t000,calibration,2.0,naive,0,-1.115413,0.247258,1.610083
aaaaalbz_s006_t000,calibration,2.0,naive,1,5.654844,0.995295,3.668947
aaaaalid_s001_t001,calibration,2.0,naive,0,2.044004,0.870445,0.765516
aaaaaljf_s001_t000,calibration,2.0,naive,1,2.039938,0.870007,1.183418
aaaaaljj_s001_t000,calibration,2.0,naive,0,-1.819312,0.143598,1.032867
aaaaallc_s001_t001,calibration,2.0,naive,0,0.291136,0.557343,1.137275
aaaaalle_s002_t000,calibration,2.0,naive,1,1.758512,0.836467,0.528580
aaaaalox_s001_t001,calibration,2.0,naive,0,2.945590,0.940821,3.884491
aaaaalpv_s001_t000,calibration,2.0,naive,0,0.607646,0.630124,1.274460
aaaaalqa_s001_t000,calibration,2.0,naive,0,-0.680776,0.332238,0.950393
aaaaalqr_s001_t001,calibration,2.0,naive,1,0.883361,0.689148,0.074256
aaaaalqs_s001_t001,calibration,2.0,naive,0,-0.998024,0.268716,0.555106
aaaaalqx_s001_t000,calibration,2.0,naive,0,-2.153002,0.108660,0.672246
aaaaalrc_s002_t000,calibration,2.0,naive,1,11.454342,0.999981,1.057271
aaaaalsq_s001_t000,calibration,2.0,naive,0,1.039335,0.720137,0.308434
aaaaalsx_s001_t000,calibration,2.0,naive,1,-0.284881,0.420704,0.274604
aaaaalsx_s004_t001,calibration,2.0,naive,1,0.018955,0.492594,0.269517
aaaaaluz_s001_t001,calibration,2.0,naive,0,-1.062190,0.256842,0.150576
aaaaalvw_s001_t000,calibration,2.0,naive,0,-3.163184,0.044382,0.602264
aaaaalvz_s001_t000,calibration,2.0,naive,1,8.025181,0.999509,1.711050
aaaaalxk_s001_t000,calibration,2.0,naive,0,0.290866,0.557280,0.367825
aaaaalyr_s001_t000,calibration,2.0,naive,1,0.182239,0.531547,0.443060
aaaaalzk_s002_t001,calibration,2.0,naive,1,7.714656,0.999340,8.256551
aaaaamcb_s001_t001,calibration,2.0,naive,1,6.192164,0.997178,1.186844
aaaaamfe_s001_t001,calibration,2.0,naive,0,0.545705,0.616230,0.874804
aaaaamft_s001_t001,calibration,2.0,naive,1,1.759382,0.836580,0.058874
aaaaamfu_s001_t000,calibration,2.0,naive,0,0.715361,0.653769,0.285129
aaaaamhi_s001_t000,calibration,2.0,naive,1,6.939183,0.998616,4.896070
aaaaamhk_s001_t000,calibration,2.0,naive,1,2.520779,0.913755,0.439513
aaaaamjc_s001_t001,calibration,2.0,naive,1,5.988547,0.996575,5.293085
aaaaammh_s001_t001,calibration,2.0,naive,1,1.507203,0.800926,0.982382
aaaaamnq_s001_t000,calibration,2.0,naive,1,4.069725,0.978960,5.322398
aaaaamnq_s002_t000,calibration,2.0,naive,1,3.551858,0.965952,1.071073
aaaaamon_s001_t000,calibration,2.0,naive,0,0.326722,0.565713,1.902722
aaaaampz_s001_t000,calibration,2.0,naive,1,0.181979,0.531485,1.382291
aaaaamrj_s001_t000,calibration,2.0,naive,0,0.061536,0.502762,0.199937
aaaaamsc_s001_t000,calibration,2.0,naive,1,3.487208,0.963862,0.206829
aaaaamtb_s001_t000,calibration,2.0,naive,0,3.024259,0.944869,1.731441
aaaaamuc_s001_t000,calibration,2.0,naive,0,-1.227321,0.227902,0.162840
aaaaamxn_s001_t000,calibration,2.0,naive,1,0.653477,0.640269,0.288929
aaaaamyb_s001_t001,calibration,2.0,naive,0,-0.697770,0.328646,1.336414
aaaaamye_s001_t000,calibration,2.0,naive,1,7.930879,0.999463,4.652556
aaaaamzi_s001_t001,calibration,2.0,naive,1,4.392952,0.984463,2.596278
aaaaamzl_s001_t000,calibration,2.0,naive,0,-1.270319,0.220755,0.247089
aaaaamzx_s001_t000,calibration,2.0,naive,0,-1.842438,0.140902,1.478510
aaaaanbq_s001_t000,calibration,2.0,naive,0,-0.199002,0.440818,0.594801
aaaaanek_s001_t000,calibration,2.0,naive,0,-2.405591,0.087400,0.107444
aaaaangp_s001_t000,calibration,2.0,naive,0,-0.576817,0.354625,0.701049
aaaaanhb_s001_t003,calibration,2.0,naive,1,2.489425,0.911365,3.268157
aaaaanhb_s003_t001,calibration,2.0,naive,1,2.569546,0.917356,0.892870
aaaaanhb_s005_t000,calibration,2.0,naive,1,2.799670,0.932566,2.656211
aaaaankf_s001_t000,calibration,2.0,naive,1,4.326924,0.983468,0.945974
aaaaanlp_s001_t000,calibration,2.0,naive,0,-0.364788,0.402221,0.488455
aaaaanmc_s001_t000,calibration,2.0,naive,1,4.520153,0.986216,5.147118
aaaaanop_s001_t000,calibration,2.0,naive,0,0.709919,0.652591,1.702265
aaaaanoz_s001_t000,calibration,2.0,naive,1,-0.594724,0.350720,0.574436
aaaaanpr_s001_t002,calibration,2.0,naive,1,1.346566,0.775327,1.611522
aaaaanqe_s001_t000,calibration,2.0,naive,0,-2.129715,0.110834,0.986081
aaaaanro_s001_t000,calibration,2.0,naive,1,2.938685,0.940453,1.320804
aaaaansj_s001_t000,calibration,2.0,naive,1,1.269352,0.762218,1.189634
aaaaanta_s001_t000,calibration,2.0,naive,1,5.224626,0.992920,4.431212
aaaaanum_s001_t000,calibration,2.0,naive,0,-0.243054,0.430472,0.551439
aaaaanvb_s002_t000,calibration,2.0,naive,0,-0.900182,0.287475,0.505116
aaaaanvg_s001_t002,calibration,2.0,naive,0,1.674184,0.825146,0.633638
aaaaanvw_s001_t000,calibration,2.0,naive,0,-1.762493,0.150403,0.738738
aaaaanwc_s001_t001,calibration,2.0,naive,1,4.336644,0.983618,17.438200
aaaaanxl_s001_t000,calibration,2.0,naive,1,4.181829,0.981056,2.808891
aaaaanyb_s001_t001,calibration,2.0,naive,0,-0.350741,0.405452,0.087001
aaaaanyt_s002_t000,calibration,2.0,naive,1,3.699841,0.970308,1.496841
aaaaanyw_s001_t000,calibration,2.0,naive,1,2.451858,0.908423,0.662910
aaaaanyw_s002_t000,calibration,2.0,naive,1,3.345125,0.958824,3.798653
aaaaanzh_s001_t000,calibration,2.0,naive,1,-0.178120,0.445741,1.320096
aaaaanzu_s001_t003,calibration,2.0,naive,1,2.517586,0.913514,1.447905
aaaaaoav_s001_t000,calibration,2.0,naive,0,-0.060810,0.473568,0.867752
aaaaaoav_s002_t000,calibration,2.0,naive,0,-1.174642,0.236878,0.708159
aaaaaobi_s001_t000,calibration,2.0,naive,1,-0.001874,0.487621,0.374776
aaaaaobl_s001_t000,calibration,2.0,naive,0,-0.520880,0.366948,0.433247
aaaaaoby_s001_t000,calibration,2.0,naive,0,-0.113671,0.460998,1.130167
aaaaaoda_s001_t000,calibration,2.0,naive,1,6.657385,0.998189,1.808702
aaaaaoeg_s001_t000,calibration,2.0,naive,0,-0.418886,0.389861,0.503894
aaaaaofj_s001_t000,calibration,2.0,naive,0,-0.479266,0.376230,0.897247
aaaaaofr_s001_t000,calibration,2.0,naive,0,1.586964,0.812797,1.047155
aaaaaofz_s001_t000,calibration,2.0,naive,0,-0.343945,0.407018,0.749807
aaaaaohb_s001_t000,calibration,2.0,naive,1,3.816551,0.973357,0.399239
aaaaaohr_s002_t001,calibration,2.0,naive,1,4.653112,0.987840,0.839461
aaaaaoiq_s001_t000,calibration,2.0,naive,1,1.295005,0.766631,0.784189
aaaaaoiv_s001_t000,calibration,2.0,naive,1,0.303279,0.560203,0.213676
aaaaaoiv_s002_t001,calibration,2.0,naive,1,8.480061,0.999682,1.401996
aaaaaoiv_s003_t003,calibration,2.0,naive,1,7.248400,0.998969,0.475263
aaaaaojd_s001_t002,calibration,2.0,naive,0,-0.864757,0.294456,0.526539
aaaaaokg_s001_t000,calibration,2.0,naive,0,2.407415,0.904829,4.152110
aaaaaoly_s001_t000,calibration,2.0,naive,0,-1.007622,0.266918,5.353408
aaaaaome_s001_t000,calibration,2.0,naive,0,-1.277228,0.219622,0.423478
aaaaaomx_s001_t000,calibration,2.0,naive,0,-0.818525,0.303714,0.352997
aaaaaomy_s001_t000,calibration,2.0,naive,1,4.006525,0.977680,8.510144
aaaaaonb_s001_t000,calibration,2.0,naive,0,0.392629,0.581113,0.359948
aaaaaons_s002_t002,calibration,2.0,naive,1,2.480678,0.910687,0.289793
aaaaaopd_s001_t000,calibration,2.0,naive,0,-2.126475,0.111139,1.785632
aaaaaopo_s001_t000,calibration,2.0,naive,0,-0.689406,0.330411,0.616878
aaaaaora_s002_t000,calibration,2.0,naive,1,1.591084,0.813396,0.722089
aaaaaord_s001_t000,calibration,2.0,naive,1,1.147213,0.740428,0.714764
aaaaaosh_s001_t000,calibration,2.0,naive,1,-0.025185,0.482059,0.425545
aaaaaosw_s001_t000,calibration,2.0,naive,0,0.333640,0.567336,1.958045
aaaaaote_s001_t000,calibration,2.0,naive,0,-0.568243,0.356502,1.009226
aaaaaout_s001_t000,calibration,2.0,naive,1,1.822809,0.844696,1.672193
aaaaaovl_s001_t000,calibration,2.0,naive,1,5.664297,0.995337,0.449019
aaaaaovo_s001_t000,calibration,2.0,naive,1,7.091070,0.998803,4.995707
aaaaaowb_s001_t000,calibration,2.0,naive,0,-0.339796,0.407975,2.750863
aaaaaoxf_s001_t000,calibration,2.0,naive,0,-0.639789,0.340981,0.308060
aaaaaozf_s001_t001,calibration,2.0,naive,0,0.010854,0.490659,2.302069
aaaaapag_s001_t000,calibration,2.0,naive,0,-1.490728,0.186665,2.601626
aaaaapar_s001_t000,calibration,2.0,naive,1,12.281298,0.999992,0.867236
aaaaapcb_s001_t000,calibration,2.0,naive,0,0.904851,0.693529,1.154286
aaaaapcy_s001_t002,calibration,2.0,naive,0,-1.359774,0.206406,0.737289
aaaaapdg_s001_t000,calibration,2.0,naive,0,-1.103333,0.249412,0.120215
aaaaaphs_s001_t000,calibration,2.0,naive,1,3.728909,0.971097,0.401435
aaaaaphw_s001_t000,calibration,2.0,naive,0,2.229778,0.889178,0.875213
aaaaapij_s001_t000,calibration,2.0,naive,0,-0.163264,0.449250,0.412317
aaaaapjc_s001_t001,calibration,2.0,naive,0,-2.356281,0.091231,0.541473
aaaaapka_s001_t000,calibration,2.0,naive,0,-0.654569,0.337815,0.974059
aaaaapkx_s001_t001,calibration,2.0,naive,1,-1.045366,0.259922,1.539819
aaaaaply_s001_t001,calibration,2.0,naive,1,4.420401,0.984859,5.618902
aaaaapmb_s002_t001,calibration,2.0,naive,1,0.520185,0.610448,0.273000
aaaaapmp_s001_t000,calibration,2.0,naive,1,0.396699,0.582059,0.366584
aaaaapnr_s001_t000,calibration,2.0,naive,1,-0.905978,0.286342,1.079951
aaaaapoc_s001_t000,calibration,2.0,naive,1,3.976796,0.977052,0.557953
aaaaapof_s001_t000,calibration,2.0,naive,0,-1.490794,0.186655,0.683915
aaaaapoo_s001_t000,calibration,2.0,naive,0,-1.006382,0.267149,3.393703
aaaaapoq_s001_t000,calibration,2.0,naive,0,2.430949,0.906747,0.643759
aaaaappb_s001_t000,calibration,2.0,naive,0,-0.134554,0.456045,0.505630
aaaaapqd_s001_t000,calibration,2.0,naive,1,-0.836241,0.300147,0.484822
aaaaapqv_s001_t000,calibration,2.0,naive,0,-0.841580,0.299077,3.283922
aaaaapta_s001_t000,calibration,2.0,naive,1,3.549462,0.965877,4.606151
aaaaapth_s001_t000,calibration,2.0,naive,1,0.429561,0.589675,1.443434
aaaaapua_s001_t001,calibration,2.0,naive,0,-2.838822,0.059543,0.350169
aaaaapuu_s001_t000,calibration,2.0,naive,0,-1.998006,0.123854,0.080529
aaaaapvw_s001_t001,calibration,2.0,naive,1,3.398857,0.960804,1.122876
aaaaapvy_s001_t000,calibration,2.0,naive,1,-0.187282,0.443580,1.140852
aaaaapwn_s001_t001,calibration,2.0,naive,0,0.257264,0.549346,2.531793
aaaaapwo_s001_t001,calibration,2.0,naive,1,7.412130,0.999119,0.284392
aaaaapxm_s001_t001,calibration,2.0,naive,0,-1.137476,0.243356,0.285105
aaaaapys_s001_t001,calibration,2.0,naive,1,11.997970,0.999989,0.671140
aaaaapys_s002_t001,calibration,2.0,naive,1,8.584826,0.999712,2.900937
aaaaaayx_s002_t000,montage,bipolar18,canonicalized,0,1.828730,0.845437,4.066573
aaaaabdo_s003_t000,montage,bipolar18,canonicalized,1,7.937147,0.999466,7.638326
aaaaabsk_s007_t000,montage,bipolar18,canonicalized,1,2.294204,0.895099,0.399239
aaaaabuv_s002_t000,montage,bipolar18,canonicalized,1,3.542620,0.965661,1.344987
aaaaacad_s003_t000,montage,bipolar18,canonicalized,0,0.810991,0.674147,0.286198
aaaaacby_s004_t000,montage,bipolar18,canonicalized,0,1.779705,0.839217,0.122094
aaaaaddm_s006_t000,montage,bipolar18,canonicalized,1,3.894254,0.975216,1.928928
aaaaadeu_s002_t000,montage,bipolar18,canonicalized,1,2.313252,0.896795,1.431411
aaaaadjk_s002_t000,montage,bipolar18,canonicalized,0,0.049412,0.499867,0.084915
aaaaadkb_s002_t000,montage,bipolar18,canonicalized,1,7.189212,0.998910,6.299459
aaaaadsm_s002_t001,montage,bipolar18,canonicalized,0,-0.872443,0.292933,0.267941
aaaaaeab_s003_t000,montage,bipolar18,canonicalized,0,1.763061,0.837060,0.705350
aaaaaejc_s003_t001,montage,bipolar18,canonicalized,0,2.864922,0.936382,2.380480
aaaaaezn_s003_t001,montage,bipolar18,canonicalized,1,2.155339,0.881974,3.175060
aaaaafhl_s003_t000,montage,bipolar18,canonicalized,1,0.223598,0.541372,0.378120
aaaaagfk_s003_t000,montage,bipolar18,canonicalized,0,0.347806,0.570655,0.054925
aaaaagsc_s003_t001,montage,bipolar18,canonicalized,1,5.376249,0.993869,18.727280
aaaaagsc_s006_t001,montage,bipolar18,canonicalized,1,1.812953,0.843457,0.405032
aaaaaguk_s002_t001,montage,bipolar18,canonicalized,0,-0.993041,0.269652,0.324315
aaaaagvx_s002_t000,montage,bipolar18,canonicalized,1,1.276567,0.763465,0.501726
aaaaagvx_s003_t001,montage,bipolar18,canonicalized,1,2.493996,0.911717,0.552818
aaaaagyr_s002_t000,montage,bipolar18,canonicalized,1,1.571384,0.810522,0.751134
aaaaahie_s005_t001,montage,bipolar18,canonicalized,1,5.762473,0.995752,2.035743
aaaaahsv_s002_t000,montage,bipolar18,canonicalized,0,1.264312,0.761344,0.435189
aaaaahte_s002_t000,montage,bipolar18,canonicalized,1,5.831563,0.996023,8.645096
aaaaahte_s003_t000,montage,bipolar18,canonicalized,1,3.244594,0.954861,0.875084
aaaaahuy_s002_t000,montage,bipolar18,canonicalized,1,0.061389,0.502727,0.061213
aaaaahzi_s001_t000,montage,bipolar18,canonicalized,0,2.761640,0.930245,0.436651
aaaaahzm_s001_t001,montage,bipolar18,canonicalized,0,1.825750,0.845064,0.602489
aaaaahzq_s001_t000,montage,bipolar18,canonicalized,0,-0.035425,0.479617,0.347899
aaaaahzs_s001_t001,montage,bipolar18,canonicalized,0,0.355544,0.572465,0.346954
aaaaaiae_s001_t000,montage,bipolar18,canonicalized,0,0.614208,0.631584,0.194897
aaaaaibx_s001_t000,montage,bipolar18,canonicalized,0,0.201842,0.536208,0.296676
aaaaaiby_s001_t000,montage,bipolar18,canonicalized,0,1.705588,0.829433,3.125483
aaaaaici_s001_t000,montage,bipolar18,canonicalized,0,-0.384718,0.397652,1.394438
aaaaaicn_s001_t000,montage,bipolar18,canonicalized,0,0.669212,0.643723,0.238790
aaaaaijh_s002_t000,montage,bipolar18,canonicalized,1,-0.823866,0.302636,0.193484
aaaaaijn_s001_t001,montage,bipolar18,canonicalized,0,0.225243,0.541762,0.094024
aaaaairb_s001_t001,montage,bipolar18,canonicalized,0,0.910835,0.694742,0.631762
aaaaairo_s001_t000,montage,bipolar18,canonicalized,0,0.820613,0.676163,4.462718
aaaaaitt_s001_t000,montage,bipolar18,canonicalized,0,1.666590,0.824097,3.056950
aaaaaiue_s004_t000,montage,bipolar18,canonicalized,1,0.949107,0.702440,1.554285
aaaaaiuo_s002_t000,montage,bipolar18,canonicalized,0,1.594576,0.813901,1.061117
aaaaaiwz_s001_t001,montage,bipolar18,canonicalized,0,1.070308,0.726061,0.088067
aaaaaiyy_s001_t001,montage,bipolar18,canonicalized,0,-0.101565,0.463873,0.542894
aaaaaizd_s001_t001,montage,bipolar18,canonicalized,0,1.455887,0.792995,2.720961
aaaaaizs_s001_t000,montage,bipolar18,canonicalized,0,1.596306,0.814152,0.200877
aaaaajae_s001_t001,montage,bipolar18,canonicalized,0,1.638268,0.820141,0.148984
aaaaajah_s002_t001,montage,bipolar18,canonicalized,1,2.637849,0.922170,0.433746
aaaaajah_s004_t000,montage,bipolar18,canonicalized,1,1.288382,0.765497,0.464763
aaaaajal_s001_t001,montage,bipolar18,canonicalized,0,0.119246,0.516539,0.383486
aaaaajam_s001_t000,montage,bipolar18,canonicalized,1,2.025332,0.868420,0.640703
aaaaajar_s001_t001,montage,bipolar18,canonicalized,0,0.556480,0.618661,0.233024
aaaaajbb_s001_t000,montage,bipolar18,canonicalized,0,2.186733,0.885060,0.283376
aaaaajbh_s002_t000,montage,bipolar18,canonicalized,0,1.229003,0.755161,0.163958
aaaaajce_s001_t000,montage,bipolar18,canonicalized,0,1.309337,0.769071,1.101191
aaaaajci_s001_t000,montage,bipolar18,canonicalized,0,1.430708,0.789019,0.638236
aaaaajck_s001_t000,montage,bipolar18,canonicalized,0,0.578003,0.623500,0.781882
aaaaajct_s001_t000,montage,bipolar18,canonicalized,0,0.729515,0.656823,0.526812
aaaaajcu_s001_t000,montage,bipolar18,canonicalized,0,1.570890,0.810450,1.358400
aaaaajda_s001_t000,montage,bipolar18,canonicalized,0,-0.509462,0.369485,0.893295
aaaaajdb_s001_t000,montage,bipolar18,canonicalized,0,1.864242,0.849818,1.639179
aaaaajdv_s001_t000,montage,bipolar18,canonicalized,0,3.460359,0.962958,2.438991
aaaaajdy_s001_t000,montage,bipolar18,canonicalized,0,0.298460,0.559069,0.164330
aaaaajdz_s001_t000,montage,bipolar18,canonicalized,0,2.418675,0.905751,0.626670
aaaaajea_s001_t000,montage,bipolar18,canonicalized,0,1.623373,0.818032,3.803286
aaaaajen_s001_t000,montage,bipolar18,canonicalized,0,1.239245,0.756966,0.209680
aaaaajey_s001_t000,montage,bipolar18,canonicalized,0,2.964662,0.941827,0.850902
aaaaajfb_s001_t000,montage,bipolar18,canonicalized,0,0.120871,0.516926,0.716960
aaaaajfe_s001_t000,montage,bipolar18,canonicalized,0,0.344478,0.569876,0.355274
aaaaajff_s001_t000,montage,bipolar18,canonicalized,0,0.903755,0.693306,0.289451
aaaaajfi_s001_t001,montage,bipolar18,canonicalized,0,1.319586,0.770806,0.734902
aaaaajfn_s001_t001,montage,bipolar18,canonicalized,0,0.858062,0.683947,1.089447
aaaaajfy_s001_t000,montage,bipolar18,canonicalized,0,-0.017053,0.483999,0.131046
aaaaajga_s001_t001,montage,bipolar18,canonicalized,0,1.974708,0.862795,1.454768
aaaaajhy_s001_t000,montage,bipolar18,canonicalized,0,-0.504823,0.370518,0.757621
aaaaajit_s001_t001,montage,bipolar18,canonicalized,0,0.388176,0.580077,0.475934
aaaaajiu_s001_t000,montage,bipolar18,canonicalized,0,3.459759,0.962937,2.236737
aaaaajiy_s001_t001,montage,bipolar18,canonicalized,0,0.468775,0.598708,0.496990
aaaaajiz_s001_t000,montage,bipolar18,canonicalized,0,1.471249,0.795394,1.606208
aaaaajjb_s001_t001,montage,bipolar18,canonicalized,0,0.019439,0.492709,0.314688
aaaaajje_s001_t000,montage,bipolar18,canonicalized,0,0.160440,0.526359,0.771729
aaaaajjk_s001_t000,montage,bipolar18,canonicalized,0,0.875630,0.687564,0.567803
aaaaajna_s001_t000,montage,bipolar18,canonicalized,0,0.143949,0.522430,0.567702
aaaaajnu_s001_t000,montage,bipolar18,canonicalized,0,-0.322500,0.411972,1.523031
aaaaajon_s001_t000,montage,bipolar18,canonicalized,0,2.101825,0.876548,1.234452
aaaaajoo_s002_t001,montage,bipolar18,canonicalized,1,0.309898,0.561760,0.517415
aaaaajpg_s001_t001,montage,bipolar18,canonicalized,0,1.365867,0.778522,0.418343
aaaaajqh_s004_t000,montage,bipolar18,canonicalized,1,4.932698,0.990664,3.827765
aaaaajqk_s003_t001,montage,bipolar18,canonicalized,1,4.313139,0.983252,1.018855
aaaaajrf_s001_t000,montage,bipolar18,canonicalized,1,10.549383,0.999956,7.164378
aaaaajrf_s002_t000,montage,bipolar18,canonicalized,1,10.083570,0.999931,7.310114
aaaaajrf_s003_t002,montage,bipolar18,canonicalized,1,9.515882,0.999882,3.654169
aaaaajrf_s004_t000,montage,bipolar18,canonicalized,1,1.585294,0.812555,0.221589
aaaaajso_s001_t000,montage,bipolar18,canonicalized,1,3.078803,0.947521,1.982119
aaaaajtg_s001_t000,montage,bipolar18,canonicalized,0,2.008638,0.866587,2.620871
aaaaajtu_s001_t000,montage,bipolar18,canonicalized,0,2.503915,0.912476,2.448847
aaaaajuh_s001_t000,montage,bipolar18,canonicalized,1,7.191185,0.998912,8.800430
aaaaajun_s001_t000,montage,bipolar18,canonicalized,0,2.883713,0.937443,0.536107
aaaaajvh_s001_t001,montage,bipolar18,canonicalized,0,3.855465,0.974304,0.644052
aaaaajxp_s001_t000,montage,bipolar18,canonicalized,0,0.732534,0.657473,0.139889
aaaaakck_s001_t001,montage,bipolar18,canonicalized,1,2.600507,0.919571,0.624220
aaaaakcx_s001_t001,montage,bipolar18,canonicalized,1,3.890882,0.975138,3.937282
aaaaakcy_s005_t001,montage,bipolar18,canonicalized,1,9.152279,0.999833,12.269480
aaaaakdj_s001_t000,montage,bipolar18,canonicalized,1,4.602864,0.987250,0.618919
aaaaakdo_s001_t000,montage,bipolar18,canonicalized,1,3.573761,0.966634,0.556113
aaaaakeq_s001_t000,montage,bipolar18,canonicalized,1,3.644981,0.968760,2.478082
aaaaakeq_s002_t000,montage,bipolar18,canonicalized,1,3.372696,0.959852,3.074007
aaaaakeq_s003_t000,montage,bipolar18,canonicalized,1,4.154891,0.980572,5.098644
aaaaakev_s001_t001,montage,bipolar18,canonicalized,1,10.339697,0.999946,20.625385
aaaaakev_s002_t000,montage,bipolar18,canonicalized,1,9.456896,0.999875,6.220533
aaaaakft_s001_t000,montage,bipolar18,canonicalized,0,0.115032,0.515533,0.794894
aaaaakgp_s001_t001,montage,bipolar18,canonicalized,0,2.729297,0.928213,2.489469
aaaaakgu_s001_t000,montage,bipolar18,canonicalized,1,1.169947,0.744581,0.335135
aaaaakjk_s002_t002,montage,bipolar18,canonicalized,1,1.924643,0.857035,0.836731
aaaaakjk_s003_t000,montage,bipolar18,canonicalized,1,4.159144,0.980649,3.602585
aaaaakka_s001_t001,montage,bipolar18,canonicalized,0,0.507120,0.607476,0.225559
aaaaakmg_s003_t001,montage,bipolar18,canonicalized,1,8.278952,0.999615,0.489760
aaaaakmh_s001_t000,montage,bipolar18,canonicalized,1,1.632245,0.819290,1.492254
aaaaaknt_s001_t000,montage,bipolar18,canonicalized,1,3.259560,0.955473,3.180766
aaaaakoo_s001_t001,montage,bipolar18,canonicalized,1,9.992032,0.999925,3.401396
aaaaakqg_s001_t001,montage,bipolar18,canonicalized,0,0.306993,0.561077,0.419836
aaaaakqr_s001_t000,montage,bipolar18,canonicalized,0,-0.142765,0.454100,0.191781
aaaaakrt_s001_t001,montage,bipolar18,canonicalized,1,3.674532,0.969603,0.943016
aaaaakrt_s002_t001,montage,bipolar18,canonicalized,1,2.918917,0.939386,5.838352
aaaaaksb_s001_t000,montage,bipolar18,canonicalized,0,0.662849,0.642328,0.681303
aaaaaksu_s001_t001,montage,bipolar18,canonicalized,0,1.738807,0.833876,1.075311
aaaaakxz_s001_t001,montage,bipolar18,canonicalized,1,2.673182,0.924558,0.018166
aaaaakxz_s002_t001,montage,bipolar18,canonicalized,1,1.566669,0.809830,0.801672
aaaaalaf_s001_t000,montage,bipolar18,canonicalized,0,-0.136730,0.455529,0.466897
aaaaalau_s001_t000,montage,bipolar18,canonicalized,1,2.172060,0.883627,1.444253
aaaaalbh_s001_t000,montage,bipolar18,canonicalized,1,2.112006,0.877596,1.907176
aaaaalbt_s001_t001,montage,bipolar18,canonicalized,0,0.136719,0.520706,0.490444
aaaaalbt_s002_t000,montage,bipolar18,canonicalized,0,-0.545708,0.361456,0.767732
aaaaalbz_s006_t000,montage,bipolar18,canonicalized,1,7.306415,0.999025,7.978431
aaaaalid_s001_t001,montage,bipolar18,canonicalized,0,2.108823,0.877269,0.428717
aaaaaljf_s001_t000,montage,bipolar18,canonicalized,1,3.579565,0.966812,1.991560
aaaaaljj_s001_t000,montage,bipolar18,canonicalized,0,1.174471,0.745402,0.609482
aaaaallc_s001_t001,montage,bipolar18,canonicalized,0,2.238367,0.889984,2.067271
aaaaalle_s002_t000,montage,bipolar18,canonicalized,1,2.478657,0.910530,0.955995
aaaaalox_s001_t001,montage,bipolar18,canonicalized,0,3.851651,0.974213,7.748143
aaaaalpv_s001_t000,montage,bipolar18,canonicalized,0,1.054096,0.722970,1.235232
aaaaalqa_s001_t000,montage,bipolar18,canonicalized,0,1.813828,0.843567,3.147541
aaaaalqr_s001_t001,montage,bipolar18,canonicalized,1,2.773739,0.930991,0.449996
aaaaalqs_s001_t001,montage,bipolar18,canonicalized,0,0.198842,0.535495,0.187272
aaaaalqx_s001_t000,montage,bipolar18,canonicalized,0,-0.864358,0.294535,1.004983
aaaaalrc_s002_t000,montage,bipolar18,canonicalized,1,16.555149,1.000000,6.899981
aaaaalsq_s001_t000,montage,bipolar18,canonicalized,0,1.396765,0.783570,0.198654
aaaaalsx_s001_t000,montage,bipolar18,canonicalized,1,0.547073,0.616539,0.260562
aaaaalsx_s004_t001,montage,bipolar18,canonicalized,1,2.201663,0.886504,0.039704
aaaaaluz_s001_t001,montage,bipolar18,canonicalized,0,1.446722,0.791554,0.246450
aaaaalvw_s001_t000,montage,bipolar18,canonicalized,0,0.226163,0.541980,0.385909
aaaaalvz_s001_t000,montage,bipolar18,canonicalized,1,11.416130,0.999981,4.814563
aaaaalxk_s001_t000,montage,bipolar18,canonicalized,0,1.585817,0.812631,0.507715
aaaaalyr_s001_t000,montage,bipolar18,canonicalized,1,0.760397,0.663442,0.339950
aaaaalzk_s002_t001,montage,bipolar18,canonicalized,1,5.731091,0.995624,19.030697
aaaaamcb_s001_t001,montage,bipolar18,canonicalized,1,7.750501,0.999362,4.660878
aaaaamfe_s001_t001,montage,bipolar18,canonicalized,0,3.951845,0.976511,1.129099
aaaaamft_s001_t001,montage,bipolar18,canonicalized,1,6.062637,0.996808,0.895783
aaaaamfu_s001_t000,montage,bipolar18,canonicalized,0,0.707875,0.652149,0.211439
aaaaamhi_s001_t000,montage,bipolar18,canonicalized,1,7.048630,0.998753,8.979519
aaaaamhk_s001_t000,montage,bipolar18,canonicalized,1,1.894169,0.853430,0.521620
aaaaamjc_s001_t001,montage,bipolar18,canonicalized,1,5.314224,0.993497,3.047788
aaaaammh_s001_t001,montage,bipolar18,canonicalized,1,2.061500,0.872318,0.734323
aaaaamnq_s001_t000,montage,bipolar18,canonicalized,1,5.918877,0.996340,8.079335
aaaaamnq_s002_t000,montage,bipolar18,canonicalized,1,3.907081,0.975510,1.938197
aaaaamon_s001_t000,montage,bipolar18,canonicalized,0,1.261389,0.760836,2.237066
aaaaampz_s001_t000,montage,bipolar18,canonicalized,1,2.975581,0.942396,0.420908
aaaaamrj_s001_t000,montage,bipolar18,canonicalized,0,1.738669,0.833857,0.563281
aaaaamsc_s001_t000,montage,bipolar18,canonicalized,1,3.542443,0.965655,3.730997
aaaaamtb_s001_t000,montage,bipolar18,canonicalized,0,3.924375,0.975902,2.366853
aaaaamuc_s001_t000,montage,bipolar18,canonicalized,0,0.031450,0.495577,0.137689
aaaaamxn_s001_t000,montage,bipolar18,canonicalized,1,3.248051,0.955003,0.309305
aaaaamyb_s001_t001,montage,bipolar18,canonicalized,0,0.251111,0.547890,0.782004
aaaaamye_s001_t000,montage,bipolar18,canonicalized,1,9.950140,0.999922,22.796505
aaaaamzi_s001_t001,montage,bipolar18,canonicalized,1,5.210772,0.992826,12.207490
aaaaamzl_s001_t000,montage,bipolar18,canonicalized,0,1.844843,0.847438,0.495409
aaaaamzx_s001_t000,montage,bipolar18,canonicalized,0,0.184460,0.532075,0.333664
aaaaanbq_s001_t000,montage,bipolar18,canonicalized,0,1.004302,0.713343,0.700734
aaaaanek_s001_t000,montage,bipolar18,canonicalized,0,0.622267,0.633373,0.524810
aaaaangp_s001_t000,montage,bipolar18,canonicalized,0,0.152060,0.524363,0.301530
aaaaanhb_s001_t003,montage,bipolar18,canonicalized,1,1.445785,0.791406,0.957909
aaaaanhb_s003_t001,montage,bipolar18,canonicalized,1,1.567513,0.809954,0.599747
aaaaanhb_s005_t000,montage,bipolar18,canonicalized,1,1.541826,0.806148,0.744809
aaaaankf_s001_t000,montage,bipolar18,canonicalized,1,4.920703,0.990557,0.537844
aaaaanlp_s001_t000,montage,bipolar18,canonicalized,0,0.162172,0.526771,0.131720
aaaaanmc_s001_t000,montage,bipolar18,canonicalized,1,3.482716,0.963712,4.642207
aaaaanop_s001_t000,montage,bipolar18,canonicalized,0,3.344605,0.958805,2.285192
aaaaanoz_s001_t000,montage,bipolar18,canonicalized,1,-0.118952,0.459745,0.480294
aaaaanpr_s001_t002,montage,bipolar18,canonicalized,1,1.300619,0.767589,1.682679
aaaaanqe_s001_t000,montage,bipolar18,canonicalized,0,1.465342,0.794474,0.348887
aaaaanro_s001_t000,montage,bipolar18,canonicalized,1,5.021750,0.991419,2.584000
aaaaansj_s001_t000,montage,bipolar18,canonicalized,1,1.599694,0.814641,0.910115
aaaaanta_s001_t000,montage,bipolar18,canonicalized,1,3.570592,0.966536,2.927406
aaaaanum_s001_t000,montage,bipolar18,canonicalized,0,1.262382,0.761009,0.217548
aaaaanvb_s002_t000,montage,bipolar18,canonicalized,0,2.407115,0.904804,0.268745
aaaaanvg_s001_t002,montage,bipolar18,canonicalized,0,1.407879,0.785365,0.381565
aaaaanvw_s001_t000,montage,bipolar18,canonicalized,0,0.945634,0.701746,1.213337
aaaaanwc_s001_t001,montage,bipolar18,canonicalized,1,4.332336,0.983552,12.421652
aaaaanxl_s001_t000,montage,bipolar18,canonicalized,1,2.947530,0.940924,1.345446
aaaaanyb_s001_t001,montage,bipolar18,canonicalized,0,0.113088,0.515070,0.431633
aaaaanyt_s002_t000,montage,bipolar18,canonicalized,1,7.328623,0.999045,4.944461
aaaaanyw_s001_t000,montage,bipolar18,canonicalized,1,1.480218,0.796784,0.585713
aaaaanyw_s002_t000,montage,bipolar18,canonicalized,1,2.921777,0.939542,3.802430
aaaaanzh_s001_t000,montage,bipolar18,canonicalized,1,1.815956,0.843835,1.677166
aaaaanzu_s001_t003,montage,bipolar18,canonicalized,1,4.248413,0.982203,2.415097
aaaaaoav_s001_t000,montage,bipolar18,canonicalized,0,0.691495,0.648591,0.403564
aaaaaoav_s002_t000,montage,bipolar18,canonicalized,0,2.085311,0.874831,0.850047
aaaaaobi_s001_t000,montage,bipolar18,canonicalized,1,2.954009,0.941267,1.089602
aaaaaobl_s001_t000,montage,bipolar18,canonicalized,0,0.989937,0.710528,0.992510
aaaaaoby_s001_t000,montage,bipolar18,canonicalized,0,1.563164,0.809313,3.322433
aaaaaoda_s001_t000,montage,bipolar18,canonicalized,1,5.957875,0.996473,2.946685
aaaaaoeg_s001_t000,montage,bipolar18,canonicalized,0,1.551050,0.807521,0.776793
aaaaaofj_s001_t000,montage,bipolar18,canonicalized,0,-0.161541,0.449657,0.089830
aaaaaofr_s001_t000,montage,bipolar18,canonicalized,0,1.821510,0.844533,0.474757
aaaaaofz_s001_t000,montage,bipolar18,canonicalized,0,0.363515,0.574328,0.472329
aaaaaohb_s001_t000,montage,bipolar18,canonicalized,1,4.286751,0.982832,0.951826
aaaaaohr_s002_t001,montage,bipolar18,canonicalized,1,5.201292,0.992761,1.101585
aaaaaoiq_s001_t000,montage,bipolar18,canonicalized,1,2.853558,0.935732,0.883925
aaaaaoiv_s001_t000,montage,bipolar18,canonicalized,1,1.528985,0.804223,0.740704
aaaaaoiv_s002_t001,montage,bipolar18,canonicalized,1,8.614038,0.999720,10.070345
aaaaaoiv_s003_t003,montage,bipolar18,canonicalized,1,6.568047,0.998028,1.294625
aaaaaojd_s001_t002,montage,bipolar18,canonicalized,0,-0.323054,0.411844,0.297677
aaaaaokg_s001_t000,montage,bipolar18,canonicalized,0,2.242279,0.890349,3.593759
aaaaaoly_s001_t000,montage,bipolar18,canonicalized,0,1.075208,0.726991,4.629099
aaaaaome_s001_t000,montage,bipolar18,canonicalized,0,1.368795,0.779004,0.242208
aaaaaomx_s001_t000,montage,bipolar18,canonicalized,0,1.647570,0.821448,0.686812
aaaaaomy_s001_t000,montage,bipolar18,canonicalized,1,5.914833,0.996326,8.734940
aaaaaonb_s001_t000,montage,bipolar18,canonicalized,0,2.445482,0.907915,2.760374
aaaaaons_s002_t002,montage,bipolar18,canonicalized,1,4.217786,0.981684,1.035647
aaaaaopd_s001_t000,montage,bipolar18,canonicalized,0,0.256852,0.549249,0.474711
aaaaaopo_s001_t000,montage,bipolar18,canonicalized,0,2.049055,0.870988,0.555737
aaaaaora_s002_t000,montage,bipolar18,canonicalized,1,3.806118,0.973097,0.593696
aaaaaord_s001_t000,montage,bipolar18,canonicalized,1,3.790971,0.972716,0.746247
aaaaaosh_s001_t000,montage,bipolar18,canonicalized,1,2.530798,0.914506,1.053749
aaaaaosw_s001_t000,montage,bipolar18,canonicalized,0,1.135605,0.738291,2.471279
aaaaaote_s001_t000,montage,bipolar18,canonicalized,0,0.839365,0.680074,0.251391
aaaaaout_s001_t000,montage,bipolar18,canonicalized,1,3.033180,0.945312,2.188970
aaaaaovl_s001_t000,montage,bipolar18,canonicalized,1,4.000034,0.977544,0.356803
aaaaaovo_s001_t000,montage,bipolar18,canonicalized,1,4.290409,0.982891,5.686794
aaaaaowb_s001_t000,montage,bipolar18,canonicalized,0,1.358778,0.777353,0.475863
aaaaaoxf_s001_t000,montage,bipolar18,canonicalized,0,1.271821,0.762645,0.212916
aaaaaozf_s001_t001,montage,bipolar18,canonicalized,0,2.159842,0.882421,1.572985
aaaaapag_s001_t000,montage,bipolar18,canonicalized,0,1.912523,0.855610,4.032034
aaaaapar_s001_t000,montage,bipolar18,canonicalized,1,17.887623,1.000000,5.610547
aaaaapcb_s001_t000,montage,bipolar18,canonicalized,0,1.603158,0.815140,0.188115
aaaaapcy_s001_t002,montage,bipolar18,canonicalized,0,0.362262,0.574035,0.531505
aaaaapdg_s001_t000,montage,bipolar18,canonicalized,0,0.830550,0.678239,0.331324
aaaaaphs_s001_t000,montage,bipolar18,canonicalized,1,5.351820,0.993725,0.445785
aaaaaphw_s001_t000,montage,bipolar18,canonicalized,0,2.118744,0.878286,0.475053
aaaaapij_s001_t000,montage,bipolar18,canonicalized,0,0.878167,0.688084,0.272717
aaaaapjc_s001_t001,montage,bipolar18,canonicalized,0,-1.649228,0.164758,0.335040
aaaaapka_s001_t000,montage,bipolar18,canonicalized,0,0.871604,0.686737,0.826486
aaaaapkx_s001_t001,montage,bipolar18,canonicalized,1,0.416147,0.586571,0.842857
aaaaaply_s001_t001,montage,bipolar18,canonicalized,1,3.954685,0.976573,4.457821
aaaaapmb_s002_t001,montage,bipolar18,canonicalized,1,3.194364,0.952747,0.344113
aaaaapmp_s001_t000,montage,bipolar18,canonicalized,1,2.670746,0.924396,0.199207
aaaaapnr_s001_t000,montage,bipolar18,canonicalized,1,0.560721,0.619617,0.282253
aaaaapoc_s001_t000,montage,bipolar18,canonicalized,1,4.977918,0.991055,1.584951
aaaaapof_s001_t000,montage,bipolar18,canonicalized,0,0.431680,0.590165,0.690028
aaaaapoo_s001_t000,montage,bipolar18,canonicalized,0,0.120821,0.516915,0.800004
aaaaapoq_s001_t000,montage,bipolar18,canonicalized,0,2.608115,0.920107,0.128895
aaaaappb_s001_t000,montage,bipolar18,canonicalized,0,1.495862,0.799194,0.520631
aaaaapqd_s001_t000,montage,bipolar18,canonicalized,1,1.478905,0.796581,0.790985
aaaaapqv_s001_t000,montage,bipolar18,canonicalized,0,0.166404,0.527779,1.319338
aaaaapta_s001_t000,montage,bipolar18,canonicalized,1,5.011658,0.991336,4.075336
aaaaapth_s001_t000,montage,bipolar18,canonicalized,1,-0.481752,0.375673,0.207254
aaaaapua_s001_t001,montage,bipolar18,canonicalized,0,-0.011957,0.485215,0.221848
aaaaapuu_s001_t000,montage,bipolar18,canonicalized,0,-0.347983,0.406087,0.855315
aaaaapvw_s001_t001,montage,bipolar18,canonicalized,1,4.154700,0.980569,3.228420
aaaaapvy_s001_t000,montage,bipolar18,canonicalized,1,0.327699,0.565942,1.003386
aaaaapwn_s001_t001,montage,bipolar18,canonicalized,0,0.777311,0.667040,2.674556
aaaaapwo_s001_t001,montage,bipolar18,canonicalized,1,10.320561,0.999945,6.588360
aaaaapxm_s001_t001,montage,bipolar18,canonicalized,0,1.652630,0.822156,0.523362
aaaaapys_s001_t001,montage,bipolar18,canonicalized,1,10.421898,0.999950,0.664627
aaaaapys_s002_t001,montage,bipolar18,canonicalized,1,7.750266,0.999362,2.479813
aaaaaayx_s002_t000,montage,bipolar18,naive,0,1.801177,0.841966,4.035037
aaaaabdo_s003_t000,montage,bipolar18,naive,1,7.915958,0.999455,7.606626
aaaaabsk_s007_t000,montage,bipolar18,naive,1,2.378575,0.902430,0.382465
aaaaabuv_s002_t000,montage,bipolar18,naive,1,3.451315,0.962648,1.413904
aaaaacad_s003_t000,montage,bipolar18,naive,0,0.779109,0.667422,0.275197
aaaaacby_s004_t000,montage,bipolar18,naive,0,1.681529,0.826157,0.091264
aaaaaddm_s006_t000,montage,bipolar18,naive,1,3.892557,0.975176,1.802509
aaaaadeu_s002_t000,montage,bipolar18,naive,1,2.387633,0.903189,1.428616
aaaaadjk_s002_t000,montage,bipolar18,naive,0,0.111067,0.514587,0.091729
aaaaadkb_s002_t000,montage,bipolar18,naive,1,7.138628,0.998856,6.229311
aaaaadsm_s002_t001,montage,bipolar18,naive,0,-0.867842,0.293844,0.229394
aaaaaeab_s003_t000,montage,bipolar18,naive,0,1.740382,0.834084,0.702493
aaaaaejc_s003_t001,montage,bipolar18,naive,0,2.826031,0.934132,2.314126
aaaaaezn_s003_t001,montage,bipolar18,naive,1,2.070071,0.873228,3.054049
aaaaafhl_s003_t000,montage,bipolar18,naive,1,0.223003,0.541231,0.362762
aaaaagfk_s003_t000,montage,bipolar18,naive,0,0.374530,0.576898,0.077646
aaaaagsc_s003_t001,montage,bipolar18,naive,1,5.332708,0.993610,18.349911
aaaaagsc_s006_t001,montage,bipolar18,naive,1,1.782261,0.839547,0.405383
aaaaaguk_s002_t001,montage,bipolar18,naive,0,-1.046343,0.259742,0.422421
aaaaagvx_s002_t000,montage,bipolar18,naive,1,1.219684,0.753511,0.511167
aaaaagvx_s003_t001,montage,bipolar18,naive,1,2.539392,0.915146,0.531908
aaaaagyr_s002_t000,montage,bipolar18,naive,1,1.586354,0.812709,0.729405
aaaaahie_s005_t001,montage,bipolar18,naive,1,5.661996,0.995327,2.203897
aaaaahsv_s002_t000,montage,bipolar18,naive,0,1.139895,0.739083,0.395332
aaaaahte_s002_t000,montage,bipolar18,naive,1,5.788960,0.995858,8.747338
aaaaahte_s003_t000,montage,bipolar18,naive,1,3.211248,0.953468,0.642124
aaaaahuy_s002_t000,montage,bipolar18,naive,1,0.068557,0.504439,0.052738
aaaaahzi_s001_t000,montage,bipolar18,naive,0,2.829323,0.934326,0.420167
aaaaahzm_s001_t001,montage,bipolar18,naive,0,1.799656,0.841772,0.585453
aaaaahzq_s001_t000,montage,bipolar18,naive,0,0.036362,0.496750,0.351793
aaaaahzs_s001_t001,montage,bipolar18,naive,0,0.325291,0.565377,0.259137
aaaaaiae_s001_t000,montage,bipolar18,naive,0,0.601278,0.628705,0.191729
aaaaaibx_s001_t000,montage,bipolar18,naive,0,0.217938,0.540029,0.290314
aaaaaiby_s001_t000,montage,bipolar18,naive,0,1.694223,0.827891,2.983816
aaaaaici_s001_t000,montage,bipolar18,naive,0,-0.403003,0.393476,1.360111
aaaaaicn_s001_t000,montage,bipolar18,naive,0,0.686796,0.647567,0.196033
aaaaaijh_s002_t000,montage,bipolar18,naive,1,-0.813537,0.304723,0.208453
aaaaaijn_s001_t001,montage,bipolar18,naive,0,0.174869,0.529794,0.084475
aaaaairb_s001_t001,montage,bipolar18,naive,0,0.945452,0.701710,0.623777
aaaaairo_s001_t000,montage,bipolar18,naive,0,0.836980,0.679578,4.409991
aaaaaitt_s001_t000,montage,bipolar18,naive,0,1.664993,0.823876,2.918090
aaaaaiue_s004_t000,montage,bipolar18,naive,1,0.828950,0.677905,1.573866
aaaaaiuo_s002_t000,montage,bipolar18,naive,0,1.582252,0.812112,1.082149
aaaaaiwz_s001_t001,montage,bipolar18,naive,0,1.008238,0.714111,0.071307
aaaaaiyy_s001_t001,montage,bipolar18,naive,0,-0.133580,0.456276,0.474610
aaaaaizd_s001_t001,montage,bipolar18,naive,0,1.481965,0.797055,2.614000
aaaaaizs_s001_t000,montage,bipolar18,naive,0,1.590439,0.813302,0.176440
aaaaajae_s001_t001,montage,bipolar18,naive,0,1.616878,0.817107,0.169944
aaaaajah_s002_t001,montage,bipolar18,naive,1,2.584013,0.918398,0.497669
aaaaajah_s004_t000,montage,bipolar18,naive,1,1.322915,0.771367,0.432365
aaaaajal_s001_t001,montage,bipolar18,naive,0,0.079153,0.506969,0.402341
aaaaajam_s001_t000,montage,bipolar18,naive,1,1.934465,0.858180,0.475382
aaaaajar_s001_t001,montage,bipolar18,naive,0,0.484656,0.602347,0.199545
aaaaajbb_s001_t000,montage,bipolar18,naive,0,2.148865,0.881329,0.271524
aaaaajbh_s002_t000,montage,bipolar18,naive,0,1.158634,0.742520,0.181705
aaaaajce_s001_t000,montage,bipolar18,naive,0,1.264567,0.761388,1.134455
aaaaajci_s001_t000,montage,bipolar18,naive,0,1.463206,0.794140,0.677649
aaaaajck_s001_t000,montage,bipolar18,naive,0,0.716371,0.653988,0.688519
aaaaajct_s001_t000,montage,bipolar18,naive,0,0.702035,0.650882,0.473212
aaaaajcu_s001_t000,montage,bipolar18,naive,0,1.567971,0.810021,1.292034
aaaaajda_s001_t000,montage,bipolar18,naive,0,-0.510098,0.369344,1.031055
aaaaajdb_s001_t000,montage,bipolar18,naive,0,1.849337,0.847992,1.609254
aaaaajdv_s001_t000,montage,bipolar18,naive,0,3.429865,0.961904,2.441434
aaaaajdy_s001_t000,montage,bipolar18,naive,0,0.400935,0.583043,0.151906
aaaaajdz_s001_t000,montage,bipolar18,naive,0,2.352075,0.900178,0.656780
aaaaajea_s001_t000,montage,bipolar18,naive,0,1.569884,0.810302,3.684450
aaaaajen_s001_t000,montage,bipolar18,naive,0,1.229046,0.755169,0.190018
aaaaajey_s001_t000,montage,bipolar18,naive,0,2.999700,0.943634,0.775760
aaaaajfb_s001_t000,montage,bipolar18,naive,0,0.220319,0.540594,0.613158
aaaaajfe_s001_t000,montage,bipolar18,naive,0,0.379308,0.578012,0.350702
aaaaajff_s001_t000,montage,bipolar18,naive,0,0.884022,0.689283,0.285869
aaaaajfi_s001_t001,montage,bipolar18,naive,0,1.408182,0.785414,0.636356
aaaaajfn_s001_t001,montage,bipolar18,naive,0,0.882318,0.688934,1.070168
aaaaajfy_s001_t000,montage,bipolar18,naive,0,-0.006849,0.486434,0.117522
aaaaajga_s001_t001,montage,bipolar18,naive,0,1.880310,0.851767,1.284026
aaaaajhy_s001_t000,montage,bipolar18,naive,0,-0.480406,0.375975,0.664125
aaaaajit_s001_t001,montage,bipolar18,naive,0,0.528077,0.612240,0.466393
aaaaajiu_s001_t000,montage,bipolar18,naive,0,3.327284,0.958146,1.818790
aaaaajiy_s001_t001,montage,bipolar18,naive,0,0.418634,0.587147,0.438032
aaaaajiz_s001_t000,montage,bipolar18,naive,0,1.449210,0.791946,1.470547
aaaaajjb_s001_t001,montage,bipolar18,naive,0,0.019955,0.492832,0.298364
aaaaajje_s001_t000,montage,bipolar18,naive,0,0.097673,0.511391,0.697828
aaaaajjk_s001_t000,montage,bipolar18,naive,0,0.798264,0.671471,0.549922
aaaaajna_s001_t000,montage,bipolar18,naive,0,0.123120,0.517463,0.610801
aaaaajnu_s001_t000,montage,bipolar18,naive,0,-0.307091,0.415542,1.445079
aaaaajon_s001_t000,montage,bipolar18,naive,0,2.150458,0.881488,1.195954
aaaaajoo_s002_t001,montage,bipolar18,naive,1,0.281588,0.555092,0.527849
aaaaajpg_s001_t001,montage,bipolar18,naive,0,1.329653,0.772500,0.422361
aaaaajqh_s004_t000,montage,bipolar18,naive,1,4.786139,0.989276,3.720610
aaaaajqk_s003_t001,montage,bipolar18,naive,1,4.251882,0.982261,0.927299
aaaaajrf_s001_t000,montage,bipolar18,naive,1,10.393454,0.999949,7.335665
aaaaajrf_s002_t000,montage,bipolar18,naive,1,9.972771,0.999924,7.755694
aaaaajrf_s003_t002,montage,bipolar18,naive,1,9.413573,0.999870,3.768257
aaaaajrf_s004_t000,montage,bipolar18,naive,1,1.569584,0.810258,0.193030
aaaaajso_s001_t000,montage,bipolar18,naive,1,2.988793,0.943078,1.771874
aaaaajtg_s001_t000,montage,bipolar18,naive,0,2.024039,0.868279,2.635326
aaaaajtu_s001_t000,montage,bipolar18,naive,0,2.450563,0.908320,2.390849
aaaaajuh_s001_t000,montage,bipolar18,naive,1,7.140854,0.998858,8.612926
aaaaajun_s001_t000,montage,bipolar18,naive,0,2.884144,0.937467,0.594339
aaaaajvh_s001_t001,montage,bipolar18,naive,0,3.895134,0.975236,0.674823
aaaaajxp_s001_t000,montage,bipolar18,naive,0,0.699826,0.650402,0.140392
aaaaakck_s001_t001,montage,bipolar18,naive,1,2.572986,0.917605,0.588594
aaaaakcx_s001_t001,montage,bipolar18,naive,1,3.778294,0.972392,3.897956
aaaaakcy_s005_t001,montage,bipolar18,naive,1,8.883767,0.999784,11.846447
aaaaakdj_s001_t000,montage,bipolar18,naive,1,4.498440,0.985931,0.590250
aaaaakdo_s001_t000,montage,bipolar18,naive,1,3.445080,0.962433,0.649832
aaaaakeq_s001_t000,montage,bipolar18,naive,1,3.618926,0.967998,2.663301
aaaaakeq_s002_t000,montage,bipolar18,naive,1,3.386204,0.960346,3.003763
aaaaakeq_s003_t000,montage,bipolar18,naive,1,4.118720,0.979903,5.352927
aaaaakev_s001_t001,montage,bipolar18,naive,1,10.190475,0.999938,20.306744
aaaaakev_s002_t000,montage,bipolar18,naive,1,9.264776,0.999850,5.879992
aaaaakft_s001_t000,montage,bipolar18,naive,0,0.245792,0.546631,0.889668
aaaaakgp_s001_t001,montage,bipolar18,naive,0,2.664403,0.923971,2.409964
aaaaakgu_s001_t000,montage,bipolar18,naive,1,1.084452,0.728740,0.285694
aaaaakjk_s002_t002,montage,bipolar18,naive,1,1.813785,0.843562,0.904871
aaaaakjk_s003_t000,montage,bipolar18,naive,1,4.106329,0.979668,3.514319
aaaaakka_s001_t001,montage,bipolar18,naive,0,0.503829,0.606726,0.284878
aaaaakmg_s003_t001,montage,bipolar18,naive,1,8.219812,0.999592,0.496545
aaaaakmh_s001_t000,montage,bipolar18,naive,1,1.599877,0.814667,1.537158
aaaaaknt_s001_t000,montage,bipolar18,naive,1,3.216781,0.953702,3.016663
aaaaakoo_s001_t001,montage,bipolar18,naive,1,9.907272,0.999919,3.478650
aaaaakqg_s001_t001,montage,bipolar18,naive,0,0.280390,0.554809,0.428045
aaaaakqr_s001_t000,montage,bipolar18,naive,0,-0.170955,0.447433,0.182555
aaaaakrt_s001_t001,montage,bipolar18,naive,1,3.582639,0.966906,0.909326
aaaaakrt_s002_t001,montage,bipolar18,naive,1,2.893435,0.937985,6.228242
aaaaaksb_s001_t000,montage,bipolar18,naive,0,0.665658,0.642944,0.661915
aaaaaksu_s001_t001,montage,bipolar18,naive,0,1.687755,0.827009,1.032891
aaaaakxz_s001_t001,montage,bipolar18,naive,1,2.567389,0.917200,0.013166
aaaaakxz_s002_t001,montage,bipolar18,naive,1,1.628393,0.818745,0.745686
aaaaalaf_s001_t000,montage,bipolar18,naive,0,0.033046,0.495958,0.351511
aaaaalau_s001_t000,montage,bipolar18,naive,1,2.074663,0.873712,1.102594
aaaaalbh_s001_t000,montage,bipolar18,naive,1,1.939346,0.858747,1.857271
aaaaalbt_s001_t001,montage,bipolar18,naive,0,0.066425,0.503930,0.495052
aaaaalbt_s002_t000,montage,bipolar18,naive,0,-0.526829,0.365629,0.690930
aaaaalbz_s006_t000,montage,bipolar18,naive,1,7.283243,0.999003,7.854250
aaaaalid_s001_t001,montage,bipolar18,naive,0,2.110333,0.877425,0.419026
aaaaaljf_s001_t000,montage,bipolar18,naive,1,3.561756,0.966262,1.993193
aaaaaljj_s001_t000,montage,bipolar18,naive,0,1.248861,0.758652,0.590058
aaaaallc_s001_t001,montage,bipolar18,naive,0,2.228202,0.889030,1.954694
aaaaalle_s002_t000,montage,bipolar18,naive,1,2.342332,0.899338,0.887624
aaaaalox_s001_t001,montage,bipolar18,naive,0,3.717879,0.970800,7.896418
aaaaalpv_s001_t000,montage,bipolar18,naive,0,0.987187,0.709988,1.155902
aaaaalqa_s001_t000,montage,bipolar18,naive,0,1.813173,0.843485,3.168722
aaaaalqr_s001_t001,montage,bipolar18,naive,1,2.793489,0.932194,0.441664
aaaaalqs_s001_t001,montage,bipolar18,naive,0,0.296897,0.558700,0.150067
aaaaalqx_s001_t000,montage,bipolar18,naive,0,-0.883440,0.290762,0.947847
aaaaalrc_s002_t000,montage,bipolar18,naive,1,16.540520,1.000000,6.931450
aaaaalsq_s001_t000,montage,bipolar18,naive,0,1.454523,0.792781,0.227117
aaaaalsx_s001_t000,montage,bipolar18,naive,1,0.543155,0.615654,0.250244
aaaaalsx_s004_t001,montage,bipolar18,naive,1,2.177677,0.884178,0.044536
aaaaaluz_s001_t001,montage,bipolar18,naive,0,1.590275,0.813278,0.272058
aaaaalvw_s001_t000,montage,bipolar18,naive,0,0.189599,0.533298,0.367440
aaaaalvz_s001_t000,montage,bipolar18,naive,1,11.337512,0.999979,4.663928
aaaaalxk_s001_t000,montage,bipolar18,naive,0,1.782841,0.839621,0.520429
aaaaalyr_s001_t000,montage,bipolar18,naive,1,0.697318,0.649857,0.276945
aaaaalzk_s002_t001,montage,bipolar18,naive,1,5.656268,0.995301,18.665203
aaaaamcb_s001_t001,montage,bipolar18,naive,1,7.691347,0.999325,4.600503
aaaaamfe_s001_t001,montage,bipolar18,naive,0,3.901169,0.975375,1.187653
aaaaamft_s001_t001,montage,bipolar18,naive,1,5.998815,0.996608,0.942273
aaaaamfu_s001_t000,montage,bipolar18,naive,0,0.802454,0.672353,0.199996
aaaaamhi_s001_t000,montage,bipolar18,naive,1,7.001741,0.998696,8.856964
aaaaamhk_s001_t000,montage,bipolar18,naive,1,1.885288,0.852366,0.520034
aaaaamjc_s001_t001,montage,bipolar18,naive,1,5.129788,0.992254,2.873783
aaaaammh_s001_t001,montage,bipolar18,naive,1,2.096466,0.875993,0.791695
aaaaamnq_s001_t000,montage,bipolar18,naive,1,5.868582,0.996160,7.718303
aaaaamnq_s002_t000,montage,bipolar18,naive,1,3.851342,0.974205,1.960986
aaaaamon_s001_t000,montage,bipolar18,naive,0,1.310662,0.769296,2.240266
aaaaampz_s001_t000,montage,bipolar18,naive,1,2.928930,0.939929,0.404902
aaaaamrj_s001_t000,montage,bipolar18,naive,0,1.692114,0.827604,0.566556
aaaaamsc_s001_t000,montage,bipolar18,naive,1,3.504934,0.964447,3.536680
aaaaamtb_s001_t000,montage,bipolar18,naive,0,3.753276,0.971744,2.278205
aaaaamuc_s001_t000,montage,bipolar18,naive,0,-0.000440,0.487963,0.143417
aaaaamxn_s001_t000,montage,bipolar18,naive,1,3.203105,0.953122,0.317032
aaaaamyb_s001_t001,montage,bipolar18,naive,0,0.285928,0.556115,0.796133
aaaaamye_s001_t000,montage,bipolar18,naive,1,9.863822,0.999915,22.355968
aaaaamzi_s001_t001,montage,bipolar18,naive,1,5.001922,0.991256,12.138597
aaaaamzl_s001_t000,montage,bipolar18,naive,0,1.861426,0.849474,0.524722
aaaaamzx_s001_t000,montage,bipolar18,naive,0,0.134578,0.520195,0.385115
aaaaanbq_s001_t000,montage,bipolar18,naive,0,0.935913,0.699799,0.697947
aaaaanek_s001_t000,montage,bipolar18,naive,0,0.615380,0.631844,0.550951
aaaaangp_s001_t000,montage,bipolar18,naive,0,0.174292,0.529656,0.274313
aaaaanhb_s001_t003,montage,bipolar18,naive,1,1.415660,0.786616,1.007739
aaaaanhb_s003_t001,montage,bipolar18,naive,1,1.628998,0.818831,0.626307
aaaaanhb_s005_t000,montage,bipolar18,naive,1,1.563945,0.809428,0.615353
aaaaankf_s001_t000,montage,bipolar18,naive,1,4.825534,0.989668,0.499007
aaaaanlp_s001_t000,montage,bipolar18,naive,0,0.206807,0.537387,0.136899
aaaaanmc_s001_t000,montage,bipolar18,naive,1,3.314050,0.957636,4.589020
aaaaanop_s001_t000,montage,bipolar18,naive,0,3.329463,0.958230,2.265975
aaaaanoz_s001_t000,montage,bipolar18,naive,1,-0.153676,0.451517,0.481042
aaaaanpr_s001_t002,montage,bipolar18,naive,1,1.270472,0.762412,1.755229
aaaaanqe_s001_t000,montage,bipolar18,naive,0,1.504825,0.800564,0.373460
aaaaanro_s001_t000,montage,bipolar18,naive,1,4.988462,0.991144,2.378868
aaaaansj_s001_t000,montage,bipolar18,naive,1,1.595428,0.814025,0.952816
aaaaanta_s001_t000,montage,bipolar18,naive,1,3.422632,0.961650,2.744899
aaaaanum_s001_t000,montage,bipolar18,naive,0,1.332649,0.773003,0.203925
aaaaanvb_s002_t000,montage,bipolar18,naive,0,2.319549,0.897351,0.323002
aaaaanvg_s001_t002,montage,bipolar18,naive,0,1.428265,0.788630,0.337146
aaaaanvw_s001_t000,montage,bipolar18,naive,0,0.973055,0.707200,1.193720
aaaaanwc_s001_t001,montage,bipolar18,naive,1,4.405649,0.984647,12.593737
aaaaanxl_s001_t000,montage,bipolar18,naive,1,2.780202,0.931387,1.412199
aaaaanyb_s001_t001,montage,bipolar18,naive,0,0.177439,0.530405,0.447737
aaaaanyt_s002_t000,montage,bipolar18,naive,1,7.302712,0.999022,4.898222
aaaaanyw_s001_t000,montage,bipolar18,naive,1,1.497589,0.799458,0.577897
aaaaanyw_s002_t000,montage,bipolar18,naive,1,2.793017,0.932165,3.342935
aaaaanzh_s001_t000,montage,bipolar18,naive,1,1.826969,0.845217,1.695978
aaaaanzu_s001_t003,montage,bipolar18,naive,1,4.252629,0.982273,2.414112
aaaaaoav_s001_t000,montage,bipolar18,naive,0,0.688544,0.647948,0.395348
aaaaaoav_s002_t000,montage,bipolar18,naive,0,1.914096,0.855796,0.833103
aaaaaobi_s001_t000,montage,bipolar18,naive,1,2.953001,0.941214,1.176630
aaaaaobl_s001_t000,montage,bipolar18,naive,0,0.985664,0.709688,1.055881
aaaaaoby_s001_t000,montage,bipolar18,naive,0,1.544744,0.806583,3.237354
aaaaaoda_s001_t000,montage,bipolar18,naive,1,5.777056,0.995811,2.673697
aaaaaoeg_s001_t000,montage,bipolar18,naive,0,1.475817,0.796103,0.782187
aaaaaofj_s001_t000,montage,bipolar18,naive,0,-0.206109,0.439145,0.080262
aaaaaofr_s001_t000,montage,bipolar18,naive,0,1.706690,0.829582,0.460094
aaaaaofz_s001_t000,montage,bipolar18,naive,0,0.358736,0.573211,0.463392
aaaaaohb_s001_t000,montage,bipolar18,naive,1,4.216747,0.981667,0.882973
aaaaaohr_s002_t001,montage,bipolar18,naive,1,5.162906,0.992493,1.012111
aaaaaoiq_s001_t000,montage,bipolar18,naive,1,2.789244,0.931937,0.829994
aaaaaoiv_s001_t000,montage,bipolar18,naive,1,1.555745,0.808217,0.874509
aaaaaoiv_s002_t001,montage,bipolar18,naive,1,8.541624,0.999700,10.182951
aaaaaoiv_s003_t003,montage,bipolar18,naive,1,6.471427,0.997838,1.056190
aaaaaojd_s001_t002,montage,bipolar18,naive,0,-0.345881,0.406572,0.269515
aaaaaokg_s001_t000,montage,bipolar18,naive,0,2.217528,0.888020,3.385275
aaaaaoly_s001_t000,montage,bipolar18,naive,0,1.122437,0.735854,4.610415
aaaaaome_s001_t000,montage,bipolar18,naive,0,1.454773,0.792820,0.224622
aaaaaomx_s001_t000,montage,bipolar18,naive,0,1.601666,0.814925,0.639104
aaaaaomy_s001_t000,montage,bipolar18,naive,1,5.914395,0.996324,8.941509
aaaaaonb_s001_t000,montage,bipolar18,naive,0,2.479475,0.910594,2.669455
aaaaaons_s002_t002,montage,bipolar18,naive,1,4.145958,0.980409,1.056457
aaaaaopd_s001_t000,montage,bipolar18,naive,0,0.250472,0.547739,0.457535
aaaaaopo_s001_t000,montage,bipolar18,naive,0,2.047197,0.870789,0.552482
aaaaaora_s002_t000,montage,bipolar18,naive,1,3.777766,0.972379,0.584648
aaaaaord_s001_t000,montage,bipolar18,naive,1,3.795061,0.972819,0.710018
aaaaaosh_s001_t000,montage,bipolar18,naive,1,2.567503,0.917208,0.904751
aaaaaosw_s001_t000,montage,bipolar18,naive,0,1.075007,0.726953,2.641296
aaaaaote_s001_t000,montage,bipolar18,naive,0,0.785482,0.668772,0.241164
aaaaaout_s001_t000,montage,bipolar18,naive,1,3.021740,0.944744,2.039618
aaaaaovl_s001_t000,montage,bipolar18,naive,1,3.817958,0.973392,0.308865
aaaaaovo_s001_t000,montage,bipolar18,naive,1,4.334058,0.983578,5.674445
aaaaaowb_s001_t000,montage,bipolar18,naive,0,1.280128,0.764078,0.428841
aaaaaoxf_s001_t000,montage,bipolar18,naive,0,1.218508,0.753303,0.229779
aaaaaozf_s001_t001,montage,bipolar18,naive,0,2.172884,0.883708,1.461578
aaaaapag_s001_t000,montage,bipolar18,naive,0,1.866788,0.850128,4.183146
aaaaapar_s001_t000,montage,bipolar18,naive,1,17.711281,1.000000,5.009633
aaaaapcb_s001_t000,montage,bipolar18,naive,0,1.491082,0.798460,0.130006
aaaaapcy_s001_t002,montage,bipolar18,naive,0,0.340039,0.568836,0.492801
aaaaapdg_s001_t000,montage,bipolar18,naive,0,0.800120,0.671862,0.316681
aaaaaphs_s001_t000,montage,bipolar18,naive,1,5.309535,0.993468,0.476192
aaaaaphw_s001_t000,montage,bipolar18,naive,0,2.041177,0.870140,0.448722
aaaaapij_s001_t000,montage,bipolar18,naive,0,0.843678,0.680969,0.287034
aaaaapjc_s001_t001,montage,bipolar18,naive,0,-1.430763,0.195518,0.287467
aaaaapka_s001_t000,montage,bipolar18,naive,0,0.879494,0.688356,0.838681
aaaaapkx_s001_t001,montage,bipolar18,naive,1,0.391445,0.580837,0.862669
aaaaaply_s001_t001,montage,bipolar18,naive,1,3.713336,0.970677,4.356709
aaaaapmb_s002_t001,montage,bipolar18,naive,1,3.125472,0.949695,0.352917
aaaaapmp_s001_t000,montage,bipolar18,naive,1,2.600705,0.919585,0.191552
aaaaapnr_s001_t000,montage,bipolar18,naive,1,0.603136,0.629119,0.320485
aaaaapoc_s001_t000,montage,bipolar18,naive,1,4.904594,0.990412,1.614225
aaaaapof_s001_t000,montage,bipolar18,naive,0,0.523576,0.611218,0.580665
aaaaapoo_s001_t000,montage,bipolar18,naive,0,0.143727,0.522377,0.838757
aaaaapoq_s001_t000,montage,bipolar18,naive,0,2.618562,0.920837,0.132450
aaaaappb_s001_t000,montage,bipolar18,naive,0,1.470614,0.795295,0.447476
aaaaapqd_s001_t000,montage,bipolar18,naive,1,1.418398,0.787054,0.801078
aaaaapqv_s001_t000,montage,bipolar18,naive,0,0.157940,0.525763,1.220157
aaaaapta_s001_t000,montage,bipolar18,naive,1,4.970235,0.990990,4.128734
aaaaapth_s001_t000,montage,bipolar18,naive,1,-0.479782,0.376115,0.225138
aaaaapua_s001_t001,montage,bipolar18,naive,0,0.091450,0.509905,0.221870
aaaaapuu_s001_t000,montage,bipolar18,naive,0,-0.369854,0.401058,0.764881
aaaaapvw_s001_t001,montage,bipolar18,naive,1,4.092867,0.979411,3.098075
aaaaapvy_s001_t000,montage,bipolar18,naive,1,0.306558,0.560975,0.951169
aaaaapwn_s001_t001,montage,bipolar18,naive,0,0.756644,0.662641,2.593477
aaaaapwo_s001_t001,montage,bipolar18,naive,1,10.223911,0.999940,6.922594
aaaaapxm_s001_t001,montage,bipolar18,naive,0,1.649218,0.821679,0.483928
aaaaapys_s001_t001,montage,bipolar18,naive,1,10.159942,0.999936,0.785882
aaaaapys_s002_t001,montage,bipolar18,naive,1,7.675816,0.999315,2.382882
aaaaaayx_s002_t000,montage,full19,canonicalized,0,0.202175,0.536286,1.642176
aaaaabdo_s003_t000,montage,full19,canonicalized,1,5.570985,0.994904,1.519506
aaaaabsk_s007_t000,montage,full19,canonicalized,1,0.466174,0.598111,1.003793
aaaaabuv_s002_t000,montage,full19,canonicalized,1,1.567353,0.809930,0.973321
aaaaacad_s003_t000,montage,full19,canonicalized,0,0.920193,0.696635,0.656851
aaaaacby_s004_t000,montage,full19,canonicalized,0,-0.628362,0.343438,0.121205
aaaaaddm_s006_t000,montage,full19,canonicalized,1,3.401061,0.960883,1.421212
aaaaadeu_s002_t000,montage,full19,canonicalized,1,3.101629,0.948595,0.939387
aaaaadjk_s002_t000,montage,full19,canonicalized,0,-1.790122,0.147061,0.233014
aaaaadkb_s002_t000,montage,full19,canonicalized,1,5.106050,0.992077,4.721467
aaaaadsm_s002_t001,montage,full19,canonicalized,0,-2.176235,0.106529,0.376146
aaaaaeab_s003_t000,montage,full19,canonicalized,0,-0.374896,0.399902,0.664492
aaaaaejc_s003_t001,montage,full19,canonicalized,0,0.676852,0.645396,0.331730
aaaaaezn_s003_t001,montage,full19,canonicalized,1,0.831920,0.678524,3.650870
aaaaafhl_s003_t000,montage,full19,canonicalized,1,0.402648,0.583441,2.241765
aaaaagfk_s003_t000,montage,full19,canonicalized,0,-1.382791,0.202827,0.301262
aaaaagsc_s003_t001,montage,full19,canonicalized,1,3.546334,0.965778,7.912089
aaaaagsc_s006_t001,montage,full19,canonicalized,1,-0.876650,0.292101,0.437632
aaaaaguk_s002_t001,montage,full19,canonicalized,0,-2.477530,0.082072,0.304205
aaaaagvx_s002_t000,montage,full19,canonicalized,1,0.601687,0.628796,1.358581
aaaaagvx_s003_t001,montage,full19,canonicalized,1,1.081494,0.728181,0.671906
aaaaagyr_s002_t000,montage,full19,canonicalized,1,-0.203264,0.439815,0.681135
aaaaahie_s005_t001,montage,full19,canonicalized,1,5.349870,0.993713,0.285969
aaaaahsv_s002_t000,montage,full19,canonicalized,0,-0.817048,0.304013,1.980520
aaaaahte_s002_t000,montage,full19,canonicalized,1,6.416459,0.997721,2.407014
aaaaahte_s003_t000,montage,full19,canonicalized,1,5.313992,0.993495,1.619883
aaaaahuy_s002_t000,montage,full19,canonicalized,1,-1.593836,0.172170,0.189950
aaaaahzi_s001_t000,montage,full19,canonicalized,0,0.301506,0.559786,0.291877
aaaaahzm_s001_t001,montage,full19,canonicalized,0,-0.182088,0.444805,0.068051
aaaaahzq_s001_t000,montage,full19,canonicalized,0,-3.237582,0.041463,0.593087
aaaaahzs_s001_t001,montage,full19,canonicalized,0,0.143497,0.522322,0.316860
aaaaaiae_s001_t000,montage,full19,canonicalized,0,0.179419,0.530876,0.642873
aaaaaibx_s001_t000,montage,full19,canonicalized,0,-0.691249,0.330022,0.649503
aaaaaiby_s001_t000,montage,full19,canonicalized,0,-0.703440,0.327452,1.452311
aaaaaici_s001_t000,montage,full19,canonicalized,0,-1.954416,0.128444,3.342380
aaaaaicn_s001_t000,montage,full19,canonicalized,0,0.227950,0.542404,0.471072
aaaaaijh_s002_t000,montage,full19,canonicalized,1,-3.162531,0.044408,0.411524
aaaaaijn_s001_t001,montage,full19,canonicalized,0,-0.886178,0.290223,0.291197
aaaaairb_s001_t001,montage,full19,canonicalized,0,1.217628,0.753146,0.274355
aaaaairo_s001_t000,montage,full19,canonicalized,0,-1.994740,0.124193,0.892754
aaaaaitt_s001_t000,montage,full19,canonicalized,0,-1.512873,0.183474,1.047145
aaaaaiue_s004_t000,montage,full19,canonicalized,1,0.697884,0.649980,0.865404
aaaaaiuo_s002_t000,montage,full19,canonicalized,0,0.841960,0.680613,0.467824
aaaaaiwz_s001_t001,montage,full19,canonicalized,0,-1.336318,0.210100,0.138060
aaaaaiyy_s001_t001,montage,full19,canonicalized,0,-1.772050,0.149240,1.427121
aaaaaizd_s001_t001,montage,full19,canonicalized,0,-0.024994,0.482104,1.350887
aaaaaizs_s001_t000,montage,full19,canonicalized,0,0.690080,0.648282,0.412175
aaaaajae_s001_t001,montage,full19,canonicalized,0,2.389403,0.903337,0.911805
aaaaajah_s002_t001,montage,full19,canonicalized,1,0.510026,0.608138,0.731745
aaaaajah_s004_t000,montage,full19,canonicalized,1,-0.429078,0.387547,1.515167
aaaaajal_s001_t001,montage,full19,canonicalized,0,-2.031127,0.120461,0.634484
aaaaajam_s001_t000,montage,full19,canonicalized,1,-1.025426,0.263603,0.247760
aaaaajar_s001_t001,montage,full19,canonicalized,0,-1.043999,0.260173,0.472049
aaaaajbb_s001_t000,montage,full19,canonicalized,0,1.251721,0.759151,1.365117
aaaaajbh_s002_t000,montage,full19,canonicalized,0,-1.078711,0.253841,0.315311
aaaaajce_s001_t000,montage,full19,canonicalized,0,-0.805808,0.306289,0.469517
aaaaajci_s001_t000,montage,full19,canonicalized,0,-0.421259,0.389322,0.143144
aaaaajck_s001_t000,montage,full19,canonicalized,0,-1.758828,0.150851,0.474704
aaaaajct_s001_t000,montage,full19,canonicalized,0,0.587696,0.625671,0.800038
aaaaajcu_s001_t000,montage,full19,canonicalized,0,-0.889103,0.289648,0.830872
aaaaajda_s001_t000,montage,full19,canonicalized,0,-2.269242,0.098363,0.497408
aaaaajdb_s001_t000,montage,full19,canonicalized,0,-1.153220,0.240597,1.411864
aaaaajdv_s001_t000,montage,full19,canonicalized,0,0.641702,0.637674,2.228797
aaaaajdy_s001_t000,montage,full19,canonicalized,0,-2.030617,0.120513,0.355338
aaaaajdz_s001_t000,montage,full19,canonicalized,0,-0.080716,0.468830,0.569981
aaaaajea_s001_t000,montage,full19,canonicalized,0,1.878280,0.851522,1.592870
aaaaajen_s001_t000,montage,full19,canonicalized,0,-0.930268,0.281624,0.385469
aaaaajey_s001_t000,montage,full19,canonicalized,0,-0.152592,0.451774,0.401459
aaaaajfb_s001_t000,montage,full19,canonicalized,0,-2.408092,0.087210,3.021751
aaaaajfe_s001_t000,montage,full19,canonicalized,0,-1.324912,0.211914,0.745848
aaaaajff_s001_t000,montage,full19,canonicalized,0,-2.362366,0.090751,0.773966
aaaaajfi_s001_t001,montage,full19,canonicalized,0,-0.746668,0.318423,0.317309
aaaaajfn_s001_t001,montage,full19,canonicalized,0,-1.466044,0.190271,0.715578
aaaaajfy_s001_t000,montage,full19,canonicalized,0,-1.751913,0.151699,0.444793
aaaaajga_s001_t001,montage,full19,canonicalized,0,1.054715,0.723088,2.370106
aaaaajhy_s001_t000,montage,full19,canonicalized,0,-2.489172,0.081238,0.889815
aaaaajit_s001_t001,montage,full19,canonicalized,0,-1.823211,0.143140,1.127657
aaaaajiu_s001_t000,montage,full19,canonicalized,0,1.724833,0.832018,2.163884
aaaaajiy_s001_t001,montage,full19,canonicalized,0,-0.635808,0.341836,0.775533
aaaaajiz_s001_t000,montage,full19,canonicalized,0,-0.347028,0.406307,0.868019
aaaaajjb_s001_t001,montage,full19,canonicalized,0,-0.342636,0.407320,0.667364
aaaaajje_s001_t000,montage,full19,canonicalized,0,-1.329029,0.211258,0.672725
aaaaajjk_s001_t000,montage,full19,canonicalized,0,-0.720664,0.323839,1.110273
aaaaajna_s001_t000,montage,full19,canonicalized,0,-2.293299,0.096344,0.582481
aaaaajnu_s001_t000,montage,full19,canonicalized,0,-2.166101,0.107454,0.822409
aaaaajon_s001_t000,montage,full19,canonicalized,0,-0.446547,0.383594,2.457607
aaaaajoo_s002_t001,montage,full19,canonicalized,1,-0.091693,0.466219,0.349673
aaaaajpg_s001_t001,montage,full19,canonicalized,0,-1.496066,0.185892,0.549567
aaaaajqh_s004_t000,montage,full19,canonicalized,1,5.805980,0.995925,1.960828
aaaaajqk_s003_t001,montage,full19,canonicalized,1,3.006204,0.943964,0.937252
aaaaajrf_s001_t000,montage,full19,canonicalized,1,9.208815,0.999841,3.126554
aaaaajrf_s002_t000,montage,full19,canonicalized,1,11.770627,0.999986,1.974131
aaaaajrf_s003_t002,montage,full19,canonicalized,1,9.761459,0.999906,4.475995
aaaaajrf_s004_t000,montage,full19,canonicalized,1,2.362019,0.901028,0.441436
aaaaajso_s001_t000,montage,full19,canonicalized,1,6.362649,0.997601,1.122524
aaaaajtg_s001_t000,montage,full19,canonicalized,0,-0.190054,0.442926,2.167782
aaaaajtu_s001_t000,montage,full19,canonicalized,0,-0.154651,0.451286,0.597161
aaaaajuh_s001_t000,montage,full19,canonicalized,1,5.243036,0.993042,6.272742
aaaaajun_s001_t000,montage,full19,canonicalized,0,1.872187,0.850784,0.758530
aaaaajvh_s001_t001,montage,full19,canonicalized,0,-0.018198,0.483726,1.242136
aaaaajxp_s001_t000,montage,full19,canonicalized,0,-0.412240,0.391372,0.483229
aaaaakck_s001_t001,montage,full19,canonicalized,1,1.525746,0.803736,0.363866
aaaaakcx_s001_t001,montage,full19,canonicalized,1,6.860636,0.998508,3.049091
aaaaakcy_s005_t001,montage,full19,canonicalized,1,7.765857,0.999371,3.692368
aaaaakdj_s001_t000,montage,full19,canonicalized,1,1.432491,0.789302,0.713467
aaaaakdo_s001_t000,montage,full19,canonicalized,1,0.575585,0.622957,1.416985
aaaaakeq_s001_t000,montage,full19,canonicalized,1,2.933081,0.940152,2.550948
aaaaakeq_s002_t000,montage,full19,canonicalized,1,2.287162,0.894466,1.198910
aaaaakeq_s003_t000,montage,full19,canonicalized,1,3.130689,0.949932,3.966956
aaaaakev_s001_t001,montage,full19,canonicalized,1,10.738077,0.999963,11.813914
aaaaakev_s002_t000,montage,full19,canonicalized,1,10.027954,0.999928,4.775115
aaaaakft_s001_t000,montage,full19,canonicalized,0,-1.624253,0.168068,0.756980
aaaaakgp_s001_t001,montage,full19,canonicalized,0,0.860957,0.684544,1.880238
aaaaakgu_s001_t000,montage,full19,canonicalized,1,-0.709463,0.326186,0.159255
aaaaakjk_s002_t002,montage,full19,canonicalized,1,2.446852,0.908024,0.430117
aaaaakjk_s003_t000,montage,full19,canonicalized,1,1.561742,0.809104,1.147378
aaaaakka_s001_t001,montage,full19,canonicalized,0,-0.964987,0.274963,0.641540
aaaaakmg_s003_t001,montage,full19,canonicalized,1,5.496935,0.994533,0.791227
aaaaakmh_s001_t000,montage,full19,canonicalized,1,0.330902,0.566694,2.525002
aaaaaknt_s001_t000,montage,full19,canonicalized,1,1.048265,0.721853,1.560412
aaaaakoo_s001_t001,montage,full19,canonicalized,1,9.878414,0.999916,2.437984
aaaaakqg_s001_t001,montage,full19,canonicalized,0,-0.626215,0.343901,0.965403
aaaaakqr_s001_t000,montage,full19,canonicalized,0,-1.100150,0.249982,0.534052
aaaaakrt_s001_t001,montage,full19,canonicalized,1,4.194616,0.981282,0.604725
aaaaakrt_s002_t001,montage,full19,canonicalized,1,4.322444,0.983398,2.452163
aaaaaksb_s001_t000,montage,full19,canonicalized,0,-1.749613,0.151982,0.384180
aaaaaksu_s001_t001,montage,full19,canonicalized,0,0.056391,0.501534,0.687487
aaaaakxz_s001_t001,montage,full19,canonicalized,1,0.934060,0.699427,0.297173
aaaaakxz_s002_t001,montage,full19,canonicalized,1,3.811963,0.973243,2.097560
aaaaalaf_s001_t000,montage,full19,canonicalized,0,-1.303227,0.215395,0.322958
aaaaalau_s001_t000,montage,full19,canonicalized,1,1.796040,0.841312,0.935165
aaaaalbh_s001_t000,montage,full19,canonicalized,1,2.924612,0.939695,6.387937
aaaaalbt_s001_t001,montage,full19,canonicalized,0,-0.712014,0.325651,0.553662
aaaaalbt_s002_t000,montage,full19,canonicalized,0,-1.217174,0.229612,1.585767
aaaaalbz_s006_t000,montage,full19,canonicalized,1,8.160569,0.999569,4.599907
aaaaalid_s001_t001,montage,full19,canonicalized,0,2.608222,0.920114,1.845283
aaaaaljf_s001_t000,montage,full19,canonicalized,1,2.388844,0.903290,1.164038
aaaaaljj_s001_t000,montage,full19,canonicalized,0,-1.853119,0.139672,1.287985
aaaaallc_s001_t001,montage,full19,canonicalized,0,0.342518,0.569417,1.419859
aaaaalle_s002_t000,montage,full19,canonicalized,1,1.669162,0.824453,0.432080
aaaaalox_s001_t001,montage,full19,canonicalized,0,2.802370,0.932728,4.047310
aaaaalpv_s001_t000,montage,full19,canonicalized,0,0.543787,0.615796,1.266232
aaaaalqa_s001_t000,montage,full19,canonicalized,0,-0.799068,0.307659,1.278145
aaaaalqr_s001_t001,montage,full19,canonicalized,1,1.535631,0.805221,0.066830
aaaaalqs_s001_t001,montage,full19,canonicalized,0,-1.484137,0.187623,0.505615
aaaaalqx_s001_t000,montage,full19,canonicalized,0,-2.037021,0.119866,1.483972
aaaaalrc_s002_t000,montage,full19,canonicalized,1,15.201885,0.999999,2.388845
aaaaalsq_s001_t000,montage,full19,canonicalized,0,0.914565,0.695498,0.250569
aaaaalsx_s001_t000,montage,full19,canonicalized,1,-0.213218,0.437473,0.296427
aaaaalsx_s004_t001,montage,full19,canonicalized,1,0.284817,0.555853,0.195280
aaaaaluz_s001_t001,montage,full19,canonicalized,0,-0.883141,0.290821,0.268112
aaaaalvw_s001_t000,montage,full19,canonicalized,0,-2.935382,0.054583,0.480682
aaaaalvz_s001_t000,montage,full19,canonicalized,1,9.045036,0.999815,1.203491
aaaaalxk_s001_t000,montage,full19,canonicalized,0,0.542539,0.615514,0.574883
aaaaalyr_s001_t000,montage,full19,canonicalized,1,0.730295,0.656991,0.291253
aaaaalzk_s002_t001,montage,full19,canonicalized,1,8.150992,0.999565,6.231357
aaaaamcb_s001_t001,montage,full19,canonicalized,1,6.416230,0.997721,1.631436
aaaaamfe_s001_t001,montage,full19,canonicalized,0,0.937747,0.700167,0.781618
aaaaamft_s001_t001,montage,full19,canonicalized,1,2.819436,0.933744,0.292636
aaaaamfu_s001_t000,montage,full19,canonicalized,0,-0.692344,0.329791,0.400854
aaaaamhi_s001_t000,montage,full19,canonicalized,1,6.946845,0.998626,5.127158
aaaaamhk_s001_t000,montage,full19,canonicalized,1,2.396893,0.903960,0.403226
aaaaamjc_s001_t001,montage,full19,canonicalized,1,6.840351,0.998479,2.903263
aaaaammh_s001_t001,montage,full19,canonicalized,1,1.251437,0.759102,0.843015
aaaaamnq_s001_t000,montage,full19,canonicalized,1,4.891600,0.990294,6.905767
aaaaamnq_s002_t000,montage,full19,canonicalized,1,3.713823,0.970690,1.462515
aaaaamon_s001_t000,montage,full19,canonicalized,0,0.309210,0.561598,2.297999
aaaaampz_s001_t000,montage,full19,canonicalized,1,-0.226266,0.434408,1.780860
aaaaamrj_s001_t000,montage,full19,canonicalized,0,0.044718,0.498746,0.216798
aaaaamsc_s001_t000,montage,full19,canonicalized,1,3.520617,0.964957,0.293205
aaaaamtb_s001_t000,montage,full19,canonicalized,0,2.999773,0.943638,1.498086
aaaaamuc_s001_t000,montage,full19,canonicalized,0,-0.926477,0.282357,0.233524
aaaaamxn_s001_t000,montage,full19,canonicalized,1,0.843053,0.680839,0.207349
aaaaamyb_s001_t001,montage,full19,canonicalized,0,-1.089739,0.251851,1.774127
aaaaamye_s001_t000,montage,full19,canonicalized,1,8.673944,0.999736,3.176892
aaaaamzi_s001_t001,montage,full19,canonicalized,1,5.997363,0.996603,6.488073
aaaaamzl_s001_t000,montage,full19,canonicalized,0,-1.322974,0.212224,0.258329
aaaaamzx_s001_t000,montage,full19,canonicalized,0,-2.250402,0.099971,1.452763
aaaaanbq_s001_t000,montage,full19,canonicalized,0,-0.688299,0.330645,0.601318
aaaaanek_s001_t000,montage,full19,canonicalized,0,-2.104422,0.113237,0.263787
aaaaangp_s001_t000,montage,full19,canonicalized,0,-0.511488,0.369035,0.408012
aaaaanhb_s001_t003,montage,full19,canonicalized,1,3.570457,0.966532,3.742980
aaaaanhb_s003_t001,montage,full19,canonicalized,1,2.991965,0.943240,1.038366
aaaaanhb_s005_t000,montage,full19,canonicalized,1,3.857945,0.974363,2.063356
aaaaankf_s001_t000,montage,full19,canonicalized,1,4.264624,0.982472,0.832070
aaaaanlp_s001_t000,montage,full19,canonicalized,0,-0.495478,0.372603,0.630107
aaaaanmc_s001_t000,montage,full19,canonicalized,1,4.813454,0.989549,5.309390
aaaaanop_s001_t000,montage,full19,canonicalized,0,0.312518,0.562377,2.434319
aaaaanoz_s001_t000,montage,full19,canonicalized,1,-0.998508,0.268625,0.632905
aaaaanpr_s001_t002,montage,full19,canonicalized,1,1.490890,0.798430,1.462165
aaaaanqe_s001_t000,montage,full19,canonicalized,0,-1.699292,0.158282,0.786719
aaaaanro_s001_t000,montage,full19,canonicalized,1,3.086226,0.947873,1.678982
aaaaansj_s001_t000,montage,full19,canonicalized,1,1.682942,0.826350,2.244297
aaaaanta_s001_t000,montage,full19,canonicalized,1,5.228892,0.992948,5.381510
aaaaanum_s001_t000,montage,full19,canonicalized,0,-0.136362,0.455616,0.555793
aaaaanvb_s002_t000,montage,full19,canonicalized,0,-0.791884,0.309123,0.486388
aaaaanvg_s001_t002,montage,full19,canonicalized,0,2.038135,0.869812,0.807343
aaaaanvw_s001_t000,montage,full19,canonicalized,0,-1.977619,0.125983,0.992770
aaaaanwc_s001_t001,montage,full19,canonicalized,1,4.287176,0.982839,14.907016
aaaaanxl_s001_t000,montage,full19,canonicalized,1,4.588249,0.987073,3.893290
aaaaanyb_s001_t001,montage,full19,canonicalized,0,-0.731593,0.321557,0.049866
aaaaanyt_s002_t000,montage,full19,canonicalized,1,5.455431,0.994313,3.262507
aaaaanyw_s001_t000,montage,full19,canonicalized,1,2.720203,0.927632,0.431002
aaaaanyw_s002_t000,montage,full19,canonicalized,1,3.307925,0.957398,3.629027
aaaaanzh_s001_t000,montage,full19,canonicalized,1,-0.209888,0.438256,1.239038
aaaaanzu_s001_t003,montage,full19,canonicalized,1,2.741378,0.928979,1.736941
aaaaaoav_s001_t000,montage,full19,canonicalized,0,-0.576372,0.354723,0.522022
aaaaaoav_s002_t000,montage,full19,canonicalized,0,-1.212928,0.230330,0.729147
aaaaaobi_s001_t000,montage,full19,canonicalized,1,-0.104223,0.463241,0.517987
aaaaaobl_s001_t000,montage,full19,canonicalized,0,-1.254171,0.223420,0.826075
aaaaaoby_s001_t000,montage,full19,canonicalized,0,-0.194878,0.441789,1.178763
aaaaaoda_s001_t000,montage,full19,canonicalized,1,6.780187,0.998389,2.323711
aaaaaoeg_s001_t000,montage,full19,canonicalized,0,-0.539062,0.362922,0.306858
aaaaaofj_s001_t000,montage,full19,canonicalized,0,-0.260078,0.426489,1.271822
aaaaaofr_s001_t000,montage,full19,canonicalized,0,1.306857,0.768650,1.029020
aaaaaofz_s001_t000,montage,full19,canonicalized,0,-0.435995,0.385980,0.928248
aaaaaohb_s001_t000,montage,full19,canonicalized,1,4.320503,0.983368,0.556406
aaaaaohr_s002_t001,montage,full19,canonicalized,1,4.536330,0.986425,1.014671
aaaaaoiq_s001_t000,montage,full19,canonicalized,1,1.106155,0.732819,0.584342
aaaaaoiv_s001_t000,montage,full19,canonicalized,1,-0.019053,0.483522,0.324157
aaaaaoiv_s002_t001,montage,full19,canonicalized,1,8.574879,0.999710,1.524376
aaaaaoiv_s003_t003,montage,full19,canonicalized,1,7.899239,0.999446,1.052139
aaaaaojd_s001_t002,montage,full19,canonicalized,0,-0.136359,0.455617,1.376487
aaaaaokg_s001_t000,montage,full19,canonicalized,0,2.819275,0.933734,4.478116
aaaaaoly_s001_t000,montage,full19,canonicalized,0,-0.949816,0.277861,5.481781
aaaaaome_s001_t000,montage,full19,canonicalized,0,-1.110976,0.248048,0.363552
aaaaaomx_s001_t000,montage,full19,canonicalized,0,-0.728208,0.322263,0.298284
aaaaaomy_s001_t000,montage,full19,canonicalized,1,4.091975,0.979394,10.758736
aaaaaonb_s001_t000,montage,full19,canonicalized,0,0.179808,0.530969,0.464463
aaaaaons_s002_t002,montage,full19,canonicalized,1,2.293506,0.895036,0.295461
aaaaaopd_s001_t000,montage,full19,canonicalized,0,-2.390726,0.088540,2.008413
aaaaaopo_s001_t000,montage,full19,canonicalized,0,-0.783031,0.310932,0.880611
aaaaaora_s002_t000,montage,full19,canonicalized,1,1.663310,0.823643,0.789701
aaaaaord_s001_t000,montage,full19,canonicalized,1,1.019309,0.716265,0.767854
aaaaaosh_s001_t000,montage,full19,canonicalized,1,0.233400,0.543696,0.323000
aaaaaosw_s001_t000,montage,full19,canonicalized,0,0.077686,0.506619,2.446615
aaaaaote_s001_t000,montage,full19,canonicalized,0,-0.426077,0.388228,1.091849
aaaaaout_s001_t000,montage,full19,canonicalized,1,2.055377,0.871666,2.741817
aaaaaovl_s001_t000,montage,full19,canonicalized,1,5.040532,0.991570,0.593068
aaaaaovo_s001_t000,montage,full19,canonicalized,1,7.621795,0.999278,2.695930
aaaaaowb_s001_t000,montage,full19,canonicalized,0,-0.687242,0.330869,2.529089
aaaaaoxf_s001_t000,montage,full19,canonicalized,0,-0.922831,0.283063,0.349808
aaaaaozf_s001_t001,montage,full19,canonicalized,0,-0.272867,0.423504,2.115154
aaaaapag_s001_t000,montage,full19,canonicalized,0,-1.418413,0.197381,2.734477
aaaaapar_s001_t000,montage,full19,canonicalized,1,13.042362,0.999996,1.510152
aaaaapcb_s001_t000,montage,full19,canonicalized,0,0.568982,0.621475,0.316397
aaaaapcy_s001_t002,montage,full19,canonicalized,0,-1.238990,0.225946,0.955148
aaaaapdg_s001_t000,montage,full19,canonicalized,0,-1.184772,0.235133,0.111689
aaaaaphs_s001_t000,montage,full19,canonicalized,1,4.069074,0.978947,0.763813
aaaaaphw_s001_t000,montage,full19,canonicalized,0,2.015297,0.867321,0.880239
aaaaapij_s001_t000,montage,full19,canonicalized,0,-0.319576,0.412649,0.422338
aaaaapjc_s001_t001,montage,full19,canonicalized,0,-2.761115,0.063839,0.580944
aaaaapka_s001_t000,montage,full19,canonicalized,0,-0.975065,0.273047,0.739446
aaaaapkx_s001_t001,montage,full19,canonicalized,1,-0.908834,0.285785,2.947972
aaaaaply_s001_t001,montage,full19,canonicalized,1,4.457208,0.985374,4.246826
aaaaapmb_s002_t001,montage,full19,canonicalized,1,1.394273,0.783166,0.226553
aaaaapmp_s001_t000,montage,full19,canonicalized,1,0.666988,0.643236,0.293597
aaaaapnr_s001_t000,montage,full19,canonicalized,1,-1.250353,0.224054,1.226863
aaaaapoc_s001_t000,montage,full19,canonicalized,1,4.398945,0.984550,0.941767
aaaaapof_s001_t000,montage,full19,canonicalized,0,-1.514384,0.183258,0.740097
aaaaapoo_s001_t000,montage,full19,canonicalized,0,-1.224123,0.228440,3.166234
aaaaapoq_s001_t000,montage,full19,canonicalized,0,2.211343,0.887431,0.676148
aaaaappb_s001_t000,montage,full19,canonicalized,0,-0.662354,0.336153,0.560671
aaaaapqd_s001_t000,montage,full19,canonicalized,1,0.078374,0.506783,0.667183
aaaaapqv_s001_t000,montage,full19,canonicalized,0,-1.146661,0.241744,3.387255
aaaaapta_s001_t000,montage,full19,canonicalized,1,3.591076,0.967163,3.508519
aaaaapth_s001_t000,montage,full19,canonicalized,1,1.184044,0.747133,1.488908
aaaaapua_s001_t001,montage,full19,canonicalized,0,-2.980947,0.052380,0.355516
aaaaapuu_s001_t000,montage,full19,canonicalized,0,-1.359350,0.206472,0.210969
aaaaapvw_s001_t001,montage,full19,canonicalized,1,3.768576,0.972142,1.210025
aaaaapvy_s001_t000,montage,full19,canonicalized,1,1.299057,0.767322,1.943907
aaaaapwn_s001_t001,montage,full19,canonicalized,0,0.124566,0.517808,2.713241
aaaaapwo_s001_t001,montage,full19,canonicalized,1,7.954342,0.999475,0.569022
aaaaapxm_s001_t001,montage,full19,canonicalized,0,-1.334445,0.210397,0.235461
aaaaapys_s001_t001,montage,full19,canonicalized,1,12.732973,0.999995,0.551022
aaaaapys_s002_t001,montage,full19,canonicalized,1,9.225235,0.999844,2.348546
aaaaaayx_s002_t000,montage,full19,naive,0,0.202175,0.536286,1.642176
aaaaabdo_s003_t000,montage,full19,naive,1,5.570985,0.994904,1.519506
aaaaabsk_s007_t000,montage,full19,naive,1,0.466174,0.598111,1.003793
aaaaabuv_s002_t000,montage,full19,naive,1,1.567353,0.809930,0.973321
aaaaacad_s003_t000,montage,full19,naive,0,0.920193,0.696635,0.656851
aaaaacby_s004_t000,montage,full19,naive,0,-0.628362,0.343438,0.121205
aaaaaddm_s006_t000,montage,full19,naive,1,3.401061,0.960883,1.421212
aaaaadeu_s002_t000,montage,full19,naive,1,3.101629,0.948595,0.939387
aaaaadjk_s002_t000,montage,full19,naive,0,-1.790122,0.147061,0.233014
aaaaadkb_s002_t000,montage,full19,naive,1,5.106050,0.992077,4.721467
aaaaadsm_s002_t001,montage,full19,naive,0,-2.176235,0.106529,0.376146
aaaaaeab_s003_t000,montage,full19,naive,0,-0.374896,0.399902,0.664492
aaaaaejc_s003_t001,montage,full19,naive,0,0.676852,0.645396,0.331730
aaaaaezn_s003_t001,montage,full19,naive,1,0.831920,0.678524,3.650870
aaaaafhl_s003_t000,montage,full19,naive,1,0.402648,0.583441,2.241765
aaaaagfk_s003_t000,montage,full19,naive,0,-1.382791,0.202827,0.301262
aaaaagsc_s003_t001,montage,full19,naive,1,3.546334,0.965778,7.912089
aaaaagsc_s006_t001,montage,full19,naive,1,-0.876650,0.292101,0.437632
aaaaaguk_s002_t001,montage,full19,naive,0,-2.477530,0.082072,0.304205
aaaaagvx_s002_t000,montage,full19,naive,1,0.601687,0.628796,1.358581
aaaaagvx_s003_t001,montage,full19,naive,1,1.081494,0.728181,0.671906
aaaaagyr_s002_t000,montage,full19,naive,1,-0.203264,0.439815,0.681135
aaaaahie_s005_t001,montage,full19,naive,1,5.349870,0.993713,0.285969
aaaaahsv_s002_t000,montage,full19,naive,0,-0.817048,0.304013,1.980520
aaaaahte_s002_t000,montage,full19,naive,1,6.416459,0.997721,2.407014
aaaaahte_s003_t000,montage,full19,naive,1,5.313992,0.993495,1.619883
aaaaahuy_s002_t000,montage,full19,naive,1,-1.593836,0.172170,0.189950
aaaaahzi_s001_t000,montage,full19,naive,0,0.301506,0.559786,0.291877
aaaaahzm_s001_t001,montage,full19,naive,0,-0.182088,0.444805,0.068051
aaaaahzq_s001_t000,montage,full19,naive,0,-3.237582,0.041463,0.593087
aaaaahzs_s001_t001,montage,full19,naive,0,0.143497,0.522322,0.316860
aaaaaiae_s001_t000,montage,full19,naive,0,0.179419,0.530876,0.642873
aaaaaibx_s001_t000,montage,full19,naive,0,-0.691249,0.330022,0.649503
aaaaaiby_s001_t000,montage,full19,naive,0,-0.703440,0.327452,1.452311
aaaaaici_s001_t000,montage,full19,naive,0,-1.954416,0.128444,3.342380
aaaaaicn_s001_t000,montage,full19,naive,0,0.227950,0.542404,0.471072
aaaaaijh_s002_t000,montage,full19,naive,1,-3.162531,0.044408,0.411524
aaaaaijn_s001_t001,montage,full19,naive,0,-0.886178,0.290223,0.291197
aaaaairb_s001_t001,montage,full19,naive,0,1.217628,0.753146,0.274355
aaaaairo_s001_t000,montage,full19,naive,0,-1.994740,0.124193,0.892754
aaaaaitt_s001_t000,montage,full19,naive,0,-1.512873,0.183474,1.047145
aaaaaiue_s004_t000,montage,full19,naive,1,0.697884,0.649980,0.865404
aaaaaiuo_s002_t000,montage,full19,naive,0,0.841960,0.680613,0.467824
aaaaaiwz_s001_t001,montage,full19,naive,0,-1.336318,0.210100,0.138060
aaaaaiyy_s001_t001,montage,full19,naive,0,-1.772050,0.149240,1.427121
aaaaaizd_s001_t001,montage,full19,naive,0,-0.024994,0.482104,1.350887
aaaaaizs_s001_t000,montage,full19,naive,0,0.690080,0.648282,0.412175
aaaaajae_s001_t001,montage,full19,naive,0,2.389403,0.903337,0.911805
aaaaajah_s002_t001,montage,full19,naive,1,0.510026,0.608138,0.731745
aaaaajah_s004_t000,montage,full19,naive,1,-0.429078,0.387547,1.515167
aaaaajal_s001_t001,montage,full19,naive,0,-2.031127,0.120461,0.634484
aaaaajam_s001_t000,montage,full19,naive,1,-1.025426,0.263603,0.247760
aaaaajar_s001_t001,montage,full19,naive,0,-1.043999,0.260173,0.472049
aaaaajbb_s001_t000,montage,full19,naive,0,1.251721,0.759151,1.365117
aaaaajbh_s002_t000,montage,full19,naive,0,-1.078711,0.253841,0.315311
aaaaajce_s001_t000,montage,full19,naive,0,-0.805808,0.306289,0.469517
aaaaajci_s001_t000,montage,full19,naive,0,-0.421259,0.389322,0.143144
aaaaajck_s001_t000,montage,full19,naive,0,-1.758828,0.150851,0.474704
aaaaajct_s001_t000,montage,full19,naive,0,0.587696,0.625671,0.800038
aaaaajcu_s001_t000,montage,full19,naive,0,-0.889103,0.289648,0.830872
aaaaajda_s001_t000,montage,full19,naive,0,-2.269242,0.098363,0.497408
aaaaajdb_s001_t000,montage,full19,naive,0,-1.153220,0.240597,1.411864
aaaaajdv_s001_t000,montage,full19,naive,0,0.641702,0.637674,2.228797
aaaaajdy_s001_t000,montage,full19,naive,0,-2.030617,0.120513,0.355338
aaaaajdz_s001_t000,montage,full19,naive,0,-0.080716,0.468830,0.569981
aaaaajea_s001_t000,montage,full19,naive,0,1.878280,0.851522,1.592870
aaaaajen_s001_t000,montage,full19,naive,0,-0.930268,0.281624,0.385469
aaaaajey_s001_t000,montage,full19,naive,0,-0.152592,0.451774,0.401459
aaaaajfb_s001_t000,montage,full19,naive,0,-2.408092,0.087210,3.021751
aaaaajfe_s001_t000,montage,full19,naive,0,-1.324912,0.211914,0.745848
aaaaajff_s001_t000,montage,full19,naive,0,-2.362366,0.090751,0.773966
aaaaajfi_s001_t001,montage,full19,naive,0,-0.746668,0.318423,0.317309
aaaaajfn_s001_t001,montage,full19,naive,0,-1.466044,0.190271,0.715578
aaaaajfy_s001_t000,montage,full19,naive,0,-1.751913,0.151699,0.444793
aaaaajga_s001_t001,montage,full19,naive,0,1.054715,0.723088,2.370106
aaaaajhy_s001_t000,montage,full19,naive,0,-2.489172,0.081238,0.889815
aaaaajit_s001_t001,montage,full19,naive,0,-1.823211,0.143140,1.127657
aaaaajiu_s001_t000,montage,full19,naive,0,1.724833,0.832018,2.163884
aaaaajiy_s001_t001,montage,full19,naive,0,-0.635808,0.341836,0.775533
aaaaajiz_s001_t000,montage,full19,naive,0,-0.347028,0.406307,0.868019
aaaaajjb_s001_t001,montage,full19,naive,0,-0.342636,0.407320,0.667364
aaaaajje_s001_t000,montage,full19,naive,0,-1.329029,0.211258,0.672725
aaaaajjk_s001_t000,montage,full19,naive,0,-0.720664,0.323839,1.110273
aaaaajna_s001_t000,montage,full19,naive,0,-2.293299,0.096344,0.582481
aaaaajnu_s001_t000,montage,full19,naive,0,-2.166101,0.107454,0.822409
aaaaajon_s001_t000,montage,full19,naive,0,-0.446547,0.383594,2.457607
aaaaajoo_s002_t001,montage,full19,naive,1,-0.091693,0.466219,0.349673
aaaaajpg_s001_t001,montage,full19,naive,0,-1.496066,0.185892,0.549567
aaaaajqh_s004_t000,montage,full19,naive,1,5.805980,0.995925,1.960828
aaaaajqk_s003_t001,montage,full19,naive,1,3.006204,0.943964,0.937252
aaaaajrf_s001_t000,montage,full19,naive,1,9.208815,0.999841,3.126554
aaaaajrf_s002_t000,montage,full19,naive,1,11.770627,0.999986,1.974131
aaaaajrf_s003_t002,montage,full19,naive,1,9.761459,0.999906,4.475995
aaaaajrf_s004_t000,montage,full19,naive,1,2.362019,0.901028,0.441436
aaaaajso_s001_t000,montage,full19,naive,1,6.362649,0.997601,1.122524
aaaaajtg_s001_t000,montage,full19,naive,0,-0.190054,0.442926,2.167782
aaaaajtu_s001_t000,montage,full19,naive,0,-0.154651,0.451286,0.597161
aaaaajuh_s001_t000,montage,full19,naive,1,5.243036,0.993042,6.272742
aaaaajun_s001_t000,montage,full19,naive,0,1.872187,0.850784,0.758530
aaaaajvh_s001_t001,montage,full19,naive,0,-0.018198,0.483726,1.242136
aaaaajxp_s001_t000,montage,full19,naive,0,-0.412240,0.391372,0.483229
aaaaakck_s001_t001,montage,full19,naive,1,1.525746,0.803736,0.363866
aaaaakcx_s001_t001,montage,full19,naive,1,6.860636,0.998508,3.049091
aaaaakcy_s005_t001,montage,full19,naive,1,7.765857,0.999371,3.692368
aaaaakdj_s001_t000,montage,full19,naive,1,1.432491,0.789302,0.713467
aaaaakdo_s001_t000,montage,full19,naive,1,0.575585,0.622957,1.416985
aaaaakeq_s001_t000,montage,full19,naive,1,2.933081,0.940152,2.550948
aaaaakeq_s002_t000,montage,full19,naive,1,2.287162,0.894466,1.198910
aaaaakeq_s003_t000,montage,full19,naive,1,3.130689,0.949932,3.966956
aaaaakev_s001_t001,montage,full19,naive,1,10.738077,0.999963,11.813914
aaaaakev_s002_t000,montage,full19,naive,1,10.027954,0.999928,4.775115
aaaaakft_s001_t000,montage,full19,naive,0,-1.624253,0.168068,0.756980
aaaaakgp_s001_t001,montage,full19,naive,0,0.860957,0.684544,1.880238
aaaaakgu_s001_t000,montage,full19,naive,1,-0.709463,0.326186,0.159255
aaaaakjk_s002_t002,montage,full19,naive,1,2.446852,0.908024,0.430117
aaaaakjk_s003_t000,montage,full19,naive,1,1.561742,0.809104,1.147378
aaaaakka_s001_t001,montage,full19,naive,0,-0.964987,0.274963,0.641540
aaaaakmg_s003_t001,montage,full19,naive,1,5.496935,0.994533,0.791227
aaaaakmh_s001_t000,montage,full19,naive,1,0.330902,0.566694,2.525002
aaaaaknt_s001_t000,montage,full19,naive,1,1.048265,0.721853,1.560412
aaaaakoo_s001_t001,montage,full19,naive,1,9.878414,0.999916,2.437984
aaaaakqg_s001_t001,montage,full19,naive,0,-0.626215,0.343901,0.965403
aaaaakqr_s001_t000,montage,full19,naive,0,-1.100150,0.249982,0.534052
aaaaakrt_s001_t001,montage,full19,naive,1,4.194616,0.981282,0.604725
aaaaakrt_s002_t001,montage,full19,naive,1,4.322444,0.983398,2.452163
aaaaaksb_s001_t000,montage,full19,naive,0,-1.749613,0.151982,0.384180
aaaaaksu_s001_t001,montage,full19,naive,0,0.056391,0.501534,0.687487
aaaaakxz_s001_t001,montage,full19,naive,1,0.934060,0.699427,0.297173
aaaaakxz_s002_t001,montage,full19,naive,1,3.811963,0.973243,2.097560
aaaaalaf_s001_t000,montage,full19,naive,0,-1.303227,0.215395,0.322958
aaaaalau_s001_t000,montage,full19,naive,1,1.796040,0.841312,0.935165
aaaaalbh_s001_t000,montage,full19,naive,1,2.924612,0.939695,6.387937
aaaaalbt_s001_t001,montage,full19,naive,0,-0.712014,0.325651,0.553662
aaaaalbt_s002_t000,montage,full19,naive,0,-1.217174,0.229612,1.585767
aaaaalbz_s006_t000,montage,full19,naive,1,8.160569,0.999569,4.599907
aaaaalid_s001_t001,montage,full19,naive,0,2.608222,0.920114,1.845283
aaaaaljf_s001_t000,montage,full19,naive,1,2.388844,0.903290,1.164038
aaaaaljj_s001_t000,montage,full19,naive,0,-1.853119,0.139672,1.287985
aaaaallc_s001_t001,montage,full19,naive,0,0.342518,0.569417,1.419859
aaaaalle_s002_t000,montage,full19,naive,1,1.669162,0.824453,0.432080
aaaaalox_s001_t001,montage,full19,naive,0,2.802370,0.932728,4.047310
aaaaalpv_s001_t000,montage,full19,naive,0,0.543787,0.615796,1.266232
aaaaalqa_s001_t000,montage,full19,naive,0,-0.799068,0.307659,1.278145
aaaaalqr_s001_t001,montage,full19,naive,1,1.535631,0.805221,0.066830
aaaaalqs_s001_t001,montage,full19,naive,0,-1.484137,0.187623,0.505615
aaaaalqx_s001_t000,montage,full19,naive,0,-2.037021,0.119866,1.483972
aaaaalrc_s002_t000,montage,full19,naive,1,15.201885,0.999999,2.388845
aaaaalsq_s001_t000,montage,full19,naive,0,0.914565,0.695498,0.250569
aaaaalsx_s001_t000,montage,full19,naive,1,-0.213218,0.437473,0.296427
aaaaalsx_s004_t001,montage,full19,naive,1,0.284817,0.555853,0.195280
aaaaaluz_s001_t001,montage,full19,naive,0,-0.883141,0.290821,0.268112
aaaaalvw_s001_t000,montage,full19,naive,0,-2.935382,0.054583,0.480682
aaaaalvz_s001_t000,montage,full19,naive,1,9.045036,0.999815,1.203491
aaaaalxk_s001_t000,montage,full19,naive,0,0.542539,0.615514,0.574883
aaaaalyr_s001_t000,montage,full19,naive,1,0.730295,0.656991,0.291253
aaaaalzk_s002_t001,montage,full19,naive,1,8.150992,0.999565,6.231357
aaaaamcb_s001_t001,montage,full19,naive,1,6.416230,0.997721,1.631436
aaaaamfe_s001_t001,montage,full19,naive,0,0.937747,0.700167,0.781618
aaaaamft_s001_t001,montage,full19,naive,1,2.819436,0.933744,0.292636
aaaaamfu_s001_t000,montage,full19,naive,0,-0.692344,0.329791,0.400854
aaaaamhi_s001_t000,montage,full19,naive,1,6.946845,0.998626,5.127158
aaaaamhk_s001_t000,montage,full19,naive,1,2.396893,0.903960,0.403226
aaaaamjc_s001_t001,montage,full19,naive,1,6.840351,0.998479,2.903263
aaaaammh_s001_t001,montage,full19,naive,1,1.251437,0.759102,0.843015
aaaaamnq_s001_t000,montage,full19,naive,1,4.891600,0.990294,6.905767
aaaaamnq_s002_t000,montage,full19,naive,1,3.713823,0.970690,1.462515
aaaaamon_s001_t000,montage,full19,naive,0,0.309210,0.561598,2.297999
aaaaampz_s001_t000,montage,full19,naive,1,-0.226266,0.434408,1.780860
aaaaamrj_s001_t000,montage,full19,naive,0,0.044718,0.498746,0.216798
aaaaamsc_s001_t000,montage,full19,naive,1,3.520617,0.964957,0.293205
aaaaamtb_s001_t000,montage,full19,naive,0,2.999773,0.943638,1.498086
aaaaamuc_s001_t000,montage,full19,naive,0,-0.926477,0.282357,0.233524
aaaaamxn_s001_t000,montage,full19,naive,1,0.843053,0.680839,0.207349
aaaaamyb_s001_t001,montage,full19,naive,0,-1.089739,0.251851,1.774127
aaaaamye_s001_t000,montage,full19,naive,1,8.673944,0.999736,3.176892
aaaaamzi_s001_t001,montage,full19,naive,1,5.997363,0.996603,6.488073
aaaaamzl_s001_t000,montage,full19,naive,0,-1.322974,0.212224,0.258329
aaaaamzx_s001_t000,montage,full19,naive,0,-2.250402,0.099971,1.452763
aaaaanbq_s001_t000,montage,full19,naive,0,-0.688299,0.330645,0.601318
aaaaanek_s001_t000,montage,full19,naive,0,-2.104422,0.113237,0.263787
aaaaangp_s001_t000,montage,full19,naive,0,-0.511488,0.369035,0.408012
aaaaanhb_s001_t003,montage,full19,naive,1,3.570457,0.966532,3.742980
aaaaanhb_s003_t001,montage,full19,naive,1,2.991965,0.943240,1.038366
aaaaanhb_s005_t000,montage,full19,naive,1,3.857945,0.974363,2.063356
aaaaankf_s001_t000,montage,full19,naive,1,4.264624,0.982472,0.832070
aaaaanlp_s001_t000,montage,full19,naive,0,-0.495478,0.372603,0.630107
aaaaanmc_s001_t000,montage,full19,naive,1,4.813454,0.989549,5.309390
aaaaanop_s001_t000,montage,full19,naive,0,0.312518,0.562377,2.434319
aaaaanoz_s001_t000,montage,full19,naive,1,-0.998508,0.268625,0.632905
aaaaanpr_s001_t002,montage,full19,naive,1,1.490890,0.798430,1.462165
aaaaanqe_s001_t000,montage,full19,naive,0,-1.699292,0.158282,0.786719
aaaaanro_s001_t000,montage,full19,naive,1,3.086226,0.947873,1.678982
aaaaansj_s001_t000,montage,full19,naive,1,1.682942,0.826350,2.244297
aaaaanta_s001_t000,montage,full19,naive,1,5.228892,0.992948,5.381510
aaaaanum_s001_t000,montage,full19,naive,0,-0.136362,0.455616,0.555793
aaaaanvb_s002_t000,montage,full19,naive,0,-0.791884,0.309123,0.486388
aaaaanvg_s001_t002,montage,full19,naive,0,2.038135,0.869812,0.807343
aaaaanvw_s001_t000,montage,full19,naive,0,-1.977619,0.125983,0.992770
aaaaanwc_s001_t001,montage,full19,naive,1,4.287176,0.982839,14.907016
aaaaanxl_s001_t000,montage,full19,naive,1,4.588249,0.987073,3.893290
aaaaanyb_s001_t001,montage,full19,naive,0,-0.731593,0.321557,0.049866
aaaaanyt_s002_t000,montage,full19,naive,1,5.455431,0.994313,3.262507
aaaaanyw_s001_t000,montage,full19,naive,1,2.720203,0.927632,0.431002
aaaaanyw_s002_t000,montage,full19,naive,1,3.307925,0.957398,3.629027
aaaaanzh_s001_t000,montage,full19,naive,1,-0.209888,0.438256,1.239038
aaaaanzu_s001_t003,montage,full19,naive,1,2.741378,0.928979,1.736941
aaaaaoav_s001_t000,montage,full19,naive,0,-0.576372,0.354723,0.522022
aaaaaoav_s002_t000,montage,full19,naive,0,-1.212928,0.230330,0.729147
aaaaaobi_s001_t000,montage,full19,naive,1,-0.104223,0.463241,0.517987
aaaaaobl_s001_t000,montage,full19,naive,0,-1.254171,0.223420,0.826075
aaaaaoby_s001_t000,montage,full19,naive,0,-0.194878,0.441789,1.178763
aaaaaoda_s001_t000,montage,full19,naive,1,6.780187,0.998389,2.323711
aaaaaoeg_s001_t000,montage,full19,naive,0,-0.539062,0.362922,0.306858
aaaaaofj_s001_t000,montage,full19,naive,0,-0.260078,0.426489,1.271822
aaaaaofr_s001_t000,montage,full19,naive,0,1.306857,0.768650,1.029020
aaaaaofz_s001_t000,montage,full19,naive,0,-0.435995,0.385980,0.928248
aaaaaohb_s001_t000,montage,full19,naive,1,4.320503,0.983368,0.556406
aaaaaohr_s002_t001,montage,full19,naive,1,4.536330,0.986425,1.014671
aaaaaoiq_s001_t000,montage,full19,naive,1,1.106155,0.732819,0.584342
aaaaaoiv_s001_t000,montage,full19,naive,1,-0.019053,0.483522,0.324157
aaaaaoiv_s002_t001,montage,full19,naive,1,8.574879,0.999710,1.524376
aaaaaoiv_s003_t003,montage,full19,naive,1,7.899239,0.999446,1.052139
aaaaaojd_s001_t002,montage,full19,naive,0,-0.136359,0.455617,1.376487
aaaaaokg_s001_t000,montage,full19,naive,0,2.819275,0.933734,4.478116
aaaaaoly_s001_t000,montage,full19,naive,0,-0.949816,0.277861,5.481781
aaaaaome_s001_t000,montage,full19,naive,0,-1.110976,0.248048,0.363552
aaaaaomx_s001_t000,montage,full19,naive,0,-0.728208,0.322263,0.298284
aaaaaomy_s001_t000,montage,full19,naive,1,4.091975,0.979394,10.758736
aaaaaonb_s001_t000,montage,full19,naive,0,0.179808,0.530969,0.464463
aaaaaons_s002_t002,montage,full19,naive,1,2.293506,0.895036,0.295461
aaaaaopd_s001_t000,montage,full19,naive,0,-2.390726,0.088540,2.008413
aaaaaopo_s001_t000,montage,full19,naive,0,-0.783031,0.310932,0.880611
aaaaaora_s002_t000,montage,full19,naive,1,1.663310,0.823643,0.789701
aaaaaord_s001_t000,montage,full19,naive,1,1.019309,0.716265,0.767854
aaaaaosh_s001_t000,montage,full19,naive,1,0.233400,0.543696,0.323000
aaaaaosw_s001_t000,montage,full19,naive,0,0.077686,0.506619,2.446615
aaaaaote_s001_t000,montage,full19,naive,0,-0.426077,0.388228,1.091849
aaaaaout_s001_t000,montage,full19,naive,1,2.055377,0.871666,2.741817
aaaaaovl_s001_t000,montage,full19,naive,1,5.040532,0.991570,0.593068
aaaaaovo_s001_t000,montage,full19,naive,1,7.621795,0.999278,2.695930
aaaaaowb_s001_t000,montage,full19,naive,0,-0.687242,0.330869,2.529089
aaaaaoxf_s001_t000,montage,full19,naive,0,-0.922831,0.283063,0.349808
aaaaaozf_s001_t001,montage,full19,naive,0,-0.272867,0.423504,2.115154
aaaaapag_s001_t000,montage,full19,naive,0,-1.418413,0.197381,2.734477
aaaaapar_s001_t000,montage,full19,naive,1,13.042362,0.999996,1.510152
aaaaapcb_s001_t000,montage,full19,naive,0,0.568982,0.621475,0.316397
aaaaapcy_s001_t002,montage,full19,naive,0,-1.238990,0.225946,0.955148
aaaaapdg_s001_t000,montage,full19,naive,0,-1.184772,0.235133,0.111689
aaaaaphs_s001_t000,montage,full19,naive,1,4.069074,0.978947,0.763813
aaaaaphw_s001_t000,montage,full19,naive,0,2.015297,0.867321,0.880239
aaaaapij_s001_t000,montage,full19,naive,0,-0.319576,0.412649,0.422338
aaaaapjc_s001_t001,montage,full19,naive,0,-2.761115,0.063839,0.580944
aaaaapka_s001_t000,montage,full19,naive,0,-0.975065,0.273047,0.739446
aaaaapkx_s001_t001,montage,full19,naive,1,-0.908834,0.285785,2.947972
aaaaaply_s001_t001,montage,full19,naive,1,4.457208,0.985374,4.246826
aaaaapmb_s002_t001,montage,full19,naive,1,1.394273,0.783166,0.226553
aaaaapmp_s001_t000,montage,full19,naive,1,0.666988,0.643236,0.293597
aaaaapnr_s001_t000,montage,full19,naive,1,-1.250353,0.224054,1.226863
aaaaapoc_s001_t000,montage,full19,naive,1,4.398945,0.984550,0.941767
aaaaapof_s001_t000,montage,full19,naive,0,-1.514384,0.183258,0.740097
aaaaapoo_s001_t000,montage,full19,naive,0,-1.224123,0.228440,3.166234
aaaaapoq_s001_t000,montage,full19,naive,0,2.211343,0.887431,0.676148
aaaaappb_s001_t000,montage,full19,naive,0,-0.662354,0.336153,0.560671
aaaaapqd_s001_t000,montage,full19,naive,1,0.078374,0.506783,0.667183
aaaaapqv_s001_t000,montage,full19,naive,0,-1.146661,0.241744,3.387255
aaaaapta_s001_t000,montage,full19,naive,1,3.591076,0.967163,3.508519
aaaaapth_s001_t000,montage,full19,naive,1,1.184044,0.747133,1.488908
aaaaapua_s001_t001,montage,full19,naive,0,-2.980947,0.052380,0.355516
aaaaapuu_s001_t000,montage,full19,naive,0,-1.359350,0.206472,0.210969
aaaaapvw_s001_t001,montage,full19,naive,1,3.768576,0.972142,1.210025
aaaaapvy_s001_t000,montage,full19,naive,1,1.299057,0.767322,1.943907
aaaaapwn_s001_t001,montage,full19,naive,0,0.124566,0.517808,2.713241
aaaaapwo_s001_t001,montage,full19,naive,1,7.954342,0.999475,0.569022
aaaaapxm_s001_t001,montage,full19,naive,0,-1.334445,0.210397,0.235461
aaaaapys_s001_t001,montage,full19,naive,1,12.732973,0.999995,0.551022
aaaaapys_s002_t001,montage,full19,naive,1,9.225235,0.999844,2.348546
aaaaaayx_s002_t000,montage,legacy16,canonicalized,0,2.745626,0.929246,0.746409
aaaaabdo_s003_t000,montage,legacy16,canonicalized,1,5.045011,0.991606,2.178926
aaaaabsk_s007_t000,montage,legacy16,canonicalized,1,1.970938,0.862368,0.514557
aaaaabuv_s002_t000,montage,legacy16,canonicalized,1,3.047863,0.946032,0.648583
aaaaacad_s003_t000,montage,legacy16,canonicalized,0,1.547977,0.807064,0.206654
aaaaacby_s004_t000,montage,legacy16,canonicalized,0,4.259501,0.982387,0.065583
aaaaaddm_s006_t000,montage,legacy16,canonicalized,1,4.411884,0.984737,1.374610
aaaaadeu_s002_t000,montage,legacy16,canonicalized,1,4.199225,0.981363,0.660354
aaaaadjk_s002_t000,montage,legacy16,canonicalized,0,2.575165,0.917762,0.117885
aaaaadkb_s002_t000,montage,legacy16,canonicalized,1,6.234121,0.997289,1.469459
aaaaadsm_s002_t001,montage,legacy16,canonicalized,0,1.427543,0.788515,0.430121
aaaaaeab_s003_t000,montage,legacy16,canonicalized,0,2.522711,0.913900,0.360464
aaaaaejc_s003_t001,montage,legacy16,canonicalized,0,2.196974,0.886052,0.498861
aaaaaezn_s003_t001,montage,legacy16,canonicalized,1,3.363658,0.959518,1.200013
aaaaafhl_s003_t000,montage,legacy16,canonicalized,1,3.105806,0.948789,1.157102
aaaaagfk_s003_t000,montage,legacy16,canonicalized,0,1.625868,0.818387,0.334589
aaaaagsc_s003_t001,montage,legacy16,canonicalized,1,4.734758,0.988742,4.316803
aaaaagsc_s006_t001,montage,legacy16,canonicalized,1,2.489410,0.911363,0.676790
aaaaaguk_s002_t001,montage,legacy16,canonicalized,0,-1.317863,0.213041,0.487353
aaaaagvx_s002_t000,montage,legacy16,canonicalized,1,2.873700,0.936880,0.245684
aaaaagvx_s003_t001,montage,legacy16,canonicalized,1,2.899989,0.938349,0.172860
aaaaagyr_s002_t000,montage,legacy16,canonicalized,1,3.294703,0.956880,0.303736
aaaaahie_s005_t001,montage,legacy16,canonicalized,1,5.572021,0.994909,3.041797
aaaaahsv_s002_t000,montage,legacy16,canonicalized,0,2.007231,0.866432,0.884677
aaaaahte_s002_t000,montage,legacy16,canonicalized,1,5.504417,0.994571,3.722100
aaaaahte_s003_t000,montage,legacy16,canonicalized,1,4.104880,0.979641,0.422523
aaaaahuy_s002_t000,montage,legacy16,canonicalized,1,1.854492,0.848625,0.192083
aaaaahzi_s001_t000,montage,legacy16,canonicalized,0,2.628374,0.921518,0.467179
aaaaahzm_s001_t001,montage,legacy16,canonicalized,0,4.418876,0.984837,0.115241
aaaaahzq_s001_t000,montage,legacy16,canonicalized,0,1.177886,0.746020,0.164036
aaaaahzs_s001_t001,montage,legacy16,canonicalized,0,2.617419,0.920758,0.501463
aaaaaiae_s001_t000,montage,legacy16,canonicalized,0,3.427363,0.961817,0.555492
aaaaaibx_s001_t000,montage,legacy16,canonicalized,0,1.744505,0.834628,0.232318
aaaaaiby_s001_t000,montage,legacy16,canonicalized,0,2.645836,0.922716,2.287613
aaaaaici_s001_t000,montage,legacy16,canonicalized,0,1.523791,0.803441,2.235532
aaaaaicn_s001_t000,montage,legacy16,canonicalized,0,3.923344,0.975879,0.371376
aaaaaijh_s002_t000,montage,legacy16,canonicalized,1,0.779217,0.667445,0.406779
aaaaaijn_s001_t001,montage,legacy16,canonicalized,0,2.316889,0.897117,0.088866
aaaaairb_s001_t001,montage,legacy16,canonicalized,0,3.000218,0.943661,0.164772
aaaaairo_s001_t000,montage,legacy16,canonicalized,0,1.427843,0.788563,1.294496
aaaaaitt_s001_t000,montage,legacy16,canonicalized,0,2.096873,0.876035,1.697082
aaaaaiue_s004_t000,montage,legacy16,canonicalized,1,2.663751,0.923927,1.175044
aaaaaiuo_s002_t000,montage,legacy16,canonicalized,0,3.297318,0.956983,0.395267
aaaaaiwz_s001_t001,montage,legacy16,canonicalized,0,2.593593,0.919081,0.201310
aaaaaiyy_s001_t001,montage,legacy16,canonicalized,0,2.098458,0.876199,0.359179
aaaaaizd_s001_t001,montage,legacy16,canonicalized,0,3.335429,0.958457,1.615038
aaaaaizs_s001_t000,montage,legacy16,canonicalized,0,2.814162,0.933431,0.176551
aaaaajae_s001_t001,montage,legacy16,canonicalized,0,3.594637,0.967271,0.435274
aaaaajah_s002_t001,montage,legacy16,canonicalized,1,3.098893,0.948468,0.629902
aaaaajah_s004_t000,montage,legacy16,canonicalized,1,1.724261,0.831942,0.577353
aaaaajal_s001_t001,montage,legacy16,canonicalized,0,0.734401,0.657875,0.130657
aaaaajam_s001_t000,montage,legacy16,canonicalized,1,3.622174,0.968094,0.200991
aaaaajar_s001_t001,montage,legacy16,canonicalized,0,1.967098,0.861932,0.115705
aaaaajbb_s001_t000,montage,legacy16,canonicalized,0,3.369723,0.959742,0.382328
aaaaajbh_s002_t000,montage,legacy16,canonicalized,0,3.677807,0.969695,0.142112
aaaaajce_s001_t000,montage,legacy16,canonicalized,0,1.593376,0.813728,0.232235
aaaaajci_s001_t000,montage,legacy16,canonicalized,0,0.756928,0.662702,0.360395
aaaaajck_s001_t000,montage,legacy16,canonicalized,0,0.664229,0.642631,0.462987
aaaaajct_s001_t000,montage,legacy16,canonicalized,0,3.105074,0.948755,0.501830
aaaaajcu_s001_t000,montage,legacy16,canonicalized,0,2.602067,0.919681,0.702792
aaaaajda_s001_t000,montage,legacy16,canonicalized,0,0.656852,0.641011,0.249646
aaaaajdb_s001_t000,montage,legacy16,canonicalized,0,1.424400,0.788014,1.364440
aaaaajdv_s001_t000,montage,legacy16,canonicalized,0,3.010752,0.944193,1.915843
aaaaajdy_s001_t000,montage,legacy16,canonicalized,0,1.594704,0.813920,0.392296
aaaaajdz_s001_t000,montage,legacy16,canonicalized,0,1.892104,0.853183,0.963974
aaaaajea_s001_t000,montage,legacy16,canonicalized,0,4.028526,0.978134,1.191077
aaaaajen_s001_t000,montage,legacy16,canonicalized,0,2.697065,0.926134,0.364249
aaaaajey_s001_t000,montage,legacy16,canonicalized,0,2.238056,0.889955,0.221227
aaaaajfb_s001_t000,montage,legacy16,canonicalized,0,0.805111,0.672912,0.810262
aaaaajfe_s001_t000,montage,legacy16,canonicalized,0,1.466371,0.794634,0.144760
aaaaajff_s001_t000,montage,legacy16,canonicalized,0,1.608509,0.815909,0.212836
aaaaajfi_s001_t001,montage,legacy16,canonicalized,0,2.432723,0.906890,0.904230
aaaaajfn_s001_t001,montage,legacy16,canonicalized,0,-0.028852,0.481184,0.223922
aaaaajfy_s001_t000,montage,legacy16,canonicalized,0,1.121806,0.735737,0.494376
aaaaajga_s001_t001,montage,legacy16,canonicalized,0,3.345602,0.958842,0.695196
aaaaajhy_s001_t000,montage,legacy16,canonicalized,0,1.781678,0.839472,1.237187
aaaaajit_s001_t001,montage,legacy16,canonicalized,0,0.323081,0.564858,1.633749
aaaaajiu_s001_t000,montage,legacy16,canonicalized,0,3.718079,0.970806,0.490507
aaaaajiy_s001_t001,montage,legacy16,canonicalized,0,1.547692,0.807022,0.248544
aaaaajiz_s001_t000,montage,legacy16,canonicalized,0,1.370101,0.779219,0.763525
aaaaajjb_s001_t001,montage,legacy16,canonicalized,0,2.714592,0.927272,0.155748
aaaaajje_s001_t000,montage,legacy16,canonicalized,0,1.852613,0.848395,0.748204
aaaaajjk_s001_t000,montage,legacy16,canonicalized,0,1.602607,0.815061,0.466027
aaaaajna_s001_t000,montage,legacy16,canonicalized,0,1.603679,0.815215,0.628818
aaaaajnu_s001_t000,montage,legacy16,canonicalized,0,3.029639,0.945136,1.262067
aaaaajon_s001_t000,montage,legacy16,canonicalized,0,1.852660,0.848401,1.933167
aaaaajoo_s002_t001,montage,legacy16,canonicalized,1,2.050199,0.871111,0.937782
aaaaajpg_s001_t001,montage,legacy16,canonicalized,0,2.186385,0.885027,0.446622
aaaaajqh_s004_t000,montage,legacy16,canonicalized,1,4.578970,0.986959,2.800768
aaaaajqk_s003_t001,montage,legacy16,canonicalized,1,4.280353,0.982729,0.421015
aaaaajrf_s001_t000,montage,legacy16,canonicalized,1,7.994850,0.999495,1.163383
aaaaajrf_s002_t000,montage,legacy16,canonicalized,1,7.050948,0.998756,1.084836
aaaaajrf_s003_t002,montage,legacy16,canonicalized,1,7.424417,0.999129,1.285066
aaaaajrf_s004_t000,montage,legacy16,canonicalized,1,3.670087,0.969478,0.120180
aaaaajso_s001_t000,montage,legacy16,canonicalized,1,4.046318,0.978495,0.933735
aaaaajtg_s001_t000,montage,legacy16,canonicalized,0,3.121860,0.949529,1.424783
aaaaajtu_s001_t000,montage,legacy16,canonicalized,0,3.415752,0.961407,2.066634
aaaaajuh_s001_t000,montage,legacy16,canonicalized,1,5.511853,0.994610,3.062001
aaaaajun_s001_t000,montage,legacy16,canonicalized,0,4.119551,0.979919,1.039291
aaaaajvh_s001_t001,montage,legacy16,canonicalized,0,2.056098,0.871743,0.663680
aaaaajxp_s001_t000,montage,legacy16,canonicalized,0,2.206831,0.886999,0.179922
aaaaakck_s001_t001,montage,legacy16,canonicalized,1,3.444847,0.962425,0.727999
aaaaakcx_s001_t001,montage,legacy16,canonicalized,1,6.235589,0.997293,2.334579
aaaaakcy_s005_t001,montage,legacy16,canonicalized,1,6.726402,0.998304,0.768740
aaaaakdj_s001_t000,montage,legacy16,canonicalized,1,3.416852,0.961446,0.683463
aaaaakdo_s001_t000,montage,legacy16,canonicalized,1,3.483634,0.963743,0.451001
aaaaakeq_s001_t000,montage,legacy16,canonicalized,1,4.303104,0.983094,0.901562
aaaaakeq_s002_t000,montage,legacy16,canonicalized,1,3.184823,0.952335,0.934015
aaaaakeq_s003_t000,montage,legacy16,canonicalized,1,4.305388,0.983130,1.299106
aaaaakev_s001_t001,montage,legacy16,canonicalized,1,7.956920,0.999476,4.017670
aaaaakev_s002_t000,montage,legacy16,canonicalized,1,7.368847,0.999081,2.833454
aaaaakft_s001_t000,montage,legacy16,canonicalized,0,3.206518,0.953267,1.746532
aaaaakgp_s001_t001,montage,legacy16,canonicalized,0,3.254393,0.955263,1.322128
aaaaakgu_s001_t000,montage,legacy16,canonicalized,1,2.985298,0.942898,0.088815
aaaaakjk_s002_t002,montage,legacy16,canonicalized,1,2.309687,0.896480,0.430611
aaaaakjk_s003_t000,montage,legacy16,canonicalized,1,2.631426,0.921728,0.641559
aaaaakka_s001_t001,montage,legacy16,canonicalized,0,1.250180,0.758882,0.498534
aaaaakmg_s003_t001,montage,legacy16,canonicalized,1,6.030763,0.996710,0.470862
aaaaakmh_s001_t000,montage,legacy16,canonicalized,1,2.778974,0.931312,1.660593
aaaaaknt_s001_t000,montage,legacy16,canonicalized,1,3.513525,0.964727,1.460374
aaaaakoo_s001_t001,montage,legacy16,canonicalized,1,7.941565,0.999468,0.784280
aaaaakqg_s001_t001,montage,legacy16,canonicalized,0,1.340899,0.774383,0.467994
aaaaakqr_s001_t000,montage,legacy16,canonicalized,0,2.139486,0.880389,0.170764
aaaaakrt_s001_t001,montage,legacy16,canonicalized,1,5.310706,0.993475,1.084664
aaaaakrt_s002_t001,montage,legacy16,canonicalized,1,4.315013,0.983282,1.198903
aaaaaksb_s001_t000,montage,legacy16,canonicalized,0,1.607664,0.815788,0.332183
aaaaaksu_s001_t001,montage,legacy16,canonicalized,0,3.370790,0.959782,0.786988
aaaaakxz_s001_t001,montage,legacy16,canonicalized,1,5.336383,0.993632,0.073004
aaaaakxz_s002_t001,montage,legacy16,canonicalized,1,4.638858,0.987676,0.738107
aaaaalaf_s001_t000,montage,legacy16,canonicalized,0,1.119159,0.735245,0.310214
aaaaalau_s001_t000,montage,legacy16,canonicalized,1,3.707717,0.970524,0.949039
aaaaalbh_s001_t000,montage,legacy16,canonicalized,1,3.602028,0.967494,2.003859
aaaaalbt_s001_t001,montage,legacy16,canonicalized,0,2.163650,0.882798,0.395964
aaaaalbt_s002_t000,montage,legacy16,canonicalized,0,2.116896,0.878097,0.492612
aaaaalbz_s006_t000,montage,legacy16,canonicalized,1,5.696702,0.995478,1.296585
aaaaalid_s001_t001,montage,legacy16,canonicalized,0,2.809771,0.933170,0.444388
aaaaaljf_s001_t000,montage,legacy16,canonicalized,1,2.807618,0.933042,1.175496
aaaaaljj_s001_t000,montage,legacy16,canonicalized,0,0.987427,0.710035,0.476807
aaaaallc_s001_t001,montage,legacy16,canonicalized,0,3.082006,0.947673,0.667503
aaaaalle_s002_t000,montage,legacy16,canonicalized,1,3.387581,0.960396,0.334089
aaaaalox_s001_t001,montage,legacy16,canonicalized,0,5.082728,0.991900,3.065024
aaaaalpv_s001_t000,montage,legacy16,canonicalized,0,2.796289,0.932363,1.075654
aaaaalqa_s001_t000,montage,legacy16,canonicalized,0,1.613392,0.816609,1.679900
aaaaalqr_s001_t001,montage,legacy16,canonicalized,1,3.820166,0.973446,0.298299
aaaaalqs_s001_t001,montage,legacy16,canonicalized,0,2.390632,0.903439,0.303862
aaaaalqx_s001_t000,montage,legacy16,canonicalized,0,1.588211,0.812979,0.744756
aaaaalrc_s002_t000,montage,legacy16,canonicalized,1,11.323376,0.999979,4.185291
aaaaalsq_s001_t000,montage,legacy16,canonicalized,0,2.090527,0.875375,0.572163
aaaaalsx_s001_t000,montage,legacy16,canonicalized,1,2.908785,0.938833,0.935520
aaaaalsx_s004_t001,montage,legacy16,canonicalized,1,5.030567,0.991490,0.067424
aaaaaluz_s001_t001,montage,legacy16,canonicalized,0,2.326443,0.897956,0.256089
aaaaalvw_s001_t000,montage,legacy16,canonicalized,0,0.740129,0.659105,0.181673
aaaaalvz_s001_t000,montage,legacy16,canonicalized,1,6.765767,0.998367,2.274914
aaaaalxk_s001_t000,montage,legacy16,canonicalized,0,2.609803,0.920225,0.388284
aaaaalyr_s001_t000,montage,legacy16,canonicalized,1,3.743664,0.971490,0.489069
aaaaalzk_s002_t001,montage,legacy16,canonicalized,1,5.958796,0.996476,4.420426
aaaaamcb_s001_t001,montage,legacy16,canonicalized,1,6.134347,0.997019,1.107866
aaaaamfe_s001_t001,montage,legacy16,canonicalized,0,3.427152,0.961809,0.258228
aaaaamft_s001_t001,montage,legacy16,canonicalized,1,6.659581,0.998193,0.467340
aaaaamfu_s001_t000,montage,legacy16,canonicalized,0,1.083855,0.728628,0.473597
aaaaamhi_s001_t000,montage,legacy16,canonicalized,1,4.742433,0.988824,3.786797
aaaaamhk_s001_t000,montage,legacy16,canonicalized,1,3.304038,0.957247,0.408559
aaaaamjc_s001_t001,montage,legacy16,canonicalized,1,5.428721,0.994167,1.542941
aaaaammh_s001_t001,montage,legacy16,canonicalized,1,2.899586,0.938326,0.429194
aaaaamnq_s001_t000,montage,legacy16,canonicalized,1,5.682114,0.995415,3.532248
aaaaamnq_s002_t000,montage,legacy16,canonicalized,1,3.471705,0.963342,0.670848
aaaaamon_s001_t000,montage,legacy16,canonicalized,0,3.171003,0.951732,1.870353
aaaaampz_s001_t000,montage,legacy16,canonicalized,1,2.038516,0.869853,0.459636
aaaaamrj_s001_t000,montage,legacy16,canonicalized,0,3.008310,0.944070,0.330221
aaaaamsc_s001_t000,montage,legacy16,canonicalized,1,4.299487,0.983036,0.722459
aaaaamtb_s001_t000,montage,legacy16,canonicalized,0,2.734020,0.928513,1.207215
aaaaamuc_s001_t000,montage,legacy16,canonicalized,0,2.131843,0.879618,0.683776
aaaaamxn_s001_t000,montage,legacy16,canonicalized,1,2.033856,0.869348,0.224685
aaaaamyb_s001_t001,montage,legacy16,canonicalized,0,2.065296,0.872722,0.486093
aaaaamye_s001_t000,montage,legacy16,canonicalized,1,10.072445,0.999931,4.869211
aaaaamzi_s001_t001,montage,legacy16,canonicalized,1,6.035345,0.996724,5.776049
aaaaamzl_s001_t000,montage,legacy16,canonicalized,0,2.307585,0.896293,0.462829
aaaaamzx_s001_t000,montage,legacy16,canonicalized,0,1.566143,0.809752,0.755848
aaaaanbq_s001_t000,montage,legacy16,canonicalized,0,3.008704,0.944090,0.764458
aaaaanek_s001_t000,montage,legacy16,canonicalized,0,1.041840,0.720619,0.775503
aaaaangp_s001_t000,montage,legacy16,canonicalized,0,2.035143,0.869488,0.361010
aaaaanhb_s001_t003,montage,legacy16,canonicalized,1,2.124899,0.878913,0.067954
aaaaanhb_s003_t001,montage,legacy16,canonicalized,1,3.115763,0.949250,0.335544
aaaaanhb_s005_t000,montage,legacy16,canonicalized,1,3.432359,0.961992,0.601935
aaaaankf_s001_t000,montage,legacy16,canonicalized,1,4.012431,0.977803,0.535255
aaaaanlp_s001_t000,montage,legacy16,canonicalized,0,1.735675,0.833461,0.210419
aaaaanmc_s001_t000,montage,legacy16,canonicalized,1,5.763180,0.995755,3.054610
aaaaanop_s001_t000,montage,legacy16,canonicalized,0,2.580754,0.918164,1.957577
aaaaanoz_s001_t000,montage,legacy16,canonicalized,1,1.243546,0.757721,0.483089
aaaaanpr_s001_t002,montage,legacy16,canonicalized,1,2.766872,0.930569,1.014804
aaaaanqe_s001_t000,montage,legacy16,canonicalized,0,1.583113,0.812237,0.238181
aaaaanro_s001_t000,montage,legacy16,canonicalized,1,4.757713,0.988984,0.221541
aaaaansj_s001_t000,montage,legacy16,canonicalized,1,2.349687,0.899973,0.218926
aaaaanta_s001_t000,montage,legacy16,canonicalized,1,5.348887,0.993707,3.913586
aaaaanum_s001_t000,montage,legacy16,canonicalized,0,2.159374,0.882375,0.740878
aaaaanvb_s002_t000,montage,legacy16,canonicalized,0,1.415366,0.786568,0.257116
aaaaanvg_s001_t002,montage,legacy16,canonicalized,0,2.913695,0.939102,0.311900
aaaaanvw_s001_t000,montage,legacy16,canonicalized,0,1.802780,0.842170,0.486596
aaaaanwc_s001_t001,montage,legacy16,canonicalized,1,6.831901,0.998467,3.981081
aaaaanxl_s001_t000,montage,legacy16,canonicalized,1,4.587397,0.987063,1.280433
aaaaanyb_s001_t001,montage,legacy16,canonicalized,0,2.428700,0.906565,0.515444
aaaaanyt_s002_t000,montage,legacy16,canonicalized,1,6.366931,0.997611,1.022503
aaaaanyw_s001_t000,montage,legacy16,canonicalized,1,3.587447,0.967053,0.171804
aaaaanyw_s002_t000,montage,legacy16,canonicalized,1,4.153070,0.980539,1.392239
aaaaanzh_s001_t000,montage,legacy16,canonicalized,1,3.703391,0.970405,0.230333
aaaaanzu_s001_t003,montage,legacy16,canonicalized,1,2.912587,0.939041,0.131556
aaaaaoav_s001_t000,montage,legacy16,canonicalized,0,1.810609,0.843161,0.464132
aaaaaoav_s002_t000,montage,legacy16,canonicalized,0,1.487856,0.797963,0.470190
aaaaaobi_s001_t000,montage,legacy16,canonicalized,1,2.790615,0.932020,0.675297
aaaaaobl_s001_t000,montage,legacy16,canonicalized,0,2.593140,0.919049,0.405960
aaaaaoby_s001_t000,montage,legacy16,canonicalized,0,2.095317,0.875873,1.980232
aaaaaoda_s001_t000,montage,legacy16,canonicalized,1,5.919818,0.996343,1.098320
aaaaaoeg_s001_t000,montage,legacy16,canonicalized,0,2.332273,0.898465,0.260803
aaaaaofj_s001_t000,montage,legacy16,canonicalized,0,1.291748,0.766074,0.334631
aaaaaofr_s001_t000,montage,legacy16,canonicalized,0,3.382256,0.960202,0.123069
aaaaaofz_s001_t000,montage,legacy16,canonicalized,0,1.693340,0.827771,0.399280
aaaaaohb_s001_t000,montage,legacy16,canonicalized,1,4.433959,0.985051,0.416418
aaaaaohr_s002_t001,montage,legacy16,canonicalized,1,4.226282,0.981830,0.427774
aaaaaoiq_s001_t000,montage,legacy16,canonicalized,1,2.381194,0.902650,0.409716
aaaaaoiv_s001_t000,montage,legacy16,canonicalized,1,2.941161,0.940585,0.415070
aaaaaoiv_s002_t001,montage,legacy16,canonicalized,1,8.661747,0.999733,3.094592
aaaaaoiv_s003_t003,montage,legacy16,canonicalized,1,6.666392,0.998204,0.313058
aaaaaojd_s001_t002,montage,legacy16,canonicalized,0,0.655114,0.640629,0.500558
aaaaaokg_s001_t000,montage,legacy16,canonicalized,0,5.333180,0.993613,3.225893
aaaaaoly_s001_t000,montage,legacy16,canonicalized,0,2.614855,0.920579,2.276196
aaaaaome_s001_t000,montage,legacy16,canonicalized,0,1.899456,0.854061,0.302069
aaaaaomx_s001_t000,montage,legacy16,canonicalized,0,3.084178,0.947776,0.287740
aaaaaomy_s001_t000,montage,legacy16,canonicalized,1,5.936151,0.996399,6.842345
aaaaaonb_s001_t000,montage,legacy16,canonicalized,0,2.884061,0.937462,1.214245
aaaaaons_s002_t002,montage,legacy16,canonicalized,1,4.208356,0.981522,0.150492
aaaaaopd_s001_t000,montage,legacy16,canonicalized,0,1.272060,0.762686,0.847997
aaaaaopo_s001_t000,montage,legacy16,canonicalized,0,1.622824,0.817954,0.224495
aaaaaora_s002_t000,montage,legacy16,canonicalized,1,2.912131,0.939016,0.333407
aaaaaord_s001_t000,montage,legacy16,canonicalized,1,3.182273,0.952225,0.467170
aaaaaosh_s001_t000,montage,legacy16,canonicalized,1,3.394898,0.960661,0.673283
aaaaaosw_s001_t000,montage,legacy16,canonicalized,0,3.141313,0.950413,1.358482
aaaaaote_s001_t000,montage,legacy16,canonicalized,0,3.032282,0.945267,0.090370
aaaaaout_s001_t000,montage,legacy16,canonicalized,1,3.260677,0.955519,0.923103
aaaaaovl_s001_t000,montage,legacy16,canonicalized,1,5.298533,0.993399,0.155526
aaaaaovo_s001_t000,montage,legacy16,canonicalized,1,6.114522,0.996962,2.434440
aaaaaowb_s001_t000,montage,legacy16,canonicalized,0,2.821799,0.933883,0.639000
aaaaaoxf_s001_t000,montage,legacy16,canonicalized,0,1.499734,0.799786,0.762676
aaaaaozf_s001_t001,montage,legacy16,canonicalized,0,1.968934,0.862141,2.420127
aaaaapag_s001_t000,montage,legacy16,canonicalized,0,1.537927,0.805565,1.370849
aaaaapar_s001_t000,montage,legacy16,canonicalized,1,14.471407,0.999999,1.121429
aaaaapcb_s001_t000,montage,legacy16,canonicalized,0,4.570476,0.986854,0.129759
aaaaapcy_s001_t002,montage,legacy16,canonicalized,0,1.488302,0.798032,0.415775
aaaaapdg_s001_t000,montage,legacy16,canonicalized,0,1.471219,0.795389,0.095281
aaaaaphs_s001_t000,montage,legacy16,canonicalized,1,4.613159,0.987373,0.350542
aaaaaphw_s001_t000,montage,legacy16,canonicalized,0,3.589687,0.967121,1.029304
aaaaapij_s001_t000,montage,legacy16,canonicalized,0,2.882200,0.937358,0.553414
aaaaapjc_s001_t001,montage,legacy16,canonicalized,0,-0.106832,0.462622,0.631510
aaaaapka_s001_t000,montage,legacy16,canonicalized,0,2.906384,0.938701,0.692453
aaaaapkx_s001_t001,montage,legacy16,canonicalized,1,1.602582,0.815057,1.638045
aaaaaply_s001_t001,montage,legacy16,canonicalized,1,4.472265,0.985580,2.104172
aaaaapmb_s002_t001,montage,legacy16,canonicalized,1,5.358132,0.993762,0.226888
aaaaapmp_s001_t000,montage,legacy16,canonicalized,1,1.813971,0.843585,0.242898
aaaaapnr_s001_t000,montage,legacy16,canonicalized,1,-0.046230,0.477041,1.372475
aaaaapoc_s001_t000,montage,legacy16,canonicalized,1,4.625067,0.987514,1.264239
aaaaapof_s001_t000,montage,legacy16,canonicalized,0,0.861864,0.684732,0.415339
aaaaapoo_s001_t000,montage,legacy16,canonicalized,0,1.506770,0.800861,0.856334
aaaaapoq_s001_t000,montage,legacy16,canonicalized,0,3.719393,0.970841,0.442751
aaaaappb_s001_t000,montage,legacy16,canonicalized,0,2.540226,0.915207,1.034635
aaaaapqd_s001_t000,montage,legacy16,canonicalized,1,4.369045,0.984109,1.799278
aaaaapqv_s001_t000,montage,legacy16,canonicalized,0,2.042953,0.870332,1.274155
aaaaapta_s001_t000,montage,legacy16,canonicalized,1,4.390631,0.984429,1.108656
aaaaapth_s001_t000,montage,legacy16,canonicalized,1,1.951813,0.860185,0.751304
aaaaapua_s001_t001,montage,legacy16,canonicalized,0,0.693721,0.649075,0.095291
aaaaapuu_s001_t000,montage,legacy16,canonicalized,0,1.728239,0.832472,0.578207
aaaaapvw_s001_t001,montage,legacy16,canonicalized,1,4.660477,0.987924,0.793157
aaaaapvy_s001_t000,montage,legacy16,canonicalized,1,2.761898,0.930261,1.691997
aaaaapwn_s001_t001,montage,legacy16,canonicalized,0,2.285796,0.894342,1.458656
aaaaapwo_s001_t001,montage,legacy16,canonicalized,1,7.148161,0.998866,1.063026
aaaaapxm_s001_t001,montage,legacy16,canonicalized,0,1.057513,0.723623,0.085546
aaaaapys_s001_t001,montage,legacy16,canonicalized,1,12.016967,0.999989,1.352750
aaaaapys_s002_t001,montage,legacy16,canonicalized,1,9.584456,0.999889,1.096511
aaaaaayx_s002_t000,montage,legacy16,naive,0,2.695952,0.926062,0.678014
aaaaabdo_s003_t000,montage,legacy16,naive,1,4.999279,0.991234,2.021711
aaaaabsk_s007_t000,montage,legacy16,naive,1,2.537010,0.914969,0.255309
aaaaabuv_s002_t000,montage,legacy16,naive,1,2.822147,0.933904,0.435575
aaaaacad_s003_t000,montage,legacy16,naive,0,1.663797,0.823710,0.177322
aaaaacby_s004_t000,montage,legacy16,naive,0,4.067919,0.978925,0.121292
aaaaaddm_s006_t000,montage,legacy16,naive,1,4.184606,0.981106,1.120373
aaaaadeu_s002_t000,montage,legacy16,naive,1,4.015347,0.977863,0.736901
aaaaadjk_s002_t000,montage,legacy16,naive,0,2.467393,0.909650,0.060641
aaaaadkb_s002_t000,montage,legacy16,naive,1,6.064064,0.996812,1.189358
aaaaadsm_s002_t001,montage,legacy16,naive,0,1.374698,0.779974,0.305495
aaaaaeab_s003_t000,montage,legacy16,naive,0,2.446535,0.907999,0.384322
aaaaaejc_s003_t001,montage,legacy16,naive,0,1.967220,0.861946,0.501915
aaaaaezn_s003_t001,montage,legacy16,naive,1,3.302209,0.957175,1.211000
aaaaafhl_s003_t000,montage,legacy16,naive,1,3.270197,0.955904,1.223581
aaaaagfk_s003_t000,montage,legacy16,naive,0,1.603086,0.815130,0.206355
aaaaagsc_s003_t001,montage,legacy16,naive,1,4.852466,0.989928,4.973153
aaaaagsc_s006_t001,montage,legacy16,naive,1,2.247524,0.890838,0.574244
aaaaaguk_s002_t001,montage,legacy16,naive,0,-1.185638,0.234985,0.586701
aaaaagvx_s002_t000,montage,legacy16,naive,1,2.715164,0.927308,0.273726
aaaaagvx_s003_t001,montage,legacy16,naive,1,2.599417,0.919494,0.168151
aaaaagyr_s002_t000,montage,legacy16,naive,1,3.492315,0.964031,0.317925
aaaaahie_s005_t001,montage,legacy16,naive,1,5.461452,0.994345,2.639484
aaaaahsv_s002_t000,montage,legacy16,naive,0,2.113302,0.877729,0.880196
aaaaahte_s002_t000,montage,legacy16,naive,1,5.471104,0.994397,4.004341
aaaaahte_s003_t000,montage,legacy16,naive,1,4.020940,0.977979,0.298057
aaaaahuy_s002_t000,montage,legacy16,naive,1,2.387021,0.903138,0.057257
aaaaahzi_s001_t000,montage,legacy16,naive,0,2.590184,0.918838,0.378431
aaaaahzm_s001_t001,montage,legacy16,naive,0,4.392294,0.984453,0.140666
aaaaahzq_s001_t000,montage,legacy16,naive,0,1.140280,0.739154,0.183428
aaaaahzs_s001_t001,montage,legacy16,naive,0,2.667036,0.924148,0.346821
aaaaaiae_s001_t000,montage,legacy16,naive,0,3.261013,0.955533,0.564906
aaaaaibx_s001_t000,montage,legacy16,naive,0,1.605096,0.815419,0.196598
aaaaaiby_s001_t000,montage,legacy16,naive,0,2.727127,0.928075,2.256326
aaaaaici_s001_t000,montage,legacy16,naive,0,2.479382,0.910587,1.908301
aaaaaicn_s001_t000,montage,legacy16,naive,0,3.738111,0.971343,0.368846
aaaaaijh_s002_t000,montage,legacy16,naive,1,1.913565,0.855733,0.611380
aaaaaijn_s001_t001,montage,legacy16,naive,0,2.231792,0.889367,0.071691
aaaaairb_s001_t001,montage,legacy16,naive,0,2.747234,0.929347,0.159771
aaaaairo_s001_t000,montage,legacy16,naive,0,1.497761,0.799485,1.258605
aaaaaitt_s001_t000,montage,legacy16,naive,0,2.081556,0.874437,0.956795
aaaaaiue_s004_t000,montage,legacy16,naive,1,2.871838,0.936774,1.797716
aaaaaiuo_s002_t000,montage,legacy16,naive,0,3.221264,0.953891,0.434704
aaaaaiwz_s001_t001,montage,legacy16,naive,0,2.509310,0.912887,0.184248
aaaaaiyy_s001_t001,montage,legacy16,naive,0,2.011355,0.866887,0.244439
aaaaaizd_s001_t001,montage,legacy16,naive,0,3.402351,0.960929,1.796256
aaaaaizs_s001_t000,montage,legacy16,naive,0,2.863812,0.936319,0.129350
aaaaajae_s001_t001,montage,legacy16,naive,0,3.448797,0.962562,0.283241
aaaaajah_s002_t001,montage,legacy16,naive,1,3.135248,0.950139,0.746246
aaaaajah_s004_t000,montage,legacy16,naive,1,2.169793,0.883404,0.588383
aaaaajal_s001_t001,montage,legacy16,naive,0,0.551692,0.617582,0.173344
aaaaajam_s001_t000,montage,legacy16,naive,1,3.522979,0.965033,0.213820
aaaaajar_s001_t001,montage,legacy16,naive,0,1.862260,0.849576,0.158322
aaaaajbb_s001_t000,montage,legacy16,naive,0,3.333874,0.958398,0.267315
aaaaajbh_s002_t000,montage,legacy16,naive,0,3.672405,0.969543,0.135657
aaaaajce_s001_t000,montage,legacy16,naive,0,1.510022,0.801356,0.208584
aaaaajci_s001_t000,montage,legacy16,naive,0,0.687261,0.647668,0.251262
aaaaajck_s001_t000,montage,legacy16,naive,0,0.998286,0.712166,0.359944
aaaaajct_s001_t000,montage,legacy16,naive,0,3.123563,0.949607,0.446502
aaaaajcu_s001_t000,montage,legacy16,naive,0,2.195443,0.885904,0.778896
aaaaajda_s001_t000,montage,legacy16,naive,0,0.670290,0.643960,0.216290
aaaaajdb_s001_t000,montage,legacy16,naive,0,1.233063,0.755878,1.153047
aaaaajdv_s001_t000,montage,legacy16,naive,0,2.949699,0.941039,1.972158
aaaaajdy_s001_t000,montage,legacy16,naive,0,1.773806,0.838456,0.409813
aaaaajdz_s001_t000,montage,legacy16,naive,0,2.032690,0.869222,0.869291
aaaaajea_s001_t000,montage,legacy16,naive,0,3.816451,0.973354,1.148864
aaaaajen_s001_t000,montage,legacy16,naive,0,2.717548,0.927462,0.375337
aaaaajey_s001_t000,montage,legacy16,naive,0,2.284383,0.894215,0.079838
aaaaajfb_s001_t000,montage,legacy16,naive,0,0.666650,0.643162,0.761501
aaaaajfe_s001_t000,montage,legacy16,naive,0,1.506704,0.800851,0.093542
aaaaajff_s001_t000,montage,legacy16,naive,0,1.565538,0.809663,0.226646
aaaaajfi_s001_t001,montage,legacy16,naive,0,2.448850,0.908183,0.951899
aaaaajfn_s001_t001,montage,legacy16,naive,0,-0.079906,0.469022,0.242067
aaaaajfy_s001_t000,montage,legacy16,naive,0,1.017012,0.715819,0.412285
aaaaajga_s001_t001,montage,legacy16,naive,0,3.379290,0.960094,0.723773
aaaaajhy_s001_t000,montage,legacy16,naive,0,1.847470,0.847762,1.090115
aaaaajit_s001_t001,montage,legacy16,naive,0,0.401043,0.583068,1.533944
aaaaajiu_s001_t000,montage,legacy16,naive,0,3.669198,0.969453,0.711139
aaaaajiy_s001_t001,montage,legacy16,naive,0,1.663169,0.823623,0.225921
aaaaajiz_s001_t000,montage,legacy16,naive,0,1.383941,0.781485,0.500183
aaaaajjb_s001_t001,montage,legacy16,naive,0,2.717719,0.927473,0.138948
aaaaajje_s001_t000,montage,legacy16,naive,0,1.557595,0.808491,0.638553
aaaaajjk_s001_t000,montage,legacy16,naive,0,1.291598,0.766048,0.412771
aaaaajna_s001_t000,montage,legacy16,naive,0,1.740721,0.834129,0.677788
aaaaajnu_s001_t000,montage,legacy16,naive,0,3.117336,0.949322,1.490109
aaaaajon_s001_t000,montage,legacy16,naive,0,2.422921,0.906097,1.535187
aaaaajoo_s002_t001,montage,legacy16,naive,1,2.160368,0.882473,0.778797
aaaaajpg_s001_t001,montage,legacy16,naive,0,2.192519,0.885622,0.585446
aaaaajqh_s004_t000,montage,legacy16,naive,1,5.182258,0.992630,3.032550
aaaaajqk_s003_t001,montage,legacy16,naive,1,4.270165,0.982563,0.384088
aaaaajrf_s001_t000,montage,legacy16,naive,1,8.402771,0.999658,0.999770
aaaaajrf_s002_t000,montage,legacy16,naive,1,7.474898,0.999170,1.225556
aaaaajrf_s003_t002,montage,legacy16,naive,1,7.163367,0.998882,1.352501
aaaaajrf_s004_t000,montage,legacy16,naive,1,3.565927,0.966392,0.155306
aaaaajso_s001_t000,montage,legacy16,naive,1,3.859740,0.974406,1.021715
aaaaajtg_s001_t000,montage,legacy16,naive,0,2.948755,0.940989,1.417031
aaaaajtu_s001_t000,montage,legacy16,naive,0,3.655188,0.969054,1.357632
aaaaajuh_s001_t000,montage,legacy16,naive,1,5.485750,0.994474,3.124663
aaaaajun_s001_t000,montage,legacy16,naive,0,4.312084,0.983236,0.833624
aaaaajvh_s001_t001,montage,legacy16,naive,0,2.244639,0.890569,0.597847
aaaaajxp_s001_t000,montage,legacy16,naive,0,2.186792,0.885066,0.126779
aaaaakck_s001_t001,montage,legacy16,naive,1,3.098064,0.948429,0.674087
aaaaakcx_s001_t001,montage,legacy16,naive,1,6.504426,0.997905,2.400197
aaaaakcy_s005_t001,montage,legacy16,naive,1,6.973830,0.998661,0.563506
aaaaakdj_s001_t000,montage,legacy16,naive,1,3.486897,0.963851,0.786848
aaaaakdo_s001_t000,montage,legacy16,naive,1,2.992101,0.943247,0.367670
aaaaakeq_s001_t000,montage,legacy16,naive,1,3.962682,0.976747,0.898076
aaaaakeq_s002_t000,montage,legacy16,naive,1,3.266930,0.955772,1.088520
aaaaakeq_s003_t000,montage,legacy16,naive,1,4.088531,0.979327,1.298447
aaaaakev_s001_t001,montage,legacy16,naive,1,7.781656,0.999381,4.586533
aaaaakev_s002_t000,montage,legacy16,naive,1,7.374929,0.999087,2.653007
aaaaakft_s001_t000,montage,legacy16,naive,0,3.171054,0.951735,1.045469
aaaaakgp_s001_t001,montage,legacy16,naive,0,3.253648,0.955233,1.836016
aaaaakgu_s001_t000,montage,legacy16,naive,1,2.667937,0.924208,0.082244
aaaaakjk_s002_t002,montage,legacy16,naive,1,2.223553,0.888591,0.086401
aaaaakjk_s003_t000,montage,legacy16,naive,1,2.696166,0.926076,0.893049
aaaaakka_s001_t001,montage,legacy16,naive,0,1.307814,0.768813,0.643372
aaaaakmg_s003_t001,montage,legacy16,naive,1,6.074353,0.996843,0.252202
aaaaakmh_s001_t000,montage,legacy16,naive,1,3.202777,0.953108,1.096157
aaaaaknt_s001_t000,montage,legacy16,naive,1,3.572247,0.966587,1.089296
aaaaakoo_s001_t001,montage,legacy16,naive,1,7.601223,0.999264,0.718268
aaaaakqg_s001_t001,montage,legacy16,naive,0,1.200845,0.750154,0.403495
aaaaakqr_s001_t000,montage,legacy16,naive,0,2.677234,0.924828,0.489057
aaaaakrt_s001_t001,montage,legacy16,naive,1,5.147633,0.992384,0.771991
aaaaakrt_s002_t001,montage,legacy16,naive,1,4.459653,0.985408,1.517688
aaaaaksb_s001_t000,montage,legacy16,naive,0,1.557551,0.808484,0.208535
aaaaaksu_s001_t001,montage,legacy16,naive,0,3.527122,0.965167,1.106640
aaaaakxz_s001_t001,montage,legacy16,naive,1,4.959784,0.990900,0.067049
aaaaakxz_s002_t001,montage,legacy16,naive,1,4.748668,0.988889,1.055559
aaaaalaf_s001_t000,montage,legacy16,naive,0,1.087955,0.729401,0.333195
aaaaalau_s001_t000,montage,legacy16,naive,1,3.739115,0.971370,0.940066
aaaaalbh_s001_t000,montage,legacy16,naive,1,3.455764,0.962801,1.593115
aaaaalbt_s001_t001,montage,legacy16,naive,0,2.106863,0.877068,0.327244
aaaaalbt_s002_t000,montage,legacy16,naive,0,2.774112,0.931014,1.083270
aaaaalbz_s006_t000,montage,legacy16,naive,1,5.717404,0.995566,1.210302
aaaaalid_s001_t001,montage,legacy16,naive,0,3.186822,0.952422,0.590885
aaaaaljf_s001_t000,montage,legacy16,naive,1,2.904465,0.938595,1.168793
aaaaaljj_s001_t000,montage,legacy16,naive,0,1.142195,0.739506,0.378299
aaaaallc_s001_t001,montage,legacy16,naive,0,3.053483,0.946306,0.632836
aaaaalle_s002_t000,montage,legacy16,naive,1,3.370235,0.959761,0.300413
aaaaalox_s001_t001,montage,legacy16,naive,0,4.991928,0.991173,3.010519
aaaaalpv_s001_t000,montage,legacy16,naive,0,2.734316,0.928532,1.032469
aaaaalqa_s001_t000,montage,legacy16,naive,0,1.741272,0.834201,1.498586
aaaaalqr_s001_t001,montage,legacy16,naive,1,3.032210,0.945264,0.316419
aaaaalqs_s001_t001,montage,legacy16,naive,0,2.200504,0.886392,0.323043
aaaaalqx_s001_t000,montage,legacy16,naive,0,1.396251,0.783487,0.493971
aaaaalrc_s002_t000,montage,legacy16,naive,1,11.330102,0.999979,4.404667
aaaaalsq_s001_t000,montage,legacy16,naive,0,2.563918,0.916947,0.325526
aaaaalsx_s001_t000,montage,legacy16,naive,1,2.926256,0.939784,0.881862
aaaaalsx_s004_t001,montage,legacy16,naive,1,4.944219,0.990765,0.036905
aaaaaluz_s001_t001,montage,legacy16,naive,0,2.345307,0.899595,0.276367
aaaaalvw_s001_t000,montage,legacy16,naive,0,2.609034,0.920171,0.522706
aaaaalvz_s001_t000,montage,legacy16,naive,1,6.850562,0.998494,1.558918
aaaaalxk_s001_t000,montage,legacy16,naive,0,3.297053,0.956973,0.622747
aaaaalyr_s001_t000,montage,legacy16,naive,1,3.711253,0.970620,0.499773
aaaaalzk_s002_t001,montage,legacy16,naive,1,6.092890,0.996899,5.036631
aaaaamcb_s001_t001,montage,legacy16,naive,1,6.215630,0.997241,0.984641
aaaaamfe_s001_t001,montage,legacy16,naive,0,3.548805,0.965856,0.466230
aaaaamft_s001_t001,montage,legacy16,naive,1,5.885532,0.996222,0.407801
aaaaamfu_s001_t000,montage,legacy16,naive,0,1.497190,0.799397,0.413186
aaaaamhi_s001_t000,montage,legacy16,naive,1,4.787200,0.989286,3.484114
aaaaamhk_s001_t000,montage,legacy16,naive,1,3.193937,0.952729,0.415112
aaaaamjc_s001_t001,montage,legacy16,naive,1,5.424190,0.994142,1.110795
aaaaammh_s001_t001,montage,legacy16,naive,1,2.877302,0.937083,0.216130
aaaaamnq_s001_t000,montage,legacy16,naive,1,5.210354,0.992823,2.955049
aaaaamnq_s002_t000,montage,legacy16,naive,1,3.322111,0.957948,0.609049
aaaaamon_s001_t000,montage,legacy16,naive,0,3.164374,0.951441,1.884287
aaaaampz_s001_t000,montage,legacy16,naive,1,2.230714,0.889266,0.174507
aaaaamrj_s001_t000,montage,legacy16,naive,0,3.509912,0.964610,0.324434
aaaaamsc_s001_t000,montage,legacy16,naive,1,4.139758,0.980295,0.789287
aaaaamtb_s001_t000,montage,legacy16,naive,0,3.095610,0.948314,1.201252
aaaaamuc_s001_t000,montage,legacy16,naive,0,2.078421,0.874108,0.611943
aaaaamxn_s001_t000,montage,legacy16,naive,1,3.709775,0.970580,0.276013
aaaaamyb_s001_t001,montage,legacy16,naive,0,1.975106,0.862840,0.391626
aaaaamye_s001_t000,montage,legacy16,naive,1,9.950195,0.999922,4.250737
aaaaamzi_s001_t001,montage,legacy16,naive,1,6.418501,0.997726,3.772609
aaaaamzl_s001_t000,montage,legacy16,naive,0,2.157083,0.882147,0.297192
aaaaamzx_s001_t000,montage,legacy16,naive,0,1.271913,0.762661,0.695205
aaaaanbq_s001_t000,montage,legacy16,naive,0,3.579521,0.966811,0.341143
aaaaanek_s001_t000,montage,legacy16,naive,0,0.918988,0.696392,0.636289
aaaaangp_s001_t000,montage,legacy16,naive,0,2.060072,0.872166,0.314478
aaaaanhb_s001_t003,montage,legacy16,naive,1,2.256546,0.891673,0.110183
aaaaanhb_s003_t001,montage,legacy16,naive,1,3.026494,0.944980,0.265573
aaaaanhb_s005_t000,montage,legacy16,naive,1,3.573590,0.966629,0.160935
aaaaankf_s001_t000,montage,legacy16,naive,1,4.902790,0.990396,0.488473
aaaaanlp_s001_t000,montage,legacy16,naive,0,1.976709,0.863021,0.180491
aaaaanmc_s001_t000,montage,legacy16,naive,1,5.718762,0.995572,3.115330
aaaaanop_s001_t000,montage,legacy16,naive,0,3.296685,0.956958,1.338789
aaaaanoz_s001_t000,montage,legacy16,naive,1,1.422612,0.787728,0.481814
aaaaanpr_s001_t002,montage,legacy16,naive,1,2.700738,0.926374,0.945960
aaaaanqe_s001_t000,montage,legacy16,naive,0,1.461819,0.793924,0.249767
aaaaanro_s001_t000,montage,legacy16,naive,1,4.658624,0.987903,0.175224
aaaaansj_s001_t000,montage,legacy16,naive,1,2.568468,0.917278,0.141527
aaaaanta_s001_t000,montage,legacy16,naive,1,5.630405,0.995184,1.780701
aaaaanum_s001_t000,montage,legacy16,naive,0,2.219280,0.888186,0.813710
aaaaanvb_s002_t000,montage,legacy16,naive,0,3.271608,0.955961,0.850101
aaaaanvg_s001_t002,montage,legacy16,naive,0,2.855601,0.935849,0.239341
aaaaanvw_s001_t000,montage,legacy16,naive,0,2.316684,0.897098,0.291222
aaaaanwc_s001_t001,montage,legacy16,naive,1,6.737528,0.998322,4.283571
aaaaanxl_s001_t000,montage,legacy16,naive,1,4.891574,0.990293,0.777646
aaaaanyb_s001_t001,montage,legacy16,naive,0,3.013679,0.944340,0.353869
aaaaanyt_s002_t000,montage,legacy16,naive,1,5.882653,0.996211,0.744538
aaaaanyw_s001_t000,montage,legacy16,naive,1,3.634561,0.968457,0.126067
aaaaanyw_s002_t000,montage,legacy16,naive,1,4.463097,0.985455,0.874101
aaaaanzh_s001_t000,montage,legacy16,naive,1,3.716229,0.970755,0.243940
aaaaanzu_s001_t003,montage,legacy16,naive,1,3.007373,0.944023,0.215962
aaaaaoav_s001_t000,montage,legacy16,naive,0,1.490398,0.798355,0.488914
aaaaaoav_s002_t000,montage,legacy16,naive,0,2.438896,0.907387,0.516811
aaaaaobi_s001_t000,montage,legacy16,naive,1,2.772653,0.930925,0.742185
aaaaaobl_s001_t000,montage,legacy16,naive,0,2.529923,0.914440,0.484554
aaaaaoby_s001_t000,montage,legacy16,naive,0,2.315413,0.896986,2.238075
aaaaaoda_s001_t000,montage,legacy16,naive,1,6.201176,0.997203,1.152932
aaaaaoeg_s001_t000,montage,legacy16,naive,0,2.396378,0.903917,0.275200
aaaaaofj_s001_t000,montage,legacy16,naive,0,1.420794,0.787438,0.377829
aaaaaofr_s001_t000,montage,legacy16,naive,0,3.435590,0.962104,0.120076
aaaaaofz_s001_t000,montage,legacy16,naive,0,1.724845,0.832020,0.327327
aaaaaohb_s001_t000,montage,legacy16,naive,1,4.064530,0.978858,0.175850
aaaaaohr_s002_t001,montage,legacy16,naive,1,4.218039,0.981689,0.302457
aaaaaoiq_s001_t000,montage,legacy16,naive,1,2.389613,0.903354,0.413415
aaaaaoiv_s001_t000,montage,legacy16,naive,1,2.882246,0.937361,0.566078
aaaaaoiv_s002_t001,montage,legacy16,naive,1,8.058457,0.999524,2.656120
aaaaaoiv_s003_t003,montage,legacy16,naive,1,6.736874,0.998321,0.315805
aaaaaojd_s001_t002,montage,legacy16,naive,0,0.847404,0.681742,0.497667
aaaaaokg_s001_t000,montage,legacy16,naive,0,4.904107,0.990408,2.068016
aaaaaoly_s001_t000,montage,legacy16,naive,0,2.734111,0.928519,2.283538
aaaaaome_s001_t000,montage,legacy16,naive,0,1.344300,0.774950,0.122433
aaaaaomx_s001_t000,montage,legacy16,naive,0,3.256230,0.955338,0.211239
aaaaaomy_s001_t000,montage,legacy16,naive,1,6.044605,0.996753,3.593447
aaaaaonb_s001_t000,montage,legacy16,naive,0,2.714811,0.927286,1.420198
aaaaaons_s002_t002,montage,legacy16,naive,1,4.019102,0.977941,0.288599
aaaaaopd_s001_t000,montage,legacy16,naive,0,1.616079,0.816993,0.542119
aaaaaopo_s001_t000,montage,legacy16,naive,0,1.499287,0.799718,0.277983
aaaaaora_s002_t000,montage,legacy16,naive,1,3.163356,0.951396,0.335014
aaaaaord_s001_t000,montage,legacy16,naive,1,2.920761,0.939487,0.514369
aaaaaosh_s001_t000,montage,legacy16,naive,1,3.489837,0.963949,0.718597
aaaaaosw_s001_t000,montage,legacy16,naive,0,3.308387,0.957416,1.379737
aaaaaote_s001_t000,montage,legacy16,naive,0,3.076411,0.947408,0.169334
aaaaaout_s001_t000,montage,legacy16,naive,1,3.586552,0.967026,0.920362
aaaaaovl_s001_t000,montage,legacy16,naive,1,5.185709,0.992654,0.314617
aaaaaovo_s001_t000,montage,legacy16,naive,1,6.237071,0.997297,2.667311
aaaaaowb_s001_t000,montage,legacy16,naive,0,2.808236,0.933079,0.473653
aaaaaoxf_s001_t000,montage,legacy16,naive,0,1.356259,0.776936,0.590734
aaaaaozf_s001_t001,montage,legacy16,naive,0,3.631909,0.968380,1.935172
aaaaapag_s001_t000,montage,legacy16,naive,0,2.073493,0.873589,1.258516
aaaaapar_s001_t000,montage,legacy16,naive,1,14.636343,0.999999,1.250018
aaaaapcb_s001_t000,montage,legacy16,naive,0,4.396616,0.984516,0.080461
aaaaapcy_s001_t002,montage,legacy16,naive,0,1.500055,0.799836,0.340147
aaaaapdg_s001_t000,montage,legacy16,naive,0,1.398041,0.783777,0.228664
aaaaaphs_s001_t000,montage,legacy16,naive,1,4.448389,0.985252,0.449269
aaaaaphw_s001_t000,montage,legacy16,naive,0,3.451938,0.962670,1.153151
aaaaapij_s001_t000,montage,legacy16,naive,0,2.830652,0.934404,0.698036
aaaaapjc_s001_t001,montage,legacy16,naive,0,0.345595,0.570137,0.370454
aaaaapka_s001_t000,montage,legacy16,naive,0,2.843861,0.935173,0.675586
aaaaapkx_s001_t001,montage,legacy16,naive,1,2.449318,0.908220,1.640534
aaaaaply_s001_t001,montage,legacy16,naive,1,4.314053,0.983267,2.186019
aaaaapmb_s002_t001,montage,legacy16,naive,1,5.235833,0.992995,0.372402
aaaaapmp_s001_t000,montage,legacy16,naive,1,2.019730,0.867808,0.096658
aaaaapnr_s001_t000,montage,legacy16,naive,1,0.990160,0.710572,0.963472
aaaaapoc_s001_t000,montage,legacy16,naive,1,4.606904,0.987298,1.091237
aaaaapof_s001_t000,montage,legacy16,naive,0,0.756998,0.662717,0.294680
aaaaapoo_s001_t000,montage,legacy16,naive,0,1.431565,0.789155,0.619420
aaaaapoq_s001_t000,montage,legacy16,naive,0,3.564712,0.966354,0.336416
aaaaappb_s001_t000,montage,legacy16,naive,0,3.204991,0.953202,0.496564
aaaaapqd_s001_t000,montage,legacy16,naive,1,4.708167,0.988456,0.918407
aaaaapqv_s001_t000,montage,legacy16,naive,0,2.211183,0.887415,1.366851
aaaaapta_s001_t000,montage,legacy16,naive,1,5.283725,0.993306,2.144915
aaaaapth_s001_t000,montage,legacy16,naive,1,2.135163,0.879953,1.177807
aaaaapua_s001_t001,montage,legacy16,naive,0,0.587018,0.625519,0.071973
aaaaapuu_s001_t000,montage,legacy16,naive,0,1.825220,0.844998,0.609600
aaaaapvw_s001_t001,montage,legacy16,naive,1,4.602734,0.987248,0.844788
aaaaapvy_s001_t000,montage,legacy16,naive,1,2.953043,0.941216,0.991386
aaaaapwn_s001_t001,montage,legacy16,naive,0,2.207724,0.887085,1.279965
aaaaapwo_s001_t001,montage,legacy16,naive,1,7.058300,0.998765,1.112751
aaaaapxm_s001_t001,montage,legacy16,naive,0,1.273290,0.762899,0.087245
aaaaapys_s001_t001,montage,legacy16,naive,1,11.741806,0.999986,1.156350
aaaaapys_s002_t001,montage,legacy16,naive,1,9.410497,0.999869,0.929565
aaaaaayx_s002_t000,power_line,0.0,canonicalized,0,0.202175,0.536286,1.642176
aaaaabdo_s003_t000,power_line,0.0,canonicalized,1,5.570985,0.994904,1.519506
aaaaabsk_s007_t000,power_line,0.0,canonicalized,1,0.466174,0.598111,1.003793
aaaaabuv_s002_t000,power_line,0.0,canonicalized,1,1.567353,0.809930,0.973321
aaaaacad_s003_t000,power_line,0.0,canonicalized,0,0.920193,0.696635,0.656851
aaaaacby_s004_t000,power_line,0.0,canonicalized,0,-0.628362,0.343438,0.121205
aaaaaddm_s006_t000,power_line,0.0,canonicalized,1,3.401061,0.960883,1.421212
aaaaadeu_s002_t000,power_line,0.0,canonicalized,1,3.101629,0.948595,0.939387
aaaaadjk_s002_t000,power_line,0.0,canonicalized,0,-1.790122,0.147061,0.233014
aaaaadkb_s002_t000,power_line,0.0,canonicalized,1,5.106050,0.992077,4.721467
aaaaadsm_s002_t001,power_line,0.0,canonicalized,0,-2.176235,0.106529,0.376146
aaaaaeab_s003_t000,power_line,0.0,canonicalized,0,-0.374896,0.399902,0.664492
aaaaaejc_s003_t001,power_line,0.0,canonicalized,0,0.676852,0.645396,0.331730
aaaaaezn_s003_t001,power_line,0.0,canonicalized,1,0.831920,0.678524,3.650870
aaaaafhl_s003_t000,power_line,0.0,canonicalized,1,0.402648,0.583441,2.241765
aaaaagfk_s003_t000,power_line,0.0,canonicalized,0,-1.382791,0.202827,0.301262
aaaaagsc_s003_t001,power_line,0.0,canonicalized,1,3.546334,0.965778,7.912089
aaaaagsc_s006_t001,power_line,0.0,canonicalized,1,-0.876650,0.292101,0.437632
aaaaaguk_s002_t001,power_line,0.0,canonicalized,0,-2.477530,0.082072,0.304205
aaaaagvx_s002_t000,power_line,0.0,canonicalized,1,0.601687,0.628796,1.358581
aaaaagvx_s003_t001,power_line,0.0,canonicalized,1,1.081494,0.728181,0.671906
aaaaagyr_s002_t000,power_line,0.0,canonicalized,1,-0.203264,0.439815,0.681135
aaaaahie_s005_t001,power_line,0.0,canonicalized,1,5.349870,0.993713,0.285969
aaaaahsv_s002_t000,power_line,0.0,canonicalized,0,-0.817048,0.304013,1.980520
aaaaahte_s002_t000,power_line,0.0,canonicalized,1,6.416459,0.997721,2.407014
aaaaahte_s003_t000,power_line,0.0,canonicalized,1,5.313992,0.993495,1.619883
aaaaahuy_s002_t000,power_line,0.0,canonicalized,1,-1.593836,0.172170,0.189950
aaaaahzi_s001_t000,power_line,0.0,canonicalized,0,0.301506,0.559786,0.291877
aaaaahzm_s001_t001,power_line,0.0,canonicalized,0,-0.182088,0.444805,0.068051
aaaaahzq_s001_t000,power_line,0.0,canonicalized,0,-3.237582,0.041463,0.593087
aaaaahzs_s001_t001,power_line,0.0,canonicalized,0,0.143497,0.522322,0.316860
aaaaaiae_s001_t000,power_line,0.0,canonicalized,0,0.179419,0.530876,0.642873
aaaaaibx_s001_t000,power_line,0.0,canonicalized,0,-0.691249,0.330022,0.649503
aaaaaiby_s001_t000,power_line,0.0,canonicalized,0,-0.703440,0.327452,1.452311
aaaaaici_s001_t000,power_line,0.0,canonicalized,0,-1.954416,0.128444,3.342380
aaaaaicn_s001_t000,power_line,0.0,canonicalized,0,0.227950,0.542404,0.471072
aaaaaijh_s002_t000,power_line,0.0,canonicalized,1,-3.162531,0.044408,0.411524
aaaaaijn_s001_t001,power_line,0.0,canonicalized,0,-0.886178,0.290223,0.291197
aaaaairb_s001_t001,power_line,0.0,canonicalized,0,1.217628,0.753146,0.274355
aaaaairo_s001_t000,power_line,0.0,canonicalized,0,-1.994740,0.124193,0.892754
aaaaaitt_s001_t000,power_line,0.0,canonicalized,0,-1.512873,0.183474,1.047145
aaaaaiue_s004_t000,power_line,0.0,canonicalized,1,0.697884,0.649980,0.865404
aaaaaiuo_s002_t000,power_line,0.0,canonicalized,0,0.841960,0.680613,0.467824
aaaaaiwz_s001_t001,power_line,0.0,canonicalized,0,-1.336318,0.210100,0.138060
aaaaaiyy_s001_t001,power_line,0.0,canonicalized,0,-1.772050,0.149240,1.427121
aaaaaizd_s001_t001,power_line,0.0,canonicalized,0,-0.024994,0.482104,1.350887
aaaaaizs_s001_t000,power_line,0.0,canonicalized,0,0.690080,0.648282,0.412175
aaaaajae_s001_t001,power_line,0.0,canonicalized,0,2.389403,0.903337,0.911805
aaaaajah_s002_t001,power_line,0.0,canonicalized,1,0.510026,0.608138,0.731745
aaaaajah_s004_t000,power_line,0.0,canonicalized,1,-0.429078,0.387547,1.515167
aaaaajal_s001_t001,power_line,0.0,canonicalized,0,-2.031127,0.120461,0.634484
aaaaajam_s001_t000,power_line,0.0,canonicalized,1,-1.025426,0.263603,0.247760
aaaaajar_s001_t001,power_line,0.0,canonicalized,0,-1.043999,0.260173,0.472049
aaaaajbb_s001_t000,power_line,0.0,canonicalized,0,1.251721,0.759151,1.365117
aaaaajbh_s002_t000,power_line,0.0,canonicalized,0,-1.078711,0.253841,0.315311
aaaaajce_s001_t000,power_line,0.0,canonicalized,0,-0.805808,0.306289,0.469517
aaaaajci_s001_t000,power_line,0.0,canonicalized,0,-0.421259,0.389322,0.143144
aaaaajck_s001_t000,power_line,0.0,canonicalized,0,-1.758828,0.150851,0.474704
aaaaajct_s001_t000,power_line,0.0,canonicalized,0,0.587696,0.625671,0.800038
aaaaajcu_s001_t000,power_line,0.0,canonicalized,0,-0.889103,0.289648,0.830872
aaaaajda_s001_t000,power_line,0.0,canonicalized,0,-2.269242,0.098363,0.497408
aaaaajdb_s001_t000,power_line,0.0,canonicalized,0,-1.153220,0.240597,1.411864
aaaaajdv_s001_t000,power_line,0.0,canonicalized,0,0.641702,0.637674,2.228797
aaaaajdy_s001_t000,power_line,0.0,canonicalized,0,-2.030617,0.120513,0.355338
aaaaajdz_s001_t000,power_line,0.0,canonicalized,0,-0.080716,0.468830,0.569981
aaaaajea_s001_t000,power_line,0.0,canonicalized,0,1.878280,0.851522,1.592870
aaaaajen_s001_t000,power_line,0.0,canonicalized,0,-0.930268,0.281624,0.385469
aaaaajey_s001_t000,power_line,0.0,canonicalized,0,-0.152592,0.451774,0.401459
aaaaajfb_s001_t000,power_line,0.0,canonicalized,0,-2.408092,0.087210,3.021751
aaaaajfe_s001_t000,power_line,0.0,canonicalized,0,-1.324912,0.211914,0.745848
aaaaajff_s001_t000,power_line,0.0,canonicalized,0,-2.362366,0.090751,0.773966
aaaaajfi_s001_t001,power_line,0.0,canonicalized,0,-0.746668,0.318423,0.317309
aaaaajfn_s001_t001,power_line,0.0,canonicalized,0,-1.466044,0.190271,0.715578
aaaaajfy_s001_t000,power_line,0.0,canonicalized,0,-1.751913,0.151699,0.444793
aaaaajga_s001_t001,power_line,0.0,canonicalized,0,1.054715,0.723088,2.370106
aaaaajhy_s001_t000,power_line,0.0,canonicalized,0,-2.489172,0.081238,0.889815
aaaaajit_s001_t001,power_line,0.0,canonicalized,0,-1.823211,0.143140,1.127657
aaaaajiu_s001_t000,power_line,0.0,canonicalized,0,1.724833,0.832018,2.163884
aaaaajiy_s001_t001,power_line,0.0,canonicalized,0,-0.635808,0.341836,0.775533
aaaaajiz_s001_t000,power_line,0.0,canonicalized,0,-0.347028,0.406307,0.868019
aaaaajjb_s001_t001,power_line,0.0,canonicalized,0,-0.342636,0.407320,0.667364
aaaaajje_s001_t000,power_line,0.0,canonicalized,0,-1.329029,0.211258,0.672725
aaaaajjk_s001_t000,power_line,0.0,canonicalized,0,-0.720664,0.323839,1.110273
aaaaajna_s001_t000,power_line,0.0,canonicalized,0,-2.293299,0.096344,0.582481
aaaaajnu_s001_t000,power_line,0.0,canonicalized,0,-2.166101,0.107454,0.822409
aaaaajon_s001_t000,power_line,0.0,canonicalized,0,-0.446547,0.383594,2.457607
aaaaajoo_s002_t001,power_line,0.0,canonicalized,1,-0.091693,0.466219,0.349673
aaaaajpg_s001_t001,power_line,0.0,canonicalized,0,-1.496066,0.185892,0.549567
aaaaajqh_s004_t000,power_line,0.0,canonicalized,1,5.805980,0.995925,1.960828
aaaaajqk_s003_t001,power_line,0.0,canonicalized,1,3.006204,0.943964,0.937252
aaaaajrf_s001_t000,power_line,0.0,canonicalized,1,9.208815,0.999841,3.126554
aaaaajrf_s002_t000,power_line,0.0,canonicalized,1,11.770627,0.999986,1.974131
aaaaajrf_s003_t002,power_line,0.0,canonicalized,1,9.761459,0.999906,4.475995
aaaaajrf_s004_t000,power_line,0.0,canonicalized,1,2.362019,0.901028,0.441436
aaaaajso_s001_t000,power_line,0.0,canonicalized,1,6.362649,0.997601,1.122524
aaaaajtg_s001_t000,power_line,0.0,canonicalized,0,-0.190054,0.442926,2.167782
aaaaajtu_s001_t000,power_line,0.0,canonicalized,0,-0.154651,0.451286,0.597161
aaaaajuh_s001_t000,power_line,0.0,canonicalized,1,5.243036,0.993042,6.272742
aaaaajun_s001_t000,power_line,0.0,canonicalized,0,1.872187,0.850784,0.758530
aaaaajvh_s001_t001,power_line,0.0,canonicalized,0,-0.018198,0.483726,1.242136
aaaaajxp_s001_t000,power_line,0.0,canonicalized,0,-0.412240,0.391372,0.483229
aaaaakck_s001_t001,power_line,0.0,canonicalized,1,1.525746,0.803736,0.363866
aaaaakcx_s001_t001,power_line,0.0,canonicalized,1,6.860636,0.998508,3.049091
aaaaakcy_s005_t001,power_line,0.0,canonicalized,1,7.765857,0.999371,3.692368
aaaaakdj_s001_t000,power_line,0.0,canonicalized,1,1.432491,0.789302,0.713467
aaaaakdo_s001_t000,power_line,0.0,canonicalized,1,0.575585,0.622957,1.416985
aaaaakeq_s001_t000,power_line,0.0,canonicalized,1,2.933081,0.940152,2.550948
aaaaakeq_s002_t000,power_line,0.0,canonicalized,1,2.287162,0.894466,1.198910
aaaaakeq_s003_t000,power_line,0.0,canonicalized,1,3.130689,0.949932,3.966956
aaaaakev_s001_t001,power_line,0.0,canonicalized,1,10.738077,0.999963,11.813914
aaaaakev_s002_t000,power_line,0.0,canonicalized,1,10.027954,0.999928,4.775115
aaaaakft_s001_t000,power_line,0.0,canonicalized,0,-1.624253,0.168068,0.756980
aaaaakgp_s001_t001,power_line,0.0,canonicalized,0,0.860957,0.684544,1.880238
aaaaakgu_s001_t000,power_line,0.0,canonicalized,1,-0.709463,0.326186,0.159255
aaaaakjk_s002_t002,power_line,0.0,canonicalized,1,2.446852,0.908024,0.430117
aaaaakjk_s003_t000,power_line,0.0,canonicalized,1,1.561742,0.809104,1.147378
aaaaakka_s001_t001,power_line,0.0,canonicalized,0,-0.964987,0.274963,0.641540
aaaaakmg_s003_t001,power_line,0.0,canonicalized,1,5.496935,0.994533,0.791227
aaaaakmh_s001_t000,power_line,0.0,canonicalized,1,0.330902,0.566694,2.525002
aaaaaknt_s001_t000,power_line,0.0,canonicalized,1,1.048265,0.721853,1.560412
aaaaakoo_s001_t001,power_line,0.0,canonicalized,1,9.878414,0.999916,2.437984
aaaaakqg_s001_t001,power_line,0.0,canonicalized,0,-0.626215,0.343901,0.965403
aaaaakqr_s001_t000,power_line,0.0,canonicalized,0,-1.100150,0.249982,0.534052
aaaaakrt_s001_t001,power_line,0.0,canonicalized,1,4.194616,0.981282,0.604725
aaaaakrt_s002_t001,power_line,0.0,canonicalized,1,4.322444,0.983398,2.452163
aaaaaksb_s001_t000,power_line,0.0,canonicalized,0,-1.749613,0.151982,0.384180
aaaaaksu_s001_t001,power_line,0.0,canonicalized,0,0.056391,0.501534,0.687487
aaaaakxz_s001_t001,power_line,0.0,canonicalized,1,0.934060,0.699427,0.297173
aaaaakxz_s002_t001,power_line,0.0,canonicalized,1,3.811963,0.973243,2.097560
aaaaalaf_s001_t000,power_line,0.0,canonicalized,0,-1.303227,0.215395,0.322958
aaaaalau_s001_t000,power_line,0.0,canonicalized,1,1.796040,0.841312,0.935165
aaaaalbh_s001_t000,power_line,0.0,canonicalized,1,2.924612,0.939695,6.387937
aaaaalbt_s001_t001,power_line,0.0,canonicalized,0,-0.712014,0.325651,0.553662
aaaaalbt_s002_t000,power_line,0.0,canonicalized,0,-1.217174,0.229612,1.585767
aaaaalbz_s006_t000,power_line,0.0,canonicalized,1,8.160569,0.999569,4.599907
aaaaalid_s001_t001,power_line,0.0,canonicalized,0,2.608222,0.920114,1.845283
aaaaaljf_s001_t000,power_line,0.0,canonicalized,1,2.388844,0.903290,1.164038
aaaaaljj_s001_t000,power_line,0.0,canonicalized,0,-1.853119,0.139672,1.287985
aaaaallc_s001_t001,power_line,0.0,canonicalized,0,0.342518,0.569417,1.419859
aaaaalle_s002_t000,power_line,0.0,canonicalized,1,1.669162,0.824453,0.432080
aaaaalox_s001_t001,power_line,0.0,canonicalized,0,2.802370,0.932728,4.047310
aaaaalpv_s001_t000,power_line,0.0,canonicalized,0,0.543787,0.615796,1.266232
aaaaalqa_s001_t000,power_line,0.0,canonicalized,0,-0.799068,0.307659,1.278145
aaaaalqr_s001_t001,power_line,0.0,canonicalized,1,1.535631,0.805221,0.066830
aaaaalqs_s001_t001,power_line,0.0,canonicalized,0,-1.484137,0.187623,0.505615
aaaaalqx_s001_t000,power_line,0.0,canonicalized,0,-2.037021,0.119866,1.483972
aaaaalrc_s002_t000,power_line,0.0,canonicalized,1,15.201885,0.999999,2.388845
aaaaalsq_s001_t000,power_line,0.0,canonicalized,0,0.914565,0.695498,0.250569
aaaaalsx_s001_t000,power_line,0.0,canonicalized,1,-0.213218,0.437473,0.296427
aaaaalsx_s004_t001,power_line,0.0,canonicalized,1,0.284817,0.555853,0.195280
aaaaaluz_s001_t001,power_line,0.0,canonicalized,0,-0.883141,0.290821,0.268112
aaaaalvw_s001_t000,power_line,0.0,canonicalized,0,-2.935382,0.054583,0.480682
aaaaalvz_s001_t000,power_line,0.0,canonicalized,1,9.045036,0.999815,1.203491
aaaaalxk_s001_t000,power_line,0.0,canonicalized,0,0.542539,0.615514,0.574883
aaaaalyr_s001_t000,power_line,0.0,canonicalized,1,0.730295,0.656991,0.291253
aaaaalzk_s002_t001,power_line,0.0,canonicalized,1,8.150992,0.999565,6.231357
aaaaamcb_s001_t001,power_line,0.0,canonicalized,1,6.416230,0.997721,1.631436
aaaaamfe_s001_t001,power_line,0.0,canonicalized,0,0.937747,0.700167,0.781618
aaaaamft_s001_t001,power_line,0.0,canonicalized,1,2.819436,0.933744,0.292636
aaaaamfu_s001_t000,power_line,0.0,canonicalized,0,-0.692344,0.329791,0.400854
aaaaamhi_s001_t000,power_line,0.0,canonicalized,1,6.946845,0.998626,5.127158
aaaaamhk_s001_t000,power_line,0.0,canonicalized,1,2.396893,0.903960,0.403226
aaaaamjc_s001_t001,power_line,0.0,canonicalized,1,6.840351,0.998479,2.903263
aaaaammh_s001_t001,power_line,0.0,canonicalized,1,1.251437,0.759102,0.843015
aaaaamnq_s001_t000,power_line,0.0,canonicalized,1,4.891600,0.990294,6.905767
aaaaamnq_s002_t000,power_line,0.0,canonicalized,1,3.713823,0.970690,1.462515
aaaaamon_s001_t000,power_line,0.0,canonicalized,0,0.309210,0.561598,2.297999
aaaaampz_s001_t000,power_line,0.0,canonicalized,1,-0.226266,0.434408,1.780860
aaaaamrj_s001_t000,power_line,0.0,canonicalized,0,0.044718,0.498746,0.216798
aaaaamsc_s001_t000,power_line,0.0,canonicalized,1,3.520617,0.964957,0.293205
aaaaamtb_s001_t000,power_line,0.0,canonicalized,0,2.999773,0.943638,1.498086
aaaaamuc_s001_t000,power_line,0.0,canonicalized,0,-0.926477,0.282357,0.233524
aaaaamxn_s001_t000,power_line,0.0,canonicalized,1,0.843053,0.680839,0.207349
aaaaamyb_s001_t001,power_line,0.0,canonicalized,0,-1.089739,0.251851,1.774127
aaaaamye_s001_t000,power_line,0.0,canonicalized,1,8.673944,0.999736,3.176892
aaaaamzi_s001_t001,power_line,0.0,canonicalized,1,5.997363,0.996603,6.488073
aaaaamzl_s001_t000,power_line,0.0,canonicalized,0,-1.322974,0.212224,0.258329
aaaaamzx_s001_t000,power_line,0.0,canonicalized,0,-2.250402,0.099971,1.452763
aaaaanbq_s001_t000,power_line,0.0,canonicalized,0,-0.688299,0.330645,0.601318
aaaaanek_s001_t000,power_line,0.0,canonicalized,0,-2.104422,0.113237,0.263787
aaaaangp_s001_t000,power_line,0.0,canonicalized,0,-0.511488,0.369035,0.408012
aaaaanhb_s001_t003,power_line,0.0,canonicalized,1,3.570457,0.966532,3.742980
aaaaanhb_s003_t001,power_line,0.0,canonicalized,1,2.991965,0.943240,1.038366
aaaaanhb_s005_t000,power_line,0.0,canonicalized,1,3.857945,0.974363,2.063356
aaaaankf_s001_t000,power_line,0.0,canonicalized,1,4.264624,0.982472,0.832070
aaaaanlp_s001_t000,power_line,0.0,canonicalized,0,-0.495478,0.372603,0.630107
aaaaanmc_s001_t000,power_line,0.0,canonicalized,1,4.813454,0.989549,5.309390
aaaaanop_s001_t000,power_line,0.0,canonicalized,0,0.312518,0.562377,2.434319
aaaaanoz_s001_t000,power_line,0.0,canonicalized,1,-0.998508,0.268625,0.632905
aaaaanpr_s001_t002,power_line,0.0,canonicalized,1,1.490890,0.798430,1.462165
aaaaanqe_s001_t000,power_line,0.0,canonicalized,0,-1.699292,0.158282,0.786719
aaaaanro_s001_t000,power_line,0.0,canonicalized,1,3.086226,0.947873,1.678982
aaaaansj_s001_t000,power_line,0.0,canonicalized,1,1.682942,0.826350,2.244297
aaaaanta_s001_t000,power_line,0.0,canonicalized,1,5.228892,0.992948,5.381510
aaaaanum_s001_t000,power_line,0.0,canonicalized,0,-0.136362,0.455616,0.555793
aaaaanvb_s002_t000,power_line,0.0,canonicalized,0,-0.791884,0.309123,0.486388
aaaaanvg_s001_t002,power_line,0.0,canonicalized,0,2.038135,0.869812,0.807343
aaaaanvw_s001_t000,power_line,0.0,canonicalized,0,-1.977619,0.125983,0.992770
aaaaanwc_s001_t001,power_line,0.0,canonicalized,1,4.287176,0.982839,14.907016
aaaaanxl_s001_t000,power_line,0.0,canonicalized,1,4.588249,0.987073,3.893290
aaaaanyb_s001_t001,power_line,0.0,canonicalized,0,-0.731593,0.321557,0.049866
aaaaanyt_s002_t000,power_line,0.0,canonicalized,1,5.455431,0.994313,3.262507
aaaaanyw_s001_t000,power_line,0.0,canonicalized,1,2.720203,0.927632,0.431002
aaaaanyw_s002_t000,power_line,0.0,canonicalized,1,3.307925,0.957398,3.629027
aaaaanzh_s001_t000,power_line,0.0,canonicalized,1,-0.209888,0.438256,1.239038
aaaaanzu_s001_t003,power_line,0.0,canonicalized,1,2.741378,0.928979,1.736941
aaaaaoav_s001_t000,power_line,0.0,canonicalized,0,-0.576372,0.354723,0.522022
aaaaaoav_s002_t000,power_line,0.0,canonicalized,0,-1.212928,0.230330,0.729147
aaaaaobi_s001_t000,power_line,0.0,canonicalized,1,-0.104223,0.463241,0.517987
aaaaaobl_s001_t000,power_line,0.0,canonicalized,0,-1.254171,0.223420,0.826075
aaaaaoby_s001_t000,power_line,0.0,canonicalized,0,-0.194878,0.441789,1.178763
aaaaaoda_s001_t000,power_line,0.0,canonicalized,1,6.780187,0.998389,2.323711
aaaaaoeg_s001_t000,power_line,0.0,canonicalized,0,-0.539062,0.362922,0.306858
aaaaaofj_s001_t000,power_line,0.0,canonicalized,0,-0.260078,0.426489,1.271822
aaaaaofr_s001_t000,power_line,0.0,canonicalized,0,1.306857,0.768650,1.029020
aaaaaofz_s001_t000,power_line,0.0,canonicalized,0,-0.435995,0.385980,0.928248
aaaaaohb_s001_t000,power_line,0.0,canonicalized,1,4.320503,0.983368,0.556406
aaaaaohr_s002_t001,power_line,0.0,canonicalized,1,4.536330,0.986425,1.014671
aaaaaoiq_s001_t000,power_line,0.0,canonicalized,1,1.106155,0.732819,0.584342
aaaaaoiv_s001_t000,power_line,0.0,canonicalized,1,-0.019053,0.483522,0.324157
aaaaaoiv_s002_t001,power_line,0.0,canonicalized,1,8.574879,0.999710,1.524376
aaaaaoiv_s003_t003,power_line,0.0,canonicalized,1,7.899239,0.999446,1.052139
aaaaaojd_s001_t002,power_line,0.0,canonicalized,0,-0.136359,0.455617,1.376487
aaaaaokg_s001_t000,power_line,0.0,canonicalized,0,2.819275,0.933734,4.478116
aaaaaoly_s001_t000,power_line,0.0,canonicalized,0,-0.949816,0.277861,5.481781
aaaaaome_s001_t000,power_line,0.0,canonicalized,0,-1.110976,0.248048,0.363552
aaaaaomx_s001_t000,power_line,0.0,canonicalized,0,-0.728208,0.322263,0.298284
aaaaaomy_s001_t000,power_line,0.0,canonicalized,1,4.091975,0.979394,10.758736
aaaaaonb_s001_t000,power_line,0.0,canonicalized,0,0.179808,0.530969,0.464463
aaaaaons_s002_t002,power_line,0.0,canonicalized,1,2.293506,0.895036,0.295461
aaaaaopd_s001_t000,power_line,0.0,canonicalized,0,-2.390726,0.088540,2.008413
aaaaaopo_s001_t000,power_line,0.0,canonicalized,0,-0.783031,0.310932,0.880611
aaaaaora_s002_t000,power_line,0.0,canonicalized,1,1.663310,0.823643,0.789701
aaaaaord_s001_t000,power_line,0.0,canonicalized,1,1.019309,0.716265,0.767854
aaaaaosh_s001_t000,power_line,0.0,canonicalized,1,0.233400,0.543696,0.323000
aaaaaosw_s001_t000,power_line,0.0,canonicalized,0,0.077686,0.506619,2.446615
aaaaaote_s001_t000,power_line,0.0,canonicalized,0,-0.426077,0.388228,1.091849
aaaaaout_s001_t000,power_line,0.0,canonicalized,1,2.055377,0.871666,2.741817
aaaaaovl_s001_t000,power_line,0.0,canonicalized,1,5.040532,0.991570,0.593068
aaaaaovo_s001_t000,power_line,0.0,canonicalized,1,7.621795,0.999278,2.695930
aaaaaowb_s001_t000,power_line,0.0,canonicalized,0,-0.687242,0.330869,2.529089
aaaaaoxf_s001_t000,power_line,0.0,canonicalized,0,-0.922831,0.283063,0.349808
aaaaaozf_s001_t001,power_line,0.0,canonicalized,0,-0.272867,0.423504,2.115154
aaaaapag_s001_t000,power_line,0.0,canonicalized,0,-1.418413,0.197381,2.734477
aaaaapar_s001_t000,power_line,0.0,canonicalized,1,13.042362,0.999996,1.510152
aaaaapcb_s001_t000,power_line,0.0,canonicalized,0,0.568982,0.621475,0.316397
aaaaapcy_s001_t002,power_line,0.0,canonicalized,0,-1.238990,0.225946,0.955148
aaaaapdg_s001_t000,power_line,0.0,canonicalized,0,-1.184772,0.235133,0.111689
aaaaaphs_s001_t000,power_line,0.0,canonicalized,1,4.069074,0.978947,0.763813
aaaaaphw_s001_t000,power_line,0.0,canonicalized,0,2.015297,0.867321,0.880239
aaaaapij_s001_t000,power_line,0.0,canonicalized,0,-0.319576,0.412649,0.422338
aaaaapjc_s001_t001,power_line,0.0,canonicalized,0,-2.761115,0.063839,0.580944
aaaaapka_s001_t000,power_line,0.0,canonicalized,0,-0.975065,0.273047,0.739446
aaaaapkx_s001_t001,power_line,0.0,canonicalized,1,-0.908834,0.285785,2.947972
aaaaaply_s001_t001,power_line,0.0,canonicalized,1,4.457208,0.985374,4.246826
aaaaapmb_s002_t001,power_line,0.0,canonicalized,1,1.394273,0.783166,0.226553
aaaaapmp_s001_t000,power_line,0.0,canonicalized,1,0.666988,0.643236,0.293597
aaaaapnr_s001_t000,power_line,0.0,canonicalized,1,-1.250353,0.224054,1.226863
aaaaapoc_s001_t000,power_line,0.0,canonicalized,1,4.398945,0.984550,0.941767
aaaaapof_s001_t000,power_line,0.0,canonicalized,0,-1.514384,0.183258,0.740097
aaaaapoo_s001_t000,power_line,0.0,canonicalized,0,-1.224123,0.228440,3.166234
aaaaapoq_s001_t000,power_line,0.0,canonicalized,0,2.211343,0.887431,0.676148
aaaaappb_s001_t000,power_line,0.0,canonicalized,0,-0.662354,0.336153,0.560671
aaaaapqd_s001_t000,power_line,0.0,canonicalized,1,0.078374,0.506783,0.667183
aaaaapqv_s001_t000,power_line,0.0,canonicalized,0,-1.146661,0.241744,3.387255
aaaaapta_s001_t000,power_line,0.0,canonicalized,1,3.591076,0.967163,3.508519
aaaaapth_s001_t000,power_line,0.0,canonicalized,1,1.184044,0.747133,1.488908
aaaaapua_s001_t001,power_line,0.0,canonicalized,0,-2.980947,0.052380,0.355516
aaaaapuu_s001_t000,power_line,0.0,canonicalized,0,-1.359350,0.206472,0.210969
aaaaapvw_s001_t001,power_line,0.0,canonicalized,1,3.768576,0.972142,1.210025
aaaaapvy_s001_t000,power_line,0.0,canonicalized,1,1.299057,0.767322,1.943907
aaaaapwn_s001_t001,power_line,0.0,canonicalized,0,0.124566,0.517808,2.713241
aaaaapwo_s001_t001,power_line,0.0,canonicalized,1,7.954342,0.999475,0.569022
aaaaapxm_s001_t001,power_line,0.0,canonicalized,0,-1.334445,0.210397,0.235461
aaaaapys_s001_t001,power_line,0.0,canonicalized,1,12.732973,0.999995,0.551022
aaaaapys_s002_t001,power_line,0.0,canonicalized,1,9.225235,0.999844,2.348546
aaaaaayx_s002_t000,power_line,0.0,naive,0,0.271839,0.552790,1.707009
aaaaabdo_s003_t000,power_line,0.0,naive,1,5.510692,0.994604,1.850220
aaaaabsk_s007_t000,power_line,0.0,naive,1,0.556082,0.618572,1.014789
aaaaabuv_s002_t000,power_line,0.0,naive,1,1.663030,0.823604,1.006908
aaaaacad_s003_t000,power_line,0.0,naive,0,0.968430,0.706284,0.635281
aaaaacby_s004_t000,power_line,0.0,naive,0,-0.385743,0.397418,0.116764
aaaaaddm_s006_t000,power_line,0.0,naive,1,3.459704,0.962935,1.393755
aaaaadeu_s002_t000,power_line,0.0,naive,1,3.149364,0.950774,0.929005
aaaaadjk_s002_t000,power_line,0.0,naive,0,-1.727457,0.154730,0.231110
aaaaadkb_s002_t000,power_line,0.0,naive,1,5.117449,0.992162,4.774152
aaaaadsm_s002_t001,power_line,0.0,naive,0,-2.035378,0.120031,0.349501
aaaaaeab_s003_t000,power_line,0.0,naive,0,-0.310892,0.414661,0.676152
aaaaaejc_s003_t001,power_line,0.0,naive,0,0.694943,0.649341,0.371965
aaaaaezn_s003_t001,power_line,0.0,naive,1,0.553723,0.618040,2.948727
aaaaafhl_s003_t000,power_line,0.0,naive,1,0.549845,0.617165,2.258173
aaaaagfk_s003_t000,power_line,0.0,naive,0,-1.349952,0.207947,0.323746
aaaaagsc_s003_t001,power_line,0.0,naive,1,3.575458,0.966686,7.871424
aaaaagsc_s006_t001,power_line,0.0,naive,1,-0.802788,0.306903,0.462246
aaaaaguk_s002_t001,power_line,0.0,naive,0,-2.489757,0.081196,0.272930
aaaaagvx_s002_t000,power_line,0.0,naive,1,0.704861,0.651495,1.251108
aaaaagvx_s003_t001,power_line,0.0,naive,1,1.171175,0.744804,0.674776
aaaaagyr_s002_t000,power_line,0.0,naive,1,-0.082929,0.468303,0.731278
aaaaahie_s005_t001,power_line,0.0,naive,1,5.417466,0.994104,0.263904
aaaaahsv_s002_t000,power_line,0.0,naive,0,-0.695906,0.329039,1.865255
aaaaahte_s002_t000,power_line,0.0,naive,1,6.398013,0.997681,2.566612
aaaaahte_s003_t000,power_line,0.0,naive,1,5.341712,0.993664,1.627274
aaaaahuy_s002_t000,power_line,0.0,naive,1,-1.491140,0.186605,0.193886
aaaaahzi_s001_t000,power_line,0.0,naive,0,0.332678,0.567110,0.263296
aaaaahzm_s001_t001,power_line,0.0,naive,0,-0.020129,0.483265,0.071767
aaaaahzq_s001_t000,power_line,0.0,naive,0,-3.223984,0.041983,0.677976
aaaaahzs_s001_t001,power_line,0.0,naive,0,0.176569,0.530198,0.314444
aaaaaiae_s001_t000,power_line,0.0,naive,0,0.311825,0.562213,0.676673
aaaaaibx_s001_t000,power_line,0.0,naive,0,-0.603595,0.348793,0.605702
aaaaaiby_s001_t000,power_line,0.0,naive,0,-0.630127,0.343058,1.470099
aaaaaici_s001_t000,power_line,0.0,naive,0,-1.836802,0.141555,3.370098
aaaaaicn_s001_t000,power_line,0.0,naive,0,0.295276,0.558319,0.454131
aaaaaijh_s002_t000,power_line,0.0,naive,1,-3.083726,0.047715,0.449943
aaaaaijn_s001_t001,power_line,0.0,naive,0,-0.816366,0.304151,0.292478
aaaaairb_s001_t001,power_line,0.0,naive,0,1.249829,0.758821,0.253408
aaaaairo_s001_t000,power_line,0.0,naive,0,-2.011697,0.122441,0.922476
aaaaaitt_s001_t000,power_line,0.0,naive,0,-1.473444,0.189185,1.006046
aaaaaiue_s004_t000,power_line,0.0,naive,1,0.745426,0.660241,0.859602
aaaaaiuo_s002_t000,power_line,0.0,naive,0,0.906573,0.693878,0.456255
aaaaaiwz_s001_t001,power_line,0.0,naive,0,-1.237983,0.226115,0.141445
aaaaaiyy_s001_t001,power_line,0.0,naive,0,-1.671033,0.161911,1.410519
aaaaaizd_s001_t001,power_line,0.0,naive,0,0.016733,0.492063,1.334539
aaaaaizs_s001_t000,power_line,0.0,naive,0,0.748575,0.660916,0.421974
aaaaajae_s001_t001,power_line,0.0,naive,0,2.481395,0.910743,0.852226
aaaaajah_s002_t001,power_line,0.0,naive,1,0.248289,0.547223,0.718903
aaaaajah_s004_t000,power_line,0.0,naive,1,-0.373599,0.400199,1.559333
aaaaajal_s001_t001,power_line,0.0,naive,0,-1.993028,0.124371,0.648493
aaaaajam_s001_t000,power_line,0.0,naive,1,-0.840543,0.299285,0.247811
aaaaajar_s001_t001,power_line,0.0,naive,0,-0.900808,0.287352,0.473125
aaaaajbb_s001_t000,power_line,0.0,naive,0,1.326558,0.771980,1.407547
aaaaajbh_s002_t000,power_line,0.0,naive,0,-0.935915,0.280534,0.305548
aaaaajce_s001_t000,power_line,0.0,naive,0,-0.589914,0.351767,0.534731
aaaaajci_s001_t000,power_line,0.0,naive,0,-0.390073,0.396427,0.153114
aaaaajck_s001_t000,power_line,0.0,naive,0,-1.687646,0.159769,0.603627
aaaaajct_s001_t000,power_line,0.0,naive,0,0.671417,0.644206,0.767707
aaaaajcu_s001_t000,power_line,0.0,naive,0,-0.889994,0.289472,0.891728
aaaaajda_s001_t000,power_line,0.0,naive,0,-2.166491,0.107419,0.529740
aaaaajdb_s001_t000,power_line,0.0,naive,0,-1.114676,0.247389,1.432232
aaaaajdv_s001_t000,power_line,0.0,naive,0,0.726820,0.656243,2.406081
aaaaajdy_s001_t000,power_line,0.0,naive,0,-1.960941,0.127747,0.351168
aaaaajdz_s001_t000,power_line,0.0,naive,0,0.034043,0.496196,0.591516
aaaaajea_s001_t000,power_line,0.0,naive,0,1.942165,0.859073,1.581988
aaaaajen_s001_t000,power_line,0.0,naive,0,-0.894531,0.288582,0.391329
aaaaajey_s001_t000,power_line,0.0,naive,0,-0.025886,0.481892,0.443885
aaaaajfb_s001_t000,power_line,0.0,naive,0,-2.259211,0.099216,2.996752
aaaaajfe_s001_t000,power_line,0.0,naive,0,-1.223169,0.228601,0.808832
aaaaajff_s001_t000,power_line,0.0,naive,0,-2.276020,0.097791,0.755271
aaaaajfi_s001_t001,power_line,0.0,naive,0,-0.663664,0.335874,0.349590
aaaaajfn_s001_t001,power_line,0.0,naive,0,-1.381322,0.203054,0.753926
aaaaajfy_s001_t000,power_line,0.0,naive,0,-1.726464,0.154854,0.485330
aaaaajga_s001_t001,power_line,0.0,naive,0,1.020688,0.716533,2.261800
aaaaajhy_s001_t000,power_line,0.0,naive,0,-2.409107,0.087133,0.907650
aaaaajit_s001_t001,power_line,0.0,naive,0,-1.760944,0.150592,1.159985
aaaaajiu_s001_t000,power_line,0.0,naive,0,0.612449,0.631193,1.755543
aaaaajiy_s001_t001,power_line,0.0,naive,0,-0.559168,0.358493,0.807574
aaaaajiz_s001_t000,power_line,0.0,naive,0,-0.217439,0.436481,0.969035
aaaaajjb_s001_t001,power_line,0.0,naive,0,-0.330517,0.410118,0.641187
aaaaajje_s001_t000,power_line,0.0,naive,0,-1.499721,0.185364,0.495288
aaaaajjk_s001_t000,power_line,0.0,naive,0,-0.620060,0.345229,1.091963
aaaaajna_s001_t000,power_line,0.0,naive,0,-2.247045,0.100260,0.594547
aaaaajnu_s001_t000,power_line,0.0,naive,0,-2.024762,0.121107,0.693193
aaaaajon_s001_t000,power_line,0.0,naive,0,-0.493766,0.372985,2.262137
aaaaajoo_s002_t001,power_line,0.0,naive,1,0.006276,0.489566,0.380316
aaaaajpg_s001_t001,power_line,0.0,naive,0,-1.427661,0.195985,0.621967
aaaaajqh_s004_t000,power_line,0.0,naive,1,5.889404,0.996236,1.980704
aaaaajqk_s003_t001,power_line,0.0,naive,1,3.111365,0.949047,0.915472
aaaaajrf_s001_t000,power_line,0.0,naive,1,8.959618,0.999799,2.562210
aaaaajrf_s002_t000,power_line,0.0,naive,1,11.308102,0.999979,1.813836
aaaaajrf_s003_t002,power_line,0.0,naive,1,8.919150,0.999791,4.492212
aaaaajrf_s004_t000,power_line,0.0,naive,1,2.271043,0.893003,0.499387
aaaaajso_s001_t000,power_line,0.0,naive,1,6.419256,0.997727,1.101696
aaaaajtg_s001_t000,power_line,0.0,naive,0,-0.121578,0.459122,2.158196
aaaaajtu_s001_t000,power_line,0.0,naive,0,-0.096350,0.465112,0.628377
aaaaajuh_s001_t000,power_line,0.0,naive,1,5.612862,0.995103,7.673492
aaaaajun_s001_t000,power_line,0.0,naive,0,1.981247,0.863533,0.809902
aaaaajvh_s001_t001,power_line,0.0,naive,0,0.094984,0.510749,1.310156
aaaaajxp_s001_t000,power_line,0.0,naive,0,-0.288168,0.419939,0.459391
aaaaakck_s001_t001,power_line,0.0,naive,1,1.628455,0.818754,0.442662
aaaaakcx_s001_t001,power_line,0.0,naive,1,6.859302,0.998506,3.015048
aaaaakcy_s005_t001,power_line,0.0,naive,1,7.798921,0.999391,3.819297
aaaaakdj_s001_t000,power_line,0.0,naive,1,1.479668,0.796699,0.736328
aaaaakdo_s001_t000,power_line,0.0,naive,1,0.681722,0.646460,1.433657
aaaaakeq_s001_t000,power_line,0.0,naive,1,2.961621,0.941668,2.551649
aaaaakeq_s002_t000,power_line,0.0,naive,1,2.311298,0.896622,1.251855
aaaaakeq_s003_t000,power_line,0.0,naive,1,3.200378,0.953005,4.058134
aaaaakev_s001_t001,power_line,0.0,naive,1,10.587864,0.999958,11.005283
aaaaakev_s002_t000,power_line,0.0,naive,1,9.260449,0.999849,4.855558
aaaaakft_s001_t000,power_line,0.0,naive,0,-1.937922,0.130218,0.520022
aaaaakgp_s001_t001,power_line,0.0,naive,0,0.896490,0.691828,1.901818
aaaaakgu_s001_t000,power_line,0.0,naive,1,-0.603269,0.348863,0.154980
aaaaakjk_s002_t002,power_line,0.0,naive,1,1.953644,0.860396,0.975876
aaaaakjk_s003_t000,power_line,0.0,naive,1,1.653179,0.822232,1.122424
aaaaakka_s001_t001,power_line,0.0,naive,0,-0.867021,0.294007,0.658050
aaaaakmg_s003_t001,power_line,0.0,naive,1,4.539586,0.986466,0.771008
aaaaakmh_s001_t000,power_line,0.0,naive,1,-0.099375,0.464393,1.758045
aaaaaknt_s001_t000,power_line,0.0,naive,1,1.167951,0.744218,1.627035
aaaaakoo_s001_t001,power_line,0.0,naive,1,8.031376,0.999512,1.379453
aaaaakqg_s001_t001,power_line,0.0,naive,0,-0.606081,0.348254,0.907706
aaaaakqr_s001_t000,power_line,0.0,naive,0,-1.015606,0.265428,0.488530
aaaaakrt_s001_t001,power_line,0.0,naive,1,4.248154,0.982199,0.589544
aaaaakrt_s002_t001,power_line,0.0,naive,1,4.350513,0.983830,2.460966
aaaaaksb_s001_t000,power_line,0.0,naive,0,-1.627299,0.167661,0.345717
aaaaaksu_s001_t001,power_line,0.0,naive,0,0.108672,0.514016,0.689389
aaaaakxz_s001_t001,power_line,0.0,naive,1,0.966266,0.705855,0.184787
aaaaakxz_s002_t001,power_line,0.0,naive,1,3.856391,0.974326,1.890105
aaaaalaf_s001_t000,power_line,0.0,naive,0,-1.247125,0.224590,0.325819
aaaaalau_s001_t000,power_line,0.0,naive,1,1.928520,0.857488,0.941696
aaaaalbh_s001_t000,power_line,0.0,naive,1,2.985637,0.942915,6.435853
aaaaalbt_s001_t001,power_line,0.0,naive,0,-0.578704,0.354213,0.564764
aaaaalbt_s002_t000,power_line,0.0,naive,0,-1.108618,0.248468,1.482448
aaaaalbz_s006_t000,power_line,0.0,naive,1,8.215092,0.999590,4.658659
aaaaalid_s001_t001,power_line,0.0,naive,0,2.268107,0.892735,2.029909
aaaaaljf_s001_t000,power_line,0.0,naive,1,2.413737,0.905348,1.130274
aaaaaljj_s001_t000,power_line,0.0,naive,0,-1.825502,0.142872,1.318888
aaaaallc_s001_t001,power_line,0.0,naive,0,0.413187,0.585885,1.362135
aaaaalle_s002_t000,power_line,0.0,naive,1,1.754124,0.835893,0.448843
aaaaalox_s001_t001,power_line,0.0,naive,0,2.897186,0.938193,4.023607
aaaaalpv_s001_t000,power_line,0.0,naive,0,0.677169,0.645465,1.297140
aaaaalqa_s001_t000,power_line,0.0,naive,0,-0.711392,0.325781,1.272903
aaaaalqr_s001_t001,power_line,0.0,naive,1,-1.602275,0.171024,0.188311
aaaaalqs_s001_t001,power_line,0.0,naive,0,-1.339642,0.209574,0.536360
aaaaalqx_s001_t000,power_line,0.0,naive,0,-1.940192,0.129972,1.522320
aaaaalrc_s002_t000,power_line,0.0,naive,1,15.001474,0.999999,2.334469
aaaaalsq_s001_t000,power_line,0.0,naive,0,0.970248,0.706644,0.262244
aaaaalsx_s001_t000,power_line,0.0,naive,1,-0.159760,0.450078,0.287990
aaaaalsx_s004_t001,power_line,0.0,naive,1,0.106440,0.513483,0.172423
aaaaaluz_s001_t001,power_line,0.0,naive,0,-0.827772,0.301849,0.287719
aaaaalvw_s001_t000,power_line,0.0,naive,0,-2.861824,0.058325,0.483486
aaaaalvz_s001_t000,power_line,0.0,naive,1,9.323666,0.999858,1.181483
aaaaalxk_s001_t000,power_line,0.0,naive,0,0.610722,0.630809,0.655496
aaaaalyr_s001_t000,power_line,0.0,naive,1,0.860126,0.684373,0.428997
aaaaalzk_s002_t001,power_line,0.0,naive,1,8.247108,0.999603,6.224074
aaaaamcb_s001_t001,power_line,0.0,naive,1,6.703537,0.998267,1.635616
aaaaamfe_s001_t001,power_line,0.0,naive,0,0.883095,0.689094,0.715668
aaaaamft_s001_t001,power_line,0.0,naive,1,1.807706,0.842794,0.120984
aaaaamfu_s001_t000,power_line,0.0,naive,0,-0.633998,0.342225,0.439918
aaaaamhi_s001_t000,power_line,0.0,naive,1,5.241257,0.993031,2.621344
aaaaamhk_s001_t000,power_line,0.0,naive,1,2.508958,0.912860,0.416991
aaaaamjc_s001_t001,power_line,0.0,naive,1,6.146381,0.997053,2.607281
aaaaammh_s001_t001,power_line,0.0,naive,1,1.016977,0.715812,0.908792
aaaaamnq_s001_t000,power_line,0.0,naive,1,4.869613,0.990090,7.203642
aaaaamnq_s002_t000,power_line,0.0,naive,1,3.772127,0.972234,1.427773
aaaaamon_s001_t000,power_line,0.0,naive,0,0.344629,0.569911,2.253778
aaaaampz_s001_t000,power_line,0.0,naive,1,-0.546375,0.361309,0.712684
aaaaamrj_s001_t000,power_line,0.0,naive,0,0.198563,0.535428,0.225927
aaaaamsc_s001_t000,power_line,0.0,naive,1,3.647748,0.968840,0.344124
aaaaamtb_s001_t000,power_line,0.0,naive,0,2.987903,0.943032,1.522480
aaaaamuc_s001_t000,power_line,0.0,naive,0,-0.813844,0.304661,0.229257
aaaaamxn_s001_t000,power_line,0.0,naive,1,0.992548,0.711041,0.198494
aaaaamyb_s001_t001,power_line,0.0,naive,0,-1.003066,0.267770,1.854685
aaaaamye_s001_t000,power_line,0.0,naive,1,4.950355,0.990818,1.994108
aaaaamzi_s001_t001,power_line,0.0,naive,1,5.597757,0.995032,5.570979
aaaaamzl_s001_t000,power_line,0.0,naive,0,-1.230350,0.227393,0.273822
aaaaamzx_s001_t000,power_line,0.0,naive,0,-2.152169,0.108737,1.450634
aaaaanbq_s001_t000,power_line,0.0,naive,0,-0.529663,0.365001,0.613352
aaaaanek_s001_t000,power_line,0.0,naive,0,-2.054548,0.118111,0.293800
aaaaangp_s001_t000,power_line,0.0,naive,0,-0.473492,0.377526,0.372575
aaaaanhb_s001_t003,power_line,0.0,naive,1,3.625087,0.968180,3.524009
aaaaanhb_s003_t001,power_line,0.0,naive,1,3.123301,0.949595,1.057119
aaaaanhb_s005_t000,power_line,0.0,naive,1,4.048198,0.978532,1.971918
aaaaankf_s001_t000,power_line,0.0,naive,1,4.380764,0.984284,0.892771
aaaaanlp_s001_t000,power_line,0.0,naive,0,-0.396233,0.395020,0.652352
aaaaanmc_s001_t000,power_line,0.0,naive,1,4.883795,0.990222,5.477496
aaaaanop_s001_t000,power_line,0.0,naive,0,-1.579061,0.174191,0.619450
aaaaanoz_s001_t000,power_line,0.0,naive,1,-0.911004,0.285362,0.678697
aaaaanpr_s001_t002,power_line,0.0,naive,1,1.559434,0.808763,1.173000
aaaaanqe_s001_t000,power_line,0.0,naive,0,-1.682588,0.160419,0.797986
aaaaanro_s001_t000,power_line,0.0,naive,1,3.136299,0.950186,1.653921
aaaaansj_s001_t000,power_line,0.0,naive,1,1.718568,0.831180,2.224113
aaaaanta_s001_t000,power_line,0.0,naive,1,5.141714,0.992341,5.282932
aaaaanum_s001_t000,power_line,0.0,naive,0,-0.073057,0.470652,0.543035
aaaaanvb_s002_t000,power_line,0.0,naive,0,-0.716478,0.324715,0.476976
aaaaanvg_s001_t002,power_line,0.0,naive,0,1.796078,0.841317,0.734138
aaaaanvw_s001_t000,power_line,0.0,naive,0,-1.947511,0.129184,0.980291
aaaaanwc_s001_t001,power_line,0.0,naive,1,4.510866,0.986095,16.041965
aaaaanxl_s001_t000,power_line,0.0,naive,1,4.609513,0.987330,3.814408
aaaaanyb_s001_t001,power_line,0.0,naive,0,-0.694394,0.329358,0.056801
aaaaanyt_s002_t000,power_line,0.0,naive,1,1.194081,0.748941,0.488115
aaaaanyw_s001_t000,power_line,0.0,naive,1,2.762117,0.930275,0.446615
aaaaanyw_s002_t000,power_line,0.0,naive,1,3.373999,0.959900,3.662309
aaaaanzh_s001_t000,power_line,0.0,naive,1,-0.161079,0.449766,1.224179
aaaaanzu_s001_t003,power_line,0.0,naive,1,3.120106,0.949449,1.998463
aaaaaoav_s001_t000,power_line,0.0,naive,0,-0.532594,0.364352,0.562304
aaaaaoav_s002_t000,power_line,0.0,naive,0,-1.037565,0.261358,0.755193
aaaaaobi_s001_t000,power_line,0.0,naive,1,-0.064852,0.472605,0.475537
aaaaaobl_s001_t000,power_line,0.0,naive,0,-1.175002,0.236816,0.857730
aaaaaoby_s001_t000,power_line,0.0,naive,0,-0.160115,0.449994,1.114481
aaaaaoda_s001_t000,power_line,0.0,naive,1,6.849068,0.998492,2.336462
aaaaaoeg_s001_t000,power_line,0.0,naive,0,-0.438633,0.385383,0.295143
aaaaaofj_s001_t000,power_line,0.0,naive,0,-0.179016,0.445530,1.293427
aaaaaofr_s001_t000,power_line,0.0,naive,0,1.393486,0.783038,0.994017
aaaaaofz_s001_t000,power_line,0.0,naive,0,-0.393760,0.395585,0.948714
aaaaaohb_s001_t000,power_line,0.0,naive,1,3.872139,0.974700,0.644992
aaaaaohr_s002_t001,power_line,0.0,naive,1,4.669593,0.988028,1.065290
aaaaaoiq_s001_t000,power_line,0.0,naive,1,1.211631,0.752080,0.599209
aaaaaoiv_s001_t000,power_line,0.0,naive,1,0.082164,0.507688,0.344384
aaaaaoiv_s002_t001,power_line,0.0,naive,1,8.659833,0.999732,1.458712
aaaaaoiv_s003_t003,power_line,0.0,naive,1,7.684929,0.999321,1.004468
aaaaaojd_s001_t002,power_line,0.0,naive,0,-0.045054,0.477322,1.316140
aaaaaokg_s001_t000,power_line,0.0,naive,0,2.911348,0.938973,4.501228
aaaaaoly_s001_t000,power_line,0.0,naive,0,-0.903502,0.286826,5.409348
aaaaaome_s001_t000,power_line,0.0,naive,0,-1.021322,0.264365,0.341862
aaaaaomx_s001_t000,power_line,0.0,naive,0,-2.507755,0.079923,4.065386
aaaaaomy_s001_t000,power_line,0.0,naive,1,4.103436,0.979613,10.767954
aaaaaonb_s001_t000,power_line,0.0,naive,0,0.270709,0.552524,0.519148
aaaaaons_s002_t002,power_line,0.0,naive,1,2.356297,0.900540,0.305914
aaaaaopd_s001_t000,power_line,0.0,naive,0,-2.353247,0.091472,2.031766
aaaaaopo_s001_t000,power_line,0.0,naive,0,-0.744400,0.318893,0.872828
aaaaaora_s002_t000,power_line,0.0,naive,1,1.727283,0.832345,0.791517
aaaaaord_s001_t000,power_line,0.0,naive,1,1.106507,0.732885,0.789263
aaaaaosh_s001_t000,power_line,0.0,naive,1,0.282728,0.555361,0.283970
aaaaaosw_s001_t000,power_line,0.0,naive,0,0.055958,0.501430,2.209188
aaaaaote_s001_t000,power_line,0.0,naive,0,-0.285792,0.420492,1.056024
aaaaaout_s001_t000,power_line,0.0,naive,1,2.148610,0.881303,2.808099
aaaaaovl_s001_t000,power_line,0.0,naive,1,5.216993,0.992868,0.636537
aaaaaovo_s001_t000,power_line,0.0,naive,1,7.647217,0.999296,2.691653
aaaaaowb_s001_t000,power_line,0.0,naive,0,-0.652546,0.338248,2.580112
aaaaaoxf_s001_t000,power_line,0.0,naive,0,-0.858351,0.295729,0.355904
aaaaaozf_s001_t001,power_line,0.0,naive,0,-0.077757,0.469533,2.177307
aaaaapag_s001_t000,power_line,0.0,naive,0,-1.333959,0.210475,3.078222
aaaaapar_s001_t000,power_line,0.0,naive,1,12.358967,0.999992,1.454952
aaaaapcb_s001_t000,power_line,0.0,naive,0,0.635637,0.636334,0.209080
aaaaapcy_s001_t002,power_line,0.0,naive,0,-1.176823,0.236502,0.927096
aaaaapdg_s001_t000,power_line,0.0,naive,0,-1.126478,0.245296,0.147499
aaaaaphs_s001_t000,power_line,0.0,naive,1,4.123014,0.979984,0.760531
aaaaaphw_s001_t000,power_line,0.0,naive,0,2.126941,0.879121,0.827857
aaaaapij_s001_t000,power_line,0.0,naive,0,-0.224064,0.434925,0.462449
aaaaapjc_s001_t001,power_line,0.0,naive,0,-2.694252,0.067764,0.605945
aaaaapka_s001_t000,power_line,0.0,naive,0,-0.887845,0.289895,0.723712
aaaaapkx_s001_t001,power_line,0.0,naive,1,-0.874865,0.292454,2.907148
aaaaaply_s001_t001,power_line,0.0,naive,1,4.227983,0.981859,3.893152
aaaaapmb_s002_t001,power_line,0.0,naive,1,1.534542,0.805058,0.218257
aaaaapmp_s001_t000,power_line,0.0,naive,1,0.679003,0.645866,0.285026
aaaaapnr_s001_t000,power_line,0.0,naive,1,-1.172935,0.237173,1.189742
aaaaapoc_s001_t000,power_line,0.0,naive,1,4.425139,0.984926,0.883008
aaaaapof_s001_t000,power_line,0.0,naive,0,-1.508760,0.184064,0.728105
aaaaapoo_s001_t000,power_line,0.0,naive,0,-1.149671,0.241217,3.336113
aaaaapoq_s001_t000,power_line,0.0,naive,0,2.338638,0.899018,0.758956
aaaaappb_s001_t000,power_line,0.0,naive,0,-0.613179,0.346716,0.482778
aaaaapqd_s001_t000,power_line,0.0,naive,1,0.242649,0.545887,0.709705
aaaaapqv_s001_t000,power_line,0.0,naive,0,-1.037339,0.261400,3.350305
aaaaapta_s001_t000,power_line,0.0,naive,1,3.790971,0.972716,3.866548
aaaaapth_s001_t000,power_line,0.0,naive,1,0.876249,0.687691,0.825822
aaaaapua_s001_t001,power_line,0.0,naive,0,-2.959555,0.053403,0.377897
aaaaapuu_s001_t000,power_line,0.0,naive,0,-1.253079,0.223601,0.217253
aaaaapvw_s001_t001,power_line,0.0,naive,1,3.811500,0.973231,1.216327
aaaaapvy_s001_t000,power_line,0.0,naive,1,0.063573,0.503249,0.438029
aaaaapwn_s001_t001,power_line,0.0,naive,0,0.212328,0.538698,2.798400
aaaaapwo_s001_t001,power_line,0.0,naive,1,7.972929,0.999484,0.557790
aaaaapxm_s001_t001,power_line,0.0,naive,0,-1.308491,0.214546,0.250803
aaaaapys_s001_t001,power_line,0.0,naive,1,12.261928,0.999991,0.694286
aaaaapys_s002_t001,power_line,0.0,naive,1,8.389001,0.999653,2.044543
aaaaaayx_s002_t000,power_line,15.0,canonicalized,0,0.206261,0.537257,1.621973
aaaaabdo_s003_t000,power_line,15.0,canonicalized,1,5.568557,0.994892,1.529503
aaaaabsk_s007_t000,power_line,15.0,canonicalized,1,0.471437,0.599319,1.008094
aaaaabuv_s002_t000,power_line,15.0,canonicalized,1,1.568242,0.810061,0.973032
aaaaacad_s003_t000,power_line,15.0,canonicalized,0,0.920238,0.696644,0.656934
aaaaacby_s004_t000,power_line,15.0,canonicalized,0,-0.626216,0.343900,0.119754
aaaaaddm_s006_t000,power_line,15.0,canonicalized,1,3.400594,0.960866,1.422611
aaaaadeu_s002_t000,power_line,15.0,canonicalized,1,3.102628,0.948642,0.935343
aaaaadjk_s002_t000,power_line,15.0,canonicalized,0,-1.790042,0.147071,0.232992
aaaaadkb_s002_t000,power_line,15.0,canonicalized,1,5.109715,0.992105,4.691915
aaaaadsm_s002_t001,power_line,15.0,canonicalized,0,-2.172542,0.106866,0.368525
aaaaaeab_s003_t000,power_line,15.0,canonicalized,0,-0.372041,0.400557,0.656129
aaaaaejc_s003_t001,power_line,15.0,canonicalized,0,0.683348,0.646815,0.334756
aaaaaezn_s003_t001,power_line,15.0,canonicalized,1,0.831646,0.678467,3.651420
aaaaafhl_s003_t000,power_line,15.0,canonicalized,1,0.398876,0.582565,2.218746
aaaaagfk_s003_t000,power_line,15.0,canonicalized,0,-1.382597,0.202857,0.301162
aaaaagsc_s003_t001,power_line,15.0,canonicalized,1,3.575999,0.966703,7.946982
aaaaagsc_s006_t001,power_line,15.0,canonicalized,1,-0.869859,0.293445,0.448206
aaaaaguk_s002_t001,power_line,15.0,canonicalized,0,-2.472192,0.082457,0.302885
aaaaagvx_s002_t000,power_line,15.0,canonicalized,1,0.603146,0.629121,1.357155
aaaaagvx_s003_t001,power_line,15.0,canonicalized,1,1.081353,0.728155,0.671731
aaaaagyr_s002_t000,power_line,15.0,canonicalized,1,-0.203145,0.439843,0.681291
aaaaahie_s005_t001,power_line,15.0,canonicalized,1,5.349625,0.993712,0.286115
aaaaahsv_s002_t000,power_line,15.0,canonicalized,0,-0.814212,0.304586,1.975576
aaaaahte_s002_t000,power_line,15.0,canonicalized,1,6.409116,0.997705,2.422688
aaaaahte_s003_t000,power_line,15.0,canonicalized,1,5.313469,0.993492,1.619512
aaaaahuy_s002_t000,power_line,15.0,canonicalized,1,-1.601704,0.171101,0.189647
aaaaahzi_s001_t000,power_line,15.0,canonicalized,0,0.301423,0.559766,0.291862
aaaaahzm_s001_t001,power_line,15.0,canonicalized,0,-0.180485,0.445183,0.068122
aaaaahzq_s001_t000,power_line,15.0,canonicalized,0,-3.236856,0.041491,0.592731
aaaaahzs_s001_t001,power_line,15.0,canonicalized,0,0.146987,0.523154,0.322049
aaaaaiae_s001_t000,power_line,15.0,canonicalized,0,0.186511,0.532563,0.627046
aaaaaibx_s001_t000,power_line,15.0,canonicalized,0,-0.693324,0.329584,0.642941
aaaaaiby_s001_t000,power_line,15.0,canonicalized,0,-0.712463,0.325556,1.487778
aaaaaici_s001_t000,power_line,15.0,canonicalized,0,-1.955813,0.128294,3.347115
aaaaaicn_s001_t000,power_line,15.0,canonicalized,0,0.228692,0.542580,0.470373
aaaaaijh_s002_t000,power_line,15.0,canonicalized,1,-3.161400,0.044454,0.408055
aaaaaijn_s001_t001,power_line,15.0,canonicalized,0,-0.880578,0.291326,0.299957
aaaaairb_s001_t001,power_line,15.0,canonicalized,0,1.220911,0.753729,0.272124
aaaaairo_s001_t000,power_line,15.0,canonicalized,0,-1.994961,0.124170,0.892910
aaaaaitt_s001_t000,power_line,15.0,canonicalized,0,-1.512745,0.183493,1.047755
aaaaaiue_s004_t000,power_line,15.0,canonicalized,1,0.700258,0.650496,0.858290
aaaaaiuo_s002_t000,power_line,15.0,canonicalized,0,0.845764,0.681402,0.464635
aaaaaiwz_s001_t001,power_line,15.0,canonicalized,0,-1.337238,0.209954,0.139239
aaaaaiyy_s001_t001,power_line,15.0,canonicalized,0,-1.769614,0.149536,1.422538
aaaaaizd_s001_t001,power_line,15.0,canonicalized,0,-0.024318,0.482266,1.349307
aaaaaizs_s001_t000,power_line,15.0,canonicalized,0,0.684751,0.647121,0.425117
aaaaajae_s001_t001,power_line,15.0,canonicalized,0,2.391767,0.903534,0.908050
aaaaajah_s002_t001,power_line,15.0,canonicalized,1,0.511084,0.608379,0.728751
aaaaajah_s004_t000,power_line,15.0,canonicalized,1,-0.428942,0.387578,1.514537
aaaaajal_s001_t001,power_line,15.0,canonicalized,0,-2.021415,0.121447,0.634409
aaaaajam_s001_t000,power_line,15.0,canonicalized,1,-1.024156,0.263839,0.237933
aaaaajar_s001_t001,power_line,15.0,canonicalized,0,-1.050851,0.258915,0.475376
aaaaajbb_s001_t000,power_line,15.0,canonicalized,0,1.256957,0.760065,1.374691
aaaaajbh_s002_t000,power_line,15.0,canonicalized,0,-1.080858,0.253453,0.320878
aaaaajce_s001_t000,power_line,15.0,canonicalized,0,-0.805585,0.306335,0.469805
aaaaajci_s001_t000,power_line,15.0,canonicalized,0,-0.417934,0.390077,0.143452
aaaaajck_s001_t000,power_line,15.0,canonicalized,0,-1.758742,0.150861,0.474384
aaaaajct_s001_t000,power_line,15.0,canonicalized,0,0.584235,0.624896,0.809336
aaaaajcu_s001_t000,power_line,15.0,canonicalized,0,-0.889081,0.289652,0.830771
aaaaajda_s001_t000,power_line,15.0,canonicalized,0,-2.269103,0.098375,0.497276
aaaaajdb_s001_t000,power_line,15.0,canonicalized,0,-1.154700,0.240339,1.413014
aaaaajdv_s001_t000,power_line,15.0,canonicalized,0,0.641767,0.637688,2.228761
aaaaajdy_s001_t000,power_line,15.0,canonicalized,0,-2.030858,0.120488,0.355548
aaaaajdz_s001_t000,power_line,15.0,canonicalized,0,-0.080856,0.468796,0.570222
aaaaajea_s001_t000,power_line,15.0,canonicalized,0,1.875682,0.851207,1.585385
aaaaajen_s001_t000,power_line,15.0,canonicalized,0,-0.930437,0.281591,0.385999
aaaaajey_s001_t000,power_line,15.0,canonicalized,0,-0.152920,0.451696,0.401856
aaaaajfb_s001_t000,power_line,15.0,canonicalized,0,-2.408388,0.087187,3.022269
aaaaajfe_s001_t000,power_line,15.0,canonicalized,0,-1.324784,0.211935,0.745149
aaaaajff_s001_t000,power_line,15.0,canonicalized,0,-2.363682,0.090647,0.775833
aaaaajfi_s001_t001,power_line,15.0,canonicalized,0,-0.738713,0.320075,0.308751
aaaaajfn_s001_t001,power_line,15.0,canonicalized,0,-1.468457,0.189916,0.722725
aaaaajfy_s001_t000,power_line,15.0,canonicalized,0,-1.753368,0.151520,0.442113
aaaaajga_s001_t001,power_line,15.0,canonicalized,0,1.070733,0.726142,2.342844
aaaaajhy_s001_t000,power_line,15.0,canonicalized,0,-2.478440,0.082007,0.882856
aaaaajit_s001_t001,power_line,15.0,canonicalized,0,-1.821841,0.143301,1.126802
aaaaajiu_s001_t000,power_line,15.0,canonicalized,0,1.724666,0.831996,2.163609
aaaaajiy_s001_t001,power_line,15.0,canonicalized,0,-0.634220,0.342177,0.772640
aaaaajiz_s001_t000,power_line,15.0,canonicalized,0,-0.347093,0.406292,0.867362
aaaaajjb_s001_t001,power_line,15.0,canonicalized,0,-0.343318,0.407162,0.667995
aaaaajje_s001_t000,power_line,15.0,canonicalized,0,-1.328764,0.211300,0.672766
aaaaajjk_s001_t000,power_line,15.0,canonicalized,0,-0.720811,0.323808,1.109627
aaaaajna_s001_t000,power_line,15.0,canonicalized,0,-2.293384,0.096337,0.582552
aaaaajnu_s001_t000,power_line,15.0,canonicalized,0,-2.172698,0.106851,0.826334
aaaaajon_s001_t000,power_line,15.0,canonicalized,0,-0.445640,0.383799,2.455670
aaaaajoo_s002_t001,power_line,15.0,canonicalized,1,-0.090341,0.466540,0.345804
aaaaajpg_s001_t001,power_line,15.0,canonicalized,0,-1.494661,0.186095,0.547337
aaaaajqh_s004_t000,power_line,15.0,canonicalized,1,5.805882,0.995924,1.960998
aaaaajqk_s003_t001,power_line,15.0,canonicalized,1,3.004706,0.943888,0.944451
aaaaajrf_s001_t000,power_line,15.0,canonicalized,1,9.208817,0.999841,3.126281
aaaaajrf_s002_t000,power_line,15.0,canonicalized,1,11.769404,0.999986,1.981889
aaaaajrf_s003_t002,power_line,15.0,canonicalized,1,9.768341,0.999907,4.485308
aaaaajrf_s004_t000,power_line,15.0,canonicalized,1,2.358487,0.900727,0.439139
aaaaajso_s001_t000,power_line,15.0,canonicalized,1,6.362846,0.997602,1.122624
aaaaajtg_s001_t000,power_line,15.0,canonicalized,0,-0.190008,0.442937,2.167739
aaaaajtu_s001_t000,power_line,15.0,canonicalized,0,-0.154329,0.451363,0.596682
aaaaajuh_s001_t000,power_line,15.0,canonicalized,1,5.231668,0.992967,6.223427
aaaaajun_s001_t000,power_line,15.0,canonicalized,0,1.872419,0.850812,0.758187
aaaaajvh_s001_t001,power_line,15.0,canonicalized,0,-0.015199,0.484441,1.240450
aaaaajxp_s001_t000,power_line,15.0,canonicalized,0,-0.408509,0.392221,0.473863
aaaaakck_s001_t001,power_line,15.0,canonicalized,1,1.526922,0.803913,0.362289
aaaaakcx_s001_t001,power_line,15.0,canonicalized,1,6.859392,0.998506,3.046957
aaaaakcy_s005_t001,power_line,15.0,canonicalized,1,7.778025,0.999378,3.676112
aaaaakdj_s001_t000,power_line,15.0,canonicalized,1,1.434954,0.789693,0.701388
aaaaakdo_s001_t000,power_line,15.0,canonicalized,1,0.574412,0.622694,1.416752
aaaaakeq_s001_t000,power_line,15.0,canonicalized,1,2.984213,0.942842,2.650077
aaaaakeq_s002_t000,power_line,15.0,canonicalized,1,2.287391,0.894486,1.198349
aaaaakeq_s003_t000,power_line,15.0,canonicalized,1,3.140259,0.950365,3.911325
aaaaakev_s001_t001,power_line,15.0,canonicalized,1,10.731918,0.999963,11.835877
aaaaakev_s002_t000,power_line,15.0,canonicalized,1,10.028019,0.999928,4.773705
aaaaakft_s001_t000,power_line,15.0,canonicalized,0,-1.625274,0.167931,0.755351
aaaaakgp_s001_t001,power_line,15.0,canonicalized,0,0.868376,0.686073,1.855755
aaaaakgu_s001_t000,power_line,15.0,canonicalized,1,-0.707192,0.326663,0.160011
aaaaakjk_s002_t002,power_line,15.0,canonicalized,1,2.451853,0.908422,0.442640
aaaaakjk_s003_t000,power_line,15.0,canonicalized,1,1.567417,0.809940,1.125837
aaaaakka_s001_t001,power_line,15.0,canonicalized,0,-0.961910,0.275549,0.648209
aaaaakmg_s003_t001,power_line,15.0,canonicalized,1,5.504727,0.994573,0.813383
aaaaakmh_s001_t000,power_line,15.0,canonicalized,1,0.331400,0.566811,2.522186
aaaaaknt_s001_t000,power_line,15.0,canonicalized,1,1.043595,0.720956,1.567661
aaaaakoo_s001_t001,power_line,15.0,canonicalized,1,9.891455,0.999917,2.395275
aaaaakqg_s001_t001,power_line,15.0,canonicalized,0,-0.632877,0.342466,0.989071
aaaaakqr_s001_t000,power_line,15.0,canonicalized,0,-1.096003,0.250725,0.538197
aaaaakrt_s001_t001,power_line,15.0,canonicalized,1,4.194459,0.981279,0.604243
aaaaakrt_s002_t001,power_line,15.0,canonicalized,1,4.328765,0.983496,2.414490
aaaaaksb_s001_t000,power_line,15.0,canonicalized,0,-1.747299,0.152267,0.385511
aaaaaksu_s001_t001,power_line,15.0,canonicalized,0,0.054896,0.501177,0.686199
aaaaakxz_s001_t001,power_line,15.0,canonicalized,1,0.933520,0.699319,0.297507
aaaaakxz_s002_t001,power_line,15.0,canonicalized,1,3.809258,0.973176,2.106170
aaaaalaf_s001_t000,power_line,15.0,canonicalized,0,-1.303985,0.215272,0.320687
aaaaalau_s001_t000,power_line,15.0,canonicalized,1,1.802754,0.842166,0.913859
aaaaalbh_s001_t000,power_line,15.0,canonicalized,1,2.924511,0.939690,6.387626
aaaaalbt_s001_t001,power_line,15.0,canonicalized,0,-0.697585,0.328685,0.562896
aaaaalbt_s002_t000,power_line,15.0,canonicalized,0,-1.217154,0.229616,1.585798
aaaaalbz_s006_t000,power_line,15.0,canonicalized,1,8.160664,0.999569,4.599004
aaaaalid_s001_t001,power_line,15.0,canonicalized,0,2.609541,0.920207,1.851195
aaaaaljf_s001_t000,power_line,15.0,canonicalized,1,2.388664,0.903275,1.164766
aaaaaljj_s001_t000,power_line,15.0,canonicalized,0,-1.840040,0.141180,1.292741
aaaaallc_s001_t001,power_line,15.0,canonicalized,0,0.361722,0.573909,1.322435
aaaaalle_s002_t000,power_line,15.0,canonicalized,1,1.669105,0.824445,0.432168
aaaaalox_s001_t001,power_line,15.0,canonicalized,0,2.816840,0.933590,3.980937
aaaaalpv_s001_t000,power_line,15.0,canonicalized,0,0.543610,0.615756,1.266555
aaaaalqa_s001_t000,power_line,15.0,canonicalized,0,-0.798008,0.307875,1.275868
aaaaalqr_s001_t001,power_line,15.0,canonicalized,1,1.532552,0.804759,0.067594
aaaaalqs_s001_t001,power_line,15.0,canonicalized,0,-1.478257,0.188480,0.504533
aaaaalqx_s001_t000,power_line,15.0,canonicalized,0,-2.037036,0.119864,1.483977
aaaaalrc_s002_t000,power_line,15.0,canonicalized,1,15.200815,0.999999,2.389116
aaaaalsq_s001_t000,power_line,15.0,canonicalized,0,0.905727,0.693706,0.246369
aaaaalsx_s001_t000,power_line,15.0,canonicalized,1,-0.204728,0.439470,0.301747
aaaaalsx_s004_t001,power_line,15.0,canonicalized,1,0.286257,0.556193,0.195736
aaaaaluz_s001_t001,power_line,15.0,canonicalized,0,-0.881127,0.291218,0.266422
aaaaalvw_s001_t000,power_line,15.0,canonicalized,0,-2.935350,0.054584,0.480675
aaaaalvz_s001_t000,power_line,15.0,canonicalized,1,9.038822,0.999814,1.209219
aaaaalxk_s001_t000,power_line,15.0,canonicalized,0,0.542576,0.615523,0.574696
aaaaalyr_s001_t000,power_line,15.0,canonicalized,1,0.729982,0.656924,0.290650
aaaaalzk_s002_t001,power_line,15.0,canonicalized,1,8.147354,0.999563,6.221401
aaaaamcb_s001_t001,power_line,15.0,canonicalized,1,6.419875,0.997729,1.623762
aaaaamfe_s001_t001,power_line,15.0,canonicalized,0,0.938145,0.700247,0.781316
aaaaamft_s001_t001,power_line,15.0,canonicalized,1,2.792298,0.932122,0.371240
aaaaamfu_s001_t000,power_line,15.0,canonicalized,0,-0.691006,0.330073,0.404194
aaaaamhi_s001_t000,power_line,15.0,canonicalized,1,6.953133,0.998634,5.141878
aaaaamhk_s001_t000,power_line,15.0,canonicalized,1,2.392718,0.903613,0.411381
aaaaamjc_s001_t001,power_line,15.0,canonicalized,1,6.845564,0.998487,2.905282
aaaaammh_s001_t001,power_line,15.0,canonicalized,1,1.257610,0.760179,0.857853
aaaaamnq_s001_t000,power_line,15.0,canonicalized,1,4.891737,0.990295,6.906084
aaaaamnq_s002_t000,power_line,15.0,canonicalized,1,3.713028,0.970668,1.466918
aaaaamon_s001_t000,power_line,15.0,canonicalized,0,0.307608,0.561222,2.297523
aaaaampz_s001_t000,power_line,15.0,canonicalized,1,-0.209362,0.438380,1.784981
aaaaamrj_s001_t000,power_line,15.0,canonicalized,0,0.048431,0.499633,0.216350
aaaaamsc_s001_t000,power_line,15.0,canonicalized,1,3.518780,0.964898,0.292534
aaaaamtb_s001_t000,power_line,15.0,canonicalized,0,3.002189,0.943761,1.499754
aaaaamuc_s001_t000,power_line,15.0,canonicalized,0,-0.924548,0.282731,0.230902
aaaaamxn_s001_t000,power_line,15.0,canonicalized,1,0.846033,0.681458,0.201694
aaaaamyb_s001_t001,power_line,15.0,canonicalized,0,-1.092408,0.251371,1.766043
aaaaamye_s001_t000,power_line,15.0,canonicalized,1,8.674978,0.999736,3.174083
aaaaamzi_s001_t001,power_line,15.0,canonicalized,1,6.001667,0.996617,6.463416
aaaaamzl_s001_t000,power_line,15.0,canonicalized,0,-1.323160,0.212194,0.257933
aaaaamzx_s001_t000,power_line,15.0,canonicalized,0,-2.247351,0.100234,1.448943
aaaaanbq_s001_t000,power_line,15.0,canonicalized,0,-0.686442,0.331038,0.601822
aaaaanek_s001_t000,power_line,15.0,canonicalized,0,-2.107900,0.112904,0.265124
aaaaangp_s001_t000,power_line,15.0,canonicalized,0,-0.508817,0.369629,0.401091
aaaaanhb_s001_t003,power_line,15.0,canonicalized,1,3.570982,0.966548,3.741799
aaaaanhb_s003_t001,power_line,15.0,canonicalized,1,2.992769,0.943281,1.035255
aaaaanhb_s005_t000,power_line,15.0,canonicalized,1,3.859302,0.974396,2.066762
aaaaankf_s001_t000,power_line,15.0,canonicalized,1,4.267610,0.982521,0.844055
aaaaanlp_s001_t000,power_line,15.0,canonicalized,0,-0.498969,0.371824,0.636471
aaaaanmc_s001_t000,power_line,15.0,canonicalized,1,4.813720,0.989552,5.308419
aaaaanop_s001_t000,power_line,15.0,canonicalized,0,0.312767,0.562435,2.433882
aaaaanoz_s001_t000,power_line,15.0,canonicalized,1,-0.994545,0.269369,0.637456
aaaaanpr_s001_t002,power_line,15.0,canonicalized,1,1.495122,0.799080,1.465379
aaaaanqe_s001_t000,power_line,15.0,canonicalized,0,-1.699244,0.158288,0.786805
aaaaanro_s001_t000,power_line,15.0,canonicalized,1,3.090001,0.948051,1.664576
aaaaansj_s001_t000,power_line,15.0,canonicalized,1,1.679533,0.825883,2.242662
aaaaanta_s001_t000,power_line,15.0,canonicalized,1,5.228884,0.992948,5.381585
aaaaanum_s001_t000,power_line,15.0,canonicalized,0,-0.136792,0.455514,0.555946
aaaaanvb_s002_t000,power_line,15.0,canonicalized,0,-0.776211,0.312330,0.462639
aaaaanvg_s001_t002,power_line,15.0,canonicalized,0,2.036907,0.869679,0.812819
aaaaanvw_s001_t000,power_line,15.0,canonicalized,0,-1.956487,0.128222,1.015802
aaaaanwc_s001_t001,power_line,15.0,canonicalized,1,4.288080,0.982854,14.899569
aaaaanxl_s001_t000,power_line,15.0,canonicalized,1,4.588007,0.987070,3.894340
aaaaanyb_s001_t001,power_line,15.0,canonicalized,0,-0.730650,0.321753,0.050109
aaaaanyt_s002_t000,power_line,15.0,canonicalized,1,5.383271,0.993909,3.130330
aaaaanyw_s001_t000,power_line,15.0,canonicalized,1,2.724622,0.927915,0.429186
aaaaanyw_s002_t000,power_line,15.0,canonicalized,1,3.310344,0.957492,3.620121
aaaaanzh_s001_t000,power_line,15.0,canonicalized,1,-0.209792,0.438279,1.238286
aaaaanzu_s001_t003,power_line,15.0,canonicalized,1,2.755449,0.929860,1.738307
aaaaaoav_s001_t000,power_line,15.0,canonicalized,0,-0.575278,0.354962,0.521869
aaaaaoav_s002_t000,power_line,15.0,canonicalized,0,-1.218588,0.229373,0.736916
aaaaaobi_s001_t000,power_line,15.0,canonicalized,1,-0.104180,0.463252,0.518057
aaaaaobl_s001_t000,power_line,15.0,canonicalized,0,-1.254242,0.223408,0.826144
aaaaaoby_s001_t000,power_line,15.0,canonicalized,0,-0.252424,0.428279,1.367859
aaaaaoda_s001_t000,power_line,15.0,canonicalized,1,6.780480,0.998390,2.323934
aaaaaoeg_s001_t000,power_line,15.0,canonicalized,0,-0.537256,0.363321,0.305167
aaaaaofj_s001_t000,power_line,15.0,canonicalized,0,-0.260042,0.426498,1.271593
aaaaaofr_s001_t000,power_line,15.0,canonicalized,0,1.307380,0.768739,1.027055
aaaaaofz_s001_t000,power_line,15.0,canonicalized,0,-0.436207,0.385932,0.928573
aaaaaohb_s001_t000,power_line,15.0,canonicalized,1,4.314478,0.983273,0.552852
aaaaaohr_s002_t001,power_line,15.0,canonicalized,1,4.544366,0.986527,1.044316
aaaaaoiq_s001_t000,power_line,15.0,canonicalized,1,1.103607,0.732342,0.585537
aaaaaoiv_s001_t000,power_line,15.0,canonicalized,1,-0.020938,0.483072,0.324013
aaaaaoiv_s002_t001,power_line,15.0,canonicalized,1,8.570826,0.999708,1.531653
aaaaaoiv_s003_t003,power_line,15.0,canonicalized,1,7.899553,0.999447,1.050685
aaaaaojd_s001_t002,power_line,15.0,canonicalized,0,-0.139339,0.454911,1.375928
aaaaaokg_s001_t000,power_line,15.0,canonicalized,0,2.823847,0.934004,4.468909
aaaaaoly_s001_t000,power_line,15.0,canonicalized,0,-0.949415,0.277938,5.479995
aaaaaome_s001_t000,power_line,15.0,canonicalized,0,-1.111790,0.247903,0.363967
aaaaaomx_s001_t000,power_line,15.0,canonicalized,0,-0.727140,0.322485,0.296968
aaaaaomy_s001_t000,power_line,15.0,canonicalized,1,4.105984,0.979662,10.734384
aaaaaonb_s001_t000,power_line,15.0,canonicalized,0,0.181176,0.531294,0.465581
aaaaaons_s002_t002,power_line,15.0,canonicalized,1,2.292432,0.894940,0.295684
aaaaaopd_s001_t000,power_line,15.0,canonicalized,0,-2.394959,0.088214,1.989013
aaaaaopo_s001_t000,power_line,15.0,canonicalized,0,-0.776393,0.312292,0.886307
aaaaaora_s002_t000,power_line,15.0,canonicalized,1,1.651314,0.821972,0.782681
aaaaaord_s001_t000,power_line,15.0,canonicalized,1,1.015861,0.715595,0.780617
aaaaaosh_s001_t000,power_line,15.0,canonicalized,1,0.234188,0.543883,0.322849
aaaaaosw_s001_t000,power_line,15.0,canonicalized,0,0.069853,0.504748,2.487996
aaaaaote_s001_t000,power_line,15.0,canonicalized,0,-0.425709,0.388311,1.091485
aaaaaout_s001_t000,power_line,15.0,canonicalized,1,2.051752,0.871278,2.745542
aaaaaovl_s001_t000,power_line,15.0,canonicalized,1,5.040397,0.991569,0.614238
aaaaaovo_s001_t000,power_line,15.0,canonicalized,1,7.623479,0.999280,2.702555
aaaaaowb_s001_t000,power_line,15.0,canonicalized,0,-0.685006,0.331342,2.531679
aaaaaoxf_s001_t000,power_line,15.0,canonicalized,0,-0.923435,0.282946,0.349052
aaaaaozf_s001_t001,power_line,15.0,canonicalized,0,-0.269499,0.424290,2.105688
aaaaapag_s001_t000,power_line,15.0,canonicalized,0,-1.417985,0.197445,2.731929
aaaaapar_s001_t000,power_line,15.0,canonicalized,1,13.018929,0.999996,1.460014
aaaaapcb_s001_t000,power_line,15.0,canonicalized,0,0.568381,0.621340,0.316806
aaaaapcy_s001_t002,power_line,15.0,canonicalized,0,-1.236755,0.226320,0.953579
aaaaapdg_s001_t000,power_line,15.0,canonicalized,0,-1.177711,0.236349,0.108259
aaaaaphs_s001_t000,power_line,15.0,canonicalized,1,4.069000,0.978946,0.763905
aaaaaphw_s001_t000,power_line,15.0,canonicalized,0,2.017651,0.867580,0.877928
aaaaapij_s001_t000,power_line,15.0,canonicalized,0,-0.320444,0.412448,0.423970
aaaaapjc_s001_t001,power_line,15.0,canonicalized,0,-2.761898,0.063794,0.579117
aaaaapka_s001_t000,power_line,15.0,canonicalized,0,-0.963338,0.275277,0.730082
aaaaapkx_s001_t001,power_line,15.0,canonicalized,1,-0.907321,0.286080,2.944387
aaaaaply_s001_t001,power_line,15.0,canonicalized,1,4.441288,0.985153,4.256453
aaaaapmb_s002_t001,power_line,15.0,canonicalized,1,1.393939,0.783112,0.226230
aaaaapmp_s001_t000,power_line,15.0,canonicalized,1,0.667068,0.643254,0.293458
aaaaapnr_s001_t000,power_line,15.0,canonicalized,1,-1.250351,0.224054,1.226891
aaaaapoc_s001_t000,power_line,15.0,canonicalized,1,4.398771,0.984547,0.941475
aaaaapof_s001_t000,power_line,15.0,canonicalized,0,-1.514662,0.183218,0.740199
aaaaapoo_s001_t000,power_line,15.0,canonicalized,0,-1.224038,0.228454,3.165557
aaaaapoq_s001_t000,power_line,15.0,canonicalized,0,2.211194,0.887416,0.676388
aaaaappb_s001_t000,power_line,15.0,canonicalized,0,-0.662355,0.336153,0.560717
aaaaapqd_s001_t000,power_line,15.0,canonicalized,1,0.078565,0.506829,0.666248
aaaaapqv_s001_t000,power_line,15.0,canonicalized,0,-1.146583,0.241758,3.387141
aaaaapta_s001_t000,power_line,15.0,canonicalized,1,3.570261,0.966526,3.529279
aaaaapth_s001_t000,power_line,15.0,canonicalized,1,1.195887,0.749265,1.533043
aaaaapua_s001_t001,power_line,15.0,canonicalized,0,-2.982420,0.052310,0.354238
aaaaapuu_s001_t000,power_line,15.0,canonicalized,0,-1.359302,0.206480,0.210932
aaaaapvw_s001_t001,power_line,15.0,canonicalized,1,3.768660,0.972144,1.209871
aaaaapvy_s001_t000,power_line,15.0,canonicalized,1,1.298822,0.767282,1.941788
aaaaapwn_s001_t001,power_line,15.0,canonicalized,0,0.129576,0.519003,2.724112
aaaaapwo_s001_t001,power_line,15.0,canonicalized,1,7.955712,0.999475,0.564655
aaaaapxm_s001_t001,power_line,15.0,canonicalized,0,-1.335867,0.210172,0.235662
aaaaapys_s001_t001,power_line,15.0,canonicalized,1,12.734622,0.999995,0.550814
aaaaapys_s002_t001,power_line,15.0,canonicalized,1,9.170307,0.999836,2.557295
aaaaaayx_s002_t000,power_line,15.0,naive,0,-4.520680,0.012538,4.421618
aaaaabdo_s003_t000,power_line,15.0,naive,1,0.635102,0.636216,1.306836
aaaaabsk_s007_t000,power_line,15.0,naive,1,-4.522299,0.012519,0.623751
aaaaabuv_s002_t000,power_line,15.0,naive,1,-0.819947,0.303427,0.744455
aaaaacad_s003_t000,power_line,15.0,naive,0,0.577284,0.623339,0.542163
aaaaacby_s004_t000,power_line,15.0,naive,0,-0.366424,0.401846,0.018800
aaaaaddm_s006_t000,power_line,15.0,naive,1,1.053206,0.722800,0.882147
aaaaadeu_s002_t000,power_line,15.0,naive,1,1.549823,0.807339,0.742688
aaaaadjk_s002_t000,power_line,15.0,naive,0,-1.924978,0.131625,0.197880
aaaaadkb_s002_t000,power_line,15.0,naive,1,2.562805,0.916866,3.715392
aaaaadsm_s002_t001,power_line,15.0,naive,0,-2.496372,0.080726,0.489701
aaaaaeab_s003_t000,power_line,15.0,naive,0,-3.327663,0.038175,0.879259
aaaaaejc_s003_t001,power_line,15.0,naive,0,-2.622319,0.072236,0.508771
aaaaaezn_s003_t001,power_line,15.0,naive,1,-4.432959,0.013619,4.687076
aaaaafhl_s003_t000,power_line,15.0,naive,1,-1.047264,0.259573,1.265629
aaaaagfk_s003_t000,power_line,15.0,naive,0,-1.882141,0.136373,0.451225
aaaaagsc_s003_t001,power_line,15.0,naive,1,-2.546452,0.077246,7.747936
aaaaagsc_s006_t001,power_line,15.0,naive,1,-4.957427,0.008297,0.368664
aaaaaguk_s002_t001,power_line,15.0,naive,0,-3.356136,0.037189,0.644958
aaaaagvx_s002_t000,power_line,15.0,naive,1,-1.206344,0.231447,1.172633
aaaaagvx_s003_t001,power_line,15.0,naive,1,-2.934471,0.054628,1.730155
aaaaagyr_s002_t000,power_line,15.0,naive,1,-2.148751,0.109054,0.288586
aaaaahie_s005_t001,power_line,15.0,naive,1,3.458233,0.962885,0.541369
aaaaahsv_s002_t000,power_line,15.0,naive,0,-2.730986,0.065580,0.363648
aaaaahte_s002_t000,power_line,15.0,naive,1,1.190498,0.748296,0.533486
aaaaahte_s003_t000,power_line,15.0,naive,1,2.275861,0.893442,0.572650
aaaaahuy_s002_t000,power_line,15.0,naive,1,-2.522169,0.078916,0.249757
aaaaahzi_s001_t000,power_line,15.0,naive,0,-3.597937,0.029747,0.537482
aaaaahzm_s001_t001,power_line,15.0,naive,0,-0.337979,0.408394,0.098525
aaaaahzq_s001_t000,power_line,15.0,naive,0,-5.632791,0.004369,0.576575
aaaaahzs_s001_t001,power_line,15.0,naive,0,-1.401659,0.199928,0.833152
aaaaaiae_s001_t000,power_line,15.0,naive,0,-0.575323,0.354952,1.529634
aaaaaibx_s001_t000,power_line,15.0,naive,0,-1.833467,0.141943,1.078224
aaaaaiby_s001_t000,power_line,15.0,naive,0,-6.732471,0.001533,0.686224
aaaaaici_s001_t000,power_line,15.0,naive,0,-3.506702,0.032368,0.814295
aaaaaicn_s001_t000,power_line,15.0,naive,0,-1.018519,0.264886,0.579551
aaaaaijh_s002_t000,power_line,15.0,naive,1,-4.819220,0.009457,1.090976
aaaaaijn_s001_t001,power_line,15.0,naive,0,-1.895224,0.134908,0.507600
aaaaairb_s001_t001,power_line,15.0,naive,0,-0.038334,0.478923,0.355432
aaaaairo_s001_t000,power_line,15.0,naive,0,-5.025187,0.007781,0.924985
aaaaaitt_s001_t000,power_line,15.0,naive,0,-5.999737,0.003081,1.031283
aaaaaiue_s004_t000,power_line,15.0,naive,1,-3.114673,0.046389,1.410629
aaaaaiuo_s002_t000,power_line,15.0,naive,0,-1.793547,0.146651,3.054493
aaaaaiwz_s001_t001,power_line,15.0,naive,0,-1.709927,0.156933,0.441508
aaaaaiyy_s001_t001,power_line,15.0,naive,0,-2.789491,0.062238,1.690775
aaaaaizd_s001_t001,power_line,15.0,naive,0,-4.840742,0.009266,2.692688
aaaaaizs_s001_t000,power_line,15.0,naive,0,-1.463891,0.190588,1.719135
aaaaajae_s001_t001,power_line,15.0,naive,0,0.151333,0.524189,0.157494
aaaaajah_s002_t001,power_line,15.0,naive,1,-3.886513,0.022742,0.588912
aaaaajah_s004_t000,power_line,15.0,naive,1,-3.844939,0.023642,2.637170
aaaaajal_s001_t001,power_line,15.0,naive,0,-3.875762,0.022972,1.323107
aaaaajam_s001_t000,power_line,15.0,naive,1,-3.209507,0.042542,0.490738
aaaaajar_s001_t001,power_line,15.0,naive,0,-2.479118,0.081958,0.653914
aaaaajbb_s001_t000,power_line,15.0,naive,0,-2.793181,0.062032,0.436618
aaaaajbh_s002_t000,power_line,15.0,naive,0,-0.585563,0.352715,0.606783
aaaaajce_s001_t000,power_line,15.0,naive,0,-5.545711,0.004747,2.357045
aaaaajci_s001_t000,power_line,15.0,naive,0,-2.877811,0.057491,0.584291
aaaaajck_s001_t000,power_line,15.0,naive,0,-3.423542,0.034951,0.459082
aaaaajct_s001_t000,power_line,15.0,naive,0,-3.207956,0.042603,1.735994
aaaaajcu_s001_t000,power_line,15.0,naive,0,-4.319238,0.015159,2.171613
aaaaajda_s001_t000,power_line,15.0,naive,0,-3.384938,0.036216,1.497150
aaaaajdb_s001_t000,power_line,15.0,naive,0,-5.381815,0.005547,2.071979
aaaaajdv_s001_t000,power_line,15.0,naive,0,-3.480708,0.033155,0.252544
aaaaajdy_s001_t000,power_line,15.0,naive,0,-3.909703,0.022255,0.959477
aaaaajdz_s001_t000,power_line,15.0,naive,0,-4.168728,0.017462,0.291990
aaaaajea_s001_t000,power_line,15.0,naive,0,-3.493589,0.032762,4.178586
aaaaajen_s001_t000,power_line,15.0,naive,0,-2.756333,0.064112,0.726736
aaaaajey_s001_t000,power_line,15.0,naive,0,-2.071932,0.116392,1.442879
aaaaajfb_s001_t000,power_line,15.0,naive,0,-4.362845,0.014549,0.796630
aaaaajfe_s001_t000,power_line,15.0,naive,0,-2.719177,0.066275,1.014860
aaaaajff_s001_t000,power_line,15.0,naive,0,-2.316128,0.094462,0.854265
aaaaajfi_s001_t001,power_line,15.0,naive,0,-5.958476,0.003205,0.845802
aaaaajfn_s001_t001,power_line,15.0,naive,0,-4.674748,0.010841,2.711669
aaaaajfy_s001_t000,power_line,15.0,naive,0,-4.135633,0.018013,0.564747
aaaaajga_s001_t001,power_line,15.0,naive,0,-6.786425,0.001456,4.169596
aaaaajhy_s001_t000,power_line,15.0,naive,0,-2.276100,0.097784,0.473745
aaaaajit_s001_t001,power_line,15.0,naive,0,-4.962176,0.008259,2.324362
aaaaajiu_s001_t000,power_line,15.0,naive,0,-3.113660,0.046432,2.263448
aaaaajiy_s001_t001,power_line,15.0,naive,0,-1.749313,0.152019,0.611670
aaaaajiz_s001_t000,power_line,15.0,naive,0,-4.125918,0.018177,0.998246
aaaaajjb_s001_t001,power_line,15.0,naive,0,-3.065251,0.048523,1.564015
aaaaajje_s001_t000,power_line,15.0,naive,0,-3.345726,0.037546,1.261262
aaaaajjk_s001_t000,power_line,15.0,naive,0,-2.174039,0.106729,2.143205
aaaaajna_s001_t000,power_line,15.0,naive,0,-4.524555,0.012493,0.946056
aaaaajnu_s001_t000,power_line,15.0,naive,0,-3.221806,0.042066,0.848555
aaaaajon_s001_t000,power_line,15.0,naive,0,-4.541267,0.012297,1.399044
aaaaajoo_s002_t001,power_line,15.0,naive,1,-2.555831,0.076610,0.605942
aaaaajpg_s001_t001,power_line,15.0,naive,0,-1.981648,0.125559,0.869272
aaaaajqh_s004_t000,power_line,15.0,naive,1,3.125197,0.949682,1.511664
aaaaajqk_s003_t001,power_line,15.0,naive,1,-0.561149,0.358058,1.168191
aaaaajrf_s001_t000,power_line,15.0,naive,1,5.876965,0.996191,1.288873
aaaaajrf_s002_t000,power_line,15.0,naive,1,9.313780,0.999857,1.643628
aaaaajrf_s003_t002,power_line,15.0,naive,1,3.961878,0.976730,9.400957
aaaaajrf_s004_t000,power_line,15.0,naive,1,1.067756,0.725576,0.439737
aaaaajso_s001_t000,power_line,15.0,naive,1,1.512289,0.801700,0.644129
aaaaajtg_s001_t000,power_line,15.0,naive,0,-3.852152,0.023483,1.130297
aaaaajtu_s001_t000,power_line,15.0,naive,0,-5.184130,0.006692,3.522184
aaaaajuh_s001_t000,power_line,15.0,naive,1,-0.649467,0.338906,1.378662
aaaaajun_s001_t000,power_line,15.0,naive,0,-2.094878,0.114156,0.835190
aaaaajvh_s001_t001,power_line,15.0,naive,0,-4.221143,0.016623,1.817078
aaaaajxp_s001_t000,power_line,15.0,naive,0,-0.358561,0.403652,0.369348
aaaaakck_s001_t001,power_line,15.0,naive,1,-0.473970,0.377419,0.394656
aaaaakcx_s001_t001,power_line,15.0,naive,1,2.347795,0.899810,1.344993
aaaaakcy_s005_t001,power_line,15.0,naive,1,1.436176,0.789887,2.032341
aaaaakdj_s001_t000,power_line,15.0,naive,1,-0.858774,0.295645,1.324173
aaaaakdo_s001_t000,power_line,15.0,naive,1,-1.582880,0.173666,0.592047
aaaaakeq_s001_t000,power_line,15.0,naive,1,-3.025757,0.050295,1.135528
aaaaakeq_s002_t000,power_line,15.0,naive,1,-3.131362,0.045689,2.361957
aaaaakeq_s003_t000,power_line,15.0,naive,1,-2.150585,0.108884,2.350098
aaaaakev_s001_t001,power_line,15.0,naive,1,2.364690,0.901255,1.118459
aaaaakev_s002_t000,power_line,15.0,naive,1,-2.733478,0.065435,0.902333
aaaaakft_s001_t000,power_line,15.0,naive,0,-3.102092,0.046924,0.594221
aaaaakgp_s001_t001,power_line,15.0,naive,0,-3.812086,0.024377,1.249681
aaaaakgu_s001_t000,power_line,15.0,naive,1,-0.969306,0.274141,0.262778
aaaaakjk_s002_t002,power_line,15.0,naive,1,-1.336107,0.210134,2.186688
aaaaakjk_s003_t000,power_line,15.0,naive,1,-5.598512,0.004514,1.164037
aaaaakka_s001_t001,power_line,15.0,naive,0,-2.288140,0.096774,0.484296
aaaaakmg_s003_t001,power_line,15.0,naive,1,-6.328061,0.002254,0.531247
aaaaakmh_s001_t000,power_line,15.0,naive,1,-4.377085,0.014355,0.534961
aaaaaknt_s001_t000,power_line,15.0,naive,1,-2.766061,0.063557,1.508314
aaaaakoo_s001_t001,power_line,15.0,naive,1,-0.892969,0.288888,1.204264
aaaaakqg_s001_t001,power_line,15.0,naive,0,-4.719175,0.010395,0.576177
aaaaakqr_s001_t000,power_line,15.0,naive,0,-2.075866,0.116006,0.835989
aaaaakrt_s001_t001,power_line,15.0,naive,1,0.272827,0.553024,0.274382
aaaaakrt_s002_t001,power_line,15.0,naive,1,-0.656965,0.337303,0.642849
aaaaaksb_s001_t000,power_line,15.0,naive,0,-4.514422,0.012613,3.636026
aaaaaksu_s001_t001,power_line,15.0,naive,0,-4.260581,0.016018,2.513015
aaaaakxz_s001_t001,power_line,15.0,naive,1,-0.001236,0.487773,0.101510
aaaaakxz_s002_t001,power_line,15.0,naive,1,0.552454,0.617753,1.089434
aaaaalaf_s001_t000,power_line,15.0,naive,0,-4.392500,0.014149,0.466938
aaaaalau_s001_t000,power_line,15.0,naive,1,-0.044434,0.477469,0.616847
aaaaalbh_s001_t000,power_line,15.0,naive,1,-0.648726,0.339065,1.141039
aaaaalbt_s001_t001,power_line,15.0,naive,0,-2.934587,0.054622,0.608705
aaaaalbt_s002_t000,power_line,15.0,naive,0,-3.853450,0.023455,1.652695
aaaaalbz_s006_t000,power_line,15.0,naive,1,2.949860,0.941048,1.925990
aaaaalid_s001_t001,power_line,15.0,naive,0,-0.466572,0.379081,0.995324
aaaaaljf_s001_t000,power_line,15.0,naive,1,-1.036067,0.261634,0.373656
aaaaaljj_s001_t000,power_line,15.0,naive,0,-6.263911,0.002396,1.539140
aaaaallc_s001_t001,power_line,15.0,naive,0,-4.360208,0.014585,1.347366
aaaaalle_s002_t000,power_line,15.0,naive,1,-0.478977,0.376295,0.705232
aaaaalox_s001_t001,power_line,15.0,naive,0,-3.463661,0.033681,1.843790
aaaaalpv_s001_t000,power_line,15.0,naive,0,-2.693026,0.067838,3.705807
aaaaalqa_s001_t000,power_line,15.0,naive,0,-4.902419,0.008740,1.688194
aaaaalqr_s001_t001,power_line,15.0,naive,1,-9.405972,0.000119,0.367764
aaaaalqs_s001_t001,power_line,15.0,naive,0,-0.922422,0.283143,0.313792
aaaaalqx_s001_t000,power_line,15.0,naive,0,-3.244390,0.041206,2.122534
aaaaalrc_s002_t000,power_line,15.0,naive,1,10.441942,0.999951,0.918521
aaaaalsq_s001_t000,power_line,15.0,naive,0,-3.328634,0.038141,1.761964
aaaaalsx_s001_t000,power_line,15.0,naive,1,-4.191720,0.017089,0.953521
aaaaalsx_s004_t001,power_line,15.0,naive,1,-0.647621,0.339301,0.424559
aaaaaluz_s001_t001,power_line,15.0,naive,0,-4.176682,0.017332,0.214544
aaaaalvw_s001_t000,power_line,15.0,naive,0,-5.286706,0.006071,0.888331
aaaaalvz_s001_t000,power_line,15.0,naive,1,7.039598,0.998742,1.195227
aaaaalxk_s001_t000,power_line,15.0,naive,0,-2.653703,0.070252,1.017322
aaaaalyr_s001_t000,power_line,15.0,naive,1,-1.705009,0.157555,0.692396
aaaaalzk_s002_t001,power_line,15.0,naive,1,4.850234,0.989906,4.038704
aaaaamcb_s001_t001,power_line,15.0,naive,1,1.779077,0.839136,1.029545
aaaaamfe_s001_t001,power_line,15.0,naive,0,-2.748480,0.064564,0.922905
aaaaamft_s001_t001,power_line,15.0,naive,1,-7.862966,0.000521,0.933322
aaaaamfu_s001_t000,power_line,15.0,naive,0,-1.486031,0.187347,0.331658
aaaaamhi_s001_t000,power_line,15.0,naive,1,-4.057750,0.019377,0.469493
aaaaamhk_s001_t000,power_line,15.0,naive,1,-0.730383,0.321809,0.126059
aaaaamjc_s001_t001,power_line,15.0,naive,1,1.812485,0.843398,0.762335
aaaaammh_s001_t001,power_line,15.0,naive,1,-1.850215,0.140005,0.422364
aaaaamnq_s001_t000,power_line,15.0,naive,1,1.127150,0.736728,2.993073
aaaaamnq_s002_t000,power_line,15.0,naive,1,-0.055207,0.474902,2.063156
aaaaamon_s001_t000,power_line,15.0,naive,0,-4.280317,0.015724,2.235114
aaaaampz_s001_t000,power_line,15.0,naive,1,-7.519947,0.000723,1.382204
aaaaamrj_s001_t000,power_line,15.0,naive,0,-4.318779,0.015165,3.749123
aaaaamsc_s001_t000,power_line,15.0,naive,1,0.384936,0.579323,1.260872
aaaaamtb_s001_t000,power_line,15.0,naive,0,-2.708124,0.066932,1.175121
aaaaamuc_s001_t000,power_line,15.0,naive,0,-2.327041,0.093574,0.537573
aaaaamxn_s001_t000,power_line,15.0,naive,1,-4.884546,0.008890,0.458090
aaaaamyb_s001_t001,power_line,15.0,naive,0,-3.652520,0.028278,1.084822
aaaaamye_s001_t000,power_line,15.0,naive,1,-3.713417,0.026722,8.303619
aaaaamzi_s001_t001,power_line,15.0,naive,1,1.422232,0.787667,2.519209
aaaaamzl_s001_t000,power_line,15.0,naive,0,-3.431815,0.034685,0.577285
aaaaamzx_s001_t000,power_line,15.0,naive,0,-2.761700,0.063805,2.024580
aaaaanbq_s001_t000,power_line,15.0,naive,0,-1.444776,0.193421,0.536278
aaaaanek_s001_t000,power_line,15.0,naive,0,-3.290669,0.039494,0.162529
aaaaangp_s001_t000,power_line,15.0,naive,0,-1.488306,0.187016,0.796524
aaaaanhb_s001_t003,power_line,15.0,naive,1,0.728821,0.656674,1.197844
aaaaanhb_s003_t001,power_line,15.0,naive,1,0.759584,0.663269,0.226879
aaaaanhb_s005_t000,power_line,15.0,naive,1,2.259035,0.891902,0.980008
aaaaankf_s001_t000,power_line,15.0,naive,1,-3.147393,0.045026,5.183778
aaaaanlp_s001_t000,power_line,15.0,naive,0,-2.028440,0.120733,0.409975
aaaaanmc_s001_t000,power_line,15.0,naive,1,2.367155,0.901465,0.806807
aaaaanop_s001_t000,power_line,15.0,naive,0,-5.229119,0.006412,1.024857
aaaaanoz_s001_t000,power_line,15.0,naive,1,-3.319625,0.038458,0.702288
aaaaanpr_s001_t002,power_line,15.0,naive,1,-1.410403,0.198596,0.507926
aaaaanqe_s001_t000,power_line,15.0,naive,0,-3.431537,0.034694,0.047660
aaaaanro_s001_t000,power_line,15.0,naive,1,-1.544378,0.179008,1.686503
aaaaansj_s001_t000,power_line,15.0,naive,1,-0.284576,0.420775,0.800215
aaaaanta_s001_t000,power_line,15.0,naive,1,2.126635,0.879090,8.409853
aaaaanum_s001_t000,power_line,15.0,naive,0,-1.900461,0.134325,0.762630
aaaaanvb_s002_t000,power_line,15.0,naive,0,-2.833746,0.059815,0.591106
aaaaanvg_s001_t002,power_line,15.0,naive,0,0.024844,0.494000,0.419908
aaaaanvw_s001_t000,power_line,15.0,naive,0,-6.443886,0.002018,0.769376
aaaaanwc_s001_t001,power_line,15.0,naive,1,0.285699,0.556061,0.172777
aaaaanxl_s001_t000,power_line,15.0,naive,1,1.842939,0.847202,5.568640
aaaaanyb_s001_t001,power_line,15.0,naive,0,-2.030507,0.120524,1.366253
aaaaanyt_s002_t000,power_line,15.0,naive,1,-6.865022,0.001351,2.052978
aaaaanyw_s001_t000,power_line,15.0,naive,1,-1.176568,0.236546,0.883611
aaaaanyw_s002_t000,power_line,15.0,naive,1,0.047425,0.499392,0.729916
aaaaanzh_s001_t000,power_line,15.0,naive,1,-3.170343,0.044093,1.186266
aaaaanzu_s001_t003,power_line,15.0,naive,1,-2.264842,0.098737,0.842841
aaaaaoav_s001_t000,power_line,15.0,naive,0,-1.984245,0.125287,0.737232
aaaaaoav_s002_t000,power_line,15.0,naive,0,-4.769517,0.009912,0.909105
aaaaaobi_s001_t000,power_line,15.0,naive,1,-3.891374,0.022639,0.463242
aaaaaobl_s001_t000,power_line,15.0,naive,0,-3.353416,0.037282,5.531235
aaaaaoby_s001_t000,power_line,15.0,naive,0,-5.796658,0.003739,2.917653
aaaaaoda_s001_t000,power_line,15.0,naive,1,4.337849,0.983637,2.057743
aaaaaoeg_s001_t000,power_line,15.0,naive,0,-4.172945,0.017393,1.770351
aaaaaofj_s001_t000,power_line,15.0,naive,0,-0.771936,0.313207,1.211635
aaaaaofr_s001_t000,power_line,15.0,naive,0,-0.376155,0.399613,1.012006
aaaaaofz_s001_t000,power_line,15.0,naive,0,-1.259929,0.222467,0.679397
aaaaaohb_s001_t000,power_line,15.0,naive,1,-4.379915,0.014317,0.824989
aaaaaohr_s002_t001,power_line,15.0,naive,1,1.393695,0.783072,0.374407
aaaaaoiq_s001_t000,power_line,15.0,naive,1,-2.434138,0.085250,0.258716
aaaaaoiv_s001_t000,power_line,15.0,naive,1,-1.007866,0.266872,0.685317
aaaaaoiv_s002_t001,power_line,15.0,naive,1,1.096492,0.731008,0.942207
aaaaaoiv_s003_t003,power_line,15.0,naive,1,1.079919,0.727884,1.314594
aaaaaojd_s001_t002,power_line,15.0,naive,0,-2.284788,0.097054,0.438316
aaaaaokg_s001_t000,power_line,15.0,naive,0,-1.968030,0.126995,1.561717
aaaaaoly_s001_t000,power_line,15.0,naive,0,-4.067931,0.019193,1.437373
aaaaaome_s001_t000,power_line,15.0,naive,0,-3.257634,0.040709,0.781397
aaaaaomx_s001_t000,power_line,15.0,naive,0,-7.460142,0.000765,2.343841
aaaaaomy_s001_t000,power_line,15.0,naive,1,1.413678,0.786298,10.467833
aaaaaonb_s001_t000,power_line,15.0,naive,0,-3.625092,0.029007,1.051483
aaaaaons_s002_t002,power_line,15.0,naive,1,-2.152784,0.108680,0.647289
aaaaaopd_s001_t000,power_line,15.0,naive,0,-2.436009,0.085110,0.799569
aaaaaopo_s001_t000,power_line,15.0,naive,0,-3.921412,0.022013,0.372739
aaaaaora_s002_t000,power_line,15.0,naive,1,-3.586384,0.030067,0.448788
aaaaaord_s001_t000,power_line,15.0,naive,1,-0.700001,0.328176,0.826019
aaaaaosh_s001_t000,power_line,15.0,naive,1,-1.907513,0.133544,0.355965
aaaaaosw_s001_t000,power_line,15.0,naive,0,-3.080627,0.047850,1.853815
aaaaaote_s001_t000,power_line,15.0,naive,0,-1.442199,0.193806,0.081032
aaaaaout_s001_t000,power_line,15.0,naive,1,-2.003284,0.123308,0.370435
aaaaaovl_s001_t000,power_line,15.0,naive,1,-4.363557,0.014539,0.396382
aaaaaovo_s001_t000,power_line,15.0,naive,1,3.789755,0.972685,0.971045
aaaaaowb_s001_t000,power_line,15.0,naive,0,-2.145885,0.109321,1.029912
aaaaaoxf_s001_t000,power_line,15.0,naive,0,-2.037795,0.119788,0.568178
aaaaaozf_s001_t001,power_line,15.0,naive,0,-4.650068,0.011097,0.481988
aaaaapag_s001_t000,power_line,15.0,naive,0,-6.141538,0.002692,0.909369
aaaaapar_s001_t000,power_line,15.0,naive,1,6.330555,0.997527,0.146575
aaaaapcb_s001_t000,power_line,15.0,naive,0,-0.163845,0.449112,0.315643
aaaaapcy_s001_t002,power_line,15.0,naive,0,-4.378193,0.014340,2.413228
aaaaapdg_s001_t000,power_line,15.0,naive,0,-4.809433,0.009545,1.251855
aaaaaphs_s001_t000,power_line,15.0,naive,1,-1.600085,0.171321,0.851129
aaaaaphw_s001_t000,power_line,15.0,naive,0,-3.109294,0.046617,1.853792
aaaaapij_s001_t000,power_line,15.0,naive,0,-4.227519,0.016524,0.797360
aaaaapjc_s001_t001,power_line,15.0,naive,0,-3.560452,0.030798,0.607973
aaaaapka_s001_t000,power_line,15.0,naive,0,-6.633799,0.001684,0.987021
aaaaapkx_s001_t001,power_line,15.0,naive,1,-4.821135,0.009440,1.659286
aaaaaply_s001_t001,power_line,15.0,naive,1,0.477865,0.600793,1.730742
aaaaapmb_s002_t001,power_line,15.0,naive,1,0.963000,0.705207,0.245156
aaaaapmp_s001_t000,power_line,15.0,naive,1,-1.160290,0.239366,0.983801
aaaaapnr_s001_t000,power_line,15.0,naive,1,-3.232224,0.041667,2.334303
aaaaapoc_s001_t000,power_line,15.0,naive,1,-0.660933,0.336457,0.894081
aaaaapof_s001_t000,power_line,15.0,naive,0,-3.907974,0.022291,1.398458
aaaaapoo_s001_t000,power_line,15.0,naive,0,-4.420822,0.013776,5.086674
aaaaapoq_s001_t000,power_line,15.0,naive,0,-1.411925,0.198364,0.558369
aaaaappb_s001_t000,power_line,15.0,naive,0,-3.983977,0.020762,1.250543
aaaaapqd_s001_t000,power_line,15.0,naive,1,-1.244393,0.225045,1.847942
aaaaapqv_s001_t000,power_line,15.0,naive,0,-2.672692,0.069077,1.040303
aaaaapta_s001_t000,power_line,15.0,naive,1,-1.229391,0.227554,0.508623
aaaaapth_s001_t000,power_line,15.0,naive,1,-1.443360,0.193632,1.579356
aaaaapua_s001_t001,power_line,15.0,naive,0,-5.669182,0.004221,1.154934
aaaaapuu_s001_t000,power_line,15.0,naive,0,-3.361293,0.037013,0.379182
aaaaapvw_s001_t001,power_line,15.0,naive,1,-3.772759,0.025287,0.735270
aaaaapvy_s001_t000,power_line,15.0,naive,1,-2.295266,0.096180,2.936870
aaaaapwn_s001_t001,power_line,15.0,naive,0,-1.811932,0.144467,0.532659
aaaaapwo_s001_t001,power_line,15.0,naive,1,5.611306,0.995096,1.440490
aaaaapxm_s001_t001,power_line,15.0,naive,0,-3.203179,0.042789,2.737760
aaaaapys_s001_t001,power_line,15.0,naive,1,6.370638,0.997620,0.519482
aaaaapys_s002_t001,power_line,15.0,naive,1,3.447708,0.962524,3.101871
aaaaaayx_s002_t000,power_line,30.0,canonicalized,0,0.205282,0.537025,1.624503
aaaaabdo_s003_t000,power_line,30.0,canonicalized,1,5.565069,0.994875,1.545141
aaaaabsk_s007_t000,power_line,30.0,canonicalized,1,0.484203,0.602244,1.020278
aaaaabuv_s002_t000,power_line,30.0,canonicalized,1,1.572737,0.810721,0.971603
aaaaacad_s003_t000,power_line,30.0,canonicalized,0,0.919968,0.696589,0.656774
aaaaacby_s004_t000,power_line,30.0,canonicalized,0,-0.626450,0.343850,0.119912
aaaaaddm_s006_t000,power_line,30.0,canonicalized,1,3.400995,0.960881,1.421436
aaaaadeu_s002_t000,power_line,30.0,canonicalized,1,3.105983,0.948798,0.921956
aaaaadjk_s002_t000,power_line,30.0,canonicalized,0,-1.789977,0.147078,0.232971
aaaaadkb_s002_t000,power_line,30.0,canonicalized,1,5.112305,0.992124,4.671759
aaaaadsm_s002_t001,power_line,30.0,canonicalized,0,-2.162247,0.107808,0.348289
aaaaaeab_s003_t000,power_line,30.0,canonicalized,0,-0.373882,0.400134,0.661379
aaaaaejc_s003_t001,power_line,30.0,canonicalized,0,0.682789,0.646693,0.334478
aaaaaezn_s003_t001,power_line,30.0,canonicalized,1,0.840184,0.680244,3.609378
aaaaafhl_s003_t000,power_line,30.0,canonicalized,1,0.402099,0.583313,2.238504
aaaaagfk_s003_t000,power_line,30.0,canonicalized,0,-1.382925,0.202807,0.301310
aaaaagsc_s003_t001,power_line,30.0,canonicalized,1,3.535413,0.965432,7.901870
aaaaagsc_s006_t001,power_line,30.0,canonicalized,1,-0.867644,0.293884,0.452060
aaaaaguk_s002_t001,power_line,30.0,canonicalized,0,-2.470576,0.082574,0.302541
aaaaagvx_s002_t000,power_line,30.0,canonicalized,1,0.601899,0.628843,1.358452
aaaaagvx_s003_t001,power_line,30.0,canonicalized,1,1.075817,0.727107,0.663910
aaaaagyr_s002_t000,power_line,30.0,canonicalized,1,-0.203270,0.439813,0.681785
aaaaahie_s005_t001,power_line,30.0,canonicalized,1,5.355889,0.993749,0.281919
aaaaahsv_s002_t000,power_line,30.0,canonicalized,0,-0.810837,0.305270,1.969672
aaaaahte_s002_t000,power_line,30.0,canonicalized,1,6.416516,0.997722,2.424187
aaaaahte_s003_t000,power_line,30.0,canonicalized,1,5.319169,0.993527,1.632301
aaaaahuy_s002_t000,power_line,30.0,canonicalized,1,-1.592734,0.172320,0.190010
aaaaahzi_s001_t000,power_line,30.0,canonicalized,0,0.300963,0.559658,0.291799
aaaaahzm_s001_t001,power_line,30.0,canonicalized,0,-0.178887,0.445560,0.068309
aaaaahzq_s001_t000,power_line,30.0,canonicalized,0,-3.232571,0.041654,0.590999
aaaaahzs_s001_t001,power_line,30.0,canonicalized,0,0.159449,0.526123,0.341249
aaaaaiae_s001_t000,power_line,30.0,canonicalized,0,0.197604,0.535201,0.603714
aaaaaibx_s001_t000,power_line,30.0,canonicalized,0,-0.690159,0.330252,0.653109
aaaaaiby_s001_t000,power_line,30.0,canonicalized,0,-0.715613,0.324896,1.503510
aaaaaici_s001_t000,power_line,30.0,canonicalized,0,-1.954975,0.128384,3.343992
aaaaaicn_s001_t000,power_line,30.0,canonicalized,0,0.239608,0.545167,0.461633
aaaaaijh_s002_t000,power_line,30.0,canonicalized,1,-3.163188,0.044382,0.411305
aaaaaijn_s001_t001,power_line,30.0,canonicalized,0,-0.881046,0.291234,0.299207
aaaaairb_s001_t001,power_line,30.0,canonicalized,0,1.225002,0.754454,0.269600
aaaaairo_s001_t000,power_line,30.0,canonicalized,0,-1.994721,0.124195,0.892751
aaaaaitt_s001_t000,power_line,30.0,canonicalized,0,-1.513332,0.183409,1.045066
aaaaaiue_s004_t000,power_line,30.0,canonicalized,1,0.699672,0.650369,0.859738
aaaaaiuo_s002_t000,power_line,30.0,canonicalized,0,0.855968,0.683515,0.456618
aaaaaiwz_s001_t001,power_line,30.0,canonicalized,0,-1.341848,0.209225,0.141711
aaaaaiyy_s001_t001,power_line,30.0,canonicalized,0,-1.763777,0.150246,1.412014
aaaaaizd_s001_t001,power_line,30.0,canonicalized,0,-0.026922,0.481645,1.354995
aaaaaizs_s001_t000,power_line,30.0,canonicalized,0,0.688462,0.647930,0.416036
aaaaajae_s001_t001,power_line,30.0,canonicalized,0,2.387075,0.903142,0.915534
aaaaajah_s002_t001,power_line,30.0,canonicalized,1,0.513371,0.608899,0.722322
aaaaajah_s004_t000,power_line,30.0,canonicalized,1,-0.429097,0.387543,1.515201
aaaaajal_s001_t001,power_line,30.0,canonicalized,0,-2.015388,0.122063,0.634994
aaaaajam_s001_t000,power_line,30.0,canonicalized,1,-1.029703,0.262810,0.237764
aaaaajar_s001_t001,power_line,30.0,canonicalized,0,-1.042363,0.260474,0.471377
aaaaajbb_s001_t000,power_line,30.0,canonicalized,0,1.272314,0.762730,1.405091
aaaaajbh_s002_t000,power_line,30.0,canonicalized,0,-1.075256,0.254467,0.306868
aaaaajce_s001_t000,power_line,30.0,canonicalized,0,-0.805758,0.306299,0.469475
aaaaajci_s001_t000,power_line,30.0,canonicalized,0,-0.417607,0.390151,0.140740
aaaaajck_s001_t000,power_line,30.0,canonicalized,0,-1.758136,0.150935,0.472596
aaaaajct_s001_t000,power_line,30.0,canonicalized,0,0.587597,0.625649,0.799862
aaaaajcu_s001_t000,power_line,30.0,canonicalized,0,-0.889044,0.289659,0.830595
aaaaajda_s001_t000,power_line,30.0,canonicalized,0,-2.269238,0.098364,0.497404
aaaaajdb_s001_t000,power_line,30.0,canonicalized,0,-1.154588,0.240359,1.412918
aaaaajdv_s001_t000,power_line,30.0,canonicalized,0,0.641846,0.637706,2.228402
aaaaajdy_s001_t000,power_line,30.0,canonicalized,0,-2.031081,0.120466,0.355739
aaaaajdz_s001_t000,power_line,30.0,canonicalized,0,-0.080725,0.468827,0.570023
aaaaajea_s001_t000,power_line,30.0,canonicalized,0,1.876803,0.851343,1.589118
aaaaajen_s001_t000,power_line,30.0,canonicalized,0,-0.930241,0.281629,0.385345
aaaaajey_s001_t000,power_line,30.0,canonicalized,0,-0.152159,0.451876,0.400877
aaaaajfb_s001_t000,power_line,30.0,canonicalized,0,-2.408088,0.087210,3.021718
aaaaajfe_s001_t000,power_line,30.0,canonicalized,0,-1.324890,0.211918,0.745765
aaaaajff_s001_t000,power_line,30.0,canonicalized,0,-2.356975,0.091176,0.766570
aaaaajfi_s001_t001,power_line,30.0,canonicalized,0,-0.739184,0.319977,0.309186
aaaaajfn_s001_t001,power_line,30.0,canonicalized,0,-1.466422,0.190216,0.716850
aaaaajfy_s001_t000,power_line,30.0,canonicalized,0,-1.748703,0.152094,0.450959
aaaaajga_s001_t001,power_line,30.0,canonicalized,0,1.061501,0.724385,2.358092
aaaaajhy_s001_t000,power_line,30.0,canonicalized,0,-2.477496,0.082075,0.882310
aaaaajit_s001_t001,power_line,30.0,canonicalized,0,-1.815303,0.144069,1.118989
aaaaajiu_s001_t000,power_line,30.0,canonicalized,0,1.724559,0.831981,2.163646
aaaaajiy_s001_t001,power_line,30.0,canonicalized,0,-0.633682,0.342293,0.771886
aaaaajiz_s001_t000,power_line,30.0,canonicalized,0,-0.346822,0.406355,0.866916
aaaaajjb_s001_t001,power_line,30.0,canonicalized,0,-0.348603,0.405944,0.673549
aaaaajje_s001_t000,power_line,30.0,canonicalized,0,-1.328992,0.211264,0.672734
aaaaajjk_s001_t000,power_line,30.0,canonicalized,0,-0.720219,0.323932,1.109994
aaaaajna_s001_t000,power_line,30.0,canonicalized,0,-2.293688,0.096312,0.581814
aaaaajnu_s001_t000,power_line,30.0,canonicalized,0,-2.184863,0.105747,0.835397
aaaaajon_s001_t000,power_line,30.0,canonicalized,0,-0.446192,0.383674,2.456252
aaaaajoo_s002_t001,power_line,30.0,canonicalized,1,-0.091179,0.466341,0.348670
aaaaajpg_s001_t001,power_line,30.0,canonicalized,0,-1.493894,0.186206,0.546498
aaaaajqh_s004_t000,power_line,30.0,canonicalized,1,5.806052,0.995925,1.960605
aaaaajqk_s003_t001,power_line,30.0,canonicalized,1,2.998676,0.943582,0.973616
aaaaajrf_s001_t000,power_line,30.0,canonicalized,1,9.208000,0.999841,3.131115
aaaaajrf_s002_t000,power_line,30.0,canonicalized,1,11.770362,0.999986,1.976712
aaaaajrf_s003_t002,power_line,30.0,canonicalized,1,9.778160,0.999908,4.499177
aaaaajrf_s004_t000,power_line,30.0,canonicalized,1,2.359592,0.900821,0.439859
aaaaajso_s001_t000,power_line,30.0,canonicalized,1,6.362553,0.997601,1.122656
aaaaajtg_s001_t000,power_line,30.0,canonicalized,0,-0.189819,0.442982,2.167206
aaaaajtu_s001_t000,power_line,30.0,canonicalized,0,-0.154625,0.451293,0.597029
aaaaajuh_s001_t000,power_line,30.0,canonicalized,1,5.221304,0.992897,6.180544
aaaaajun_s001_t000,power_line,30.0,canonicalized,0,1.872040,0.850766,0.758828
aaaaajvh_s001_t001,power_line,30.0,canonicalized,0,-0.004434,0.487010,1.235401
aaaaajxp_s001_t000,power_line,30.0,canonicalized,0,-0.408732,0.392170,0.474449
aaaaakck_s001_t001,power_line,30.0,canonicalized,1,1.531648,0.804624,0.353737
aaaaakcx_s001_t001,power_line,30.0,canonicalized,1,6.861911,0.998510,3.051435
aaaaakcy_s005_t001,power_line,30.0,canonicalized,1,7.804932,0.999394,3.646365
aaaaakdj_s001_t000,power_line,30.0,canonicalized,1,1.434940,0.789691,0.707436
aaaaakdo_s001_t000,power_line,30.0,canonicalized,1,0.583400,0.624709,1.416672
aaaaakeq_s001_t000,power_line,30.0,canonicalized,1,2.967363,0.941969,2.735703
aaaaakeq_s002_t000,power_line,30.0,canonicalized,1,2.286860,0.894438,1.199943
aaaaakeq_s003_t000,power_line,30.0,canonicalized,1,3.152612,0.950919,3.840912
aaaaakev_s001_t001,power_line,30.0,canonicalized,1,10.745472,0.999963,11.788677
aaaaakev_s002_t000,power_line,30.0,canonicalized,1,10.027896,0.999928,4.775064
aaaaakft_s001_t000,power_line,30.0,canonicalized,0,-1.619025,0.168767,0.768808
aaaaakgp_s001_t001,power_line,30.0,canonicalized,0,0.871379,0.686690,1.846691
aaaaakgu_s001_t000,power_line,30.0,canonicalized,1,-0.703575,0.327424,0.161372
aaaaakjk_s002_t002,power_line,30.0,canonicalized,1,2.453375,0.908543,0.446388
aaaaakjk_s003_t000,power_line,30.0,canonicalized,1,1.562103,0.809157,1.145985
aaaaakka_s001_t001,power_line,30.0,canonicalized,0,-0.954234,0.277015,0.661233
aaaaakmg_s003_t001,power_line,30.0,canonicalized,1,5.432667,0.994189,0.639957
aaaaakmh_s001_t000,power_line,30.0,canonicalized,1,0.331471,0.566827,2.521608
aaaaaknt_s001_t000,power_line,30.0,canonicalized,1,1.044551,0.721140,1.565810
aaaaakoo_s001_t001,power_line,30.0,canonicalized,1,9.836593,0.999913,2.590897
aaaaakqg_s001_t001,power_line,30.0,canonicalized,0,-0.626664,0.343804,0.966936
aaaaakqr_s001_t000,power_line,30.0,canonicalized,0,-1.096311,0.250670,0.537926
aaaaakrt_s001_t001,power_line,30.0,canonicalized,1,4.191226,0.981223,0.594842
aaaaakrt_s002_t001,power_line,30.0,canonicalized,1,4.321866,0.983389,2.455683
aaaaaksb_s001_t000,power_line,30.0,canonicalized,0,-1.755087,0.151309,0.381045
aaaaaksu_s001_t001,power_line,30.0,canonicalized,0,0.056092,0.501462,0.687161
aaaaakxz_s001_t001,power_line,30.0,canonicalized,1,0.931679,0.698949,0.295607
aaaaakxz_s002_t001,power_line,30.0,canonicalized,1,3.807933,0.973142,2.110424
aaaaalaf_s001_t000,power_line,30.0,canonicalized,0,-1.308185,0.214595,0.324452
aaaaalau_s001_t000,power_line,30.0,canonicalized,1,1.799398,0.841740,0.923360
aaaaalbh_s001_t000,power_line,30.0,canonicalized,1,2.918545,0.939366,6.387408
aaaaalbt_s001_t001,power_line,30.0,canonicalized,0,-0.690800,0.330117,0.568224
aaaaalbt_s002_t000,power_line,30.0,canonicalized,0,-1.217014,0.229639,1.585711
aaaaalbz_s006_t000,power_line,30.0,canonicalized,1,8.161434,0.999569,4.590547
aaaaalid_s001_t001,power_line,30.0,canonicalized,0,2.613107,0.920457,1.867048
aaaaaljf_s001_t000,power_line,30.0,canonicalized,1,2.388876,0.903293,1.164032
aaaaaljj_s001_t000,power_line,30.0,canonicalized,0,-1.837907,0.141427,1.243971
aaaaallc_s001_t001,power_line,30.0,canonicalized,0,0.366913,0.575121,1.296992
aaaaalle_s002_t000,power_line,30.0,canonicalized,1,1.669660,0.824522,0.431518
aaaaalox_s001_t001,power_line,30.0,canonicalized,0,2.820231,0.933791,3.965823
aaaaalpv_s001_t000,power_line,30.0,canonicalized,0,0.543923,0.615827,1.265778
aaaaalqa_s001_t000,power_line,30.0,canonicalized,0,-0.789679,0.309573,1.283702
aaaaalqr_s001_t001,power_line,30.0,canonicalized,1,1.532406,0.804738,0.068640
aaaaalqs_s001_t001,power_line,30.0,canonicalized,0,-1.476033,0.188805,0.504253
aaaaalqx_s001_t000,power_line,30.0,canonicalized,0,-2.037193,0.119848,1.484278
aaaaalrc_s002_t000,power_line,30.0,canonicalized,1,15.219766,0.999999,2.383097
aaaaalsq_s001_t000,power_line,30.0,canonicalized,0,0.905010,0.693561,0.246079
aaaaalsx_s001_t000,power_line,30.0,canonicalized,1,-0.225031,0.434698,0.290711
aaaaalsx_s004_t001,power_line,30.0,canonicalized,1,0.286372,0.556220,0.195821
aaaaaluz_s001_t001,power_line,30.0,canonicalized,0,-0.882530,0.290941,0.267626
aaaaalvw_s001_t000,power_line,30.0,canonicalized,0,-2.935325,0.054586,0.480681
aaaaalvz_s001_t000,power_line,30.0,canonicalized,1,9.034357,0.999813,1.213402
aaaaalxk_s001_t000,power_line,30.0,canonicalized,0,0.542451,0.615494,0.575238
aaaaalyr_s001_t000,power_line,30.0,canonicalized,1,0.730931,0.657128,0.292253
aaaaalzk_s002_t001,power_line,30.0,canonicalized,1,8.148585,0.999564,6.224792
aaaaamcb_s001_t001,power_line,30.0,canonicalized,1,6.417923,0.997725,1.627815
aaaaamfe_s001_t001,power_line,30.0,canonicalized,0,0.936057,0.699828,0.780470
aaaaamft_s001_t001,power_line,30.0,canonicalized,1,2.771966,0.930882,0.436337
aaaaamfu_s001_t000,power_line,30.0,canonicalized,0,-0.691442,0.329981,0.402597
aaaaamhi_s001_t000,power_line,30.0,canonicalized,1,6.897435,0.998560,5.022864
aaaaamhk_s001_t000,power_line,30.0,canonicalized,1,2.414460,0.905407,0.368918
aaaaamjc_s001_t001,power_line,30.0,canonicalized,1,6.833839,0.998470,2.901047
aaaaammh_s001_t001,power_line,30.0,canonicalized,1,1.237923,0.756733,0.812224
aaaaamnq_s001_t000,power_line,30.0,canonicalized,1,4.895259,0.990327,6.920277
aaaaamnq_s002_t000,power_line,30.0,canonicalized,1,3.713806,0.970690,1.459377
aaaaamon_s001_t000,power_line,30.0,canonicalized,0,0.307471,0.561190,2.297344
aaaaampz_s001_t000,power_line,30.0,canonicalized,1,-0.217118,0.436557,1.782681
aaaaamrj_s001_t000,power_line,30.0,canonicalized,0,0.047336,0.499371,0.216467
aaaaamsc_s001_t000,power_line,30.0,canonicalized,1,3.518345,0.964884,0.292445
aaaaamtb_s001_t000,power_line,30.0,canonicalized,0,3.017514,0.944533,1.485993
aaaaamuc_s001_t000,power_line,30.0,canonicalized,0,-0.917604,0.284078,0.222001
aaaaamxn_s001_t000,power_line,30.0,canonicalized,1,0.853000,0.682901,0.188860
aaaaamyb_s001_t001,power_line,30.0,canonicalized,0,-1.099627,0.250075,1.755381
aaaaamye_s001_t000,power_line,30.0,canonicalized,1,8.686232,0.999739,3.112259
aaaaamzi_s001_t001,power_line,30.0,canonicalized,1,6.000917,0.996615,6.467691
aaaaamzl_s001_t000,power_line,30.0,canonicalized,0,-1.321102,0.212523,0.261203
aaaaamzx_s001_t000,power_line,30.0,canonicalized,0,-2.237165,0.101115,1.437400
aaaaanbq_s001_t000,power_line,30.0,canonicalized,0,-0.682740,0.331822,0.602614
aaaaanek_s001_t000,power_line,30.0,canonicalized,0,-2.096076,0.114040,0.261136
aaaaangp_s001_t000,power_line,30.0,canonicalized,0,-0.500596,0.371461,0.380382
aaaaanhb_s001_t003,power_line,30.0,canonicalized,1,3.569715,0.966509,3.743409
aaaaanhb_s003_t001,power_line,30.0,canonicalized,1,2.991806,0.943232,1.038918
aaaaanhb_s005_t000,power_line,30.0,canonicalized,1,3.862087,0.974462,2.073745
aaaaankf_s001_t000,power_line,30.0,canonicalized,1,4.280316,0.982728,0.896123
aaaaanlp_s001_t000,power_line,30.0,canonicalized,0,-0.503705,0.370767,0.645076
aaaaanmc_s001_t000,power_line,30.0,canonicalized,1,4.815142,0.989566,5.303116
aaaaanop_s001_t000,power_line,30.0,canonicalized,0,0.314849,0.562924,2.430232
aaaaanoz_s001_t000,power_line,30.0,canonicalized,1,-0.998537,0.268619,0.632846
aaaaanpr_s001_t002,power_line,30.0,canonicalized,1,1.512413,0.801719,1.481337
aaaaanqe_s001_t000,power_line,30.0,canonicalized,0,-1.699483,0.158257,0.786815
aaaaanro_s001_t000,power_line,30.0,canonicalized,1,3.085513,0.947839,1.681985
aaaaansj_s001_t000,power_line,30.0,canonicalized,1,1.688925,0.827169,2.245688
aaaaanta_s001_t000,power_line,30.0,canonicalized,1,5.228710,0.992947,5.383345
aaaaanum_s001_t000,power_line,30.0,canonicalized,0,-0.144959,0.453580,0.558952
aaaaanvb_s002_t000,power_line,30.0,canonicalized,0,-0.793383,0.308817,0.488847
aaaaanvg_s001_t002,power_line,30.0,canonicalized,0,2.036113,0.869593,0.815865
aaaaanvw_s001_t000,power_line,30.0,canonicalized,0,-1.958532,0.128004,1.012720
aaaaanwc_s001_t001,power_line,30.0,canonicalized,1,4.285585,0.982813,14.919155
aaaaanxl_s001_t000,power_line,30.0,canonicalized,1,4.588904,0.987081,3.889252
aaaaanyb_s001_t001,power_line,30.0,canonicalized,0,-0.731180,0.321643,0.049746
aaaaanyt_s002_t000,power_line,30.0,canonicalized,1,5.139064,0.992321,3.217296
aaaaanyw_s001_t000,power_line,30.0,canonicalized,1,2.724599,0.927914,0.429193
aaaaanyw_s002_t000,power_line,30.0,canonicalized,1,3.314607,0.957658,3.604159
aaaaanzh_s001_t000,power_line,30.0,canonicalized,1,-0.209468,0.438355,1.237357
aaaaanzu_s001_t003,power_line,30.0,canonicalized,1,2.755855,0.929886,1.738390
aaaaaoav_s001_t000,power_line,30.0,canonicalized,0,-0.575556,0.354901,0.521899
aaaaaoav_s002_t000,power_line,30.0,canonicalized,0,-1.169659,0.237740,0.719921
aaaaaobi_s001_t000,power_line,30.0,canonicalized,1,-0.103990,0.463297,0.518305
aaaaaobl_s001_t000,power_line,30.0,canonicalized,0,-1.254203,0.223415,0.826092
aaaaaoby_s001_t000,power_line,30.0,canonicalized,0,-0.282426,0.421276,1.334249
aaaaaoda_s001_t000,power_line,30.0,canonicalized,1,6.779567,0.998388,2.320375
aaaaaoeg_s001_t000,power_line,30.0,canonicalized,0,-0.533953,0.364052,0.302326
aaaaaofj_s001_t000,power_line,30.0,canonicalized,0,-0.254838,0.427714,1.271026
aaaaaofr_s001_t000,power_line,30.0,canonicalized,0,1.308355,0.768905,1.023080
aaaaaofz_s001_t000,power_line,30.0,canonicalized,0,-0.431928,0.386901,0.919873
aaaaaohb_s001_t000,power_line,30.0,canonicalized,1,4.291272,0.982905,0.544156
aaaaaohr_s002_t001,power_line,30.0,canonicalized,1,4.529049,0.986331,0.987293
aaaaaoiq_s001_t000,power_line,30.0,canonicalized,1,1.111941,0.733900,0.582073
aaaaaoiv_s001_t000,power_line,30.0,canonicalized,1,-0.027346,0.481543,0.323843
aaaaaoiv_s002_t001,power_line,30.0,canonicalized,1,8.569015,0.999708,1.558434
aaaaaoiv_s003_t003,power_line,30.0,canonicalized,1,7.899520,0.999446,1.051058
aaaaaojd_s001_t002,power_line,30.0,canonicalized,0,-0.137059,0.455451,1.376219
aaaaaokg_s001_t000,power_line,30.0,canonicalized,0,2.826097,0.934136,4.463301
aaaaaoly_s001_t000,power_line,30.0,canonicalized,0,-0.949389,0.277943,5.477823
aaaaaome_s001_t000,power_line,30.0,canonicalized,0,-1.104023,0.249289,0.359106
aaaaaomx_s001_t000,power_line,30.0,canonicalized,0,-0.723805,0.323182,0.292933
aaaaaomy_s001_t000,power_line,30.0,canonicalized,1,4.091476,0.979384,10.758966
aaaaaonb_s001_t000,power_line,30.0,canonicalized,0,0.190689,0.533557,0.473825
aaaaaons_s002_t002,power_line,30.0,canonicalized,1,2.286324,0.894390,0.297409
aaaaaopd_s001_t000,power_line,30.0,canonicalized,0,-2.389401,0.088642,2.014500
aaaaaopo_s001_t000,power_line,30.0,canonicalized,0,-0.766668,0.314291,0.895807
aaaaaora_s002_t000,power_line,30.0,canonicalized,1,1.594486,0.813888,0.804813
aaaaaord_s001_t000,power_line,30.0,canonicalized,1,1.024708,0.717312,0.748494
aaaaaosh_s001_t000,power_line,30.0,canonicalized,1,0.234628,0.543987,0.322831
aaaaaosw_s001_t000,power_line,30.0,canonicalized,0,0.075464,0.506088,2.497011
aaaaaote_s001_t000,power_line,30.0,canonicalized,0,-0.427088,0.387998,1.092834
aaaaaout_s001_t000,power_line,30.0,canonicalized,1,2.054941,0.871619,2.742171
aaaaaovl_s001_t000,power_line,30.0,canonicalized,1,5.001032,0.991249,0.588199
aaaaaovo_s001_t000,power_line,30.0,canonicalized,1,7.617129,0.999275,2.677145
aaaaaowb_s001_t000,power_line,30.0,canonicalized,0,-0.677982,0.332830,2.539984
aaaaaoxf_s001_t000,power_line,30.0,canonicalized,0,-0.923153,0.283001,0.349401
aaaaaozf_s001_t001,power_line,30.0,canonicalized,0,-0.265009,0.425338,2.093570
aaaaapag_s001_t000,power_line,30.0,canonicalized,0,-1.416890,0.197611,2.722659
aaaaapar_s001_t000,power_line,30.0,canonicalized,1,13.043177,0.999996,1.512141
aaaaapcb_s001_t000,power_line,30.0,canonicalized,0,0.571572,0.622057,0.315183
aaaaapcy_s001_t002,power_line,30.0,canonicalized,0,-1.226888,0.227975,0.945938
aaaaapdg_s001_t000,power_line,30.0,canonicalized,0,-1.168673,0.237910,0.104899
aaaaaphs_s001_t000,power_line,30.0,canonicalized,1,4.069193,0.978950,0.763724
aaaaaphw_s001_t000,power_line,30.0,canonicalized,0,2.030536,0.868987,0.866701
aaaaapij_s001_t000,power_line,30.0,canonicalized,0,-0.302886,0.416518,0.392964
aaaaapjc_s001_t001,power_line,30.0,canonicalized,0,-2.759748,0.063917,0.584300
aaaaapka_s001_t000,power_line,30.0,canonicalized,0,-0.947792,0.278249,0.720740
aaaaapkx_s001_t001,power_line,30.0,canonicalized,1,-0.902198,0.287080,2.933039
aaaaaply_s001_t001,power_line,30.0,canonicalized,1,4.446243,0.985222,4.267647
aaaaapmb_s002_t001,power_line,30.0,canonicalized,1,1.393985,0.783119,0.226350
aaaaapmp_s001_t000,power_line,30.0,canonicalized,1,0.667002,0.643239,0.293569
aaaaapnr_s001_t000,power_line,30.0,canonicalized,1,-1.250270,0.224067,1.226822
aaaaapoc_s001_t000,power_line,30.0,canonicalized,1,4.400052,0.984566,0.948535
aaaaapof_s001_t000,power_line,30.0,canonicalized,0,-1.514384,0.183258,0.740086
aaaaapoo_s001_t000,power_line,30.0,canonicalized,0,-1.224096,0.228445,3.166081
aaaaapoq_s001_t000,power_line,30.0,canonicalized,0,2.211007,0.887399,0.676509
aaaaappb_s001_t000,power_line,30.0,canonicalized,0,-0.662521,0.336118,0.561070
aaaaapqd_s001_t000,power_line,30.0,canonicalized,1,0.077253,0.506516,0.671624
aaaaapqv_s001_t000,power_line,30.0,canonicalized,0,-1.146585,0.241757,3.387183
aaaaapta_s001_t000,power_line,30.0,canonicalized,1,3.460127,0.962950,3.455309
aaaaapth_s001_t000,power_line,30.0,canonicalized,1,1.064210,0.724901,1.174725
aaaaapua_s001_t001,power_line,30.0,canonicalized,0,-2.981745,0.052342,0.355291
aaaaapuu_s001_t000,power_line,30.0,canonicalized,0,-1.358819,0.206555,0.210407
aaaaapvw_s001_t001,power_line,30.0,canonicalized,1,3.768632,0.972144,1.209991
aaaaapvy_s001_t000,power_line,30.0,canonicalized,1,1.298922,0.767299,1.940749
aaaaapwn_s001_t001,power_line,30.0,canonicalized,0,0.129046,0.518877,2.702515
aaaaapwo_s001_t001,power_line,30.0,canonicalized,1,7.951235,0.999473,0.579676
aaaaapxm_s001_t001,power_line,30.0,canonicalized,0,-1.340308,0.209468,0.236547
aaaaapys_s001_t001,power_line,30.0,canonicalized,1,12.734044,0.999995,0.550782
aaaaapys_s002_t001,power_line,30.0,canonicalized,1,9.032303,0.999812,3.183258
aaaaaayx_s002_t000,power_line,30.0,naive,0,-5.936025,0.003274,2.914436
aaaaabdo_s003_t000,power_line,30.0,naive,1,-2.401778,0.087691,7.392825
aaaaabsk_s007_t000,power_line,30.0,naive,1,-7.462588,0.000764,0.186620
aaaaabuv_s002_t000,power_line,30.0,naive,1,-5.140195,0.006977,0.868263
aaaaacad_s003_t000,power_line,30.0,naive,0,0.127563,0.518523,0.197720
aaaaacby_s004_t000,power_line,30.0,naive,0,-2.644478,0.070830,0.108677
aaaaaddm_s006_t000,power_line,30.0,naive,1,-3.246557,0.041124,0.631806
aaaaadeu_s002_t000,power_line,30.0,naive,1,-1.240149,0.225753,0.598652
aaaaadjk_s002_t000,power_line,30.0,naive,0,-3.179799,0.043714,0.177080
aaaaadkb_s002_t000,power_line,30.0,naive,1,-2.104961,0.113186,4.236530
aaaaadsm_s002_t001,power_line,30.0,naive,0,-5.776434,0.003811,1.118031
aaaaaeab_s003_t000,power_line,30.0,naive,0,-7.381743,0.000825,1.120118
aaaaaejc_s003_t001,power_line,30.0,naive,0,-7.559333,0.000696,2.019016
aaaaaezn_s003_t001,power_line,30.0,naive,1,-5.855005,0.003537,5.448905
aaaaafhl_s003_t000,power_line,30.0,naive,1,-1.089223,0.251944,1.436486
aaaaagfk_s003_t000,power_line,30.0,naive,0,-4.276138,0.015786,0.983794
aaaaagsc_s003_t001,power_line,30.0,naive,1,-3.126466,0.045894,4.484867
aaaaagsc_s006_t001,power_line,30.0,naive,1,-8.237431,0.000364,0.397169
aaaaaguk_s002_t001,power_line,30.0,naive,0,-6.544505,0.001833,2.231656
aaaaagvx_s002_t000,power_line,30.0,naive,1,-3.872410,0.023044,2.171004
aaaaagvx_s003_t001,power_line,30.0,naive,1,-4.276368,0.015782,1.288548
aaaaagyr_s002_t000,power_line,30.0,naive,1,-5.522755,0.004851,0.837422
aaaaahie_s005_t001,power_line,30.0,naive,1,0.962562,0.705120,0.381245
aaaaahsv_s002_t000,power_line,30.0,naive,0,-5.882121,0.003447,0.239716
aaaaahte_s002_t000,power_line,30.0,naive,1,-1.719389,0.155741,2.194731
aaaaahte_s003_t000,power_line,30.0,naive,1,-2.749383,0.064512,1.097317
aaaaahuy_s002_t000,power_line,30.0,naive,1,-5.329463,0.005830,0.166350
aaaaahzi_s001_t000,power_line,30.0,naive,0,-4.541338,0.012296,0.376424
aaaaahzm_s001_t001,power_line,30.0,naive,0,-0.732315,0.321406,0.187797
aaaaahzq_s001_t000,power_line,30.0,naive,0,-8.308804,0.000340,0.767978
aaaaahzs_s001_t001,power_line,30.0,naive,0,-5.544163,0.004754,2.517462
aaaaaiae_s001_t000,power_line,30.0,naive,0,-0.936118,0.280494,1.881246
aaaaaibx_s001_t000,power_line,30.0,naive,0,-2.507267,0.079957,1.060419
aaaaaiby_s001_t000,power_line,30.0,naive,0,-10.366147,0.000048,0.380271
aaaaaici_s001_t000,power_line,30.0,naive,0,-6.274786,0.002371,1.030327
aaaaaicn_s001_t000,power_line,30.0,naive,0,-4.929217,0.008521,2.054527
aaaaaijh_s002_t000,power_line,30.0,naive,1,-7.524799,0.000720,1.510269
aaaaaijn_s001_t001,power_line,30.0,naive,0,-5.123615,0.007087,0.272311
aaaaairb_s001_t001,power_line,30.0,naive,0,-2.713704,0.066599,0.791474
aaaaairo_s001_t000,power_line,30.0,naive,0,-4.955189,0.008314,1.036314
aaaaaitt_s001_t000,power_line,30.0,naive,0,-7.773767,0.000567,0.991276
aaaaaiue_s004_t000,power_line,30.0,naive,1,-5.763252,0.003859,1.660992
aaaaaiuo_s002_t000,power_line,30.0,naive,0,-6.013628,0.003041,5.353442
aaaaaiwz_s001_t001,power_line,30.0,naive,0,-2.919013,0.055395,0.888053
aaaaaiyy_s001_t001,power_line,30.0,naive,0,-4.066017,0.019227,3.696274
aaaaaizd_s001_t001,power_line,30.0,naive,0,-7.018281,0.001167,2.869529
aaaaaizs_s001_t000,power_line,30.0,naive,0,-5.298633,0.006003,3.470687
aaaaajae_s001_t001,power_line,30.0,naive,0,-0.523882,0.366282,1.419631
aaaaajah_s002_t001,power_line,30.0,naive,1,-3.790969,0.024862,0.800297
aaaaajah_s004_t000,power_line,30.0,naive,1,-5.584405,0.004575,1.979644
aaaaajal_s001_t001,power_line,30.0,naive,0,-7.462916,0.000763,2.392212
aaaaajam_s001_t000,power_line,30.0,naive,1,-5.035379,0.007706,0.175143
aaaaajar_s001_t001,power_line,30.0,naive,0,-4.543478,0.012272,2.314174
aaaaajbb_s001_t000,power_line,30.0,naive,0,-5.208479,0.006539,0.500344
aaaaajbh_s002_t000,power_line,30.0,naive,0,-0.297778,0.417705,1.143641
aaaaajce_s001_t000,power_line,30.0,naive,0,-5.016536,0.007845,0.739177
aaaaajci_s001_t000,power_line,30.0,naive,0,-5.010756,0.007888,0.788965
aaaaajck_s001_t000,power_line,30.0,naive,0,-6.356770,0.002193,0.436441
aaaaajct_s001_t000,power_line,30.0,naive,0,-6.843549,0.001379,2.100464
aaaaajcu_s001_t000,power_line,30.0,naive,0,-7.832819,0.000536,1.125161
aaaaajda_s001_t000,power_line,30.0,naive,0,-5.565849,0.004657,1.955917
aaaaajdb_s001_t000,power_line,30.0,naive,0,-6.958975,0.001235,2.336297
aaaaajdv_s001_t000,power_line,30.0,naive,0,-5.285878,0.006076,1.375048
aaaaajdy_s001_t000,power_line,30.0,naive,0,-5.321300,0.005875,2.299906
aaaaajdz_s001_t000,power_line,30.0,naive,0,-4.980618,0.008116,0.680486
aaaaajea_s001_t000,power_line,30.0,naive,0,-4.383924,0.014263,3.519455
aaaaajen_s001_t000,power_line,30.0,naive,0,-5.886424,0.003432,0.326849
aaaaajey_s001_t000,power_line,30.0,naive,0,-4.630992,0.011298,0.829502
aaaaajfb_s001_t000,power_line,30.0,naive,0,-6.214863,0.002510,1.352712
aaaaajfe_s001_t000,power_line,30.0,naive,0,-3.076779,0.048017,1.956585
aaaaajff_s001_t000,power_line,30.0,naive,0,-5.139388,0.006982,2.089522
aaaaajfi_s001_t001,power_line,30.0,naive,0,-9.146605,0.000153,0.204139
aaaaajfn_s001_t001,power_line,30.0,naive,0,-6.608414,0.001725,0.184306
aaaaajfy_s001_t000,power_line,30.0,naive,0,-6.522904,0.001872,1.297431
aaaaajga_s001_t001,power_line,30.0,naive,0,-7.255805,0.000930,1.742607
aaaaajhy_s001_t000,power_line,30.0,naive,0,-3.780740,0.025100,0.554430
aaaaajit_s001_t001,power_line,30.0,naive,0,-7.420358,0.000795,0.478019
aaaaajiu_s001_t000,power_line,30.0,naive,0,-6.100762,0.002799,2.718732
aaaaajiy_s001_t001,power_line,30.0,naive,0,-5.857515,0.003528,0.473385
aaaaajiz_s001_t000,power_line,30.0,naive,0,-5.761087,0.003867,1.812931
aaaaajjb_s001_t001,power_line,30.0,naive,0,-5.508783,0.004916,3.354293
aaaaajje_s001_t000,power_line,30.0,naive,0,-5.575113,0.004616,2.078775
aaaaajjk_s001_t000,power_line,30.0,naive,0,-3.761236,0.025560,2.255907
aaaaajna_s001_t000,power_line,30.0,naive,0,-6.802058,0.001434,1.456006
aaaaajnu_s001_t000,power_line,30.0,naive,0,-5.446234,0.005217,2.071518
aaaaajon_s001_t000,power_line,30.0,naive,0,-7.863578,0.000521,1.819559
aaaaajoo_s002_t001,power_line,30.0,naive,1,-3.281108,0.039842,1.114255
aaaaajpg_s001_t001,power_line,30.0,naive,0,-4.451756,0.013380,0.476654
aaaaajqh_s004_t000,power_line,30.0,naive,1,-1.093951,0.251094,0.271720
aaaaajqk_s003_t001,power_line,30.0,naive,1,-4.225330,0.016558,1.534509
aaaaajrf_s001_t000,power_line,30.0,naive,1,3.236992,0.954547,0.985297
aaaaajrf_s002_t000,power_line,30.0,naive,1,5.269217,0.993213,1.181031
aaaaajrf_s003_t002,power_line,30.0,naive,1,0.490011,0.603572,8.061634
aaaaajrf_s004_t000,power_line,30.0,naive,1,-1.378843,0.203438,1.114885
aaaaajso_s001_t000,power_line,30.0,naive,1,-2.892856,0.056718,1.616688
aaaaajtg_s001_t000,power_line,30.0,naive,0,-5.425017,0.005324,0.586694
aaaaajtu_s001_t000,power_line,30.0,naive,0,-6.637219,0.001678,1.021193
aaaaajuh_s001_t000,power_line,30.0,naive,1,-2.814238,0.060872,1.888115
aaaaajun_s001_t000,power_line,30.0,naive,0,-2.625551,0.072029,0.441410
aaaaajvh_s001_t001,power_line,30.0,naive,0,-7.989830,0.000462,1.489416
aaaaajxp_s001_t000,power_line,30.0,naive,0,-2.517687,0.079228,1.022244
aaaaakck_s001_t001,power_line,30.0,naive,1,-5.391530,0.005496,0.107917
aaaaakcx_s001_t001,power_line,30.0,naive,1,-0.263919,0.425592,1.265452
aaaaakcy_s005_t001,power_line,30.0,naive,1,-1.183101,0.235420,3.040577
aaaaakdj_s001_t000,power_line,30.0,naive,1,-4.977470,0.008141,0.734857
aaaaakdo_s001_t000,power_line,30.0,naive,1,-5.001822,0.007955,0.376399
aaaaakeq_s001_t000,power_line,30.0,naive,1,-5.392142,0.005493,0.721762
aaaaakeq_s002_t000,power_line,30.0,naive,1,-5.167886,0.006796,2.087615
aaaaakeq_s003_t000,power_line,30.0,naive,1,-4.123844,0.018213,1.094996
aaaaakev_s001_t001,power_line,30.0,naive,1,-2.067598,0.116818,0.584600
aaaaakev_s002_t000,power_line,30.0,naive,1,-4.007086,0.020318,0.768184
aaaaakft_s001_t000,power_line,30.0,naive,0,-7.402903,0.000808,0.746205
aaaaakgp_s001_t001,power_line,30.0,naive,0,-6.680251,0.001611,2.242846
aaaaakgu_s001_t000,power_line,30.0,naive,1,-4.122165,0.018242,2.004933
aaaaakjk_s002_t002,power_line,30.0,naive,1,-3.466152,0.033603,6.944247
aaaaakjk_s003_t000,power_line,30.0,naive,1,-7.633854,0.000648,0.505601
aaaaakka_s001_t001,power_line,30.0,naive,0,-5.693931,0.004123,1.285467
aaaaakmg_s003_t001,power_line,30.0,naive,1,-4.172063,0.017407,0.237095
aaaaakmh_s001_t000,power_line,30.0,naive,1,-7.504415,0.000734,1.286350
aaaaaknt_s001_t000,power_line,30.0,naive,1,-3.735860,0.026170,0.398805
aaaaakoo_s001_t001,power_line,30.0,naive,1,-1.535092,0.180316,0.509241
aaaaakqg_s001_t001,power_line,30.0,naive,0,-6.504298,0.001905,0.630179
aaaaakqr_s001_t000,power_line,30.0,naive,0,-3.951898,0.021395,1.997619
aaaaakrt_s001_t001,power_line,30.0,naive,1,-4.604897,0.011580,0.332201
aaaaakrt_s002_t001,power_line,30.0,naive,1,-3.675476,0.027681,2.148114
aaaaaksb_s001_t000,power_line,30.0,naive,0,-6.156873,0.002653,0.839409
aaaaaksu_s001_t001,power_line,30.0,naive,0,-6.335480,0.002238,4.855897
aaaaakxz_s001_t001,power_line,30.0,naive,1,-0.420184,0.389566,0.152638
aaaaakxz_s002_t001,power_line,30.0,naive,1,-2.601910,0.073554,3.332573
aaaaalaf_s001_t000,power_line,30.0,naive,0,-6.752977,0.001503,2.556251
aaaaalau_s001_t000,power_line,30.0,naive,1,-2.313387,0.094686,2.415536
aaaaalbh_s001_t000,power_line,30.0,naive,1,-2.093374,0.114301,0.430709
aaaaalbt_s001_t001,power_line,30.0,naive,0,-7.626748,0.000653,0.746838
aaaaalbt_s002_t000,power_line,30.0,naive,0,-6.798687,0.001439,0.831159
aaaaalbz_s006_t000,power_line,30.0,naive,1,-2.760504,0.063874,0.861210
aaaaalid_s001_t001,power_line,30.0,naive,0,-2.759470,0.063933,1.294028
aaaaaljf_s001_t000,power_line,30.0,naive,1,-3.799353,0.024668,0.266097
aaaaaljj_s001_t000,power_line,30.0,naive,0,-6.300193,0.002314,0.446289
aaaaallc_s001_t001,power_line,30.0,naive,0,-3.385448,0.036199,0.705733
aaaaalle_s002_t000,power_line,30.0,naive,1,-2.053391,0.118226,1.633666
aaaaalox_s001_t001,power_line,30.0,naive,0,-7.013548,0.001172,1.270460
aaaaalpv_s001_t000,power_line,30.0,naive,0,-5.382154,0.005545,2.201587
aaaaalqa_s001_t000,power_line,30.0,naive,0,-6.442999,0.002020,3.004605
aaaaalqr_s001_t001,power_line,30.0,naive,1,-7.303440,0.000889,0.655541
aaaaalqs_s001_t001,power_line,30.0,naive,0,-3.128668,0.045802,0.587597
aaaaalqx_s001_t000,power_line,30.0,naive,0,-5.975945,0.003152,1.574331
aaaaalrc_s002_t000,power_line,30.0,naive,1,7.127431,0.998843,0.360758
aaaaalsq_s001_t000,power_line,30.0,naive,0,-5.681389,0.004172,2.707199
aaaaalsx_s001_t000,power_line,30.0,naive,1,-5.528837,0.004823,1.979783
aaaaalsx_s004_t001,power_line,30.0,naive,1,-0.911165,0.285330,0.840440
aaaaaluz_s001_t001,power_line,30.0,naive,0,-6.863623,0.001352,0.475199
aaaaalvw_s001_t000,power_line,30.0,naive,0,-7.303984,0.000888,1.186332
aaaaalvz_s001_t000,power_line,30.0,naive,1,4.673436,0.988071,2.949045
aaaaalxk_s001_t000,power_line,30.0,naive,0,-6.056669,0.002919,2.404856
aaaaalyr_s001_t000,power_line,30.0,naive,1,-3.864604,0.023212,0.424270
aaaaalzk_s002_t001,power_line,30.0,naive,1,0.721858,0.655173,1.781673
aaaaamcb_s001_t001,power_line,30.0,naive,1,-2.931365,0.054781,0.370610
aaaaamfe_s001_t001,power_line,30.0,naive,0,-5.283221,0.006091,0.533561
aaaaamft_s001_t001,power_line,30.0,naive,1,-1.046121,0.259783,0.388732
aaaaamfu_s001_t000,power_line,30.0,naive,0,-3.267891,0.040328,0.189436
aaaaamhi_s001_t000,power_line,30.0,naive,1,-4.605905,0.011569,2.533732
aaaaamhk_s001_t000,power_line,30.0,naive,1,-3.791397,0.024852,0.322335
aaaaamjc_s001_t001,power_line,30.0,naive,1,-2.793830,0.061996,0.356065
aaaaammh_s001_t001,power_line,30.0,naive,1,-6.517678,0.001881,0.285762
aaaaamnq_s001_t000,power_line,30.0,naive,1,-1.720268,0.155630,1.481166
aaaaamnq_s002_t000,power_line,30.0,naive,1,-3.913273,0.022181,1.665580
aaaaamon_s001_t000,power_line,30.0,naive,0,-5.373634,0.005590,1.536855
aaaaampz_s001_t000,power_line,30.0,naive,1,-7.025923,0.001158,1.114938
aaaaamrj_s001_t000,power_line,30.0,naive,0,-8.018172,0.000449,1.225914
aaaaamsc_s001_t000,power_line,30.0,naive,1,-1.580356,0.174013,3.097742
aaaaamtb_s001_t000,power_line,30.0,naive,0,-4.951366,0.008344,0.938438
aaaaamuc_s001_t000,power_line,30.0,naive,0,-4.642843,0.011173,0.930512
aaaaamxn_s001_t000,power_line,30.0,naive,1,-8.077258,0.000425,0.289131
aaaaamyb_s001_t001,power_line,30.0,naive,0,-5.074454,0.007426,0.574382
aaaaamye_s001_t000,power_line,30.0,naive,1,-5.692556,0.004128,2.632783
aaaaamzi_s001_t001,power_line,30.0,naive,1,-3.839303,0.023767,1.941626
aaaaamzl_s001_t000,power_line,30.0,naive,0,-6.950371,0.001245,1.104325
aaaaamzx_s001_t000,power_line,30.0,naive,0,-6.615537,0.001713,3.916781
aaaaanbq_s001_t000,power_line,30.0,naive,0,-1.774101,0.148991,0.839338
aaaaanek_s001_t000,power_line,30.0,naive,0,-8.192799,0.000380,0.933279
aaaaangp_s001_t000,power_line,30.0,naive,0,-3.821944,0.024154,2.968405
aaaaanhb_s001_t003,power_line,30.0,naive,1,-1.284600,0.218417,0.603639
aaaaanhb_s003_t001,power_line,30.0,naive,1,-0.142296,0.454211,0.259178
aaaaanhb_s005_t000,power_line,30.0,naive,1,1.070621,0.726121,0.615550
aaaaankf_s001_t000,power_line,30.0,naive,1,-6.504438,0.001905,2.777859
aaaaanlp_s001_t000,power_line,30.0,naive,0,-4.687247,0.010714,0.527328
aaaaanmc_s001_t000,power_line,30.0,naive,1,0.482412,0.601834,3.416414
aaaaanop_s001_t000,power_line,30.0,naive,0,-5.881901,0.003447,1.240559
aaaaanoz_s001_t000,power_line,30.0,naive,1,-5.594440,0.004532,1.465470
aaaaanpr_s001_t002,power_line,30.0,naive,1,-2.361080,0.090852,0.639849
aaaaanqe_s001_t000,power_line,30.0,naive,0,-7.852594,0.000526,0.462261
aaaaanro_s001_t000,power_line,30.0,naive,1,-5.703433,0.004085,2.654799
aaaaansj_s001_t000,power_line,30.0,naive,1,-3.616091,0.029250,0.806029
aaaaanta_s001_t000,power_line,30.0,naive,1,0.021316,0.493157,4.115285
aaaaanum_s001_t000,power_line,30.0,naive,0,-5.746883,0.003920,0.964298
aaaaanvb_s002_t000,power_line,30.0,naive,0,-4.800746,0.009623,0.668739
aaaaanvg_s001_t002,power_line,30.0,naive,0,-1.863694,0.138462,0.722011
aaaaanvw_s001_t000,power_line,30.0,naive,0,-7.254404,0.000931,1.169242
aaaaanwc_s001_t001,power_line,30.0,naive,1,-1.472012,0.189395,3.112136
aaaaanxl_s001_t000,power_line,30.0,naive,1,0.427209,0.589132,4.404934
aaaaanyb_s001_t001,power_line,30.0,naive,0,-4.766527,0.009940,1.150844
aaaaanyt_s002_t000,power_line,30.0,naive,1,-1.145037,0.242029,0.620031
aaaaanyw_s001_t000,power_line,30.0,naive,1,-4.943772,0.008405,1.453907
aaaaanyw_s002_t000,power_line,30.0,naive,1,-1.187649,0.234639,0.413457
aaaaanzh_s001_t000,power_line,30.0,naive,1,-7.185103,0.000995,2.196169
aaaaanzu_s001_t003,power_line,30.0,naive,1,-6.591403,0.001753,0.674180
aaaaaoav_s001_t000,power_line,30.0,naive,0,-3.788775,0.024913,0.736304
aaaaaoav_s002_t000,power_line,30.0,naive,0,-6.603420,0.001733,0.751591
aaaaaobi_s001_t000,power_line,30.0,naive,1,-5.868596,0.003491,0.601279
aaaaaobl_s001_t000,power_line,30.0,naive,0,-5.871725,0.003481,5.103821
aaaaaoby_s001_t000,power_line,30.0,naive,0,-6.248505,0.002431,2.453009
aaaaaoda_s001_t000,power_line,30.0,naive,1,-0.070554,0.471248,1.826690
aaaaaoeg_s001_t000,power_line,30.0,naive,0,-6.759593,0.001493,0.771784
aaaaaofj_s001_t000,power_line,30.0,naive,0,-1.379362,0.203357,0.817887
aaaaaofr_s001_t000,power_line,30.0,naive,0,-3.066978,0.048447,2.509212
aaaaaofz_s001_t000,power_line,30.0,naive,0,-3.640572,0.028593,0.795316
aaaaaohb_s001_t000,power_line,30.0,naive,1,-5.405810,0.005422,0.535015
aaaaaohr_s002_t001,power_line,30.0,naive,1,-3.761359,0.025557,1.061664
aaaaaoiq_s001_t000,power_line,30.0,naive,1,-3.022220,0.050457,0.396735
aaaaaoiv_s001_t000,power_line,30.0,naive,1,-5.858319,0.003526,0.445843
aaaaaoiv_s002_t001,power_line,30.0,naive,1,-2.259187,0.099218,0.802063
aaaaaoiv_s003_t003,power_line,30.0,naive,1,-2.319123,0.094217,1.280852
aaaaaojd_s001_t002,power_line,30.0,naive,0,-3.584761,0.030112,0.680160
aaaaaokg_s001_t000,power_line,30.0,naive,0,-6.860574,0.001356,0.988361
aaaaaoly_s001_t000,power_line,30.0,naive,0,-6.165939,0.002630,1.998027
aaaaaome_s001_t000,power_line,30.0,naive,0,-5.831790,0.003616,1.860288
aaaaaomx_s001_t000,power_line,30.0,naive,0,-7.835887,0.000535,0.207585
aaaaaomy_s001_t000,power_line,30.0,naive,1,-0.617010,0.345887,6.662131
aaaaaonb_s001_t000,power_line,30.0,naive,0,-5.366888,0.005626,0.841602
aaaaaons_s002_t002,power_line,30.0,naive,1,-4.662741,0.010965,0.246617
aaaaaopd_s001_t000,power_line,30.0,naive,0,-5.025539,0.007778,0.542113
aaaaaopo_s001_t000,power_line,30.0,naive,0,-6.207840,0.002527,0.940262
aaaaaora_s002_t000,power_line,30.0,naive,1,-5.414664,0.005376,0.685374
aaaaaord_s001_t000,power_line,30.0,naive,1,-2.809852,0.061112,0.591201
aaaaaosh_s001_t000,power_line,30.0,naive,1,-5.574473,0.004619,1.336655
aaaaaosw_s001_t000,power_line,30.0,naive,0,-5.641250,0.004334,3.560824
aaaaaote_s001_t000,power_line,30.0,naive,0,-2.970523,0.052876,1.780082
aaaaaout_s001_t000,power_line,30.0,naive,1,-4.844740,0.009231,2.366264
aaaaaovl_s001_t000,power_line,30.0,naive,1,-8.469404,0.000292,0.351856
aaaaaovo_s001_t000,power_line,30.0,naive,1,0.977054,0.707990,1.161468
aaaaaowb_s001_t000,power_line,30.0,naive,0,-4.838649,0.009284,0.188971
aaaaaoxf_s001_t000,power_line,30.0,naive,0,-4.688495,0.010701,0.422200
aaaaaozf_s001_t001,power_line,30.0,naive,0,-9.446902,0.000115,0.611105
aaaaapag_s001_t000,power_line,30.0,naive,0,-5.974093,0.003158,1.533040
aaaaapar_s001_t000,power_line,30.0,naive,1,4.321177,0.983378,1.491896
aaaaapcb_s001_t000,power_line,30.0,naive,0,-0.167438,0.448263,0.963768
aaaaapcy_s001_t002,power_line,30.0,naive,0,-6.127478,0.002728,2.977037
aaaaapdg_s001_t000,power_line,30.0,naive,0,-6.911812,0.001292,1.637898
aaaaaphs_s001_t000,power_line,30.0,naive,1,-5.572078,0.004629,0.227182
aaaaaphw_s001_t000,power_line,30.0,naive,0,-5.155710,0.006875,2.092240
aaaaapij_s001_t000,power_line,30.0,naive,0,-6.489417,0.001932,1.011989
aaaaapjc_s001_t001,power_line,30.0,naive,0,-5.095291,0.007280,1.458460
aaaaapka_s001_t000,power_line,30.0,naive,0,-7.687383,0.000616,0.373738
aaaaapkx_s001_t001,power_line,30.0,naive,1,-6.756635,0.001498,0.875636
aaaaaply_s001_t001,power_line,30.0,naive,1,-0.758215,0.316034,0.908282
aaaaapmb_s002_t001,power_line,30.0,naive,1,0.492118,0.604054,0.227948
aaaaapmp_s001_t000,power_line,30.0,naive,1,-5.614736,0.004445,2.651663
aaaaapnr_s001_t000,power_line,30.0,naive,1,-4.497815,0.012812,0.610474
aaaaapoc_s001_t000,power_line,30.0,naive,1,-6.247875,0.002433,1.381258
aaaaapof_s001_t000,power_line,30.0,naive,0,-6.879128,0.001332,4.267748
aaaaapoo_s001_t000,power_line,30.0,naive,0,-6.156777,0.002653,7.110802
aaaaapoq_s001_t000,power_line,30.0,naive,0,-6.069821,0.002882,1.502591
aaaaappb_s001_t000,power_line,30.0,naive,0,-6.070652,0.002880,2.123324
aaaaapqd_s001_t000,power_line,30.0,naive,1,-1.755743,0.151229,3.319571
aaaaapqv_s001_t000,power_line,30.0,naive,0,-3.008010,0.051111,0.676547
aaaaapta_s001_t000,power_line,30.0,naive,1,-3.334725,0.037928,0.169665
aaaaapth_s001_t000,power_line,30.0,naive,1,-3.988005,0.020684,3.178658
aaaaapua_s001_t001,power_line,30.0,naive,0,-8.146517,0.000397,0.475374
aaaaapuu_s001_t000,power_line,30.0,naive,0,-6.158736,0.002648,0.896199
aaaaapvw_s001_t001,power_line,30.0,naive,1,-6.887952,0.001321,0.981292
aaaaapvy_s001_t000,power_line,30.0,naive,1,-4.507584,0.012694,3.012636
aaaaapwn_s001_t001,power_line,30.0,naive,0,-2.672568,0.069084,4.775681
aaaaapwo_s001_t001,power_line,30.0,naive,1,3.005735,0.943940,1.239613
aaaaapxm_s001_t001,power_line,30.0,naive,0,-4.615610,0.011464,5.219100
aaaaapys_s001_t001,power_line,30.0,naive,1,4.040947,0.978386,0.886125
aaaaapys_s002_t001,power_line,30.0,naive,1,-1.118912,0.246636,1.654684
aaaaaayx_s002_t000,power_line,5.0,canonicalized,0,0.201149,0.536043,1.646743
aaaaabdo_s003_t000,power_line,5.0,canonicalized,1,5.571962,0.994909,1.515261
aaaaabsk_s007_t000,power_line,5.0,canonicalized,1,0.467110,0.598326,1.004679
aaaaabuv_s002_t000,power_line,5.0,canonicalized,1,1.568193,0.810054,0.973080
aaaaacad_s003_t000,power_line,5.0,canonicalized,0,0.920091,0.696614,0.656840
aaaaacby_s004_t000,power_line,5.0,canonicalized,0,-0.628532,0.343401,0.121344
aaaaaddm_s006_t000,power_line,5.0,canonicalized,1,3.401107,0.960885,1.421012
aaaaadeu_s002_t000,power_line,5.0,canonicalized,1,3.101890,0.948607,0.938344
aaaaadjk_s002_t000,power_line,5.0,canonicalized,0,-1.790175,0.147055,0.233041
aaaaadkb_s002_t000,power_line,5.0,canonicalized,1,5.107498,0.992088,4.709233
aaaaadsm_s002_t001,power_line,5.0,canonicalized,0,-2.172793,0.106843,0.369029
aaaaaeab_s003_t000,power_line,5.0,canonicalized,0,-0.373947,0.400119,0.661876
aaaaaejc_s003_t001,power_line,5.0,canonicalized,0,0.676645,0.645350,0.331629
aaaaaezn_s003_t001,power_line,5.0,canonicalized,1,0.833238,0.678799,3.642220
aaaaafhl_s003_t000,power_line,5.0,canonicalized,1,0.402834,0.583484,2.242802
aaaaagfk_s003_t000,power_line,5.0,canonicalized,0,-1.382848,0.202819,0.301299
aaaaagsc_s003_t001,power_line,5.0,canonicalized,1,3.544183,0.965710,7.909857
aaaaagsc_s006_t001,power_line,5.0,canonicalized,1,-0.878917,0.291654,0.434160
aaaaaguk_s002_t001,power_line,5.0,canonicalized,0,-2.476962,0.082113,0.304074
aaaaagvx_s002_t000,power_line,5.0,canonicalized,1,0.601516,0.628758,1.358890
aaaaagvx_s003_t001,power_line,5.0,canonicalized,1,1.080875,0.728064,0.670978
aaaaagyr_s002_t000,power_line,5.0,canonicalized,1,-0.203167,0.439837,0.681363
aaaaahie_s005_t001,power_line,5.0,canonicalized,1,5.350175,0.993715,0.285729
aaaaahsv_s002_t000,power_line,5.0,canonicalized,0,-0.816823,0.304058,1.980169
aaaaahte_s002_t000,power_line,5.0,canonicalized,1,6.415155,0.997719,2.411590
aaaaahte_s003_t000,power_line,5.0,canonicalized,1,5.312873,0.993488,1.617541
aaaaahuy_s002_t000,power_line,5.0,canonicalized,1,-1.595055,0.172004,0.189856
aaaaahzi_s001_t000,power_line,5.0,canonicalized,0,0.301551,0.559796,0.291880
aaaaahzm_s001_t001,power_line,5.0,canonicalized,0,-0.181944,0.444839,0.068069
aaaaahzq_s001_t000,power_line,5.0,canonicalized,0,-3.237542,0.041465,0.592985
aaaaahzs_s001_t001,power_line,5.0,canonicalized,0,0.144629,0.522592,0.318444
aaaaaiae_s001_t000,power_line,5.0,canonicalized,0,0.179703,0.530944,0.642149
aaaaaibx_s001_t000,power_line,5.0,canonicalized,0,-0.692280,0.329804,0.646294
aaaaaiby_s001_t000,power_line,5.0,canonicalized,0,-0.704063,0.327321,1.454741
aaaaaici_s001_t000,power_line,5.0,canonicalized,0,-1.954009,0.128487,3.340758
aaaaaicn_s001_t000,power_line,5.0,canonicalized,0,0.228798,0.542605,0.470329
aaaaaijh_s002_t000,power_line,5.0,canonicalized,1,-3.161747,0.044440,0.409675
aaaaaijn_s001_t001,power_line,5.0,canonicalized,0,-0.886284,0.290202,0.291061
aaaaairb_s001_t001,power_line,5.0,canonicalized,0,1.218006,0.753214,0.274066
aaaaairo_s001_t000,power_line,5.0,canonicalized,0,-1.994869,0.124179,0.892867
aaaaaitt_s001_t000,power_line,5.0,canonicalized,0,-1.512743,0.183493,1.047107
aaaaaiue_s004_t000,power_line,5.0,canonicalized,1,0.697501,0.649897,0.866489
aaaaaiuo_s002_t000,power_line,5.0,canonicalized,0,0.841818,0.680583,0.468045
aaaaaiwz_s001_t001,power_line,5.0,canonicalized,0,-1.336771,0.210029,0.138364
aaaaaiyy_s001_t001,power_line,5.0,canonicalized,0,-1.772609,0.149172,1.428200
aaaaaizd_s001_t001,power_line,5.0,canonicalized,0,-0.024745,0.482164,1.350354
aaaaaizs_s001_t000,power_line,5.0,canonicalized,0,0.689582,0.648174,0.413389
aaaaajae_s001_t001,power_line,5.0,canonicalized,0,2.389424,0.903338,0.911857
aaaaajah_s002_t001,power_line,5.0,canonicalized,1,0.510182,0.608174,0.731214
aaaaajah_s004_t000,power_line,5.0,canonicalized,1,-0.429142,0.387533,1.515437
aaaaajal_s001_t001,power_line,5.0,canonicalized,0,-2.029161,0.120660,0.634363
aaaaajam_s001_t000,power_line,5.0,canonicalized,1,-1.025373,0.263613,0.245963
aaaaajar_s001_t001,power_line,5.0,canonicalized,0,-1.043043,0.260349,0.471634
aaaaajbb_s001_t000,power_line,5.0,canonicalized,0,1.252950,0.759366,1.367347
aaaaajbh_s002_t000,power_line,5.0,canonicalized,0,-1.077108,0.254132,0.311149
aaaaajce_s001_t000,power_line,5.0,canonicalized,0,-0.805861,0.306279,0.469385
aaaaajci_s001_t000,power_line,5.0,canonicalized,0,-0.420896,0.389404,0.143076
aaaaajck_s001_t000,power_line,5.0,canonicalized,0,-1.758753,0.150860,0.474517
aaaaajct_s001_t000,power_line,5.0,canonicalized,0,0.588094,0.625760,0.798921
aaaaajcu_s001_t000,power_line,5.0,canonicalized,0,-0.889128,0.289643,0.830772
aaaaajda_s001_t000,power_line,5.0,canonicalized,0,-2.269191,0.098368,0.497306
aaaaajdb_s001_t000,power_line,5.0,canonicalized,0,-1.151947,0.240820,1.410878
aaaaajdv_s001_t000,power_line,5.0,canonicalized,0,0.641827,0.637702,2.228512
aaaaajdy_s001_t000,power_line,5.0,canonicalized,0,-2.030600,0.120514,0.355308
aaaaajdz_s001_t000,power_line,5.0,canonicalized,0,-0.080703,0.468833,0.569986
aaaaajea_s001_t000,power_line,5.0,canonicalized,0,1.879356,0.851652,1.595509
aaaaajen_s001_t000,power_line,5.0,canonicalized,0,-0.930292,0.281619,0.385532
aaaaajey_s001_t000,power_line,5.0,canonicalized,0,-0.152490,0.451798,0.401147
aaaaajfb_s001_t000,power_line,5.0,canonicalized,0,-2.408108,0.087209,3.021792
aaaaajfe_s001_t000,power_line,5.0,canonicalized,0,-1.324861,0.211922,0.745622
aaaaajff_s001_t000,power_line,5.0,canonicalized,0,-2.361128,0.090848,0.772272
aaaaajfi_s001_t001,power_line,5.0,canonicalized,0,-0.745613,0.318642,0.316245
aaaaajfn_s001_t001,power_line,5.0,canonicalized,0,-1.466478,0.190207,0.716909
aaaaajfy_s001_t000,power_line,5.0,canonicalized,0,-1.750237,0.151905,0.447879
aaaaajga_s001_t001,power_line,5.0,canonicalized,0,1.054749,0.723095,2.370025
aaaaajhy_s001_t000,power_line,5.0,canonicalized,0,-2.488451,0.081290,0.889212
aaaaajit_s001_t001,power_line,5.0,canonicalized,0,-1.823282,0.143132,1.127931
aaaaajiu_s001_t000,power_line,5.0,canonicalized,0,1.724737,0.832005,2.163741
aaaaajiy_s001_t001,power_line,5.0,canonicalized,0,-0.636528,0.341681,0.776756
aaaaajiz_s001_t000,power_line,5.0,canonicalized,0,-0.347175,0.406273,0.868149
aaaaajjb_s001_t001,power_line,5.0,canonicalized,0,-0.342483,0.407355,0.667139
aaaaajje_s001_t000,power_line,5.0,canonicalized,0,-1.329101,0.211247,0.672721
aaaaajjk_s001_t000,power_line,5.0,canonicalized,0,-0.720521,0.323869,1.110261
aaaaajna_s001_t000,power_line,5.0,canonicalized,0,-2.293233,0.096349,0.582461
aaaaajnu_s001_t000,power_line,5.0,canonicalized,0,-2.166516,0.107416,0.822649
aaaaajon_s001_t000,power_line,5.0,canonicalized,0,-0.446406,0.383625,2.456906
aaaaajoo_s002_t001,power_line,5.0,canonicalized,1,-0.091792,0.466195,0.349988
aaaaajpg_s001_t001,power_line,5.0,canonicalized,0,-1.495411,0.185987,0.548680
aaaaajqh_s004_t000,power_line,5.0,canonicalized,1,5.805968,0.995925,1.960791
aaaaajqk_s003_t001,power_line,5.0,canonicalized,1,3.007622,0.944035,0.930284
aaaaajrf_s001_t000,power_line,5.0,canonicalized,1,9.208643,0.999841,3.127483
aaaaajrf_s002_t000,power_line,5.0,canonicalized,1,11.770618,0.999986,1.974024
aaaaajrf_s003_t002,power_line,5.0,canonicalized,1,9.766409,0.999907,4.482469
aaaaajrf_s004_t000,power_line,5.0,canonicalized,1,2.361548,0.900988,0.441109
aaaaajso_s001_t000,power_line,5.0,canonicalized,1,6.362689,0.997602,1.122587
aaaaajtg_s001_t000,power_line,5.0,canonicalized,0,-0.190032,0.442931,2.167825
aaaaajtu_s001_t000,power_line,5.0,canonicalized,0,-0.154755,0.451262,0.597287
aaaaajuh_s001_t000,power_line,5.0,canonicalized,1,5.247865,0.993074,6.294400
aaaaajun_s001_t000,power_line,5.0,canonicalized,0,1.872244,0.850791,0.758785
aaaaajvh_s001_t001,power_line,5.0,canonicalized,0,-0.018518,0.483649,1.242345
aaaaajxp_s001_t000,power_line,5.0,canonicalized,0,-0.413419,0.391104,0.486110
aaaaakck_s001_t001,power_line,5.0,canonicalized,1,1.524945,0.803615,0.365607
aaaaakcx_s001_t001,power_line,5.0,canonicalized,1,6.860253,0.998508,3.048605
aaaaakcy_s005_t001,power_line,5.0,canonicalized,1,7.770373,0.999374,3.685200
aaaaakdj_s001_t000,power_line,5.0,canonicalized,1,1.432643,0.789326,0.709597
aaaaakdo_s001_t000,power_line,5.0,canonicalized,1,0.575103,0.622849,1.417004
aaaaakeq_s001_t000,power_line,5.0,canonicalized,1,2.943974,0.940735,2.555873
aaaaakeq_s002_t000,power_line,5.0,canonicalized,1,2.287259,0.894474,1.198768
aaaaakeq_s003_t000,power_line,5.0,canonicalized,1,3.132809,0.950028,3.954400
aaaaakev_s001_t001,power_line,5.0,canonicalized,1,10.741378,0.999963,11.802859
aaaaakev_s002_t000,power_line,5.0,canonicalized,1,10.027980,0.999928,4.774568
aaaaakft_s001_t000,power_line,5.0,canonicalized,0,-1.623890,0.168116,0.757754
aaaaakgp_s001_t001,power_line,5.0,canonicalized,0,0.862374,0.684837,1.875362
aaaaakgu_s001_t000,power_line,5.0,canonicalized,1,-0.708617,0.326364,0.159533
aaaaakjk_s002_t002,power_line,5.0,canonicalized,1,2.446631,0.908006,0.429789
aaaaakjk_s003_t000,power_line,5.0,canonicalized,1,1.563487,0.809361,1.140697
aaaaakka_s001_t001,power_line,5.0,canonicalized,0,-0.965374,0.274889,0.642351
aaaaakmg_s003_t001,power_line,5.0,canonicalized,1,5.493974,0.994517,0.783037
aaaaakmh_s001_t000,power_line,5.0,canonicalized,1,0.330534,0.566607,2.527156
aaaaaknt_s001_t000,power_line,5.0,canonicalized,1,1.045923,0.721403,1.563773
aaaaakoo_s001_t001,power_line,5.0,canonicalized,1,9.881582,0.999917,2.427450
aaaaakqg_s001_t001,power_line,5.0,canonicalized,0,-0.626198,0.343904,0.965231
aaaaakqr_s001_t000,power_line,5.0,canonicalized,0,-1.100585,0.249904,0.533636
aaaaakrt_s001_t001,power_line,5.0,canonicalized,1,4.195734,0.981302,0.608045
aaaaakrt_s002_t001,power_line,5.0,canonicalized,1,4.324872,0.983436,2.437599
aaaaaksb_s001_t000,power_line,5.0,canonicalized,0,-1.749306,0.152020,0.384436
aaaaaksu_s001_t001,power_line,5.0,canonicalized,0,0.056336,0.501520,0.687453
aaaaakxz_s001_t001,power_line,5.0,canonicalized,1,0.933908,0.699397,0.297712
aaaaakxz_s002_t001,power_line,5.0,canonicalized,1,3.811580,0.973233,2.098791
aaaaalaf_s001_t000,power_line,5.0,canonicalized,0,-1.305212,0.215074,0.325775
aaaaalau_s001_t000,power_line,5.0,canonicalized,1,1.794945,0.841172,0.938284
aaaaalbh_s001_t000,power_line,5.0,canonicalized,1,2.924639,0.939697,6.387917
aaaaalbt_s001_t001,power_line,5.0,canonicalized,0,-0.710073,0.326058,0.554700
aaaaalbt_s002_t000,power_line,5.0,canonicalized,0,-1.217210,0.229606,1.585679
aaaaalbz_s006_t000,power_line,5.0,canonicalized,1,8.160692,0.999569,4.598722
aaaaalid_s001_t001,power_line,5.0,canonicalized,0,2.609867,0.920230,1.852612
aaaaaljf_s001_t000,power_line,5.0,canonicalized,1,2.389027,0.903305,1.163271
aaaaaljj_s001_t000,power_line,5.0,canonicalized,0,-1.857897,0.139124,1.291851
aaaaallc_s001_t001,power_line,5.0,canonicalized,0,0.342557,0.569426,1.419597
aaaaalle_s002_t000,power_line,5.0,canonicalized,1,1.669097,0.824444,0.432216
aaaaalox_s001_t001,power_line,5.0,canonicalized,0,2.803748,0.932811,4.041193
aaaaalpv_s001_t000,power_line,5.0,canonicalized,0,0.543666,0.615769,1.266425
aaaaalqa_s001_t000,power_line,5.0,canonicalized,0,-0.799135,0.307645,1.276922
aaaaalqr_s001_t001,power_line,5.0,canonicalized,1,1.536551,0.805359,0.066415
aaaaalqs_s001_t001,power_line,5.0,canonicalized,0,-1.483232,0.187754,0.505420
aaaaalqx_s001_t000,power_line,5.0,canonicalized,0,-2.036910,0.119877,1.483418
aaaaalrc_s002_t000,power_line,5.0,canonicalized,1,15.205077,0.999999,2.387611
aaaaalsq_s001_t000,power_line,5.0,canonicalized,0,0.910830,0.694741,0.248648
aaaaalsx_s001_t000,power_line,5.0,canonicalized,1,-0.207356,0.438852,0.300008
aaaaalsx_s004_t001,power_line,5.0,canonicalized,1,0.285578,0.556033,0.195542
aaaaaluz_s001_t001,power_line,5.0,canonicalized,0,-0.884256,0.290601,0.269047
aaaaalvw_s001_t000,power_line,5.0,canonicalized,0,-2.935267,0.054588,0.480672
aaaaalvz_s001_t000,power_line,5.0,canonicalized,1,9.043097,0.999814,1.205301
aaaaalxk_s001_t000,power_line,5.0,canonicalized,0,0.542193,0.615436,0.576208
aaaaalyr_s001_t000,power_line,5.0,canonicalized,1,0.729799,0.656884,0.290357
aaaaalzk_s002_t001,power_line,5.0,canonicalized,1,8.152403,0.999565,6.235551
aaaaamcb_s001_t001,power_line,5.0,canonicalized,1,6.413132,0.997714,1.638252
aaaaamfe_s001_t001,power_line,5.0,canonicalized,0,0.939558,0.700530,0.781516
aaaaamft_s001_t001,power_line,5.0,canonicalized,1,2.820968,0.933834,0.288751
aaaaamfu_s001_t000,power_line,5.0,canonicalized,0,-0.691924,0.329879,0.401881
aaaaamhi_s001_t000,power_line,5.0,canonicalized,1,6.964947,0.998649,5.173067
aaaaamhk_s001_t000,power_line,5.0,canonicalized,1,2.395487,0.903843,0.405794
aaaaamjc_s001_t001,power_line,5.0,canonicalized,1,6.842177,0.998482,2.903863
aaaaammh_s001_t001,power_line,5.0,canonicalized,1,1.255214,0.759761,0.851984
aaaaamnq_s001_t000,power_line,5.0,canonicalized,1,4.891751,0.990295,6.906260
aaaaamnq_s002_t000,power_line,5.0,canonicalized,1,3.714059,0.970696,1.461859
aaaaamon_s001_t000,power_line,5.0,canonicalized,0,0.312112,0.562281,2.299485
aaaaampz_s001_t000,power_line,5.0,canonicalized,1,-0.225125,0.434676,1.781084
aaaaamrj_s001_t000,power_line,5.0,canonicalized,0,0.043016,0.498339,0.217077
aaaaamsc_s001_t000,power_line,5.0,canonicalized,1,3.521007,0.964970,0.293363
aaaaamtb_s001_t000,power_line,5.0,canonicalized,0,3.002573,0.943780,1.496204
aaaaamuc_s001_t000,power_line,5.0,canonicalized,0,-0.924801,0.282682,0.231236
aaaaamxn_s001_t000,power_line,5.0,canonicalized,1,0.841864,0.680593,0.209640
aaaaamyb_s001_t001,power_line,5.0,canonicalized,0,-1.088555,0.252064,1.778833
aaaaamye_s001_t000,power_line,5.0,canonicalized,1,8.675823,0.999736,3.167978
aaaaamzi_s001_t001,power_line,5.0,canonicalized,1,5.997226,0.996603,6.488757
aaaaamzl_s001_t000,power_line,5.0,canonicalized,0,-1.326078,0.211728,0.253469
aaaaamzx_s001_t000,power_line,5.0,canonicalized,0,-2.250380,0.099973,1.452703
aaaaanbq_s001_t000,power_line,5.0,canonicalized,0,-0.687793,0.330752,0.601098
aaaaanek_s001_t000,power_line,5.0,canonicalized,0,-2.104075,0.113271,0.263609
aaaaangp_s001_t000,power_line,5.0,canonicalized,0,-0.508757,0.369642,0.400861
aaaaanhb_s001_t003,power_line,5.0,canonicalized,1,3.571266,0.966557,3.741893
aaaaanhb_s003_t001,power_line,5.0,canonicalized,1,2.991994,0.943241,1.038181
aaaaanhb_s005_t000,power_line,5.0,canonicalized,1,3.857976,0.974364,2.063377
aaaaankf_s001_t000,power_line,5.0,canonicalized,1,4.269366,0.982550,0.851000
aaaaanlp_s001_t000,power_line,5.0,canonicalized,0,-0.495776,0.372536,0.630544
aaaaanmc_s001_t000,power_line,5.0,canonicalized,1,4.814058,0.989555,5.307270
aaaaanop_s001_t000,power_line,5.0,canonicalized,0,0.311831,0.562215,2.435543
aaaaanoz_s001_t000,power_line,5.0,canonicalized,1,-0.999112,0.268511,0.632262
aaaaanpr_s001_t002,power_line,5.0,canonicalized,1,1.491110,0.798464,1.462295
aaaaanqe_s001_t000,power_line,5.0,canonicalized,0,-1.699327,0.158277,0.786768
aaaaanro_s001_t000,power_line,5.0,canonicalized,1,3.084682,0.947800,1.685124
aaaaansj_s001_t000,power_line,5.0,canonicalized,1,1.683304,0.826400,2.244410
aaaaanta_s001_t000,power_line,5.0,canonicalized,1,5.228942,0.992949,5.381637
aaaaanum_s001_t000,power_line,5.0,canonicalized,0,-0.135854,0.455737,0.555660
aaaaanvb_s002_t000,power_line,5.0,canonicalized,0,-0.792039,0.309091,0.486636
aaaaanvg_s001_t002,power_line,5.0,canonicalized,0,2.037772,0.869772,0.808998
aaaaanvw_s001_t000,power_line,5.0,canonicalized,0,-1.971544,0.126623,0.998943
aaaaanwc_s001_t001,power_line,5.0,canonicalized,1,4.286901,0.982835,14.909396
aaaaanxl_s001_t000,power_line,5.0,canonicalized,1,4.588214,0.987072,3.893684
aaaaanyb_s001_t001,power_line,5.0,canonicalized,0,-0.732028,0.321466,0.049566
aaaaanyt_s002_t000,power_line,5.0,canonicalized,1,5.446349,0.994264,3.239784
aaaaanyw_s001_t000,power_line,5.0,canonicalized,1,2.720469,0.927649,0.430893
aaaaanyw_s002_t000,power_line,5.0,canonicalized,1,3.308711,0.957429,3.626194
aaaaanzh_s001_t000,power_line,5.0,canonicalized,1,-0.209965,0.438238,1.239119
aaaaanzu_s001_t003,power_line,5.0,canonicalized,1,2.737403,0.928728,1.737094
aaaaaoav_s001_t000,power_line,5.0,canonicalized,0,-0.576449,0.354706,0.522100
aaaaaoav_s002_t000,power_line,5.0,canonicalized,0,-1.212731,0.230364,0.727544
aaaaaobi_s001_t000,power_line,5.0,canonicalized,1,-0.104245,0.463236,0.517953
aaaaaobl_s001_t000,power_line,5.0,canonicalized,0,-1.254254,0.223406,0.826154
aaaaaoby_s001_t000,power_line,5.0,canonicalized,0,-0.190680,0.442779,1.210212
aaaaaoda_s001_t000,power_line,5.0,canonicalized,1,6.780327,0.998389,2.323492
aaaaaoeg_s001_t000,power_line,5.0,canonicalized,0,-0.539141,0.362905,0.306907
aaaaaofj_s001_t000,power_line,5.0,canonicalized,0,-0.259960,0.426517,1.271751
aaaaaofr_s001_t000,power_line,5.0,canonicalized,0,1.307498,0.768759,1.026493
aaaaaofz_s001_t000,power_line,5.0,canonicalized,0,-0.436331,0.385904,0.928923
aaaaaohb_s001_t000,power_line,5.0,canonicalized,1,4.314938,0.983281,0.553113
aaaaaohr_s002_t001,power_line,5.0,canonicalized,1,4.538287,0.986450,1.021945
aaaaaoiq_s001_t000,power_line,5.0,canonicalized,1,1.106003,0.732791,0.584465
aaaaaoiv_s001_t000,power_line,5.0,canonicalized,1,-0.019886,0.483323,0.324060
aaaaaoiv_s002_t001,power_line,5.0,canonicalized,1,8.576217,0.999710,1.523312
aaaaaoiv_s003_t003,power_line,5.0,canonicalized,1,7.898343,0.999446,1.056784
aaaaaojd_s001_t002,power_line,5.0,canonicalized,0,-0.137136,0.455433,1.376333
aaaaaokg_s001_t000,power_line,5.0,canonicalized,0,2.820745,0.933821,4.476282
aaaaaoly_s001_t000,power_line,5.0,canonicalized,0,-0.949578,0.277907,5.480973
aaaaaome_s001_t000,power_line,5.0,canonicalized,0,-1.110562,0.248121,0.363283
aaaaaomx_s001_t000,power_line,5.0,canonicalized,0,-0.727176,0.322478,0.297009
aaaaaomy_s001_t000,power_line,5.0,canonicalized,1,4.092639,0.979406,10.756899
aaaaaonb_s001_t000,power_line,5.0,canonicalized,0,0.179256,0.530838,0.464076
aaaaaons_s002_t002,power_line,5.0,canonicalized,1,2.293598,0.895045,0.295540
aaaaaopd_s001_t000,power_line,5.0,canonicalized,0,-2.388772,0.088690,2.017404
aaaaaopo_s001_t000,power_line,5.0,canonicalized,0,-0.781935,0.311156,0.881542
aaaaaora_s002_t000,power_line,5.0,canonicalized,1,1.661367,0.823373,0.785874
aaaaaord_s001_t000,power_line,5.0,canonicalized,1,1.020858,0.716566,0.762256
aaaaaosh_s001_t000,power_line,5.0,canonicalized,1,0.233085,0.543621,0.323014
aaaaaosw_s001_t000,power_line,5.0,canonicalized,0,0.076321,0.506293,2.450318
aaaaaote_s001_t000,power_line,5.0,canonicalized,0,-0.425671,0.388320,1.091432
aaaaaout_s001_t000,power_line,5.0,canonicalized,1,2.053367,0.871451,2.744484
aaaaaovl_s001_t000,power_line,5.0,canonicalized,1,5.036872,0.991541,0.585643
aaaaaovo_s001_t000,power_line,5.0,canonicalized,1,7.621901,0.999279,2.696059
aaaaaowb_s001_t000,power_line,5.0,canonicalized,0,-0.686354,0.331056,2.530052
aaaaaoxf_s001_t000,power_line,5.0,canonicalized,0,-0.923383,0.282956,0.349109
aaaaaozf_s001_t001,power_line,5.0,canonicalized,0,-0.271620,0.423795,2.111547
aaaaapag_s001_t000,power_line,5.0,canonicalized,0,-1.418713,0.197335,2.735845
aaaaapar_s001_t000,power_line,5.0,canonicalized,1,13.035818,0.999996,1.495352
aaaaapcb_s001_t000,power_line,5.0,canonicalized,0,0.568905,0.621457,0.316424
aaaaapcy_s001_t002,power_line,5.0,canonicalized,0,-1.239574,0.225849,0.955667
aaaaapdg_s001_t000,power_line,5.0,canonicalized,0,-1.185545,0.235000,0.112102
aaaaaphs_s001_t000,power_line,5.0,canonicalized,1,4.069213,0.978950,0.763723
aaaaaphw_s001_t000,power_line,5.0,canonicalized,0,2.018055,0.867624,0.877545
aaaaapij_s001_t000,power_line,5.0,canonicalized,0,-0.321377,0.412232,0.425749
aaaaapjc_s001_t001,power_line,5.0,canonicalized,0,-2.760856,0.063853,0.581602
aaaaapka_s001_t000,power_line,5.0,canonicalized,0,-0.977174,0.272648,0.741539
aaaaapkx_s001_t001,power_line,5.0,canonicalized,1,-0.907625,0.286021,2.945153
aaaaaply_s001_t001,power_line,5.0,canonicalized,1,4.451811,0.985300,4.224877
aaaaapmb_s002_t001,power_line,5.0,canonicalized,1,1.394410,0.783188,0.226663
aaaaapmp_s001_t000,power_line,5.0,canonicalized,1,0.666952,0.643228,0.293661
aaaaapnr_s001_t000,power_line,5.0,canonicalized,1,-1.250457,0.224036,1.226994
aaaaapoc_s001_t000,power_line,5.0,canonicalized,1,4.399048,0.984552,0.942205
aaaaapof_s001_t000,power_line,5.0,canonicalized,0,-1.514476,0.183245,0.740120
aaaaapoo_s001_t000,power_line,5.0,canonicalized,0,-1.224097,0.228444,3.166071
aaaaapoq_s001_t000,power_line,5.0,canonicalized,0,2.211270,0.887424,0.676376
aaaaappb_s001_t000,power_line,5.0,canonicalized,0,-0.662368,0.336151,0.560702
aaaaapqd_s001_t000,power_line,5.0,canonicalized,1,0.078073,0.506711,0.668233
aaaaapqv_s001_t000,power_line,5.0,canonicalized,0,-1.146653,0.241745,3.387225
aaaaapta_s001_t000,power_line,5.0,canonicalized,1,3.582811,0.966912,3.514962
aaaaapth_s001_t000,power_line,5.0,canonicalized,1,1.202860,0.750514,1.567374
aaaaapua_s001_t001,power_line,5.0,canonicalized,0,-2.981172,0.052369,0.355400
aaaaapuu_s001_t000,power_line,5.0,canonicalized,0,-1.359137,0.206505,0.210920
aaaaapvw_s001_t001,power_line,5.0,canonicalized,1,3.768562,0.972142,1.210197
aaaaapvy_s001_t000,power_line,5.0,canonicalized,1,1.299242,0.767354,1.943225
aaaaapwn_s001_t001,power_line,5.0,canonicalized,0,0.119863,0.516686,2.726644
aaaaapwo_s001_t001,power_line,5.0,canonicalized,1,7.954241,0.999475,0.569160
aaaaapxm_s001_t001,power_line,5.0,canonicalized,0,-1.334454,0.210396,0.235497
aaaaapys_s001_t001,power_line,5.0,canonicalized,1,12.733742,0.999995,0.550700
aaaaapys_s002_t001,power_line,5.0,canonicalized,1,9.264366,0.999850,2.177754
aaaaaayx_s002_t000,power_line,5.0,naive,0,0.141139,0.521760,1.412054
aaaaabdo_s003_t000,power_line,5.0,naive,1,5.161085,0.992480,1.951554
aaaaabsk_s007_t000,power_line,5.0,naive,1,-0.449213,0.382992,1.135494
aaaaabuv_s002_t000,power_line,5.0,naive,1,1.310553,0.769277,1.085056
aaaaacad_s003_t000,power_line,5.0,naive,0,0.864436,0.685262,0.589722
aaaaacby_s004_t000,power_line,5.0,naive,0,0.028139,0.494787,0.072011
aaaaaddm_s006_t000,power_line,5.0,naive,1,3.378026,0.960048,1.290745
aaaaadeu_s002_t000,power_line,5.0,naive,1,2.624438,0.921245,0.916545
aaaaadjk_s002_t000,power_line,5.0,naive,0,-1.465257,0.190387,0.367689
aaaaadkb_s002_t000,power_line,5.0,naive,1,5.082730,0.991900,4.859267
aaaaadsm_s002_t001,power_line,5.0,naive,0,-1.791895,0.146849,0.159620
aaaaaeab_s003_t000,power_line,5.0,naive,0,-0.258100,0.426952,0.570580
aaaaaejc_s003_t001,power_line,5.0,naive,0,0.239857,0.545226,0.332801
aaaaaezn_s003_t001,power_line,5.0,naive,1,0.128197,0.518674,2.406690
aaaaafhl_s003_t000,power_line,5.0,naive,1,0.335827,0.567849,1.835061
aaaaagfk_s003_t000,power_line,5.0,naive,0,-1.114156,0.247482,0.442131
aaaaagsc_s003_t001,power_line,5.0,naive,1,2.791257,0.932059,7.046054
aaaaagsc_s006_t001,power_line,5.0,naive,1,-0.912808,0.285011,0.477208
aaaaaguk_s002_t001,power_line,5.0,naive,0,-2.590674,0.074288,0.336210
aaaaagvx_s002_t000,power_line,5.0,naive,1,-0.002580,0.487452,0.887707
aaaaagvx_s003_t001,power_line,5.0,naive,1,1.242128,0.757472,0.773201
aaaaagyr_s002_t000,power_line,5.0,naive,1,0.082504,0.507769,0.502132
aaaaahie_s005_t001,power_line,5.0,naive,1,5.331808,0.993604,0.326977
aaaaahsv_s002_t000,power_line,5.0,naive,0,-1.364278,0.205702,1.112197
aaaaahte_s002_t000,power_line,5.0,naive,1,5.409452,0.994059,2.264774
aaaaahte_s003_t000,power_line,5.0,naive,1,4.236536,0.982004,0.958805
aaaaahuy_s002_t000,power_line,5.0,naive,1,-1.309036,0.214458,0.217736
aaaaahzi_s001_t000,power_line,5.0,naive,0,0.565751,0.620749,0.320285
aaaaahzm_s001_t001,power_line,5.0,naive,0,-0.007266,0.486334,0.082916
aaaaahzq_s001_t000,power_line,5.0,naive,0,-3.493605,0.032762,0.742810
aaaaahzs_s001_t001,power_line,5.0,naive,0,-0.490046,0.373817,0.657418
aaaaaiae_s001_t000,power_line,5.0,naive,0,-0.316952,0.413256,0.960447
aaaaaibx_s001_t000,power_line,5.0,naive,0,-0.526360,0.365733,0.298115
aaaaaiby_s001_t000,power_line,5.0,naive,0,-0.809812,0.305477,0.115620
aaaaaici_s001_t000,power_line,5.0,naive,0,-2.026283,0.120952,1.231917
aaaaaicn_s001_t000,power_line,5.0,naive,0,-0.082026,0.468518,0.271354
aaaaaijh_s002_t000,power_line,5.0,naive,1,-3.024678,0.050344,0.326899
aaaaaijn_s001_t001,power_line,5.0,naive,0,-0.584858,0.352869,0.201852
aaaaairb_s001_t001,power_line,5.0,naive,0,0.386922,0.579785,0.294389
aaaaairo_s001_t000,power_line,5.0,naive,0,-2.301465,0.095667,1.284211
aaaaaitt_s001_t000,power_line,5.0,naive,0,-2.086487,0.114969,1.208120
aaaaaiue_s004_t000,power_line,5.0,naive,1,-0.267961,0.424649,0.297060
aaaaaiuo_s002_t000,power_line,5.0,naive,0,0.226216,0.541993,0.383963
aaaaaiwz_s001_t001,power_line,5.0,naive,0,-1.318212,0.212985,0.193184
aaaaaiyy_s001_t001,power_line,5.0,naive,0,-1.404635,0.199474,1.180340
aaaaaizd_s001_t001,power_line,5.0,naive,0,-0.689841,0.330319,0.734404
aaaaaizs_s001_t000,power_line,5.0,naive,0,0.519083,0.610198,0.493037
aaaaajae_s001_t001,power_line,5.0,naive,0,1.051691,0.722510,0.391448
aaaaajah_s002_t001,power_line,5.0,naive,1,-0.221462,0.435536,0.840333
aaaaajah_s004_t000,power_line,5.0,naive,1,-1.678909,0.160893,1.760219
aaaaajal_s001_t001,power_line,5.0,naive,0,-2.290685,0.096562,0.747418
aaaaajam_s001_t000,power_line,5.0,naive,1,-0.663964,0.335810,0.131725
aaaaajar_s001_t001,power_line,5.0,naive,0,-1.310595,0.214207,0.509695
aaaaajbb_s001_t000,power_line,5.0,naive,0,1.016589,0.715737,0.599231
aaaaajbh_s002_t000,power_line,5.0,naive,0,-1.436714,0.194626,0.372373
aaaaajce_s001_t000,power_line,5.0,naive,0,-1.140297,0.242860,0.237059
aaaaajci_s001_t000,power_line,5.0,naive,0,-0.345199,0.406729,0.162326
aaaaajck_s001_t000,power_line,5.0,naive,0,-1.472156,0.189373,0.626359
aaaaajct_s001_t000,power_line,5.0,naive,0,0.272056,0.552842,0.850613
aaaaajcu_s001_t000,power_line,5.0,naive,0,-1.041666,0.260602,0.801167
aaaaajda_s001_t000,power_line,5.0,naive,0,-1.670500,0.161981,0.674656
aaaaajdb_s001_t000,power_line,5.0,naive,0,-1.946816,0.129259,0.639266
aaaaajdv_s001_t000,power_line,5.0,naive,0,0.030669,0.495391,1.558807
aaaaajdy_s001_t000,power_line,5.0,naive,0,-1.722901,0.155300,0.424764
aaaaajdz_s001_t000,power_line,5.0,naive,0,-0.093798,0.465719,0.612496
aaaaajea_s001_t000,power_line,5.0,naive,0,0.483393,0.602059,0.541716
aaaaajen_s001_t000,power_line,5.0,naive,0,-0.818441,0.303731,0.698159
aaaaajey_s001_t000,power_line,5.0,naive,0,0.171802,0.529064,0.381174
aaaaajfb_s001_t000,power_line,5.0,naive,0,-2.637991,0.071239,1.746534
aaaaajfe_s001_t000,power_line,5.0,naive,0,-1.361967,0.206063,0.806068
aaaaajff_s001_t000,power_line,5.0,naive,0,-2.256953,0.099409,0.655058
aaaaajfi_s001_t001,power_line,5.0,naive,0,-1.458163,0.191434,0.659688
aaaaajfn_s001_t001,power_line,5.0,naive,0,-1.376366,0.203821,0.542343
aaaaajfy_s001_t000,power_line,5.0,naive,0,-1.406325,0.199217,0.577827
aaaaajga_s001_t001,power_line,5.0,naive,0,0.033102,0.495972,1.128899
aaaaajhy_s001_t000,power_line,5.0,naive,0,-2.486448,0.081433,0.564013
aaaaajit_s001_t001,power_line,5.0,naive,0,-2.263007,0.098893,0.921296
aaaaajiu_s001_t000,power_line,5.0,naive,0,-0.147250,0.453038,1.331065
aaaaajiy_s001_t001,power_line,5.0,naive,0,-0.491201,0.373559,0.704401
aaaaajiz_s001_t000,power_line,5.0,naive,0,-0.118554,0.459839,1.866518
aaaaajjb_s001_t001,power_line,5.0,naive,0,-0.590513,0.351636,0.244138
aaaaajje_s001_t000,power_line,5.0,naive,0,-1.532704,0.180653,0.469622
aaaaajjk_s001_t000,power_line,5.0,naive,0,-1.043309,0.260300,1.121658
aaaaajna_s001_t000,power_line,5.0,naive,0,-2.170894,0.107016,0.430107
aaaaajnu_s001_t000,power_line,5.0,naive,0,-2.133098,0.110516,0.374312
aaaaajon_s001_t000,power_line,5.0,naive,0,-1.044088,0.260157,1.289852
aaaaajoo_s002_t001,power_line,5.0,naive,1,-0.449652,0.382893,0.257614
aaaaajpg_s001_t001,power_line,5.0,naive,0,-1.327643,0.211479,0.796107
aaaaajqh_s004_t000,power_line,5.0,naive,1,5.696882,0.995479,1.728796
aaaaajqk_s003_t001,power_line,5.0,naive,1,2.505742,0.912616,1.000900
aaaaajrf_s001_t000,power_line,5.0,naive,1,8.914947,0.999790,2.270315
aaaaajrf_s002_t000,power_line,5.0,naive,1,10.855192,0.999967,1.887250
aaaaajrf_s003_t002,power_line,5.0,naive,1,8.139937,0.999560,5.356028
aaaaajrf_s004_t000,power_line,5.0,naive,1,1.934839,0.858224,0.336154
aaaaajso_s001_t000,power_line,5.0,naive,1,4.952382,0.990836,0.852176
aaaaajtg_s001_t000,power_line,5.0,naive,0,-0.245581,0.429880,2.351905
aaaaajtu_s001_t000,power_line,5.0,naive,0,-1.222205,0.228763,0.235862
aaaaajuh_s001_t000,power_line,5.0,naive,1,5.378026,0.993879,7.450330
aaaaajun_s001_t000,power_line,5.0,naive,0,2.009854,0.866722,0.892746
aaaaajvh_s001_t001,power_line,5.0,naive,0,0.259318,0.549832,1.342744
aaaaajxp_s001_t000,power_line,5.0,naive,0,-0.485803,0.374766,0.442884
aaaaakck_s001_t001,power_line,5.0,naive,1,1.336541,0.773654,0.735855
aaaaakcx_s001_t001,power_line,5.0,naive,1,5.805271,0.995922,2.454768
aaaaakcy_s005_t001,power_line,5.0,naive,1,6.296257,0.997445,2.339849
aaaaakdj_s001_t000,power_line,5.0,naive,1,1.123267,0.736008,0.935192
aaaaakdo_s001_t000,power_line,5.0,naive,1,1.175107,0.745517,1.297671
aaaaakeq_s001_t000,power_line,5.0,naive,1,2.009283,0.866659,1.053515
aaaaakeq_s002_t000,power_line,5.0,naive,1,1.872458,0.850817,0.961196
aaaaakeq_s003_t000,power_line,5.0,naive,1,2.405831,0.904698,1.286588
aaaaakev_s001_t001,power_line,5.0,naive,1,8.654780,0.999731,6.480389
aaaaakev_s002_t000,power_line,5.0,naive,1,6.879353,0.998535,3.750746
aaaaakft_s001_t000,power_line,5.0,naive,0,-1.449239,0.192757,0.526684
aaaaakgp_s001_t001,power_line,5.0,naive,0,0.405931,0.584203,0.910140
aaaaakgu_s001_t000,power_line,5.0,naive,1,-0.359041,0.403542,0.267570
aaaaakjk_s002_t002,power_line,5.0,naive,1,0.939954,0.700610,0.482453
aaaaakjk_s003_t000,power_line,5.0,naive,1,1.028375,0.718022,0.783215
aaaaakka_s001_t001,power_line,5.0,naive,0,-1.565705,0.176034,0.429855
aaaaakmg_s003_t001,power_line,5.0,naive,1,-1.581231,0.173893,1.501870
aaaaakmh_s001_t000,power_line,5.0,naive,1,-0.986812,0.270826,1.124654
aaaaaknt_s001_t000,power_line,5.0,naive,1,0.137925,0.520994,0.739610
aaaaakoo_s001_t001,power_line,5.0,naive,1,5.933229,0.996389,1.420040
aaaaakqg_s001_t001,power_line,5.0,naive,0,0.124705,0.517841,1.168644
aaaaakqr_s001_t000,power_line,5.0,naive,0,-0.308177,0.415290,0.393504
aaaaakrt_s001_t001,power_line,5.0,naive,1,3.219867,0.953832,0.528599
aaaaakrt_s002_t001,power_line,5.0,naive,1,3.069910,0.947097,1.463261
aaaaaksb_s001_t000,power_line,5.0,naive,0,-1.519219,0.182568,0.405749
aaaaaksu_s001_t001,power_line,5.0,naive,0,-0.781508,0.311244,0.841098
aaaaakxz_s001_t001,power_line,5.0,naive,1,0.762619,0.663916,0.166555
aaaaakxz_s002_t001,power_line,5.0,naive,1,2.388869,0.903292,1.200772
aaaaalaf_s001_t000,power_line,5.0,naive,0,-1.331053,0.210936,0.101122
aaaaalau_s001_t000,power_line,5.0,naive,1,1.260807,0.760735,0.294036
aaaaalbh_s001_t000,power_line,5.0,naive,1,2.387057,0.903141,5.603800
aaaaalbt_s001_t001,power_line,5.0,naive,0,-0.296119,0.418090,0.299246
aaaaalbt_s002_t000,power_line,5.0,naive,0,-1.770554,0.149421,1.852344
aaaaalbz_s006_t000,power_line,5.0,naive,1,6.674749,0.998219,3.730101
aaaaalid_s001_t001,power_line,5.0,naive,0,2.045182,0.870572,1.726161
aaaaaljf_s001_t000,power_line,5.0,naive,1,0.921036,0.696805,0.943728
aaaaaljj_s001_t000,power_line,5.0,naive,0,-1.914333,0.132792,0.762076
aaaaallc_s001_t001,power_line,5.0,naive,0,-0.528401,0.365281,0.927692
aaaaalle_s002_t000,power_line,5.0,naive,1,1.150550,0.741041,0.561042
aaaaalox_s001_t001,power_line,5.0,naive,0,1.640460,0.820450,1.571481
aaaaalpv_s001_t000,power_line,5.0,naive,0,0.652819,0.640124,1.343952
aaaaalqa_s001_t000,power_line,5.0,naive,0,-1.661941,0.163094,0.474229
aaaaalqr_s001_t001,power_line,5.0,naive,1,-5.636948,0.004352,0.179960
aaaaalqs_s001_t001,power_line,5.0,naive,0,-1.114865,0.247355,0.525240
aaaaalqx_s001_t000,power_line,5.0,naive,0,-2.257851,0.099333,0.839251
aaaaalrc_s002_t000,power_line,5.0,naive,1,13.661060,0.999998,2.017574
aaaaalsq_s001_t000,power_line,5.0,naive,0,0.109584,0.514233,0.452360
aaaaalsx_s001_t000,power_line,5.0,naive,1,-0.902608,0.287000,0.188588
aaaaalsx_s004_t001,power_line,5.0,naive,1,-0.072336,0.470824,0.217444
aaaaaluz_s001_t001,power_line,5.0,naive,0,-0.438414,0.385432,0.191874
aaaaalvw_s001_t000,power_line,5.0,naive,0,-2.868501,0.057975,0.555915
aaaaalvz_s001_t000,power_line,5.0,naive,1,9.050688,0.999816,0.832462
aaaaalxk_s001_t000,power_line,5.0,naive,0,-0.054532,0.475063,0.368640
aaaaalyr_s001_t000,power_line,5.0,naive,1,0.892246,0.690963,0.488275
aaaaalzk_s002_t001,power_line,5.0,naive,1,7.239990,0.998961,5.607395
aaaaamcb_s001_t001,power_line,5.0,naive,1,6.525496,0.997946,1.607920
aaaaamfe_s001_t001,power_line,5.0,naive,0,0.850766,0.682438,0.606928
aaaaamft_s001_t001,power_line,5.0,naive,1,-4.984260,0.008088,0.387992
aaaaamfu_s001_t000,power_line,5.0,naive,0,-0.777609,0.312043,0.175228
aaaaamhi_s001_t000,power_line,5.0,naive,1,1.436467,0.789933,0.694065
aaaaamhk_s001_t000,power_line,5.0,naive,1,1.513149,0.801831,0.233485
aaaaamjc_s001_t001,power_line,5.0,naive,1,4.886913,0.990250,1.828777
aaaaammh_s001_t001,power_line,5.0,naive,1,0.738806,0.658821,0.716123
aaaaamnq_s001_t000,power_line,5.0,naive,1,4.458139,0.985387,6.497148
aaaaamnq_s002_t000,power_line,5.0,naive,1,3.341210,0.958677,1.376380
aaaaamon_s001_t000,power_line,5.0,naive,0,-0.638559,0.341245,0.591451
aaaaampz_s001_t000,power_line,5.0,naive,1,-1.017747,0.265029,0.489971
aaaaamrj_s001_t000,power_line,5.0,naive,0,-0.151364,0.452064,0.238434
aaaaamsc_s001_t000,power_line,5.0,naive,1,2.710528,0.927009,0.570411
aaaaamtb_s001_t000,power_line,5.0,naive,0,2.581572,0.918223,1.481591
aaaaamuc_s001_t000,power_line,5.0,naive,0,-1.359014,0.206525,0.142553
aaaaamxn_s001_t000,power_line,5.0,naive,1,0.166007,0.527684,0.383842
aaaaamyb_s001_t001,power_line,5.0,naive,0,-1.277050,0.219651,1.310092
aaaaamye_s001_t000,power_line,5.0,naive,1,2.417868,0.905685,2.116925
aaaaamzi_s001_t001,power_line,5.0,naive,1,4.654125,0.987852,4.655847
aaaaamzl_s001_t000,power_line,5.0,naive,0,-1.261998,0.222125,0.150120
aaaaamzx_s001_t000,power_line,5.0,naive,0,-2.349295,0.091786,1.375041
aaaaanbq_s001_t000,power_line,5.0,naive,0,-0.561392,0.358005,0.351513
aaaaanek_s001_t000,power_line,5.0,naive,0,-1.466362,0.190224,0.216897
aaaaangp_s001_t000,power_line,5.0,naive,0,-0.565261,0.357156,0.417708
aaaaanhb_s001_t003,power_line,5.0,naive,1,3.179021,0.952083,2.689336
aaaaanhb_s003_t001,power_line,5.0,naive,1,2.407498,0.904836,0.829354
aaaaanhb_s005_t000,power_line,5.0,naive,1,3.597047,0.967344,1.952427
aaaaankf_s001_t000,power_line,5.0,naive,1,2.885559,0.937546,0.277639
aaaaanlp_s001_t000,power_line,5.0,naive,0,-0.464588,0.379527,0.680275
aaaaanmc_s001_t000,power_line,5.0,naive,1,4.174763,0.980931,3.408456
aaaaanop_s001_t000,power_line,5.0,naive,0,-2.191043,0.105190,0.769242
aaaaanoz_s001_t000,power_line,5.0,naive,1,-1.155485,0.240202,0.497599
aaaaanpr_s001_t002,power_line,5.0,naive,1,0.718188,0.654380,1.244837
aaaaanqe_s001_t000,power_line,5.0,naive,0,-1.809159,0.144794,0.858870
aaaaanro_s001_t000,power_line,5.0,naive,1,2.116333,0.878040,1.211549
aaaaansj_s001_t000,power_line,5.0,naive,1,0.692683,0.648849,1.108662
aaaaanta_s001_t000,power_line,5.0,naive,1,4.280399,0.982729,9.677396
aaaaanum_s001_t000,power_line,5.0,naive,0,-0.285541,0.420551,0.635380
aaaaanvb_s002_t000,power_line,5.0,naive,0,-0.462619,0.379970,0.246662
aaaaanvg_s001_t002,power_line,5.0,naive,0,1.448581,0.791847,0.714784
aaaaanvw_s001_t000,power_line,5.0,naive,0,-2.476995,0.082111,0.392118
aaaaanwc_s001_t001,power_line,5.0,naive,1,3.708931,0.970557,10.426191
aaaaanxl_s001_t000,power_line,5.0,naive,1,3.989794,0.977329,4.693099
aaaaanyb_s001_t001,power_line,5.0,naive,0,-1.405026,0.199415,0.489430
aaaaanyt_s002_t000,power_line,5.0,naive,1,-4.551167,0.012183,0.563825
aaaaanyw_s001_t000,power_line,5.0,naive,1,1.932432,0.857944,0.319520
aaaaanyw_s002_t000,power_line,5.0,naive,1,2.384952,0.902965,2.904516
aaaaanzh_s001_t000,power_line,5.0,naive,1,-0.102052,0.463757,1.557622
aaaaanzu_s001_t003,power_line,5.0,naive,1,2.771723,0.930867,2.152409
aaaaaoav_s001_t000,power_line,5.0,naive,0,-0.333857,0.409346,0.639974
aaaaaoav_s002_t000,power_line,5.0,naive,0,-1.281929,0.218853,0.749324
aaaaaobi_s001_t000,power_line,5.0,naive,1,-0.649987,0.338795,0.447319
aaaaaobl_s001_t000,power_line,5.0,naive,0,-1.802280,0.145610,1.395850
aaaaaoby_s001_t000,power_line,5.0,naive,0,-2.274356,0.097931,0.354685
aaaaaoda_s001_t000,power_line,5.0,naive,1,5.934757,0.996395,2.398693
aaaaaoeg_s001_t000,power_line,5.0,naive,0,-0.570641,0.355977,0.219714
aaaaaofj_s001_t000,power_line,5.0,naive,0,-0.829579,0.301486,0.966317
aaaaaofr_s001_t000,power_line,5.0,naive,0,1.114419,0.734362,0.541239
aaaaaofz_s001_t000,power_line,5.0,naive,0,-0.723868,0.323169,0.744061
aaaaaohb_s001_t000,power_line,5.0,naive,1,1.672924,0.824973,0.283041
aaaaaohr_s002_t001,power_line,5.0,naive,1,3.482151,0.963693,0.839934
aaaaaoiq_s001_t000,power_line,5.0,naive,1,1.064824,0.725018,0.746201
aaaaaoiv_s001_t000,power_line,5.0,naive,1,0.144218,0.522494,0.295751
aaaaaoiv_s002_t001,power_line,5.0,naive,1,7.156507,0.998875,1.670394
aaaaaoiv_s003_t003,power_line,5.0,naive,1,6.285607,0.997419,0.669162
aaaaaojd_s001_t002,power_line,5.0,naive,0,-0.212505,0.437641,1.194890
aaaaaokg_s001_t000,power_line,5.0,naive,0,1.678431,0.825731,2.374304
aaaaaoly_s001_t000,power_line,5.0,naive,0,-1.442183,0.193808,2.645972
aaaaaome_s001_t000,power_line,5.0,naive,0,-0.843649,0.298663,0.408353
aaaaaomx_s001_t000,power_line,5.0,naive,0,-3.081743,0.047801,3.263130
aaaaaomy_s001_t000,power_line,5.0,naive,1,3.943412,0.976326,10.644255
aaaaaonb_s001_t000,power_line,5.0,naive,0,0.411607,0.585519,1.705303
aaaaaons_s002_t002,power_line,5.0,naive,1,2.506373,0.912664,0.538882
aaaaaopd_s001_t000,power_line,5.0,naive,0,-1.760486,0.150648,1.143100
aaaaaopo_s001_t000,power_line,5.0,naive,0,-0.656510,0.337400,1.064571
aaaaaora_s002_t000,power_line,5.0,naive,1,1.205847,0.751048,0.226097
aaaaaord_s001_t000,power_line,5.0,naive,1,1.327755,0.772181,0.646304
aaaaaosh_s001_t000,power_line,5.0,naive,1,-0.032101,0.480409,0.485447
aaaaaosw_s001_t000,power_line,5.0,naive,0,-0.365967,0.401951,1.617258
aaaaaote_s001_t000,power_line,5.0,naive,0,-0.668510,0.334842,0.390460
aaaaaout_s001_t000,power_line,5.0,naive,1,1.891553,0.853118,1.910024
aaaaaovl_s001_t000,power_line,5.0,naive,1,2.968178,0.942011,0.297221
aaaaaovo_s001_t000,power_line,5.0,naive,1,6.578768,0.998048,1.930826
aaaaaowb_s001_t000,power_line,5.0,naive,0,-0.630304,0.343020,1.832672
aaaaaoxf_s001_t000,power_line,5.0,naive,0,-0.948514,0.278111,0.402704
aaaaaozf_s001_t001,power_line,5.0,naive,0,-1.270935,0.220654,0.593025
aaaaapag_s001_t000,power_line,5.0,naive,0,-2.503057,0.080254,1.722822
aaaaapar_s001_t000,power_line,5.0,naive,1,11.175703,0.999976,1.186331
aaaaapcb_s001_t000,power_line,5.0,naive,0,0.213618,0.539004,0.131755
aaaaapcy_s001_t002,power_line,5.0,naive,0,-1.830724,0.142262,0.573355
aaaaapdg_s001_t000,power_line,5.0,naive,0,-1.207949,0.231175,0.126940
aaaaaphs_s001_t000,power_line,5.0,naive,1,4.410882,0.984723,0.423491
aaaaaphw_s001_t000,power_line,5.0,naive,0,1.488366,0.798042,0.995184
aaaaapij_s001_t000,power_line,5.0,naive,0,-0.420938,0.389395,0.408178
aaaaapjc_s001_t001,power_line,5.0,naive,0,-2.626833,0.071948,0.606714
aaaaapka_s001_t000,power_line,5.0,naive,0,-0.981132,0.271899,0.454763
aaaaapkx_s001_t001,power_line,5.0,naive,1,-1.117807,0.246833,2.836399
aaaaaply_s001_t001,power_line,5.0,naive,1,3.389442,0.960464,2.954755
aaaaapmb_s002_t001,power_line,5.0,naive,1,1.377543,0.780440,0.196048
aaaaapmp_s001_t000,power_line,5.0,naive,1,0.045113,0.498840,0.428357
aaaaapnr_s001_t000,power_line,5.0,naive,1,-1.204540,0.231754,1.190098
aaaaapoc_s001_t000,power_line,5.0,naive,1,2.308966,0.896416,0.971415
aaaaapof_s001_t000,power_line,5.0,naive,0,-1.240970,0.225616,0.805395
aaaaapoo_s001_t000,power_line,5.0,naive,0,-1.655993,0.163871,2.080107
aaaaapoq_s001_t000,power_line,5.0,naive,0,2.034627,0.869432,0.585516
aaaaappb_s001_t000,power_line,5.0,naive,0,-1.083045,0.253058,0.992116
aaaaapqd_s001_t000,power_line,5.0,naive,1,-0.395494,0.395189,1.562227
aaaaapqv_s001_t000,power_line,5.0,naive,0,-1.186257,0.234878,2.378924
aaaaapta_s001_t000,power_line,5.0,naive,1,1.495943,0.799206,2.038591
aaaaapth_s001_t000,power_line,5.0,naive,1,-0.010173,0.485640,0.405586
aaaaapua_s001_t001,power_line,5.0,naive,0,-2.711183,0.066749,0.373765
aaaaapuu_s001_t000,power_line,5.0,naive,0,-1.406103,0.199250,0.167748
aaaaapvw_s001_t001,power_line,5.0,naive,1,2.163890,0.882822,1.161885
aaaaapvy_s001_t000,power_line,5.0,naive,1,-0.693003,0.329651,1.491825
aaaaapwn_s001_t001,power_line,5.0,naive,0,-0.084637,0.467897,1.697293
aaaaapwo_s001_t001,power_line,5.0,naive,1,7.562700,0.999237,1.217213
aaaaapxm_s001_t001,power_line,5.0,naive,0,-1.266347,0.221408,0.334417
aaaaapys_s001_t001,power_line,5.0,naive,1,10.660822,0.999960,0.621189
aaaaapys_s002_t001,power_line,5.0,naive,1,6.657356,0.998189,4.591067
aaaaaayx_s002_t000,power_line,60.0,canonicalized,0,0.196777,0.535004,1.676685
aaaaabdo_s003_t000,power_line,60.0,canonicalized,1,5.536265,0.994733,1.672445
aaaaabsk_s007_t000,power_line,60.0,canonicalized,1,0.469694,0.598919,1.006757
aaaaabuv_s002_t000,power_line,60.0,canonicalized,1,1.570427,0.810382,0.972388
aaaaacad_s003_t000,power_line,60.0,canonicalized,0,0.919631,0.696521,0.656689
aaaaacby_s004_t000,power_line,60.0,canonicalized,0,-0.631581,0.342745,0.123534
aaaaaddm_s006_t000,power_line,60.0,canonicalized,1,3.401064,0.960883,1.421197
aaaaadeu_s002_t000,power_line,60.0,canonicalized,1,3.103121,0.948665,0.933369
aaaaadjk_s002_t000,power_line,60.0,canonicalized,0,-1.790487,0.147017,0.233163
aaaaadkb_s002_t000,power_line,60.0,canonicalized,1,5.111753,0.992120,4.676083
aaaaadsm_s002_t001,power_line,60.0,canonicalized,0,-2.158257,0.108175,0.340845
aaaaaeab_s003_t000,power_line,60.0,canonicalized,0,-0.366378,0.401856,0.639944
aaaaaejc_s003_t001,power_line,60.0,canonicalized,0,0.667855,0.643426,0.328480
aaaaaezn_s003_t001,power_line,60.0,canonicalized,1,0.835933,0.679360,3.639753
aaaaafhl_s003_t000,power_line,60.0,canonicalized,1,0.401187,0.583101,2.232490
aaaaagfk_s003_t000,power_line,60.0,canonicalized,0,-1.382323,0.202900,0.301045
aaaaagsc_s003_t001,power_line,60.0,canonicalized,1,3.530546,0.965276,7.897908
aaaaagsc_s006_t001,power_line,60.0,canonicalized,1,-0.865215,0.294365,0.454796
aaaaaguk_s002_t001,power_line,60.0,canonicalized,0,-2.467958,0.082764,0.302082
aaaaagvx_s002_t000,power_line,60.0,canonicalized,1,0.587895,0.625716,1.375143
aaaaagvx_s003_t001,power_line,60.0,canonicalized,1,1.077218,0.727372,0.665978
aaaaagyr_s002_t000,power_line,60.0,canonicalized,1,-0.203094,0.439855,0.681439
aaaaahie_s005_t001,power_line,60.0,canonicalized,1,5.304402,0.993436,0.333168
aaaaahsv_s002_t000,power_line,60.0,canonicalized,0,-0.806321,0.306185,1.961616
aaaaahte_s002_t000,power_line,60.0,canonicalized,1,6.391560,0.997667,2.492967
aaaaahte_s003_t000,power_line,60.0,canonicalized,1,5.313580,0.993493,1.616670
aaaaahuy_s002_t000,power_line,60.0,canonicalized,1,-1.597276,0.171702,0.189764
aaaaahzi_s001_t000,power_line,60.0,canonicalized,0,0.299496,0.559312,0.291620
aaaaahzm_s001_t001,power_line,60.0,canonicalized,0,-0.178011,0.445767,0.068391
aaaaahzq_s001_t000,power_line,60.0,canonicalized,0,-3.228023,0.041828,0.588887
aaaaahzs_s001_t001,power_line,60.0,canonicalized,0,0.181203,0.531301,0.382451
aaaaaiae_s001_t000,power_line,60.0,canonicalized,0,0.195676,0.534742,0.607725
aaaaaibx_s001_t000,power_line,60.0,canonicalized,0,-0.682747,0.331820,0.677316
aaaaaiby_s001_t000,power_line,60.0,canonicalized,0,-0.718915,0.324205,1.517080
aaaaaici_s001_t000,power_line,60.0,canonicalized,0,-1.956566,0.128214,3.349642
aaaaaicn_s001_t000,power_line,60.0,canonicalized,0,0.227568,0.542314,0.471419
aaaaaijh_s002_t000,power_line,60.0,canonicalized,1,-3.168485,0.044168,0.403471
aaaaaijn_s001_t001,power_line,60.0,canonicalized,0,-0.884588,0.290536,0.293661
aaaaairb_s001_t001,power_line,60.0,canonicalized,0,1.223044,0.754107,0.270766
aaaaairo_s001_t000,power_line,60.0,canonicalized,0,-1.993734,0.124297,0.892039
aaaaaitt_s001_t000,power_line,60.0,canonicalized,0,-1.512307,0.183555,1.049378
aaaaaiue_s004_t000,power_line,60.0,canonicalized,1,0.691055,0.648495,0.885989
aaaaaiuo_s002_t000,power_line,60.0,canonicalized,0,0.843471,0.680926,0.466435
aaaaaiwz_s001_t001,power_line,60.0,canonicalized,0,-1.333140,0.210605,0.143150
aaaaaiyy_s001_t001,power_line,60.0,canonicalized,0,-1.756102,0.151185,1.398819
aaaaaizd_s001_t001,power_line,60.0,canonicalized,0,-0.027680,0.481464,1.356700
aaaaaizs_s001_t000,power_line,60.0,canonicalized,0,0.687979,0.647824,0.417208
aaaaajae_s001_t001,power_line,60.0,canonicalized,0,2.387430,0.903172,0.914948
aaaaajah_s002_t001,power_line,60.0,canonicalized,1,0.507499,0.607562,0.738969
aaaaajah_s004_t000,power_line,60.0,canonicalized,1,-0.429869,0.387368,1.518512
aaaaajal_s001_t001,power_line,60.0,canonicalized,0,-2.049119,0.118652,0.638122
aaaaajam_s001_t000,power_line,60.0,canonicalized,1,-1.074448,0.254613,0.272766
aaaaajar_s001_t001,power_line,60.0,canonicalized,0,-1.031055,0.262560,0.467578
aaaaajbb_s001_t000,power_line,60.0,canonicalized,0,1.281343,0.764287,1.424507
aaaaajbh_s002_t000,power_line,60.0,canonicalized,0,-1.081961,0.253254,0.323228
aaaaajce_s001_t000,power_line,60.0,canonicalized,0,-0.806678,0.306113,0.467930
aaaaajci_s001_t000,power_line,60.0,canonicalized,0,-0.413301,0.391130,0.145700
aaaaajck_s001_t000,power_line,60.0,canonicalized,0,-1.758267,0.150919,0.473026
aaaaajct_s001_t000,power_line,60.0,canonicalized,0,0.589443,0.626062,0.795383
aaaaajcu_s001_t000,power_line,60.0,canonicalized,0,-0.889827,0.289505,0.832908
aaaaajda_s001_t000,power_line,60.0,canonicalized,0,-2.271083,0.098207,0.502540
aaaaajdb_s001_t000,power_line,60.0,canonicalized,0,-1.153899,0.240479,1.412395
aaaaajdv_s001_t000,power_line,60.0,canonicalized,0,0.642064,0.637754,2.227544
aaaaajdy_s001_t000,power_line,60.0,canonicalized,0,-2.031195,0.120454,0.355879
aaaaajdz_s001_t000,power_line,60.0,canonicalized,0,-0.081027,0.468756,0.570900
aaaaajea_s001_t000,power_line,60.0,canonicalized,0,1.857522,0.848997,1.537704
aaaaajen_s001_t000,power_line,60.0,canonicalized,0,-0.930810,0.281519,0.387181
aaaaajey_s001_t000,power_line,60.0,canonicalized,0,-0.157507,0.450611,0.405706
aaaaajfb_s001_t000,power_line,60.0,canonicalized,0,-2.408072,0.087212,3.021773
aaaaajfe_s001_t000,power_line,60.0,canonicalized,0,-1.324965,0.211906,0.745942
aaaaajff_s001_t000,power_line,60.0,canonicalized,0,-2.351592,0.091603,0.759646
aaaaajfi_s001_t001,power_line,60.0,canonicalized,0,-0.739307,0.319951,0.309313
aaaaajfn_s001_t001,power_line,60.0,canonicalized,0,-1.458885,0.191327,0.695352
aaaaajfy_s001_t000,power_line,60.0,canonicalized,0,-1.749253,0.152026,0.450087
aaaaajga_s001_t001,power_line,60.0,canonicalized,0,1.074885,0.726930,2.336358
aaaaajhy_s001_t000,power_line,60.0,canonicalized,0,-2.487009,0.081392,0.888277
aaaaajit_s001_t001,power_line,60.0,canonicalized,0,-1.803173,0.145504,1.110457
aaaaajiu_s001_t000,power_line,60.0,canonicalized,0,1.726008,0.832175,2.164316
aaaaajiy_s001_t001,power_line,60.0,canonicalized,0,-0.628718,0.343361,0.763545
aaaaajiz_s001_t000,power_line,60.0,canonicalized,0,-0.347097,0.406291,0.867736
aaaaajjb_s001_t001,power_line,60.0,canonicalized,0,-0.336840,0.408657,0.661862
aaaaajje_s001_t000,power_line,60.0,canonicalized,0,-1.329549,0.211175,0.672896
aaaaajjk_s001_t000,power_line,60.0,canonicalized,0,-0.721702,0.323622,1.110294
aaaaajna_s001_t000,power_line,60.0,canonicalized,0,-2.293050,0.096365,0.583906
aaaaajnu_s001_t000,power_line,60.0,canonicalized,0,-2.203813,0.104048,0.852397
aaaaajon_s001_t000,power_line,60.0,canonicalized,0,-0.443546,0.384272,2.451046
aaaaajoo_s002_t001,power_line,60.0,canonicalized,1,-0.089579,0.466722,0.343835
aaaaajpg_s001_t001,power_line,60.0,canonicalized,0,-1.480513,0.188151,0.528863
aaaaajqh_s004_t000,power_line,60.0,canonicalized,1,5.806327,0.995926,1.960129
aaaaajqk_s003_t001,power_line,60.0,canonicalized,1,2.992123,0.943248,1.005973
aaaaajrf_s001_t000,power_line,60.0,canonicalized,1,9.211311,0.999842,3.113601
aaaaajrf_s002_t000,power_line,60.0,canonicalized,1,11.770710,0.999986,1.974998
aaaaajrf_s003_t002,power_line,60.0,canonicalized,1,9.743349,0.999905,4.455521
aaaaajrf_s004_t000,power_line,60.0,canonicalized,1,2.343515,0.899441,0.431403
aaaaajso_s001_t000,power_line,60.0,canonicalized,1,6.362679,0.997602,1.122639
aaaaajtg_s001_t000,power_line,60.0,canonicalized,0,-0.190268,0.442876,2.168659
aaaaajtu_s001_t000,power_line,60.0,canonicalized,0,-0.154676,0.451280,0.597118
aaaaajuh_s001_t000,power_line,60.0,canonicalized,1,5.207565,0.992804,6.124807
aaaaajun_s001_t000,power_line,60.0,canonicalized,0,1.872802,0.850859,0.757376
aaaaajvh_s001_t001,power_line,60.0,canonicalized,0,-0.000964,0.487838,1.234229
aaaaajxp_s001_t000,power_line,60.0,canonicalized,0,-0.411107,0.391630,0.481588
aaaaakck_s001_t001,power_line,60.0,canonicalized,1,1.550682,0.807466,0.324076
aaaaakcx_s001_t001,power_line,60.0,canonicalized,1,6.860291,0.998508,3.048576
aaaaakcy_s005_t001,power_line,60.0,canonicalized,1,7.785404,0.999383,3.664675
aaaaakdj_s001_t000,power_line,60.0,canonicalized,1,1.442379,0.790868,0.716756
aaaaakdo_s001_t000,power_line,60.0,canonicalized,1,0.570772,0.621877,1.417501
aaaaakeq_s001_t000,power_line,60.0,canonicalized,1,2.951842,0.941153,3.011360
aaaaakeq_s002_t000,power_line,60.0,canonicalized,1,2.287195,0.894469,1.198994
aaaaakeq_s003_t000,power_line,60.0,canonicalized,1,3.137424,0.950237,3.927920
aaaaakev_s001_t001,power_line,60.0,canonicalized,1,10.715775,0.999962,11.895875
aaaaakev_s002_t000,power_line,60.0,canonicalized,1,10.029624,0.999928,4.759511
aaaaakft_s001_t000,power_line,60.0,canonicalized,0,-1.630844,0.167189,0.741811
aaaaakgp_s001_t001,power_line,60.0,canonicalized,0,0.871720,0.686761,1.845350
aaaaakgu_s001_t000,power_line,60.0,canonicalized,1,-0.704806,0.327165,0.160888
aaaaakjk_s002_t002,power_line,60.0,canonicalized,1,2.454194,0.908608,0.448835
aaaaakjk_s003_t000,power_line,60.0,canonicalized,1,1.538694,0.805680,1.238876
aaaaakka_s001_t001,power_line,60.0,canonicalized,0,-0.949947,0.277836,0.672844
aaaaakmg_s003_t001,power_line,60.0,canonicalized,1,5.329427,0.993590,0.518325
aaaaakmh_s001_t000,power_line,60.0,canonicalized,1,0.329987,0.566479,2.530026
aaaaaknt_s001_t000,power_line,60.0,canonicalized,1,1.062954,0.724662,1.539593
aaaaakoo_s001_t001,power_line,60.0,canonicalized,1,9.787121,0.999909,2.803272
aaaaakqg_s001_t001,power_line,60.0,canonicalized,0,-0.612828,0.346792,0.919548
aaaaakqr_s001_t000,power_line,60.0,canonicalized,0,-1.103967,0.249299,0.530500
aaaaakrt_s001_t001,power_line,60.0,canonicalized,1,4.129564,0.980106,0.443842
aaaaakrt_s002_t001,power_line,60.0,canonicalized,1,4.320572,0.983369,2.463457
aaaaaksb_s001_t000,power_line,60.0,canonicalized,0,-1.751290,0.151775,0.382887
aaaaaksu_s001_t001,power_line,60.0,canonicalized,0,0.036775,0.496849,0.673358
aaaaakxz_s001_t001,power_line,60.0,canonicalized,1,0.930666,0.698745,0.292449
aaaaakxz_s002_t001,power_line,60.0,canonicalized,1,3.820036,0.973443,2.072464
aaaaalaf_s001_t000,power_line,60.0,canonicalized,0,-1.310014,0.214301,0.321339
aaaaalau_s001_t000,power_line,60.0,canonicalized,1,1.827467,0.845279,0.840946
aaaaalbh_s001_t000,power_line,60.0,canonicalized,1,2.896670,0.938165,6.389250
aaaaalbt_s001_t001,power_line,60.0,canonicalized,0,-0.696232,0.328970,0.563892
aaaaalbt_s002_t000,power_line,60.0,canonicalized,0,-1.216989,0.229643,1.585718
aaaaalbz_s006_t000,power_line,60.0,canonicalized,1,8.160794,0.999569,4.597486
aaaaalid_s001_t001,power_line,60.0,canonicalized,0,2.594834,0.919169,1.787225
aaaaaljf_s001_t000,power_line,60.0,canonicalized,1,2.388243,0.903240,1.166618
aaaaaljj_s001_t000,power_line,60.0,canonicalized,0,-1.774533,0.148939,1.268404
aaaaallc_s001_t001,power_line,60.0,canonicalized,0,0.372075,0.576326,1.271988
aaaaalle_s002_t000,power_line,60.0,canonicalized,1,1.667145,0.824174,0.434982
aaaaalox_s001_t001,power_line,60.0,canonicalized,0,2.824847,0.934063,3.945383
aaaaalpv_s001_t000,power_line,60.0,canonicalized,0,0.544164,0.615882,1.265230
aaaaalqa_s001_t000,power_line,60.0,canonicalized,0,-0.803116,0.306836,1.296655
aaaaalqr_s001_t001,power_line,60.0,canonicalized,1,1.512217,0.801689,0.074903
aaaaalqs_s001_t001,power_line,60.0,canonicalized,0,-1.471608,0.189454,0.504011
aaaaalqx_s001_t000,power_line,60.0,canonicalized,0,-2.031103,0.120463,1.456966
aaaaalrc_s002_t000,power_line,60.0,canonicalized,1,15.205126,0.999999,2.387384
aaaaalsq_s001_t000,power_line,60.0,canonicalized,0,0.905600,0.693681,0.246211
aaaaalsx_s001_t000,power_line,60.0,canonicalized,1,-0.238001,0.431656,0.286698
aaaaalsx_s004_t001,power_line,60.0,canonicalized,1,0.283571,0.555559,0.194823
aaaaaluz_s001_t001,power_line,60.0,canonicalized,0,-0.882501,0.290947,0.267556
aaaaalvw_s001_t000,power_line,60.0,canonicalized,0,-2.935810,0.054562,0.480700
aaaaalvz_s001_t000,power_line,60.0,canonicalized,1,9.033675,0.999813,1.214036
aaaaalxk_s001_t000,power_line,60.0,canonicalized,0,0.542808,0.615575,0.573871
aaaaalyr_s001_t000,power_line,60.0,canonicalized,1,0.704129,0.651336,0.249613
aaaaalzk_s002_t001,power_line,60.0,canonicalized,1,8.157904,0.999568,6.250992
aaaaamcb_s001_t001,power_line,60.0,canonicalized,1,6.412725,0.997713,1.639152
aaaaamfe_s001_t001,power_line,60.0,canonicalized,0,0.922737,0.697148,0.780573
aaaaamft_s001_t001,power_line,60.0,canonicalized,1,2.806932,0.933001,0.327878
aaaaamfu_s001_t000,power_line,60.0,canonicalized,0,-0.675510,0.333355,0.443448
aaaaamhi_s001_t000,power_line,60.0,canonicalized,1,6.904135,0.998569,5.034593
aaaaamhk_s001_t000,power_line,60.0,canonicalized,1,2.423067,0.906109,0.352535
aaaaamjc_s001_t001,power_line,60.0,canonicalized,1,6.808711,0.998432,2.897653
aaaaammh_s001_t001,power_line,60.0,canonicalized,1,1.242207,0.757486,0.821686
aaaaamnq_s001_t000,power_line,60.0,canonicalized,1,4.898812,0.990360,6.934438
aaaaamnq_s002_t000,power_line,60.0,canonicalized,1,3.710646,0.970604,1.478015
aaaaamon_s001_t000,power_line,60.0,canonicalized,0,0.295168,0.558293,2.293517
aaaaampz_s001_t000,power_line,60.0,canonicalized,1,-0.249592,0.428941,1.781989
aaaaamrj_s001_t000,power_line,60.0,canonicalized,0,0.048111,0.499556,0.216372
aaaaamsc_s001_t000,power_line,60.0,canonicalized,1,3.510232,0.964620,0.290055
aaaaamtb_s001_t000,power_line,60.0,canonicalized,0,3.015491,0.944431,1.483680
aaaaamuc_s001_t000,power_line,60.0,canonicalized,0,-0.920809,0.283456,0.226022
aaaaamxn_s001_t000,power_line,60.0,canonicalized,1,0.824114,0.676895,0.245976
aaaaamyb_s001_t001,power_line,60.0,canonicalized,0,-1.124168,0.245705,1.719346
aaaaamye_s001_t000,power_line,60.0,canonicalized,1,8.675212,0.999736,3.165172
aaaaamzi_s001_t001,power_line,60.0,canonicalized,1,6.011213,0.996648,6.410685
aaaaamzl_s001_t000,power_line,60.0,canonicalized,0,-1.361416,0.206149,0.207528
aaaaamzx_s001_t000,power_line,60.0,canonicalized,0,-2.248092,0.100170,1.449932
aaaaanbq_s001_t000,power_line,60.0,canonicalized,0,-0.685836,0.331166,0.602012
aaaaanek_s001_t000,power_line,60.0,canonicalized,0,-2.096083,0.114040,0.261179
aaaaangp_s001_t000,power_line,60.0,canonicalized,0,-0.501535,0.371251,0.382665
aaaaanhb_s001_t003,power_line,60.0,canonicalized,1,3.573946,0.966640,3.738393
aaaaanhb_s003_t001,power_line,60.0,canonicalized,1,2.994129,0.943351,1.029803
aaaaanhb_s005_t000,power_line,60.0,canonicalized,1,3.869607,0.974640,2.093148
aaaaankf_s001_t000,power_line,60.0,canonicalized,1,4.267340,0.982516,0.842822
aaaaanlp_s001_t000,power_line,60.0,canonicalized,0,-0.496281,0.372424,0.631474
aaaaanmc_s001_t000,power_line,60.0,canonicalized,1,4.817304,0.989587,5.295216
aaaaanop_s001_t000,power_line,60.0,canonicalized,0,0.316109,0.563221,2.428050
aaaaanoz_s001_t000,power_line,60.0,canonicalized,1,-1.007205,0.266996,0.623701
aaaaanpr_s001_t002,power_line,60.0,canonicalized,1,1.505592,0.800681,1.474545
aaaaanqe_s001_t000,power_line,60.0,canonicalized,0,-1.699636,0.158238,0.786785
aaaaanro_s001_t000,power_line,60.0,canonicalized,1,3.064039,0.946816,1.769284
aaaaansj_s001_t000,power_line,60.0,canonicalized,1,1.689878,0.827299,2.248276
aaaaanta_s001_t000,power_line,60.0,canonicalized,1,5.229345,0.992951,5.376653
aaaaanum_s001_t000,power_line,60.0,canonicalized,0,-0.142524,0.454157,0.557825
aaaaanvb_s002_t000,power_line,60.0,canonicalized,0,-0.780432,0.311464,0.468732
aaaaanvg_s001_t002,power_line,60.0,canonicalized,0,2.044007,0.870446,0.782411
aaaaanvw_s001_t000,power_line,60.0,canonicalized,0,-1.946166,0.129328,1.026636
aaaaanwc_s001_t001,power_line,60.0,canonicalized,1,4.284210,0.982791,14.930355
aaaaanxl_s001_t000,power_line,60.0,canonicalized,1,4.589043,0.987083,3.886563
aaaaanyb_s001_t001,power_line,60.0,canonicalized,0,-0.731412,0.321594,0.049524
aaaaanyt_s002_t000,power_line,60.0,canonicalized,1,5.126734,0.992231,3.301948
aaaaanyw_s001_t000,power_line,60.0,canonicalized,1,2.712023,0.927106,0.435099
aaaaanyw_s002_t000,power_line,60.0,canonicalized,1,3.299204,0.957057,3.662920
aaaaanzh_s001_t000,power_line,60.0,canonicalized,1,-0.210997,0.437995,1.243401
aaaaanzu_s001_t003,power_line,60.0,canonicalized,1,2.771868,0.930876,1.743389
aaaaaoav_s001_t000,power_line,60.0,canonicalized,0,-0.571669,0.355752,0.521555
aaaaaoav_s002_t000,power_line,60.0,canonicalized,0,-1.174915,0.236831,0.669376
aaaaaobi_s001_t000,power_line,60.0,canonicalized,1,-0.103940,0.463308,0.518361
aaaaaobl_s001_t000,power_line,60.0,canonicalized,0,-1.254410,0.223381,0.826463
aaaaaoby_s001_t000,power_line,60.0,canonicalized,0,-0.203737,0.439703,1.522145
aaaaaoda_s001_t000,power_line,60.0,canonicalized,1,6.778942,0.998387,2.321658
aaaaaoeg_s001_t000,power_line,60.0,canonicalized,0,-0.535323,0.363749,0.303481
aaaaaofj_s001_t000,power_line,60.0,canonicalized,0,-0.259117,0.426714,1.271201
aaaaaofr_s001_t000,power_line,60.0,canonicalized,0,1.312420,0.769594,1.007099
aaaaaofz_s001_t000,power_line,60.0,canonicalized,0,-0.433260,0.386599,0.922516
aaaaaohb_s001_t000,power_line,60.0,canonicalized,1,4.304584,0.983117,0.548183
aaaaaohr_s002_t001,power_line,60.0,canonicalized,1,4.523572,0.986260,0.966139
aaaaaoiq_s001_t000,power_line,60.0,canonicalized,1,1.085238,0.728889,0.596524
aaaaaoiv_s001_t000,power_line,60.0,canonicalized,1,-0.049850,0.476179,0.327761
aaaaaoiv_s002_t001,power_line,60.0,canonicalized,1,8.528102,0.999696,1.619286
aaaaaoiv_s003_t003,power_line,60.0,canonicalized,1,7.879953,0.999436,1.151337
aaaaaojd_s001_t002,power_line,60.0,canonicalized,0,-0.146328,0.453256,1.374977
aaaaaokg_s001_t000,power_line,60.0,canonicalized,0,2.806750,0.932990,4.486696
aaaaaoly_s001_t000,power_line,60.0,canonicalized,0,-0.950712,0.277689,5.486883
aaaaaome_s001_t000,power_line,60.0,canonicalized,0,-1.107225,0.248717,0.361197
aaaaaomx_s001_t000,power_line,60.0,canonicalized,0,-0.713658,0.325306,0.281561
aaaaaomy_s001_t000,power_line,60.0,canonicalized,1,4.063489,0.978837,10.813968
aaaaaonb_s001_t000,power_line,60.0,canonicalized,0,0.198290,0.535363,0.481329
aaaaaons_s002_t002,power_line,60.0,canonicalized,1,2.293805,0.895063,0.295421
aaaaaopd_s001_t000,power_line,60.0,canonicalized,0,-2.385121,0.088973,2.034330
aaaaaopo_s001_t000,power_line,60.0,canonicalized,0,-0.760828,0.315495,0.902001
aaaaaora_s002_t000,power_line,60.0,canonicalized,1,1.604445,0.815325,0.782468
aaaaaord_s001_t000,power_line,60.0,canonicalized,1,1.024965,0.717362,0.747608
aaaaaosh_s001_t000,power_line,60.0,canonicalized,1,0.222009,0.540995,0.325348
aaaaaosw_s001_t000,power_line,60.0,canonicalized,0,0.083873,0.508096,2.465826
aaaaaote_s001_t000,power_line,60.0,canonicalized,0,-0.425162,0.388435,1.090947
aaaaaout_s001_t000,power_line,60.0,canonicalized,1,2.038784,0.869882,2.756393
aaaaaovl_s001_t000,power_line,60.0,canonicalized,1,4.943151,0.990756,0.639823
aaaaaovo_s001_t000,power_line,60.0,canonicalized,1,7.629537,0.999284,2.727165
aaaaaowb_s001_t000,power_line,60.0,canonicalized,0,-0.685663,0.331203,2.530867
aaaaaoxf_s001_t000,power_line,60.0,canonicalized,0,-0.918074,0.283987,0.356015
aaaaaozf_s001_t001,power_line,60.0,canonicalized,0,-0.278391,0.422216,2.130562
aaaaapag_s001_t000,power_line,60.0,canonicalized,0,-1.420487,0.197067,2.724838
aaaaapar_s001_t000,power_line,60.0,canonicalized,1,12.994556,0.999996,1.416118
aaaaapcb_s001_t000,power_line,60.0,canonicalized,0,0.572138,0.622184,0.314801
aaaaapcy_s001_t002,power_line,60.0,canonicalized,0,-1.240174,0.225749,0.955664
aaaaapdg_s001_t000,power_line,60.0,canonicalized,0,-1.187623,0.234644,0.113258
aaaaaphs_s001_t000,power_line,60.0,canonicalized,1,4.069084,0.978948,0.763752
aaaaaphw_s001_t000,power_line,60.0,canonicalized,0,2.044832,0.870534,0.856951
aaaaapij_s001_t000,power_line,60.0,canonicalized,0,-0.305895,0.415820,0.397971
aaaaapjc_s001_t001,power_line,60.0,canonicalized,0,-2.771235,0.063263,0.557429
aaaaapka_s001_t000,power_line,60.0,canonicalized,0,-0.938076,0.280117,0.716603
aaaaapkx_s001_t001,power_line,60.0,canonicalized,1,-0.884904,0.290474,2.896788
aaaaaply_s001_t001,power_line,60.0,canonicalized,1,4.295078,0.982966,4.203735
aaaaapmb_s002_t001,power_line,60.0,canonicalized,1,1.392668,0.782906,0.225047
aaaaapmp_s001_t000,power_line,60.0,canonicalized,1,0.666758,0.643186,0.294005
aaaaapnr_s001_t000,power_line,60.0,canonicalized,1,-1.249186,0.224247,1.225858
aaaaapoc_s001_t000,power_line,60.0,canonicalized,1,4.402078,0.984595,0.960108
aaaaapof_s001_t000,power_line,60.0,canonicalized,0,-1.513086,0.183444,0.739653
aaaaapoo_s001_t000,power_line,60.0,canonicalized,0,-1.224272,0.228415,3.167421
aaaaapoq_s001_t000,power_line,60.0,canonicalized,0,2.212158,0.887508,0.675470
aaaaappb_s001_t000,power_line,60.0,canonicalized,0,-0.662924,0.336032,0.561912
aaaaapqd_s001_t000,power_line,60.0,canonicalized,1,0.080559,0.507305,0.658082
aaaaapqv_s001_t000,power_line,60.0,canonicalized,0,-1.146665,0.241743,3.387316
aaaaapta_s001_t000,power_line,60.0,canonicalized,1,3.320769,0.957896,3.876555
aaaaapth_s001_t000,power_line,60.0,canonicalized,1,0.983605,0.709283,1.037639
aaaaapua_s001_t001,power_line,60.0,canonicalized,0,-2.988917,0.052003,0.351272
aaaaapuu_s001_t000,power_line,60.0,canonicalized,0,-1.359689,0.206419,0.211383
aaaaapvw_s001_t001,power_line,60.0,canonicalized,1,3.768960,0.972152,1.209477
aaaaapvy_s001_t000,power_line,60.0,canonicalized,1,1.293699,0.766407,1.910392
aaaaapwn_s001_t001,power_line,60.0,canonicalized,0,0.144503,0.522562,2.757813
aaaaapwo_s001_t001,power_line,60.0,canonicalized,1,7.954676,0.999475,0.567891
aaaaapxm_s001_t001,power_line,60.0,canonicalized,0,-1.330969,0.210950,0.235007
aaaaapys_s001_t001,power_line,60.0,canonicalized,1,12.716328,0.999994,0.553575
aaaaapys_s002_t001,power_line,60.0,canonicalized,1,9.050880,0.999816,2.933801
aaaaaayx_s002_t000,power_line,60.0,naive,0,-6.304230,0.002305,3.212159
aaaaabdo_s003_t000,power_line,60.0,naive,1,-3.074569,0.048114,10.697803
aaaaabsk_s007_t000,power_line,60.0,naive,1,-8.452196,0.000297,1.450078
aaaaabuv_s002_t000,power_line,60.0,naive,1,-6.147382,0.002677,0.708214
aaaaacad_s003_t000,power_line,60.0,naive,0,-0.483996,0.375171,0.183240
aaaaacby_s004_t000,power_line,60.0,naive,0,-5.184814,0.006688,0.357259
aaaaaddm_s006_t000,power_line,60.0,naive,1,-5.009782,0.007895,1.366768
aaaaadeu_s002_t000,power_line,60.0,naive,1,-5.422156,0.005338,0.577590
aaaaadjk_s002_t000,power_line,60.0,naive,0,-5.507146,0.004924,0.104353
aaaaadkb_s002_t000,power_line,60.0,naive,1,-2.800286,0.061638,2.761610
aaaaadsm_s002_t001,power_line,60.0,naive,0,-5.354191,0.005694,0.462175
aaaaaeab_s003_t000,power_line,60.0,naive,0,-7.320925,0.000874,0.553144
aaaaaejc_s003_t001,power_line,60.0,naive,0,-7.630773,0.000650,0.211894
aaaaaezn_s003_t001,power_line,60.0,naive,1,-7.357004,0.000845,5.330346
aaaaafhl_s003_t000,power_line,60.0,naive,1,-3.122595,0.046056,1.022190
aaaaagfk_s003_t000,power_line,60.0,naive,0,-5.677494,0.004188,0.637081
aaaaagsc_s003_t001,power_line,60.0,naive,1,-4.324735,0.015081,3.007503
aaaaagsc_s006_t001,power_line,60.0,naive,1,-7.076698,0.001104,0.313013
aaaaaguk_s002_t001,power_line,60.0,naive,0,-8.278048,0.000351,1.313947
aaaaagvx_s002_t000,power_line,60.0,naive,1,-6.780642,0.001464,0.178865
aaaaagvx_s003_t001,power_line,60.0,naive,1,-7.754437,0.000578,0.676058
aaaaagyr_s002_t000,power_line,60.0,naive,1,-5.974001,0.003158,0.408825
aaaaahie_s005_t001,power_line,60.0,naive,1,-2.294754,0.096223,0.460897
aaaaahsv_s002_t000,power_line,60.0,naive,0,-7.932683,0.000487,0.485496
aaaaahte_s002_t000,power_line,60.0,naive,1,-5.753488,0.003895,4.310326
aaaaahte_s003_t000,power_line,60.0,naive,1,-2.753932,0.064250,0.288734
aaaaahuy_s002_t000,power_line,60.0,naive,1,-8.588942,0.000260,0.430942
aaaaahzi_s001_t000,power_line,60.0,naive,0,-6.625524,0.001697,0.147303
aaaaahzm_s001_t001,power_line,60.0,naive,0,-1.370980,0.204658,0.266998
aaaaahzq_s001_t000,power_line,60.0,naive,0,-10.198074,0.000056,0.783613
aaaaahzs_s001_t001,power_line,60.0,naive,0,-7.204079,0.000977,1.337552
aaaaaiae_s001_t000,power_line,60.0,naive,0,-2.929964,0.054851,1.767796
aaaaaibx_s001_t000,power_line,60.0,naive,0,-5.574376,0.004619,1.763327
aaaaaiby_s001_t000,power_line,60.0,naive,0,-7.226258,0.000957,0.974250
aaaaaici_s001_t000,power_line,60.0,naive,0,-8.389977,0.000315,0.308929
aaaaaicn_s001_t000,power_line,60.0,naive,0,-6.459145,0.001989,0.293082
aaaaaijh_s002_t000,power_line,60.0,naive,1,-6.920835,0.001281,0.450182
aaaaaijn_s001_t001,power_line,60.0,naive,0,-5.104793,0.007215,0.318417
aaaaairb_s001_t001,power_line,60.0,naive,0,-6.142261,0.002690,1.919073
aaaaairo_s001_t000,power_line,60.0,naive,0,-3.720442,0.026548,2.161891
aaaaaitt_s001_t000,power_line,60.0,naive,0,-6.585605,0.001763,1.722225
aaaaaiue_s004_t000,power_line,60.0,naive,1,-6.835630,0.001389,0.220375
aaaaaiuo_s002_t000,power_line,60.0,naive,0,-6.694062,0.001590,2.028070
aaaaaiwz_s001_t001,power_line,60.0,naive,0,-5.681237,0.004173,2.260816
aaaaaiyy_s001_t001,power_line,60.0,naive,0,-7.557075,0.000698,1.633080
aaaaaizd_s001_t001,power_line,60.0,naive,0,-7.759476,0.000575,0.731448
aaaaaizs_s001_t000,power_line,60.0,naive,0,-4.470021,0.013152,3.314970
aaaaajae_s001_t001,power_line,60.0,naive,0,-2.949489,0.053892,3.271594
aaaaajah_s002_t001,power_line,60.0,naive,1,-4.901868,0.008745,1.929338
aaaaajah_s004_t000,power_line,60.0,naive,1,-7.025451,0.001159,1.588695
aaaaajal_s001_t001,power_line,60.0,naive,0,-7.584818,0.000679,0.542509
aaaaajam_s001_t000,power_line,60.0,naive,1,-6.700451,0.001580,0.357469
aaaaajar_s001_t001,power_line,60.0,naive,0,-6.512110,0.001891,0.380859
aaaaajbb_s001_t000,power_line,60.0,naive,0,-6.862720,0.001354,0.161383
aaaaajbh_s002_t000,power_line,60.0,naive,0,-3.046134,0.049373,0.668976
aaaaajce_s001_t000,power_line,60.0,naive,0,-4.359393,0.014597,1.786675
aaaaajci_s001_t000,power_line,60.0,naive,0,-6.957515,0.001236,0.813059
aaaaajck_s001_t000,power_line,60.0,naive,0,-6.262894,0.002398,0.240145
aaaaajct_s001_t000,power_line,60.0,naive,0,-5.423088,0.005333,0.476893
aaaaajcu_s001_t000,power_line,60.0,naive,0,-4.781988,0.009796,1.540869
aaaaajda_s001_t000,power_line,60.0,naive,0,-6.327219,0.002255,0.884962
aaaaajdb_s001_t000,power_line,60.0,naive,0,-4.354837,0.014659,2.084558
aaaaajdv_s001_t000,power_line,60.0,naive,0,-5.133220,0.007023,1.799330
aaaaajdy_s001_t000,power_line,60.0,naive,0,-8.842824,0.000204,1.490479
aaaaajdz_s001_t000,power_line,60.0,naive,0,-5.955265,0.003215,1.231490
aaaaajea_s001_t000,power_line,60.0,naive,0,-8.189205,0.000382,1.684295
aaaaajen_s001_t000,power_line,60.0,naive,0,-6.509775,0.001895,0.158598
aaaaajey_s001_t000,power_line,60.0,naive,0,-5.540469,0.004770,0.225024
aaaaajfb_s001_t000,power_line,60.0,naive,0,-6.758128,0.001496,1.066602
aaaaajfe_s001_t000,power_line,60.0,naive,0,-6.755812,0.001499,3.167077
aaaaajff_s001_t000,power_line,60.0,naive,0,-6.828986,0.001398,0.977718
aaaaajfi_s001_t001,power_line,60.0,naive,0,-5.471209,0.005095,0.645033
aaaaajfn_s001_t001,power_line,60.0,naive,0,-5.693640,0.004124,0.676292
aaaaajfy_s001_t000,power_line,60.0,naive,0,-7.736112,0.000588,0.376856
aaaaajga_s001_t001,power_line,60.0,naive,0,-7.415031,0.000799,0.999596
aaaaajhy_s001_t000,power_line,60.0,naive,0,-6.878281,0.001334,0.470754
aaaaajit_s001_t001,power_line,60.0,naive,0,-5.787534,0.003771,0.631349
aaaaajiu_s001_t000,power_line,60.0,naive,0,-5.802108,0.003719,2.170861
aaaaajiy_s001_t001,power_line,60.0,naive,0,-5.338140,0.005782,0.233982
aaaaajiz_s001_t000,power_line,60.0,naive,0,-5.322355,0.005869,4.314527
aaaaajjb_s001_t001,power_line,60.0,naive,0,-5.348703,0.005724,1.888053
aaaaajje_s001_t000,power_line,60.0,naive,0,-6.518801,0.001879,1.388476
aaaaajjk_s001_t000,power_line,60.0,naive,0,-6.467634,0.001973,3.946004
aaaaajna_s001_t000,power_line,60.0,naive,0,-7.329450,0.000867,1.351817
aaaaajnu_s001_t000,power_line,60.0,naive,0,-4.127043,0.018158,2.783709
aaaaajon_s001_t000,power_line,60.0,naive,0,-5.976312,0.003151,0.515633
aaaaajoo_s002_t001,power_line,60.0,naive,1,-4.744416,0.010150,0.589977
aaaaajpg_s001_t001,power_line,60.0,naive,0,-7.905912,0.000500,0.296121
aaaaajqh_s004_t000,power_line,60.0,naive,1,-5.954924,0.003216,0.588297
aaaaajqk_s003_t001,power_line,60.0,naive,1,-8.080394,0.000423,0.177413
aaaaajrf_s001_t000,power_line,60.0,naive,1,1.163096,0.743334,1.917105
aaaaajrf_s002_t000,power_line,60.0,naive,1,0.796142,0.671024,2.384007
aaaaajrf_s003_t002,power_line,60.0,naive,1,-3.782826,0.025051,1.642510
aaaaajrf_s004_t000,power_line,60.0,naive,1,-4.450880,0.013391,1.173266
aaaaajso_s001_t000,power_line,60.0,naive,1,-5.621634,0.004416,1.553726
aaaaajtg_s001_t000,power_line,60.0,naive,0,-4.731392,0.010276,0.989059
aaaaajtu_s001_t000,power_line,60.0,naive,0,-6.654441,0.001651,0.625205
aaaaajuh_s001_t000,power_line,60.0,naive,1,-4.263381,0.015976,2.921676
aaaaajun_s001_t000,power_line,60.0,naive,0,-6.356983,0.002192,0.655106
aaaaajvh_s001_t001,power_line,60.0,naive,0,-5.395447,0.005475,0.256759
aaaaajxp_s001_t000,power_line,60.0,naive,0,-5.056369,0.007554,1.991843
aaaaakck_s001_t001,power_line,60.0,naive,1,-7.234110,0.000950,0.456541
aaaaakcx_s001_t001,power_line,60.0,naive,1,-4.682861,0.010758,1.124256
aaaaakcy_s005_t001,power_line,60.0,naive,1,-2.231347,0.101621,3.134541
aaaaakdj_s001_t000,power_line,60.0,naive,1,-6.345798,0.002216,0.560612
aaaaakdo_s001_t000,power_line,60.0,naive,1,-8.201715,0.000377,0.104478
aaaaakeq_s001_t000,power_line,60.0,naive,1,-5.773959,0.003820,2.609020
aaaaakeq_s002_t000,power_line,60.0,naive,1,-4.547049,0.012230,2.477432
aaaaakeq_s003_t000,power_line,60.0,naive,1,-5.011068,0.007886,3.575910
aaaaakev_s001_t001,power_line,60.0,naive,1,-2.308365,0.095098,2.784442
aaaaakev_s002_t000,power_line,60.0,naive,1,-4.281863,0.015701,2.374089
aaaaakft_s001_t000,power_line,60.0,naive,0,-8.455239,0.000296,0.342825
aaaaakgp_s001_t001,power_line,60.0,naive,0,-2.975488,0.052639,4.403618
aaaaakgu_s001_t000,power_line,60.0,naive,1,-7.514242,0.000727,2.015493
aaaaakjk_s002_t002,power_line,60.0,naive,1,-5.126944,0.007065,6.191895
aaaaakjk_s003_t000,power_line,60.0,naive,1,-5.887157,0.003430,1.523000
aaaaakka_s001_t001,power_line,60.0,naive,0,-5.406054,0.005420,0.907866
aaaaakmg_s003_t001,power_line,60.0,naive,1,-1.481426,0.188018,0.062037
aaaaakmh_s001_t000,power_line,60.0,naive,1,-7.800547,0.000553,0.566772
aaaaaknt_s001_t000,power_line,60.0,naive,1,-6.762187,0.001490,0.586395
aaaaakoo_s001_t001,power_line,60.0,naive,1,-2.770253,0.063319,0.545814
aaaaakqg_s001_t001,power_line,60.0,naive,0,-7.677801,0.000622,0.268451
aaaaakqr_s001_t000,power_line,60.0,naive,0,-5.426727,0.005315,1.867193
aaaaakrt_s001_t001,power_line,60.0,naive,1,-7.020472,0.001164,0.211820
aaaaakrt_s002_t001,power_line,60.0,naive,1,-5.550464,0.004725,1.287217
aaaaaksb_s001_t000,power_line,60.0,naive,0,-7.581263,0.000682,1.929966
aaaaaksu_s001_t001,power_line,60.0,naive,0,-6.751519,0.001505,2.635690
aaaaakxz_s001_t001,power_line,60.0,naive,1,-1.301847,0.215617,0.325531
aaaaakxz_s002_t001,power_line,60.0,naive,1,-6.271024,0.002380,2.806773
aaaaalaf_s001_t000,power_line,60.0,naive,0,-7.636790,0.000647,0.416189
aaaaalau_s001_t000,power_line,60.0,naive,1,-6.627901,0.001693,1.768090
aaaaalbh_s001_t000,power_line,60.0,naive,1,-5.969132,0.003173,0.493159
aaaaalbt_s001_t001,power_line,60.0,naive,0,-8.090313,0.000419,0.324596
aaaaalbt_s002_t000,power_line,60.0,naive,0,-5.235528,0.006373,0.286316
aaaaalbz_s006_t000,power_line,60.0,naive,1,-4.469528,0.013158,1.867221
aaaaalid_s001_t001,power_line,60.0,naive,0,-3.775234,0.025229,1.903799
aaaaaljf_s001_t000,power_line,60.0,naive,1,-5.834306,0.003607,0.386700
aaaaaljj_s001_t000,power_line,60.0,naive,0,-3.214869,0.042334,4.157002
aaaaallc_s001_t001,power_line,60.0,naive,0,-6.760645,0.001492,0.956375
aaaaalle_s002_t000,power_line,60.0,naive,1,-4.839692,0.009275,3.911170
aaaaalox_s001_t001,power_line,60.0,naive,0,-7.221651,0.000961,2.095756
aaaaalpv_s001_t000,power_line,60.0,naive,0,-6.780669,0.001464,0.570003
aaaaalqa_s001_t000,power_line,60.0,naive,0,-7.398947,0.000811,0.987056
aaaaalqr_s001_t001,power_line,60.0,naive,1,-4.090642,0.018789,0.300753
aaaaalqs_s001_t001,power_line,60.0,naive,0,-4.529952,0.012429,0.472380
aaaaalqx_s001_t000,power_line,60.0,naive,0,-6.299793,0.002315,0.809657
aaaaalrc_s002_t000,power_line,60.0,naive,1,0.291743,0.557486,1.180372
aaaaalsq_s001_t000,power_line,60.0,naive,0,-6.936108,0.001262,0.554470
aaaaalsx_s001_t000,power_line,60.0,naive,1,-5.716134,0.004036,1.600187
aaaaalsx_s004_t001,power_line,60.0,naive,1,-1.677011,0.161138,0.621673
aaaaaluz_s001_t001,power_line,60.0,naive,0,-9.144093,0.000153,0.247448
aaaaalvw_s001_t000,power_line,60.0,naive,0,-7.466254,0.000761,0.440756
aaaaalvz_s001_t000,power_line,60.0,naive,1,-0.354595,0.404565,3.518201
aaaaalxk_s001_t000,power_line,60.0,naive,0,-6.053176,0.002928,0.280486
aaaaalyr_s001_t000,power_line,60.0,naive,1,-7.465201,0.000762,1.171715
aaaaalzk_s002_t001,power_line,60.0,naive,1,-3.998832,0.020476,1.742362
aaaaamcb_s001_t001,power_line,60.0,naive,1,-5.251373,0.006278,0.280479
aaaaamfe_s001_t001,power_line,60.0,naive,0,-4.629181,0.011318,2.322330
aaaaamft_s001_t001,power_line,60.0,naive,1,-1.907044,0.133595,0.016006
aaaaamfu_s001_t000,power_line,60.0,naive,0,-4.992271,0.008027,1.044508
aaaaamhi_s001_t000,power_line,60.0,naive,1,-2.921444,0.055274,3.194212
aaaaamhk_s001_t000,power_line,60.0,naive,1,-5.850390,0.003552,0.300580
aaaaamjc_s001_t001,power_line,60.0,naive,1,-7.648522,0.000639,0.282780
aaaaammh_s001_t001,power_line,60.0,naive,1,-7.772931,0.000568,0.353162
aaaaamnq_s001_t000,power_line,60.0,naive,1,-4.751701,0.010080,0.807800
aaaaamnq_s002_t000,power_line,60.0,naive,1,-6.414086,0.002076,0.829687
aaaaamon_s001_t000,power_line,60.0,naive,0,-3.992635,0.020595,1.132053
aaaaampz_s001_t000,power_line,60.0,naive,1,-5.924499,0.003310,0.659207
aaaaamrj_s001_t000,power_line,60.0,naive,0,-5.831607,0.003616,1.206353
aaaaamsc_s001_t000,power_line,60.0,naive,1,-5.915180,0.003340,3.647223
aaaaamtb_s001_t000,power_line,60.0,naive,0,-6.300324,0.002314,1.272189
aaaaamuc_s001_t000,power_line,60.0,naive,0,-7.088655,0.001091,2.250608
aaaaamxn_s001_t000,power_line,60.0,naive,1,-7.323987,0.000872,0.293921
aaaaamyb_s001_t001,power_line,60.0,naive,0,-7.892898,0.000506,0.971156
aaaaamye_s001_t000,power_line,60.0,naive,1,-5.616712,0.004437,2.310724
aaaaamzi_s001_t001,power_line,60.0,naive,1,-5.818007,0.003663,1.667964
aaaaamzl_s001_t000,power_line,60.0,naive,0,-5.917547,0.003332,0.752280
aaaaamzx_s001_t000,power_line,60.0,naive,0,-7.831763,0.000537,3.120239
aaaaanbq_s001_t000,power_line,60.0,naive,0,-4.814449,0.009499,0.186341
aaaaanek_s001_t000,power_line,60.0,naive,0,-8.160494,0.000392,0.801515
aaaaangp_s001_t000,power_line,60.0,naive,0,-6.713494,0.001561,2.748961
aaaaanhb_s001_t003,power_line,60.0,naive,1,-3.292282,0.039436,0.536242
aaaaanhb_s003_t001,power_line,60.0,naive,1,-2.380055,0.089366,0.327895
aaaaanhb_s005_t000,power_line,60.0,naive,1,-1.359354,0.206471,1.157689
aaaaankf_s001_t000,power_line,60.0,naive,1,-7.165154,0.001014,0.882584
aaaaanlp_s001_t000,power_line,60.0,naive,0,-6.030829,0.002991,0.707166
aaaaanmc_s001_t000,power_line,60.0,naive,1,-4.996632,0.007994,5.726013
aaaaanop_s001_t000,power_line,60.0,naive,0,-5.167279,0.006800,0.309740
aaaaanoz_s001_t000,power_line,60.0,naive,1,-7.524061,0.000720,0.667180
aaaaanpr_s001_t002,power_line,60.0,naive,1,-4.586670,0.011781,1.579866
aaaaanqe_s001_t000,power_line,60.0,naive,0,-6.491418,0.001929,0.117948
aaaaanro_s001_t000,power_line,60.0,naive,1,-3.694705,0.027191,1.932531
aaaaansj_s001_t000,power_line,60.0,naive,1,-5.535767,0.004792,1.776155
aaaaanta_s001_t000,power_line,60.0,naive,1,-5.557652,0.004693,0.925946
aaaaanum_s001_t000,power_line,60.0,naive,0,-6.561008,0.001805,0.774169
aaaaanvb_s002_t000,power_line,60.0,naive,0,-5.465799,0.005121,0.606092
aaaaanvg_s001_t002,power_line,60.0,naive,0,-3.947034,0.021492,0.738539
aaaaanvw_s001_t000,power_line,60.0,naive,0,-6.800779,0.001436,0.421411
aaaaanwc_s001_t001,power_line,60.0,naive,1,-1.541210,0.179453,5.668043
aaaaanxl_s001_t000,power_line,60.0,naive,1,-2.471117,0.082535,2.591222
aaaaanyb_s001_t001,power_line,60.0,naive,0,-5.901980,0.003382,0.724499
aaaaanyt_s002_t000,power_line,60.0,naive,1,-0.671608,0.334184,0.457761
aaaaanyw_s001_t000,power_line,60.0,naive,1,-6.376410,0.002152,0.282009
aaaaanyw_s002_t000,power_line,60.0,naive,1,-6.076807,0.002863,0.710901
aaaaanzh_s001_t000,power_line,60.0,naive,1,-6.826975,0.001400,2.931457
aaaaanzu_s001_t003,power_line,60.0,naive,1,-4.601506,0.011618,2.308256
aaaaaoav_s001_t000,power_line,60.0,naive,0,-5.722589,0.004012,0.679087
aaaaaoav_s002_t000,power_line,60.0,naive,0,-5.478848,0.005058,1.676886
aaaaaobi_s001_t000,power_line,60.0,naive,1,-4.863888,0.009065,3.424673
aaaaaobl_s001_t000,power_line,60.0,naive,0,-7.123456,0.001055,1.051821
aaaaaoby_s001_t000,power_line,60.0,naive,0,-5.861104,0.003516,6.253268
aaaaaoda_s001_t000,power_line,60.0,naive,1,-4.038223,0.019735,2.262788
aaaaaoeg_s001_t000,power_line,60.0,naive,0,-6.661289,0.001640,2.033027
aaaaaofj_s001_t000,power_line,60.0,naive,0,-3.277156,0.039987,0.511532
aaaaaofr_s001_t000,power_line,60.0,naive,0,-3.735799,0.026172,1.880334
aaaaaofz_s001_t000,power_line,60.0,naive,0,-4.777543,0.009837,0.823044
aaaaaohb_s001_t000,power_line,60.0,naive,1,-1.174921,0.236830,0.807847
aaaaaohr_s002_t001,power_line,60.0,naive,1,-6.136283,0.002706,0.319282
aaaaaoiq_s001_t000,power_line,60.0,naive,1,-7.937980,0.000485,0.355329
aaaaaoiv_s001_t000,power_line,60.0,naive,1,-8.236710,0.000365,0.233850
aaaaaoiv_s002_t001,power_line,60.0,naive,1,-3.865181,0.023200,4.019223
aaaaaoiv_s003_t003,power_line,60.0,naive,1,-6.771757,0.001476,0.214116
aaaaaojd_s001_t002,power_line,60.0,naive,0,-5.122360,0.007096,1.291271
aaaaaokg_s001_t000,power_line,60.0,naive,0,-9.177206,0.000149,1.005603
aaaaaoly_s001_t000,power_line,60.0,naive,0,-7.710796,0.000602,0.906236
aaaaaome_s001_t000,power_line,60.0,naive,0,-7.536141,0.000712,0.800477
aaaaaomx_s001_t000,power_line,60.0,naive,0,-5.477108,0.005067,0.387207
aaaaaomy_s001_t000,power_line,60.0,naive,1,-2.186738,0.105578,3.619570
aaaaaonb_s001_t000,power_line,60.0,naive,0,-5.302705,0.005980,1.280915
aaaaaons_s002_t002,power_line,60.0,naive,1,-5.334056,0.005804,0.243980
aaaaaopd_s001_t000,power_line,60.0,naive,0,-5.518324,0.004872,1.917520
aaaaaopo_s001_t000,power_line,60.0,naive,0,-6.895240,0.001312,0.590779
aaaaaora_s002_t000,power_line,60.0,naive,1,-5.164278,0.006819,1.454498
aaaaaord_s001_t000,power_line,60.0,naive,1,-6.987166,0.001202,0.337580
aaaaaosh_s001_t000,power_line,60.0,naive,1,-6.402942,0.002098,0.857358
aaaaaosw_s001_t000,power_line,60.0,naive,0,-5.736010,0.003961,0.515161
aaaaaote_s001_t000,power_line,60.0,naive,0,-6.401481,0.002101,1.031299
aaaaaout_s001_t000,power_line,60.0,naive,1,-7.444544,0.000777,1.404877
aaaaaovl_s001_t000,power_line,60.0,naive,1,-7.121535,0.001057,0.216591
aaaaaovo_s001_t000,power_line,60.0,naive,1,-2.926707,0.055012,1.682362
aaaaaowb_s001_t000,power_line,60.0,naive,0,-7.413362,0.000800,1.004994
aaaaaoxf_s001_t000,power_line,60.0,naive,0,-6.009492,0.003053,0.338892
aaaaaozf_s001_t001,power_line,60.0,naive,0,-5.513454,0.004894,0.418191
aaaaapag_s001_t000,power_line,60.0,naive,0,-5.597392,0.004519,3.479822
aaaaapar_s001_t000,power_line,60.0,naive,1,2.221791,0.888424,4.025365
aaaaapcb_s001_t000,power_line,60.0,naive,0,-2.222847,0.102365,1.969298
aaaaapcy_s001_t002,power_line,60.0,naive,0,-5.561342,0.004677,1.803922
aaaaapdg_s001_t000,power_line,60.0,naive,0,-7.535999,0.000712,0.676644
aaaaaphs_s001_t000,power_line,60.0,naive,1,-6.472236,0.001964,1.094166
aaaaaphw_s001_t000,power_line,60.0,naive,0,-7.275915,0.000912,0.290184
aaaaapij_s001_t000,power_line,60.0,naive,0,-8.030359,0.000444,0.316063
aaaaapjc_s001_t001,power_line,60.0,naive,0,-8.503949,0.000282,1.611227
aaaaapka_s001_t000,power_line,60.0,naive,0,-4.547760,0.012222,1.130919
aaaaapkx_s001_t001,power_line,60.0,naive,1,-5.838495,0.003593,0.955272
aaaaaply_s001_t001,power_line,60.0,naive,1,-4.140598,0.017929,0.647988
aaaaapmb_s002_t001,power_line,60.0,naive,1,-0.524746,0.366090,0.574237
aaaaapmp_s001_t000,power_line,60.0,naive,1,-7.012254,0.001174,2.092366
aaaaapnr_s001_t000,power_line,60.0,naive,1,-5.735181,0.003964,1.166836
aaaaapoc_s001_t000,power_line,60.0,naive,1,-4.694350,0.010642,1.644997
aaaaapof_s001_t000,power_line,60.0,naive,0,-6.586771,0.001761,0.723913
aaaaapoo_s001_t000,power_line,60.0,naive,0,-5.669943,0.004218,4.747691
aaaaapoq_s001_t000,power_line,60.0,naive,0,-5.927545,0.003301,0.527434
aaaaappb_s001_t000,power_line,60.0,naive,0,-5.615496,0.004442,0.773316
aaaaapqd_s001_t000,power_line,60.0,naive,1,-2.294915,0.096210,1.660247
aaaaapqv_s001_t000,power_line,60.0,naive,0,-5.632875,0.004369,0.812616
aaaaapta_s001_t000,power_line,60.0,naive,1,-5.037269,0.007692,2.097942
aaaaapth_s001_t000,power_line,60.0,naive,1,-6.109978,0.002774,2.322599
aaaaapua_s001_t001,power_line,60.0,naive,0,-6.389306,0.002126,0.742618
aaaaapuu_s001_t000,power_line,60.0,naive,0,-8.302160,0.000343,0.635797
aaaaapvw_s001_t001,power_line,60.0,naive,1,-4.817288,0.009474,1.561404
aaaaapvy_s001_t000,power_line,60.0,naive,1,-5.086697,0.007340,1.814332
aaaaapwn_s001_t001,power_line,60.0,naive,0,-6.274842,0.002371,1.574178
aaaaapwo_s001_t001,power_line,60.0,naive,1,-1.853094,0.139674,2.508289
aaaaapxm_s001_t001,power_line,60.0,naive,0,-5.822890,0.003646,0.878970
aaaaapys_s001_t001,power_line,60.0,naive,1,-4.062157,0.019297,0.214450
aaaaapys_s002_t001,power_line,60.0,naive,1,-6.473366,0.001962,0.554588
aaaaaayx_s002_t000,sampling_rate,128,canonicalized,0,4.747408,0.988876,4.424536
aaaaabdo_s003_t000,sampling_rate,128,canonicalized,1,14.136345,0.999999,14.202782
aaaaabsk_s007_t000,sampling_rate,128,canonicalized,1,4.715112,0.988531,0.301421
aaaaabuv_s002_t000,sampling_rate,128,canonicalized,1,5.860376,0.996130,0.292936
aaaaacad_s003_t000,sampling_rate,128,canonicalized,0,4.191537,0.981228,0.445694
aaaaacby_s004_t000,sampling_rate,128,canonicalized,0,3.241843,0.954748,0.407876
aaaaaddm_s006_t000,sampling_rate,128,canonicalized,1,6.769718,0.998373,2.767778
aaaaadeu_s002_t000,sampling_rate,128,canonicalized,1,5.836644,0.996042,1.069656
aaaaadjk_s002_t000,sampling_rate,128,canonicalized,0,1.721025,0.831509,0.358160
aaaaadkb_s002_t000,sampling_rate,128,canonicalized,1,11.408353,0.999981,9.031670
aaaaadsm_s002_t001,sampling_rate,128,canonicalized,0,0.691507,0.648593,0.947934
aaaaaeab_s003_t000,sampling_rate,128,canonicalized,0,3.376984,0.960009,1.111559
aaaaaejc_s003_t001,sampling_rate,128,canonicalized,0,4.913797,0.990495,0.321823
aaaaaezn_s003_t001,sampling_rate,128,canonicalized,1,5.678099,0.995398,4.850971
aaaaafhl_s003_t000,sampling_rate,128,canonicalized,1,1.948306,0.859782,0.384685
aaaaagfk_s003_t000,sampling_rate,128,canonicalized,0,1.824821,0.844948,0.619188
aaaaagsc_s003_t001,sampling_rate,128,canonicalized,1,10.379477,0.999948,29.426439
aaaaagsc_s006_t001,sampling_rate,128,canonicalized,1,3.758355,0.971876,0.337322
aaaaaguk_s002_t001,sampling_rate,128,canonicalized,0,1.964942,0.861687,1.086037
aaaaagvx_s002_t000,sampling_rate,128,canonicalized,1,3.680096,0.969759,3.997004
aaaaagvx_s003_t001,sampling_rate,128,canonicalized,1,5.239166,0.993017,3.037491
aaaaagyr_s002_t000,sampling_rate,128,canonicalized,1,3.978012,0.977078,0.857374
aaaaahie_s005_t001,sampling_rate,128,canonicalized,1,12.766551,0.999995,1.959534
aaaaahsv_s002_t000,sampling_rate,128,canonicalized,0,3.808777,0.973164,1.012797
aaaaahte_s002_t000,sampling_rate,128,canonicalized,1,13.762022,0.999998,11.477128
aaaaahte_s003_t000,sampling_rate,128,canonicalized,1,8.258780,0.999607,1.687371
aaaaahuy_s002_t000,sampling_rate,128,canonicalized,1,2.722549,0.927783,0.363311
aaaaahzi_s001_t000,sampling_rate,128,canonicalized,0,5.112472,0.992125,0.649704
aaaaahzm_s001_t001,sampling_rate,128,canonicalized,0,1.739902,0.834020,0.235667
aaaaahzq_s001_t000,sampling_rate,128,canonicalized,0,1.952296,0.860241,0.391523
aaaaahzs_s001_t001,sampling_rate,128,canonicalized,0,4.391543,0.984442,2.066010
aaaaaiae_s001_t000,sampling_rate,128,canonicalized,0,1.922074,0.856734,0.143122
aaaaaibx_s001_t000,sampling_rate,128,canonicalized,0,3.575797,0.966697,0.485217
aaaaaiby_s001_t000,sampling_rate,128,canonicalized,0,6.964772,0.998649,1.384248
aaaaaici_s001_t000,sampling_rate,128,canonicalized,0,2.981791,0.942717,2.087863
aaaaaicn_s001_t000,sampling_rate,128,canonicalized,0,2.845548,0.935270,1.412061
aaaaaijh_s002_t000,sampling_rate,128,canonicalized,1,2.474258,0.910187,0.341141
aaaaaijn_s001_t001,sampling_rate,128,canonicalized,0,3.486887,0.963851,0.338524
aaaaairb_s001_t001,sampling_rate,128,canonicalized,0,4.995667,0.991204,0.773365
aaaaairo_s001_t000,sampling_rate,128,canonicalized,0,4.419992,0.984853,2.090242
aaaaaitt_s001_t000,sampling_rate,128,canonicalized,0,4.952642,0.990838,5.194311
aaaaaiue_s004_t000,sampling_rate,128,canonicalized,1,5.658441,0.995311,0.423322
aaaaaiuo_s002_t000,sampling_rate,128,canonicalized,0,3.992599,0.977388,1.165974
aaaaaiwz_s001_t001,sampling_rate,128,canonicalized,0,2.646961,0.922792,0.118653
aaaaaiyy_s001_t001,sampling_rate,128,canonicalized,0,2.349796,0.899982,0.602269
aaaaaizd_s001_t001,sampling_rate,128,canonicalized,0,3.965633,0.976811,2.608816
aaaaaizs_s001_t000,sampling_rate,128,canonicalized,0,4.146308,0.980415,0.411760
aaaaajae_s001_t001,sampling_rate,128,canonicalized,0,5.570346,0.994901,3.780550
aaaaajah_s002_t001,sampling_rate,128,canonicalized,1,6.219314,0.997250,1.127094
aaaaajah_s004_t000,sampling_rate,128,canonicalized,1,4.146957,0.980427,1.086364
aaaaajal_s001_t001,sampling_rate,128,canonicalized,0,3.243426,0.954813,0.282766
aaaaajam_s001_t000,sampling_rate,128,canonicalized,1,3.693202,0.970124,0.239046
aaaaajar_s001_t001,sampling_rate,128,canonicalized,0,3.727115,0.971049,0.269698
aaaaajbb_s001_t000,sampling_rate,128,canonicalized,0,6.053144,0.996779,0.406549
aaaaajbh_s002_t000,sampling_rate,128,canonicalized,0,1.504699,0.800545,0.159858
aaaaajce_s001_t000,sampling_rate,128,canonicalized,0,4.153977,0.980556,0.399970
aaaaajci_s001_t000,sampling_rate,128,canonicalized,0,3.119092,0.949403,0.357024
aaaaajck_s001_t000,sampling_rate,128,canonicalized,0,3.685984,0.969924,0.317662
aaaaajct_s001_t000,sampling_rate,128,canonicalized,0,3.780549,0.972450,1.148219
aaaaajcu_s001_t000,sampling_rate,128,canonicalized,0,5.010250,0.991325,1.076292
aaaaajda_s001_t000,sampling_rate,128,canonicalized,0,3.646208,0.968795,0.481029
aaaaajdb_s001_t000,sampling_rate,128,canonicalized,0,3.507139,0.964519,0.683899
aaaaajdv_s001_t000,sampling_rate,128,canonicalized,0,6.772126,0.998377,3.690574
aaaaajdy_s001_t000,sampling_rate,128,canonicalized,0,3.343038,0.958746,1.665384
aaaaajdz_s001_t000,sampling_rate,128,canonicalized,0,4.286156,0.982823,0.840964
aaaaajea_s001_t000,sampling_rate,128,canonicalized,0,4.547480,0.986566,8.210530
aaaaajen_s001_t000,sampling_rate,128,canonicalized,0,3.921823,0.975844,0.560521
aaaaajey_s001_t000,sampling_rate,128,canonicalized,0,4.149256,0.980469,0.137927
aaaaajfb_s001_t000,sampling_rate,128,canonicalized,0,3.109320,0.948952,0.568931
aaaaajfe_s001_t000,sampling_rate,128,canonicalized,0,2.900621,0.938383,1.069399
aaaaajff_s001_t000,sampling_rate,128,canonicalized,0,3.156892,0.951109,0.565216
aaaaajfi_s001_t001,sampling_rate,128,canonicalized,0,4.751887,0.988923,1.902586
aaaaajfn_s001_t001,sampling_rate,128,canonicalized,0,1.556265,0.808294,0.777578
aaaaajfy_s001_t000,sampling_rate,128,canonicalized,0,3.912830,0.975641,0.491279
aaaaajga_s001_t001,sampling_rate,128,canonicalized,0,7.866604,0.999429,1.655686
aaaaajhy_s001_t000,sampling_rate,128,canonicalized,0,2.372328,0.901903,0.386949
aaaaajit_s001_t001,sampling_rate,128,canonicalized,0,3.965300,0.976804,0.216639
aaaaajiu_s001_t000,sampling_rate,128,canonicalized,0,7.263180,0.998984,4.564470
aaaaajiy_s001_t001,sampling_rate,128,canonicalized,0,3.377239,0.960019,0.307811
aaaaajiz_s001_t000,sampling_rate,128,canonicalized,0,4.562418,0.986754,0.380095
aaaaajjb_s001_t001,sampling_rate,128,canonicalized,0,4.019004,0.977939,1.774740
aaaaajje_s001_t000,sampling_rate,128,canonicalized,0,3.128277,0.949822,0.160885
aaaaajjk_s001_t000,sampling_rate,128,canonicalized,0,4.223726,0.981786,0.664510
aaaaajna_s001_t000,sampling_rate,128,canonicalized,0,2.498407,0.912055,0.841361
aaaaajnu_s001_t000,sampling_rate,128,canonicalized,0,3.275121,0.956102,2.218291
aaaaajon_s001_t000,sampling_rate,128,canonicalized,0,5.302695,0.993425,4.357578
aaaaajoo_s002_t001,sampling_rate,128,canonicalized,1,2.986090,0.942939,1.342723
aaaaajpg_s001_t001,sampling_rate,128,canonicalized,0,4.694647,0.988308,0.814588
aaaaajqh_s004_t000,sampling_rate,128,canonicalized,1,11.808846,0.999987,3.589143
aaaaajqk_s003_t001,sampling_rate,128,canonicalized,1,7.664105,0.999307,0.417631
aaaaajrf_s001_t000,sampling_rate,128,canonicalized,1,19.688507,1.000000,5.410921
aaaaajrf_s002_t000,sampling_rate,128,canonicalized,1,20.370571,1.000000,5.883378
aaaaajrf_s003_t002,sampling_rate,128,canonicalized,1,18.204130,1.000000,9.002385
aaaaajrf_s004_t000,sampling_rate,128,canonicalized,1,4.553229,0.986639,0.573428
aaaaajso_s001_t000,sampling_rate,128,canonicalized,1,10.098532,0.999932,6.238525
aaaaajtg_s001_t000,sampling_rate,128,canonicalized,0,6.641199,0.998161,4.755508
aaaaajtu_s001_t000,sampling_rate,128,canonicalized,0,7.690606,0.999324,5.026011
aaaaajuh_s001_t000,sampling_rate,128,canonicalized,1,11.666616,0.999985,14.892139
aaaaajun_s001_t000,sampling_rate,128,canonicalized,0,6.255089,0.997343,0.691634
aaaaajvh_s001_t001,sampling_rate,128,canonicalized,0,5.385191,0.993921,0.992501
aaaaajxp_s001_t000,sampling_rate,128,canonicalized,0,2.123832,0.878805,0.102284
aaaaakck_s001_t001,sampling_rate,128,canonicalized,1,6.217865,0.997247,1.038515
aaaaakcx_s001_t001,sampling_rate,128,canonicalized,1,12.287596,0.999992,7.419603
aaaaakcy_s005_t001,sampling_rate,128,canonicalized,1,16.398628,1.000000,4.092507
aaaaakdj_s001_t000,sampling_rate,128,canonicalized,1,7.517125,0.999203,0.724617
aaaaakdo_s001_t000,sampling_rate,128,canonicalized,1,5.468700,0.994384,0.922203
aaaaakeq_s001_t000,sampling_rate,128,canonicalized,1,8.352052,0.999641,7.125943
aaaaakeq_s002_t000,sampling_rate,128,canonicalized,1,6.821738,0.998452,2.142896
aaaaakeq_s003_t000,sampling_rate,128,canonicalized,1,9.161394,0.999834,3.896855
aaaaakev_s001_t001,sampling_rate,128,canonicalized,1,18.368851,1.000000,38.841370
aaaaakev_s002_t000,sampling_rate,128,canonicalized,1,17.900063,1.000000,5.297992
aaaaakft_s001_t000,sampling_rate,128,canonicalized,0,5.010226,0.991324,0.893735
aaaaakgp_s001_t001,sampling_rate,128,canonicalized,0,6.119691,0.996977,2.817809
aaaaakgu_s001_t000,sampling_rate,128,canonicalized,1,2.695380,0.926024,0.447684
aaaaakjk_s002_t002,sampling_rate,128,canonicalized,1,8.463291,0.999677,3.075046
aaaaakjk_s003_t000,sampling_rate,128,canonicalized,1,6.188116,0.997168,1.092399
aaaaakka_s001_t001,sampling_rate,128,canonicalized,0,4.183137,0.981080,0.328148
aaaaakmg_s003_t001,sampling_rate,128,canonicalized,1,14.362655,0.999999,1.655075
aaaaakmh_s001_t000,sampling_rate,128,canonicalized,1,5.640040,0.995228,2.063671
aaaaaknt_s001_t000,sampling_rate,128,canonicalized,1,6.391621,0.997667,3.095620
aaaaakoo_s001_t001,sampling_rate,128,canonicalized,1,19.943501,1.000000,4.023195
aaaaakqg_s001_t001,sampling_rate,128,canonicalized,0,3.125527,0.949697,0.809347
aaaaakqr_s001_t000,sampling_rate,128,canonicalized,0,1.794007,0.841052,1.180281
aaaaakrt_s001_t001,sampling_rate,128,canonicalized,1,8.236514,0.999599,1.442581
aaaaakrt_s002_t001,sampling_rate,128,canonicalized,1,8.505490,0.999690,7.589275
aaaaaksb_s001_t000,sampling_rate,128,canonicalized,0,2.863395,0.936295,0.968554
aaaaaksu_s001_t001,sampling_rate,128,canonicalized,0,5.633710,0.995199,1.802496
aaaaakxz_s001_t001,sampling_rate,128,canonicalized,1,1.191036,0.748393,0.154717
aaaaakxz_s002_t001,sampling_rate,128,canonicalized,1,3.502963,0.964382,2.874875
aaaaalaf_s001_t000,sampling_rate,128,canonicalized,0,3.791799,0.972737,0.332610
aaaaalau_s001_t000,sampling_rate,128,canonicalized,1,7.726540,0.999347,4.639865
aaaaalbh_s001_t000,sampling_rate,128,canonicalized,1,6.039646,0.996737,4.133922
aaaaalbt_s001_t001,sampling_rate,128,canonicalized,0,3.351863,0.959078,0.768155
aaaaalbt_s002_t000,sampling_rate,128,canonicalized,0,3.268117,0.955820,0.532060
aaaaalbz_s006_t000,sampling_rate,128,canonicalized,1,13.145594,0.999996,9.261288
aaaaalid_s001_t001,sampling_rate,128,canonicalized,0,10.197423,0.999938,2.853998
aaaaaljf_s001_t000,sampling_rate,128,canonicalized,1,6.346738,0.997565,3.342695
aaaaaljj_s001_t000,sampling_rate,128,canonicalized,0,3.672483,0.969545,0.552048
aaaaallc_s001_t001,sampling_rate,128,canonicalized,0,4.528186,0.986320,1.302762
aaaaalle_s002_t000,sampling_rate,128,canonicalized,1,6.573096,0.998037,1.981517
aaaaalox_s001_t001,sampling_rate,128,canonicalized,0,10.419495,0.999950,10.310202
aaaaalpv_s001_t000,sampling_rate,128,canonicalized,0,4.353373,0.983874,1.605628
aaaaalqa_s001_t000,sampling_rate,128,canonicalized,0,4.434603,0.985060,2.934144
aaaaalqr_s001_t001,sampling_rate,128,canonicalized,1,4.661875,0.987940,0.731883
aaaaalqs_s001_t001,sampling_rate,128,canonicalized,0,2.021625,0.868015,0.290474
aaaaalqx_s001_t000,sampling_rate,128,canonicalized,0,1.734890,0.833357,0.906425
aaaaalrc_s002_t000,sampling_rate,128,canonicalized,1,24.000149,1.000000,3.239377
aaaaalsq_s001_t000,sampling_rate,128,canonicalized,0,6.459414,0.997813,0.803347
aaaaalsx_s001_t000,sampling_rate,128,canonicalized,1,4.771441,0.989126,1.698833
aaaaalsx_s004_t001,sampling_rate,128,canonicalized,1,1.514572,0.802047,0.597450
aaaaaluz_s001_t001,sampling_rate,128,canonicalized,0,3.831751,0.973731,0.317809
aaaaalvw_s001_t000,sampling_rate,128,canonicalized,0,2.947942,0.940946,0.724550
aaaaalvz_s001_t000,sampling_rate,128,canonicalized,1,19.789499,1.000000,1.865746
aaaaalxk_s001_t000,sampling_rate,128,canonicalized,0,5.560302,0.994852,0.504432
aaaaalyr_s001_t000,sampling_rate,128,canonicalized,1,4.345486,0.983754,1.206609
aaaaalzk_s002_t001,sampling_rate,128,canonicalized,1,12.823034,0.999995,22.260849
aaaaamcb_s001_t001,sampling_rate,128,canonicalized,1,11.273853,0.999978,3.308557
aaaaamfe_s001_t001,sampling_rate,128,canonicalized,0,7.729657,0.999349,0.953246
aaaaamft_s001_t001,sampling_rate,128,canonicalized,1,6.739275,0.998325,0.931926
aaaaamfu_s001_t000,sampling_rate,128,canonicalized,0,6.790895,0.998406,0.275731
aaaaamhi_s001_t000,sampling_rate,128,canonicalized,1,15.634363,1.000000,10.015673
aaaaamhk_s001_t000,sampling_rate,128,canonicalized,1,6.226488,0.997269,0.508323
aaaaamjc_s001_t001,sampling_rate,128,canonicalized,1,11.191747,0.999976,4.497863
aaaaammh_s001_t001,sampling_rate,128,canonicalized,1,5.500236,0.994550,1.521671
aaaaamnq_s001_t000,sampling_rate,128,canonicalized,1,11.566159,0.999983,8.045265
aaaaamnq_s002_t000,sampling_rate,128,canonicalized,1,8.638922,0.999727,2.298271
aaaaamon_s001_t000,sampling_rate,128,canonicalized,0,4.913136,0.990489,3.726725
aaaaampz_s001_t000,sampling_rate,128,canonicalized,1,6.714242,0.998285,2.090028
aaaaamrj_s001_t000,sampling_rate,128,canonicalized,0,4.391270,0.984438,1.197572
aaaaamsc_s001_t000,sampling_rate,128,canonicalized,1,6.658143,0.998190,2.121131
aaaaamtb_s001_t000,sampling_rate,128,canonicalized,0,10.634975,0.999959,4.202860
aaaaamuc_s001_t000,sampling_rate,128,canonicalized,0,3.314684,0.957661,0.308540
aaaaamxn_s001_t000,sampling_rate,128,canonicalized,1,5.135994,0.992299,1.069582
aaaaamyb_s001_t001,sampling_rate,128,canonicalized,0,3.517494,0.964856,1.397820
aaaaamye_s001_t000,sampling_rate,128,canonicalized,1,14.872060,0.999999,18.871090
aaaaamzi_s001_t001,sampling_rate,128,canonicalized,1,11.696083,0.999985,22.045101
aaaaamzl_s001_t000,sampling_rate,128,canonicalized,0,2.665722,0.924060,1.616359
aaaaamzx_s001_t000,sampling_rate,128,canonicalized,0,2.130732,0.879505,4.136164
aaaaanbq_s001_t000,sampling_rate,128,canonicalized,0,2.914133,0.939126,1.305467
aaaaanek_s001_t000,sampling_rate,128,canonicalized,0,3.100480,0.948542,0.330633
aaaaangp_s001_t000,sampling_rate,128,canonicalized,0,2.565757,0.917081,0.977094
aaaaanhb_s001_t003,sampling_rate,128,canonicalized,1,7.278565,0.998999,3.527436
aaaaanhb_s003_t001,sampling_rate,128,canonicalized,1,4.486414,0.985771,1.641119
aaaaanhb_s005_t000,sampling_rate,128,canonicalized,1,5.309449,0.993467,3.070977
aaaaankf_s001_t000,sampling_rate,128,canonicalized,1,12.372959,0.999992,0.971864
aaaaanlp_s001_t000,sampling_rate,128,canonicalized,0,3.338557,0.958576,0.287472
aaaaanmc_s001_t000,sampling_rate,128,canonicalized,1,8.449148,0.999673,8.607746
aaaaanop_s001_t000,sampling_rate,128,canonicalized,0,5.530038,0.994702,4.410179
aaaaanoz_s001_t000,sampling_rate,128,canonicalized,1,4.824079,0.989654,0.170893
aaaaanpr_s001_t002,sampling_rate,128,canonicalized,1,5.521656,0.994660,4.007829
aaaaanqe_s001_t000,sampling_rate,128,canonicalized,0,3.028966,0.945103,0.342440
aaaaanro_s001_t000,sampling_rate,128,canonicalized,1,9.876400,0.999916,7.399624
aaaaansj_s001_t000,sampling_rate,128,canonicalized,1,7.885877,0.999439,4.730830
aaaaanta_s001_t000,sampling_rate,128,canonicalized,1,8.611923,0.999720,2.067668
aaaaanum_s001_t000,sampling_rate,128,canonicalized,0,4.503217,0.985994,1.684346
aaaaanvb_s002_t000,sampling_rate,128,canonicalized,0,3.659502,0.969177,0.494729
aaaaanvg_s001_t002,sampling_rate,128,canonicalized,0,5.774632,0.995801,0.680175
aaaaanvw_s001_t000,sampling_rate,128,canonicalized,0,3.290890,0.956730,1.424229
aaaaanwc_s001_t001,sampling_rate,128,canonicalized,1,6.658736,0.998191,49.233810
aaaaanxl_s001_t000,sampling_rate,128,canonicalized,1,6.933234,0.998608,2.547229
aaaaanyb_s001_t001,sampling_rate,128,canonicalized,0,3.100449,0.948540,0.275336
aaaaanyt_s002_t000,sampling_rate,128,canonicalized,1,10.387127,0.999949,6.261978
aaaaanyw_s001_t000,sampling_rate,128,canonicalized,1,5.048353,0.991632,0.351492
aaaaanyw_s002_t000,sampling_rate,128,canonicalized,1,6.729568,0.998309,6.316864
aaaaanzh_s001_t000,sampling_rate,128,canonicalized,1,4.775786,0.989170,1.766437
aaaaanzu_s001_t003,sampling_rate,128,canonicalized,1,8.543627,0.999701,3.846455
aaaaaoav_s001_t000,sampling_rate,128,canonicalized,0,1.998364,0.865449,0.546791
aaaaaoav_s002_t000,sampling_rate,128,canonicalized,0,2.333018,0.898530,0.959827
aaaaaobi_s001_t000,sampling_rate,128,canonicalized,1,7.343948,0.999059,4.223462
aaaaaobl_s001_t000,sampling_rate,128,canonicalized,0,4.420937,0.984866,1.808998
aaaaaoby_s001_t000,sampling_rate,128,canonicalized,0,4.952534,0.990837,10.741994
aaaaaoda_s001_t000,sampling_rate,128,canonicalized,1,11.001410,0.999971,4.107768
aaaaaoeg_s001_t000,sampling_rate,128,canonicalized,0,4.409060,0.984696,1.151726
aaaaaofj_s001_t000,sampling_rate,128,canonicalized,0,0.574246,0.622657,1.233267
aaaaaofr_s001_t000,sampling_rate,128,canonicalized,0,5.091324,0.991966,0.503328
aaaaaofz_s001_t000,sampling_rate,128,canonicalized,0,3.631449,0.968366,0.596814
aaaaaohb_s001_t000,sampling_rate,128,canonicalized,1,9.948786,0.999922,0.687489
aaaaaohr_s002_t001,sampling_rate,128,canonicalized,1,8.291048,0.999619,1.796644
aaaaaoiq_s001_t000,sampling_rate,128,canonicalized,1,5.465233,0.994366,0.067990
aaaaaoiv_s001_t000,sampling_rate,128,canonicalized,1,4.062979,0.978827,0.260790
aaaaaoiv_s002_t001,sampling_rate,128,canonicalized,1,15.689901,1.000000,2.927266
aaaaaoiv_s003_t003,sampling_rate,128,canonicalized,1,12.035726,0.999989,0.764120
aaaaaojd_s001_t002,sampling_rate,128,canonicalized,0,4.108004,0.979700,2.012975
aaaaaokg_s001_t000,sampling_rate,128,canonicalized,0,8.091717,0.999539,9.963554
aaaaaoly_s001_t000,sampling_rate,128,canonicalized,0,4.257997,0.982362,6.135293
aaaaaome_s001_t000,sampling_rate,128,canonicalized,0,3.440292,0.962268,0.152087
aaaaaomx_s001_t000,sampling_rate,128,canonicalized,0,5.881744,0.996208,1.786783
aaaaaomy_s001_t000,sampling_rate,128,canonicalized,1,11.948002,0.999988,15.678488
aaaaaonb_s001_t000,sampling_rate,128,canonicalized,0,6.695823,0.998254,2.649379
aaaaaons_s002_t002,sampling_rate,128,canonicalized,1,10.970745,0.999971,1.701786
aaaaaopd_s001_t000,sampling_rate,128,canonicalized,0,3.096709,0.948366,1.532478
aaaaaopo_s001_t000,sampling_rate,128,canonicalized,0,3.450769,0.962629,0.297924
aaaaaora_s002_t000,sampling_rate,128,canonicalized,1,5.185365,0.992651,1.017996
aaaaaord_s001_t000,sampling_rate,128,canonicalized,1,5.822163,0.995987,1.269758
aaaaaosh_s001_t000,sampling_rate,128,canonicalized,1,6.097171,0.996911,0.824333
aaaaaosw_s001_t000,sampling_rate,128,canonicalized,0,5.167588,0.992526,7.819825
aaaaaote_s001_t000,sampling_rate,128,canonicalized,0,2.742052,0.929021,0.105875
aaaaaout_s001_t000,sampling_rate,128,canonicalized,1,7.168811,0.998888,3.064055
aaaaaovl_s001_t000,sampling_rate,128,canonicalized,1,6.309020,0.997476,0.214787
aaaaaovo_s001_t000,sampling_rate,128,canonicalized,1,10.367784,0.999948,8.833570
aaaaaowb_s001_t000,sampling_rate,128,canonicalized,0,2.959040,0.941532,0.414200
aaaaaoxf_s001_t000,sampling_rate,128,canonicalized,0,2.986223,0.942946,0.164754
aaaaaozf_s001_t001,sampling_rate,128,canonicalized,0,5.572832,0.994913,3.672314
aaaaapag_s001_t000,sampling_rate,128,canonicalized,0,4.369246,0.984112,1.246900
aaaaapar_s001_t000,sampling_rate,128,canonicalized,1,23.112755,1.000000,1.011216
aaaaapcb_s001_t000,sampling_rate,128,canonicalized,0,3.357816,0.959300,0.327227
aaaaapcy_s001_t002,sampling_rate,128,canonicalized,0,2.741348,0.928977,0.347557
aaaaapdg_s001_t000,sampling_rate,128,canonicalized,0,3.312341,0.957570,0.162478
aaaaaphs_s001_t000,sampling_rate,128,canonicalized,1,11.781008,0.999986,3.133076
aaaaaphw_s001_t000,sampling_rate,128,canonicalized,0,7.442589,0.999144,2.620991
aaaaapij_s001_t000,sampling_rate,128,canonicalized,0,2.817428,0.933625,0.288946
aaaaapjc_s001_t001,sampling_rate,128,canonicalized,0,1.566787,0.809847,1.418443
aaaaapka_s001_t000,sampling_rate,128,canonicalized,0,4.570110,0.986850,1.315692
aaaaapkx_s001_t001,sampling_rate,128,canonicalized,1,5.709590,0.995533,3.247724
aaaaaply_s001_t001,sampling_rate,128,canonicalized,1,10.543834,0.999956,3.458389
aaaaapmb_s002_t001,sampling_rate,128,canonicalized,1,2.041981,0.870227,0.194389
aaaaapmp_s001_t000,sampling_rate,128,canonicalized,1,5.060791,0.991730,0.407771
aaaaapnr_s001_t000,sampling_rate,128,canonicalized,1,3.125174,0.949681,1.551429
aaaaapoc_s001_t000,sampling_rate,128,canonicalized,1,10.207277,0.999939,4.893702
aaaaapof_s001_t000,sampling_rate,128,canonicalized,0,2.998292,0.943563,0.307878
aaaaapoo_s001_t000,sampling_rate,128,canonicalized,0,4.173594,0.980910,1.367528
aaaaapoq_s001_t000,sampling_rate,128,canonicalized,0,6.168879,0.997115,0.378602
aaaaappb_s001_t000,sampling_rate,128,canonicalized,0,3.669565,0.969463,0.303564
aaaaapqd_s001_t000,sampling_rate,128,canonicalized,1,1.044497,0.721130,0.260013
aaaaapqv_s001_t000,sampling_rate,128,canonicalized,0,0.870523,0.686515,0.981063
aaaaapta_s001_t000,sampling_rate,128,canonicalized,1,10.432758,0.999951,5.743499
aaaaapth_s001_t000,sampling_rate,128,canonicalized,1,2.955269,0.941334,0.573757
aaaaapua_s001_t001,sampling_rate,128,canonicalized,0,3.578744,0.966787,0.255642
aaaaapuu_s001_t000,sampling_rate,128,canonicalized,0,3.513937,0.964741,0.476319
aaaaapvw_s001_t001,sampling_rate,128,canonicalized,1,9.210056,0.999842,1.658326
aaaaapvy_s001_t000,sampling_rate,128,canonicalized,1,3.246468,0.954938,0.873770
aaaaapwn_s001_t001,sampling_rate,128,canonicalized,0,3.515028,0.964776,7.816630
aaaaapwo_s001_t001,sampling_rate,128,canonicalized,1,13.307876,0.999997,4.361386
aaaaapxm_s001_t001,sampling_rate,128,canonicalized,0,3.306468,0.957341,0.583909
aaaaapys_s001_t001,sampling_rate,128,canonicalized,1,18.557634,1.000000,1.087958
aaaaapys_s002_t001,sampling_rate,128,canonicalized,1,13.432129,0.999997,2.700180
aaaaaayx_s002_t000,sampling_rate,128,naive,0,-0.323239,0.411801,1.565557
aaaaabdo_s003_t000,sampling_rate,128,naive,1,5.852720,0.996102,3.391654
aaaaabsk_s007_t000,sampling_rate,128,naive,1,3.341459,0.958686,0.978894
aaaaabuv_s002_t000,sampling_rate,128,naive,1,0.790421,0.669816,0.839361
aaaaacad_s003_t000,sampling_rate,128,naive,0,0.462107,0.597177,0.632462
aaaaacby_s004_t000,sampling_rate,128,naive,0,2.081532,0.874435,0.670641
aaaaaddm_s006_t000,sampling_rate,128,naive,1,2.186786,0.885066,0.819289
aaaaadeu_s002_t000,sampling_rate,128,naive,1,1.450519,0.792152,1.724705
aaaaadjk_s002_t000,sampling_rate,128,naive,0,-1.030579,0.262648,0.333562
aaaaadkb_s002_t000,sampling_rate,128,naive,1,1.617130,0.817143,1.687605
aaaaadsm_s002_t001,sampling_rate,128,naive,0,0.466512,0.598189,0.840976
aaaaaeab_s003_t000,sampling_rate,128,naive,0,0.406749,0.584393,0.467867
aaaaaejc_s003_t001,sampling_rate,128,naive,0,0.548337,0.616824,0.855095
aaaaaezn_s003_t001,sampling_rate,128,naive,1,1.120720,0.735535,1.269324
aaaaafhl_s003_t000,sampling_rate,128,naive,1,1.369023,0.779042,0.475694
aaaaagfk_s003_t000,sampling_rate,128,naive,0,-0.564499,0.357323,0.516419
aaaaagsc_s003_t001,sampling_rate,128,naive,1,2.858613,0.936022,3.626517
aaaaagsc_s006_t001,sampling_rate,128,naive,1,0.319344,0.563981,1.103692
aaaaaguk_s002_t001,sampling_rate,128,naive,0,0.352018,0.571640,2.741998
aaaaagvx_s002_t000,sampling_rate,128,naive,1,1.278195,0.763745,0.335066
aaaaagvx_s003_t001,sampling_rate,128,naive,1,2.308124,0.896341,3.234979
aaaaagyr_s002_t000,sampling_rate,128,naive,1,-0.280930,0.421624,0.873993
aaaaahie_s005_t001,sampling_rate,128,naive,1,3.615634,0.967900,1.947190
aaaaahsv_s002_t000,sampling_rate,128,naive,0,1.493528,0.798835,1.105834
aaaaahte_s002_t000,sampling_rate,128,naive,1,5.215266,0.992857,2.966209
aaaaahte_s003_t000,sampling_rate,128,naive,1,6.425939,0.997742,0.915212
aaaaahuy_s002_t000,sampling_rate,128,naive,1,-0.480625,0.375926,0.358492
aaaaahzi_s001_t000,sampling_rate,128,naive,0,0.992844,0.711099,1.182457
aaaaahzm_s001_t001,sampling_rate,128,naive,0,0.759299,0.663208,0.600054
aaaaahzq_s001_t000,sampling_rate,128,naive,0,-0.228610,0.433858,1.085232
aaaaahzs_s001_t001,sampling_rate,128,naive,0,1.667394,0.824209,1.900343
aaaaaiae_s001_t000,sampling_rate,128,naive,0,0.723867,0.655606,0.908958
aaaaaibx_s001_t000,sampling_rate,128,naive,0,-0.301653,0.416804,0.868169
aaaaaiby_s001_t000,sampling_rate,128,naive,0,1.633548,0.819475,1.268979
aaaaaici_s001_t000,sampling_rate,128,naive,0,0.181096,0.531275,2.184469
aaaaaicn_s001_t000,sampling_rate,128,naive,0,0.295779,0.558437,0.815440
aaaaaijh_s002_t000,sampling_rate,128,naive,1,-2.628970,0.071811,0.743152
aaaaaijn_s001_t001,sampling_rate,128,naive,0,0.318209,0.563714,0.210400
aaaaairb_s001_t001,sampling_rate,128,naive,0,0.974815,0.707548,0.661064
aaaaairo_s001_t000,sampling_rate,128,naive,0,-0.256721,0.427274,1.568179
aaaaaitt_s001_t000,sampling_rate,128,naive,0,-0.086311,0.467499,1.613715
aaaaaiue_s004_t000,sampling_rate,128,naive,1,1.659424,0.823103,1.348414
aaaaaiuo_s002_t000,sampling_rate,128,naive,0,1.285636,0.765026,0.780561
aaaaaiwz_s001_t001,sampling_rate,128,naive,0,-0.176773,0.446059,0.364396
aaaaaiyy_s001_t001,sampling_rate,128,naive,0,1.280149,0.764082,0.616856
aaaaaizd_s001_t001,sampling_rate,128,naive,0,0.460750,0.596865,1.065201
aaaaaizs_s001_t000,sampling_rate,128,naive,0,0.792049,0.670160,0.291343
aaaaajae_s001_t001,sampling_rate,128,naive,0,2.258901,0.891890,0.987992
aaaaajah_s002_t001,sampling_rate,128,naive,1,0.606009,0.629759,0.598008
aaaaajah_s004_t000,sampling_rate,128,naive,1,0.993462,0.711220,2.392117
aaaaajal_s001_t001,sampling_rate,128,naive,0,0.931662,0.698945,1.302560
aaaaajam_s001_t000,sampling_rate,128,naive,1,1.189008,0.748028,0.469005
aaaaajar_s001_t001,sampling_rate,128,naive,0,0.086754,0.508784,0.313273
aaaaajbb_s001_t000,sampling_rate,128,naive,0,1.166381,0.743932,0.374069
aaaaajbh_s002_t000,sampling_rate,128,naive,0,-0.419349,0.389755,0.546133
aaaaajce_s001_t000,sampling_rate,128,naive,0,-0.479238,0.376237,0.996184
aaaaajci_s001_t000,sampling_rate,128,naive,0,0.381379,0.578494,1.781847
aaaaajck_s001_t000,sampling_rate,128,naive,0,-0.150821,0.452193,1.128299
aaaaajct_s001_t000,sampling_rate,128,naive,0,0.927210,0.698050,1.305393
aaaaajcu_s001_t000,sampling_rate,128,naive,0,0.766925,0.664833,1.356683
aaaaajda_s001_t000,sampling_rate,128,naive,0,-0.661971,0.336235,0.670871
aaaaajdb_s001_t000,sampling_rate,128,naive,0,0.612901,0.631293,1.239930
aaaaajdv_s001_t000,sampling_rate,128,naive,0,0.570843,0.621893,0.458036
aaaaajdy_s001_t000,sampling_rate,128,naive,0,0.044647,0.498729,1.152297
aaaaajdz_s001_t000,sampling_rate,128,naive,0,-0.492251,0.373324,0.817159
aaaaajea_s001_t000,sampling_rate,128,naive,0,0.914295,0.695443,0.352453
aaaaajen_s001_t000,sampling_rate,128,naive,0,-0.716004,0.324814,0.296807
aaaaajey_s001_t000,sampling_rate,128,naive,0,1.209252,0.751656,0.355472
aaaaajfb_s001_t000,sampling_rate,128,naive,0,0.402017,0.583294,1.805295
aaaaajfe_s001_t000,sampling_rate,128,naive,0,1.000695,0.712637,1.312055
aaaaajff_s001_t000,sampling_rate,128,naive,0,0.830560,0.678241,0.448779
aaaaajfi_s001_t001,sampling_rate,128,naive,0,1.423959,0.787943,0.455838
aaaaajfn_s001_t001,sampling_rate,128,naive,0,0.203006,0.536484,0.361523
aaaaajfy_s001_t000,sampling_rate,128,naive,0,-0.124522,0.458423,1.118861
aaaaajga_s001_t001,sampling_rate,128,naive,0,3.017008,0.944507,0.875335
aaaaajhy_s001_t000,sampling_rate,128,naive,0,0.118230,0.516296,1.318514
aaaaajit_s001_t001,sampling_rate,128,naive,0,-0.016173,0.484209,2.520035
aaaaajiu_s001_t000,sampling_rate,128,naive,0,1.593068,0.813683,3.209728
aaaaajiy_s001_t001,sampling_rate,128,naive,0,0.354950,0.572326,0.530054
aaaaajiz_s001_t000,sampling_rate,128,naive,0,-0.437750,0.385583,0.673559
aaaaajjb_s001_t001,sampling_rate,128,naive,0,1.304432,0.768238,0.479379
aaaaajje_s001_t000,sampling_rate,128,naive,0,0.912844,0.695149,1.538814
aaaaajjk_s001_t000,sampling_rate,128,naive,0,2.543850,0.915476,1.086439
aaaaajna_s001_t000,sampling_rate,128,naive,0,-0.210645,0.438078,2.030333
aaaaajnu_s001_t000,sampling_rate,128,naive,0,-0.155402,0.451109,0.303783
aaaaajon_s001_t000,sampling_rate,128,naive,0,1.420727,0.787427,2.560962
aaaaajoo_s002_t001,sampling_rate,128,naive,1,-0.492201,0.373335,0.398478
aaaaajpg_s001_t001,sampling_rate,128,naive,0,0.015371,0.491738,1.298917
aaaaajqh_s004_t000,sampling_rate,128,naive,1,3.111964,0.949074,3.262612
aaaaajqk_s003_t001,sampling_rate,128,naive,1,1.445535,0.791367,0.853610
aaaaajrf_s001_t000,sampling_rate,128,naive,1,6.948693,0.998628,5.253353
aaaaajrf_s002_t000,sampling_rate,128,naive,1,11.419079,0.999981,6.542212
aaaaajrf_s003_t002,sampling_rate,128,naive,1,8.560006,0.999705,0.901677
aaaaajrf_s004_t000,sampling_rate,128,naive,1,3.770066,0.972181,1.386672
aaaaajso_s001_t000,sampling_rate,128,naive,1,3.752699,0.971728,2.297375
aaaaajtg_s001_t000,sampling_rate,128,naive,0,1.770494,0.838027,0.173471
aaaaajtu_s001_t000,sampling_rate,128,naive,0,0.096698,0.511158,0.285704
aaaaajuh_s001_t000,sampling_rate,128,naive,1,3.376532,0.959993,6.019052
aaaaajun_s001_t000,sampling_rate,128,naive,0,1.032966,0.718909,0.595731
aaaaajvh_s001_t001,sampling_rate,128,naive,0,2.176125,0.884026,0.633873
aaaaajxp_s001_t000,sampling_rate,128,naive,0,-0.045882,0.477124,1.937358
aaaaakck_s001_t001,sampling_rate,128,naive,1,-0.793307,0.308833,0.196604
aaaaakcx_s001_t001,sampling_rate,128,naive,1,3.286016,0.956536,1.783739
aaaaakcy_s005_t001,sampling_rate,128,naive,1,10.128628,0.999934,1.802435
aaaaakdj_s001_t000,sampling_rate,128,naive,1,0.861769,0.684712,0.329169
aaaaakdo_s001_t000,sampling_rate,128,naive,1,0.952748,0.703167,0.330947
aaaaakeq_s001_t000,sampling_rate,128,naive,1,2.233427,0.889521,3.906100
aaaaakeq_s002_t000,sampling_rate,128,naive,1,2.457055,0.908835,1.838395
aaaaakeq_s003_t000,sampling_rate,128,naive,1,2.188513,0.885233,3.382002
aaaaakev_s001_t001,sampling_rate,128,naive,1,11.255485,0.999978,8.597523
aaaaakev_s002_t000,sampling_rate,128,naive,1,11.688545,0.999985,5.440770
aaaaakft_s001_t000,sampling_rate,128,naive,0,0.994293,0.711383,0.951092
aaaaakgp_s001_t001,sampling_rate,128,naive,0,0.854738,0.683260,1.891587
aaaaakgu_s001_t000,sampling_rate,128,naive,1,0.350604,0.571310,0.459892
aaaaakjk_s002_t002,sampling_rate,128,naive,1,3.071100,0.947154,0.805233
aaaaakjk_s003_t000,sampling_rate,128,naive,1,2.350994,0.900085,1.974937
aaaaakka_s001_t001,sampling_rate,128,naive,0,0.206771,0.537378,1.822019
aaaaakmg_s003_t001,sampling_rate,128,naive,1,6.643345,0.998165,2.534420
aaaaakmh_s001_t000,sampling_rate,128,naive,1,1.769087,0.837844,4.241475
aaaaaknt_s001_t000,sampling_rate,128,naive,1,0.879159,0.688287,0.174060
aaaaakoo_s001_t001,sampling_rate,128,naive,1,8.003046,0.999499,7.370899
aaaaakqg_s001_t001,sampling_rate,128,naive,0,1.349048,0.775740,2.549616
aaaaakqr_s001_t000,sampling_rate,128,naive,0,-0.162910,0.449334,0.961079
aaaaakrt_s001_t001,sampling_rate,128,naive,1,0.326280,0.565609,0.499238
aaaaakrt_s002_t001,sampling_rate,128,naive,1,2.206169,0.886936,1.690920
aaaaaksb_s001_t000,sampling_rate,128,naive,0,-0.959304,0.276046,1.488733
aaaaaksu_s001_t001,sampling_rate,128,naive,0,2.673127,0.924555,2.091972
aaaaakxz_s001_t001,sampling_rate,128,naive,1,3.041999,0.945745,0.138134
aaaaakxz_s002_t001,sampling_rate,128,naive,1,6.588465,0.998066,1.899680
aaaaalaf_s001_t000,sampling_rate,128,naive,0,0.945508,0.701721,0.977155
aaaaalau_s001_t000,sampling_rate,128,naive,1,2.855032,0.935817,2.524119
aaaaalbh_s001_t000,sampling_rate,128,naive,1,2.634307,0.921927,1.714619
aaaaalbt_s001_t001,sampling_rate,128,naive,0,-0.294543,0.418456,1.461085
aaaaalbt_s002_t000,sampling_rate,128,naive,0,-1.125483,0.245472,2.442549
aaaaalbz_s006_t000,sampling_rate,128,naive,1,9.761819,0.999907,9.463338
aaaaalid_s001_t001,sampling_rate,128,naive,0,4.861988,0.990018,4.252269
aaaaaljf_s001_t000,sampling_rate,128,naive,1,1.275594,0.763297,0.391571
aaaaaljj_s001_t000,sampling_rate,128,naive,0,-0.473342,0.377559,1.938257
aaaaallc_s001_t001,sampling_rate,128,naive,0,0.489857,0.603537,0.566133
aaaaalle_s002_t000,sampling_rate,128,naive,1,0.805195,0.672930,0.212518
aaaaalox_s001_t001,sampling_rate,128,naive,0,1.717456,0.831031,2.503090
aaaaalpv_s001_t000,sampling_rate,128,naive,0,0.233959,0.543828,2.975681
aaaaalqa_s001_t000,sampling_rate,128,naive,0,0.311174,0.562061,1.902005
aaaaalqr_s001_t001,sampling_rate,128,naive,1,0.898457,0.692229,0.135226
aaaaalqs_s001_t001,sampling_rate,128,naive,0,-0.707206,0.326660,0.560664
aaaaalqx_s001_t000,sampling_rate,128,naive,0,0.389456,0.580375,1.049221
aaaaalrc_s002_t000,sampling_rate,128,naive,1,11.911354,0.999988,2.024748
aaaaalsq_s001_t000,sampling_rate,128,naive,0,1.161685,0.743077,0.352480
aaaaalsx_s001_t000,sampling_rate,128,naive,1,-0.149996,0.452388,0.330627
aaaaalsx_s004_t001,sampling_rate,128,naive,1,1.704367,0.829268,0.355410
aaaaaluz_s001_t001,sampling_rate,128,naive,0,0.241990,0.545731,0.688133
aaaaalvw_s001_t000,sampling_rate,128,naive,0,-0.615175,0.346284,0.335157
aaaaalvz_s001_t000,sampling_rate,128,naive,1,9.481915,0.999878,2.310318
aaaaalxk_s001_t000,sampling_rate,128,naive,0,0.768269,0.665119,1.098367
aaaaalyr_s001_t000,sampling_rate,128,naive,1,3.165954,0.951510,3.921828
aaaaalzk_s002_t001,sampling_rate,128,naive,1,7.349517,0.999064,1.961827
aaaaamcb_s001_t001,sampling_rate,128,naive,1,2.658143,0.923550,1.870005
aaaaamfe_s001_t001,sampling_rate,128,naive,0,1.298622,0.767248,1.195968
aaaaamft_s001_t001,sampling_rate,128,naive,1,4.313105,0.983252,0.733857
aaaaamfu_s001_t000,sampling_rate,128,naive,0,1.900317,0.854164,1.493088
aaaaamhi_s001_t000,sampling_rate,128,naive,1,7.012447,0.998709,2.308136
aaaaamhk_s001_t000,sampling_rate,128,naive,1,0.427479,0.589194,0.539967
aaaaamjc_s001_t001,sampling_rate,128,naive,1,6.753837,0.998348,2.228822
aaaaammh_s001_t001,sampling_rate,128,naive,1,1.019154,0.716235,0.661368
aaaaamnq_s001_t000,sampling_rate,128,naive,1,2.579074,0.918043,4.918869
aaaaamnq_s002_t000,sampling_rate,128,naive,1,1.875833,0.851226,6.847582
aaaaamon_s001_t000,sampling_rate,128,naive,0,1.178603,0.746150,1.038737
aaaaampz_s001_t000,sampling_rate,128,naive,1,1.739314,0.833943,3.304461
aaaaamrj_s001_t000,sampling_rate,128,naive,0,0.163237,0.527025,0.924093
aaaaamsc_s001_t000,sampling_rate,128,naive,1,0.466331,0.598147,0.287210
aaaaamtb_s001_t000,sampling_rate,128,naive,0,0.993203,0.711170,0.816793
aaaaamuc_s001_t000,sampling_rate,128,naive,0,0.384940,0.579324,0.366634
aaaaamxn_s001_t000,sampling_rate,128,naive,1,0.993053,0.711140,2.204635
aaaaamyb_s001_t001,sampling_rate,128,naive,0,0.534364,0.613665,1.179888
aaaaamye_s001_t000,sampling_rate,128,naive,1,8.168136,0.999572,2.005979
aaaaamzi_s001_t001,sampling_rate,128,naive,1,7.870192,0.999431,1.591974
aaaaamzl_s001_t000,sampling_rate,128,naive,0,-1.241153,0.225585,0.604590
aaaaamzx_s001_t000,sampling_rate,128,naive,0,0.547590,0.616656,0.491634
aaaaanbq_s001_t000,sampling_rate,128,naive,0,0.456848,0.595967,1.337192
aaaaanek_s001_t000,sampling_rate,128,naive,0,0.399975,0.582820,0.916241
aaaaangp_s001_t000,sampling_rate,128,naive,0,0.318030,0.563672,0.759029
aaaaanhb_s001_t003,sampling_rate,128,naive,1,4.127357,0.980065,7.495248
aaaaanhb_s003_t001,sampling_rate,128,naive,1,1.926751,0.857281,0.845691
aaaaanhb_s005_t000,sampling_rate,128,naive,1,4.989475,0.991152,1.073049
aaaaankf_s001_t000,sampling_rate,128,naive,1,4.600181,0.987218,3.997054
aaaaanlp_s001_t000,sampling_rate,128,naive,0,-0.327719,0.410764,2.295037
aaaaanmc_s001_t000,sampling_rate,128,naive,1,1.521060,0.803029,1.902752
aaaaanop_s001_t000,sampling_rate,128,naive,0,1.428400,0.788651,1.817977
aaaaanoz_s001_t000,sampling_rate,128,naive,1,1.195390,0.749176,1.101410
aaaaanpr_s001_t002,sampling_rate,128,naive,1,1.995647,0.865146,1.707900
aaaaanqe_s001_t000,sampling_rate,128,naive,0,0.331982,0.566947,0.713678
aaaaanro_s001_t000,sampling_rate,128,naive,1,2.580929,0.918177,5.714956
aaaaansj_s001_t000,sampling_rate,128,naive,1,2.751446,0.929610,2.615926
aaaaanta_s001_t000,sampling_rate,128,naive,1,2.624208,0.921229,3.699229
aaaaanum_s001_t000,sampling_rate,128,naive,0,-0.028176,0.481346,0.149022
aaaaanvb_s002_t000,sampling_rate,128,naive,0,-0.107077,0.462564,0.292069
aaaaanvg_s001_t002,sampling_rate,128,naive,0,1.472661,0.795613,0.883097
aaaaanvw_s001_t000,sampling_rate,128,naive,0,-0.428385,0.387704,1.927873
aaaaanwc_s001_t001,sampling_rate,128,naive,1,3.045193,0.945902,5.592100
aaaaanxl_s001_t000,sampling_rate,128,naive,1,4.260613,0.982406,6.177178
aaaaanyb_s001_t001,sampling_rate,128,naive,0,-0.363300,0.402563,0.817548
aaaaanyt_s002_t000,sampling_rate,128,naive,1,3.075798,0.947379,1.652306
aaaaanyw_s001_t000,sampling_rate,128,naive,1,2.002485,0.865906,0.353452
aaaaanyw_s002_t000,sampling_rate,128,naive,1,2.680154,0.925021,3.235326
aaaaanzh_s001_t000,sampling_rate,128,naive,1,-0.351467,0.405285,0.781530
aaaaanzu_s001_t003,sampling_rate,128,naive,1,2.775113,0.931076,0.828419
aaaaaoav_s001_t000,sampling_rate,128,naive,0,-1.326077,0.211728,0.864760
aaaaaoav_s002_t000,sampling_rate,128,naive,0,-0.876332,0.292164,0.687067
aaaaaobi_s001_t000,sampling_rate,128,naive,1,0.756992,0.662715,0.542281
aaaaaobl_s001_t000,sampling_rate,128,naive,0,-0.222227,0.435356,0.869170
aaaaaoby_s001_t000,sampling_rate,128,naive,0,0.844379,0.681115,1.772634
aaaaaoda_s001_t000,sampling_rate,128,naive,1,2.137971,0.880236,0.340047
aaaaaoeg_s001_t000,sampling_rate,128,naive,0,0.486353,0.602736,0.909278
aaaaaofj_s001_t000,sampling_rate,128,naive,0,0.987270,0.710004,1.677866
aaaaaofr_s001_t000,sampling_rate,128,naive,0,1.575836,0.811175,0.127793
aaaaaofz_s001_t000,sampling_rate,128,naive,0,-0.025918,0.481884,0.392874
aaaaaohb_s001_t000,sampling_rate,128,naive,1,7.684234,0.999320,0.924507
aaaaaohr_s002_t001,sampling_rate,128,naive,1,3.440025,0.962258,1.145675
aaaaaoiq_s001_t000,sampling_rate,128,naive,1,1.145432,0.740101,0.405319
aaaaaoiv_s001_t000,sampling_rate,128,naive,1,2.554794,0.916281,0.529713
aaaaaoiv_s002_t001,sampling_rate,128,naive,1,4.584315,0.987025,0.823385
aaaaaoiv_s003_t003,sampling_rate,128,naive,1,5.018680,0.991394,2.105708
aaaaaojd_s001_t002,sampling_rate,128,naive,0,2.719771,0.927605,1.572842
aaaaaokg_s001_t000,sampling_rate,128,naive,0,2.439784,0.907458,1.886550
aaaaaoly_s001_t000,sampling_rate,128,naive,0,0.006393,0.489594,3.065004
aaaaaome_s001_t000,sampling_rate,128,naive,0,-1.976245,0.126127,0.269864
aaaaaomx_s001_t000,sampling_rate,128,naive,0,0.330943,0.566703,0.639452
aaaaaomy_s001_t000,sampling_rate,128,naive,1,2.001722,0.865822,2.018017
aaaaaonb_s001_t000,sampling_rate,128,naive,0,1.025090,0.717386,1.521014
aaaaaons_s002_t002,sampling_rate,128,naive,1,0.333324,0.567262,0.388082
aaaaaopd_s001_t000,sampling_rate,128,naive,0,0.216936,0.539791,0.913965
aaaaaopo_s001_t000,sampling_rate,128,naive,0,0.074775,0.505924,0.804200
aaaaaora_s002_t000,sampling_rate,128,naive,1,1.268520,0.762074,1.178139
aaaaaord_s001_t000,sampling_rate,128,naive,1,1.377591,0.780448,0.692837
aaaaaosh_s001_t000,sampling_rate,128,naive,1,0.168908,0.528375,0.977286
aaaaaosw_s001_t000,sampling_rate,128,naive,0,1.544136,0.806492,0.388075
aaaaaote_s001_t000,sampling_rate,128,naive,0,-0.504865,0.370509,1.290142
aaaaaout_s001_t000,sampling_rate,128,naive,1,3.497405,0.964199,2.443307
aaaaaovl_s001_t000,sampling_rate,128,naive,1,7.487792,0.999180,1.678238
aaaaaovo_s001_t000,sampling_rate,128,naive,1,5.713507,0.995550,0.446211
aaaaaowb_s001_t000,sampling_rate,128,naive,0,-1.686208,0.159954,2.464909
aaaaaoxf_s001_t000,sampling_rate,128,naive,0,-0.656647,0.337371,0.663387
aaaaaozf_s001_t001,sampling_rate,128,naive,0,1.158293,0.742458,2.085659
aaaaapag_s001_t000,sampling_rate,128,naive,0,-0.510665,0.369218,1.648534
aaaaapar_s001_t000,sampling_rate,128,naive,1,7.258673,0.998980,0.705564
aaaaapcb_s001_t000,sampling_rate,128,naive,0,0.656864,0.641014,0.891410
aaaaapcy_s001_t002,sampling_rate,128,naive,0,0.831293,0.678393,0.609553
aaaaapdg_s001_t000,sampling_rate,128,naive,0,0.036031,0.496671,1.760999
aaaaaphs_s001_t000,sampling_rate,128,naive,1,3.847738,0.974119,2.111829
aaaaaphw_s001_t000,sampling_rate,128,naive,0,1.978948,0.863274,0.692051
aaaaapij_s001_t000,sampling_rate,128,naive,0,0.385979,0.579565,0.954957
aaaaapjc_s001_t001,sampling_rate,128,naive,0,1.243181,0.757657,0.939671
aaaaapka_s001_t000,sampling_rate,128,naive,0,-0.267081,0.424854,0.626925
aaaaapkx_s001_t001,sampling_rate,128,naive,1,2.007449,0.866456,6.287664
aaaaaply_s001_t001,sampling_rate,128,naive,1,2.222294,0.888471,2.817122
aaaaapmb_s002_t001,sampling_rate,128,naive,1,1.937237,0.858502,0.330965
aaaaapmp_s001_t000,sampling_rate,128,naive,1,1.648969,0.821644,1.425359
aaaaapnr_s001_t000,sampling_rate,128,naive,1,-0.648852,0.339038,1.406829
aaaaapoc_s001_t000,sampling_rate,128,naive,1,1.443552,0.791054,1.352739
aaaaapof_s001_t000,sampling_rate,128,naive,0,-1.296203,0.216531,0.639305
aaaaapoo_s001_t000,sampling_rate,128,naive,0,1.690740,0.827417,3.202748
aaaaapoq_s001_t000,sampling_rate,128,naive,0,1.494784,0.799028,0.538483
aaaaappb_s001_t000,sampling_rate,128,naive,0,-0.363609,0.402492,1.052592
aaaaapqd_s001_t000,sampling_rate,128,naive,1,1.705022,0.829356,1.647779
aaaaapqv_s001_t000,sampling_rate,128,naive,0,0.599436,0.628294,4.450001
aaaaapta_s001_t000,sampling_rate,128,naive,1,1.278912,0.763869,0.697619
aaaaapth_s001_t000,sampling_rate,128,naive,1,4.935223,0.990686,0.941265
aaaaapua_s001_t001,sampling_rate,128,naive,0,0.737103,0.658455,2.052309
aaaaapuu_s001_t000,sampling_rate,128,naive,0,0.518661,0.610102,0.725311
aaaaapvw_s001_t001,sampling_rate,128,naive,1,3.142346,0.950459,1.584491
aaaaapvy_s001_t000,sampling_rate,128,naive,1,1.498209,0.799553,2.563169
aaaaapwn_s001_t001,sampling_rate,128,naive,0,0.152837,0.524547,0.559971
aaaaapwo_s001_t001,sampling_rate,128,naive,1,2.082541,0.874540,0.531241
aaaaapxm_s001_t001,sampling_rate,128,naive,0,-0.401717,0.393769,0.240844
aaaaapys_s001_t001,sampling_rate,128,naive,1,3.284135,0.956462,1.052088
aaaaapys_s002_t001,sampling_rate,128,naive,1,2.046996,0.870767,1.007377
aaaaaayx_s002_t000,sampling_rate,200,canonicalized,0,0.142258,0.522026,2.089459
aaaaabdo_s003_t000,sampling_rate,200,canonicalized,1,5.557213,0.994837,1.736256
aaaaabsk_s007_t000,sampling_rate,200,canonicalized,1,0.147054,0.523169,0.687033
aaaaabuv_s002_t000,sampling_rate,200,canonicalized,1,1.276679,0.763484,0.832673
aaaaacad_s003_t000,sampling_rate,200,canonicalized,0,0.439855,0.592053,0.640716
aaaaacby_s004_t000,sampling_rate,200,canonicalized,0,-1.630934,0.167177,0.119348
aaaaaddm_s006_t000,sampling_rate,200,canonicalized,1,3.116950,0.949304,1.728383
aaaaadeu_s002_t000,sampling_rate,200,canonicalized,1,2.733529,0.928482,0.910454
aaaaadjk_s002_t000,sampling_rate,200,canonicalized,0,-1.925478,0.131570,0.261194
aaaaadkb_s002_t000,sampling_rate,200,canonicalized,1,5.045019,0.991606,4.688710
aaaaadsm_s002_t001,sampling_rate,200,canonicalized,0,-2.383511,0.089097,0.275120
aaaaaeab_s003_t000,sampling_rate,200,canonicalized,0,-0.941924,0.279376,0.570556
aaaaaejc_s003_t001,sampling_rate,200,canonicalized,0,0.362083,0.573993,0.375830
aaaaaezn_s003_t001,sampling_rate,200,canonicalized,1,0.378428,0.577807,4.235275
aaaaafhl_s003_t000,sampling_rate,200,canonicalized,1,-0.139179,0.454949,2.074436
aaaaagfk_s003_t000,sampling_rate,200,canonicalized,0,-1.462204,0.190837,0.299318
aaaaagsc_s003_t001,sampling_rate,200,canonicalized,1,3.517940,0.964870,9.756870
aaaaagsc_s006_t001,sampling_rate,200,canonicalized,1,-1.204847,0.231702,0.622671
aaaaaguk_s002_t001,sampling_rate,200,canonicalized,0,-2.085205,0.115094,0.628301
aaaaagvx_s002_t000,sampling_rate,200,canonicalized,1,-0.219530,0.435990,1.445530
aaaaagvx_s003_t001,sampling_rate,200,canonicalized,1,0.483506,0.602084,0.801735
aaaaagyr_s002_t000,sampling_rate,200,canonicalized,1,-1.102530,0.249556,0.346606
aaaaahie_s005_t001,sampling_rate,200,canonicalized,1,5.613158,0.995104,0.545986
aaaaahsv_s002_t000,sampling_rate,200,canonicalized,0,-1.407912,0.198975,1.991650
aaaaahte_s002_t000,sampling_rate,200,canonicalized,1,6.551035,0.997996,3.579984
aaaaahte_s003_t000,sampling_rate,200,canonicalized,1,5.351096,0.993721,1.407874
aaaaahuy_s002_t000,sampling_rate,200,canonicalized,1,-2.436441,0.085078,0.172872
aaaaahzi_s001_t000,sampling_rate,200,canonicalized,0,0.024737,0.493974,0.410043
aaaaahzm_s001_t001,sampling_rate,200,canonicalized,0,-0.864550,0.294497,0.109540
aaaaahzq_s001_t000,sampling_rate,200,canonicalized,0,-3.570500,0.030512,0.587367
aaaaahzs_s001_t001,sampling_rate,200,canonicalized,0,-0.054056,0.475176,0.404366
aaaaaiae_s001_t000,sampling_rate,200,canonicalized,0,-0.252847,0.428180,0.687145
aaaaaibx_s001_t000,sampling_rate,200,canonicalized,0,-0.995046,0.269275,0.791348
aaaaaiby_s001_t000,sampling_rate,200,canonicalized,0,-0.741366,0.319523,0.891775
aaaaaici_s001_t000,sampling_rate,200,canonicalized,0,-2.174920,0.106649,3.524674
aaaaaicn_s001_t000,sampling_rate,200,canonicalized,0,-0.221000,0.435645,0.408012
aaaaaijh_s002_t000,sampling_rate,200,canonicalized,1,-3.087745,0.047541,0.202608
aaaaaijn_s001_t001,sampling_rate,200,canonicalized,0,-1.348345,0.208200,0.283640
aaaaairb_s001_t001,sampling_rate,200,canonicalized,0,0.934744,0.699564,0.270351
aaaaairo_s001_t000,sampling_rate,200,canonicalized,0,-1.835092,0.141754,1.029853
aaaaaitt_s001_t000,sampling_rate,200,canonicalized,0,-1.429078,0.195772,1.700500
aaaaaiue_s004_t000,sampling_rate,200,canonicalized,1,0.288605,0.556747,0.883124
aaaaaiuo_s002_t000,sampling_rate,200,canonicalized,0,0.371855,0.576274,0.631467
aaaaaiwz_s001_t001,sampling_rate,200,canonicalized,0,-2.337003,0.092770,0.266645
aaaaaiyy_s001_t001,sampling_rate,200,canonicalized,0,-2.495671,0.080776,1.251125
aaaaaizd_s001_t001,sampling_rate,200,canonicalized,0,-0.300992,0.416958,1.335590
aaaaaizs_s001_t000,sampling_rate,200,canonicalized,0,0.082181,0.507692,0.328058
aaaaajae_s001_t001,sampling_rate,200,canonicalized,0,1.708312,0.829801,1.363976
aaaaajah_s002_t001,sampling_rate,200,canonicalized,1,0.477922,0.600806,1.151170
aaaaajah_s004_t000,sampling_rate,200,canonicalized,1,-0.904012,0.286726,1.546560
aaaaajal_s001_t001,sampling_rate,200,canonicalized,0,-2.259981,0.099151,0.600808
aaaaajam_s001_t000,sampling_rate,200,canonicalized,1,-1.381958,0.202956,0.115991
aaaaajar_s001_t001,sampling_rate,200,canonicalized,0,-1.579906,0.174075,0.521321
aaaaajbb_s001_t000,sampling_rate,200,canonicalized,0,0.714423,0.653566,0.955825
aaaaajbh_s002_t000,sampling_rate,200,canonicalized,0,-1.897718,0.134630,0.374683
aaaaajce_s001_t000,sampling_rate,200,canonicalized,0,-0.994592,0.269360,0.660243
aaaaajci_s001_t000,sampling_rate,200,canonicalized,0,-0.513525,0.368582,0.325732
aaaaajck_s001_t000,sampling_rate,200,canonicalized,0,-1.768026,0.149729,0.403804
aaaaajct_s001_t000,sampling_rate,200,canonicalized,0,0.166408,0.527780,0.856886
aaaaajcu_s001_t000,sampling_rate,200,canonicalized,0,-1.279216,0.219296,0.675696
aaaaajda_s001_t000,sampling_rate,200,canonicalized,0,-2.094448,0.114198,0.771015
aaaaajdb_s001_t000,sampling_rate,200,canonicalized,0,-0.962294,0.275476,1.319477
aaaaajdv_s001_t000,sampling_rate,200,canonicalized,0,0.569116,0.621505,2.381797
aaaaajdy_s001_t000,sampling_rate,200,canonicalized,0,-2.489260,0.081232,0.734705
aaaaajdz_s001_t000,sampling_rate,200,canonicalized,0,-0.025365,0.482016,0.664467
aaaaajea_s001_t000,sampling_rate,200,canonicalized,0,1.276762,0.763498,1.409783
aaaaajen_s001_t000,sampling_rate,200,canonicalized,0,-1.194397,0.233484,0.492323
aaaaajey_s001_t000,sampling_rate,200,canonicalized,0,-0.440830,0.384886,0.410710
aaaaajfb_s001_t000,sampling_rate,200,canonicalized,0,-2.643121,0.070916,2.828240
aaaaajfe_s001_t000,sampling_rate,200,canonicalized,0,-1.990729,0.124610,0.609555
aaaaajff_s001_t000,sampling_rate,200,canonicalized,0,-2.922926,0.055200,0.738213
aaaaajfi_s001_t001,sampling_rate,200,canonicalized,0,-0.867612,0.293890,0.120889
aaaaajfn_s001_t001,sampling_rate,200,canonicalized,0,-1.628713,0.167473,1.179545
aaaaajfy_s001_t000,sampling_rate,200,canonicalized,0,-2.205927,0.103859,0.288953
aaaaajga_s001_t001,sampling_rate,200,canonicalized,0,0.712487,0.653147,2.862808
aaaaajhy_s001_t000,sampling_rate,200,canonicalized,0,-2.765470,0.063590,0.561333
aaaaajit_s001_t001,sampling_rate,200,canonicalized,0,-1.781808,0.148060,1.069162
aaaaajiu_s001_t000,sampling_rate,200,canonicalized,0,1.470603,0.795293,1.560344
aaaaajiy_s001_t001,sampling_rate,200,canonicalized,0,-1.306352,0.214890,0.634694
aaaaajiz_s001_t000,sampling_rate,200,canonicalized,0,-0.592610,0.351180,0.927756
aaaaajjb_s001_t001,sampling_rate,200,canonicalized,0,-0.703315,0.327478,1.457991
aaaaajje_s001_t000,sampling_rate,200,canonicalized,0,-1.530798,0.180923,0.634541
aaaaajjk_s001_t000,sampling_rate,200,canonicalized,0,-0.988287,0.270547,0.748623
aaaaajna_s001_t000,sampling_rate,200,canonicalized,0,-2.417211,0.086519,0.584428
aaaaajnu_s001_t000,sampling_rate,200,canonicalized,0,-2.527364,0.078556,0.920560
aaaaajon_s001_t000,sampling_rate,200,canonicalized,0,-0.434562,0.386304,2.090022
aaaaajoo_s002_t001,sampling_rate,200,canonicalized,1,-0.675993,0.333252,0.075497
aaaaajpg_s001_t001,sampling_rate,200,canonicalized,0,-1.740976,0.153048,0.533586
aaaaajqh_s004_t000,sampling_rate,200,canonicalized,1,5.375360,0.993864,1.956208
aaaaajqk_s003_t001,sampling_rate,200,canonicalized,1,2.344585,0.899533,0.774122
aaaaajrf_s001_t000,sampling_rate,200,canonicalized,1,10.092387,0.999932,3.734240
aaaaajrf_s002_t000,sampling_rate,200,canonicalized,1,11.889623,0.999988,1.524383
aaaaajrf_s003_t002,sampling_rate,200,canonicalized,1,9.926454,0.999920,3.777507
aaaaajrf_s004_t000,sampling_rate,200,canonicalized,1,2.026506,0.868549,0.373052
aaaaajso_s001_t000,sampling_rate,200,canonicalized,1,5.899166,0.996270,1.069485
aaaaajtg_s001_t000,sampling_rate,200,canonicalized,0,0.072673,0.505422,2.844651
aaaaajtu_s001_t000,sampling_rate,200,canonicalized,0,-0.255228,0.427623,0.482113
aaaaajuh_s001_t000,sampling_rate,200,canonicalized,1,5.502620,0.994562,7.092067
aaaaajun_s001_t000,sampling_rate,200,canonicalized,0,1.214157,0.752529,0.435864
aaaaajvh_s001_t001,sampling_rate,200,canonicalized,0,-0.067390,0.472001,1.046489
aaaaajxp_s001_t000,sampling_rate,200,canonicalized,0,-1.196122,0.233189,0.542360
aaaaakck_s001_t001,sampling_rate,200,canonicalized,1,1.381814,0.781138,0.270130
aaaaakcx_s001_t001,sampling_rate,200,canonicalized,1,6.710486,0.998278,3.505827
aaaaakcy_s005_t001,sampling_rate,200,canonicalized,1,7.527357,0.999210,3.115152
aaaaakdj_s001_t000,sampling_rate,200,canonicalized,1,1.440157,0.790517,0.740422
aaaaakdo_s001_t000,sampling_rate,200,canonicalized,1,0.394429,0.581531,1.476024
aaaaakeq_s001_t000,sampling_rate,200,canonicalized,1,3.191714,0.952633,3.172462
aaaaakeq_s002_t000,sampling_rate,200,canonicalized,1,2.379971,0.902547,1.356754
aaaaakeq_s003_t000,sampling_rate,200,canonicalized,1,3.359062,0.959347,3.038558
aaaaakev_s001_t001,sampling_rate,200,canonicalized,1,10.775013,0.999964,12.369137
aaaaakev_s002_t000,sampling_rate,200,canonicalized,1,10.052994,0.999929,4.484734
aaaaakft_s001_t000,sampling_rate,200,canonicalized,0,-1.772657,0.149166,0.500168
aaaaakgp_s001_t001,sampling_rate,200,canonicalized,0,0.905950,0.693752,1.650636
aaaaakgu_s001_t000,sampling_rate,200,canonicalized,1,-1.418825,0.197318,0.305779
aaaaakjk_s002_t002,sampling_rate,200,canonicalized,1,2.227283,0.888943,0.616845
aaaaakjk_s003_t000,sampling_rate,200,canonicalized,1,1.782544,0.839583,1.361060
aaaaakka_s001_t001,sampling_rate,200,canonicalized,0,-1.266150,0.221441,0.698320
aaaaakmg_s003_t001,sampling_rate,200,canonicalized,1,5.659466,0.995315,0.838335
aaaaakmh_s001_t000,sampling_rate,200,canonicalized,1,0.083937,0.508112,1.889289
aaaaaknt_s001_t000,sampling_rate,200,canonicalized,1,0.680812,0.646261,1.732945
aaaaakoo_s001_t001,sampling_rate,200,canonicalized,1,9.935131,0.999921,2.265225
aaaaakqg_s001_t001,sampling_rate,200,canonicalized,0,-0.652710,0.338213,0.922755
aaaaakqr_s001_t000,sampling_rate,200,canonicalized,0,-1.343946,0.208893,0.552392
aaaaakrt_s001_t001,sampling_rate,200,canonicalized,1,3.673242,0.969567,0.731396
aaaaakrt_s002_t001,sampling_rate,200,canonicalized,1,3.851575,0.974211,3.289366
aaaaaksb_s001_t000,sampling_rate,200,canonicalized,0,-1.901256,0.134237,0.401316
aaaaaksu_s001_t001,sampling_rate,200,canonicalized,0,-0.260695,0.426345,0.787417
aaaaakxz_s001_t001,sampling_rate,200,canonicalized,1,-0.230167,0.433493,0.303284
aaaaakxz_s002_t001,sampling_rate,200,canonicalized,1,3.014916,0.944403,2.289792
aaaaalaf_s001_t000,sampling_rate,200,canonicalized,0,-1.496078,0.185890,0.156817
aaaaalau_s001_t000,sampling_rate,200,canonicalized,1,1.448123,0.791775,0.629182
aaaaalbh_s001_t000,sampling_rate,200,canonicalized,1,2.519526,0.913660,5.435430
aaaaalbt_s001_t001,sampling_rate,200,canonicalized,0,-1.093269,0.251216,0.482910
aaaaalbt_s002_t000,sampling_rate,200,canonicalized,0,-1.501440,0.185116,1.560697
aaaaalbz_s006_t000,sampling_rate,200,canonicalized,1,8.098942,0.999542,3.713621
aaaaalid_s001_t001,sampling_rate,200,canonicalized,0,2.350784,0.900067,1.844518
aaaaaljf_s001_t000,sampling_rate,200,canonicalized,1,1.985797,0.864044,0.983142
aaaaaljj_s001_t000,sampling_rate,200,canonicalized,0,-1.986896,0.125010,1.368423
aaaaallc_s001_t001,sampling_rate,200,canonicalized,0,-0.069524,0.471493,1.754264
aaaaalle_s002_t000,sampling_rate,200,canonicalized,1,0.998496,0.712207,0.362207
aaaaalox_s001_t001,sampling_rate,200,canonicalized,0,2.705366,0.926675,4.368943
aaaaalpv_s001_t000,sampling_rate,200,canonicalized,0,0.122089,0.517217,0.763473
aaaaalqa_s001_t000,sampling_rate,200,canonicalized,0,-1.201296,0.232306,1.022296
aaaaalqr_s001_t001,sampling_rate,200,canonicalized,1,1.000667,0.712632,0.072381
aaaaalqs_s001_t001,sampling_rate,200,canonicalized,0,-1.637606,0.166292,0.446571
aaaaalqx_s001_t000,sampling_rate,200,canonicalized,0,-2.425126,0.085923,0.905622
aaaaalrc_s002_t000,sampling_rate,200,canonicalized,1,15.784140,1.000000,2.962004
aaaaalsq_s001_t000,sampling_rate,200,canonicalized,0,0.655625,0.640741,0.250808
aaaaalsx_s001_t000,sampling_rate,200,canonicalized,1,-0.418796,0.389881,0.296025
aaaaalsx_s004_t001,sampling_rate,200,canonicalized,1,-0.624991,0.344165,0.296011
aaaaaluz_s001_t001,sampling_rate,200,canonicalized,0,-1.107645,0.248642,0.451637
aaaaalvw_s001_t000,sampling_rate,200,canonicalized,0,-3.329400,0.038114,0.332383
aaaaalvz_s001_t000,sampling_rate,200,canonicalized,1,9.657531,0.999897,1.974387
aaaaalxk_s001_t000,sampling_rate,200,canonicalized,0,0.405250,0.584045,0.368554
aaaaalyr_s001_t000,sampling_rate,200,canonicalized,1,0.120230,0.516774,0.235676
aaaaalzk_s002_t001,sampling_rate,200,canonicalized,1,7.887539,0.999440,6.467389
aaaaamcb_s001_t001,sampling_rate,200,canonicalized,1,6.547538,0.997989,2.116247
aaaaamfe_s001_t001,sampling_rate,200,canonicalized,0,1.090774,0.729933,1.577788
aaaaamft_s001_t001,sampling_rate,200,canonicalized,1,2.194947,0.885856,0.196059
aaaaamfu_s001_t000,sampling_rate,200,canonicalized,0,-0.438176,0.385486,0.221066
aaaaamhi_s001_t000,sampling_rate,200,canonicalized,1,7.009903,0.998706,4.750213
aaaaamhk_s001_t000,sampling_rate,200,canonicalized,1,1.653611,0.822293,0.267092
aaaaamjc_s001_t001,sampling_rate,200,canonicalized,1,6.863344,0.998512,2.473827
aaaaammh_s001_t001,sampling_rate,200,canonicalized,1,1.236014,0.756397,0.965778
aaaaamnq_s001_t000,sampling_rate,200,canonicalized,1,4.977999,0.991056,7.323361
aaaaamnq_s002_t000,sampling_rate,200,canonicalized,1,3.712178,0.970645,1.777771
aaaaamon_s001_t000,sampling_rate,200,canonicalized,0,-0.013489,0.484849,2.064507
aaaaampz_s001_t000,sampling_rate,200,canonicalized,1,0.115553,0.515658,1.233141
aaaaamrj_s001_t000,sampling_rate,200,canonicalized,0,-0.268652,0.424487,0.136806
aaaaamsc_s001_t000,sampling_rate,200,canonicalized,1,2.813156,0.933372,0.634810
aaaaamtb_s001_t000,sampling_rate,200,canonicalized,0,3.168239,0.951611,2.105985
aaaaamuc_s001_t000,sampling_rate,200,canonicalized,0,-1.579134,0.174181,0.405315
aaaaamxn_s001_t000,sampling_rate,200,canonicalized,1,0.814445,0.674872,0.234580
aaaaamyb_s001_t001,sampling_rate,200,canonicalized,0,-1.695880,0.158716,1.774407
aaaaamye_s001_t000,sampling_rate,200,canonicalized,1,8.613443,0.999720,3.242747
aaaaamzi_s001_t001,sampling_rate,200,canonicalized,1,5.617812,0.995126,6.855468
aaaaamzl_s001_t000,sampling_rate,200,canonicalized,0,-1.707736,0.157210,0.248250
aaaaamzx_s001_t000,sampling_rate,200,canonicalized,0,-2.696460,0.067631,1.390032
aaaaanbq_s001_t000,sampling_rate,200,canonicalized,0,-1.495440,0.185982,0.579281
aaaaanek_s001_t000,sampling_rate,200,canonicalized,0,-2.375583,0.089714,0.245394
aaaaangp_s001_t000,sampling_rate,200,canonicalized,0,-0.728685,0.322163,0.457088
aaaaanhb_s001_t003,sampling_rate,200,canonicalized,1,3.012478,0.944280,3.764696
aaaaanhb_s003_t001,sampling_rate,200,canonicalized,1,2.730849,0.928312,0.912340
aaaaanhb_s005_t000,sampling_rate,200,canonicalized,1,3.514464,0.964758,2.223680
aaaaankf_s001_t000,sampling_rate,200,canonicalized,1,4.402937,0.984608,0.806448
aaaaanlp_s001_t000,sampling_rate,200,canonicalized,0,-0.571715,0.355741,0.530116
aaaaanmc_s001_t000,sampling_rate,200,canonicalized,1,4.268755,0.982540,4.811792
aaaaanop_s001_t000,sampling_rate,200,canonicalized,0,0.468911,0.598739,2.298749
aaaaanoz_s001_t000,sampling_rate,200,canonicalized,1,-1.142631,0.242450,0.619099
aaaaanpr_s001_t002,sampling_rate,200,canonicalized,1,1.129933,0.737243,1.623211
aaaaanqe_s001_t000,sampling_rate,200,canonicalized,0,-1.786191,0.147533,0.949889
aaaaanro_s001_t000,sampling_rate,200,canonicalized,1,2.857049,0.935932,1.974895
aaaaansj_s001_t000,sampling_rate,200,canonicalized,1,1.807174,0.842727,2.518810
aaaaanta_s001_t000,sampling_rate,200,canonicalized,1,4.672274,0.988058,4.811073
aaaaanum_s001_t000,sampling_rate,200,canonicalized,0,-0.660938,0.336455,0.627102
aaaaanvb_s002_t000,sampling_rate,200,canonicalized,0,-0.830423,0.301316,0.580671
aaaaanvg_s001_t002,sampling_rate,200,canonicalized,0,1.535516,0.805204,0.457986
aaaaanvw_s001_t000,sampling_rate,200,canonicalized,0,-2.110086,0.112695,1.078598
aaaaanwc_s001_t001,sampling_rate,200,canonicalized,1,3.914576,0.975681,19.762611
aaaaanxl_s001_t000,sampling_rate,200,canonicalized,1,4.271341,0.982582,3.916882
aaaaanyb_s001_t001,sampling_rate,200,canonicalized,0,-0.898408,0.287822,0.117614
aaaaanyt_s002_t000,sampling_rate,200,canonicalized,1,5.094357,0.991989,2.774706
aaaaanyw_s001_t000,sampling_rate,200,canonicalized,1,2.327942,0.898087,0.336320
aaaaanyw_s002_t000,sampling_rate,200,canonicalized,1,2.690158,0.925682,3.961749
aaaaanzh_s001_t000,sampling_rate,200,canonicalized,1,-0.279122,0.422046,1.918186
aaaaanzu_s001_t003,sampling_rate,200,canonicalized,1,2.715368,0.927322,1.984799
aaaaaoav_s001_t000,sampling_rate,200,canonicalized,0,-0.762715,0.315105,0.511038
aaaaaoav_s002_t000,sampling_rate,200,canonicalized,0,-1.288710,0.217748,0.727993
aaaaaobi_s001_t000,sampling_rate,200,canonicalized,1,-0.123729,0.458611,0.441276
aaaaaobl_s001_t000,sampling_rate,200,canonicalized,0,-1.253356,0.223555,0.706251
aaaaaoby_s001_t000,sampling_rate,200,canonicalized,0,-0.266550,0.424978,1.989182
aaaaaoda_s001_t000,sampling_rate,200,canonicalized,1,6.204176,0.997211,2.190272
aaaaaoeg_s001_t000,sampling_rate,200,canonicalized,0,-1.054804,0.258191,0.441320
aaaaaofj_s001_t000,sampling_rate,200,canonicalized,0,-0.677949,0.332837,0.960483
aaaaaofr_s001_t000,sampling_rate,200,canonicalized,0,0.359362,0.573357,1.519388
aaaaaofz_s001_t000,sampling_rate,200,canonicalized,0,-0.916736,0.284247,0.530959
aaaaaohb_s001_t000,sampling_rate,200,canonicalized,1,4.662292,0.987945,0.557554
aaaaaohr_s002_t001,sampling_rate,200,canonicalized,1,4.119483,0.979917,0.810200
aaaaaoiq_s001_t000,sampling_rate,200,canonicalized,1,0.729705,0.656864,0.602270
aaaaaoiv_s001_t000,sampling_rate,200,canonicalized,1,-0.559302,0.358464,0.224543
aaaaaoiv_s002_t001,sampling_rate,200,canonicalized,1,8.185266,0.999579,2.155825
aaaaaoiv_s003_t003,sampling_rate,200,canonicalized,1,7.971261,0.999483,1.433095
aaaaaojd_s001_t002,sampling_rate,200,canonicalized,0,-0.323532,0.411733,1.518345
aaaaaokg_s001_t000,sampling_rate,200,canonicalized,0,2.492251,0.911583,3.683274
aaaaaoly_s001_t000,sampling_rate,200,canonicalized,0,-1.223133,0.228607,5.766857
aaaaaome_s001_t000,sampling_rate,200,canonicalized,0,-1.353212,0.207434,0.288465
aaaaaomx_s001_t000,sampling_rate,200,canonicalized,0,-0.664364,0.335725,0.321890
aaaaaomy_s001_t000,sampling_rate,200,canonicalized,1,4.551912,0.986622,12.419819
aaaaaonb_s001_t000,sampling_rate,200,canonicalized,0,0.320498,0.564252,0.597380
aaaaaons_s002_t002,sampling_rate,200,canonicalized,1,2.654060,0.923274,0.614462
aaaaaopd_s001_t000,sampling_rate,200,canonicalized,0,-2.509428,0.079805,1.737481
aaaaaopo_s001_t000,sampling_rate,200,canonicalized,0,-1.099528,0.250093,1.055839
aaaaaora_s002_t000,sampling_rate,200,canonicalized,1,1.522164,0.803196,0.957417
aaaaaord_s001_t000,sampling_rate,200,canonicalized,1,0.765218,0.664470,0.824394
aaaaaosh_s001_t000,sampling_rate,200,canonicalized,1,-0.040957,0.478298,0.656511
aaaaaosw_s001_t000,sampling_rate,200,canonicalized,0,-0.112851,0.461193,2.650647
aaaaaote_s001_t000,sampling_rate,200,canonicalized,0,-1.229198,0.227587,1.298703
aaaaaout_s001_t000,sampling_rate,200,canonicalized,1,1.632478,0.819323,2.390234
aaaaaovl_s001_t000,sampling_rate,200,canonicalized,1,4.858221,0.989982,0.581431
aaaaaovo_s001_t000,sampling_rate,200,canonicalized,1,7.429876,0.999133,2.524064
aaaaaowb_s001_t000,sampling_rate,200,canonicalized,0,-1.240205,0.225743,1.790304
aaaaaoxf_s001_t000,sampling_rate,200,canonicalized,0,-1.379213,0.203380,0.213926
aaaaaozf_s001_t001,sampling_rate,200,canonicalized,0,-0.317720,0.413078,1.933063
aaaaapag_s001_t000,sampling_rate,200,canonicalized,0,-1.359418,0.206461,2.375377
aaaaapar_s001_t000,sampling_rate,200,canonicalized,1,13.688511,0.999998,1.453005
aaaaapcb_s001_t000,sampling_rate,200,canonicalized,0,-0.046072,0.477079,0.327044
aaaaapcy_s001_t002,sampling_rate,200,canonicalized,0,-1.561913,0.176560,1.137552
aaaaapdg_s001_t000,sampling_rate,200,canonicalized,0,-1.342427,0.209133,0.134141
aaaaaphs_s001_t000,sampling_rate,200,canonicalized,1,4.418091,0.984826,0.762378
aaaaaphw_s001_t000,sampling_rate,200,canonicalized,0,1.634181,0.819564,1.457144
aaaaapij_s001_t000,sampling_rate,200,canonicalized,0,-0.934987,0.280713,0.435405
aaaaapjc_s001_t001,sampling_rate,200,canonicalized,0,-3.045169,0.049417,0.538569
aaaaapka_s001_t000,sampling_rate,200,canonicalized,0,-1.425872,0.196254,0.726082
aaaaapkx_s001_t001,sampling_rate,200,canonicalized,1,-0.924586,0.282723,3.223837
aaaaaply_s001_t001,sampling_rate,200,canonicalized,1,4.493551,0.985866,4.434581
aaaaapmb_s002_t001,sampling_rate,200,canonicalized,1,0.840631,0.680336,0.226278
aaaaapmp_s001_t000,sampling_rate,200,canonicalized,1,0.688178,0.647868,0.302599
aaaaapnr_s001_t000,sampling_rate,200,canonicalized,1,-1.200524,0.232438,1.088610
aaaaapoc_s001_t000,sampling_rate,200,canonicalized,1,3.766936,0.972100,1.306759
aaaaapof_s001_t000,sampling_rate,200,canonicalized,0,-1.285353,0.218294,0.617334
aaaaapoo_s001_t000,sampling_rate,200,canonicalized,0,-1.258750,0.222662,2.887066
aaaaapoq_s001_t000,sampling_rate,200,canonicalized,0,1.794360,0.841097,0.554603
aaaaappb_s001_t000,sampling_rate,200,canonicalized,0,-0.718140,0.324367,0.408074
aaaaapqd_s001_t000,sampling_rate,200,canonicalized,1,-0.922096,0.283206,0.527485
aaaaapqv_s001_t000,sampling_rate,200,canonicalized,0,-1.703425,0.157756,3.227933
aaaaapta_s001_t000,sampling_rate,200,canonicalized,1,3.672103,0.969535,4.226716
aaaaapth_s001_t000,sampling_rate,200,canonicalized,1,0.817889,0.675593,1.846071
aaaaapua_s001_t001,sampling_rate,200,canonicalized,0,-3.026862,0.050245,0.363269
aaaaapuu_s001_t000,sampling_rate,200,canonicalized,0,-1.629233,0.167403,0.113247
aaaaapvw_s001_t001,sampling_rate,200,canonicalized,1,3.727441,0.971058,1.533926
aaaaapvy_s001_t000,sampling_rate,200,canonicalized,1,0.910641,0.694703,1.400149
aaaaapwn_s001_t001,sampling_rate,200,canonicalized,0,-0.303483,0.416380,2.659417
aaaaapwo_s001_t001,sampling_rate,200,canonicalized,1,8.376369,0.999649,1.614373
aaaaapxm_s001_t001,sampling_rate,200,canonicalized,0,-1.664205,0.162799,0.154397
aaaaapys_s001_t001,sampling_rate,200,canonicalized,1,13.222935,0.999997,0.467688
aaaaapys_s002_t001,sampling_rate,200,canonicalized,1,9.337191,0.999860,2.299984
aaaaaayx_s002_t000,sampling_rate,200,naive,0,0.196811,0.535012,3.542409
aaaaabdo_s003_t000,sampling_rate,200,naive,1,5.017555,0.991384,3.090464
aaaaabsk_s007_t000,sampling_rate,200,naive,1,-0.123496,0.458667,0.730753
aaaaabuv_s002_t000,sampling_rate,200,naive,1,0.809704,0.673877,0.221546
aaaaacad_s003_t000,sampling_rate,200,naive,0,-0.595319,0.350591,0.225783
aaaaacby_s004_t000,sampling_rate,200,naive,0,-0.635084,0.341991,0.272752
aaaaaddm_s006_t000,sampling_rate,200,naive,1,2.495607,0.911841,0.975234
aaaaadeu_s002_t000,sampling_rate,200,naive,1,1.625098,0.818277,0.681597
aaaaadjk_s002_t000,sampling_rate,200,naive,0,-1.347182,0.208383,0.217224
aaaaadkb_s002_t000,sampling_rate,200,naive,1,3.349720,0.958997,3.294174
aaaaadsm_s002_t001,sampling_rate,200,naive,0,-1.524385,0.181832,0.629612
aaaaaeab_s003_t000,sampling_rate,200,naive,0,-1.139299,0.243036,0.344246
aaaaaejc_s003_t001,sampling_rate,200,naive,0,0.303883,0.560345,0.625249
aaaaaezn_s003_t001,sampling_rate,200,naive,1,-0.038889,0.478791,3.005704
aaaaafhl_s003_t000,sampling_rate,200,naive,1,0.930216,0.698655,1.019028
aaaaagfk_s003_t000,sampling_rate,200,naive,0,-1.306357,0.214890,0.779075
aaaaagsc_s003_t001,sampling_rate,200,naive,1,2.940880,0.940570,7.427680
aaaaagsc_s006_t001,sampling_rate,200,naive,1,-1.254510,0.223364,0.672339
aaaaaguk_s002_t001,sampling_rate,200,naive,0,-1.132195,0.244286,0.358118
aaaaagvx_s002_t000,sampling_rate,200,naive,1,-0.903539,0.286818,1.218156
aaaaagvx_s003_t001,sampling_rate,200,naive,1,0.439565,0.591986,0.795545
aaaaagyr_s002_t000,sampling_rate,200,naive,1,-0.649077,0.338990,1.967822
aaaaahie_s005_t001,sampling_rate,200,naive,1,3.809591,0.973184,0.261601
aaaaahsv_s002_t000,sampling_rate,200,naive,0,-1.158265,0.239718,2.011933
aaaaahte_s002_t000,sampling_rate,200,naive,1,4.740879,0.988807,1.995957
aaaaahte_s003_t000,sampling_rate,200,naive,1,5.208326,0.992810,1.010635
aaaaahuy_s002_t000,sampling_rate,200,naive,1,-0.572732,0.355519,0.156993
aaaaahzi_s001_t000,sampling_rate,200,naive,0,0.013482,0.491287,0.374290
aaaaahzm_s001_t001,sampling_rate,200,naive,0,0.600201,0.628465,0.088548
aaaaahzq_s001_t000,sampling_rate,200,naive,0,-1.756448,0.151142,0.412846
aaaaahzs_s001_t001,sampling_rate,200,naive,0,0.526251,0.611825,0.551325
aaaaaiae_s001_t000,sampling_rate,200,naive,0,0.291056,0.557324,0.933664
aaaaaibx_s001_t000,sampling_rate,200,naive,0,-1.434136,0.195012,0.579914
aaaaaiby_s001_t000,sampling_rate,200,naive,0,-0.342289,0.407400,1.543689
aaaaaici_s001_t000,sampling_rate,200,naive,0,-0.887931,0.289878,3.559844
aaaaaicn_s001_t000,sampling_rate,200,naive,0,-0.577025,0.354580,0.168249
aaaaaijh_s002_t000,sampling_rate,200,naive,1,-2.287400,0.096836,0.743276
aaaaaijn_s001_t001,sampling_rate,200,naive,0,-1.695244,0.158797,0.303063
aaaaairb_s001_t001,sampling_rate,200,naive,0,-0.194026,0.441990,0.789531
aaaaairo_s001_t000,sampling_rate,200,naive,0,-1.066203,0.256111,2.660436
aaaaaitt_s001_t000,sampling_rate,200,naive,0,-0.830635,0.301273,1.213102
aaaaaiue_s004_t000,sampling_rate,200,naive,1,-0.129775,0.457178,2.465293
aaaaaiuo_s002_t000,sampling_rate,200,naive,0,-0.035562,0.479584,1.506769
aaaaaiwz_s001_t001,sampling_rate,200,naive,0,-2.302104,0.095614,0.220450
aaaaaiyy_s001_t001,sampling_rate,200,naive,0,-1.458515,0.191382,0.789967
aaaaaizd_s001_t001,sampling_rate,200,naive,0,-0.518282,0.367525,1.246382
aaaaaizs_s001_t000,sampling_rate,200,naive,0,-0.348791,0.405901,0.379302
aaaaajae_s001_t001,sampling_rate,200,naive,0,0.654941,0.640591,0.543496
aaaaajah_s002_t001,sampling_rate,200,naive,1,0.310488,0.561899,0.451641
aaaaajah_s004_t000,sampling_rate,200,naive,1,-0.799441,0.307583,1.093248
aaaaajal_s001_t001,sampling_rate,200,naive,0,-1.200141,0.232503,0.372049
aaaaajam_s001_t000,sampling_rate,200,naive,1,-1.108431,0.248502,0.228301
aaaaajar_s001_t001,sampling_rate,200,naive,0,-2.197349,0.104625,0.422204
aaaaajbb_s001_t000,sampling_rate,200,naive,0,0.177564,0.530435,0.443949
aaaaajbh_s002_t000,sampling_rate,200,naive,0,-1.062509,0.256784,0.194582
aaaaajce_s001_t000,sampling_rate,200,naive,0,-0.671359,0.334237,0.501977
aaaaajci_s001_t000,sampling_rate,200,naive,0,0.525402,0.611633,0.348088
aaaaajck_s001_t000,sampling_rate,200,naive,0,-0.987412,0.270712,0.411021
aaaaajct_s001_t000,sampling_rate,200,naive,0,0.398962,0.582585,0.882237
aaaaajcu_s001_t000,sampling_rate,200,naive,0,-0.881951,0.291055,0.454459
aaaaajda_s001_t000,sampling_rate,200,naive,0,-1.487511,0.187132,0.845283
aaaaajdb_s001_t000,sampling_rate,200,naive,0,-0.546360,0.361312,1.845208
aaaaajdv_s001_t000,sampling_rate,200,naive,0,0.263704,0.550868,1.914123
aaaaajdy_s001_t000,sampling_rate,200,naive,0,-2.678349,0.068730,0.505669
aaaaajdz_s001_t000,sampling_rate,200,naive,0,-0.524838,0.366070,0.206294
aaaaajea_s001_t000,sampling_rate,200,naive,0,1.697296,0.828309,0.486047
aaaaajen_s001_t000,sampling_rate,200,naive,0,-1.283813,0.218546,4.104270
aaaaajey_s001_t000,sampling_rate,200,naive,0,0.491111,0.603824,0.593206
aaaaajfb_s001_t000,sampling_rate,200,naive,0,-1.390365,0.201660,1.239730
aaaaajfe_s001_t000,sampling_rate,200,naive,0,-2.023466,0.121239,0.254501
aaaaajff_s001_t000,sampling_rate,200,naive,0,-1.370302,0.204763,0.482061
aaaaajfi_s001_t001,sampling_rate,200,naive,0,-0.774350,0.312712,0.389934
aaaaajfn_s001_t001,sampling_rate,200,naive,0,-1.752507,0.151626,0.586637
aaaaajfy_s001_t000,sampling_rate,200,naive,0,-1.274877,0.220007,0.243997
aaaaajga_s001_t001,sampling_rate,200,naive,0,0.480093,0.601303,4.180857
aaaaajhy_s001_t000,sampling_rate,200,naive,0,-1.680706,0.160661,0.356481
aaaaajit_s001_t001,sampling_rate,200,naive,0,-0.573222,0.355412,0.504590
aaaaajiu_s001_t000,sampling_rate,200,naive,0,0.165388,0.527537,1.466651
aaaaajiy_s001_t001,sampling_rate,200,naive,0,-1.051859,0.258730,1.298906
aaaaajiz_s001_t000,sampling_rate,200,naive,0,-0.249275,0.429016,2.239237
aaaaajjb_s001_t001,sampling_rate,200,naive,0,-0.649219,0.338959,1.127886
aaaaajje_s001_t000,sampling_rate,200,naive,0,-1.863416,0.138494,0.983759
aaaaajjk_s001_t000,sampling_rate,200,naive,0,-1.147554,0.241588,1.890010
aaaaajna_s001_t000,sampling_rate,200,naive,0,-1.547699,0.178542,0.924074
aaaaajnu_s001_t000,sampling_rate,200,naive,0,-1.018200,0.264945,0.743706
aaaaajon_s001_t000,sampling_rate,200,naive,0,-0.221703,0.435480,1.038523
aaaaajoo_s002_t001,sampling_rate,200,naive,1,-0.837755,0.299843,0.582477
aaaaajpg_s001_t001,sampling_rate,200,naive,0,-1.981095,0.125617,0.246236
aaaaajqh_s004_t000,sampling_rate,200,naive,1,3.431588,0.961965,1.058873
aaaaajqk_s003_t001,sampling_rate,200,naive,1,0.763254,0.664051,0.661096
aaaaajrf_s001_t000,sampling_rate,200,naive,1,8.139109,0.999560,2.113113
aaaaajrf_s002_t000,sampling_rate,200,naive,1,11.693604,0.999985,2.465624
aaaaajrf_s003_t002,sampling_rate,200,naive,1,6.363441,0.997603,3.037209
aaaaajrf_s004_t000,sampling_rate,200,naive,1,2.998723,0.943585,0.818828
aaaaajso_s001_t000,sampling_rate,200,naive,1,4.411884,0.984737,0.513276
aaaaajtg_s001_t000,sampling_rate,200,naive,0,0.385794,0.579522,0.350878
aaaaajtu_s001_t000,sampling_rate,200,naive,0,-0.370378,0.400938,0.435082
aaaaajuh_s001_t000,sampling_rate,200,naive,1,4.893726,0.990313,5.869775
aaaaajun_s001_t000,sampling_rate,200,naive,0,0.733771,0.657739,0.324921
aaaaajvh_s001_t001,sampling_rate,200,naive,0,0.184369,0.532054,0.470288
aaaaajxp_s001_t000,sampling_rate,200,naive,0,-2.007068,0.122917,0.423789
aaaaakck_s001_t001,sampling_rate,200,naive,1,0.747322,0.660647,0.698237
aaaaakcx_s001_t001,sampling_rate,200,naive,1,6.162036,0.997096,1.859883
aaaaakcy_s005_t001,sampling_rate,200,naive,1,9.402630,0.999868,3.907865
aaaaakdj_s001_t000,sampling_rate,200,naive,1,1.329413,0.772460,0.163598
aaaaakdo_s001_t000,sampling_rate,200,naive,1,-0.832159,0.300967,0.589532
aaaaakeq_s001_t000,sampling_rate,200,naive,1,3.562966,0.966300,5.943830
aaaaakeq_s002_t000,sampling_rate,200,naive,1,2.041414,0.870166,1.856533
aaaaakeq_s003_t000,sampling_rate,200,naive,1,3.225600,0.954073,4.694925
aaaaakev_s001_t001,sampling_rate,200,naive,1,11.394251,0.999980,10.967529
aaaaakev_s002_t000,sampling_rate,200,naive,1,7.826890,0.999407,3.423631
aaaaakft_s001_t000,sampling_rate,200,naive,0,-1.993533,0.124318,0.406384
aaaaakgp_s001_t001,sampling_rate,200,naive,0,0.954867,0.703589,0.385497
aaaaakgu_s001_t000,sampling_rate,200,naive,1,-1.693833,0.158978,0.448605
aaaaakjk_s002_t002,sampling_rate,200,naive,1,1.283966,0.764739,1.441322
aaaaakjk_s003_t000,sampling_rate,200,naive,1,0.982797,0.709123,0.821700
aaaaakka_s001_t001,sampling_rate,200,naive,0,-2.100282,0.113635,0.275300
aaaaakmg_s003_t001,sampling_rate,200,naive,1,4.398541,0.984544,1.703079
aaaaakmh_s001_t000,sampling_rate,200,naive,1,-1.343431,0.208975,1.223143
aaaaaknt_s001_t000,sampling_rate,200,naive,1,0.736727,0.658375,0.767432
aaaaakoo_s001_t001,sampling_rate,200,naive,1,7.220333,0.998942,1.831662
aaaaakqg_s001_t001,sampling_rate,200,naive,0,0.343329,0.569607,1.742884
aaaaakqr_s001_t000,sampling_rate,200,naive,0,-1.204482,0.231764,0.266355
aaaaakrt_s001_t001,sampling_rate,200,naive,1,1.945802,0.859493,0.840951
aaaaakrt_s002_t001,sampling_rate,200,naive,1,2.909724,0.938884,1.575306
aaaaaksb_s001_t000,sampling_rate,200,naive,0,-1.662806,0.162981,0.231645
aaaaaksu_s001_t001,sampling_rate,200,naive,0,-0.221236,0.435589,0.876568
aaaaakxz_s001_t001,sampling_rate,200,naive,1,1.716783,0.830940,0.218245
aaaaakxz_s002_t001,sampling_rate,200,naive,1,5.021405,0.991416,1.179399
aaaaalaf_s001_t000,sampling_rate,200,naive,0,-0.992231,0.269804,0.048965
aaaaalau_s001_t000,sampling_rate,200,naive,1,1.837205,0.846492,0.256139
aaaaalbh_s001_t000,sampling_rate,200,naive,1,2.897577,0.938215,4.801485
aaaaalbt_s001_t001,sampling_rate,200,naive,0,-2.611941,0.072903,1.206854
aaaaalbt_s002_t000,sampling_rate,200,naive,0,-2.452678,0.083878,1.695039
aaaaalbz_s006_t000,sampling_rate,200,naive,1,8.785692,0.999763,6.734116
aaaaalid_s001_t001,sampling_rate,200,naive,0,3.125938,0.949716,1.682484
aaaaaljf_s001_t000,sampling_rate,200,naive,1,0.687872,0.647801,0.414309
aaaaaljj_s001_t000,sampling_rate,200,naive,0,-0.709486,0.326181,0.308244
aaaaallc_s001_t001,sampling_rate,200,naive,0,-0.074665,0.470269,0.650065
aaaaalle_s002_t000,sampling_rate,200,naive,1,-0.835382,0.300320,0.385299
aaaaalox_s001_t001,sampling_rate,200,naive,0,2.275232,0.893385,1.859194
aaaaalpv_s001_t000,sampling_rate,200,naive,0,0.801000,0.672047,1.006254
aaaaalqa_s001_t000,sampling_rate,200,naive,0,-0.702093,0.327735,1.341338
aaaaalqr_s001_t001,sampling_rate,200,naive,1,-3.676858,0.027646,1.364494
aaaaalqs_s001_t001,sampling_rate,200,naive,0,-1.317810,0.213050,0.270942
aaaaalqx_s001_t000,sampling_rate,200,naive,0,-1.106796,0.248793,1.033956
aaaaalrc_s002_t000,sampling_rate,200,naive,1,12.945301,0.999996,2.318423
aaaaalsq_s001_t000,sampling_rate,200,naive,0,-0.410359,0.391800,0.891118
aaaaalsx_s001_t000,sampling_rate,200,naive,1,-0.632122,0.342629,0.207906
aaaaalsx_s004_t001,sampling_rate,200,naive,1,0.362806,0.574162,0.149305
aaaaaluz_s001_t001,sampling_rate,200,naive,0,-0.216311,0.436746,0.283633
aaaaalvw_s001_t000,sampling_rate,200,naive,0,-0.821280,0.303158,0.122041
aaaaalvz_s001_t000,sampling_rate,200,naive,1,9.270943,0.999851,0.902270
aaaaalxk_s001_t000,sampling_rate,200,naive,0,-0.974534,0.273148,0.443651
aaaaalyr_s001_t000,sampling_rate,200,naive,1,0.704764,0.651474,1.755929
aaaaalzk_s002_t001,sampling_rate,200,naive,1,7.624248,0.999280,5.870843
aaaaamcb_s001_t001,sampling_rate,200,naive,1,3.990866,0.977351,0.619340
aaaaamfe_s001_t001,sampling_rate,200,naive,0,0.572105,0.622176,0.448980
aaaaamft_s001_t001,sampling_rate,200,naive,1,-0.068493,0.471738,0.154420
aaaaamfu_s001_t000,sampling_rate,200,naive,0,-2.372882,0.089925,1.475011
aaaaamhi_s001_t000,sampling_rate,200,naive,1,3.996523,0.977471,4.154071
aaaaamhk_s001_t000,sampling_rate,200,naive,1,-0.380128,0.398703,0.237861
aaaaamjc_s001_t001,sampling_rate,200,naive,1,5.432714,0.994189,1.253841
aaaaammh_s001_t001,sampling_rate,200,naive,1,-1.224560,0.228366,1.237737
aaaaamnq_s001_t000,sampling_rate,200,naive,1,4.038276,0.978332,4.111655
aaaaamnq_s002_t000,sampling_rate,200,naive,1,2.416377,0.905563,1.703865
aaaaamon_s001_t000,sampling_rate,200,naive,0,0.125085,0.517932,0.973663
aaaaampz_s001_t000,sampling_rate,200,naive,1,0.076807,0.506409,0.592242
aaaaamrj_s001_t000,sampling_rate,200,naive,0,-1.405917,0.199279,0.440842
aaaaamsc_s001_t000,sampling_rate,200,naive,1,1.406037,0.785069,0.926429
aaaaamtb_s001_t000,sampling_rate,200,naive,0,1.174411,0.745391,0.366032
aaaaamuc_s001_t000,sampling_rate,200,naive,0,-1.977483,0.125997,0.203368
aaaaamxn_s001_t000,sampling_rate,200,naive,1,-1.002535,0.267870,0.388422
aaaaamyb_s001_t001,sampling_rate,200,naive,0,-0.979687,0.272172,0.688501
aaaaamye_s001_t000,sampling_rate,200,naive,1,6.531023,0.997957,2.084733
aaaaamzi_s001_t001,sampling_rate,200,naive,1,5.888868,0.996234,1.744879
aaaaamzl_s001_t000,sampling_rate,200,naive,0,-0.527421,0.365497,1.185186
aaaaamzx_s001_t000,sampling_rate,200,naive,0,-1.792653,0.146758,0.185441
aaaaanbq_s001_t000,sampling_rate,200,naive,0,-2.881262,0.057313,0.196664
aaaaanek_s001_t000,sampling_rate,200,naive,0,-1.793466,0.146661,0.142562
aaaaangp_s001_t000,sampling_rate,200,naive,0,-0.574234,0.355190,0.534119
aaaaanhb_s001_t003,sampling_rate,200,naive,1,2.390686,0.903444,3.397518
aaaaanhb_s003_t001,sampling_rate,200,naive,1,2.058724,0.872023,0.629404
aaaaanhb_s005_t000,sampling_rate,200,naive,1,4.919154,0.990543,0.930230
aaaaankf_s001_t000,sampling_rate,200,naive,1,4.203984,0.981446,1.494219
aaaaanlp_s001_t000,sampling_rate,200,naive,0,-0.788174,0.309880,0.531830
aaaaanmc_s001_t000,sampling_rate,200,naive,1,2.930535,0.940015,2.985836
aaaaanop_s001_t000,sampling_rate,200,naive,0,-4.278477,0.015751,1.239474
aaaaanoz_s001_t000,sampling_rate,200,naive,1,-1.717393,0.155991,0.299807
aaaaanpr_s001_t002,sampling_rate,200,naive,1,-0.775150,0.312547,0.397149
aaaaanqe_s001_t000,sampling_rate,200,naive,0,-0.980092,0.272095,0.348511
aaaaanro_s001_t000,sampling_rate,200,naive,1,2.790880,0.932036,4.179638
aaaaansj_s001_t000,sampling_rate,200,naive,1,1.726715,0.832269,2.184598
aaaaanta_s001_t000,sampling_rate,200,naive,1,4.472813,0.985588,5.080353
aaaaanum_s001_t000,sampling_rate,200,naive,0,-0.164896,0.448864,0.284083
aaaaanvb_s002_t000,sampling_rate,200,naive,0,-0.479560,0.376165,0.105227
aaaaanvg_s001_t002,sampling_rate,200,naive,0,-0.903956,0.286737,0.379707
aaaaanvw_s001_t000,sampling_rate,200,naive,0,-1.163093,0.238878,0.287440
aaaaanwc_s001_t001,sampling_rate,200,naive,1,4.317773,0.983325,16.969019
aaaaanxl_s001_t000,sampling_rate,200,naive,1,6.321719,0.997506,3.996466
aaaaanyb_s001_t001,sampling_rate,200,naive,0,-1.618470,0.168841,0.486292
aaaaanyt_s002_t000,sampling_rate,200,naive,1,-3.368680,0.036762,1.446665
aaaaanyw_s001_t000,sampling_rate,200,naive,1,2.964002,0.941793,0.482370
aaaaanyw_s002_t000,sampling_rate,200,naive,1,1.854217,0.848592,4.375380
aaaaanzh_s001_t000,sampling_rate,200,naive,1,-0.451415,0.382495,0.974771
aaaaanzu_s001_t003,sampling_rate,200,naive,1,2.439445,0.907431,0.617464
aaaaaoav_s001_t000,sampling_rate,200,naive,0,-0.576337,0.354730,1.427967
aaaaaoav_s002_t000,sampling_rate,200,naive,0,-2.095737,0.114073,0.378619
aaaaaobi_s001_t000,sampling_rate,200,naive,1,0.766533,0.664750,0.431268
aaaaaobl_s001_t000,sampling_rate,200,naive,0,-0.828143,0.301775,0.227374
aaaaaoby_s001_t000,sampling_rate,200,naive,0,-0.477541,0.376617,0.784371
aaaaaoda_s001_t000,sampling_rate,200,naive,1,3.335942,0.958477,1.222607
aaaaaoeg_s001_t000,sampling_rate,200,naive,0,0.124656,0.517829,0.495517
aaaaaofj_s001_t000,sampling_rate,200,naive,0,0.519066,0.610194,2.642726
aaaaaofr_s001_t000,sampling_rate,200,naive,0,-1.073712,0.254747,1.251779
aaaaaofz_s001_t000,sampling_rate,200,naive,0,-0.525508,0.365921,0.300966
aaaaaohb_s001_t000,sampling_rate,200,naive,1,5.618987,0.995131,1.019193
aaaaaohr_s002_t001,sampling_rate,200,naive,1,0.489007,0.603343,0.536666
aaaaaoiq_s001_t000,sampling_rate,200,naive,1,0.409635,0.585062,0.440499
aaaaaoiv_s001_t000,sampling_rate,200,naive,1,-1.756975,0.151078,0.409045
aaaaaoiv_s002_t001,sampling_rate,200,naive,1,8.510477,0.999691,1.675927
aaaaaoiv_s003_t003,sampling_rate,200,naive,1,7.298430,0.999018,0.959199
aaaaaojd_s001_t002,sampling_rate,200,naive,0,0.155191,0.525108,0.420632
aaaaaokg_s001_t000,sampling_rate,200,naive,0,2.438092,0.907323,1.862381
aaaaaoly_s001_t000,sampling_rate,200,naive,0,-0.279160,0.422037,4.748188
aaaaaome_s001_t000,sampling_rate,200,naive,0,-0.807791,0.305887,0.383071
aaaaaomx_s001_t000,sampling_rate,200,naive,0,-1.830577,0.142279,0.649097
aaaaaomy_s001_t000,sampling_rate,200,naive,1,4.356786,0.983925,5.252490
aaaaaonb_s001_t000,sampling_rate,200,naive,0,0.840698,0.680351,4.601428
aaaaaons_s002_t002,sampling_rate,200,naive,1,1.949516,0.859921,0.957164
aaaaaopd_s001_t000,sampling_rate,200,naive,0,1.947271,0.859663,3.345530
aaaaaopo_s001_t000,sampling_rate,200,naive,0,0.154546,0.524955,0.410876
aaaaaora_s002_t000,sampling_rate,200,naive,1,-0.125406,0.458214,1.085855
aaaaaord_s001_t000,sampling_rate,200,naive,1,-0.592967,0.351102,0.302585
aaaaaosh_s001_t000,sampling_rate,200,naive,1,-0.014706,0.484559,0.674596
aaaaaosw_s001_t000,sampling_rate,200,naive,0,0.523924,0.611297,4.139647
aaaaaote_s001_t000,sampling_rate,200,naive,0,-1.759623,0.150753,1.282201
aaaaaout_s001_t000,sampling_rate,200,naive,1,0.807922,0.673503,2.989014
aaaaaovl_s001_t000,sampling_rate,200,naive,1,6.929249,0.998603,0.589178
aaaaaovo_s001_t000,sampling_rate,200,naive,1,8.415056,0.999662,2.962635
aaaaaowb_s001_t000,sampling_rate,200,naive,0,-0.377879,0.399218,2.841050
aaaaaoxf_s001_t000,sampling_rate,200,naive,0,-1.278104,0.219478,0.294199
aaaaaozf_s001_t001,sampling_rate,200,naive,0,0.094163,0.510553,2.578875
aaaaapag_s001_t000,sampling_rate,200,naive,0,-1.082311,0.253190,3.644928
aaaaapar_s001_t000,sampling_rate,200,naive,1,13.369450,0.999997,1.511719
aaaaapcb_s001_t000,sampling_rate,200,naive,0,-1.752141,0.151671,0.140407
aaaaapcy_s001_t002,sampling_rate,200,naive,0,-0.607756,0.347890,0.507322
aaaaapdg_s001_t000,sampling_rate,200,naive,0,-0.970311,0.273950,0.290070
aaaaaphs_s001_t000,sampling_rate,200,naive,1,4.529947,0.986343,1.038420
aaaaaphw_s001_t000,sampling_rate,200,naive,0,0.242147,0.545768,1.329406
aaaaapij_s001_t000,sampling_rate,200,naive,0,-1.476309,0.188765,1.065411
aaaaapjc_s001_t001,sampling_rate,200,naive,0,-1.483300,0.187744,0.954875
aaaaapka_s001_t000,sampling_rate,200,naive,0,-1.124687,0.245613,0.512404
aaaaapkx_s001_t001,sampling_rate,200,naive,1,0.196814,0.535013,2.419297
aaaaaply_s001_t001,sampling_rate,200,naive,1,2.415884,0.905523,0.676833
aaaaapmb_s002_t001,sampling_rate,200,naive,1,1.417574,0.786922,0.121519
aaaaapmp_s001_t000,sampling_rate,200,naive,1,0.966345,0.705871,0.181704
aaaaapnr_s001_t000,sampling_rate,200,naive,1,-1.407688,0.199009,0.903056
aaaaapoc_s001_t000,sampling_rate,200,naive,1,2.146001,0.881042,2.681592
aaaaapof_s001_t000,sampling_rate,200,naive,0,-0.947404,0.278324,0.329921
aaaaapoo_s001_t000,sampling_rate,200,naive,0,-1.620374,0.168586,2.480164
aaaaapoq_s001_t000,sampling_rate,200,naive,0,2.029222,0.868845,0.386219
aaaaappb_s001_t000,sampling_rate,200,naive,0,-1.185327,0.235038,0.444906
aaaaapqd_s001_t000,sampling_rate,200,naive,1,-0.058936,0.474014,0.949430
aaaaapqv_s001_t000,sampling_rate,200,naive,0,-0.999296,0.268477,2.357295
aaaaapta_s001_t000,sampling_rate,200,naive,1,2.510156,0.912951,2.068758
aaaaapth_s001_t000,sampling_rate,200,naive,1,0.647507,0.638954,0.739405
aaaaapua_s001_t001,sampling_rate,200,naive,0,-2.358451,0.091060,0.880133
aaaaapuu_s001_t000,sampling_rate,200,naive,0,-0.832204,0.300958,0.645386
aaaaapvw_s001_t001,sampling_rate,200,naive,1,2.552947,0.916146,0.859420
aaaaapvy_s001_t000,sampling_rate,200,naive,1,-0.870168,0.293383,0.799843
aaaaapwn_s001_t001,sampling_rate,200,naive,0,0.494621,0.604625,1.683367
aaaaapwo_s001_t001,sampling_rate,200,naive,1,4.983212,0.991100,0.938132
aaaaapxm_s001_t001,sampling_rate,200,naive,0,-0.276832,0.422579,0.139040
aaaaapys_s001_t001,sampling_rate,200,naive,1,10.516683,0.999955,0.545059
aaaaapys_s002_t001,sampling_rate,200,naive,1,4.695971,0.988322,2.257502
aaaaaayx_s002_t000,sampling_rate,250,canonicalized,0,0.202175,0.536286,1.642176
aaaaabdo_s003_t000,sampling_rate,250,canonicalized,1,5.570985,0.994904,1.519506
aaaaabsk_s007_t000,sampling_rate,250,canonicalized,1,0.466174,0.598111,1.003793
aaaaabuv_s002_t000,sampling_rate,250,canonicalized,1,1.567353,0.809930,0.973321
aaaaacad_s003_t000,sampling_rate,250,canonicalized,0,0.920193,0.696635,0.656851
aaaaacby_s004_t000,sampling_rate,250,canonicalized,0,-0.628362,0.343438,0.121205
aaaaaddm_s006_t000,sampling_rate,250,canonicalized,1,3.401061,0.960883,1.421212
aaaaadeu_s002_t000,sampling_rate,250,canonicalized,1,3.101629,0.948595,0.939387
aaaaadjk_s002_t000,sampling_rate,250,canonicalized,0,-1.790122,0.147061,0.233014
aaaaadkb_s002_t000,sampling_rate,250,canonicalized,1,5.106050,0.992077,4.721467
aaaaadsm_s002_t001,sampling_rate,250,canonicalized,0,-2.176235,0.106529,0.376146
aaaaaeab_s003_t000,sampling_rate,250,canonicalized,0,-0.374896,0.399902,0.664492
aaaaaejc_s003_t001,sampling_rate,250,canonicalized,0,0.676852,0.645396,0.331730
aaaaaezn_s003_t001,sampling_rate,250,canonicalized,1,0.831920,0.678524,3.650870
aaaaafhl_s003_t000,sampling_rate,250,canonicalized,1,0.402648,0.583441,2.241765
aaaaagfk_s003_t000,sampling_rate,250,canonicalized,0,-1.382791,0.202827,0.301262
aaaaagsc_s003_t001,sampling_rate,250,canonicalized,1,3.546334,0.965778,7.912089
aaaaagsc_s006_t001,sampling_rate,250,canonicalized,1,-0.876650,0.292101,0.437632
aaaaaguk_s002_t001,sampling_rate,250,canonicalized,0,-2.477530,0.082072,0.304205
aaaaagvx_s002_t000,sampling_rate,250,canonicalized,1,0.601687,0.628796,1.358581
aaaaagvx_s003_t001,sampling_rate,250,canonicalized,1,1.081494,0.728181,0.671906
aaaaagyr_s002_t000,sampling_rate,250,canonicalized,1,-0.203264,0.439815,0.681135
aaaaahie_s005_t001,sampling_rate,250,canonicalized,1,5.349870,0.993713,0.285969
aaaaahsv_s002_t000,sampling_rate,250,canonicalized,0,-0.817048,0.304013,1.980520
aaaaahte_s002_t000,sampling_rate,250,canonicalized,1,6.416459,0.997721,2.407014
aaaaahte_s003_t000,sampling_rate,250,canonicalized,1,5.313992,0.993495,1.619883
aaaaahuy_s002_t000,sampling_rate,250,canonicalized,1,-1.593836,0.172170,0.189950
aaaaahzi_s001_t000,sampling_rate,250,canonicalized,0,0.301506,0.559786,0.291877
aaaaahzm_s001_t001,sampling_rate,250,canonicalized,0,-0.182088,0.444805,0.068051
aaaaahzq_s001_t000,sampling_rate,250,canonicalized,0,-3.237582,0.041463,0.593087
aaaaahzs_s001_t001,sampling_rate,250,canonicalized,0,0.143497,0.522322,0.316860
aaaaaiae_s001_t000,sampling_rate,250,canonicalized,0,0.179419,0.530876,0.642873
aaaaaibx_s001_t000,sampling_rate,250,canonicalized,0,-0.691249,0.330022,0.649503
aaaaaiby_s001_t000,sampling_rate,250,canonicalized,0,-0.703440,0.327452,1.452311
aaaaaici_s001_t000,sampling_rate,250,canonicalized,0,-1.954416,0.128444,3.342380
aaaaaicn_s001_t000,sampling_rate,250,canonicalized,0,0.227950,0.542404,0.471072
aaaaaijh_s002_t000,sampling_rate,250,canonicalized,1,-3.162531,0.044408,0.411524
aaaaaijn_s001_t001,sampling_rate,250,canonicalized,0,-0.886178,0.290223,0.291197
aaaaairb_s001_t001,sampling_rate,250,canonicalized,0,1.217628,0.753146,0.274355
aaaaairo_s001_t000,sampling_rate,250,canonicalized,0,-1.994740,0.124193,0.892754
aaaaaitt_s001_t000,sampling_rate,250,canonicalized,0,-1.512873,0.183474,1.047145
aaaaaiue_s004_t000,sampling_rate,250,canonicalized,1,0.697884,0.649980,0.865404
aaaaaiuo_s002_t000,sampling_rate,250,canonicalized,0,0.841960,0.680613,0.467824
aaaaaiwz_s001_t001,sampling_rate,250,canonicalized,0,-1.336318,0.210100,0.138060
aaaaaiyy_s001_t001,sampling_rate,250,canonicalized,0,-1.772050,0.149240,1.427121
aaaaaizd_s001_t001,sampling_rate,250,canonicalized,0,-0.024994,0.482104,1.350887
aaaaaizs_s001_t000,sampling_rate,250,canonicalized,0,0.690080,0.648282,0.412175
aaaaajae_s001_t001,sampling_rate,250,canonicalized,0,2.389403,0.903337,0.911805
aaaaajah_s002_t001,sampling_rate,250,canonicalized,1,0.510026,0.608138,0.731745
aaaaajah_s004_t000,sampling_rate,250,canonicalized,1,-0.429078,0.387547,1.515167
aaaaajal_s001_t001,sampling_rate,250,canonicalized,0,-2.031127,0.120461,0.634484
aaaaajam_s001_t000,sampling_rate,250,canonicalized,1,-1.025426,0.263603,0.247760
aaaaajar_s001_t001,sampling_rate,250,canonicalized,0,-1.043999,0.260173,0.472049
aaaaajbb_s001_t000,sampling_rate,250,canonicalized,0,1.251721,0.759151,1.365117
aaaaajbh_s002_t000,sampling_rate,250,canonicalized,0,-1.078711,0.253841,0.315311
aaaaajce_s001_t000,sampling_rate,250,canonicalized,0,-0.805808,0.306289,0.469517
aaaaajci_s001_t000,sampling_rate,250,canonicalized,0,-0.421259,0.389322,0.143144
aaaaajck_s001_t000,sampling_rate,250,canonicalized,0,-1.758828,0.150851,0.474704
aaaaajct_s001_t000,sampling_rate,250,canonicalized,0,0.587696,0.625671,0.800038
aaaaajcu_s001_t000,sampling_rate,250,canonicalized,0,-0.889103,0.289648,0.830872
aaaaajda_s001_t000,sampling_rate,250,canonicalized,0,-2.269242,0.098363,0.497408
aaaaajdb_s001_t000,sampling_rate,250,canonicalized,0,-1.153220,0.240597,1.411864
aaaaajdv_s001_t000,sampling_rate,250,canonicalized,0,0.641702,0.637674,2.228797
aaaaajdy_s001_t000,sampling_rate,250,canonicalized,0,-2.030617,0.120513,0.355338
aaaaajdz_s001_t000,sampling_rate,250,canonicalized,0,-0.080716,0.468830,0.569981
aaaaajea_s001_t000,sampling_rate,250,canonicalized,0,1.878280,0.851522,1.592870
aaaaajen_s001_t000,sampling_rate,250,canonicalized,0,-0.930268,0.281624,0.385469
aaaaajey_s001_t000,sampling_rate,250,canonicalized,0,-0.152592,0.451774,0.401459
aaaaajfb_s001_t000,sampling_rate,250,canonicalized,0,-2.408092,0.087210,3.021751
aaaaajfe_s001_t000,sampling_rate,250,canonicalized,0,-1.324912,0.211914,0.745848
aaaaajff_s001_t000,sampling_rate,250,canonicalized,0,-2.362366,0.090751,0.773966
aaaaajfi_s001_t001,sampling_rate,250,canonicalized,0,-0.746668,0.318423,0.317309
aaaaajfn_s001_t001,sampling_rate,250,canonicalized,0,-1.466044,0.190271,0.715578
aaaaajfy_s001_t000,sampling_rate,250,canonicalized,0,-1.751913,0.151699,0.444793
aaaaajga_s001_t001,sampling_rate,250,canonicalized,0,1.054715,0.723088,2.370106
aaaaajhy_s001_t000,sampling_rate,250,canonicalized,0,-2.489172,0.081238,0.889815
aaaaajit_s001_t001,sampling_rate,250,canonicalized,0,-1.823211,0.143140,1.127657
aaaaajiu_s001_t000,sampling_rate,250,canonicalized,0,1.724833,0.832018,2.163884
aaaaajiy_s001_t001,sampling_rate,250,canonicalized,0,-0.635808,0.341836,0.775533
aaaaajiz_s001_t000,sampling_rate,250,canonicalized,0,-0.347028,0.406307,0.868019
aaaaajjb_s001_t001,sampling_rate,250,canonicalized,0,-0.342636,0.407320,0.667364
aaaaajje_s001_t000,sampling_rate,250,canonicalized,0,-1.329029,0.211258,0.672725
aaaaajjk_s001_t000,sampling_rate,250,canonicalized,0,-0.720664,0.323839,1.110273
aaaaajna_s001_t000,sampling_rate,250,canonicalized,0,-2.293299,0.096344,0.582481
aaaaajnu_s001_t000,sampling_rate,250,canonicalized,0,-2.166101,0.107454,0.822409
aaaaajon_s001_t000,sampling_rate,250,canonicalized,0,-0.446547,0.383594,2.457607
aaaaajoo_s002_t001,sampling_rate,250,canonicalized,1,-0.091693,0.466219,0.349673
aaaaajpg_s001_t001,sampling_rate,250,canonicalized,0,-1.496066,0.185892,0.549567
aaaaajqh_s004_t000,sampling_rate,250,canonicalized,1,5.805980,0.995925,1.960828
aaaaajqk_s003_t001,sampling_rate,250,canonicalized,1,3.006204,0.943964,0.937252
aaaaajrf_s001_t000,sampling_rate,250,canonicalized,1,9.208815,0.999841,3.126554
aaaaajrf_s002_t000,sampling_rate,250,canonicalized,1,11.770627,0.999986,1.974131
aaaaajrf_s003_t002,sampling_rate,250,canonicalized,1,9.761459,0.999906,4.475995
aaaaajrf_s004_t000,sampling_rate,250,canonicalized,1,2.362019,0.901028,0.441436
aaaaajso_s001_t000,sampling_rate,250,canonicalized,1,6.362649,0.997601,1.122524
aaaaajtg_s001_t000,sampling_rate,250,canonicalized,0,-0.190054,0.442926,2.167782
aaaaajtu_s001_t000,sampling_rate,250,canonicalized,0,-0.154651,0.451286,0.597161
aaaaajuh_s001_t000,sampling_rate,250,canonicalized,1,5.243036,0.993042,6.272742
aaaaajun_s001_t000,sampling_rate,250,canonicalized,0,1.872187,0.850784,0.758530
aaaaajvh_s001_t001,sampling_rate,250,canonicalized,0,-0.018198,0.483726,1.242136
aaaaajxp_s001_t000,sampling_rate,250,canonicalized,0,-0.412240,0.391372,0.483229
aaaaakck_s001_t001,sampling_rate,250,canonicalized,1,1.525746,0.803736,0.363866
aaaaakcx_s001_t001,sampling_rate,250,canonicalized,1,6.860636,0.998508,3.049091
aaaaakcy_s005_t001,sampling_rate,250,canonicalized,1,7.765857,0.999371,3.692368
aaaaakdj_s001_t000,sampling_rate,250,canonicalized,1,1.432491,0.789302,0.713467
aaaaakdo_s001_t000,sampling_rate,250,canonicalized,1,0.575585,0.622957,1.416985
aaaaakeq_s001_t000,sampling_rate,250,canonicalized,1,2.933081,0.940152,2.550948
aaaaakeq_s002_t000,sampling_rate,250,canonicalized,1,2.287162,0.894466,1.198910
aaaaakeq_s003_t000,sampling_rate,250,canonicalized,1,3.130689,0.949932,3.966956
aaaaakev_s001_t001,sampling_rate,250,canonicalized,1,10.738077,0.999963,11.813914
aaaaakev_s002_t000,sampling_rate,250,canonicalized,1,10.027954,0.999928,4.775115
aaaaakft_s001_t000,sampling_rate,250,canonicalized,0,-1.624253,0.168068,0.756980
aaaaakgp_s001_t001,sampling_rate,250,canonicalized,0,0.860957,0.684544,1.880238
aaaaakgu_s001_t000,sampling_rate,250,canonicalized,1,-0.709463,0.326186,0.159255
aaaaakjk_s002_t002,sampling_rate,250,canonicalized,1,2.446852,0.908024,0.430117
aaaaakjk_s003_t000,sampling_rate,250,canonicalized,1,1.561742,0.809104,1.147378
aaaaakka_s001_t001,sampling_rate,250,canonicalized,0,-0.964987,0.274963,0.641540
aaaaakmg_s003_t001,sampling_rate,250,canonicalized,1,5.496935,0.994533,0.791227
aaaaakmh_s001_t000,sampling_rate,250,canonicalized,1,0.330902,0.566694,2.525002
aaaaaknt_s001_t000,sampling_rate,250,canonicalized,1,1.048265,0.721853,1.560412
aaaaakoo_s001_t001,sampling_rate,250,canonicalized,1,9.878414,0.999916,2.437984
aaaaakqg_s001_t001,sampling_rate,250,canonicalized,0,-0.626215,0.343901,0.965403
aaaaakqr_s001_t000,sampling_rate,250,canonicalized,0,-1.100150,0.249982,0.534052
aaaaakrt_s001_t001,sampling_rate,250,canonicalized,1,4.194616,0.981282,0.604725
aaaaakrt_s002_t001,sampling_rate,250,canonicalized,1,4.322444,0.983398,2.452163
aaaaaksb_s001_t000,sampling_rate,250,canonicalized,0,-1.749613,0.151982,0.384180
aaaaaksu_s001_t001,sampling_rate,250,canonicalized,0,0.056391,0.501534,0.687487
aaaaakxz_s001_t001,sampling_rate,250,canonicalized,1,0.934060,0.699427,0.297173
aaaaakxz_s002_t001,sampling_rate,250,canonicalized,1,3.811963,0.973243,2.097560
aaaaalaf_s001_t000,sampling_rate,250,canonicalized,0,-1.303227,0.215395,0.322958
aaaaalau_s001_t000,sampling_rate,250,canonicalized,1,1.796040,0.841312,0.935165
aaaaalbh_s001_t000,sampling_rate,250,canonicalized,1,2.924612,0.939695,6.387937
aaaaalbt_s001_t001,sampling_rate,250,canonicalized,0,-0.712014,0.325651,0.553662
aaaaalbt_s002_t000,sampling_rate,250,canonicalized,0,-1.217174,0.229612,1.585767
aaaaalbz_s006_t000,sampling_rate,250,canonicalized,1,8.160569,0.999569,4.599907
aaaaalid_s001_t001,sampling_rate,250,canonicalized,0,2.608222,0.920114,1.845283
aaaaaljf_s001_t000,sampling_rate,250,canonicalized,1,2.388844,0.903290,1.164038
aaaaaljj_s001_t000,sampling_rate,250,canonicalized,0,-1.853119,0.139672,1.287985
aaaaallc_s001_t001,sampling_rate,250,canonicalized,0,0.342518,0.569417,1.419859
aaaaalle_s002_t000,sampling_rate,250,canonicalized,1,1.669162,0.824453,0.432080
aaaaalox_s001_t001,sampling_rate,250,canonicalized,0,2.802370,0.932728,4.047310
aaaaalpv_s001_t000,sampling_rate,250,canonicalized,0,0.543787,0.615796,1.266232
aaaaalqa_s001_t000,sampling_rate,250,canonicalized,0,-0.799068,0.307659,1.278145
aaaaalqr_s001_t001,sampling_rate,250,canonicalized,1,1.535631,0.805221,0.066830
aaaaalqs_s001_t001,sampling_rate,250,canonicalized,0,-1.484137,0.187623,0.505615
aaaaalqx_s001_t000,sampling_rate,250,canonicalized,0,-2.037021,0.119866,1.483972
aaaaalrc_s002_t000,sampling_rate,250,canonicalized,1,15.201885,0.999999,2.388845
aaaaalsq_s001_t000,sampling_rate,250,canonicalized,0,0.914565,0.695498,0.250569
aaaaalsx_s001_t000,sampling_rate,250,canonicalized,1,-0.213218,0.437473,0.296427
aaaaalsx_s004_t001,sampling_rate,250,canonicalized,1,0.284817,0.555853,0.195280
aaaaaluz_s001_t001,sampling_rate,250,canonicalized,0,-0.883141,0.290821,0.268112
aaaaalvw_s001_t000,sampling_rate,250,canonicalized,0,-2.935382,0.054583,0.480682
aaaaalvz_s001_t000,sampling_rate,250,canonicalized,1,9.045036,0.999815,1.203491
aaaaalxk_s001_t000,sampling_rate,250,canonicalized,0,0.542539,0.615514,0.574883
aaaaalyr_s001_t000,sampling_rate,250,canonicalized,1,0.730295,0.656991,0.291253
aaaaalzk_s002_t001,sampling_rate,250,canonicalized,1,8.150992,0.999565,6.231357
aaaaamcb_s001_t001,sampling_rate,250,canonicalized,1,6.416230,0.997721,1.631436
aaaaamfe_s001_t001,sampling_rate,250,canonicalized,0,0.937747,0.700167,0.781618
aaaaamft_s001_t001,sampling_rate,250,canonicalized,1,2.819436,0.933744,0.292636
aaaaamfu_s001_t000,sampling_rate,250,canonicalized,0,-0.692344,0.329791,0.400854
aaaaamhi_s001_t000,sampling_rate,250,canonicalized,1,6.946845,0.998626,5.127158
aaaaamhk_s001_t000,sampling_rate,250,canonicalized,1,2.396893,0.903960,0.403226
aaaaamjc_s001_t001,sampling_rate,250,canonicalized,1,6.840351,0.998479,2.903263
aaaaammh_s001_t001,sampling_rate,250,canonicalized,1,1.251437,0.759102,0.843015
aaaaamnq_s001_t000,sampling_rate,250,canonicalized,1,4.891600,0.990294,6.905767
aaaaamnq_s002_t000,sampling_rate,250,canonicalized,1,3.713823,0.970690,1.462515
aaaaamon_s001_t000,sampling_rate,250,canonicalized,0,0.309210,0.561598,2.297999
aaaaampz_s001_t000,sampling_rate,250,canonicalized,1,-0.226266,0.434408,1.780860
aaaaamrj_s001_t000,sampling_rate,250,canonicalized,0,0.044718,0.498746,0.216798
aaaaamsc_s001_t000,sampling_rate,250,canonicalized,1,3.520617,0.964957,0.293205
aaaaamtb_s001_t000,sampling_rate,250,canonicalized,0,2.999773,0.943638,1.498086
aaaaamuc_s001_t000,sampling_rate,250,canonicalized,0,-0.926477,0.282357,0.233524
aaaaamxn_s001_t000,sampling_rate,250,canonicalized,1,0.843053,0.680839,0.207349
aaaaamyb_s001_t001,sampling_rate,250,canonicalized,0,-1.089739,0.251851,1.774127
aaaaamye_s001_t000,sampling_rate,250,canonicalized,1,8.673944,0.999736,3.176892
aaaaamzi_s001_t001,sampling_rate,250,canonicalized,1,5.997363,0.996603,6.488073
aaaaamzl_s001_t000,sampling_rate,250,canonicalized,0,-1.322974,0.212224,0.258329
aaaaamzx_s001_t000,sampling_rate,250,canonicalized,0,-2.250402,0.099971,1.452763
aaaaanbq_s001_t000,sampling_rate,250,canonicalized,0,-0.688299,0.330645,0.601318
aaaaanek_s001_t000,sampling_rate,250,canonicalized,0,-2.104422,0.113237,0.263787
aaaaangp_s001_t000,sampling_rate,250,canonicalized,0,-0.511488,0.369035,0.408012
aaaaanhb_s001_t003,sampling_rate,250,canonicalized,1,3.570457,0.966532,3.742980
aaaaanhb_s003_t001,sampling_rate,250,canonicalized,1,2.991965,0.943240,1.038366
aaaaanhb_s005_t000,sampling_rate,250,canonicalized,1,3.857945,0.974363,2.063356
aaaaankf_s001_t000,sampling_rate,250,canonicalized,1,4.264624,0.982472,0.832070
aaaaanlp_s001_t000,sampling_rate,250,canonicalized,0,-0.495478,0.372603,0.630107
aaaaanmc_s001_t000,sampling_rate,250,canonicalized,1,4.813454,0.989549,5.309390
aaaaanop_s001_t000,sampling_rate,250,canonicalized,0,0.312518,0.562377,2.434319
aaaaanoz_s001_t000,sampling_rate,250,canonicalized,1,-0.998508,0.268625,0.632905
aaaaanpr_s001_t002,sampling_rate,250,canonicalized,1,1.490890,0.798430,1.462165
aaaaanqe_s001_t000,sampling_rate,250,canonicalized,0,-1.699292,0.158282,0.786719
aaaaanro_s001_t000,sampling_rate,250,canonicalized,1,3.086226,0.947873,1.678982
aaaaansj_s001_t000,sampling_rate,250,canonicalized,1,1.682942,0.826350,2.244297
aaaaanta_s001_t000,sampling_rate,250,canonicalized,1,5.228892,0.992948,5.381510
aaaaanum_s001_t000,sampling_rate,250,canonicalized,0,-0.136362,0.455616,0.555793
aaaaanvb_s002_t000,sampling_rate,250,canonicalized,0,-0.791884,0.309123,0.486388
aaaaanvg_s001_t002,sampling_rate,250,canonicalized,0,2.038135,0.869812,0.807343
aaaaanvw_s001_t000,sampling_rate,250,canonicalized,0,-1.977619,0.125983,0.992770
aaaaanwc_s001_t001,sampling_rate,250,canonicalized,1,4.287176,0.982839,14.907016
aaaaanxl_s001_t000,sampling_rate,250,canonicalized,1,4.588249,0.987073,3.893290
aaaaanyb_s001_t001,sampling_rate,250,canonicalized,0,-0.731593,0.321557,0.049866
aaaaanyt_s002_t000,sampling_rate,250,canonicalized,1,5.455431,0.994313,3.262507
aaaaanyw_s001_t000,sampling_rate,250,canonicalized,1,2.720203,0.927632,0.431002
aaaaanyw_s002_t000,sampling_rate,250,canonicalized,1,3.307925,0.957398,3.629027
aaaaanzh_s001_t000,sampling_rate,250,canonicalized,1,-0.209888,0.438256,1.239038
aaaaanzu_s001_t003,sampling_rate,250,canonicalized,1,2.741378,0.928979,1.736941
aaaaaoav_s001_t000,sampling_rate,250,canonicalized,0,-0.576372,0.354723,0.522022
aaaaaoav_s002_t000,sampling_rate,250,canonicalized,0,-1.212937,0.230329,0.729148
aaaaaobi_s001_t000,sampling_rate,250,canonicalized,1,-0.104223,0.463241,0.517987
aaaaaobl_s001_t000,sampling_rate,250,canonicalized,0,-1.254171,0.223420,0.826075
aaaaaoby_s001_t000,sampling_rate,250,canonicalized,0,-0.194779,0.441813,1.178566
aaaaaoda_s001_t000,sampling_rate,250,canonicalized,1,6.780187,0.998389,2.323711
aaaaaoeg_s001_t000,sampling_rate,250,canonicalized,0,-0.539062,0.362922,0.306858
aaaaaofj_s001_t000,sampling_rate,250,canonicalized,0,-0.260078,0.426489,1.271822
aaaaaofr_s001_t000,sampling_rate,250,canonicalized,0,1.306857,0.768650,1.029020
aaaaaofz_s001_t000,sampling_rate,250,canonicalized,0,-0.435995,0.385980,0.928248
aaaaaohb_s001_t000,sampling_rate,250,canonicalized,1,4.320503,0.983368,0.556406
aaaaaohr_s002_t001,sampling_rate,250,canonicalized,1,4.536330,0.986425,1.014671
aaaaaoiq_s001_t000,sampling_rate,250,canonicalized,1,1.106155,0.732819,0.584342
aaaaaoiv_s001_t000,sampling_rate,250,canonicalized,1,-0.019053,0.483522,0.324157
aaaaaoiv_s002_t001,sampling_rate,250,canonicalized,1,8.574879,0.999710,1.524376
aaaaaoiv_s003_t003,sampling_rate,250,canonicalized,1,7.899239,0.999446,1.052139
aaaaaojd_s001_t002,sampling_rate,250,canonicalized,0,-0.136359,0.455617,1.376487
aaaaaokg_s001_t000,sampling_rate,250,canonicalized,0,2.819275,0.933734,4.478116
aaaaaoly_s001_t000,sampling_rate,250,canonicalized,0,-0.949816,0.277861,5.481781
aaaaaome_s001_t000,sampling_rate,250,canonicalized,0,-1.110976,0.248048,0.363552
aaaaaomx_s001_t000,sampling_rate,250,canonicalized,0,-0.728208,0.322263,0.298284
aaaaaomy_s001_t000,sampling_rate,250,canonicalized,1,4.091975,0.979394,10.758736
aaaaaonb_s001_t000,sampling_rate,250,canonicalized,0,0.179808,0.530969,0.464463
aaaaaons_s002_t002,sampling_rate,250,canonicalized,1,2.293506,0.895036,0.295461
aaaaaopd_s001_t000,sampling_rate,250,canonicalized,0,-2.390726,0.088540,2.008413
aaaaaopo_s001_t000,sampling_rate,250,canonicalized,0,-0.783031,0.310932,0.880611
aaaaaora_s002_t000,sampling_rate,250,canonicalized,1,1.663304,0.823642,0.789680
aaaaaord_s001_t000,sampling_rate,250,canonicalized,1,1.019309,0.716265,0.767854
aaaaaosh_s001_t000,sampling_rate,250,canonicalized,1,0.233400,0.543696,0.323000
aaaaaosw_s001_t000,sampling_rate,250,canonicalized,0,0.077686,0.506619,2.446615
aaaaaote_s001_t000,sampling_rate,250,canonicalized,0,-0.426077,0.388228,1.091849
aaaaaout_s001_t000,sampling_rate,250,canonicalized,1,2.055377,0.871666,2.741817
aaaaaovl_s001_t000,sampling_rate,250,canonicalized,1,5.040503,0.991570,0.593073
aaaaaovo_s001_t000,sampling_rate,250,canonicalized,1,7.621795,0.999278,2.695930
aaaaaowb_s001_t000,sampling_rate,250,canonicalized,0,-0.687242,0.330869,2.529089
aaaaaoxf_s001_t000,sampling_rate,250,canonicalized,0,-0.922831,0.283063,0.349808
aaaaaozf_s001_t001,sampling_rate,250,canonicalized,0,-0.272867,0.423504,2.115154
aaaaapag_s001_t000,sampling_rate,250,canonicalized,0,-1.418413,0.197381,2.734477
aaaaapar_s001_t000,sampling_rate,250,canonicalized,1,13.042362,0.999996,1.510152
aaaaapcb_s001_t000,sampling_rate,250,canonicalized,0,0.568982,0.621475,0.316397
aaaaapcy_s001_t002,sampling_rate,250,canonicalized,0,-1.238990,0.225946,0.955148
aaaaapdg_s001_t000,sampling_rate,250,canonicalized,0,-1.184772,0.235133,0.111689
aaaaaphs_s001_t000,sampling_rate,250,canonicalized,1,4.069074,0.978947,0.763813
aaaaaphw_s001_t000,sampling_rate,250,canonicalized,0,2.015297,0.867321,0.880239
aaaaapij_s001_t000,sampling_rate,250,canonicalized,0,-0.319576,0.412649,0.422338
aaaaapjc_s001_t001,sampling_rate,250,canonicalized,0,-2.761115,0.063839,0.580944
aaaaapka_s001_t000,sampling_rate,250,canonicalized,0,-0.975065,0.273047,0.739446
aaaaapkx_s001_t001,sampling_rate,250,canonicalized,1,-0.908834,0.285785,2.947972
aaaaaply_s001_t001,sampling_rate,250,canonicalized,1,4.457182,0.985374,4.246857
aaaaapmb_s002_t001,sampling_rate,250,canonicalized,1,1.394273,0.783166,0.226553
aaaaapmp_s001_t000,sampling_rate,250,canonicalized,1,0.666988,0.643236,0.293597
aaaaapnr_s001_t000,sampling_rate,250,canonicalized,1,-1.250353,0.224054,1.226863
aaaaapoc_s001_t000,sampling_rate,250,canonicalized,1,4.398945,0.984550,0.941767
aaaaapof_s001_t000,sampling_rate,250,canonicalized,0,-1.514384,0.183258,0.740097
aaaaapoo_s001_t000,sampling_rate,250,canonicalized,0,-1.224123,0.228440,3.166234
aaaaapoq_s001_t000,sampling_rate,250,canonicalized,0,2.211343,0.887431,0.676148
aaaaappb_s001_t000,sampling_rate,250,canonicalized,0,-0.662354,0.336153,0.560671
aaaaapqd_s001_t000,sampling_rate,250,canonicalized,1,0.078374,0.506783,0.667183
aaaaapqv_s001_t000,sampling_rate,250,canonicalized,0,-1.146661,0.241744,3.387255
aaaaapta_s001_t000,sampling_rate,250,canonicalized,1,3.591090,0.967164,3.508402
aaaaapth_s001_t000,sampling_rate,250,canonicalized,1,1.184042,0.747133,1.488878
aaaaapua_s001_t001,sampling_rate,250,canonicalized,0,-2.980947,0.052380,0.355516
aaaaapuu_s001_t000,sampling_rate,250,canonicalized,0,-1.359350,0.206472,0.210969
aaaaapvw_s001_t001,sampling_rate,250,canonicalized,1,3.768576,0.972142,1.210025
aaaaapvy_s001_t000,sampling_rate,250,canonicalized,1,1.299057,0.767322,1.943907
aaaaapwn_s001_t001,sampling_rate,250,canonicalized,0,0.124566,0.517808,2.713241
aaaaapwo_s001_t001,sampling_rate,250,canonicalized,1,7.954342,0.999475,0.569022
aaaaapxm_s001_t001,sampling_rate,250,canonicalized,0,-1.334445,0.210397,0.235461
aaaaapys_s001_t001,sampling_rate,250,canonicalized,1,12.732973,0.999995,0.551022
aaaaapys_s002_t001,sampling_rate,250,canonicalized,1,9.225080,0.999844,2.348478
aaaaaayx_s002_t000,sampling_rate,250,naive,0,0.202175,0.536286,1.642176
aaaaabdo_s003_t000,sampling_rate,250,naive,1,5.570985,0.994904,1.519506
aaaaabsk_s007_t000,sampling_rate,250,naive,1,0.466174,0.598111,1.003793
aaaaabuv_s002_t000,sampling_rate,250,naive,1,1.567353,0.809930,0.973321
aaaaacad_s003_t000,sampling_rate,250,naive,0,0.920193,0.696635,0.656851
aaaaacby_s004_t000,sampling_rate,250,naive,0,-0.628362,0.343438,0.121205
aaaaaddm_s006_t000,sampling_rate,250,naive,1,3.401061,0.960883,1.421212
aaaaadeu_s002_t000,sampling_rate,250,naive,1,3.101629,0.948595,0.939387
aaaaadjk_s002_t000,sampling_rate,250,naive,0,-1.790122,0.147061,0.233014
aaaaadkb_s002_t000,sampling_rate,250,naive,1,5.106050,0.992077,4.721467
aaaaadsm_s002_t001,sampling_rate,250,naive,0,-2.176235,0.106529,0.376146
aaaaaeab_s003_t000,sampling_rate,250,naive,0,-0.374896,0.399902,0.664492
aaaaaejc_s003_t001,sampling_rate,250,naive,0,0.676852,0.645396,0.331730
aaaaaezn_s003_t001,sampling_rate,250,naive,1,0.831920,0.678524,3.650870
aaaaafhl_s003_t000,sampling_rate,250,naive,1,0.402648,0.583441,2.241765
aaaaagfk_s003_t000,sampling_rate,250,naive,0,-1.382791,0.202827,0.301262
aaaaagsc_s003_t001,sampling_rate,250,naive,1,3.546334,0.965778,7.912089
aaaaagsc_s006_t001,sampling_rate,250,naive,1,-0.876650,0.292101,0.437632
aaaaaguk_s002_t001,sampling_rate,250,naive,0,-2.477530,0.082072,0.304205
aaaaagvx_s002_t000,sampling_rate,250,naive,1,0.601687,0.628796,1.358581
aaaaagvx_s003_t001,sampling_rate,250,naive,1,1.081494,0.728181,0.671906
aaaaagyr_s002_t000,sampling_rate,250,naive,1,-0.203264,0.439815,0.681135
aaaaahie_s005_t001,sampling_rate,250,naive,1,5.349870,0.993713,0.285969
aaaaahsv_s002_t000,sampling_rate,250,naive,0,-0.817048,0.304013,1.980520
aaaaahte_s002_t000,sampling_rate,250,naive,1,6.416459,0.997721,2.407014
aaaaahte_s003_t000,sampling_rate,250,naive,1,5.313992,0.993495,1.619883
aaaaahuy_s002_t000,sampling_rate,250,naive,1,-1.593836,0.172170,0.189950
aaaaahzi_s001_t000,sampling_rate,250,naive,0,0.301506,0.559786,0.291877
aaaaahzm_s001_t001,sampling_rate,250,naive,0,-0.182088,0.444805,0.068051
aaaaahzq_s001_t000,sampling_rate,250,naive,0,-3.237582,0.041463,0.593087
aaaaahzs_s001_t001,sampling_rate,250,naive,0,0.143497,0.522322,0.316860
aaaaaiae_s001_t000,sampling_rate,250,naive,0,0.179419,0.530876,0.642873
aaaaaibx_s001_t000,sampling_rate,250,naive,0,-0.691249,0.330022,0.649503
aaaaaiby_s001_t000,sampling_rate,250,naive,0,-0.703440,0.327452,1.452311
aaaaaici_s001_t000,sampling_rate,250,naive,0,-1.954416,0.128444,3.342380
aaaaaicn_s001_t000,sampling_rate,250,naive,0,0.227950,0.542404,0.471072
aaaaaijh_s002_t000,sampling_rate,250,naive,1,-3.162531,0.044408,0.411524
aaaaaijn_s001_t001,sampling_rate,250,naive,0,-0.886178,0.290223,0.291197
aaaaairb_s001_t001,sampling_rate,250,naive,0,1.217628,0.753146,0.274355
aaaaairo_s001_t000,sampling_rate,250,naive,0,-1.994740,0.124193,0.892754
aaaaaitt_s001_t000,sampling_rate,250,naive,0,-1.512873,0.183474,1.047145
aaaaaiue_s004_t000,sampling_rate,250,naive,1,0.697884,0.649980,0.865404
aaaaaiuo_s002_t000,sampling_rate,250,naive,0,0.841960,0.680613,0.467824
aaaaaiwz_s001_t001,sampling_rate,250,naive,0,-1.336318,0.210100,0.138060
aaaaaiyy_s001_t001,sampling_rate,250,naive,0,-1.772050,0.149240,1.427121
aaaaaizd_s001_t001,sampling_rate,250,naive,0,-0.024994,0.482104,1.350887
aaaaaizs_s001_t000,sampling_rate,250,naive,0,0.690080,0.648282,0.412175
aaaaajae_s001_t001,sampling_rate,250,naive,0,2.389403,0.903337,0.911805
aaaaajah_s002_t001,sampling_rate,250,naive,1,0.510026,0.608138,0.731745
aaaaajah_s004_t000,sampling_rate,250,naive,1,-0.429078,0.387547,1.515167
aaaaajal_s001_t001,sampling_rate,250,naive,0,-2.031127,0.120461,0.634484
aaaaajam_s001_t000,sampling_rate,250,naive,1,-1.025426,0.263603,0.247760
aaaaajar_s001_t001,sampling_rate,250,naive,0,-1.043999,0.260173,0.472049
aaaaajbb_s001_t000,sampling_rate,250,naive,0,1.251721,0.759151,1.365117
aaaaajbh_s002_t000,sampling_rate,250,naive,0,-1.078711,0.253841,0.315311
aaaaajce_s001_t000,sampling_rate,250,naive,0,-0.805808,0.306289,0.469517
aaaaajci_s001_t000,sampling_rate,250,naive,0,-0.421259,0.389322,0.143144
aaaaajck_s001_t000,sampling_rate,250,naive,0,-1.758828,0.150851,0.474704
aaaaajct_s001_t000,sampling_rate,250,naive,0,0.587696,0.625671,0.800038
aaaaajcu_s001_t000,sampling_rate,250,naive,0,-0.889103,0.289648,0.830872
aaaaajda_s001_t000,sampling_rate,250,naive,0,-2.269242,0.098363,0.497408
aaaaajdb_s001_t000,sampling_rate,250,naive,0,-1.153220,0.240597,1.411864
aaaaajdv_s001_t000,sampling_rate,250,naive,0,0.641702,0.637674,2.228797
aaaaajdy_s001_t000,sampling_rate,250,naive,0,-2.030617,0.120513,0.355338
aaaaajdz_s001_t000,sampling_rate,250,naive,0,-0.080716,0.468830,0.569981
aaaaajea_s001_t000,sampling_rate,250,naive,0,1.878280,0.851522,1.592870
aaaaajen_s001_t000,sampling_rate,250,naive,0,-0.930268,0.281624,0.385469
aaaaajey_s001_t000,sampling_rate,250,naive,0,-0.152592,0.451774,0.401459
aaaaajfb_s001_t000,sampling_rate,250,naive,0,-2.408092,0.087210,3.021751
aaaaajfe_s001_t000,sampling_rate,250,naive,0,-1.324912,0.211914,0.745848
aaaaajff_s001_t000,sampling_rate,250,naive,0,-2.362366,0.090751,0.773966
aaaaajfi_s001_t001,sampling_rate,250,naive,0,-0.746668,0.318423,0.317309
aaaaajfn_s001_t001,sampling_rate,250,naive,0,-1.466044,0.190271,0.715578
aaaaajfy_s001_t000,sampling_rate,250,naive,0,-1.751913,0.151699,0.444793
aaaaajga_s001_t001,sampling_rate,250,naive,0,1.054715,0.723088,2.370106
aaaaajhy_s001_t000,sampling_rate,250,naive,0,-2.489172,0.081238,0.889815
aaaaajit_s001_t001,sampling_rate,250,naive,0,-1.823211,0.143140,1.127657
aaaaajiu_s001_t000,sampling_rate,250,naive,0,1.724833,0.832018,2.163884
aaaaajiy_s001_t001,sampling_rate,250,naive,0,-0.635808,0.341836,0.775533
aaaaajiz_s001_t000,sampling_rate,250,naive,0,-0.347028,0.406307,0.868019
aaaaajjb_s001_t001,sampling_rate,250,naive,0,-0.342636,0.407320,0.667364
aaaaajje_s001_t000,sampling_rate,250,naive,0,-1.329029,0.211258,0.672725
aaaaajjk_s001_t000,sampling_rate,250,naive,0,-0.720664,0.323839,1.110273
aaaaajna_s001_t000,sampling_rate,250,naive,0,-2.293299,0.096344,0.582481
aaaaajnu_s001_t000,sampling_rate,250,naive,0,-2.166101,0.107454,0.822409
aaaaajon_s001_t000,sampling_rate,250,naive,0,-0.446547,0.383594,2.457607
aaaaajoo_s002_t001,sampling_rate,250,naive,1,-0.091693,0.466219,0.349673
aaaaajpg_s001_t001,sampling_rate,250,naive,0,-1.496066,0.185892,0.549567
aaaaajqh_s004_t000,sampling_rate,250,naive,1,5.805980,0.995925,1.960828
aaaaajqk_s003_t001,sampling_rate,250,naive,1,3.006204,0.943964,0.937252
aaaaajrf_s001_t000,sampling_rate,250,naive,1,9.208815,0.999841,3.126554
aaaaajrf_s002_t000,sampling_rate,250,naive,1,11.770627,0.999986,1.974131
aaaaajrf_s003_t002,sampling_rate,250,naive,1,9.761459,0.999906,4.475995
aaaaajrf_s004_t000,sampling_rate,250,naive,1,2.362019,0.901028,0.441436
aaaaajso_s001_t000,sampling_rate,250,naive,1,6.362649,0.997601,1.122524
aaaaajtg_s001_t000,sampling_rate,250,naive,0,-0.190054,0.442926,2.167782
aaaaajtu_s001_t000,sampling_rate,250,naive,0,-0.154651,0.451286,0.597161
aaaaajuh_s001_t000,sampling_rate,250,naive,1,5.243036,0.993042,6.272742
aaaaajun_s001_t000,sampling_rate,250,naive,0,1.872187,0.850784,0.758530
aaaaajvh_s001_t001,sampling_rate,250,naive,0,-0.018198,0.483726,1.242136
aaaaajxp_s001_t000,sampling_rate,250,naive,0,-0.412240,0.391372,0.483229
aaaaakck_s001_t001,sampling_rate,250,naive,1,1.525746,0.803736,0.363866
aaaaakcx_s001_t001,sampling_rate,250,naive,1,6.860636,0.998508,3.049091
aaaaakcy_s005_t001,sampling_rate,250,naive,1,7.765857,0.999371,3.692368
aaaaakdj_s001_t000,sampling_rate,250,naive,1,1.432491,0.789302,0.713467
aaaaakdo_s001_t000,sampling_rate,250,naive,1,0.575585,0.622957,1.416985
aaaaakeq_s001_t000,sampling_rate,250,naive,1,2.933081,0.940152,2.550948
aaaaakeq_s002_t000,sampling_rate,250,naive,1,2.287162,0.894466,1.198910
aaaaakeq_s003_t000,sampling_rate,250,naive,1,3.130689,0.949932,3.966956
aaaaakev_s001_t001,sampling_rate,250,naive,1,10.738077,0.999963,11.813914
aaaaakev_s002_t000,sampling_rate,250,naive,1,10.027954,0.999928,4.775115
aaaaakft_s001_t000,sampling_rate,250,naive,0,-1.624253,0.168068,0.756980
aaaaakgp_s001_t001,sampling_rate,250,naive,0,0.860957,0.684544,1.880238
aaaaakgu_s001_t000,sampling_rate,250,naive,1,-0.709463,0.326186,0.159255
aaaaakjk_s002_t002,sampling_rate,250,naive,1,2.446852,0.908024,0.430117
aaaaakjk_s003_t000,sampling_rate,250,naive,1,1.561742,0.809104,1.147378
aaaaakka_s001_t001,sampling_rate,250,naive,0,-0.964987,0.274963,0.641540
aaaaakmg_s003_t001,sampling_rate,250,naive,1,5.496935,0.994533,0.791227
aaaaakmh_s001_t000,sampling_rate,250,naive,1,0.330902,0.566694,2.525002
aaaaaknt_s001_t000,sampling_rate,250,naive,1,1.048265,0.721853,1.560412
aaaaakoo_s001_t001,sampling_rate,250,naive,1,9.878414,0.999916,2.437984
aaaaakqg_s001_t001,sampling_rate,250,naive,0,-0.626215,0.343901,0.965403
aaaaakqr_s001_t000,sampling_rate,250,naive,0,-1.100150,0.249982,0.534052
aaaaakrt_s001_t001,sampling_rate,250,naive,1,4.194616,0.981282,0.604725
aaaaakrt_s002_t001,sampling_rate,250,naive,1,4.322444,0.983398,2.452163
aaaaaksb_s001_t000,sampling_rate,250,naive,0,-1.749613,0.151982,0.384180
aaaaaksu_s001_t001,sampling_rate,250,naive,0,0.056391,0.501534,0.687487
aaaaakxz_s001_t001,sampling_rate,250,naive,1,0.934060,0.699427,0.297173
aaaaakxz_s002_t001,sampling_rate,250,naive,1,3.811963,0.973243,2.097560
aaaaalaf_s001_t000,sampling_rate,250,naive,0,-1.303227,0.215395,0.322958
aaaaalau_s001_t000,sampling_rate,250,naive,1,1.796040,0.841312,0.935165
aaaaalbh_s001_t000,sampling_rate,250,naive,1,2.924612,0.939695,6.387937
aaaaalbt_s001_t001,sampling_rate,250,naive,0,-0.712014,0.325651,0.553662
aaaaalbt_s002_t000,sampling_rate,250,naive,0,-1.217174,0.229612,1.585767
aaaaalbz_s006_t000,sampling_rate,250,naive,1,8.160569,0.999569,4.599907
aaaaalid_s001_t001,sampling_rate,250,naive,0,2.608222,0.920114,1.845283
aaaaaljf_s001_t000,sampling_rate,250,naive,1,2.388844,0.903290,1.164038
aaaaaljj_s001_t000,sampling_rate,250,naive,0,-1.853119,0.139672,1.287985
aaaaallc_s001_t001,sampling_rate,250,naive,0,0.342518,0.569417,1.419859
aaaaalle_s002_t000,sampling_rate,250,naive,1,1.669162,0.824453,0.432080
aaaaalox_s001_t001,sampling_rate,250,naive,0,2.802370,0.932728,4.047310
aaaaalpv_s001_t000,sampling_rate,250,naive,0,0.543787,0.615796,1.266232
aaaaalqa_s001_t000,sampling_rate,250,naive,0,-0.799068,0.307659,1.278145
aaaaalqr_s001_t001,sampling_rate,250,naive,1,1.535631,0.805221,0.066830
aaaaalqs_s001_t001,sampling_rate,250,naive,0,-1.484137,0.187623,0.505615
aaaaalqx_s001_t000,sampling_rate,250,naive,0,-2.037021,0.119866,1.483972
aaaaalrc_s002_t000,sampling_rate,250,naive,1,15.201885,0.999999,2.388845
aaaaalsq_s001_t000,sampling_rate,250,naive,0,0.914565,0.695498,0.250569
aaaaalsx_s001_t000,sampling_rate,250,naive,1,-0.213218,0.437473,0.296427
aaaaalsx_s004_t001,sampling_rate,250,naive,1,0.284817,0.555853,0.195280
aaaaaluz_s001_t001,sampling_rate,250,naive,0,-0.883141,0.290821,0.268112
aaaaalvw_s001_t000,sampling_rate,250,naive,0,-2.935382,0.054583,0.480682
aaaaalvz_s001_t000,sampling_rate,250,naive,1,9.045036,0.999815,1.203491
aaaaalxk_s001_t000,sampling_rate,250,naive,0,0.542539,0.615514,0.574883
aaaaalyr_s001_t000,sampling_rate,250,naive,1,0.730295,0.656991,0.291253
aaaaalzk_s002_t001,sampling_rate,250,naive,1,8.150992,0.999565,6.231357
aaaaamcb_s001_t001,sampling_rate,250,naive,1,6.416230,0.997721,1.631436
aaaaamfe_s001_t001,sampling_rate,250,naive,0,0.937747,0.700167,0.781618
aaaaamft_s001_t001,sampling_rate,250,naive,1,2.819436,0.933744,0.292636
aaaaamfu_s001_t000,sampling_rate,250,naive,0,-0.692344,0.329791,0.400854
aaaaamhi_s001_t000,sampling_rate,250,naive,1,6.946845,0.998626,5.127158
aaaaamhk_s001_t000,sampling_rate,250,naive,1,2.396893,0.903960,0.403226
aaaaamjc_s001_t001,sampling_rate,250,naive,1,6.840351,0.998479,2.903263
aaaaammh_s001_t001,sampling_rate,250,naive,1,1.251437,0.759102,0.843015
aaaaamnq_s001_t000,sampling_rate,250,naive,1,4.891600,0.990294,6.905767
aaaaamnq_s002_t000,sampling_rate,250,naive,1,3.713823,0.970690,1.462515
aaaaamon_s001_t000,sampling_rate,250,naive,0,0.309210,0.561598,2.297999
aaaaampz_s001_t000,sampling_rate,250,naive,1,-0.226266,0.434408,1.780860
aaaaamrj_s001_t000,sampling_rate,250,naive,0,0.044718,0.498746,0.216798
aaaaamsc_s001_t000,sampling_rate,250,naive,1,3.520617,0.964957,0.293205
aaaaamtb_s001_t000,sampling_rate,250,naive,0,2.999773,0.943638,1.498086
aaaaamuc_s001_t000,sampling_rate,250,naive,0,-0.926477,0.282357,0.233524
aaaaamxn_s001_t000,sampling_rate,250,naive,1,0.843053,0.680839,0.207349
aaaaamyb_s001_t001,sampling_rate,250,naive,0,-1.089739,0.251851,1.774127
aaaaamye_s001_t000,sampling_rate,250,naive,1,8.673944,0.999736,3.176892
aaaaamzi_s001_t001,sampling_rate,250,naive,1,5.997363,0.996603,6.488073
aaaaamzl_s001_t000,sampling_rate,250,naive,0,-1.322974,0.212224,0.258329
aaaaamzx_s001_t000,sampling_rate,250,naive,0,-2.250402,0.099971,1.452763
aaaaanbq_s001_t000,sampling_rate,250,naive,0,-0.688299,0.330645,0.601318
aaaaanek_s001_t000,sampling_rate,250,naive,0,-2.104422,0.113237,0.263787
aaaaangp_s001_t000,sampling_rate,250,naive,0,-0.511488,0.369035,0.408012
aaaaanhb_s001_t003,sampling_rate,250,naive,1,3.570457,0.966532,3.742980
aaaaanhb_s003_t001,sampling_rate,250,naive,1,2.991965,0.943240,1.038366
aaaaanhb_s005_t000,sampling_rate,250,naive,1,3.857945,0.974363,2.063356
aaaaankf_s001_t000,sampling_rate,250,naive,1,4.264624,0.982472,0.832070
aaaaanlp_s001_t000,sampling_rate,250,naive,0,-0.495478,0.372603,0.630107
aaaaanmc_s001_t000,sampling_rate,250,naive,1,4.813454,0.989549,5.309390
aaaaanop_s001_t000,sampling_rate,250,naive,0,0.312518,0.562377,2.434319
aaaaanoz_s001_t000,sampling_rate,250,naive,1,-0.998508,0.268625,0.632905
aaaaanpr_s001_t002,sampling_rate,250,naive,1,1.490890,0.798430,1.462165
aaaaanqe_s001_t000,sampling_rate,250,naive,0,-1.699292,0.158282,0.786719
aaaaanro_s001_t000,sampling_rate,250,naive,1,3.086226,0.947873,1.678982
aaaaansj_s001_t000,sampling_rate,250,naive,1,1.682942,0.826350,2.244297
aaaaanta_s001_t000,sampling_rate,250,naive,1,5.228892,0.992948,5.381510
aaaaanum_s001_t000,sampling_rate,250,naive,0,-0.136362,0.455616,0.555793
aaaaanvb_s002_t000,sampling_rate,250,naive,0,-0.791884,0.309123,0.486388
aaaaanvg_s001_t002,sampling_rate,250,naive,0,2.038135,0.869812,0.807343
aaaaanvw_s001_t000,sampling_rate,250,naive,0,-1.977619,0.125983,0.992770
aaaaanwc_s001_t001,sampling_rate,250,naive,1,4.287176,0.982839,14.907016
aaaaanxl_s001_t000,sampling_rate,250,naive,1,4.588249,0.987073,3.893290
aaaaanyb_s001_t001,sampling_rate,250,naive,0,-0.731593,0.321557,0.049866
aaaaanyt_s002_t000,sampling_rate,250,naive,1,5.455431,0.994313,3.262507
aaaaanyw_s001_t000,sampling_rate,250,naive,1,2.720203,0.927632,0.431002
aaaaanyw_s002_t000,sampling_rate,250,naive,1,3.307925,0.957398,3.629027
aaaaanzh_s001_t000,sampling_rate,250,naive,1,-0.209888,0.438256,1.239038
aaaaanzu_s001_t003,sampling_rate,250,naive,1,2.741378,0.928979,1.736941
aaaaaoav_s001_t000,sampling_rate,250,naive,0,-0.576372,0.354723,0.522022
aaaaaoav_s002_t000,sampling_rate,250,naive,0,-1.212937,0.230329,0.729148
aaaaaobi_s001_t000,sampling_rate,250,naive,1,-0.104223,0.463241,0.517987
aaaaaobl_s001_t000,sampling_rate,250,naive,0,-1.254171,0.223420,0.826075
aaaaaoby_s001_t000,sampling_rate,250,naive,0,-0.194779,0.441813,1.178566
aaaaaoda_s001_t000,sampling_rate,250,naive,1,6.780187,0.998389,2.323711
aaaaaoeg_s001_t000,sampling_rate,250,naive,0,-0.539062,0.362922,0.306858
aaaaaofj_s001_t000,sampling_rate,250,naive,0,-0.260078,0.426489,1.271822
aaaaaofr_s001_t000,sampling_rate,250,naive,0,1.306857,0.768650,1.029020
aaaaaofz_s001_t000,sampling_rate,250,naive,0,-0.435995,0.385980,0.928248
aaaaaohb_s001_t000,sampling_rate,250,naive,1,4.320503,0.983368,0.556406
aaaaaohr_s002_t001,sampling_rate,250,naive,1,4.536330,0.986425,1.014671
aaaaaoiq_s001_t000,sampling_rate,250,naive,1,1.106155,0.732819,0.584342
aaaaaoiv_s001_t000,sampling_rate,250,naive,1,-0.019053,0.483522,0.324157
aaaaaoiv_s002_t001,sampling_rate,250,naive,1,8.574879,0.999710,1.524376
aaaaaoiv_s003_t003,sampling_rate,250,naive,1,7.899239,0.999446,1.052139
aaaaaojd_s001_t002,sampling_rate,250,naive,0,-0.136359,0.455617,1.376487
aaaaaokg_s001_t000,sampling_rate,250,naive,0,2.819275,0.933734,4.478116
aaaaaoly_s001_t000,sampling_rate,250,naive,0,-0.949816,0.277861,5.481781
aaaaaome_s001_t000,sampling_rate,250,naive,0,-1.110976,0.248048,0.363552
aaaaaomx_s001_t000,sampling_rate,250,naive,0,-0.728208,0.322263,0.298284
aaaaaomy_s001_t000,sampling_rate,250,naive,1,4.091975,0.979394,10.758736
aaaaaonb_s001_t000,sampling_rate,250,naive,0,0.179808,0.530969,0.464463
aaaaaons_s002_t002,sampling_rate,250,naive,1,2.293506,0.895036,0.295461
aaaaaopd_s001_t000,sampling_rate,250,naive,0,-2.390726,0.088540,2.008413
aaaaaopo_s001_t000,sampling_rate,250,naive,0,-0.783031,0.310932,0.880611
aaaaaora_s002_t000,sampling_rate,250,naive,1,1.663304,0.823642,0.789680
aaaaaord_s001_t000,sampling_rate,250,naive,1,1.019309,0.716265,0.767854
aaaaaosh_s001_t000,sampling_rate,250,naive,1,0.233400,0.543696,0.323000
aaaaaosw_s001_t000,sampling_rate,250,naive,0,0.077686,0.506619,2.446615
aaaaaote_s001_t000,sampling_rate,250,naive,0,-0.426077,0.388228,1.091849
aaaaaout_s001_t000,sampling_rate,250,naive,1,2.055377,0.871666,2.741817
aaaaaovl_s001_t000,sampling_rate,250,naive,1,5.040503,0.991570,0.593073
aaaaaovo_s001_t000,sampling_rate,250,naive,1,7.621795,0.999278,2.695930
aaaaaowb_s001_t000,sampling_rate,250,naive,0,-0.687242,0.330869,2.529089
aaaaaoxf_s001_t000,sampling_rate,250,naive,0,-0.922831,0.283063,0.349808
aaaaaozf_s001_t001,sampling_rate,250,naive,0,-0.272867,0.423504,2.115154
aaaaapag_s001_t000,sampling_rate,250,naive,0,-1.418413,0.197381,2.734477
aaaaapar_s001_t000,sampling_rate,250,naive,1,13.042362,0.999996,1.510152
aaaaapcb_s001_t000,sampling_rate,250,naive,0,0.568982,0.621475,0.316397
aaaaapcy_s001_t002,sampling_rate,250,naive,0,-1.238990,0.225946,0.955148
aaaaapdg_s001_t000,sampling_rate,250,naive,0,-1.184772,0.235133,0.111689
aaaaaphs_s001_t000,sampling_rate,250,naive,1,4.069074,0.978947,0.763813
aaaaaphw_s001_t000,sampling_rate,250,naive,0,2.015297,0.867321,0.880239
aaaaapij_s001_t000,sampling_rate,250,naive,0,-0.319576,0.412649,0.422338
aaaaapjc_s001_t001,sampling_rate,250,naive,0,-2.761115,0.063839,0.580944
aaaaapka_s001_t000,sampling_rate,250,naive,0,-0.975065,0.273047,0.739446
aaaaapkx_s001_t001,sampling_rate,250,naive,1,-0.908834,0.285785,2.947972
aaaaaply_s001_t001,sampling_rate,250,naive,1,4.457182,0.985374,4.246857
aaaaapmb_s002_t001,sampling_rate,250,naive,1,1.394273,0.783166,0.226553
aaaaapmp_s001_t000,sampling_rate,250,naive,1,0.666988,0.643236,0.293597
aaaaapnr_s001_t000,sampling_rate,250,naive,1,-1.250353,0.224054,1.226863
aaaaapoc_s001_t000,sampling_rate,250,naive,1,4.398945,0.984550,0.941767
aaaaapof_s001_t000,sampling_rate,250,naive,0,-1.514384,0.183258,0.740097
aaaaapoo_s001_t000,sampling_rate,250,naive,0,-1.224123,0.228440,3.166234
aaaaapoq_s001_t000,sampling_rate,250,naive,0,2.211343,0.887431,0.676148
aaaaappb_s001_t000,sampling_rate,250,naive,0,-0.662354,0.336153,0.560671
aaaaapqd_s001_t000,sampling_rate,250,naive,1,0.078374,0.506783,0.667183
aaaaapqv_s001_t000,sampling_rate,250,naive,0,-1.146661,0.241744,3.387255
aaaaapta_s001_t000,sampling_rate,250,naive,1,3.591090,0.967164,3.508402
aaaaapth_s001_t000,sampling_rate,250,naive,1,1.184042,0.747133,1.488878
aaaaapua_s001_t001,sampling_rate,250,naive,0,-2.980947,0.052380,0.355516
aaaaapuu_s001_t000,sampling_rate,250,naive,0,-1.359350,0.206472,0.210969
aaaaapvw_s001_t001,sampling_rate,250,naive,1,3.768576,0.972142,1.210025
aaaaapvy_s001_t000,sampling_rate,250,naive,1,1.299057,0.767322,1.943907
aaaaapwn_s001_t001,sampling_rate,250,naive,0,0.124566,0.517808,2.713241
aaaaapwo_s001_t001,sampling_rate,250,naive,1,7.954342,0.999475,0.569022
aaaaapxm_s001_t001,sampling_rate,250,naive,0,-1.334445,0.210397,0.235461
aaaaapys_s001_t001,sampling_rate,250,naive,1,12.732973,0.999995,0.551022
aaaaapys_s002_t001,sampling_rate,250,naive,1,9.225080,0.999844,2.348478
aaaaaayx_s002_t000,sampling_rate,256,canonicalized,0,0.199115,0.535559,1.642690
aaaaabdo_s003_t000,sampling_rate,256,canonicalized,1,5.576210,0.994929,1.524991
aaaaabsk_s007_t000,sampling_rate,256,canonicalized,1,0.461987,0.597149,0.994157
aaaaabuv_s002_t000,sampling_rate,256,canonicalized,1,1.563110,0.809305,0.971740
aaaaacad_s003_t000,sampling_rate,256,canonicalized,0,0.912578,0.695095,0.656400
aaaaacby_s004_t000,sampling_rate,256,canonicalized,0,-0.638003,0.341364,0.121663
aaaaaddm_s006_t000,sampling_rate,256,canonicalized,1,3.395317,0.960676,1.414045
aaaaadeu_s002_t000,sampling_rate,256,canonicalized,1,3.089658,0.948035,0.933844
aaaaadjk_s002_t000,sampling_rate,256,canonicalized,0,-1.787363,0.147392,0.231722
aaaaadkb_s002_t000,sampling_rate,256,canonicalized,1,5.099022,0.992024,4.705691
aaaaadsm_s002_t001,sampling_rate,256,canonicalized,0,-2.181927,0.106013,0.372297
aaaaaeab_s003_t000,sampling_rate,256,canonicalized,0,-0.378876,0.398990,0.661516
aaaaaejc_s003_t001,sampling_rate,256,canonicalized,0,0.668267,0.643516,0.331528
aaaaaezn_s003_t001,sampling_rate,256,canonicalized,1,0.823988,0.676869,3.648272
aaaaafhl_s003_t000,sampling_rate,256,canonicalized,1,0.387735,0.579974,2.238676
aaaaagfk_s003_t000,sampling_rate,256,canonicalized,0,-1.383868,0.202661,0.300013
aaaaagsc_s003_t001,sampling_rate,256,canonicalized,1,3.547303,0.965809,7.942189
aaaaagsc_s006_t001,sampling_rate,256,canonicalized,1,-0.873951,0.292635,0.434173
aaaaaguk_s002_t001,sampling_rate,256,canonicalized,0,-2.468776,0.082704,0.305831
aaaaagvx_s002_t000,sampling_rate,256,canonicalized,1,0.595826,0.627488,1.359872
aaaaagvx_s003_t001,sampling_rate,256,canonicalized,1,1.075820,0.727107,0.677842
aaaaagyr_s002_t000,sampling_rate,256,canonicalized,1,-0.208542,0.438573,0.674123
aaaaahie_s005_t001,sampling_rate,256,canonicalized,1,5.352649,0.993730,0.286256
aaaaahsv_s002_t000,sampling_rate,256,canonicalized,0,-0.823294,0.302752,1.975297
aaaaahte_s002_t000,sampling_rate,256,canonicalized,1,6.421496,0.997732,2.414837
aaaaahte_s003_t000,sampling_rate,256,canonicalized,1,5.297825,0.993395,1.616008
aaaaahuy_s002_t000,sampling_rate,256,canonicalized,1,-1.600379,0.171281,0.189292
aaaaahzi_s001_t000,sampling_rate,256,canonicalized,0,0.299873,0.559401,0.290581
aaaaahzm_s001_t001,sampling_rate,256,canonicalized,0,-0.192823,0.442274,0.066299
aaaaahzq_s001_t000,sampling_rate,256,canonicalized,0,-3.240334,0.041359,0.594079
aaaaahzs_s001_t001,sampling_rate,256,canonicalized,0,0.133561,0.519953,0.312684
aaaaaiae_s001_t000,sampling_rate,256,canonicalized,0,0.163496,0.527086,0.638522
aaaaaibx_s001_t000,sampling_rate,256,canonicalized,0,-0.696822,0.328846,0.655475
aaaaaiby_s001_t000,sampling_rate,256,canonicalized,0,-0.707017,0.326700,1.439733
aaaaaici_s001_t000,sampling_rate,256,canonicalized,0,-1.959654,0.127884,3.331866
aaaaaicn_s001_t000,sampling_rate,256,canonicalized,0,0.215926,0.539552,0.469597
aaaaaijh_s002_t000,sampling_rate,256,canonicalized,1,-3.158586,0.044569,0.404451
aaaaaijn_s001_t001,sampling_rate,256,canonicalized,0,-0.889452,0.289579,0.290682
aaaaairb_s001_t001,sampling_rate,256,canonicalized,0,1.209301,0.751665,0.274043
aaaaairo_s001_t000,sampling_rate,256,canonicalized,0,-1.990982,0.124584,0.891858
aaaaaitt_s001_t000,sampling_rate,256,canonicalized,0,-1.510739,0.183780,1.061164
aaaaaiue_s004_t000,sampling_rate,256,canonicalized,1,0.685543,0.647294,0.859140
aaaaaiuo_s002_t000,sampling_rate,256,canonicalized,0,0.832794,0.678706,0.464753
aaaaaiwz_s001_t001,sampling_rate,256,canonicalized,0,-1.347933,0.208265,0.137684
aaaaaiyy_s001_t001,sampling_rate,256,canonicalized,0,-1.783045,0.147911,1.419281
aaaaaizd_s001_t001,sampling_rate,256,canonicalized,0,-0.031564,0.480538,1.336663
aaaaaizs_s001_t000,sampling_rate,256,canonicalized,0,0.678253,0.645702,0.408792
aaaaajae_s001_t001,sampling_rate,256,canonicalized,0,2.374035,0.902047,0.912106
aaaaajah_s002_t001,sampling_rate,256,canonicalized,1,0.510745,0.608302,0.731167
aaaaajah_s004_t000,sampling_rate,256,canonicalized,1,-0.431332,0.387036,1.503767
aaaaajal_s001_t001,sampling_rate,256,canonicalized,0,-2.034570,0.120113,0.636177
aaaaajam_s001_t000,sampling_rate,256,canonicalized,1,-1.030266,0.262706,0.248279
aaaaajar_s001_t001,sampling_rate,256,canonicalized,0,-1.046779,0.259662,0.472086
aaaaajbb_s001_t000,sampling_rate,256,canonicalized,0,1.239498,0.757010,1.358486
aaaaajbh_s002_t000,sampling_rate,256,canonicalized,0,-1.094399,0.251013,0.313173
aaaaajce_s001_t000,sampling_rate,256,canonicalized,0,-0.801094,0.307247,0.469313
aaaaajci_s001_t000,sampling_rate,256,canonicalized,0,-0.418423,0.389966,0.144810
aaaaajck_s001_t000,sampling_rate,256,canonicalized,0,-1.757383,0.151028,0.475827
aaaaajct_s001_t000,sampling_rate,256,canonicalized,0,0.578805,0.623680,0.793973
aaaaajcu_s001_t000,sampling_rate,256,canonicalized,0,-0.888057,0.289853,0.830218
aaaaajda_s001_t000,sampling_rate,256,canonicalized,0,-2.266139,0.098627,0.501195
aaaaajdb_s001_t000,sampling_rate,256,canonicalized,0,-1.146183,0.241828,1.408899
aaaaajdv_s001_t000,sampling_rate,256,canonicalized,0,0.644474,0.638285,2.230663
aaaaajdy_s001_t000,sampling_rate,256,canonicalized,0,-2.035478,0.120021,0.356961
aaaaajdz_s001_t000,sampling_rate,256,canonicalized,0,-0.077841,0.469513,0.571894
aaaaajea_s001_t000,sampling_rate,256,canonicalized,0,1.865052,0.849917,1.588990
aaaaajen_s001_t000,sampling_rate,256,canonicalized,0,-0.937403,0.280247,0.385194
aaaaajey_s001_t000,sampling_rate,256,canonicalized,0,-0.148117,0.452833,0.398912
aaaaajfb_s001_t000,sampling_rate,256,canonicalized,0,-2.408325,0.087192,3.018705
aaaaajfe_s001_t000,sampling_rate,256,canonicalized,0,-1.334024,0.210464,0.738696
aaaaajff_s001_t000,sampling_rate,256,canonicalized,0,-2.366431,0.090431,0.770905
aaaaajfi_s001_t001,sampling_rate,256,canonicalized,0,-0.748527,0.318038,0.314191
aaaaajfn_s001_t001,sampling_rate,256,canonicalized,0,-1.462689,0.190766,0.720157
aaaaajfy_s001_t000,sampling_rate,256,canonicalized,0,-1.754084,0.151432,0.438947
aaaaajga_s001_t001,sampling_rate,256,canonicalized,0,1.047872,0.721778,2.359100
aaaaajhy_s001_t000,sampling_rate,256,canonicalized,0,-2.490742,0.081126,0.883449
aaaaajit_s001_t001,sampling_rate,256,canonicalized,0,-1.815564,0.144038,1.121280
aaaaajiu_s001_t000,sampling_rate,256,canonicalized,0,1.721998,0.831639,2.157784
aaaaajiy_s001_t001,sampling_rate,256,canonicalized,0,-0.644997,0.339864,0.772585
aaaaajiz_s001_t000,sampling_rate,256,canonicalized,0,-0.350444,0.405520,0.867711
aaaaajjb_s001_t001,sampling_rate,256,canonicalized,0,-0.345124,0.406746,0.667239
aaaaajje_s001_t000,sampling_rate,256,canonicalized,0,-1.329376,0.211203,0.666436
aaaaajjk_s001_t000,sampling_rate,256,canonicalized,0,-0.732632,0.321340,1.101890
aaaaajna_s001_t000,sampling_rate,256,canonicalized,0,-2.293072,0.096363,0.578894
aaaaajnu_s001_t000,sampling_rate,256,canonicalized,0,-2.171132,0.106994,0.822884
aaaaajon_s001_t000,sampling_rate,256,canonicalized,0,-0.442776,0.384446,2.452925
aaaaajoo_s002_t001,sampling_rate,256,canonicalized,1,-0.098455,0.464612,0.344999
aaaaajpg_s001_t001,sampling_rate,256,canonicalized,0,-1.496985,0.185759,0.548948
aaaaajqh_s004_t000,sampling_rate,256,canonicalized,1,5.800333,0.995903,1.953979
aaaaajqk_s003_t001,sampling_rate,256,canonicalized,1,2.991335,0.943208,0.935912
aaaaajrf_s001_t000,sampling_rate,256,canonicalized,1,9.216539,0.999843,3.127417
aaaaajrf_s002_t000,sampling_rate,256,canonicalized,1,11.772045,0.999986,1.971568
aaaaajrf_s003_t002,sampling_rate,256,canonicalized,1,9.756439,0.999906,4.495868
aaaaajrf_s004_t000,sampling_rate,256,canonicalized,1,2.348572,0.899877,0.439978
aaaaajso_s001_t000,sampling_rate,256,canonicalized,1,6.352648,0.997579,1.121227
aaaaajtg_s001_t000,sampling_rate,256,canonicalized,0,-0.186580,0.443745,2.165994
aaaaajtu_s001_t000,sampling_rate,256,canonicalized,0,-0.151456,0.452042,0.598913
aaaaajuh_s001_t000,sampling_rate,256,canonicalized,1,5.239153,0.993017,6.277891
aaaaajun_s001_t000,sampling_rate,256,canonicalized,0,1.868570,0.850345,0.753185
aaaaajvh_s001_t001,sampling_rate,256,canonicalized,0,-0.015753,0.484309,1.229504
aaaaajxp_s001_t000,sampling_rate,256,canonicalized,0,-0.426664,0.388095,0.483516
aaaaakck_s001_t001,sampling_rate,256,canonicalized,1,1.523447,0.803389,0.364404
aaaaakcx_s001_t001,sampling_rate,256,canonicalized,1,6.851527,0.998495,3.048652
aaaaakcy_s005_t001,sampling_rate,256,canonicalized,1,7.771809,0.999375,3.696361
aaaaakdj_s001_t000,sampling_rate,256,canonicalized,1,1.434756,0.789662,0.709243
aaaaakdo_s001_t000,sampling_rate,256,canonicalized,1,0.578041,0.623508,1.418244
aaaaakeq_s001_t000,sampling_rate,256,canonicalized,1,2.933784,0.940190,2.549966
aaaaakeq_s002_t000,sampling_rate,256,canonicalized,1,2.287693,0.894514,1.190451
aaaaakeq_s003_t000,sampling_rate,256,canonicalized,1,3.133617,0.950065,3.971460
aaaaakev_s001_t001,sampling_rate,256,canonicalized,1,10.739188,0.999963,11.862079
aaaaakev_s002_t000,sampling_rate,256,canonicalized,1,10.029184,0.999928,4.782812
aaaaakft_s001_t000,sampling_rate,256,canonicalized,0,-1.626893,0.167715,0.751951
aaaaakgp_s001_t001,sampling_rate,256,canonicalized,0,0.862794,0.684923,1.881814
aaaaakgu_s001_t000,sampling_rate,256,canonicalized,1,-0.718149,0.324365,0.157919
aaaaakjk_s002_t002,sampling_rate,256,canonicalized,1,2.445991,0.907955,0.427561
aaaaakjk_s003_t000,sampling_rate,256,canonicalized,1,1.563333,0.809338,1.151279
aaaaakka_s001_t001,sampling_rate,256,canonicalized,0,-0.971761,0.273674,0.638925
aaaaakmg_s003_t001,sampling_rate,256,canonicalized,1,5.485824,0.994475,0.789243
aaaaakmh_s001_t000,sampling_rate,256,canonicalized,1,0.327107,0.565803,2.496529
aaaaaknt_s001_t000,sampling_rate,256,canonicalized,1,1.044663,0.721162,1.552175
aaaaakoo_s001_t001,sampling_rate,256,canonicalized,1,9.883768,0.999917,2.447709
aaaaakqg_s001_t001,sampling_rate,256,canonicalized,0,-0.623519,0.344482,0.965812
aaaaakqr_s001_t000,sampling_rate,256,canonicalized,0,-1.101196,0.249794,0.530680
aaaaakrt_s001_t001,sampling_rate,256,canonicalized,1,4.179486,0.981015,0.608032
aaaaakrt_s002_t001,sampling_rate,256,canonicalized,1,4.310960,0.983218,2.455745
aaaaaksb_s001_t000,sampling_rate,256,canonicalized,0,-1.747046,0.152298,0.384084
aaaaaksu_s001_t001,sampling_rate,256,canonicalized,0,0.046559,0.499185,0.683753
aaaaakxz_s001_t001,sampling_rate,256,canonicalized,1,0.935103,0.699637,0.297977
aaaaakxz_s002_t001,sampling_rate,256,canonicalized,1,3.794426,0.972803,2.100644
aaaaalaf_s001_t000,sampling_rate,256,canonicalized,0,-1.303521,0.215347,0.321962
aaaaalau_s001_t000,sampling_rate,256,canonicalized,1,1.790094,0.840552,0.917392
aaaaalbh_s001_t000,sampling_rate,256,canonicalized,1,2.917123,0.939289,6.369475
aaaaalbt_s001_t001,sampling_rate,256,canonicalized,0,-0.716097,0.324795,0.555216
aaaaalbt_s002_t000,sampling_rate,256,canonicalized,0,-1.220115,0.229115,1.578494
aaaaalbz_s006_t000,sampling_rate,256,canonicalized,1,8.163340,0.999570,4.593746
aaaaalid_s001_t001,sampling_rate,256,canonicalized,0,2.617356,0.920753,1.853669
aaaaaljf_s001_t000,sampling_rate,256,canonicalized,1,2.381165,0.902647,1.158744
aaaaaljj_s001_t000,sampling_rate,256,canonicalized,0,-1.847465,0.140322,1.286497
aaaaallc_s001_t001,sampling_rate,256,canonicalized,0,0.338407,0.568454,1.416558
aaaaalle_s002_t000,sampling_rate,256,canonicalized,1,1.656255,0.822662,0.431360
aaaaalox_s001_t001,sampling_rate,256,canonicalized,0,2.796466,0.932373,4.055769
aaaaalpv_s001_t000,sampling_rate,256,canonicalized,0,0.538439,0.614587,1.254182
aaaaalqa_s001_t000,sampling_rate,256,canonicalized,0,-0.798136,0.307849,1.270812
aaaaalqr_s001_t001,sampling_rate,256,canonicalized,1,1.527669,0.804026,0.065996
aaaaalqs_s001_t001,sampling_rate,256,canonicalized,0,-1.482291,0.187892,0.503769
aaaaalqx_s001_t000,sampling_rate,256,canonicalized,0,-2.043942,0.119170,1.465209
aaaaalrc_s002_t000,sampling_rate,256,canonicalized,1,15.208604,0.999999,2.398907
aaaaalsq_s001_t000,sampling_rate,256,canonicalized,0,0.914317,0.695447,0.247606
aaaaalsx_s001_t000,sampling_rate,256,canonicalized,1,-0.219043,0.436104,0.294808
aaaaalsx_s004_t001,sampling_rate,256,canonicalized,1,0.280728,0.554889,0.195652
aaaaaluz_s001_t001,sampling_rate,256,canonicalized,0,-0.881772,0.291091,0.270809
aaaaalvw_s001_t000,sampling_rate,256,canonicalized,0,-2.935774,0.054564,0.479733
aaaaalvz_s001_t000,sampling_rate,256,canonicalized,1,9.054695,0.999816,1.208333
aaaaalxk_s001_t000,sampling_rate,256,canonicalized,0,0.535730,0.613974,0.570076
aaaaalyr_s001_t000,sampling_rate,256,canonicalized,1,0.720650,0.654912,0.289377
aaaaalzk_s002_t001,sampling_rate,256,canonicalized,1,8.144403,0.999562,6.261184
aaaaamcb_s001_t001,sampling_rate,256,canonicalized,1,6.407097,0.997701,1.636328
aaaaamfe_s001_t001,sampling_rate,256,canonicalized,0,0.939282,0.700475,0.785219
aaaaamft_s001_t001,sampling_rate,256,canonicalized,1,2.810681,0.933224,0.290073
aaaaamfu_s001_t000,sampling_rate,256,canonicalized,0,-0.696885,0.328833,0.399131
aaaaamhi_s001_t000,sampling_rate,256,canonicalized,1,6.950759,0.998631,5.139734
aaaaamhk_s001_t000,sampling_rate,256,canonicalized,1,2.382710,0.902777,0.398464
aaaaamjc_s001_t001,sampling_rate,256,canonicalized,1,6.834538,0.998471,2.897530
aaaaammh_s001_t001,sampling_rate,256,canonicalized,1,1.247997,0.758500,0.841697
aaaaamnq_s001_t000,sampling_rate,256,canonicalized,1,4.892741,0.990304,6.893166
aaaaamnq_s002_t000,sampling_rate,256,canonicalized,1,3.715783,0.970743,1.459801
aaaaamon_s001_t000,sampling_rate,256,canonicalized,0,0.306960,0.561069,2.282898
aaaaampz_s001_t000,sampling_rate,256,canonicalized,1,-0.224001,0.434940,1.779934
aaaaamrj_s001_t000,sampling_rate,256,canonicalized,0,0.040301,0.497691,0.212419
aaaaamsc_s001_t000,sampling_rate,256,canonicalized,1,3.507646,0.964536,0.298370
aaaaamtb_s001_t000,sampling_rate,256,canonicalized,0,3.000656,0.943683,1.505802
aaaaamuc_s001_t000,sampling_rate,256,canonicalized,0,-0.936113,0.280496,0.233910
aaaaamxn_s001_t000,sampling_rate,256,canonicalized,1,0.848192,0.681905,0.207243
aaaaamyb_s001_t001,sampling_rate,256,canonicalized,0,-1.102277,0.249601,1.775819
aaaaamye_s001_t000,sampling_rate,256,canonicalized,1,8.673769,0.999736,3.194183
aaaaamzi_s001_t001,sampling_rate,256,canonicalized,1,5.988129,0.996573,6.519718
aaaaamzl_s001_t000,sampling_rate,256,canonicalized,0,-1.326251,0.211701,0.259266
aaaaamzx_s001_t000,sampling_rate,256,canonicalized,0,-2.255280,0.099553,1.447137
aaaaanbq_s001_t000,sampling_rate,256,canonicalized,0,-0.695071,0.329215,0.606575
aaaaanek_s001_t000,sampling_rate,256,canonicalized,0,-2.108229,0.112873,0.261519
aaaaangp_s001_t000,sampling_rate,256,canonicalized,0,-0.521012,0.366919,0.403799
aaaaanhb_s001_t003,sampling_rate,256,canonicalized,1,3.567869,0.966452,3.741833
aaaaanhb_s003_t001,sampling_rate,256,canonicalized,1,2.974495,0.942340,1.034759
aaaaanhb_s005_t000,sampling_rate,256,canonicalized,1,3.845438,0.974063,2.059284
aaaaankf_s001_t000,sampling_rate,256,canonicalized,1,4.261698,0.982424,0.834230
aaaaanlp_s001_t000,sampling_rate,256,canonicalized,0,-0.497747,0.372096,0.628651
aaaaanmc_s001_t000,sampling_rate,256,canonicalized,1,4.797392,0.989389,5.316882
aaaaanop_s001_t000,sampling_rate,256,canonicalized,0,0.318466,0.563774,2.428388
aaaaanoz_s001_t000,sampling_rate,256,canonicalized,1,-1.006978,0.267038,0.635482
aaaaanpr_s001_t002,sampling_rate,256,canonicalized,1,1.478004,0.796442,1.459571
aaaaanqe_s001_t000,sampling_rate,256,canonicalized,0,-1.694917,0.158839,0.792211
aaaaanro_s001_t000,sampling_rate,256,canonicalized,1,3.084674,0.947800,1.682462
aaaaansj_s001_t000,sampling_rate,256,canonicalized,1,1.676893,0.825520,2.255082
aaaaanta_s001_t000,sampling_rate,256,canonicalized,1,5.215985,0.992862,5.391368
aaaaanum_s001_t000,sampling_rate,256,canonicalized,0,-0.140676,0.454594,0.558420
aaaaanvb_s002_t000,sampling_rate,256,canonicalized,0,-0.786919,0.310137,0.484471
aaaaanvg_s001_t002,sampling_rate,256,canonicalized,0,2.028487,0.868764,0.808345
aaaaanvw_s001_t000,sampling_rate,256,canonicalized,0,-1.976977,0.126050,0.989470
aaaaanwc_s001_t001,sampling_rate,256,canonicalized,1,4.284196,0.982791,14.954512
aaaaanxl_s001_t000,sampling_rate,256,canonicalized,1,4.573946,0.986897,3.871453
aaaaanyb_s001_t001,sampling_rate,256,canonicalized,0,-0.741949,0.319402,0.048122
aaaaanyt_s002_t000,sampling_rate,256,canonicalized,1,5.447783,0.994271,3.242942
aaaaanyw_s001_t000,sampling_rate,256,canonicalized,1,2.712474,0.927135,0.431122
aaaaanyw_s002_t000,sampling_rate,256,canonicalized,1,3.297872,0.957005,3.636401
aaaaanzh_s001_t000,sampling_rate,256,canonicalized,1,-0.211380,0.437905,1.247896
aaaaanzu_s001_t003,sampling_rate,256,canonicalized,1,2.740632,0.928931,1.735875
aaaaaoav_s001_t000,sampling_rate,256,canonicalized,0,-0.574085,0.355223,0.522256
aaaaaoav_s002_t000,sampling_rate,256,canonicalized,0,-1.212928,0.230330,0.729147
aaaaaobi_s001_t000,sampling_rate,256,canonicalized,1,-0.098568,0.464585,0.513071
aaaaaobl_s001_t000,sampling_rate,256,canonicalized,0,-1.257234,0.222913,0.818258
aaaaaoby_s001_t000,sampling_rate,256,canonicalized,0,-0.194878,0.441789,1.178763
aaaaaoda_s001_t000,sampling_rate,256,canonicalized,1,6.768865,0.998372,2.314312
aaaaaoeg_s001_t000,sampling_rate,256,canonicalized,0,-0.543358,0.361974,0.307344
aaaaaofj_s001_t000,sampling_rate,256,canonicalized,0,-0.272523,0.423584,1.264700
aaaaaofr_s001_t000,sampling_rate,256,canonicalized,0,1.291333,0.766002,1.026902
aaaaaofz_s001_t000,sampling_rate,256,canonicalized,0,-0.439872,0.385102,0.925962
aaaaaohb_s001_t000,sampling_rate,256,canonicalized,1,4.324645,0.983432,0.553677
aaaaaohr_s002_t001,sampling_rate,256,canonicalized,1,4.530553,0.986350,1.007895
aaaaaoiq_s001_t000,sampling_rate,256,canonicalized,1,1.100880,0.731832,0.586363
aaaaaoiv_s001_t000,sampling_rate,256,canonicalized,1,-0.022727,0.482645,0.321617
aaaaaoiv_s002_t001,sampling_rate,256,canonicalized,1,8.566421,0.999707,1.524139
aaaaaoiv_s003_t003,sampling_rate,256,canonicalized,1,7.889570,0.999441,1.048956
aaaaaojd_s001_t002,sampling_rate,256,canonicalized,0,-0.147272,0.453033,1.377210
aaaaaokg_s001_t000,sampling_rate,256,canonicalized,0,2.810300,0.933202,4.478118
aaaaaoly_s001_t000,sampling_rate,256,canonicalized,0,-0.960753,0.275770,5.459208
aaaaaome_s001_t000,sampling_rate,256,canonicalized,0,-1.110025,0.248217,0.362886
aaaaaomx_s001_t000,sampling_rate,256,canonicalized,0,-0.725674,0.322792,0.296159
aaaaaomy_s001_t000,sampling_rate,256,canonicalized,1,4.095147,0.979455,10.748035
aaaaaonb_s001_t000,sampling_rate,256,canonicalized,0,0.182594,0.531632,0.462411
aaaaaons_s002_t002,sampling_rate,256,canonicalized,1,2.293775,0.895061,0.295912
aaaaaopd_s001_t000,sampling_rate,256,canonicalized,0,-2.395445,0.088177,2.008727
aaaaaopo_s001_t000,sampling_rate,256,canonicalized,0,-0.778788,0.311801,0.880203
aaaaaora_s002_t000,sampling_rate,256,canonicalized,1,1.663310,0.823643,0.789701
aaaaaord_s001_t000,sampling_rate,256,canonicalized,1,1.017457,0.715905,0.763944
aaaaaosh_s001_t000,sampling_rate,256,canonicalized,1,0.231545,0.543256,0.328356
aaaaaosw_s001_t000,sampling_rate,256,canonicalized,0,0.070107,0.504809,2.454973
aaaaaote_s001_t000,sampling_rate,256,canonicalized,0,-0.436328,0.385905,1.087245
aaaaaout_s001_t000,sampling_rate,256,canonicalized,1,2.046568,0.870721,2.747877
aaaaaovl_s001_t000,sampling_rate,256,canonicalized,1,5.040532,0.991570,0.593068
aaaaaovo_s001_t000,sampling_rate,256,canonicalized,1,7.610028,0.999270,2.708586
aaaaaowb_s001_t000,sampling_rate,256,canonicalized,0,-0.696354,0.328944,2.509757
aaaaaoxf_s001_t000,sampling_rate,256,canonicalized,0,-0.918121,0.283977,0.347886
aaaaaozf_s001_t001,sampling_rate,256,canonicalized,0,-0.269005,0.424405,2.106853
aaaaapag_s001_t000,sampling_rate,256,canonicalized,0,-1.416344,0.197694,2.722008
aaaaapar_s001_t000,sampling_rate,256,canonicalized,1,13.053705,0.999996,1.513888
aaaaapcb_s001_t000,sampling_rate,256,canonicalized,0,0.557871,0.618975,0.315636
aaaaapcy_s001_t002,sampling_rate,256,canonicalized,0,-1.242599,0.225344,0.958119
aaaaapdg_s001_t000,sampling_rate,256,canonicalized,0,-1.180596,0.235851,0.110432
aaaaaphs_s001_t000,sampling_rate,256,canonicalized,1,4.070180,0.978969,0.766231
aaaaaphw_s001_t000,sampling_rate,256,canonicalized,0,2.007205,0.866429,0.879762
aaaaapij_s001_t000,sampling_rate,256,canonicalized,0,-0.329409,0.410374,0.420223
aaaaapjc_s001_t001,sampling_rate,256,canonicalized,0,-2.767986,0.063447,0.575730
aaaaapka_s001_t000,sampling_rate,256,canonicalized,0,-0.977097,0.272662,0.736785
aaaaapkx_s001_t001,sampling_rate,256,canonicalized,1,-0.903560,0.286814,2.946057
aaaaaply_s001_t001,sampling_rate,256,canonicalized,1,4.457208,0.985374,4.246826
aaaaapmb_s002_t001,sampling_rate,256,canonicalized,1,1.382808,0.781300,0.225013
aaaaapmp_s001_t000,sampling_rate,256,canonicalized,1,0.671113,0.644140,0.291701
aaaaapnr_s001_t000,sampling_rate,256,canonicalized,1,-1.242077,0.225431,1.221606
aaaaapoc_s001_t000,sampling_rate,256,canonicalized,1,4.388641,0.984400,0.944018
aaaaapof_s001_t000,sampling_rate,256,canonicalized,0,-1.506102,0.184445,0.744919
aaaaapoo_s001_t000,sampling_rate,256,canonicalized,0,-1.226358,0.228064,3.169987
aaaaapoq_s001_t000,sampling_rate,256,canonicalized,0,2.206171,0.886936,0.670785
aaaaappb_s001_t000,sampling_rate,256,canonicalized,0,-0.657678,0.337151,0.562482
aaaaapqd_s001_t000,sampling_rate,256,canonicalized,1,0.066389,0.503921,0.666818
aaaaapqv_s001_t000,sampling_rate,256,canonicalized,0,-1.156320,0.240057,3.367294
aaaaapta_s001_t000,sampling_rate,256,canonicalized,1,3.591076,0.967163,3.508519
aaaaapth_s001_t000,sampling_rate,256,canonicalized,1,1.184044,0.747133,1.488908
aaaaapua_s001_t001,sampling_rate,256,canonicalized,0,-2.975056,0.052660,0.353944
aaaaapuu_s001_t000,sampling_rate,256,canonicalized,0,-1.363281,0.205857,0.206174
aaaaapvw_s001_t001,sampling_rate,256,canonicalized,1,3.761978,0.971971,1.214266
aaaaapvy_s001_t000,sampling_rate,256,canonicalized,1,1.287138,0.765283,1.930531
aaaaapwn_s001_t001,sampling_rate,256,canonicalized,0,0.119252,0.516540,2.705476
aaaaapwo_s001_t001,sampling_rate,256,canonicalized,1,7.945572,0.999470,0.572458
aaaaapxm_s001_t001,sampling_rate,256,canonicalized,0,-1.328506,0.211341,0.234960
aaaaapys_s001_t001,sampling_rate,256,canonicalized,1,12.726662,0.999994,0.550196
aaaaapys_s002_t001,sampling_rate,256,canonicalized,1,9.225235,0.999844,2.348546
aaaaaayx_s002_t000,sampling_rate,256,naive,0,0.205008,0.536960,2.669123
aaaaabdo_s003_t000,sampling_rate,256,naive,1,6.737953,0.998323,2.621982
aaaaabsk_s007_t000,sampling_rate,256,naive,1,0.894668,0.691457,0.882091
aaaaabuv_s002_t000,sampling_rate,256,naive,1,1.887808,0.852669,0.810951
aaaaacad_s003_t000,sampling_rate,256,naive,0,0.913866,0.695356,0.273215
aaaaacby_s004_t000,sampling_rate,256,naive,0,-0.633268,0.342382,0.073610
aaaaaddm_s006_t000,sampling_rate,256,naive,1,3.467132,0.963188,2.630908
aaaaadeu_s002_t000,sampling_rate,256,naive,1,3.408096,0.961135,1.262210
aaaaadjk_s002_t000,sampling_rate,256,naive,0,-1.488016,0.187058,0.112598
aaaaadkb_s002_t000,sampling_rate,256,naive,1,5.781963,0.995830,4.540873
aaaaadsm_s002_t001,sampling_rate,256,naive,0,-2.417738,0.086479,0.209911
aaaaaeab_s003_t000,sampling_rate,256,naive,0,-0.456179,0.381420,0.466614
aaaaaejc_s003_t001,sampling_rate,256,naive,0,0.627530,0.634540,0.935456
aaaaaezn_s003_t001,sampling_rate,256,naive,1,1.244766,0.757935,2.806221
aaaaafhl_s003_t000,sampling_rate,256,naive,1,0.224994,0.541703,0.488257
aaaaagfk_s003_t000,sampling_rate,256,naive,0,-1.322336,0.212326,0.670711
aaaaagsc_s003_t001,sampling_rate,256,naive,1,3.384038,0.960267,6.519521
aaaaagsc_s006_t001,sampling_rate,256,naive,1,-0.669374,0.334659,0.830995
aaaaaguk_s002_t001,sampling_rate,256,naive,0,-3.015452,0.050767,0.145329
aaaaagvx_s002_t000,sampling_rate,256,naive,1,1.090574,0.729895,1.043991
aaaaagvx_s003_t001,sampling_rate,256,naive,1,1.582191,0.812103,0.673707
aaaaagyr_s002_t000,sampling_rate,256,naive,1,-0.506184,0.370215,0.694018
aaaaahie_s005_t001,sampling_rate,256,naive,1,6.156485,0.997081,0.914302
aaaaahsv_s002_t000,sampling_rate,256,naive,0,0.006689,0.489665,1.482901
aaaaahte_s002_t000,sampling_rate,256,naive,1,5.972038,0.996520,2.672513
aaaaahte_s003_t000,sampling_rate,256,naive,1,5.545680,0.994780,1.251680
aaaaahuy_s002_t000,sampling_rate,256,naive,1,-1.603629,0.170840,0.046821
aaaaahzi_s001_t000,sampling_rate,256,naive,0,0.260145,0.550027,0.424587
aaaaahzm_s001_t001,sampling_rate,256,naive,0,-0.414533,0.390850,0.487577
aaaaahzq_s001_t000,sampling_rate,256,naive,0,-2.774450,0.063082,0.747543
aaaaahzs_s001_t001,sampling_rate,256,naive,0,0.345624,0.570144,0.488805
aaaaaiae_s001_t000,sampling_rate,256,naive,0,-0.139274,0.454926,0.438980
aaaaaibx_s001_t000,sampling_rate,256,naive,0,-0.412069,0.391411,0.586263
aaaaaiby_s001_t000,sampling_rate,256,naive,0,-0.588844,0.352000,1.212253
aaaaaici_s001_t000,sampling_rate,256,naive,0,-1.627002,0.167701,3.303473
aaaaaicn_s001_t000,sampling_rate,256,naive,0,0.100162,0.511985,0.259790
aaaaaijh_s002_t000,sampling_rate,256,naive,1,-2.989103,0.051994,0.358105
aaaaaijn_s001_t001,sampling_rate,256,naive,0,-1.087686,0.252221,0.386291
aaaaairb_s001_t001,sampling_rate,256,naive,0,1.546472,0.806840,0.607930
aaaaairo_s001_t000,sampling_rate,256,naive,0,-1.658474,0.163546,0.828733
aaaaaitt_s001_t000,sampling_rate,256,naive,0,-1.865643,0.138240,0.889942
aaaaaiue_s004_t000,sampling_rate,256,naive,1,0.864786,0.685334,0.845992
aaaaaiuo_s002_t000,sampling_rate,256,naive,0,0.707383,0.652042,0.406577
aaaaaiwz_s001_t001,sampling_rate,256,naive,0,-1.105323,0.249056,0.188321
aaaaaiyy_s001_t001,sampling_rate,256,naive,0,-1.581608,0.173841,1.011205
aaaaaizd_s001_t001,sampling_rate,256,naive,0,0.363427,0.574307,2.018377
aaaaaizs_s001_t000,sampling_rate,256,naive,0,0.934531,0.699522,0.763516
aaaaajae_s001_t001,sampling_rate,256,naive,0,2.058171,0.871964,0.988902
aaaaajah_s002_t001,sampling_rate,256,naive,1,1.013785,0.715191,1.358592
aaaaajah_s004_t000,sampling_rate,256,naive,1,0.220581,0.540656,1.196715
aaaaajal_s001_t001,sampling_rate,256,naive,0,-2.240984,0.100784,1.121877
aaaaajam_s001_t000,sampling_rate,256,naive,1,-0.827790,0.301846,0.168485
aaaaajar_s001_t001,sampling_rate,256,naive,0,-0.204611,0.439498,0.224597
aaaaajbb_s001_t000,sampling_rate,256,naive,0,1.729162,0.832595,0.477017
aaaaajbh_s002_t000,sampling_rate,256,naive,0,-1.046365,0.259738,0.124144
aaaaajce_s001_t000,sampling_rate,256,naive,0,-1.021372,0.264355,0.522749
aaaaajci_s001_t000,sampling_rate,256,naive,0,-0.498432,0.371943,0.499400
aaaaajck_s001_t000,sampling_rate,256,naive,0,-1.375059,0.204024,0.654163
aaaaajct_s001_t000,sampling_rate,256,naive,0,0.849086,0.682091,0.939612
aaaaajcu_s001_t000,sampling_rate,256,naive,0,-0.912941,0.284985,0.638053
aaaaajda_s001_t000,sampling_rate,256,naive,0,-2.034046,0.120166,0.946578
aaaaajdb_s001_t000,sampling_rate,256,naive,0,-0.916766,0.284241,1.795999
aaaaajdv_s001_t000,sampling_rate,256,naive,0,0.904543,0.693466,1.307093
aaaaajdy_s001_t000,sampling_rate,256,naive,0,-1.524010,0.181886,0.593339
aaaaajdz_s001_t000,sampling_rate,256,naive,0,-0.205938,0.439185,0.707373
aaaaajea_s001_t000,sampling_rate,256,naive,0,1.869354,0.850440,2.834887
aaaaajen_s001_t000,sampling_rate,256,naive,0,-0.658774,0.336917,0.535946
aaaaajey_s001_t000,sampling_rate,256,naive,0,-0.427201,0.387973,0.444244
aaaaajfb_s001_t000,sampling_rate,256,naive,0,-2.167892,0.107290,3.430478
aaaaajfe_s001_t000,sampling_rate,256,naive,0,-1.294007,0.216887,0.905214
aaaaajff_s001_t000,sampling_rate,256,naive,0,-2.370946,0.090076,0.361775
aaaaajfi_s001_t001,sampling_rate,256,naive,0,-0.505834,0.370293,0.777330
aaaaajfn_s001_t001,sampling_rate,256,naive,0,-1.556874,0.177261,1.011974
aaaaajfy_s001_t000,sampling_rate,256,naive,0,-2.203025,0.104118,0.182871
aaaaajga_s001_t001,sampling_rate,256,naive,0,0.528927,0.612432,1.956368
aaaaajhy_s001_t000,sampling_rate,256,naive,0,-2.190680,0.105223,0.778297
aaaaajit_s001_t001,sampling_rate,256,naive,0,-1.775219,0.148856,0.576561
aaaaajiu_s001_t000,sampling_rate,256,naive,0,1.871803,0.850738,7.521922
aaaaajiy_s001_t001,sampling_rate,256,naive,0,-0.147035,0.453089,0.840873
aaaaajiz_s001_t000,sampling_rate,256,naive,0,-0.377094,0.399398,0.686115
aaaaajjb_s001_t001,sampling_rate,256,naive,0,-0.223414,0.435078,0.688346
aaaaajje_s001_t000,sampling_rate,256,naive,0,-0.977887,0.272513,0.238679
aaaaajjk_s001_t000,sampling_rate,256,naive,0,-0.629764,0.343136,0.815326
aaaaajna_s001_t000,sampling_rate,256,naive,0,-2.235357,0.101272,1.402033
aaaaajnu_s001_t000,sampling_rate,256,naive,0,-1.971337,0.126645,1.380367
aaaaajon_s001_t000,sampling_rate,256,naive,0,-0.471364,0.378004,1.882982
aaaaajoo_s002_t001,sampling_rate,256,naive,1,-0.505054,0.370467,1.153941
aaaaajpg_s001_t001,sampling_rate,256,naive,0,-1.296227,0.216527,1.371220
aaaaajqh_s004_t000,sampling_rate,256,naive,1,6.336316,0.997541,2.570643
aaaaajqk_s003_t001,sampling_rate,256,naive,1,3.503522,0.964401,1.161987
aaaaajrf_s001_t000,sampling_rate,256,naive,1,8.752715,0.999755,4.043088
aaaaajrf_s002_t000,sampling_rate,256,naive,1,11.840490,0.999987,4.704699
aaaaajrf_s003_t002,sampling_rate,256,naive,1,12.848326,0.999995,3.301893
aaaaajrf_s004_t000,sampling_rate,256,naive,1,2.857915,0.935982,1.691871
aaaaajso_s001_t000,sampling_rate,256,naive,1,6.176260,0.997135,1.498491
aaaaajtg_s001_t000,sampling_rate,256,naive,0,-0.120146,0.459461,1.260311
aaaaajtu_s001_t000,sampling_rate,256,naive,0,-0.328938,0.410483,1.196015
aaaaajuh_s001_t000,sampling_rate,256,naive,1,5.643794,0.995245,8.972005
aaaaajun_s001_t000,sampling_rate,256,naive,0,2.697108,0.926137,1.114957
aaaaajvh_s001_t001,sampling_rate,256,naive,0,0.354119,0.572132,0.924079
aaaaajxp_s001_t000,sampling_rate,256,naive,0,-0.314592,0.413803,0.335158
aaaaakck_s001_t001,sampling_rate,256,naive,1,2.074333,0.873678,0.969826
aaaaakcx_s001_t001,sampling_rate,256,naive,1,6.384274,0.997650,2.038039
aaaaakcy_s005_t001,sampling_rate,256,naive,1,7.871311,0.999431,1.536439
aaaaakdj_s001_t000,sampling_rate,256,naive,1,1.633150,0.819419,0.696648
aaaaakdo_s001_t000,sampling_rate,256,naive,1,1.164069,0.743511,1.024874
aaaaakeq_s001_t000,sampling_rate,256,naive,1,2.898753,0.938280,2.726659
aaaaakeq_s002_t000,sampling_rate,256,naive,1,2.158507,0.882289,2.095803
aaaaakeq_s003_t000,sampling_rate,256,naive,1,2.984696,0.942867,2.294182
aaaaakev_s001_t001,sampling_rate,256,naive,1,10.852612,0.999967,8.670775
aaaaakev_s002_t000,sampling_rate,256,naive,1,12.313518,0.999992,4.576729
aaaaakft_s001_t000,sampling_rate,256,naive,0,-1.126696,0.245257,1.790517
aaaaakgp_s001_t001,sampling_rate,256,naive,0,0.707962,0.652167,1.350449
aaaaakgu_s001_t000,sampling_rate,256,naive,1,-0.265754,0.425164,0.374234
aaaaakjk_s002_t002,sampling_rate,256,naive,1,3.035780,0.945440,1.053664
aaaaakjk_s003_t000,sampling_rate,256,naive,1,1.801196,0.841968,0.922366
aaaaakka_s001_t001,sampling_rate,256,naive,0,-0.770963,0.313407,0.700876
aaaaakmg_s003_t001,sampling_rate,256,naive,1,8.335035,0.999635,2.146012
aaaaakmh_s001_t000,sampling_rate,256,naive,1,2.154788,0.881919,3.193761
aaaaaknt_s001_t000,sampling_rate,256,naive,1,1.241637,0.757386,1.781114
aaaaakoo_s001_t001,sampling_rate,256,naive,1,15.530689,1.000000,8.713928
aaaaakqg_s001_t001,sampling_rate,256,naive,0,0.070460,0.504893,1.451926
aaaaakqr_s001_t000,sampling_rate,256,naive,0,-1.195833,0.233238,0.477320
aaaaakrt_s001_t001,sampling_rate,256,naive,1,4.127494,0.980067,0.805411
aaaaakrt_s002_t001,sampling_rate,256,naive,1,4.872520,0.990117,1.136974
aaaaaksb_s001_t000,sampling_rate,256,naive,0,-1.548107,0.178485,0.925115
aaaaaksu_s001_t001,sampling_rate,256,naive,0,-0.045690,0.477170,1.543661
aaaaakxz_s001_t001,sampling_rate,256,naive,1,0.968105,0.706220,0.108814
aaaaakxz_s002_t001,sampling_rate,256,naive,1,3.434903,0.962080,1.611681
aaaaalaf_s001_t000,sampling_rate,256,naive,0,-1.086570,0.252422,0.752471
aaaaalau_s001_t000,sampling_rate,256,naive,1,1.398016,0.783773,0.515854
aaaaalbh_s001_t000,sampling_rate,256,naive,1,2.278203,0.893655,5.135962
aaaaalbt_s001_t001,sampling_rate,256,naive,0,-0.516506,0.367919,0.712316
aaaaalbt_s002_t000,sampling_rate,256,naive,0,-0.832233,0.300952,0.502543
aaaaalbz_s006_t000,sampling_rate,256,naive,1,7.941495,0.999468,7.197565
aaaaalid_s001_t001,sampling_rate,256,naive,0,3.420388,0.961571,0.635519
aaaaaljf_s001_t000,sampling_rate,256,naive,1,2.200428,0.886385,0.674059
aaaaaljj_s001_t000,sampling_rate,256,naive,0,-2.086565,0.114962,1.005999
aaaaallc_s001_t001,sampling_rate,256,naive,0,0.563748,0.620298,1.290155
aaaaalle_s002_t000,sampling_rate,256,naive,1,1.967314,0.861957,0.668308
aaaaalox_s001_t001,sampling_rate,256,naive,0,2.791571,0.932078,4.841559
aaaaalpv_s001_t000,sampling_rate,256,naive,0,0.178049,0.530550,0.897610
aaaaalqa_s001_t000,sampling_rate,256,naive,0,-0.737570,0.320312,0.734812
aaaaalqr_s001_t001,sampling_rate,256,naive,1,17.640446,1.000000,6.834032
aaaaalqs_s001_t001,sampling_rate,256,naive,0,-1.652545,0.164322,0.356624
aaaaalqx_s001_t000,sampling_rate,256,naive,0,-1.853545,0.139623,0.963685
aaaaalrc_s002_t000,sampling_rate,256,naive,1,15.773453,1.000000,1.308376
aaaaalsq_s001_t000,sampling_rate,256,naive,0,1.045751,0.721370,0.300570
aaaaalsx_s001_t000,sampling_rate,256,naive,1,-0.366691,0.401784,0.231685
aaaaalsx_s004_t001,sampling_rate,256,naive,1,0.437425,0.591492,0.121015
aaaaaluz_s001_t001,sampling_rate,256,naive,0,-1.315463,0.213426,0.102362
aaaaalvw_s001_t000,sampling_rate,256,naive,0,-2.843129,0.059313,0.305671
aaaaalvz_s001_t000,sampling_rate,256,naive,1,9.202214,0.999840,1.269913
aaaaalxk_s001_t000,sampling_rate,256,naive,0,1.317702,0.770487,0.708433
aaaaalyr_s001_t000,sampling_rate,256,naive,1,0.278716,0.554414,0.419668
aaaaalzk_s002_t001,sampling_rate,256,naive,1,8.103203,0.999544,6.238601
aaaaamcb_s001_t001,sampling_rate,256,naive,1,6.436971,0.997766,2.268822
aaaaamfe_s001_t001,sampling_rate,256,naive,0,1.479311,0.796644,1.076230
aaaaamft_s001_t001,sampling_rate,256,naive,1,5.246300,0.993064,0.934752
aaaaamfu_s001_t000,sampling_rate,256,naive,0,-0.087019,0.467330,1.131608
aaaaamhi_s001_t000,sampling_rate,256,naive,1,11.077335,0.999973,10.877707
aaaaamhk_s001_t000,sampling_rate,256,naive,1,2.691456,0.925767,0.535626
aaaaamjc_s001_t001,sampling_rate,256,naive,1,7.531328,0.999213,3.245617
aaaaammh_s001_t001,sampling_rate,256,naive,1,1.173465,0.745219,0.624144
aaaaamnq_s001_t000,sampling_rate,256,naive,1,4.949861,0.990814,7.577182
aaaaamnq_s002_t000,sampling_rate,256,naive,1,4.239298,0.982050,1.830851
aaaaamon_s001_t000,sampling_rate,256,naive,0,-0.442637,0.384477,1.530783
aaaaampz_s001_t000,sampling_rate,256,naive,1,2.414621,0.905420,3.596215
aaaaamrj_s001_t000,sampling_rate,256,naive,0,0.271417,0.552691,0.495629
aaaaamsc_s001_t000,sampling_rate,256,naive,1,3.443733,0.962387,1.047903
aaaaamtb_s001_t000,sampling_rate,256,naive,0,2.689799,0.925658,0.842728
aaaaamuc_s001_t000,sampling_rate,256,naive,0,-0.667497,0.335058,0.482797
aaaaamxn_s001_t000,sampling_rate,256,naive,1,0.859801,0.684306,0.505618
aaaaamyb_s001_t001,sampling_rate,256,naive,0,-0.897048,0.288088,0.521272
aaaaamye_s001_t000,sampling_rate,256,naive,1,15.765739,1.000000,23.754358
aaaaamzi_s001_t001,sampling_rate,256,naive,1,5.684977,0.995428,6.522719
aaaaamzl_s001_t000,sampling_rate,256,naive,0,-1.607856,0.170269,0.498017
aaaaamzx_s001_t000,sampling_rate,256,naive,0,-1.893724,0.135075,0.984560
aaaaanbq_s001_t000,sampling_rate,256,naive,0,-0.158138,0.450462,0.310509
aaaaanek_s001_t000,sampling_rate,256,naive,0,-2.106788,0.113011,0.712257
aaaaangp_s001_t000,sampling_rate,256,naive,0,-0.332631,0.409629,0.504274
aaaaanhb_s001_t003,sampling_rate,256,naive,1,3.742074,0.971448,4.161398
aaaaanhb_s003_t001,sampling_rate,256,naive,1,2.743400,0.929106,1.705052
aaaaanhb_s005_t000,sampling_rate,256,naive,1,4.380593,0.984281,2.260655
aaaaankf_s001_t000,sampling_rate,256,naive,1,4.997505,0.991219,0.687787
aaaaanlp_s001_t000,sampling_rate,256,naive,0,-0.569052,0.356325,1.280850
aaaaanmc_s001_t000,sampling_rate,256,naive,1,5.270754,0.993223,5.459103
aaaaanop_s001_t000,sampling_rate,256,naive,0,9.431105,0.999872,17.003292
aaaaanoz_s001_t000,sampling_rate,256,naive,1,-0.720415,0.323891,0.284572
aaaaanpr_s001_t002,sampling_rate,256,naive,1,2.060027,0.872162,0.590588
aaaaanqe_s001_t000,sampling_rate,256,naive,0,-1.509434,0.183967,0.556566
aaaaanro_s001_t000,sampling_rate,256,naive,1,3.448651,0.962557,1.372463
aaaaansj_s001_t000,sampling_rate,256,naive,1,2.188421,0.885224,2.224402
aaaaanta_s001_t000,sampling_rate,256,naive,1,5.445280,0.994258,5.125210
aaaaanum_s001_t000,sampling_rate,256,naive,0,0.146904,0.523134,0.434161
aaaaanvb_s002_t000,sampling_rate,256,naive,0,-0.669160,0.334704,0.272079
aaaaanvg_s001_t002,sampling_rate,256,naive,0,2.384788,0.902951,0.590707
aaaaanvw_s001_t000,sampling_rate,256,naive,0,-2.291265,0.096513,0.874716
aaaaanwc_s001_t001,sampling_rate,256,naive,1,4.212959,0.981601,14.279661
aaaaanxl_s001_t000,sampling_rate,256,naive,1,4.233173,0.981947,4.712157
aaaaanyb_s001_t001,sampling_rate,256,naive,0,-0.724285,0.323082,0.257946
aaaaanyt_s002_t000,sampling_rate,256,naive,1,10.384706,0.999948,6.722158
aaaaanyw_s001_t000,sampling_rate,256,naive,1,2.875439,0.936978,0.847351
aaaaanyw_s002_t000,sampling_rate,256,naive,1,2.520834,0.913759,1.562310
aaaaanzh_s001_t000,sampling_rate,256,naive,1,-0.075967,0.469959,1.645616
aaaaanzu_s001_t003,sampling_rate,256,naive,1,3.145171,0.950586,1.778878
aaaaaoav_s001_t000,sampling_rate,256,naive,0,-0.393212,0.395710,0.656447
aaaaaoav_s002_t000,sampling_rate,256,naive,0,-1.053179,0.258489,0.970612
aaaaaobi_s001_t000,sampling_rate,256,naive,1,-0.114595,0.460779,0.348449
aaaaaobl_s001_t000,sampling_rate,256,naive,0,-1.275376,0.219925,0.464269
aaaaaoby_s001_t000,sampling_rate,256,naive,0,-0.098838,0.464521,1.919891
aaaaaoda_s001_t000,sampling_rate,256,naive,1,6.518662,0.997933,2.221736
aaaaaoeg_s001_t000,sampling_rate,256,naive,0,-0.554890,0.359434,0.517505
aaaaaofj_s001_t000,sampling_rate,256,naive,0,-0.377276,0.399356,1.444799
aaaaaofr_s001_t000,sampling_rate,256,naive,0,1.873170,0.850903,1.008522
aaaaaofz_s001_t000,sampling_rate,256,naive,0,-0.269809,0.424217,1.217178
aaaaaohb_s001_t000,sampling_rate,256,naive,1,6.046942,0.996760,1.403686
aaaaaohr_s002_t001,sampling_rate,256,naive,1,5.499158,0.994544,0.529969
aaaaaoiq_s001_t000,sampling_rate,256,naive,1,1.438814,0.790305,0.449023
aaaaaoiv_s001_t000,sampling_rate,256,naive,1,0.733737,0.657732,0.243147
aaaaaoiv_s002_t001,sampling_rate,256,naive,1,8.148033,0.999563,2.486144
aaaaaoiv_s003_t003,sampling_rate,256,naive,1,8.070715,0.999530,1.835561
aaaaaojd_s001_t002,sampling_rate,256,naive,0,0.105455,0.513248,0.342509
aaaaaokg_s001_t000,sampling_rate,256,naive,0,2.483310,0.910892,3.625078
aaaaaoly_s001_t000,sampling_rate,256,naive,0,-0.386386,0.397271,5.072320
aaaaaome_s001_t000,sampling_rate,256,naive,0,-1.025394,0.263609,0.177512
aaaaaomx_s001_t000,sampling_rate,256,naive,0,5.934959,0.996395,13.225693
aaaaaomy_s001_t000,sampling_rate,256,naive,1,3.347828,0.958926,8.363666
aaaaaonb_s001_t000,sampling_rate,256,naive,0,0.278553,0.554376,1.483082
aaaaaons_s002_t002,sampling_rate,256,naive,1,2.912061,0.939012,0.343674
aaaaaopd_s001_t000,sampling_rate,256,naive,0,-2.381021,0.089291,1.499808
aaaaaopo_s001_t000,sampling_rate,256,naive,0,-0.670842,0.334346,0.492119
aaaaaora_s002_t000,sampling_rate,256,naive,1,1.982655,0.863691,0.447650
aaaaaord_s001_t000,sampling_rate,256,naive,1,0.984099,0.709380,0.664173
aaaaaosh_s001_t000,sampling_rate,256,naive,1,0.741192,0.659333,0.439099
aaaaaosw_s001_t000,sampling_rate,256,naive,0,0.422364,0.588011,1.540753
aaaaaote_s001_t000,sampling_rate,256,naive,0,-0.701361,0.327889,1.481178
aaaaaout_s001_t000,sampling_rate,256,naive,1,2.392096,0.903561,1.756676
aaaaaovl_s001_t000,sampling_rate,256,naive,1,5.050614,0.991650,0.367897
aaaaaovo_s001_t000,sampling_rate,256,naive,1,7.454851,0.999154,4.454143
aaaaaowb_s001_t000,sampling_rate,256,naive,0,-0.343138,0.407204,1.664350
aaaaaoxf_s001_t000,sampling_rate,256,naive,0,-1.305145,0.215085,0.389497
aaaaaozf_s001_t001,sampling_rate,256,naive,0,-0.148375,0.452771,3.496886
aaaaapag_s001_t000,sampling_rate,256,naive,0,-1.651689,0.164435,2.877406
aaaaapar_s001_t000,sampling_rate,256,naive,1,12.667553,0.999994,0.923626
aaaaapcb_s001_t000,sampling_rate,256,naive,0,2.753659,0.929749,0.450677
aaaaapcy_s001_t002,sampling_rate,256,naive,0,-0.887014,0.290058,0.400753
aaaaapdg_s001_t000,sampling_rate,256,naive,0,-1.018293,0.264928,0.288223
aaaaaphs_s001_t000,sampling_rate,256,naive,1,3.993510,0.977407,0.414289
aaaaaphw_s001_t000,sampling_rate,256,naive,0,1.913338,0.855706,1.530181
aaaaapij_s001_t000,sampling_rate,256,naive,0,0.321414,0.564467,0.361457
aaaaapjc_s001_t001,sampling_rate,256,naive,0,-2.914509,0.055621,0.231306
aaaaapka_s001_t000,sampling_rate,256,naive,0,-1.164060,0.238710,0.564112
aaaaapkx_s001_t001,sampling_rate,256,naive,1,-1.199313,0.232644,2.110831
aaaaaply_s001_t001,sampling_rate,256,naive,1,5.150414,0.992404,2.932118
aaaaapmb_s002_t001,sampling_rate,256,naive,1,0.760267,0.663414,0.092035
aaaaapmp_s001_t000,sampling_rate,256,naive,1,0.634467,0.636075,0.231776
aaaaapnr_s001_t000,sampling_rate,256,naive,1,-0.981229,0.271880,0.938694
aaaaapoc_s001_t000,sampling_rate,256,naive,1,4.200890,0.981392,2.079859
aaaaapof_s001_t000,sampling_rate,256,naive,0,-1.649297,0.164749,0.849137
aaaaapoo_s001_t000,sampling_rate,256,naive,0,-1.029805,0.262792,0.995376
aaaaapoq_s001_t000,sampling_rate,256,naive,0,2.352655,0.900228,0.602915
aaaaappb_s001_t000,sampling_rate,256,naive,0,-1.030358,0.262689,0.954635
aaaaapqd_s001_t000,sampling_rate,256,naive,1,-0.260091,0.426486,0.533048
aaaaapqv_s001_t000,sampling_rate,256,naive,0,-1.331755,0.210825,2.861861
aaaaapta_s001_t000,sampling_rate,256,naive,1,3.263693,0.955641,4.963101
aaaaapth_s001_t000,sampling_rate,256,naive,1,1.845475,0.847516,1.243692
aaaaapua_s001_t001,sampling_rate,256,naive,0,-2.751837,0.064370,0.284038
aaaaapuu_s001_t000,sampling_rate,256,naive,0,-1.182124,0.235589,0.221580
aaaaapvw_s001_t001,sampling_rate,256,naive,1,4.371177,0.984141,1.398876
aaaaapvy_s001_t000,sampling_rate,256,naive,1,1.763806,0.837157,3.022965
aaaaapwn_s001_t001,sampling_rate,256,naive,0,-0.184717,0.444185,2.167949
aaaaapwo_s001_t001,sampling_rate,256,naive,1,7.983076,0.999489,1.710740
aaaaapxm_s001_t001,sampling_rate,256,naive,0,-1.079046,0.253781,0.586467
aaaaapys_s001_t001,sampling_rate,256,naive,1,12.216121,0.999991,1.288797
aaaaapys_s002_t001,sampling_rate,256,naive,1,10.041817,0.999928,2.197702
aaaaaayx_s002_t000,sampling_rate,512,canonicalized,0,0.200943,0.535994,1.641970
aaaaabdo_s003_t000,sampling_rate,512,canonicalized,1,5.575339,0.994925,1.511563
aaaaabsk_s007_t000,sampling_rate,512,canonicalized,1,0.462495,0.597266,0.997344
aaaaabuv_s002_t000,sampling_rate,512,canonicalized,1,1.566185,0.809758,0.972215
aaaaacad_s003_t000,sampling_rate,512,canonicalized,0,0.928663,0.698342,0.660941
aaaaacby_s004_t000,sampling_rate,512,canonicalized,0,-0.633191,0.342398,0.121862
aaaaaddm_s006_t000,sampling_rate,512,canonicalized,1,3.418351,0.961499,1.363355
aaaaadeu_s002_t000,sampling_rate,512,canonicalized,1,3.100841,0.948559,0.924204
aaaaadjk_s002_t000,sampling_rate,512,canonicalized,0,-1.748049,0.152174,0.228414
aaaaadkb_s002_t000,sampling_rate,512,canonicalized,1,5.104456,0.992065,4.714010
aaaaadsm_s002_t001,sampling_rate,512,canonicalized,0,-2.177907,0.106377,0.375012
aaaaaeab_s003_t000,sampling_rate,512,canonicalized,0,-0.374553,0.399980,0.661257
aaaaaejc_s003_t001,sampling_rate,512,canonicalized,0,0.676966,0.645421,0.333112
aaaaaezn_s003_t001,sampling_rate,512,canonicalized,1,0.829935,0.678110,3.641264
aaaaafhl_s003_t000,sampling_rate,512,canonicalized,1,0.394696,0.581593,2.236871
aaaaagfk_s003_t000,sampling_rate,512,canonicalized,0,-1.360894,0.206231,0.293287
aaaaagsc_s003_t001,sampling_rate,512,canonicalized,1,3.433384,0.962027,7.901562
aaaaagsc_s006_t001,sampling_rate,512,canonicalized,1,-0.875103,0.292407,0.434464
aaaaaguk_s002_t001,sampling_rate,512,canonicalized,0,-2.471390,0.082515,0.304309
aaaaagvx_s002_t000,sampling_rate,512,canonicalized,1,0.599290,0.628262,1.359708
aaaaagvx_s003_t001,sampling_rate,512,canonicalized,1,1.078729,0.727658,0.673521
aaaaagyr_s002_t000,sampling_rate,512,canonicalized,1,-0.204412,0.439545,0.679131
aaaaahie_s005_t001,sampling_rate,512,canonicalized,1,5.351689,0.993724,0.285363
aaaaahsv_s002_t000,sampling_rate,512,canonicalized,0,-0.820061,0.303404,1.979158
aaaaahte_s002_t000,sampling_rate,512,canonicalized,1,6.411417,0.997710,2.419940
aaaaahte_s003_t000,sampling_rate,512,canonicalized,1,5.304790,0.993438,1.616009
aaaaahuy_s002_t000,sampling_rate,512,canonicalized,1,-1.614080,0.169431,0.190668
aaaaahzi_s001_t000,sampling_rate,512,canonicalized,0,0.299484,0.559310,0.290955
aaaaahzm_s001_t001,sampling_rate,512,canonicalized,0,-0.187404,0.443551,0.067126
aaaaahzq_s001_t000,sampling_rate,512,canonicalized,0,-3.238842,0.041416,0.594087
aaaaahzs_s001_t001,sampling_rate,512,canonicalized,0,0.137723,0.520945,0.313923
aaaaaiae_s001_t000,sampling_rate,512,canonicalized,0,0.158684,0.525940,0.684079
aaaaaibx_s001_t000,sampling_rate,512,canonicalized,0,-0.692955,0.329661,0.647128
aaaaaiby_s001_t000,sampling_rate,512,canonicalized,0,-0.697031,0.328802,1.415084
aaaaaici_s001_t000,sampling_rate,512,canonicalized,0,-1.957055,0.128162,3.337112
aaaaaicn_s001_t000,sampling_rate,512,canonicalized,0,0.223038,0.541239,0.471397
aaaaaijh_s002_t000,sampling_rate,512,canonicalized,1,-3.160071,0.044508,0.407924
aaaaaijn_s001_t001,sampling_rate,512,canonicalized,0,-0.886940,0.290073,0.290925
aaaaairb_s001_t001,sampling_rate,512,canonicalized,0,1.216177,0.752889,0.273095
aaaaairo_s001_t000,sampling_rate,512,canonicalized,0,-1.993307,0.124342,0.890980
aaaaaitt_s001_t000,sampling_rate,512,canonicalized,0,-1.509281,0.183989,1.069962
aaaaaiue_s004_t000,sampling_rate,512,canonicalized,1,0.693749,0.649081,0.859197
aaaaaiuo_s002_t000,sampling_rate,512,canonicalized,0,0.836376,0.679452,0.467821
aaaaaiwz_s001_t001,sampling_rate,512,canonicalized,0,-1.341372,0.209300,0.138958
aaaaaiyy_s001_t001,sampling_rate,512,canonicalized,0,-1.774085,0.148993,1.421472
aaaaaizd_s001_t001,sampling_rate,512,canonicalized,0,-0.110898,0.461656,1.560825
aaaaaizs_s001_t000,sampling_rate,512,canonicalized,0,0.685020,0.647179,0.411512
aaaaajae_s001_t001,sampling_rate,512,canonicalized,0,2.378773,0.902446,0.919367
aaaaajah_s002_t001,sampling_rate,512,canonicalized,1,0.511459,0.608464,0.728908
aaaaajah_s004_t000,sampling_rate,512,canonicalized,1,-0.431293,0.387045,1.516214
aaaaajal_s001_t001,sampling_rate,512,canonicalized,0,-2.031928,0.120380,0.634333
aaaaajam_s001_t000,sampling_rate,512,canonicalized,1,-1.027162,0.263281,0.247996
aaaaajar_s001_t001,sampling_rate,512,canonicalized,0,-1.046615,0.259693,0.473583
aaaaajbb_s001_t000,sampling_rate,512,canonicalized,0,1.247840,0.758473,1.361270
aaaaajbh_s002_t000,sampling_rate,512,canonicalized,0,-1.085247,0.252660,0.314711
aaaaajce_s001_t000,sampling_rate,512,canonicalized,0,-0.781936,0.311156,0.510908
aaaaajci_s001_t000,sampling_rate,512,canonicalized,0,-0.419689,0.389678,0.145079
aaaaajck_s001_t000,sampling_rate,512,canonicalized,0,-1.748873,0.152073,0.447746
aaaaajct_s001_t000,sampling_rate,512,canonicalized,0,0.584903,0.625046,0.799028
aaaaajcu_s001_t000,sampling_rate,512,canonicalized,0,-0.870434,0.293331,0.797158
aaaaajda_s001_t000,sampling_rate,512,canonicalized,0,-2.257678,0.099347,0.473668
aaaaajdb_s001_t000,sampling_rate,512,canonicalized,0,-1.149729,0.241207,1.410122
aaaaajdv_s001_t000,sampling_rate,512,canonicalized,0,0.653799,0.640340,2.194546
aaaaajdy_s001_t000,sampling_rate,512,canonicalized,0,-2.014706,0.122133,0.342542
aaaaajdz_s001_t000,sampling_rate,512,canonicalized,0,-0.077524,0.469589,0.565883
aaaaajea_s001_t000,sampling_rate,512,canonicalized,0,1.872145,0.850779,1.587875
aaaaajen_s001_t000,sampling_rate,512,canonicalized,0,-0.932218,0.281247,0.384321
aaaaajey_s001_t000,sampling_rate,512,canonicalized,0,-0.149428,0.452522,0.398628
aaaaajfb_s001_t000,sampling_rate,512,canonicalized,0,-2.405436,0.087412,3.018115
aaaaajfe_s001_t000,sampling_rate,512,canonicalized,0,-1.324213,0.212026,0.725228
aaaaajff_s001_t000,sampling_rate,512,canonicalized,0,-2.361644,0.090808,0.771016
aaaaajfi_s001_t001,sampling_rate,512,canonicalized,0,-0.746424,0.318474,0.315380
aaaaajfn_s001_t001,sampling_rate,512,canonicalized,0,-1.463474,0.190650,0.714691
aaaaajfy_s001_t000,sampling_rate,512,canonicalized,0,-1.751182,0.151789,0.443259
aaaaajga_s001_t001,sampling_rate,512,canonicalized,0,1.054587,0.723064,2.361741
aaaaajhy_s001_t000,sampling_rate,512,canonicalized,0,-2.488025,0.081320,0.886859
aaaaajit_s001_t001,sampling_rate,512,canonicalized,0,-1.820487,0.143460,1.125203
aaaaajiu_s001_t000,sampling_rate,512,canonicalized,0,1.737004,0.833637,2.157623
aaaaajiy_s001_t001,sampling_rate,512,canonicalized,0,-0.637386,0.341497,0.771380
aaaaajiz_s001_t000,sampling_rate,512,canonicalized,0,-0.372110,0.400541,0.833844
aaaaajjb_s001_t001,sampling_rate,512,canonicalized,0,-0.339205,0.408111,0.661830
aaaaajje_s001_t000,sampling_rate,512,canonicalized,0,-1.305583,0.215015,0.674361
aaaaajjk_s001_t000,sampling_rate,512,canonicalized,0,-0.704231,0.327285,1.103877
aaaaajna_s001_t000,sampling_rate,512,canonicalized,0,-2.292064,0.096447,0.587593
aaaaajnu_s001_t000,sampling_rate,512,canonicalized,0,-2.168911,0.107197,0.822678
aaaaajon_s001_t000,sampling_rate,512,canonicalized,0,-0.435395,0.386116,2.433563
aaaaajoo_s002_t001,sampling_rate,512,canonicalized,1,-0.093815,0.465715,0.346826
aaaaajpg_s001_t001,sampling_rate,512,canonicalized,0,-1.495364,0.185993,0.548766
aaaaajqh_s004_t000,sampling_rate,512,canonicalized,1,5.821237,0.995983,1.933501
aaaaajqk_s003_t001,sampling_rate,512,canonicalized,1,2.998787,0.943588,0.937077
aaaaajrf_s001_t000,sampling_rate,512,canonicalized,1,9.194567,0.999839,3.221564
aaaaajrf_s002_t000,sampling_rate,512,canonicalized,1,11.768690,0.999986,1.958076
aaaaajrf_s003_t002,sampling_rate,512,canonicalized,1,9.759531,0.999906,4.483304
aaaaajrf_s004_t000,sampling_rate,512,canonicalized,1,2.354433,0.900380,0.440312
aaaaajso_s001_t000,sampling_rate,512,canonicalized,1,6.361276,0.997598,1.124155
aaaaajtg_s001_t000,sampling_rate,512,canonicalized,0,-0.187604,0.443504,2.169275
aaaaajtu_s001_t000,sampling_rate,512,canonicalized,0,-0.153754,0.451499,0.596865
aaaaajuh_s001_t000,sampling_rate,512,canonicalized,1,5.241867,0.993035,6.278806
aaaaajun_s001_t000,sampling_rate,512,canonicalized,0,1.871731,0.850729,0.757117
aaaaajvh_s001_t001,sampling_rate,512,canonicalized,0,-0.032023,0.480428,1.246002
aaaaajxp_s001_t000,sampling_rate,512,canonicalized,0,-0.419124,0.389807,0.483312
aaaaakck_s001_t001,sampling_rate,512,canonicalized,1,1.525273,0.803665,0.366282
aaaaakcx_s001_t001,sampling_rate,512,canonicalized,1,6.854585,0.998499,3.051819
aaaaakcy_s005_t001,sampling_rate,512,canonicalized,1,7.781947,0.999381,3.676042
aaaaakdj_s001_t000,sampling_rate,512,canonicalized,1,1.433503,0.789463,0.709742
aaaaakdo_s001_t000,sampling_rate,512,canonicalized,1,0.572330,0.622227,1.418917
aaaaakeq_s001_t000,sampling_rate,512,canonicalized,1,2.935908,0.940304,2.554202
aaaaakeq_s002_t000,sampling_rate,512,canonicalized,1,2.315809,0.897021,1.109672
aaaaakeq_s003_t000,sampling_rate,512,canonicalized,1,3.133872,0.950077,3.962178
aaaaakev_s001_t001,sampling_rate,512,canonicalized,1,10.741881,0.999963,11.829087
aaaaakev_s002_t000,sampling_rate,512,canonicalized,1,10.074506,0.999931,4.377895
aaaaakft_s001_t000,sampling_rate,512,canonicalized,0,-1.697152,0.158554,0.570268
aaaaakgp_s001_t001,sampling_rate,512,canonicalized,0,0.865431,0.685467,1.870922
aaaaakgu_s001_t000,sampling_rate,512,canonicalized,1,-0.709484,0.326182,0.159741
aaaaakjk_s002_t002,sampling_rate,512,canonicalized,1,2.449538,0.908238,0.433265
aaaaakjk_s003_t000,sampling_rate,512,canonicalized,1,1.556193,0.808283,1.172379
aaaaakka_s001_t001,sampling_rate,512,canonicalized,0,-0.966689,0.274639,0.645035
aaaaakmg_s003_t001,sampling_rate,512,canonicalized,1,5.485165,0.994471,0.772485
aaaaakmh_s001_t000,sampling_rate,512,canonicalized,1,0.359821,0.573465,2.350284
aaaaaknt_s001_t000,sampling_rate,512,canonicalized,1,1.046458,0.721506,1.559528
aaaaakoo_s001_t001,sampling_rate,512,canonicalized,1,9.885836,0.999917,2.428450
aaaaakqg_s001_t001,sampling_rate,512,canonicalized,0,-0.624265,0.344321,0.965426
aaaaakqr_s001_t000,sampling_rate,512,canonicalized,0,-1.099844,0.250037,0.532887
aaaaakrt_s001_t001,sampling_rate,512,canonicalized,1,4.186603,0.981141,0.602769
aaaaakrt_s002_t001,sampling_rate,512,canonicalized,1,4.317842,0.983326,2.452770
aaaaaksb_s001_t000,sampling_rate,512,canonicalized,0,-1.744431,0.152621,0.385268
aaaaaksu_s001_t001,sampling_rate,512,canonicalized,0,0.053376,0.500813,0.688124
aaaaakxz_s001_t001,sampling_rate,512,canonicalized,1,0.934397,0.699495,0.298813
aaaaakxz_s002_t001,sampling_rate,512,canonicalized,1,3.802933,0.973017,2.099936
aaaaalaf_s001_t000,sampling_rate,512,canonicalized,0,-1.302758,0.215470,0.321500
aaaaalau_s001_t000,sampling_rate,512,canonicalized,1,1.817903,0.844080,0.854306
aaaaalbh_s001_t000,sampling_rate,512,canonicalized,1,2.920211,0.939457,6.380781
aaaaalbt_s001_t001,sampling_rate,512,canonicalized,0,-0.714077,0.325218,0.554074
aaaaalbt_s002_t000,sampling_rate,512,canonicalized,0,-1.217588,0.229542,1.582793
aaaaalbz_s006_t000,sampling_rate,512,canonicalized,1,8.194490,0.999582,4.265592
aaaaalid_s001_t001,sampling_rate,512,canonicalized,0,2.608845,0.920158,1.835102
aaaaaljf_s001_t000,sampling_rate,512,canonicalized,1,2.394856,0.903791,1.121202
aaaaaljj_s001_t000,sampling_rate,512,canonicalized,0,-1.847516,0.140316,1.289738
aaaaallc_s001_t001,sampling_rate,512,canonicalized,0,0.340425,0.568926,1.420789
aaaaalle_s002_t000,sampling_rate,512,canonicalized,1,1.667742,0.824257,0.426475
aaaaalox_s001_t001,sampling_rate,512,canonicalized,0,2.800618,0.932623,4.048038
aaaaalpv_s001_t000,sampling_rate,512,canonicalized,0,0.557447,0.618879,1.235051
aaaaalqa_s001_t000,sampling_rate,512,canonicalized,0,-0.797999,0.307877,1.276127
aaaaalqr_s001_t001,sampling_rate,512,canonicalized,1,1.529387,0.804284,0.066849
aaaaalqs_s001_t001,sampling_rate,512,canonicalized,0,-1.481202,0.188050,0.504368
aaaaalqx_s001_t000,sampling_rate,512,canonicalized,0,-2.018330,0.121762,1.384704
aaaaalrc_s002_t000,sampling_rate,512,canonicalized,1,15.202226,0.999999,2.396968
aaaaalsq_s001_t000,sampling_rate,512,canonicalized,0,0.911740,0.694926,0.247983
aaaaalsx_s001_t000,sampling_rate,512,canonicalized,1,-0.216322,0.436744,0.295196
aaaaalsx_s004_t001,sampling_rate,512,canonicalized,1,0.282919,0.555406,0.195202
aaaaaluz_s001_t001,sampling_rate,512,canonicalized,0,-0.881983,0.291049,0.269339
aaaaalvw_s001_t000,sampling_rate,512,canonicalized,0,-2.919594,0.055366,0.482163
aaaaalvz_s001_t000,sampling_rate,512,canonicalized,1,9.046514,0.999815,1.208376
aaaaalxk_s001_t000,sampling_rate,512,canonicalized,0,0.539577,0.614844,0.568706
aaaaalyr_s001_t000,sampling_rate,512,canonicalized,1,0.727009,0.656283,0.290938
aaaaalzk_s002_t001,sampling_rate,512,canonicalized,1,8.147760,0.999563,6.242406
aaaaamcb_s001_t001,sampling_rate,512,canonicalized,1,6.410949,0.997709,1.635573
aaaaamfe_s001_t001,sampling_rate,512,canonicalized,0,0.939374,0.700493,0.783501
aaaaamft_s001_t001,sampling_rate,512,canonicalized,1,2.815915,0.933535,0.293296
aaaaamfu_s001_t000,sampling_rate,512,canonicalized,0,-0.692185,0.329824,0.404354
aaaaamhi_s001_t000,sampling_rate,512,canonicalized,1,6.952839,0.998634,5.142524
aaaaamhk_s001_t000,sampling_rate,512,canonicalized,1,2.392502,0.903595,0.397321
aaaaamjc_s001_t001,sampling_rate,512,canonicalized,1,6.837981,0.998476,2.905171
aaaaammh_s001_t001,sampling_rate,512,canonicalized,1,1.249493,0.758762,0.837317
aaaaamnq_s001_t000,sampling_rate,512,canonicalized,1,4.892924,0.990306,6.902248
aaaaamnq_s002_t000,sampling_rate,512,canonicalized,1,3.714881,0.970719,1.460990
aaaaamon_s001_t000,sampling_rate,512,canonicalized,0,0.308897,0.561525,2.291656
aaaaampz_s001_t000,sampling_rate,512,canonicalized,1,-0.233631,0.432680,1.783056
aaaaamrj_s001_t000,sampling_rate,512,canonicalized,0,0.042755,0.498277,0.214486
aaaaamsc_s001_t000,sampling_rate,512,canonicalized,1,3.514393,0.964755,0.295089
aaaaamtb_s001_t000,sampling_rate,512,canonicalized,0,3.000506,0.943675,1.492410
aaaaamuc_s001_t000,sampling_rate,512,canonicalized,0,-0.928841,0.281900,0.233498
aaaaamxn_s001_t000,sampling_rate,512,canonicalized,1,0.849125,0.682099,0.201570
aaaaamyb_s001_t001,sampling_rate,512,canonicalized,0,-1.117277,0.246927,1.743937
aaaaamye_s001_t000,sampling_rate,512,canonicalized,1,8.674767,0.999736,3.179823
aaaaamzi_s001_t001,sampling_rate,512,canonicalized,1,5.992947,0.996589,6.499864
aaaaamzl_s001_t000,sampling_rate,512,canonicalized,0,-1.322888,0.212237,0.260547
aaaaamzx_s001_t000,sampling_rate,512,canonicalized,0,-2.254465,0.099622,1.453736
aaaaanbq_s001_t000,sampling_rate,512,canonicalized,0,-0.688385,0.330627,0.605023
aaaaanek_s001_t000,sampling_rate,512,canonicalized,0,-2.104036,0.113274,0.262299
aaaaangp_s001_t000,sampling_rate,512,canonicalized,0,-0.512744,0.368755,0.401811
aaaaanhb_s001_t003,sampling_rate,512,canonicalized,1,3.570218,0.966525,3.742621
aaaaanhb_s003_t001,sampling_rate,512,canonicalized,1,2.985317,0.942899,1.035510
aaaaanhb_s005_t000,sampling_rate,512,canonicalized,1,3.850752,0.974191,2.057942
aaaaankf_s001_t000,sampling_rate,512,canonicalized,1,4.257441,0.982353,0.804192
aaaaanlp_s001_t000,sampling_rate,512,canonicalized,0,-0.494005,0.372932,0.626221
aaaaanmc_s001_t000,sampling_rate,512,canonicalized,1,4.807181,0.989487,5.313703
aaaaanop_s001_t000,sampling_rate,512,canonicalized,0,0.315956,0.563185,2.431628
aaaaanoz_s001_t000,sampling_rate,512,canonicalized,1,-1.005727,0.267272,0.629809
aaaaanpr_s001_t002,sampling_rate,512,canonicalized,1,1.486900,0.797816,1.463778
aaaaanqe_s001_t000,sampling_rate,512,canonicalized,0,-1.677056,0.161132,0.786873
aaaaanro_s001_t000,sampling_rate,512,canonicalized,1,3.085474,0.947837,1.679446
aaaaansj_s001_t000,sampling_rate,512,canonicalized,1,1.687830,0.827019,2.251437
aaaaanta_s001_t000,sampling_rate,512,canonicalized,1,5.223987,0.992916,5.385697
aaaaanum_s001_t000,sampling_rate,512,canonicalized,0,-0.139523,0.454868,0.555837
aaaaanvb_s002_t000,sampling_rate,512,canonicalized,0,-0.764842,0.314667,0.450395
aaaaanvg_s001_t002,sampling_rate,512,canonicalized,0,2.030933,0.869031,0.821305
aaaaanvw_s001_t000,sampling_rate,512,canonicalized,0,-1.974825,0.126277,0.993233
aaaaanwc_s001_t001,sampling_rate,512,canonicalized,1,4.286557,0.982829,14.940632
aaaaanxl_s001_t000,sampling_rate,512,canonicalized,1,4.591949,0.987118,3.784805
aaaaanyb_s001_t001,sampling_rate,512,canonicalized,0,-0.734950,0.320857,0.049152
aaaaanyt_s002_t000,sampling_rate,512,canonicalized,1,5.447600,0.994270,3.245833
aaaaanyw_s001_t000,sampling_rate,512,canonicalized,1,2.718396,0.927516,0.430198
aaaaanyw_s002_t000,sampling_rate,512,canonicalized,1,3.302964,0.957205,3.636403
aaaaanzh_s001_t000,sampling_rate,512,canonicalized,1,-0.203864,0.439673,1.216538
aaaaanzu_s001_t003,sampling_rate,512,canonicalized,1,2.740935,0.928951,1.735789
aaaaaoav_s001_t000,sampling_rate,512,canonicalized,0,-0.575357,0.354945,0.522473
aaaaaoav_s002_t000,sampling_rate,512,canonicalized,0,-1.212702,0.230369,0.727754
aaaaaobi_s001_t000,sampling_rate,512,canonicalized,1,-0.128391,0.457506,0.484159
aaaaaobl_s001_t000,sampling_rate,512,canonicalized,0,-1.255916,0.223131,0.823148
aaaaaoby_s001_t000,sampling_rate,512,canonicalized,0,-0.211152,0.437959,1.209068
aaaaaoda_s001_t000,sampling_rate,512,canonicalized,1,6.776546,0.998384,2.316773
aaaaaoeg_s001_t000,sampling_rate,512,canonicalized,0,-0.540043,0.362706,0.306614
aaaaaofj_s001_t000,sampling_rate,512,canonicalized,0,-0.265444,0.425236,1.267934
aaaaaofr_s001_t000,sampling_rate,512,canonicalized,0,1.300679,0.767599,1.028780
aaaaaofz_s001_t000,sampling_rate,512,canonicalized,0,-0.437119,0.385726,0.925377
aaaaaohb_s001_t000,sampling_rate,512,canonicalized,1,4.318036,0.983329,0.553545
aaaaaohr_s002_t001,sampling_rate,512,canonicalized,1,4.533912,0.986394,1.011513
aaaaaoiq_s001_t000,sampling_rate,512,canonicalized,1,1.104388,0.732489,0.585372
aaaaaoiv_s001_t000,sampling_rate,512,canonicalized,1,-0.019401,0.483439,0.323303
aaaaaoiv_s002_t001,sampling_rate,512,canonicalized,1,8.550593,0.999703,1.561636
aaaaaoiv_s003_t003,sampling_rate,512,canonicalized,1,7.907090,0.999450,0.990334
aaaaaojd_s001_t002,sampling_rate,512,canonicalized,0,-0.141121,0.454489,1.376034
aaaaaokg_s001_t000,sampling_rate,512,canonicalized,0,2.816374,0.933563,4.472135
aaaaaoly_s001_t000,sampling_rate,512,canonicalized,0,-0.974577,0.273140,5.538897
aaaaaome_s001_t000,sampling_rate,512,canonicalized,0,-1.108391,0.248509,0.364134
aaaaaomx_s001_t000,sampling_rate,512,canonicalized,0,-0.727994,0.322307,0.297262
aaaaaomy_s001_t000,sampling_rate,512,canonicalized,1,4.088976,0.979336,10.764780
aaaaaonb_s001_t000,sampling_rate,512,canonicalized,0,0.181537,0.531380,0.463129
aaaaaons_s002_t002,sampling_rate,512,canonicalized,1,2.310963,0.896593,0.293829
aaaaaopd_s001_t000,sampling_rate,512,canonicalized,0,-2.393269,0.088344,2.010036
aaaaaopo_s001_t000,sampling_rate,512,canonicalized,0,-0.779663,0.311622,0.880253
aaaaaora_s002_t000,sampling_rate,512,canonicalized,1,1.663635,0.823688,0.790858
aaaaaord_s001_t000,sampling_rate,512,canonicalized,1,1.019142,0.716233,0.766126
aaaaaosh_s001_t000,sampling_rate,512,canonicalized,1,0.234121,0.543867,0.324271
aaaaaosw_s001_t000,sampling_rate,512,canonicalized,0,0.071824,0.505219,2.461193
aaaaaote_s001_t000,sampling_rate,512,canonicalized,0,-0.431020,0.387107,1.090447
aaaaaout_s001_t000,sampling_rate,512,canonicalized,1,2.053149,0.871427,2.747373
aaaaaovl_s001_t000,sampling_rate,512,canonicalized,1,5.037355,0.991545,0.594428
aaaaaovo_s001_t000,sampling_rate,512,canonicalized,1,7.619488,0.999277,2.707476
aaaaaowb_s001_t000,sampling_rate,512,canonicalized,0,-0.691094,0.330054,2.521964
aaaaaoxf_s001_t000,sampling_rate,512,canonicalized,0,-0.917780,0.284044,0.352269
aaaaaozf_s001_t001,sampling_rate,512,canonicalized,0,-0.269738,0.424234,2.110408
aaaaapag_s001_t000,sampling_rate,512,canonicalized,0,-1.416545,0.197664,2.727066
aaaaapar_s001_t000,sampling_rate,512,canonicalized,1,13.057201,0.999996,1.530724
aaaaapcb_s001_t000,sampling_rate,512,canonicalized,0,0.565606,0.620716,0.315998
aaaaapcy_s001_t002,sampling_rate,512,canonicalized,0,-1.241106,0.225593,0.957517
aaaaapdg_s001_t000,sampling_rate,512,canonicalized,0,-1.182429,0.235536,0.111176
aaaaaphs_s001_t000,sampling_rate,512,canonicalized,1,4.068464,0.978935,0.767782
aaaaaphw_s001_t000,sampling_rate,512,canonicalized,0,2.012958,0.867064,0.878481
aaaaapij_s001_t000,sampling_rate,512,canonicalized,0,-0.324253,0.411566,0.423921
aaaaapjc_s001_t001,sampling_rate,512,canonicalized,0,-2.764277,0.063658,0.578161
aaaaapka_s001_t000,sampling_rate,512,canonicalized,0,-0.977859,0.272518,0.738360
aaaaapkx_s001_t001,sampling_rate,512,canonicalized,1,-0.906553,0.286230,2.948165
aaaaaply_s001_t001,sampling_rate,512,canonicalized,1,4.455711,0.985354,4.252127
aaaaapmb_s002_t001,sampling_rate,512,canonicalized,1,1.390624,0.782574,0.226331
aaaaapmp_s001_t000,sampling_rate,512,canonicalized,1,0.678470,0.645749,0.276029
aaaaapnr_s001_t000,sampling_rate,512,canonicalized,1,-1.249925,0.224125,1.229398
aaaaapoc_s001_t000,sampling_rate,512,canonicalized,1,4.395440,0.984499,0.963244
aaaaapof_s001_t000,sampling_rate,512,canonicalized,0,-1.519522,0.182525,0.747551
aaaaapoo_s001_t000,sampling_rate,512,canonicalized,0,-1.223241,0.228589,3.161788
aaaaapoq_s001_t000,sampling_rate,512,canonicalized,0,2.209352,0.887241,0.672884
aaaaappb_s001_t000,sampling_rate,512,canonicalized,0,-0.656421,0.337420,0.553286
aaaaapqd_s001_t000,sampling_rate,512,canonicalized,1,0.046816,0.499247,0.775273
aaaaapqv_s001_t000,sampling_rate,512,canonicalized,0,-1.151538,0.240891,3.379010
aaaaapta_s001_t000,sampling_rate,512,canonicalized,1,3.595337,0.967292,3.527462
aaaaapth_s001_t000,sampling_rate,512,canonicalized,1,1.181524,0.746678,1.480699
aaaaapua_s001_t001,sampling_rate,512,canonicalized,0,-2.980146,0.052418,0.352716
aaaaapuu_s001_t000,sampling_rate,512,canonicalized,0,-1.360487,0.206294,0.209633
aaaaapvw_s001_t001,sampling_rate,512,canonicalized,1,3.765117,0.972052,1.211908
aaaaapvy_s001_t000,sampling_rate,512,canonicalized,1,1.237162,0.756599,1.618679
aaaaapwn_s001_t001,sampling_rate,512,canonicalized,0,0.125489,0.518028,2.705458
aaaaapwo_s001_t001,sampling_rate,512,canonicalized,1,7.949970,0.999473,0.571378
aaaaapxm_s001_t001,sampling_rate,512,canonicalized,0,-1.331392,0.210882,0.235688
aaaaapys_s001_t001,sampling_rate,512,canonicalized,1,12.732323,0.999995,0.552562
aaaaapys_s002_t001,sampling_rate,512,canonicalized,1,9.223758,0.999844,2.347903
aaaaaayx_s002_t000,sampling_rate,512,naive,0,7.903549,0.999449,21.968601
aaaaabdo_s003_t000,sampling_rate,512,naive,1,6.305521,0.997467,3.617749
aaaaabsk_s007_t000,sampling_rate,512,naive,1,9.033061,0.999813,2.130182
aaaaabuv_s002_t000,sampling_rate,512,naive,1,8.352726,0.999641,1.565419
aaaaacad_s003_t000,sampling_rate,512,naive,0,3.526517,0.965147,0.660430
aaaaacby_s004_t000,sampling_rate,512,naive,0,3.892859,0.975183,0.089417
aaaaaddm_s006_t000,sampling_rate,512,naive,1,10.154486,0.999936,10.718357
aaaaadeu_s002_t000,sampling_rate,512,naive,1,5.877473,0.996193,1.680215
aaaaadjk_s002_t000,sampling_rate,512,naive,0,4.269128,0.982546,0.174150
aaaaadkb_s002_t000,sampling_rate,512,naive,1,14.013093,0.999998,11.406921
aaaaadsm_s002_t001,sampling_rate,512,naive,0,2.815235,0.933495,0.867481
aaaaaeab_s003_t000,sampling_rate,512,naive,0,6.897415,0.998560,2.587576
aaaaaejc_s003_t001,sampling_rate,512,naive,0,6.842324,0.998482,5.483619
aaaaaezn_s003_t001,sampling_rate,512,naive,1,2.421144,0.905952,4.530715
aaaaafhl_s003_t000,sampling_rate,512,naive,1,1.830231,0.845624,0.162935
aaaaagfk_s003_t000,sampling_rate,512,naive,0,3.193375,0.952705,2.590942
aaaaagsc_s003_t001,sampling_rate,512,naive,1,10.095030,0.999932,33.666676
aaaaagsc_s006_t001,sampling_rate,512,naive,1,5.344990,0.993684,1.187924
aaaaaguk_s002_t001,sampling_rate,512,naive,0,4.226725,0.981837,1.005572
aaaaagvx_s002_t000,sampling_rate,512,naive,1,3.737050,0.971315,1.310363
aaaaagvx_s003_t001,sampling_rate,512,naive,1,4.717242,0.988554,0.437741
aaaaagyr_s002_t000,sampling_rate,512,naive,1,5.216744,0.992867,0.973305
aaaaahie_s005_t001,sampling_rate,512,naive,1,12.354936,0.999992,10.375258
aaaaahsv_s002_t000,sampling_rate,512,naive,0,4.257427,0.982353,2.648402
aaaaahte_s002_t000,sampling_rate,512,naive,1,8.858235,0.999778,19.018812
aaaaahte_s003_t000,sampling_rate,512,naive,1,3.412206,0.961281,3.200095
aaaaahuy_s002_t000,sampling_rate,512,naive,1,7.096417,0.998809,0.489059
aaaaahzi_s001_t000,sampling_rate,512,naive,0,6.080626,0.996862,3.615582
aaaaahzm_s001_t001,sampling_rate,512,naive,0,1.304081,0.768178,0.137855
aaaaahzq_s001_t000,sampling_rate,512,naive,0,5.662836,0.995330,1.614814
aaaaahzs_s001_t001,sampling_rate,512,naive,0,3.764892,0.972047,2.934378
aaaaaiae_s001_t000,sampling_rate,512,naive,0,0.994208,0.711367,0.113670
aaaaaibx_s001_t000,sampling_rate,512,naive,0,2.232690,0.889452,0.456079
aaaaaiby_s001_t000,sampling_rate,512,naive,0,7.332548,0.999049,1.904425
aaaaaici_s001_t000,sampling_rate,512,naive,0,4.870996,0.990103,2.652114
aaaaaicn_s001_t000,sampling_rate,512,naive,0,4.270235,0.982564,0.434301
aaaaaijh_s002_t000,sampling_rate,512,naive,1,5.280401,0.993285,2.837054
aaaaaijn_s001_t001,sampling_rate,512,naive,0,2.797978,0.932464,0.788702
aaaaairb_s001_t001,sampling_rate,512,naive,0,3.353029,0.959122,1.538556
aaaaairo_s001_t000,sampling_rate,512,naive,0,6.304210,0.997464,14.143174
aaaaaitt_s001_t000,sampling_rate,512,naive,0,5.999878,0.996611,4.862663
aaaaaiue_s004_t000,sampling_rate,512,naive,1,5.451636,0.994292,0.596646
aaaaaiuo_s002_t000,sampling_rate,512,naive,0,5.463242,0.994355,10.758781
aaaaaiwz_s001_t001,sampling_rate,512,naive,0,2.985688,0.942918,1.002947
aaaaaiyy_s001_t001,sampling_rate,512,naive,0,3.202078,0.953078,4.632166
aaaaaizd_s001_t001,sampling_rate,512,naive,0,5.637587,0.995217,8.457242
aaaaaizs_s001_t000,sampling_rate,512,naive,0,4.594502,0.987149,4.212738
aaaaajae_s001_t001,sampling_rate,512,naive,0,2.003973,0.866071,4.818823
aaaaajah_s002_t001,sampling_rate,512,naive,1,5.008468,0.991310,2.715561
aaaaajah_s004_t000,sampling_rate,512,naive,1,3.353051,0.959122,1.669819
aaaaajal_s001_t001,sampling_rate,512,naive,0,5.341801,0.993665,3.261392
aaaaajam_s001_t000,sampling_rate,512,naive,1,4.815200,0.989566,0.523153
aaaaajar_s001_t001,sampling_rate,512,naive,0,3.177666,0.952024,0.402045
aaaaajbb_s001_t000,sampling_rate,512,naive,0,7.862932,0.999427,1.848813
aaaaajbh_s002_t000,sampling_rate,512,naive,0,2.992241,0.943254,0.499661
aaaaajce_s001_t000,sampling_rate,512,naive,0,4.106742,0.979676,1.680895
aaaaajci_s001_t000,sampling_rate,512,naive,0,11.018576,0.999972,6.518081
aaaaajck_s001_t000,sampling_rate,512,naive,0,6.298959,0.997451,1.752822
aaaaajct_s001_t000,sampling_rate,512,naive,0,4.806608,0.989481,0.555864
aaaaajcu_s001_t000,sampling_rate,512,naive,0,3.930888,0.976048,0.343401
aaaaajda_s001_t000,sampling_rate,512,naive,0,5.079888,0.991878,1.211174
aaaaajdb_s001_t000,sampling_rate,512,naive,0,11.379974,0.999980,8.367807
aaaaajdv_s001_t000,sampling_rate,512,naive,0,10.190031,0.999938,5.153237
aaaaajdy_s001_t000,sampling_rate,512,naive,0,3.491277,0.963997,2.147127
aaaaajdz_s001_t000,sampling_rate,512,naive,0,9.884104,0.999917,2.296303
aaaaajea_s001_t000,sampling_rate,512,naive,0,2.809987,0.933183,2.261967
aaaaajen_s001_t000,sampling_rate,512,naive,0,4.520325,0.986218,1.374360
aaaaajey_s001_t000,sampling_rate,512,naive,0,8.208067,0.999588,2.728589
aaaaajfb_s001_t000,sampling_rate,512,naive,0,3.991618,0.977367,1.478080
aaaaajfe_s001_t000,sampling_rate,512,naive,0,3.481090,0.963658,3.109851
aaaaajff_s001_t000,sampling_rate,512,naive,0,6.413798,0.997716,4.398254
aaaaajfi_s001_t001,sampling_rate,512,naive,0,5.499923,0.994548,1.361082
aaaaajfn_s001_t001,sampling_rate,512,naive,0,4.840551,0.989813,0.615989
aaaaajfy_s001_t000,sampling_rate,512,naive,0,3.058671,0.946557,0.415111
aaaaajga_s001_t001,sampling_rate,512,naive,0,5.854458,0.996108,2.866558
aaaaajhy_s001_t000,sampling_rate,512,naive,0,3.030339,0.945171,0.480866
aaaaajit_s001_t001,sampling_rate,512,naive,0,6.758980,0.998356,3.505074
aaaaajiu_s001_t000,sampling_rate,512,naive,0,0.225419,0.541804,0.214879
aaaaajiy_s001_t001,sampling_rate,512,naive,0,3.030801,0.945194,0.754476
aaaaajiz_s001_t000,sampling_rate,512,naive,0,8.834974,0.999773,12.925953
aaaaajjb_s001_t001,sampling_rate,512,naive,0,1.779106,0.839140,0.297037
aaaaajje_s001_t000,sampling_rate,512,naive,0,2.966792,0.941939,1.616637
aaaaajjk_s001_t000,sampling_rate,512,naive,0,4.175648,0.980946,7.864508
aaaaajna_s001_t000,sampling_rate,512,naive,0,3.665456,0.969346,3.351957
aaaaajnu_s001_t000,sampling_rate,512,naive,0,3.948728,0.976443,0.782131
aaaaajon_s001_t000,sampling_rate,512,naive,0,4.274755,0.982638,2.726344
aaaaajoo_s002_t001,sampling_rate,512,naive,1,2.362895,0.901103,0.273895
aaaaajpg_s001_t001,sampling_rate,512,naive,0,5.371218,0.993839,0.804775
aaaaajqh_s004_t000,sampling_rate,512,naive,1,8.451849,0.999673,3.122201
aaaaajqk_s003_t001,sampling_rate,512,naive,1,6.647593,0.998172,0.075175
aaaaajrf_s001_t000,sampling_rate,512,naive,1,7.603023,0.999265,2.360989
aaaaajrf_s002_t000,sampling_rate,512,naive,1,8.905149,0.999788,2.364155
aaaaajrf_s003_t002,sampling_rate,512,naive,1,4.072442,0.979014,2.841245
aaaaajrf_s004_t000,sampling_rate,512,naive,1,4.344921,0.983745,0.354602
aaaaajso_s001_t000,sampling_rate,512,naive,1,3.889287,0.975101,4.550062
aaaaajtg_s001_t000,sampling_rate,512,naive,0,8.269094,0.999611,7.140984
aaaaajtu_s001_t000,sampling_rate,512,naive,0,6.575709,0.998042,8.572556
aaaaajuh_s001_t000,sampling_rate,512,naive,1,7.986734,0.999491,9.733803
aaaaajun_s001_t000,sampling_rate,512,naive,0,5.370181,0.993833,0.425933
aaaaajvh_s001_t001,sampling_rate,512,naive,0,9.603443,0.999891,2.648672
aaaaajxp_s001_t000,sampling_rate,512,naive,0,2.827828,0.934238,1.518605
aaaaakck_s001_t001,sampling_rate,512,naive,1,6.932599,0.998607,2.676284
aaaaakcx_s001_t001,sampling_rate,512,naive,1,5.151639,0.992412,2.550803
aaaaakcy_s005_t001,sampling_rate,512,naive,1,15.326956,1.000000,2.683820
aaaaakdj_s001_t000,sampling_rate,512,naive,1,9.152140,0.999833,0.889798
aaaaakdo_s001_t000,sampling_rate,512,naive,1,5.754203,0.995719,0.395624
aaaaakeq_s001_t000,sampling_rate,512,naive,1,11.410217,0.999981,14.441792
aaaaakeq_s002_t000,sampling_rate,512,naive,1,10.642328,0.999960,9.786144
aaaaakeq_s003_t000,sampling_rate,512,naive,1,12.092300,0.999990,13.753156
aaaaakev_s001_t001,sampling_rate,512,naive,1,15.367573,1.000000,37.192894
aaaaakev_s002_t000,sampling_rate,512,naive,1,8.368815,0.999646,2.669251
aaaaakft_s001_t000,sampling_rate,512,naive,0,2.109223,0.877311,0.629420
aaaaakgp_s001_t001,sampling_rate,512,naive,0,6.810963,0.998436,3.782538
aaaaakgu_s001_t000,sampling_rate,512,naive,1,3.203104,0.953122,0.641393
aaaaakjk_s002_t002,sampling_rate,512,naive,1,3.641133,0.968648,1.874631
aaaaakjk_s003_t000,sampling_rate,512,naive,1,7.331042,0.999048,2.726719
aaaaakka_s001_t001,sampling_rate,512,naive,0,4.314717,0.983277,1.239984
aaaaakmg_s003_t001,sampling_rate,512,naive,1,1.662404,0.823517,1.147620
aaaaakmh_s001_t000,sampling_rate,512,naive,1,1.240319,0.757154,0.040787
aaaaaknt_s001_t000,sampling_rate,512,naive,1,6.858372,0.998505,4.515292
aaaaakoo_s001_t001,sampling_rate,512,naive,1,1.482958,0.797208,2.941346
aaaaakqg_s001_t001,sampling_rate,512,naive,0,5.161375,0.992482,1.424845
aaaaakqr_s001_t000,sampling_rate,512,naive,0,3.551086,0.965928,0.457475
aaaaakrt_s001_t001,sampling_rate,512,naive,1,5.841262,0.996059,4.980864
aaaaakrt_s002_t001,sampling_rate,512,naive,1,4.006186,0.977673,8.591048
aaaaaksb_s001_t000,sampling_rate,512,naive,0,3.754682,0.971780,0.543175
aaaaaksu_s001_t001,sampling_rate,512,naive,0,5.567082,0.994885,6.166061
aaaaakxz_s001_t001,sampling_rate,512,naive,1,3.005380,0.943922,0.745402
aaaaakxz_s002_t001,sampling_rate,512,naive,1,3.045054,0.945895,0.963285
aaaaalaf_s001_t000,sampling_rate,512,naive,0,6.887915,0.998546,1.089590
aaaaalau_s001_t000,sampling_rate,512,naive,1,3.428393,0.961853,12.270132
aaaaalbh_s001_t000,sampling_rate,512,naive,1,9.805987,0.999910,2.430650
aaaaalbt_s001_t001,sampling_rate,512,naive,0,3.068537,0.947032,0.358027
aaaaalbt_s002_t000,sampling_rate,512,naive,0,2.926848,0.939816,0.598160
aaaaalbz_s006_t000,sampling_rate,512,naive,1,10.583661,0.999957,10.681813
aaaaalid_s001_t001,sampling_rate,512,naive,0,8.419724,0.999663,5.588901
aaaaaljf_s001_t000,sampling_rate,512,naive,1,4.642124,0.987713,2.896246
aaaaaljj_s001_t000,sampling_rate,512,naive,0,8.581426,0.999711,0.865865
aaaaallc_s001_t001,sampling_rate,512,naive,0,6.692807,0.998249,3.400887
aaaaalle_s002_t000,sampling_rate,512,naive,1,3.213659,0.953570,2.008515
aaaaalox_s001_t001,sampling_rate,512,naive,0,9.038132,0.999813,10.135324
aaaaalpv_s001_t000,sampling_rate,512,naive,0,4.642378,0.987716,6.205010
aaaaalqa_s001_t000,sampling_rate,512,naive,0,6.259113,0.997353,2.174599
aaaaalqr_s001_t001,sampling_rate,512,naive,1,2.177864,0.884196,0.266242
aaaaalqs_s001_t001,sampling_rate,512,naive,0,4.071188,0.978989,0.201317
aaaaalqx_s001_t000,sampling_rate,512,naive,0,2.452161,0.908447,5.704977
aaaaalrc_s002_t000,sampling_rate,512,naive,1,18.247337,1.000000,0.698622
aaaaalsq_s001_t000,sampling_rate,512,naive,0,5.691074,0.995454,2.159496
aaaaalsx_s001_t000,sampling_rate,512,naive,1,4.349398,0.983813,3.268758
aaaaalsx_s004_t001,sampling_rate,512,naive,1,-0.152554,0.451782,0.079460
aaaaaluz_s001_t001,sampling_rate,512,naive,0,9.279819,0.999852,0.718493
aaaaalvw_s001_t000,sampling_rate,512,naive,0,6.178194,0.997141,0.521805
aaaaalvz_s001_t000,sampling_rate,512,naive,1,16.106394,1.000000,3.953837
aaaaalxk_s001_t000,sampling_rate,512,naive,0,4.430937,0.985008,1.122438
aaaaalyr_s001_t000,sampling_rate,512,naive,1,1.473649,0.795766,0.726411
aaaaalzk_s002_t001,sampling_rate,512,naive,1,8.323545,0.999631,35.365334
aaaaamcb_s001_t001,sampling_rate,512,naive,1,10.193843,0.999938,10.151365
aaaaamfe_s001_t001,sampling_rate,512,naive,0,6.301958,0.997459,2.010279
aaaaamft_s001_t001,sampling_rate,512,naive,1,1.533138,0.804847,0.039512
aaaaamfu_s001_t000,sampling_rate,512,naive,0,4.764127,0.989050,0.821698
aaaaamhi_s001_t000,sampling_rate,512,naive,1,0.816732,0.675351,0.268564
aaaaamhk_s001_t000,sampling_rate,512,naive,1,5.133595,0.992282,1.386549
aaaaamjc_s001_t001,sampling_rate,512,naive,1,6.055777,0.996787,0.302251
aaaaammh_s001_t001,sampling_rate,512,naive,1,4.777962,0.989193,0.725139
aaaaamnq_s001_t000,sampling_rate,512,naive,1,10.369835,0.999948,7.251083
aaaaamnq_s002_t000,sampling_rate,512,naive,1,8.861827,0.999779,2.101451
aaaaamon_s001_t000,sampling_rate,512,naive,0,4.816491,0.989579,2.759392
aaaaampz_s001_t000,sampling_rate,512,naive,1,0.945511,0.701722,0.307178
aaaaamrj_s001_t000,sampling_rate,512,naive,0,4.758491,0.988992,2.267459
aaaaamsc_s001_t000,sampling_rate,512,naive,1,5.551485,0.994809,14.152446
aaaaamtb_s001_t000,sampling_rate,512,naive,0,5.880297,0.996203,5.385351
aaaaamuc_s001_t000,sampling_rate,512,naive,0,2.551756,0.916058,1.577299
aaaaamxn_s001_t000,sampling_rate,512,naive,1,6.249369,0.997328,0.654426
aaaaamyb_s001_t001,sampling_rate,512,naive,0,3.048940,0.946085,1.431020
aaaaamye_s001_t000,sampling_rate,512,naive,1,2.403255,0.904486,1.397403
aaaaamzi_s001_t001,sampling_rate,512,naive,1,5.965992,0.996500,12.138206
aaaaamzl_s001_t000,sampling_rate,512,naive,0,6.688573,0.998242,5.936754
aaaaamzx_s001_t000,sampling_rate,512,naive,0,2.399166,0.904148,0.557841
aaaaanbq_s001_t000,sampling_rate,512,naive,0,3.285610,0.956520,0.950975
aaaaanek_s001_t000,sampling_rate,512,naive,0,6.824290,0.998456,2.405199
aaaaangp_s001_t000,sampling_rate,512,naive,0,2.934844,0.940247,3.458518
aaaaanhb_s001_t003,sampling_rate,512,naive,1,4.029757,0.978159,1.757677
aaaaanhb_s003_t001,sampling_rate,512,naive,1,5.565517,0.994878,3.029508
aaaaanhb_s005_t000,sampling_rate,512,naive,1,4.867620,0.990071,0.781523
aaaaankf_s001_t000,sampling_rate,512,naive,1,5.060884,0.991731,0.797028
aaaaanlp_s001_t000,sampling_rate,512,naive,0,3.724631,0.970982,1.089428
aaaaanmc_s001_t000,sampling_rate,512,naive,1,5.133301,0.992279,10.060167
aaaaanop_s001_t000,sampling_rate,512,naive,0,0.207851,0.537635,1.334387
aaaaanoz_s001_t000,sampling_rate,512,naive,1,3.070010,0.947102,2.974310
aaaaanpr_s001_t002,sampling_rate,512,naive,1,1.065429,0.725133,0.578885
aaaaanqe_s001_t000,sampling_rate,512,naive,0,5.322791,0.993550,0.626653
aaaaanro_s001_t000,sampling_rate,512,naive,1,8.624855,0.999723,6.708010
aaaaansj_s001_t000,sampling_rate,512,naive,1,2.789098,0.931928,1.344167
aaaaanta_s001_t000,sampling_rate,512,naive,1,2.793432,0.932190,2.998407
aaaaanum_s001_t000,sampling_rate,512,naive,0,5.155407,0.992439,1.320218
aaaaanvb_s002_t000,sampling_rate,512,naive,0,7.750787,0.999362,2.549371
aaaaanvg_s001_t002,sampling_rate,512,naive,0,1.966668,0.861884,0.366947
aaaaanvw_s001_t000,sampling_rate,512,naive,0,5.747328,0.995691,2.178766
aaaaanwc_s001_t001,sampling_rate,512,naive,1,4.811783,0.989533,52.437515
aaaaanxl_s001_t000,sampling_rate,512,naive,1,4.549891,0.986597,0.993816
aaaaanyb_s001_t001,sampling_rate,512,naive,0,2.585775,0.918524,0.304735
aaaaanyt_s002_t000,sampling_rate,512,naive,1,-0.174890,0.446503,0.137333
aaaaanyw_s001_t000,sampling_rate,512,naive,1,7.012746,0.998710,2.138302
aaaaanyw_s002_t000,sampling_rate,512,naive,1,5.869634,0.996164,4.927563
aaaaanzh_s001_t000,sampling_rate,512,naive,1,6.133292,0.997016,7.366394
aaaaanzu_s001_t003,sampling_rate,512,naive,1,9.417883,0.999870,7.579315
aaaaaoav_s001_t000,sampling_rate,512,naive,0,7.327176,0.999044,1.178359
aaaaaoav_s002_t000,sampling_rate,512,naive,0,4.235891,0.981993,0.744807
aaaaaobi_s001_t000,sampling_rate,512,naive,1,8.593598,0.999715,8.284808
aaaaaobl_s001_t000,sampling_rate,512,naive,0,5.086953,0.991933,0.512484
aaaaaoby_s001_t000,sampling_rate,512,naive,0,6.323940,0.997511,26.573057
aaaaaoda_s001_t000,sampling_rate,512,naive,1,8.382518,0.999651,6.447589
aaaaaoeg_s001_t000,sampling_rate,512,naive,0,7.540554,0.999220,6.740160
aaaaaofj_s001_t000,sampling_rate,512,naive,0,1.605085,0.815417,3.797611
aaaaaofr_s001_t000,sampling_rate,512,naive,0,2.430405,0.906703,1.759963
aaaaaofz_s001_t000,sampling_rate,512,naive,0,3.490372,0.963967,0.435036
aaaaaohb_s001_t000,sampling_rate,512,naive,1,6.113665,0.996959,0.477374
aaaaaohr_s002_t001,sampling_rate,512,naive,1,8.976568,0.999802,2.393386
aaaaaoiq_s001_t000,sampling_rate,512,naive,1,7.616079,0.999274,2.904605
aaaaaoiv_s001_t000,sampling_rate,512,naive,1,3.235998,0.954506,0.900290
aaaaaoiv_s002_t001,sampling_rate,512,naive,1,14.042742,0.999998,9.200684
aaaaaoiv_s003_t003,sampling_rate,512,naive,1,8.795637,0.999765,0.428482
aaaaaojd_s001_t002,sampling_rate,512,naive,0,4.165411,0.980763,1.510487
aaaaaokg_s001_t000,sampling_rate,512,naive,0,5.799886,0.995901,3.674409
aaaaaoly_s001_t000,sampling_rate,512,naive,0,4.996437,0.991210,11.031689
aaaaaome_s001_t000,sampling_rate,512,naive,0,7.222379,0.998944,3.212107
aaaaaomx_s001_t000,sampling_rate,512,naive,0,-0.708453,0.326398,0.093412
aaaaaomy_s001_t000,sampling_rate,512,naive,1,11.742061,0.999986,18.165855
aaaaaonb_s001_t000,sampling_rate,512,naive,0,7.848878,0.999419,14.671278
aaaaaons_s002_t002,sampling_rate,512,naive,1,9.557068,0.999886,3.376819
aaaaaopd_s001_t000,sampling_rate,512,naive,0,8.370598,0.999647,24.437729
aaaaaopo_s001_t000,sampling_rate,512,naive,0,10.373245,0.999948,3.267744
aaaaaora_s002_t000,sampling_rate,512,naive,1,7.189013,0.998909,4.238983
aaaaaord_s001_t000,sampling_rate,512,naive,1,4.498217,0.985928,1.027941
aaaaaosh_s001_t000,sampling_rate,512,naive,1,6.948489,0.998628,5.376645
aaaaaosw_s001_t000,sampling_rate,512,naive,0,4.199176,0.981362,13.609398
aaaaaote_s001_t000,sampling_rate,512,naive,0,1.538317,0.805623,0.254972
aaaaaout_s001_t000,sampling_rate,512,naive,1,8.072617,0.999531,10.333807
aaaaaovl_s001_t000,sampling_rate,512,naive,1,11.848261,0.999987,1.202414
aaaaaovo_s001_t000,sampling_rate,512,naive,1,7.233920,0.998955,5.438349
aaaaaowb_s001_t000,sampling_rate,512,naive,0,4.886673,0.990248,1.488673
aaaaaoxf_s001_t000,sampling_rate,512,naive,0,3.512513,0.964694,0.395359
aaaaaozf_s001_t001,sampling_rate,512,naive,0,6.914859,0.998583,2.553311
aaaaapag_s001_t000,sampling_rate,512,naive,0,8.855317,0.999778,15.653540
aaaaapar_s001_t000,sampling_rate,512,naive,1,14.061546,0.999998,1.133472
aaaaapcb_s001_t000,sampling_rate,512,naive,0,1.318437,0.770612,0.106341
aaaaapcy_s001_t002,sampling_rate,512,naive,0,6.137887,0.997029,7.565665
aaaaapdg_s001_t000,sampling_rate,512,naive,0,7.996250,0.999495,3.405551
aaaaaphs_s001_t000,sampling_rate,512,naive,1,12.820982,0.999995,9.593967
aaaaaphw_s001_t000,sampling_rate,512,naive,0,5.145837,0.992371,3.967638
aaaaapij_s001_t000,sampling_rate,512,naive,0,2.034581,0.869427,0.629196
aaaaapjc_s001_t001,sampling_rate,512,naive,0,5.116399,0.992155,3.070779
aaaaapka_s001_t000,sampling_rate,512,naive,0,4.708582,0.988461,0.470189
aaaaapkx_s001_t001,sampling_rate,512,naive,1,6.150022,0.997063,0.470445
aaaaaply_s001_t001,sampling_rate,512,naive,1,7.471560,0.999167,1.103024
aaaaapmb_s002_t001,sampling_rate,512,naive,1,0.579423,0.623818,0.074078
aaaaapmp_s001_t000,sampling_rate,512,naive,1,9.880413,0.999917,3.602478
aaaaapnr_s001_t000,sampling_rate,512,naive,1,4.281912,0.982754,0.702589
aaaaapoc_s001_t000,sampling_rate,512,naive,1,7.867068,0.999429,13.877576
aaaaapof_s001_t000,sampling_rate,512,naive,0,6.422548,0.997735,0.618830
aaaaapoo_s001_t000,sampling_rate,512,naive,0,4.402851,0.984607,2.132916
aaaaapoq_s001_t000,sampling_rate,512,naive,0,7.536197,0.999217,1.637792
aaaaappb_s001_t000,sampling_rate,512,naive,0,3.876165,0.974795,0.465098
aaaaapqd_s001_t000,sampling_rate,512,naive,1,1.241847,0.757423,0.308453
aaaaapqv_s001_t000,sampling_rate,512,naive,0,1.122147,0.735800,0.765765
aaaaapta_s001_t000,sampling_rate,512,naive,1,5.109335,0.992102,2.793920
aaaaapth_s001_t000,sampling_rate,512,naive,1,1.671478,0.824773,0.461670
aaaaapua_s001_t001,sampling_rate,512,naive,0,5.323654,0.993555,1.520454
aaaaapuu_s001_t000,sampling_rate,512,naive,0,4.145335,0.980398,0.770348
aaaaapvw_s001_t001,sampling_rate,512,naive,1,8.565964,0.999707,5.370878
aaaaapvy_s001_t000,sampling_rate,512,naive,1,-0.128335,0.457519,0.231264
aaaaapwn_s001_t001,sampling_rate,512,naive,0,2.767504,0.930608,3.787788
aaaaapwo_s001_t001,sampling_rate,512,naive,1,14.927830,0.999999,12.427532
aaaaapxm_s001_t001,sampling_rate,512,naive,0,6.671691,0.998214,1.645000
aaaaapys_s001_t001,sampling_rate,512,naive,1,12.322800,0.999992,1.098325
aaaaapys_s002_t001,sampling_rate,512,naive,1,4.457299,0.985375,1.339943
