rec_id,axis,severity,arm,label,logit,prob,var_logit
aaaaaayx_s002_t000,bandwidth,100.0,canonicalized,0,-1.005407,0.249673,1.743562
aaaaabdo_s003_t000,bandwidth,100.0,canonicalized,1,8.556608,0.996879,3.406332
aaaaabsk_s007_t000,bandwidth,100.0,canonicalized,1,0.091357,0.422446,0.498053
aaaaabuv_s002_t000,bandwidth,100.0,canonicalized,1,2.705146,0.826969,4.076451
aaaaacad_s003_t000,bandwidth,100.0,canonicalized,0,0.083034,0.420989,0.245171
aaaaacby_s004_t000,bandwidth,100.0,canonicalized,0,1.375885,0.647876,0.008910
aaaaaddm_s006_t000,bandwidth,100.0,canonicalized,1,1.276741,0.631467,2.461898
aaaaadeu_s002_t000,bandwidth,100.0,canonicalized,1,1.808084,0.715060,0.405917
aaaaadjk_s002_t000,bandwidth,100.0,canonicalized,0,-2.097057,0.131896,0.100654
aaaaadkb_s002_t000,bandwidth,100.0,canonicalized,1,4.758534,0.954300,2.195588
aaaaadsm_s002_t001,bandwidth,100.0,canonicalized,0,-1.886759,0.150169,0.328379
aaaaaeab_s003_t000,bandwidth,100.0,canonicalized,0,-1.222440,0.221627,0.220961
aaaaaejc_s003_t001,bandwidth,100.0,canonicalized,0,-0.926517,0.260436,0.384330
aaaaaezn_s003_t001,bandwidth,100.0,canonicalized,1,0.306051,0.460442,4.962088
aaaaafhl_s003_t000,bandwidth,100.0,canonicalized,1,2.081093,0.753273,0.583328
aaaaagfk_s003_t000,bandwidth,100.0,canonicalized,0,-1.874922,0.151257,0.914834
aaaaagsc_s003_t001,bandwidth,100.0,canonicalized,1,3.359716,0.884357,1.894919
aaaaagsc_s006_t001,bandwidth,100.0,canonicalized,1,0.233104,0.447458,0.179205
aaaaaguk_s002_t001,bandwidth,100.0,canonicalized,0,-5.262050,0.015411,1.037882
aaaaagvx_s002_t000,bandwidth,100.0,canonicalized,1,1.017522,0.587191,0.337710
aaaaagvx_s003_t001,bandwidth,100.0,canonicalized,1,0.573128,0.508308,0.266185
aaaaagyr_s002_t000,bandwidth,100.0,canonicalized,1,-2.054263,0.135455,1.120570
aaaaahie_s005_t001,bandwidth,100.0,canonicalized,1,2.889974,0.845145,0.213090
aaaaahsv_s002_t000,bandwidth,100.0,canonicalized,0,-0.704384,0.292312,1.123804
aaaaahte_s002_t000,bandwidth,100.0,canonicalized,1,5.754421,0.977114,2.125426
aaaaahte_s003_t000,bandwidth,100.0,canonicalized,1,4.983697,0.960856,1.463651
aaaaahuy_s002_t000,bandwidth,100.0,canonicalized,1,-2.426285,0.107099,0.179379
aaaaahzi_s001_t000,bandwidth,100.0,canonicalized,0,-0.845097,0.271855,0.319815
aaaaahzm_s001_t001,bandwidth,100.0,canonicalized,0,0.559501,0.505862,0.091001
aaaaahzq_s001_t000,bandwidth,100.0,canonicalized,0,-3.472167,0.053565,0.338041
aaaaahzs_s001_t001,bandwidth,100.0,canonicalized,0,1.158588,0.611511,2.352708
aaaaaiae_s001_t000,bandwidth,100.0,canonicalized,0,0.455911,0.487267,0.449457
aaaaaibx_s001_t000,bandwidth,100.0,canonicalized,0,-1.597292,0.178667,0.789899
aaaaaiby_s001_t000,bandwidth,100.0,canonicalized,0,-2.654471,0.092407,0.765231
aaaaaici_s001_t000,bandwidth,100.0,canonicalized,0,-2.839147,0.081869,2.333185
aaaaaicn_s001_t000,bandwidth,100.0,canonicalized,0,3.437889,0.889976,1.937995
aaaaaijh_s002_t000,bandwidth,100.0,canonicalized,1,-4.409404,0.028063,0.975420
aaaaaijn_s001_t001,bandwidth,100.0,canonicalized,0,-1.819301,0.156456,0.155312
aaaaairb_s001_t001,bandwidth,100.0,canonicalized,0,0.061915,0.417296,0.449574
aaaaairo_s001_t000,bandwidth,100.0,canonicalized,0,-2.272688,0.118113,2.755531
aaaaaitt_s001_t000,bandwidth,100.0,canonicalized,0,-2.193475,0.124168,5.650056
aaaaaiue_s004_t000,bandwidth,100.0,canonicalized,1,0.602718,0.513617,0.615466
aaaaaiuo_s002_t000,bandwidth,100.0,canonicalized,0,0.903254,0.567168,0.211249
aaaaaiwz_s001_t001,bandwidth,100.0,canonicalized,0,0.399362,0.477128,0.322299
aaaaaiyy_s001_t001,bandwidth,100.0,canonicalized,0,-1.266114,0.216263,1.792677
aaaaaizd_s001_t001,bandwidth,100.0,canonicalized,0,-0.436032,0.333706,1.046628
aaaaaizs_s001_t000,bandwidth,100.0,canonicalized,0,-0.096012,0.390004,0.722430
aaaaajae_s001_t001,bandwidth,100.0,canonicalized,0,2.787306,0.835249,1.360762
aaaaajah_s002_t001,bandwidth,100.0,canonicalized,1,0.885538,0.564042,0.760738
aaaaajah_s004_t000,bandwidth,100.0,canonicalized,1,-0.276857,0.359585,2.269194
aaaaajal_s001_t001,bandwidth,100.0,canonicalized,0,-3.768890,0.043735,0.439855
aaaaajam_s001_t000,bandwidth,100.0,canonicalized,1,1.279739,0.631968,0.748235
aaaaajar_s001_t001,bandwidth,100.0,canonicalized,0,-0.859372,0.269830,0.282055
aaaaajbb_s001_t000,bandwidth,100.0,canonicalized,0,0.823935,0.553135,0.072396
aaaaajbh_s002_t000,bandwidth,100.0,canonicalized,0,0.548470,0.503881,0.158587
aaaaajce_s001_t000,bandwidth,100.0,canonicalized,0,-2.074709,0.133744,1.495619
aaaaajci_s001_t000,bandwidth,100.0,canonicalized,0,-1.373137,0.203521,1.796880
aaaaajck_s001_t000,bandwidth,100.0,canonicalized,0,-3.743780,0.044495,0.375450
aaaaajct_s001_t000,bandwidth,100.0,canonicalized,0,0.526123,0.499869,1.388050
aaaaajcu_s001_t000,bandwidth,100.0,canonicalized,0,-0.528688,0.319078,1.208807
aaaaajda_s001_t000,bandwidth,100.0,canonicalized,0,-3.211645,0.063881,2.599167
aaaaajdb_s001_t000,bandwidth,100.0,canonicalized,0,-2.118081,0.130177,3.891502
aaaaajdv_s001_t000,bandwidth,100.0,canonicalized,0,2.045310,0.748466,2.960485
aaaaajdy_s001_t000,bandwidth,100.0,canonicalized,0,-2.767169,0.085840,0.467260
aaaaajdz_s001_t000,bandwidth,100.0,canonicalized,0,0.094021,0.422913,0.360505
aaaaajea_s001_t000,bandwidth,100.0,canonicalized,0,1.539837,0.674246,0.432622
aaaaajen_s001_t000,bandwidth,100.0,canonicalized,0,-0.912768,0.262342,0.954733
aaaaajey_s001_t000,bandwidth,100.0,canonicalized,0,-1.785534,0.159683,0.290791
aaaaajfb_s001_t000,bandwidth,100.0,canonicalized,0,-3.738717,0.044650,1.457626
aaaaajfe_s001_t000,bandwidth,100.0,canonicalized,0,0.121541,0.427744,0.813842
aaaaajff_s001_t000,bandwidth,100.0,canonicalized,0,-2.648860,0.092746,0.594613
aaaaajfi_s001_t001,bandwidth,100.0,canonicalized,0,-2.121993,0.129859,0.433081
aaaaajfn_s001_t001,bandwidth,100.0,canonicalized,0,-0.970324,0.254423,8.478662
aaaaajfy_s001_t000,bandwidth,100.0,canonicalized,0,-3.065719,0.070442,0.399206
aaaaajga_s001_t001,bandwidth,100.0,canonicalized,0,-0.931320,0.259773,6.148897
aaaaajhy_s001_t000,bandwidth,100.0,canonicalized,0,-2.094342,0.132119,2.491402
aaaaajit_s001_t001,bandwidth,100.0,canonicalized,0,-2.965973,0.075279,2.571377
aaaaajiu_s001_t000,bandwidth,100.0,canonicalized,0,3.999839,0.923723,1.921605
aaaaajiy_s001_t001,bandwidth,100.0,canonicalized,0,0.272538,0.454469,1.498062
aaaaajiz_s001_t000,bandwidth,100.0,canonicalized,0,-2.355953,0.112025,1.126818
aaaaajjb_s001_t001,bandwidth,100.0,canonicalized,0,-0.755301,0.284806,0.787406
aaaaajje_s001_t000,bandwidth,100.0,canonicalized,0,-3.128278,0.067556,0.685308
aaaaajjk_s001_t000,bandwidth,100.0,canonicalized,0,-0.364548,0.345216,0.785547
aaaaajna_s001_t000,bandwidth,100.0,canonicalized,0,-1.803721,0.157939,1.431205
aaaaajnu_s001_t000,bandwidth,100.0,canonicalized,0,-3.076739,0.069925,3.328666
aaaaajon_s001_t000,bandwidth,100.0,canonicalized,0,-0.051524,0.397631,1.815082
aaaaajoo_s002_t001,bandwidth,100.0,canonicalized,1,-1.468537,0.192641,1.294444
aaaaajpg_s001_t001,bandwidth,100.0,canonicalized,0,-2.669696,0.091494,0.110964
aaaaajqh_s004_t000,bandwidth,100.0,canonicalized,1,6.486090,0.986339,2.531709
aaaaajqk_s003_t001,bandwidth,100.0,canonicalized,1,2.857626,0.842081,0.716534
aaaaajrf_s001_t000,bandwidth,100.0,canonicalized,1,10.068130,0.998944,0.245615
aaaaajrf_s002_t000,bandwidth,100.0,canonicalized,1,9.878823,0.998790,2.710997
aaaaajrf_s003_t002,bandwidth,100.0,canonicalized,1,8.355884,0.996397,3.348638
aaaaajrf_s004_t000,bandwidth,100.0,canonicalized,1,4.120414,0.929605,0.218489
aaaaajso_s001_t000,bandwidth,100.0,canonicalized,1,4.119269,0.929551,1.947421
aaaaajtg_s001_t000,bandwidth,100.0,canonicalized,0,-1.300890,0.212060,1.475690
aaaaajtu_s001_t000,bandwidth,100.0,canonicalized,0,-1.546423,0.184091,3.000966
aaaaajuh_s001_t000,bandwidth,100.0,canonicalized,1,10.275811,0.999090,12.224239
aaaaajun_s001_t000,bandwidth,100.0,canonicalized,0,2.131642,0.759957,0.396353
aaaaajvh_s001_t001,bandwidth,100.0,canonicalized,0,-0.873478,0.267839,1.201090
aaaaajxp_s001_t000,bandwidth,100.0,canonicalized,0,0.380104,0.473679,0.572410
aaaaakck_s001_t001,bandwidth,100.0,canonicalized,1,0.451654,0.486503,0.535284
aaaaakcx_s001_t001,bandwidth,100.0,canonicalized,1,6.500303,0.986476,0.691043
aaaaakcy_s005_t001,bandwidth,100.0,canonicalized,1,8.454354,0.996642,2.077852
aaaaakdj_s001_t000,bandwidth,100.0,canonicalized,1,0.662882,0.524403,0.425052
aaaaakdo_s001_t000,bandwidth,100.0,canonicalized,1,0.632619,0.518980,1.449206
aaaaakeq_s001_t000,bandwidth,100.0,canonicalized,1,2.507730,0.805734,3.169869
aaaaakeq_s002_t000,bandwidth,100.0,canonicalized,1,2.861653,0.842465,8.037870
aaaaakeq_s003_t000,bandwidth,100.0,canonicalized,1,2.898619,0.845956,2.008735
aaaaakev_s001_t001,bandwidth,100.0,canonicalized,1,11.547079,0.999635,13.288540
aaaaakev_s002_t000,bandwidth,100.0,canonicalized,1,12.821768,0.999854,2.949977
aaaaakft_s001_t000,bandwidth,100.0,canonicalized,0,-2.163545,0.126524,0.485617
aaaaakgp_s001_t001,bandwidth,100.0,canonicalized,0,-0.281870,0.358757,1.046123
aaaaakgu_s001_t000,bandwidth,100.0,canonicalized,1,-0.325528,0.351577,1.405910
aaaaakjk_s002_t002,bandwidth,100.0,canonicalized,1,5.852502,0.978637,2.580891
aaaaakjk_s003_t000,bandwidth,100.0,canonicalized,1,1.586977,0.681637,1.105541
aaaaakka_s001_t001,bandwidth,100.0,canonicalized,0,0.168224,0.435969,0.207242
aaaaakmg_s003_t001,bandwidth,100.0,canonicalized,1,7.591004,0.993775,0.342234
aaaaakmh_s001_t000,bandwidth,100.0,canonicalized,1,-0.341015,0.349046,0.706911
aaaaaknt_s001_t000,bandwidth,100.0,canonicalized,1,1.649198,0.691254,4.043497
aaaaakoo_s001_t001,bandwidth,100.0,canonicalized,1,8.997140,0.997723,0.619276
aaaaakqg_s001_t001,bandwidth,100.0,canonicalized,0,-1.395613,0.200917,2.901354
aaaaakqr_s001_t000,bandwidth,100.0,canonicalized,0,-2.920067,0.077606,1.922796
aaaaakrt_s001_t001,bandwidth,100.0,canonicalized,1,4.829707,0.956478,0.972618
aaaaakrt_s002_t001,bandwidth,100.0,canonicalized,1,4.919187,0.959076,2.017334
aaaaaksb_s001_t000,bandwidth,100.0,canonicalized,0,-2.871964,0.080115,1.605311
aaaaaksu_s001_t001,bandwidth,100.0,canonicalized,0,1.557182,0.676976,0.674840
aaaaakxz_s001_t001,bandwidth,100.0,canonicalized,1,3.925940,0.919899,0.041789
aaaaakxz_s002_t001,bandwidth,100.0,canonicalized,1,3.884627,0.917686,0.849650
aaaaalaf_s001_t000,bandwidth,100.0,canonicalized,0,-2.764357,0.085998,0.615382
aaaaalau_s001_t000,bandwidth,100.0,canonicalized,1,3.429499,0.889385,2.559799
aaaaalbh_s001_t000,bandwidth,100.0,canonicalized,1,2.653409,0.821587,4.466506
aaaaalbt_s001_t001,bandwidth,100.0,canonicalized,0,-0.905387,0.263369,0.891416
aaaaalbt_s002_t000,bandwidth,100.0,canonicalized,0,-1.239785,0.219485,3.057778
aaaaalbz_s006_t000,bandwidth,100.0,canonicalized,1,7.222879,0.991907,6.560640
aaaaalid_s001_t001,bandwidth,100.0,canonicalized,0,1.621152,0.686939,1.442796
aaaaaljf_s001_t000,bandwidth,100.0,canonicalized,1,1.880057,0.725473,1.661833
aaaaaljj_s001_t000,bandwidth,100.0,canonicalized,0,-1.448757,0.194860,3.468045
aaaaallc_s001_t001,bandwidth,100.0,canonicalized,0,-0.743846,0.286484,0.257961
aaaaalle_s002_t000,bandwidth,100.0,canonicalized,1,1.360355,0.645327,0.504408
aaaaalox_s001_t001,bandwidth,100.0,canonicalized,0,1.414329,0.654148,2.655818
aaaaalpv_s001_t000,bandwidth,100.0,canonicalized,0,-0.636550,0.302490,3.862502
aaaaalqa_s001_t000,bandwidth,100.0,canonicalized,0,-0.371026,0.344165,1.731351
aaaaalqr_s001_t001,bandwidth,100.0,canonicalized,1,3.342292,0.883072,0.330404
aaaaalqs_s001_t001,bandwidth,100.0,canonicalized,0,-2.480084,0.103460,0.523658
aaaaalqx_s001_t000,bandwidth,100.0,canonicalized,0,-2.309728,0.115370,1.763209
aaaaalrc_s002_t000,bandwidth,100.0,canonicalized,1,9.870012,0.998782,1.008303
aaaaalsq_s001_t000,bandwidth,100.0,canonicalized,0,-0.325537,0.351575,1.137195
aaaaalsx_s001_t000,bandwidth,100.0,canonicalized,1,-0.870105,0.268314,0.936585
aaaaalsx_s004_t001,bandwidth,100.0,canonicalized,1,1.528654,0.672480,0.615439
aaaaaluz_s001_t001,bandwidth,100.0,canonicalized,0,-3.050156,0.071177,0.501863
aaaaalvw_s001_t000,bandwidth,100.0,canonicalized,0,-2.811411,0.083379,0.072070
aaaaalvz_s001_t000,bandwidth,100.0,canonicalized,1,10.284772,0.999096,0.777928
aaaaalxk_s001_t000,bandwidth,100.0,canonicalized,0,0.548528,0.503892,0.485578
aaaaalyr_s001_t000,bandwidth,100.0,canonicalized,1,0.693712,0.529921,1.427550
aaaaalzk_s002_t001,bandwidth,100.0,canonicalized,1,7.745646,0.994426,9.255526
aaaaamcb_s001_t001,bandwidth,100.0,canonicalized,1,5.634452,0.975106,3.100954
aaaaamfe_s001_t001,bandwidth,100.0,canonicalized,0,0.715106,0.533746,1.348899
aaaaamft_s001_t001,bandwidth,100.0,canonicalized,1,3.027827,0.857664,0.630864
aaaaamfu_s001_t000,bandwidth,100.0,canonicalized,0,-1.105983,0.236389,0.320363
aaaaamhi_s001_t000,bandwidth,100.0,canonicalized,1,7.628834,0.993941,6.115646
aaaaamhk_s001_t000,bandwidth,100.0,canonicalized,1,1.632847,0.688742,0.498008
aaaaamjc_s001_t001,bandwidth,100.0,canonicalized,1,9.884983,0.998795,3.356452
aaaaammh_s001_t001,bandwidth,100.0,canonicalized,1,0.433155,0.483185,0.240331
aaaaamnq_s001_t000,bandwidth,100.0,canonicalized,1,5.969079,0.980319,1.176970
aaaaamnq_s002_t000,bandwidth,100.0,canonicalized,1,3.722727,0.908466,0.604262
aaaaamon_s001_t000,bandwidth,100.0,canonicalized,0,-1.242477,0.219154,0.200388
aaaaampz_s001_t000,bandwidth,100.0,canonicalized,1,2.016785,0.744590,0.918580
aaaaamrj_s001_t000,bandwidth,100.0,canonicalized,0,-0.876946,0.267351,0.511456
aaaaamsc_s001_t000,bandwidth,100.0,canonicalized,1,4.642303,0.950519,9.795289
aaaaamtb_s001_t000,bandwidth,100.0,canonicalized,0,3.323374,0.881661,2.882061
aaaaamuc_s001_t000,bandwidth,100.0,canonicalized,0,-0.984252,0.252530,1.246486
aaaaamxn_s001_t000,bandwidth,100.0,canonicalized,1,-1.886237,0.150217,0.261516
aaaaamyb_s001_t001,bandwidth,100.0,canonicalized,0,0.345730,0.467529,0.700644
aaaaamye_s001_t000,bandwidth,100.0,canonicalized,1,11.084768,0.999491,10.113873
aaaaamzi_s001_t001,bandwidth,100.0,canonicalized,1,5.629484,0.975019,1.820919
aaaaamzl_s001_t000,bandwidth,100.0,canonicalized,0,-3.802287,0.042743,1.007251
aaaaamzx_s001_t000,bandwidth,100.0,canonicalized,0,-2.149035,0.127680,4.744827
aaaaanbq_s001_t000,bandwidth,100.0,canonicalized,0,-0.634468,0.302805,1.479830
aaaaanek_s001_t000,bandwidth,100.0,canonicalized,0,-3.718625,0.045270,0.423678
aaaaangp_s001_t000,bandwidth,100.0,canonicalized,0,-0.835816,0.273176,0.735289
aaaaanhb_s001_t003,bandwidth,100.0,canonicalized,1,6.942845,0.990122,0.939704
aaaaanhb_s003_t001,bandwidth,100.0,canonicalized,1,3.759498,0.910638,0.921555
aaaaanhb_s005_t000,bandwidth,100.0,canonicalized,1,5.245886,0.967355,1.704686
aaaaankf_s001_t000,bandwidth,100.0,canonicalized,1,6.954556,0.990204,0.923289
aaaaanlp_s001_t000,bandwidth,100.0,canonicalized,0,-1.498337,0.189334,0.665542
aaaaanmc_s001_t000,bandwidth,100.0,canonicalized,1,4.802709,0.955664,3.553056
aaaaanop_s001_t000,bandwidth,100.0,canonicalized,0,1.209067,0.620087,1.037079
aaaaanoz_s001_t000,bandwidth,100.0,canonicalized,1,-1.874447,0.151301,0.453112
aaaaanpr_s001_t002,bandwidth,100.0,canonicalized,1,1.981068,0.739681,0.925052
aaaaanqe_s001_t000,bandwidth,100.0,canonicalized,0,-2.143650,0.128112,0.557254
aaaaanro_s001_t000,bandwidth,100.0,canonicalized,1,4.065876,0.926998,1.145459
aaaaansj_s001_t000,bandwidth,100.0,canonicalized,1,6.193460,0.983199,1.635048
aaaaanta_s001_t000,bandwidth,100.0,canonicalized,1,4.256698,0.935746,4.792114
aaaaanum_s001_t000,bandwidth,100.0,canonicalized,0,-1.168691,0.228357,0.699091
aaaaanvb_s002_t000,bandwidth,100.0,canonicalized,0,-0.699948,0.292971,0.472106
aaaaanvg_s001_t002,bandwidth,100.0,canonicalized,0,2.326131,0.784504,0.433530
aaaaanvw_s001_t000,bandwidth,100.0,canonicalized,0,-1.014248,0.248486,1.246364
aaaaanwc_s001_t001,bandwidth,100.0,canonicalized,1,3.225152,0.874102,1.142998
aaaaanxl_s001_t000,bandwidth,100.0,canonicalized,1,5.813720,0.978047,0.718558
aaaaanyb_s001_t001,bandwidth,100.0,canonicalized,0,-0.173540,0.376843,0.168079
aaaaanyt_s002_t000,bandwidth,100.0,canonicalized,1,5.626303,0.974963,1.955638
aaaaanyw_s001_t000,bandwidth,100.0,canonicalized,1,2.056929,0.750033,0.331392
aaaaanyw_s002_t000,bandwidth,100.0,canonicalized,1,4.707226,0.952666,2.085701
aaaaanzh_s001_t000,bandwidth,100.0,canonicalized,1,-0.446083,0.332103,1.363822
aaaaanzu_s001_t003,bandwidth,100.0,canonicalized,1,3.006751,0.855806,3.298241
aaaaaoav_s001_t000,bandwidth,100.0,canonicalized,0,-1.851465,0.153432,1.163418
aaaaaoav_s002_t000,bandwidth,100.0,canonicalized,0,-0.431771,0.334386,2.769276
aaaaaobi_s001_t000,bandwidth,100.0,canonicalized,1,-3.477281,0.053379,1.392667
aaaaaobl_s001_t000,bandwidth,100.0,canonicalized,0,-0.382094,0.342373,2.378322
aaaaaoby_s001_t000,bandwidth,100.0,canonicalized,0,-0.732785,0.288111,2.693522
aaaaaoda_s001_t000,bandwidth,100.0,canonicalized,1,5.640793,0.975216,3.574531
aaaaaoeg_s001_t000,bandwidth,100.0,canonicalized,0,-0.080736,0.392617,0.491039
aaaaaofj_s001_t000,bandwidth,100.0,canonicalized,0,-2.492080,0.102663,1.631654
aaaaaofr_s001_t000,bandwidth,100.0,canonicalized,0,1.518140,0.670815,0.494890
aaaaaofz_s001_t000,bandwidth,100.0,canonicalized,0,0.198344,0.441295,0.405435
aaaaaohb_s001_t000,bandwidth,100.0,canonicalized,1,4.973596,0.960582,0.553684
aaaaaohr_s002_t001,bandwidth,100.0,canonicalized,1,10.361652,0.999144,6.457746
aaaaaoiq_s001_t000,bandwidth,100.0,canonicalized,1,1.174191,0.614169,1.700212
aaaaaoiv_s001_t000,bandwidth,100.0,canonicalized,1,-0.131110,0.384025,0.095014
aaaaaoiv_s002_t001,bandwidth,100.0,canonicalized,1,9.056160,0.997818,11.739070
aaaaaoiv_s003_t003,bandwidth,100.0,canonicalized,1,9.304000,0.998173,0.547445
aaaaaojd_s001_t002,bandwidth,100.0,canonicalized,0,-1.524782,0.186437,0.421226
aaaaaokg_s001_t000,bandwidth,100.0,canonicalized,0,2.381331,0.791130,4.619729
aaaaaoly_s001_t000,bandwidth,100.0,canonicalized,0,-1.765257,0.161647,4.278997
aaaaaome_s001_t000,bandwidth,100.0,canonicalized,0,-1.280195,0.214554,0.356771
aaaaaomx_s001_t000,bandwidth,100.0,canonicalized,0,-1.201841,0.224189,0.466713
aaaaaomy_s001_t000,bandwidth,100.0,canonicalized,1,5.020836,0.961847,2.104659
aaaaaonb_s001_t000,bandwidth,100.0,canonicalized,0,-1.258276,0.217219,3.150131
aaaaaons_s002_t002,bandwidth,100.0,canonicalized,1,3.282816,0.878589,0.196273
aaaaaopd_s001_t000,bandwidth,100.0,canonicalized,0,-0.905139,0.263404,0.655000
aaaaaopo_s001_t000,bandwidth,100.0,canonicalized,0,-2.138953,0.128489,0.814921
aaaaaora_s002_t000,bandwidth,100.0,canonicalized,1,1.598399,0.683414,0.775856
aaaaaord_s001_t000,bandwidth,100.0,canonicalized,1,0.771066,0.543732,0.981043
aaaaaosh_s001_t000,bandwidth,100.0,canonicalized,1,-0.409964,0.337881,0.316119
aaaaaosw_s001_t000,bandwidth,100.0,canonicalized,0,1.550856,0.675982,1.715245
aaaaaote_s001_t000,bandwidth,100.0,canonicalized,0,0.692814,0.529761,0.391645
aaaaaout_s001_t000,bandwidth,100.0,canonicalized,1,2.411770,0.794719,3.439943
aaaaaovl_s001_t000,bandwidth,100.0,canonicalized,1,7.744467,0.994421,0.421948
aaaaaovo_s001_t000,bandwidth,100.0,canonicalized,1,6.565559,0.987087,2.420312
aaaaaowb_s001_t000,bandwidth,100.0,canonicalized,0,0.258948,0.452051,0.748478
aaaaaoxf_s001_t000,bandwidth,100.0,canonicalized,0,-3.247230,0.062370,0.604569
aaaaaozf_s001_t001,bandwidth,100.0,canonicalized,0,-0.540472,0.317242,1.894359
aaaaapag_s001_t000,bandwidth,100.0,canonicalized,0,-2.757361,0.086394,2.291162
aaaaapar_s001_t000,bandwidth,100.0,canonicalized,1,12.321047,0.999790,2.151744
aaaaapcb_s001_t000,bandwidth,100.0,canonicalized,0,1.816847,0.716340,0.079003
aaaaapcy_s001_t002,bandwidth,100.0,canonicalized,0,-2.111674,0.130699,1.450820
aaaaapdg_s001_t000,bandwidth,100.0,canonicalized,0,-1.748312,0.163303,1.142250
aaaaaphs_s001_t000,bandwidth,100.0,canonicalized,1,1.929573,0.732498,0.896200
aaaaaphw_s001_t000,bandwidth,100.0,canonicalized,0,1.172788,0.613931,0.372880
aaaaapij_s001_t000,bandwidth,100.0,canonicalized,0,0.771344,0.543782,0.280470
aaaaapjc_s001_t001,bandwidth,100.0,canonicalized,0,-3.553511,0.050680,1.081632
aaaaapka_s001_t000,bandwidth,100.0,canonicalized,0,-1.103926,0.236655,0.525210
aaaaapkx_s001_t001,bandwidth,100.0,canonicalized,1,-0.426450,0.335237,10.417850
aaaaaply_s001_t001,bandwidth,100.0,canonicalized,1,0.029788,0.411697,1.202261
aaaaapmb_s002_t001,bandwidth,100.0,canonicalized,1,2.444123,0.798484,0.053195
aaaaapmp_s001_t000,bandwidth,100.0,canonicalized,1,-1.544154,0.184336,1.868679
aaaaapnr_s001_t000,bandwidth,100.0,canonicalized,1,-2.215137,0.122486,4.373106
aaaaapoc_s001_t000,bandwidth,100.0,canonicalized,1,4.157579,0.931331,0.849511
aaaaapof_s001_t000,bandwidth,100.0,canonicalized,0,-3.452153,0.054299,0.984681
aaaaapoo_s001_t000,bandwidth,100.0,canonicalized,0,-2.400490,0.108883,1.937846
aaaaapoq_s001_t000,bandwidth,100.0,canonicalized,0,0.798393,0.548597,0.197682
aaaaappb_s001_t000,bandwidth,100.0,canonicalized,0,0.359880,0.470059,1.209620
aaaaapqd_s001_t000,bandwidth,100.0,canonicalized,1,2.147806,0.762068,1.398835
aaaaapqv_s001_t000,bandwidth,100.0,canonicalized,0,-0.885886,0.266095,3.460659
aaaaapta_s001_t000,bandwidth,100.0,canonicalized,1,4.268154,0.936239,0.517489
aaaaapth_s001_t000,bandwidth,100.0,canonicalized,1,1.752871,0.706913,1.389391
aaaaapua_s001_t001,bandwidth,100.0,canonicalized,0,-3.060984,0.070665,0.399722
aaaaapuu_s001_t000,bandwidth,100.0,canonicalized,0,-2.397650,0.109081,0.593769
aaaaapvw_s001_t001,bandwidth,100.0,canonicalized,1,3.205363,0.872530,1.394970
aaaaapvy_s001_t000,bandwidth,100.0,canonicalized,1,3.575993,0.899318,4.501215
aaaaapwn_s001_t001,bandwidth,100.0,canonicalized,0,-1.581897,0.180295,1.414124
aaaaapwo_s001_t001,bandwidth,100.0,canonicalized,1,9.707727,0.998632,10.288036
aaaaapxm_s001_t001,bandwidth,100.0,canonicalized,0,-1.825345,0.155884,0.417258
aaaaapys_s001_t001,bandwidth,100.0,canonicalized,1,9.577272,0.998498,0.894860
aaaaapys_s002_t001,bandwidth,100.0,canonicalized,1,9.146251,0.997954,1.137766
aaaaaayx_s002_t000,bandwidth,15.0,canonicalized,0,1.259495,0.628580,0.291759
aaaaabdo_s003_t000,bandwidth,15.0,canonicalized,1,7.867013,0.994889,0.564204
aaaaabsk_s007_t000,bandwidth,15.0,canonicalized,1,2.630613,0.819175,1.338458
aaaaabuv_s002_t000,bandwidth,15.0,canonicalized,1,5.525870,0.973141,0.998259
aaaaacad_s003_t000,bandwidth,15.0,canonicalized,0,3.618128,0.902025,2.466441
aaaaacby_s004_t000,bandwidth,15.0,canonicalized,0,2.793848,0.835894,0.599360
aaaaaddm_s006_t000,bandwidth,15.0,canonicalized,1,2.763722,0.832905,1.430969
aaaaadeu_s002_t000,bandwidth,15.0,canonicalized,1,5.422318,0.971127,0.629643
aaaaadjk_s002_t000,bandwidth,15.0,canonicalized,0,3.475215,0.892573,1.501156
aaaaadkb_s002_t000,bandwidth,15.0,canonicalized,1,5.667055,0.975668,0.833724
aaaaadsm_s002_t001,bandwidth,15.0,canonicalized,0,-0.616977,0.305464,1.081268
aaaaaeab_s003_t000,bandwidth,15.0,canonicalized,0,3.235554,0.874922,0.738431
aaaaaejc_s003_t001,bandwidth,15.0,canonicalized,0,2.352334,0.787669,0.852649
aaaaaezn_s003_t001,bandwidth,15.0,canonicalized,1,2.044643,0.748376,2.907855
aaaaafhl_s003_t000,bandwidth,15.0,canonicalized,1,3.561646,0.898381,1.976051
aaaaagfk_s003_t000,bandwidth,15.0,canonicalized,0,0.746729,0.539393,4.364532
aaaaagsc_s003_t001,bandwidth,15.0,canonicalized,1,3.937637,0.920516,1.966803
aaaaagsc_s006_t001,bandwidth,15.0,canonicalized,1,2.944097,0.850164,0.839885
aaaaaguk_s002_t001,bandwidth,15.0,canonicalized,0,-1.455134,0.194142,0.536867
aaaaagvx_s002_t000,bandwidth,15.0,canonicalized,1,5.101766,0.963923,1.159348
aaaaagvx_s003_t001,bandwidth,15.0,canonicalized,1,4.540147,0.946952,0.807090
aaaaagyr_s002_t000,bandwidth,15.0,canonicalized,1,1.690730,0.697583,0.534278
aaaaahie_s005_t001,bandwidth,15.0,canonicalized,1,3.931499,0.920193,0.290629
aaaaahsv_s002_t000,bandwidth,15.0,canonicalized,0,3.143646,0.867518,0.686805
aaaaahte_s002_t000,bandwidth,15.0,canonicalized,1,6.712582,0.988366,2.621389
aaaaahte_s003_t000,bandwidth,15.0,canonicalized,1,5.769590,0.977356,1.102604
aaaaahuy_s002_t000,bandwidth,15.0,canonicalized,1,2.109927,0.757101,0.595105
aaaaahzi_s001_t000,bandwidth,15.0,canonicalized,0,2.516170,0.806681,1.164736
aaaaahzm_s001_t001,bandwidth,15.0,canonicalized,0,0.893685,0.565480,0.165629
aaaaahzq_s001_t000,bandwidth,15.0,canonicalized,0,0.889064,0.564665,1.348238
aaaaahzs_s001_t001,bandwidth,15.0,canonicalized,0,3.650793,0.904079,1.264835
aaaaaiae_s001_t000,bandwidth,15.0,canonicalized,0,0.775125,0.544455,1.151072
aaaaaibx_s001_t000,bandwidth,15.0,canonicalized,0,2.492673,0.804036,0.589074
aaaaaiby_s001_t000,bandwidth,15.0,canonicalized,0,-0.705086,0.292207,1.656720
aaaaaici_s001_t000,bandwidth,15.0,canonicalized,0,-1.342929,0.207060,2.820740
aaaaaicn_s001_t000,bandwidth,15.0,canonicalized,0,4.318593,0.938368,1.196479
aaaaaijh_s002_t000,bandwidth,15.0,canonicalized,1,-1.669053,0.171230,1.063963
aaaaaijn_s001_t001,bandwidth,15.0,canonicalized,0,3.540795,0.897006,1.804249
aaaaairb_s001_t001,bandwidth,15.0,canonicalized,0,3.131915,0.866547,0.375374
aaaaairo_s001_t000,bandwidth,15.0,canonicalized,0,0.222761,0.445622,2.124490
aaaaaitt_s001_t000,bandwidth,15.0,canonicalized,0,0.154471,0.433542,2.797116
aaaaaiue_s004_t000,bandwidth,15.0,canonicalized,1,2.063965,0.750980,0.294179
aaaaaiuo_s002_t000,bandwidth,15.0,canonicalized,0,4.639431,0.950422,2.600061
aaaaaiwz_s001_t001,bandwidth,15.0,canonicalized,0,2.967427,0.852286,1.451063
aaaaaiyy_s001_t001,bandwidth,15.0,canonicalized,0,-0.690545,0.294372,0.483490
aaaaaizd_s001_t001,bandwidth,15.0,canonicalized,0,1.310274,0.637053,2.892835
aaaaaizs_s001_t000,bandwidth,15.0,canonicalized,0,3.546126,0.897359,0.787430
aaaaajae_s001_t001,bandwidth,15.0,canonicalized,0,4.520543,0.946241,1.456669
aaaaajah_s002_t001,bandwidth,15.0,canonicalized,1,2.297275,0.780981,0.814032
aaaaajah_s004_t000,bandwidth,15.0,canonicalized,1,2.535145,0.808797,2.741658
aaaaajal_s001_t001,bandwidth,15.0,canonicalized,0,-1.488610,0.190409,0.592621
aaaaajam_s001_t000,bandwidth,15.0,canonicalized,1,4.194545,0.933010,0.349397
aaaaajar_s001_t001,bandwidth,15.0,canonicalized,0,4.987282,0.960953,0.918129
aaaaajbb_s001_t000,bandwidth,15.0,canonicalized,0,4.665209,0.951287,0.455444
aaaaajbh_s002_t000,bandwidth,15.0,canonicalized,0,1.325348,0.639553,0.338579
aaaaajce_s001_t000,bandwidth,15.0,canonicalized,0,1.479283,0.664624,0.495097
aaaaajci_s001_t000,bandwidth,15.0,canonicalized,0,0.050743,0.415347,2.637183
aaaaajck_s001_t000,bandwidth,15.0,canonicalized,0,-0.879698,0.266964,0.777514
aaaaajct_s001_t000,bandwidth,15.0,canonicalized,0,2.466707,0.801081,2.386209
aaaaajcu_s001_t000,bandwidth,15.0,canonicalized,0,4.745591,0.953893,2.247931
aaaaajda_s001_t000,bandwidth,15.0,canonicalized,0,-1.802746,0.158032,0.817944
aaaaajdb_s001_t000,bandwidth,15.0,canonicalized,0,0.288922,0.457388,5.438507
aaaaajdv_s001_t000,bandwidth,15.0,canonicalized,0,3.760029,0.910669,1.764273
aaaaajdy_s001_t000,bandwidth,15.0,canonicalized,0,0.294005,0.458294,0.832249
aaaaajdz_s001_t000,bandwidth,15.0,canonicalized,0,0.336113,0.465810,1.121608
aaaaajea_s001_t000,bandwidth,15.0,canonicalized,0,3.210458,0.872936,1.158481
aaaaajen_s001_t000,bandwidth,15.0,canonicalized,0,1.302026,0.635683,1.698379
aaaaajey_s001_t000,bandwidth,15.0,canonicalized,0,2.703087,0.826757,1.493619
aaaaajfb_s001_t000,bandwidth,15.0,canonicalized,0,-1.585155,0.179950,4.967521
aaaaajfe_s001_t000,bandwidth,15.0,canonicalized,0,3.975393,0.922477,2.192271
aaaaajff_s001_t000,bandwidth,15.0,canonicalized,0,4.803298,0.955682,0.386349
aaaaajfi_s001_t001,bandwidth,15.0,canonicalized,0,0.538805,0.502146,0.606292
aaaaajfn_s001_t001,bandwidth,15.0,canonicalized,0,0.750986,0.540153,2.969600
aaaaajfy_s001_t000,bandwidth,15.0,canonicalized,0,0.472991,0.490332,0.483448
aaaaajga_s001_t001,bandwidth,15.0,canonicalized,0,1.056581,0.593973,1.310577
aaaaajhy_s001_t000,bandwidth,15.0,canonicalized,0,1.260657,0.628775,2.176687
aaaaajit_s001_t001,bandwidth,15.0,canonicalized,0,-0.754266,0.284957,2.382766
aaaaajiu_s001_t000,bandwidth,15.0,canonicalized,0,2.100476,0.755850,1.073514
aaaaajiy_s001_t001,bandwidth,15.0,canonicalized,0,1.712404,0.700856,1.239601
aaaaajiz_s001_t000,bandwidth,15.0,canonicalized,0,-0.926033,0.260503,0.960794
aaaaajjb_s001_t001,bandwidth,15.0,canonicalized,0,3.574566,0.899225,1.314140
aaaaajje_s001_t000,bandwidth,15.0,canonicalized,0,0.455547,0.487201,2.350808
aaaaajjk_s001_t000,bandwidth,15.0,canonicalized,0,0.859222,0.559390,0.440326
aaaaajna_s001_t000,bandwidth,15.0,canonicalized,0,-0.678236,0.296211,3.348947
aaaaajnu_s001_t000,bandwidth,15.0,canonicalized,0,-1.079863,0.239791,1.647793
aaaaajon_s001_t000,bandwidth,15.0,canonicalized,0,-0.224452,0.368297,2.700213
aaaaajoo_s002_t001,bandwidth,15.0,canonicalized,1,3.330172,0.882170,1.068552
aaaaajpg_s001_t001,bandwidth,15.0,canonicalized,0,3.277968,0.878217,0.396961
aaaaajqh_s004_t000,bandwidth,15.0,canonicalized,1,5.835299,0.978377,1.609836
aaaaajqk_s003_t001,bandwidth,15.0,canonicalized,1,6.674829,0.988050,0.678322
aaaaajrf_s001_t000,bandwidth,15.0,canonicalized,1,6.834904,0.989334,0.500619
aaaaajrf_s002_t000,bandwidth,15.0,canonicalized,1,7.331956,0.992512,1.323762
aaaaajrf_s003_t002,bandwidth,15.0,canonicalized,1,7.748199,0.994436,1.608876
aaaaajrf_s004_t000,bandwidth,15.0,canonicalized,1,4.437065,0.943108,0.179382
aaaaajso_s001_t000,bandwidth,15.0,canonicalized,1,5.967174,0.980292,1.217654
aaaaajtg_s001_t000,bandwidth,15.0,canonicalized,0,0.822711,0.552917,3.844907
aaaaajtu_s001_t000,bandwidth,15.0,canonicalized,0,1.570375,0.679044,1.230217
aaaaajuh_s001_t000,bandwidth,15.0,canonicalized,1,4.315818,0.938252,2.082636
aaaaajun_s001_t000,bandwidth,15.0,canonicalized,0,8.007809,0.995378,1.700316
aaaaajvh_s001_t001,bandwidth,15.0,canonicalized,0,0.384110,0.474396,1.486927
aaaaajxp_s001_t000,bandwidth,15.0,canonicalized,0,4.224246,0.934331,1.476193
aaaaakck_s001_t001,bandwidth,15.0,canonicalized,1,1.584472,0.681247,0.555440
aaaaakcx_s001_t001,bandwidth,15.0,canonicalized,1,6.551685,0.986960,0.289094
aaaaakcy_s005_t001,bandwidth,15.0,canonicalized,1,6.748764,0.988661,1.556648
aaaaakdj_s001_t000,bandwidth,15.0,canonicalized,1,2.526645,0.807851,1.895607
aaaaakdo_s001_t000,bandwidth,15.0,canonicalized,1,7.855294,0.994846,1.786092
aaaaakeq_s001_t000,bandwidth,15.0,canonicalized,1,1.090808,0.599887,0.323545
aaaaakeq_s002_t000,bandwidth,15.0,canonicalized,1,0.963546,0.577764,1.983970
aaaaakeq_s003_t000,bandwidth,15.0,canonicalized,1,2.303402,0.781732,1.495756
aaaaakev_s001_t001,bandwidth,15.0,canonicalized,1,7.249378,0.992058,4.013531
aaaaakev_s002_t000,bandwidth,15.0,canonicalized,1,6.337890,0.984829,0.447971
aaaaakft_s001_t000,bandwidth,15.0,canonicalized,0,-0.002936,0.406017,3.078923
aaaaakgp_s001_t001,bandwidth,15.0,canonicalized,0,1.683627,0.696506,2.810991
aaaaakgu_s001_t000,bandwidth,15.0,canonicalized,1,5.226330,0.966908,2.126968
aaaaakjk_s002_t002,bandwidth,15.0,canonicalized,1,7.446476,0.993099,0.531309
aaaaakjk_s003_t000,bandwidth,15.0,canonicalized,1,1.587894,0.681780,0.550359
aaaaakka_s001_t001,bandwidth,15.0,canonicalized,0,3.551457,0.897712,0.990917
aaaaakmg_s003_t001,bandwidth,15.0,canonicalized,1,4.544883,0.947123,0.286037
aaaaakmh_s001_t000,bandwidth,15.0,canonicalized,1,2.470987,0.801570,2.686739
aaaaaknt_s001_t000,bandwidth,15.0,canonicalized,1,4.981659,0.960801,0.308251
aaaaakoo_s001_t001,bandwidth,15.0,canonicalized,1,8.891090,0.997544,0.663098
aaaaakqg_s001_t001,bandwidth,15.0,canonicalized,0,-1.028331,0.246602,1.558485
aaaaakqr_s001_t000,bandwidth,15.0,canonicalized,0,1.452853,0.660380,0.931627
aaaaakrt_s001_t001,bandwidth,15.0,canonicalized,1,6.646648,0.987809,0.307145
aaaaakrt_s002_t001,bandwidth,15.0,canonicalized,1,6.952763,0.990191,0.174279
aaaaaksb_s001_t000,bandwidth,15.0,canonicalized,0,1.938616,0.733768,1.787221
aaaaaksu_s001_t001,bandwidth,15.0,canonicalized,0,2.508960,0.805872,0.503286
aaaaakxz_s001_t001,bandwidth,15.0,canonicalized,1,4.853201,0.957175,0.225158
aaaaakxz_s002_t001,bandwidth,15.0,canonicalized,1,3.598713,0.900786,2.094721
aaaaalaf_s001_t000,bandwidth,15.0,canonicalized,0,-0.982450,0.252775,0.740015
aaaaalau_s001_t000,bandwidth,15.0,canonicalized,1,4.543131,0.947060,1.204886
aaaaalbh_s001_t000,bandwidth,15.0,canonicalized,1,1.068620,0.596056,1.101593
aaaaalbt_s001_t001,bandwidth,15.0,canonicalized,0,2.729557,0.829463,0.425894
aaaaalbt_s002_t000,bandwidth,15.0,canonicalized,0,1.528046,0.672384,0.974525
aaaaalbz_s006_t000,bandwidth,15.0,canonicalized,1,10.230031,0.999059,3.771446
aaaaalid_s001_t001,bandwidth,15.0,canonicalized,0,5.159056,0.965327,0.881425
aaaaaljf_s001_t000,bandwidth,15.0,canonicalized,1,6.335074,0.984798,0.436265
aaaaaljj_s001_t000,bandwidth,15.0,canonicalized,0,-0.653428,0.299939,1.576806
aaaaallc_s001_t001,bandwidth,15.0,canonicalized,0,2.450101,0.799174,0.739872
aaaaalle_s002_t000,bandwidth,15.0,canonicalized,1,7.680423,0.994160,2.416911
aaaaalox_s001_t001,bandwidth,15.0,canonicalized,0,3.619770,0.902129,0.730767
aaaaalpv_s001_t000,bandwidth,15.0,canonicalized,0,1.540165,0.674298,1.346310
aaaaalqa_s001_t000,bandwidth,15.0,canonicalized,0,0.212436,0.443791,1.024691
aaaaalqr_s001_t001,bandwidth,15.0,canonicalized,1,3.900394,0.918537,0.904620
aaaaalqs_s001_t001,bandwidth,15.0,canonicalized,0,1.364529,0.646013,0.587756
aaaaalqx_s001_t000,bandwidth,15.0,canonicalized,0,-1.411007,0.199148,1.334376
aaaaalrc_s002_t000,bandwidth,15.0,canonicalized,1,7.759812,0.994482,0.387171
aaaaalsq_s001_t000,bandwidth,15.0,canonicalized,0,2.939944,0.849784,0.572272
aaaaalsx_s001_t000,bandwidth,15.0,canonicalized,1,1.387825,0.649829,0.824004
aaaaalsx_s004_t001,bandwidth,15.0,canonicalized,1,2.862399,0.842536,0.510295
aaaaaluz_s001_t001,bandwidth,15.0,canonicalized,0,-0.226266,0.367994,0.155677
aaaaalvw_s001_t000,bandwidth,15.0,canonicalized,0,-0.494610,0.324419,2.259905
aaaaalvz_s001_t000,bandwidth,15.0,canonicalized,1,6.625222,0.987622,1.247066
aaaaalxk_s001_t000,bandwidth,15.0,canonicalized,0,2.921029,0.848042,0.914703
aaaaalyr_s001_t000,bandwidth,15.0,canonicalized,1,1.966551,0.737669,0.318932
aaaaalzk_s002_t001,bandwidth,15.0,canonicalized,1,6.915704,0.989929,1.734357
aaaaamcb_s001_t001,bandwidth,15.0,canonicalized,1,5.713043,0.976440,2.962212
aaaaamfe_s001_t001,bandwidth,15.0,canonicalized,0,4.057928,0.926611,1.258641
aaaaamft_s001_t001,bandwidth,15.0,canonicalized,1,4.401516,0.941723,1.614447
aaaaamfu_s001_t000,bandwidth,15.0,canonicalized,0,4.071643,0.927278,0.295705
aaaaamhi_s001_t000,bandwidth,15.0,canonicalized,1,5.585565,0.974239,4.530951
aaaaamhk_s001_t000,bandwidth,15.0,canonicalized,1,6.311555,0.984544,1.241998
aaaaamjc_s001_t001,bandwidth,15.0,canonicalized,1,3.214038,0.873221,1.981819
aaaaammh_s001_t001,bandwidth,15.0,canonicalized,1,4.137541,0.930405,0.125229
aaaaamnq_s001_t000,bandwidth,15.0,canonicalized,1,4.477845,0.944659,0.592142
aaaaamnq_s002_t000,bandwidth,15.0,canonicalized,1,3.392417,0.886737,0.370283
aaaaamon_s001_t000,bandwidth,15.0,canonicalized,0,1.066622,0.595711,1.191061
aaaaampz_s001_t000,bandwidth,15.0,canonicalized,1,0.522334,0.499189,0.468602
aaaaamrj_s001_t000,bandwidth,15.0,canonicalized,0,2.616781,0.817699,0.329120
aaaaamsc_s001_t000,bandwidth,15.0,canonicalized,1,6.767312,0.988810,1.893589
aaaaamtb_s001_t000,bandwidth,15.0,canonicalized,0,3.478286,0.892785,0.754663
aaaaamuc_s001_t000,bandwidth,15.0,canonicalized,0,2.127222,0.759377,0.418906
aaaaamxn_s001_t000,bandwidth,15.0,canonicalized,1,2.979037,0.853333,1.457922
aaaaamyb_s001_t001,bandwidth,15.0,canonicalized,0,1.316546,0.638094,0.814929
aaaaamye_s001_t000,bandwidth,15.0,canonicalized,1,5.879666,0.979041,4.393195
aaaaamzi_s001_t001,bandwidth,15.0,canonicalized,1,6.410286,0.985586,0.605791
aaaaamzl_s001_t000,bandwidth,15.0,canonicalized,0,1.054703,0.593648,0.188363
aaaaamzx_s001_t000,bandwidth,15.0,canonicalized,0,2.372280,0.790054,5.336560
aaaaanbq_s001_t000,bandwidth,15.0,canonicalized,0,4.134350,0.930257,2.100379
aaaaanek_s001_t000,bandwidth,15.0,canonicalized,0,-1.824798,0.155936,0.704338
aaaaangp_s001_t000,bandwidth,15.0,canonicalized,0,1.139465,0.608244,1.183574
aaaaanhb_s001_t003,bandwidth,15.0,canonicalized,1,4.877205,0.957876,0.238422
aaaaanhb_s003_t001,bandwidth,15.0,canonicalized,1,3.452775,0.891018,0.227907
aaaaanhb_s005_t000,bandwidth,15.0,canonicalized,1,5.262401,0.967727,0.523589
aaaaankf_s001_t000,bandwidth,15.0,canonicalized,1,3.962582,0.921817,0.436861
aaaaanlp_s001_t000,bandwidth,15.0,canonicalized,0,0.445237,0.485352,1.816419
aaaaanmc_s001_t000,bandwidth,15.0,canonicalized,1,6.901209,0.989825,4.100833
aaaaanop_s001_t000,bandwidth,15.0,canonicalized,0,2.987120,0.854058,0.493021
aaaaanoz_s001_t000,bandwidth,15.0,canonicalized,1,2.493669,0.804148,0.909152
aaaaanpr_s001_t002,bandwidth,15.0,canonicalized,1,5.496170,0.972578,1.732821
aaaaanqe_s001_t000,bandwidth,15.0,canonicalized,0,1.819632,0.716747,2.024580
aaaaanro_s001_t000,bandwidth,15.0,canonicalized,1,4.709434,0.952738,2.251126
aaaaansj_s001_t000,bandwidth,15.0,canonicalized,1,9.322842,0.998197,1.334746
aaaaanta_s001_t000,bandwidth,15.0,canonicalized,1,5.778228,0.977493,0.914145
aaaaanum_s001_t000,bandwidth,15.0,canonicalized,0,3.748360,0.909985,2.843960
aaaaanvb_s002_t000,bandwidth,15.0,canonicalized,0,1.304204,0.636045,1.999270
aaaaanvg_s001_t002,bandwidth,15.0,canonicalized,0,5.398602,0.970646,1.364795
aaaaanvw_s001_t000,bandwidth,15.0,canonicalized,0,-0.526035,0.319492,2.072369
aaaaanwc_s001_t001,bandwidth,15.0,canonicalized,1,5.362792,0.969904,2.937156
aaaaanxl_s001_t000,bandwidth,15.0,canonicalized,1,4.130795,0.930091,0.644557
aaaaanyb_s001_t001,bandwidth,15.0,canonicalized,0,2.860903,0.842394,1.385323
aaaaanyt_s002_t000,bandwidth,15.0,canonicalized,1,3.445337,0.890499,2.969990
aaaaanyw_s001_t000,bandwidth,15.0,canonicalized,1,3.100499,0.863916,0.223710
aaaaanyw_s002_t000,bandwidth,15.0,canonicalized,1,1.689543,0.697403,0.633239
aaaaanzh_s001_t000,bandwidth,15.0,canonicalized,1,1.287443,0.633254,1.731544
aaaaanzu_s001_t003,bandwidth,15.0,canonicalized,1,1.883744,0.726000,0.962668
aaaaaoav_s001_t000,bandwidth,15.0,canonicalized,0,3.822430,0.914248,0.553304
aaaaaoav_s002_t000,bandwidth,15.0,canonicalized,0,4.217346,0.934026,2.047424
aaaaaobi_s001_t000,bandwidth,15.0,canonicalized,1,0.841639,0.556275,1.052095
aaaaaobl_s001_t000,bandwidth,15.0,canonicalized,0,0.568132,0.507411,1.259334
aaaaaoby_s001_t000,bandwidth,15.0,canonicalized,0,0.247546,0.450023,4.221987
aaaaaoda_s001_t000,bandwidth,15.0,canonicalized,1,6.818398,0.989208,2.592865
aaaaaoeg_s001_t000,bandwidth,15.0,canonicalized,0,2.787846,0.835302,0.449129
aaaaaofj_s001_t000,bandwidth,15.0,canonicalized,0,-1.074747,0.240462,0.697086
aaaaaofr_s001_t000,bandwidth,15.0,canonicalized,0,5.384891,0.970364,1.712295
aaaaaofz_s001_t000,bandwidth,15.0,canonicalized,0,3.077058,0.861925,1.273106
aaaaaohb_s001_t000,bandwidth,15.0,canonicalized,1,3.531648,0.896398,0.124636
aaaaaohr_s002_t001,bandwidth,15.0,canonicalized,1,7.204232,0.991799,0.321318
aaaaaoiq_s001_t000,bandwidth,15.0,canonicalized,1,5.146790,0.965031,0.575827
aaaaaoiv_s001_t000,bandwidth,15.0,canonicalized,1,6.338902,0.984840,0.238532
aaaaaoiv_s002_t001,bandwidth,15.0,canonicalized,1,6.565978,0.987091,1.589321
aaaaaoiv_s003_t003,bandwidth,15.0,canonicalized,1,5.861070,0.978765,0.333347
aaaaaojd_s001_t002,bandwidth,15.0,canonicalized,0,1.818615,0.716599,1.022386
aaaaaokg_s001_t000,bandwidth,15.0,canonicalized,0,2.500364,0.804904,2.072682
aaaaaoly_s001_t000,bandwidth,15.0,canonicalized,0,-0.047129,0.398387,3.325064
aaaaaome_s001_t000,bandwidth,15.0,canonicalized,0,0.743193,0.538762,0.793780
aaaaaomx_s001_t000,bandwidth,15.0,canonicalized,0,1.472323,0.663509,0.157653
aaaaaomy_s001_t000,bandwidth,15.0,canonicalized,1,4.624896,0.949928,1.048446
aaaaaonb_s001_t000,bandwidth,15.0,canonicalized,0,1.819611,0.716744,2.637228
aaaaaons_s002_t002,bandwidth,15.0,canonicalized,1,4.744511,0.953859,0.403920
aaaaaopd_s001_t000,bandwidth,15.0,canonicalized,0,1.211237,0.620454,0.576026
aaaaaopo_s001_t000,bandwidth,15.0,canonicalized,0,1.122437,0.605326,0.379817
aaaaaora_s002_t000,bandwidth,15.0,canonicalized,1,5.415971,0.970999,0.480513
aaaaaord_s001_t000,bandwidth,15.0,canonicalized,1,7.351663,0.992616,1.261134
aaaaaosh_s001_t000,bandwidth,15.0,canonicalized,1,4.531487,0.946639,0.774171
aaaaaosw_s001_t000,bandwidth,15.0,canonicalized,0,2.003086,0.742714,1.082501
aaaaaote_s001_t000,bandwidth,15.0,canonicalized,0,1.559228,0.677297,1.219715
aaaaaout_s001_t000,bandwidth,15.0,canonicalized,1,3.139071,0.867140,1.301594
aaaaaovl_s001_t000,bandwidth,15.0,canonicalized,1,3.154718,0.868429,0.160416
aaaaaovo_s001_t000,bandwidth,15.0,canonicalized,1,6.508197,0.986552,0.750638
aaaaaowb_s001_t000,bandwidth,15.0,canonicalized,0,3.380664,0.885887,0.645185
aaaaaoxf_s001_t000,bandwidth,15.0,canonicalized,0,2.222123,0.771609,1.234879
aaaaaozf_s001_t001,bandwidth,15.0,canonicalized,0,-0.569098,0.312807,2.920449
aaaaapag_s001_t000,bandwidth,15.0,canonicalized,0,-1.020739,0.247616,3.870710
aaaaapar_s001_t000,bandwidth,15.0,canonicalized,1,11.578154,0.999643,0.752202
aaaaapcb_s001_t000,bandwidth,15.0,canonicalized,0,5.348229,0.969598,1.228567
aaaaapcy_s001_t002,bandwidth,15.0,canonicalized,0,-0.060034,0.396168,1.477724
aaaaapdg_s001_t000,bandwidth,15.0,canonicalized,0,-1.297318,0.212489,0.701603
aaaaaphs_s001_t000,bandwidth,15.0,canonicalized,1,2.635354,0.819679,1.608886
aaaaaphw_s001_t000,bandwidth,15.0,canonicalized,0,3.136643,0.866939,0.217349
aaaaapij_s001_t000,bandwidth,15.0,canonicalized,0,2.403193,0.793713,0.513062
aaaaapjc_s001_t001,bandwidth,15.0,canonicalized,0,-0.863951,0.269183,0.666350
aaaaapka_s001_t000,bandwidth,15.0,canonicalized,0,2.397832,0.793082,0.218777
aaaaapkx_s001_t001,bandwidth,15.0,canonicalized,1,-0.686099,0.295035,2.848146
aaaaaply_s001_t001,bandwidth,15.0,canonicalized,1,3.624275,0.902414,2.105128
aaaaapmb_s002_t001,bandwidth,15.0,canonicalized,1,3.048625,0.859477,0.062542
aaaaapmp_s001_t000,bandwidth,15.0,canonicalized,1,0.087186,0.421716,2.335990
aaaaapnr_s001_t000,bandwidth,15.0,canonicalized,1,1.346452,0.643039,3.059156
aaaaapoc_s001_t000,bandwidth,15.0,canonicalized,1,6.188048,0.983134,1.216900
aaaaapof_s001_t000,bandwidth,15.0,canonicalized,0,-1.553079,0.183374,1.042765
aaaaapoo_s001_t000,bandwidth,15.0,canonicalized,0,0.703351,0.531645,2.071944
aaaaapoq_s001_t000,bandwidth,15.0,canonicalized,0,2.111183,0.757267,0.927569
aaaaappb_s001_t000,bandwidth,15.0,canonicalized,0,1.589908,0.682094,4.336243
aaaaapqd_s001_t000,bandwidth,15.0,canonicalized,1,2.785796,0.835100,3.604529
aaaaapqv_s001_t000,bandwidth,15.0,canonicalized,0,-0.901951,0.263849,1.678864
aaaaapta_s001_t000,bandwidth,15.0,canonicalized,1,6.037418,0.981244,0.530636
aaaaapth_s001_t000,bandwidth,15.0,canonicalized,1,3.709015,0.907644,1.174114
aaaaapua_s001_t001,bandwidth,15.0,canonicalized,0,-1.392288,0.201301,0.697662
aaaaapuu_s001_t000,bandwidth,15.0,canonicalized,0,-1.490723,0.190175,1.498748
aaaaapvw_s001_t001,bandwidth,15.0,canonicalized,1,4.804196,0.955709,0.194614
aaaaapvy_s001_t000,bandwidth,15.0,canonicalized,1,2.584966,0.814268,2.158152
aaaaapwn_s001_t001,bandwidth,15.0,canonicalized,0,1.663260,0.693405,2.611769
aaaaapwo_s001_t001,bandwidth,15.0,canonicalized,1,7.311896,0.992404,1.125132
aaaaapxm_s001_t001,bandwidth,15.0,canonicalized,0,1.779876,0.710915,0.175934
aaaaapys_s001_t001,bandwidth,15.0,canonicalized,1,9.526133,0.998442,0.201492
aaaaapys_s002_t001,bandwidth,15.0,canonicalized,1,6.758107,0.988736,0.153577
aaaaaayx_s002_t000,bandwidth,20.0,canonicalized,0,9.429211,0.998330,8.560903
aaaaabdo_s003_t000,bandwidth,20.0,canonicalized,1,10.088362,0.998959,5.072912
aaaaabsk_s007_t000,bandwidth,20.0,canonicalized,1,7.015319,0.990618,3.574589
aaaaabuv_s002_t000,bandwidth,20.0,canonicalized,1,13.311775,0.999897,1.816582
aaaaacad_s003_t000,bandwidth,20.0,canonicalized,0,11.561366,0.999638,1.136303
aaaaacby_s004_t000,bandwidth,20.0,canonicalized,0,13.187208,0.999887,1.361073
aaaaaddm_s006_t000,bandwidth,20.0,canonicalized,1,11.069853,0.999485,2.814139
aaaaadeu_s002_t000,bandwidth,20.0,canonicalized,1,16.965336,0.999993,1.681772
aaaaadjk_s002_t000,bandwidth,20.0,canonicalized,0,9.626919,0.998550,0.553013
aaaaadkb_s002_t000,bandwidth,20.0,canonicalized,1,12.472376,0.999812,2.361269
aaaaadsm_s002_t001,bandwidth,20.0,canonicalized,0,10.302803,0.999107,2.578144
aaaaaeab_s003_t000,bandwidth,20.0,canonicalized,0,11.706865,0.999674,1.197222
aaaaaejc_s003_t001,bandwidth,20.0,canonicalized,0,7.862637,0.994873,1.725695
aaaaaezn_s003_t001,bandwidth,20.0,canonicalized,1,12.733027,0.999844,7.241296
aaaaafhl_s003_t000,bandwidth,20.0,canonicalized,1,17.287113,0.999994,5.528280
aaaaagfk_s003_t000,bandwidth,20.0,canonicalized,0,7.817603,0.994705,9.245739
aaaaagsc_s003_t001,bandwidth,20.0,canonicalized,1,12.256409,0.999780,2.990844
aaaaagsc_s006_t001,bandwidth,20.0,canonicalized,1,13.407851,0.999904,2.423764
aaaaaguk_s002_t001,bandwidth,20.0,canonicalized,0,4.547955,0.947233,0.356406
aaaaagvx_s002_t000,bandwidth,20.0,canonicalized,1,12.311840,0.999789,1.141527
aaaaagvx_s003_t001,bandwidth,20.0,canonicalized,1,14.414795,0.999953,0.459211
aaaaagyr_s002_t000,bandwidth,20.0,canonicalized,1,10.865687,0.999404,3.674864
aaaaahie_s005_t001,bandwidth,20.0,canonicalized,1,11.406746,0.999596,4.472225
aaaaahsv_s002_t000,bandwidth,20.0,canonicalized,0,9.196127,0.998026,2.551676
aaaaahte_s002_t000,bandwidth,20.0,canonicalized,1,9.175416,0.997996,0.448661
aaaaahte_s003_t000,bandwidth,20.0,canonicalized,1,14.053979,0.999940,1.019019
aaaaahuy_s002_t000,bandwidth,20.0,canonicalized,1,8.904083,0.997566,0.234561
aaaaahzi_s001_t000,bandwidth,20.0,canonicalized,0,9.870183,0.998782,2.106461
aaaaahzm_s001_t001,bandwidth,20.0,canonicalized,0,13.926899,0.999934,0.528410
aaaaahzq_s001_t000,bandwidth,20.0,canonicalized,0,6.837056,0.989350,0.886801
aaaaahzs_s001_t001,bandwidth,20.0,canonicalized,0,17.106991,0.999993,2.969965
aaaaaiae_s001_t000,bandwidth,20.0,canonicalized,0,11.770462,0.999689,4.317498
aaaaaibx_s001_t000,bandwidth,20.0,canonicalized,0,13.182665,0.999887,0.627426
aaaaaiby_s001_t000,bandwidth,20.0,canonicalized,0,9.797019,0.998717,1.806153
aaaaaici_s001_t000,bandwidth,20.0,canonicalized,0,7.918640,0.995074,29.146788
aaaaaicn_s001_t000,bandwidth,20.0,canonicalized,0,18.325603,0.999997,2.322172
aaaaaijh_s002_t000,bandwidth,20.0,canonicalized,1,5.675295,0.975808,2.353758
aaaaaijn_s001_t001,bandwidth,20.0,canonicalized,0,12.226086,0.999776,1.484831
aaaaairb_s001_t001,bandwidth,20.0,canonicalized,0,12.927684,0.999864,3.323771
aaaaairo_s001_t000,bandwidth,20.0,canonicalized,0,9.181269,0.998005,9.156056
aaaaaitt_s001_t000,bandwidth,20.0,canonicalized,0,9.254843,0.998107,13.057603
aaaaaiue_s004_t000,bandwidth,20.0,canonicalized,1,11.937590,0.999724,1.608401
aaaaaiuo_s002_t000,bandwidth,20.0,canonicalized,0,11.319418,0.999570,3.160343
aaaaaiwz_s001_t001,bandwidth,20.0,canonicalized,0,8.916267,0.997587,1.298686
aaaaaiyy_s001_t001,bandwidth,20.0,canonicalized,0,8.302673,0.996257,3.723739
aaaaaizd_s001_t001,bandwidth,20.0,canonicalized,0,10.290453,0.999099,5.077100
aaaaaizs_s001_t000,bandwidth,20.0,canonicalized,0,11.615612,0.999652,1.998525
aaaaajae_s001_t001,bandwidth,20.0,canonicalized,0,14.349306,0.999951,1.213283
aaaaajah_s002_t001,bandwidth,20.0,canonicalized,1,9.381617,0.998272,1.808818
aaaaajah_s004_t000,bandwidth,20.0,canonicalized,1,9.594198,0.998516,8.207494
aaaaajal_s001_t001,bandwidth,20.0,canonicalized,0,3.117285,0.865327,0.506101
aaaaajam_s001_t000,bandwidth,20.0,canonicalized,1,10.752221,0.999353,0.842566
aaaaajar_s001_t001,bandwidth,20.0,canonicalized,0,12.636292,0.999833,0.811451
aaaaajbb_s001_t000,bandwidth,20.0,canonicalized,0,12.389353,0.999800,0.359524
aaaaajbh_s002_t000,bandwidth,20.0,canonicalized,0,9.715318,0.998639,0.599862
aaaaajce_s001_t000,bandwidth,20.0,canonicalized,0,11.607915,0.999650,0.886940
aaaaajci_s001_t000,bandwidth,20.0,canonicalized,0,5.676153,0.975822,5.774707
aaaaajck_s001_t000,bandwidth,20.0,canonicalized,0,6.698982,0.988253,1.632608
aaaaajct_s001_t000,bandwidth,20.0,canonicalized,0,12.477922,0.999813,8.640874
aaaaajcu_s001_t000,bandwidth,20.0,canonicalized,0,14.545519,0.999958,2.760961
aaaaajda_s001_t000,bandwidth,20.0,canonicalized,0,8.806598,0.997390,3.371284
aaaaajdb_s001_t000,bandwidth,20.0,canonicalized,0,8.744555,0.997272,9.855621
aaaaajdv_s001_t000,bandwidth,20.0,canonicalized,0,8.555460,0.996876,3.942144
aaaaajdy_s001_t000,bandwidth,20.0,canonicalized,0,8.308079,0.996271,4.123455
aaaaajdz_s001_t000,bandwidth,20.0,canonicalized,0,6.113787,0.982227,1.332775
aaaaajea_s001_t000,bandwidth,20.0,canonicalized,0,14.719267,0.999963,2.975863
aaaaajen_s001_t000,bandwidth,20.0,canonicalized,0,11.027920,0.999469,14.418979
aaaaajey_s001_t000,bandwidth,20.0,canonicalized,0,8.565624,0.996899,2.752530
aaaaajfb_s001_t000,bandwidth,20.0,canonicalized,0,5.172035,0.965638,11.641627
aaaaajfe_s001_t000,bandwidth,20.0,canonicalized,0,10.762595,0.999358,4.225785
aaaaajff_s001_t000,bandwidth,20.0,canonicalized,0,9.427170,0.998327,0.146888
aaaaajfi_s001_t001,bandwidth,20.0,canonicalized,0,10.523012,0.999238,2.041767
aaaaajfn_s001_t001,bandwidth,20.0,canonicalized,0,12.779186,0.999849,19.584333
aaaaajfy_s001_t000,bandwidth,20.0,canonicalized,0,9.685248,0.998610,1.292831
aaaaajga_s001_t001,bandwidth,20.0,canonicalized,0,10.890846,0.999415,7.444154
aaaaajhy_s001_t000,bandwidth,20.0,canonicalized,0,8.051144,0.995519,3.507205
aaaaajit_s001_t001,bandwidth,20.0,canonicalized,0,4.605011,0.949244,8.399159
aaaaajiu_s001_t000,bandwidth,20.0,canonicalized,0,10.889093,0.999414,2.747297
aaaaajiy_s001_t001,bandwidth,20.0,canonicalized,0,9.399586,0.998294,6.728393
aaaaajiz_s001_t000,bandwidth,20.0,canonicalized,0,6.045393,0.981349,1.001059
aaaaajjb_s001_t001,bandwidth,20.0,canonicalized,0,13.984941,0.999937,1.409503
aaaaajje_s001_t000,bandwidth,20.0,canonicalized,0,10.146595,0.999001,11.988667
aaaaajjk_s001_t000,bandwidth,20.0,canonicalized,0,7.852291,0.994835,9.470649
aaaaajna_s001_t000,bandwidth,20.0,canonicalized,0,8.214548,0.996013,8.755325
aaaaajnu_s001_t000,bandwidth,20.0,canonicalized,0,11.170755,0.999521,6.478182
aaaaajon_s001_t000,bandwidth,20.0,canonicalized,0,7.376410,0.992746,8.733315
aaaaajoo_s002_t001,bandwidth,20.0,canonicalized,1,15.045933,0.999970,1.060260
aaaaajpg_s001_t001,bandwidth,20.0,canonicalized,0,10.902023,0.999419,1.118959
aaaaajqh_s004_t000,bandwidth,20.0,canonicalized,1,13.519976,0.999911,1.357079
aaaaajqk_s003_t001,bandwidth,20.0,canonicalized,1,18.787300,0.999998,2.122537
aaaaajrf_s001_t000,bandwidth,20.0,canonicalized,1,10.147589,0.999002,0.592398
aaaaajrf_s002_t000,bandwidth,20.0,canonicalized,1,10.579019,0.999268,1.082713
aaaaajrf_s003_t002,bandwidth,20.0,canonicalized,1,9.322258,0.998196,2.190786
aaaaajrf_s004_t000,bandwidth,20.0,canonicalized,1,16.328129,0.999988,0.943045
aaaaajso_s001_t000,bandwidth,20.0,canonicalized,1,13.811588,0.999928,1.821471
aaaaajtg_s001_t000,bandwidth,20.0,canonicalized,0,10.314732,0.999115,8.506817
aaaaajtu_s001_t000,bandwidth,20.0,canonicalized,0,12.033507,0.999742,3.033976
aaaaajuh_s001_t000,bandwidth,20.0,canonicalized,1,9.147455,0.997956,1.776446
aaaaajun_s001_t000,bandwidth,20.0,canonicalized,0,15.162180,0.999973,6.139755
aaaaajvh_s001_t001,bandwidth,20.0,canonicalized,0,7.989908,0.995318,3.551360
aaaaajxp_s001_t000,bandwidth,20.0,canonicalized,0,10.212189,0.999047,1.895586
aaaaakck_s001_t001,bandwidth,20.0,canonicalized,1,10.704722,0.999331,2.266407
aaaaakcx_s001_t001,bandwidth,20.0,canonicalized,1,13.280130,0.999895,2.865147
aaaaakcy_s005_t001,bandwidth,20.0,canonicalized,1,11.895041,0.999715,1.490445
aaaaakdj_s001_t000,bandwidth,20.0,canonicalized,1,13.529118,0.999912,4.403466
aaaaakdo_s001_t000,bandwidth,20.0,canonicalized,1,13.590412,0.999916,3.376818
aaaaakeq_s001_t000,bandwidth,20.0,canonicalized,1,7.696249,0.994226,0.999445
aaaaakeq_s002_t000,bandwidth,20.0,canonicalized,1,12.405387,0.999803,6.753654
aaaaakeq_s003_t000,bandwidth,20.0,canonicalized,1,8.845755,0.997462,4.604432
aaaaakev_s001_t001,bandwidth,20.0,canonicalized,1,7.669310,0.994114,1.249259
aaaaakev_s002_t000,bandwidth,20.0,canonicalized,1,5.764361,0.977273,0.113913
aaaaakft_s001_t000,bandwidth,20.0,canonicalized,0,11.194658,0.999529,6.873434
aaaaakgp_s001_t001,bandwidth,20.0,canonicalized,0,11.647304,0.999660,5.891220
aaaaakgu_s001_t000,bandwidth,20.0,canonicalized,1,12.683050,0.999838,0.561219
aaaaakjk_s002_t002,bandwidth,20.0,canonicalized,1,10.281332,0.999093,0.750046
aaaaakjk_s003_t000,bandwidth,20.0,canonicalized,1,12.995686,0.999871,6.654481
aaaaakka_s001_t001,bandwidth,20.0,canonicalized,0,7.603906,0.993832,2.768270
aaaaakmg_s003_t001,bandwidth,20.0,canonicalized,1,7.599317,0.993812,0.205282
aaaaakmh_s001_t000,bandwidth,20.0,canonicalized,1,11.821199,0.999700,4.870319
aaaaaknt_s001_t000,bandwidth,20.0,canonicalized,1,13.295092,0.999896,1.831245
aaaaakoo_s001_t001,bandwidth,20.0,canonicalized,1,11.620090,0.999653,1.014853
aaaaakqg_s001_t001,bandwidth,20.0,canonicalized,0,12.900184,0.999862,19.271055
aaaaakqr_s001_t000,bandwidth,20.0,canonicalized,0,9.486937,0.998397,1.586977
aaaaakrt_s001_t001,bandwidth,20.0,canonicalized,1,14.958960,0.999968,0.542274
aaaaakrt_s002_t001,bandwidth,20.0,canonicalized,1,14.117075,0.999942,1.346096
aaaaaksb_s001_t000,bandwidth,20.0,canonicalized,0,13.609509,0.999917,3.960046
aaaaaksu_s001_t001,bandwidth,20.0,canonicalized,0,13.765402,0.999926,1.988078
aaaaakxz_s001_t001,bandwidth,20.0,canonicalized,1,20.062481,0.999999,0.113434
aaaaakxz_s002_t001,bandwidth,20.0,canonicalized,1,10.701045,0.999329,1.908589
aaaaalaf_s001_t000,bandwidth,20.0,canonicalized,0,4.428113,0.942762,2.458265
aaaaalau_s001_t000,bandwidth,20.0,canonicalized,1,12.973246,0.999869,18.561611
aaaaalbh_s001_t000,bandwidth,20.0,canonicalized,1,10.955611,0.999441,1.424635
aaaaalbt_s001_t001,bandwidth,20.0,canonicalized,0,12.823769,0.999854,2.500617
aaaaalbt_s002_t000,bandwidth,20.0,canonicalized,0,12.231994,0.999776,10.982228
aaaaalbz_s006_t000,bandwidth,20.0,canonicalized,1,13.115261,0.999881,2.903475
aaaaalid_s001_t001,bandwidth,20.0,canonicalized,0,7.685719,0.994182,0.646381
aaaaaljf_s001_t000,bandwidth,20.0,canonicalized,1,12.853909,0.999857,1.279137
aaaaaljj_s001_t000,bandwidth,20.0,canonicalized,0,7.305235,0.992368,4.672626
aaaaallc_s001_t001,bandwidth,20.0,canonicalized,0,9.878885,0.998790,1.558548
aaaaalle_s002_t000,bandwidth,20.0,canonicalized,1,12.844920,0.999856,3.266716
aaaaalox_s001_t001,bandwidth,20.0,canonicalized,0,15.450583,0.999978,1.089247
aaaaalpv_s001_t000,bandwidth,20.0,canonicalized,0,11.829264,0.999702,7.875614
aaaaalqa_s001_t000,bandwidth,20.0,canonicalized,0,9.065582,0.997832,2.724387
aaaaalqr_s001_t001,bandwidth,20.0,canonicalized,1,14.945536,0.999968,1.688151
aaaaalqs_s001_t001,bandwidth,20.0,canonicalized,0,8.282167,0.996201,0.959116
aaaaalqx_s001_t000,bandwidth,20.0,canonicalized,0,7.292136,0.992296,11.124689
aaaaalrc_s002_t000,bandwidth,20.0,canonicalized,1,11.560343,0.999638,0.666317
aaaaalsq_s001_t000,bandwidth,20.0,canonicalized,0,10.942372,0.999436,1.090655
aaaaalsx_s001_t000,bandwidth,20.0,canonicalized,1,13.499540,0.999910,1.771514
aaaaalsx_s004_t001,bandwidth,20.0,canonicalized,1,11.975038,0.999731,6.026706
aaaaaluz_s001_t001,bandwidth,20.0,canonicalized,0,7.574897,0.993703,1.696900
aaaaalvw_s001_t000,bandwidth,20.0,canonicalized,0,6.432805,0.985814,2.650367
aaaaalvz_s001_t000,bandwidth,20.0,canonicalized,1,7.270321,0.992176,0.108601
aaaaalxk_s001_t000,bandwidth,20.0,canonicalized,0,11.339685,0.999576,1.202088
aaaaalyr_s001_t000,bandwidth,20.0,canonicalized,1,18.546024,0.999998,2.546768
aaaaalzk_s002_t001,bandwidth,20.0,canonicalized,1,12.712622,0.999842,11.075182
aaaaamcb_s001_t001,bandwidth,20.0,canonicalized,1,13.409545,0.999904,2.891229
aaaaamfe_s001_t001,bandwidth,20.0,canonicalized,0,12.392233,0.999801,1.635895
aaaaamft_s001_t001,bandwidth,20.0,canonicalized,1,18.450840,0.999997,2.594442
aaaaamfu_s001_t000,bandwidth,20.0,canonicalized,0,10.566116,0.999261,2.210621
aaaaamhi_s001_t000,bandwidth,20.0,canonicalized,1,7.583177,0.993740,6.312586
aaaaamhk_s001_t000,bandwidth,20.0,canonicalized,1,15.728893,0.999982,1.341732
aaaaamjc_s001_t001,bandwidth,20.0,canonicalized,1,14.804455,0.999965,4.762806
aaaaammh_s001_t001,bandwidth,20.0,canonicalized,1,16.493568,0.999990,1.089372
aaaaamnq_s001_t000,bandwidth,20.0,canonicalized,1,9.637581,0.998561,1.000819
aaaaamnq_s002_t000,bandwidth,20.0,canonicalized,1,9.486040,0.998396,1.232576
aaaaamon_s001_t000,bandwidth,20.0,canonicalized,0,12.658369,0.999835,5.685604
aaaaampz_s001_t000,bandwidth,20.0,canonicalized,1,13.015326,0.999873,3.355385
aaaaamrj_s001_t000,bandwidth,20.0,canonicalized,0,14.367994,0.999952,1.578895
aaaaamsc_s001_t000,bandwidth,20.0,canonicalized,1,15.086366,0.999971,2.751886
aaaaamtb_s001_t000,bandwidth,20.0,canonicalized,0,13.034734,0.999874,0.406392
aaaaamuc_s001_t000,bandwidth,20.0,canonicalized,0,10.312223,0.999113,1.392484
aaaaamxn_s001_t000,bandwidth,20.0,canonicalized,1,13.851146,0.999930,1.541904
aaaaamyb_s001_t001,bandwidth,20.0,canonicalized,0,15.997534,0.999985,2.590899
aaaaamye_s001_t000,bandwidth,20.0,canonicalized,1,9.097057,0.997881,10.772705
aaaaamzi_s001_t001,bandwidth,20.0,canonicalized,1,12.905069,0.999862,5.901417
aaaaamzl_s001_t000,bandwidth,20.0,canonicalized,0,9.863861,0.998777,6.570110
aaaaamzx_s001_t000,bandwidth,20.0,canonicalized,0,12.706259,0.999841,4.429332
aaaaanbq_s001_t000,bandwidth,20.0,canonicalized,0,12.195662,0.999771,2.857217
aaaaanek_s001_t000,bandwidth,20.0,canonicalized,0,6.219298,0.983502,3.786376
aaaaangp_s001_t000,bandwidth,20.0,canonicalized,0,10.919588,0.999427,1.472184
aaaaanhb_s001_t003,bandwidth,20.0,canonicalized,1,7.061517,0.990921,0.847628
aaaaanhb_s003_t001,bandwidth,20.0,canonicalized,1,16.594154,0.999990,0.365108
aaaaanhb_s005_t000,bandwidth,20.0,canonicalized,1,16.620857,0.999990,7.054810
aaaaankf_s001_t000,bandwidth,20.0,canonicalized,1,6.932597,0.990050,1.015610
aaaaanlp_s001_t000,bandwidth,20.0,canonicalized,0,8.076773,0.995600,5.266561
aaaaanmc_s001_t000,bandwidth,20.0,canonicalized,1,15.216084,0.999974,9.788838
aaaaanop_s001_t000,bandwidth,20.0,canonicalized,0,13.560709,0.999914,3.595976
aaaaanoz_s001_t000,bandwidth,20.0,canonicalized,1,10.060873,0.998938,2.308516
aaaaanpr_s001_t002,bandwidth,20.0,canonicalized,1,13.123501,0.999882,2.346378
aaaaanqe_s001_t000,bandwidth,20.0,canonicalized,0,8.385641,0.996472,2.679431
aaaaanro_s001_t000,bandwidth,20.0,canonicalized,1,12.547733,0.999822,13.306952
aaaaansj_s001_t000,bandwidth,20.0,canonicalized,1,12.187668,0.999769,1.384323
aaaaanta_s001_t000,bandwidth,20.0,canonicalized,1,14.911913,0.999967,6.560887
aaaaanum_s001_t000,bandwidth,20.0,canonicalized,0,11.982279,0.999733,1.818907
aaaaanvb_s002_t000,bandwidth,20.0,canonicalized,0,9.268311,0.998125,1.584638
aaaaanvg_s001_t002,bandwidth,20.0,canonicalized,0,14.846019,0.999966,1.438992
aaaaanvw_s001_t000,bandwidth,20.0,canonicalized,0,6.579233,0.987212,9.272881
aaaaanwc_s001_t001,bandwidth,20.0,canonicalized,1,12.440463,0.999808,33.238937
aaaaanxl_s001_t000,bandwidth,20.0,canonicalized,1,15.008768,0.999970,9.903568
aaaaanyb_s001_t001,bandwidth,20.0,canonicalized,0,11.505514,0.999623,1.480870
aaaaanyt_s002_t000,bandwidth,20.0,canonicalized,1,16.921339,0.999992,12.107645
aaaaanyw_s001_t000,bandwidth,20.0,canonicalized,1,12.763580,0.999847,1.023877
aaaaanyw_s002_t000,bandwidth,20.0,canonicalized,1,9.720814,0.998645,3.780150
aaaaanzh_s001_t000,bandwidth,20.0,canonicalized,1,10.629422,0.999294,6.192187
aaaaanzu_s001_t003,bandwidth,20.0,canonicalized,1,10.319719,0.999118,2.410641
aaaaaoav_s001_t000,bandwidth,20.0,canonicalized,0,9.299352,0.998167,1.540318
aaaaaoav_s002_t000,bandwidth,20.0,canonicalized,0,14.596120,0.999959,2.718190
aaaaaobi_s001_t000,bandwidth,20.0,canonicalized,1,10.511896,0.999232,3.329466
aaaaaobl_s001_t000,bandwidth,20.0,canonicalized,0,15.043785,0.999970,1.971515
aaaaaoby_s001_t000,bandwidth,20.0,canonicalized,0,7.551603,0.993598,2.969516
aaaaaoda_s001_t000,bandwidth,20.0,canonicalized,1,16.160883,0.999987,10.534526
aaaaaoeg_s001_t000,bandwidth,20.0,canonicalized,0,9.639256,0.998563,0.961091
aaaaaofj_s001_t000,bandwidth,20.0,canonicalized,0,10.411479,0.999174,4.514009
aaaaaofr_s001_t000,bandwidth,20.0,canonicalized,0,13.194990,0.999888,1.257427
aaaaaofz_s001_t000,bandwidth,20.0,canonicalized,0,10.427285,0.999184,1.487322
aaaaaohb_s001_t000,bandwidth,20.0,canonicalized,1,10.586278,0.999272,0.096281
aaaaaohr_s002_t001,bandwidth,20.0,canonicalized,1,17.127811,0.999993,1.175807
aaaaaoiq_s001_t000,bandwidth,20.0,canonicalized,1,10.572624,0.999264,0.779679
aaaaaoiv_s001_t000,bandwidth,20.0,canonicalized,1,15.667714,0.999981,0.422883
aaaaaoiv_s002_t001,bandwidth,20.0,canonicalized,1,13.435561,0.999906,6.873430
aaaaaoiv_s003_t003,bandwidth,20.0,canonicalized,1,17.184662,0.999994,0.999600
aaaaaojd_s001_t002,bandwidth,20.0,canonicalized,0,15.426044,0.999977,0.955108
aaaaaokg_s001_t000,bandwidth,20.0,canonicalized,0,16.728664,0.999991,6.221769
aaaaaoly_s001_t000,bandwidth,20.0,canonicalized,0,11.675242,0.999667,10.037220
aaaaaome_s001_t000,bandwidth,20.0,canonicalized,0,9.752005,0.998675,0.695025
aaaaaomx_s001_t000,bandwidth,20.0,canonicalized,0,11.972909,0.999731,1.035127
aaaaaomy_s001_t000,bandwidth,20.0,canonicalized,1,9.683487,0.998608,2.487745
aaaaaonb_s001_t000,bandwidth,20.0,canonicalized,0,10.091333,0.998961,9.125313
aaaaaons_s002_t002,bandwidth,20.0,canonicalized,1,9.508151,0.998422,0.709149
aaaaaopd_s001_t000,bandwidth,20.0,canonicalized,0,9.479929,0.998389,14.006961
aaaaaopo_s001_t000,bandwidth,20.0,canonicalized,0,6.499683,0.986470,1.140500
aaaaaora_s002_t000,bandwidth,20.0,canonicalized,1,13.006602,0.999872,0.746299
aaaaaord_s001_t000,bandwidth,20.0,canonicalized,1,13.934036,0.999934,0.766644
aaaaaosh_s001_t000,bandwidth,20.0,canonicalized,1,12.211759,0.999773,0.264336
aaaaaosw_s001_t000,bandwidth,20.0,canonicalized,0,14.950334,0.999968,6.059235
aaaaaote_s001_t000,bandwidth,20.0,canonicalized,0,11.917274,0.999720,2.258403
aaaaaout_s001_t000,bandwidth,20.0,canonicalized,1,8.870234,0.997507,2.040609
aaaaaovl_s001_t000,bandwidth,20.0,canonicalized,1,18.354235,0.999997,1.716489
aaaaaovo_s001_t000,bandwidth,20.0,canonicalized,1,13.928177,0.999934,0.864148
aaaaaowb_s001_t000,bandwidth,20.0,canonicalized,0,12.233884,0.999777,2.467196
aaaaaoxf_s001_t000,bandwidth,20.0,canonicalized,0,11.803073,0.999696,1.142474
aaaaaozf_s001_t001,bandwidth,20.0,canonicalized,0,10.205170,0.999043,12.116888
aaaaapag_s001_t000,bandwidth,20.0,canonicalized,0,5.991357,0.980625,7.189236
aaaaapar_s001_t000,bandwidth,20.0,canonicalized,1,11.690945,0.999670,0.564883
aaaaapcb_s001_t000,bandwidth,20.0,canonicalized,0,11.641815,0.999659,1.082463
aaaaapcy_s001_t002,bandwidth,20.0,canonicalized,0,5.776906,0.977472,1.988904
aaaaapdg_s001_t000,bandwidth,20.0,canonicalized,0,5.627767,0.974989,1.064561
aaaaaphs_s001_t000,bandwidth,20.0,canonicalized,1,12.867630,0.999858,2.890083
aaaaaphw_s001_t000,bandwidth,20.0,canonicalized,0,11.845108,0.999705,0.833070
aaaaapij_s001_t000,bandwidth,20.0,canonicalized,0,13.098660,0.999880,3.415065
aaaaapjc_s001_t001,bandwidth,20.0,canonicalized,0,6.310887,0.984536,3.683899
aaaaapka_s001_t000,bandwidth,20.0,canonicalized,0,13.889831,0.999932,0.950105
aaaaapkx_s001_t001,bandwidth,20.0,canonicalized,1,6.692836,0.988202,12.482696
aaaaaply_s001_t001,bandwidth,20.0,canonicalized,1,7.368639,0.992705,4.905941
aaaaapmb_s002_t001,bandwidth,20.0,canonicalized,1,18.397167,0.999997,2.934776
aaaaapmp_s001_t000,bandwidth,20.0,canonicalized,1,6.261180,0.983983,5.726675
aaaaapnr_s001_t000,bandwidth,20.0,canonicalized,1,13.669958,0.999920,7.974352
aaaaapoc_s001_t000,bandwidth,20.0,canonicalized,1,11.151695,0.999515,4.224417
aaaaapof_s001_t000,bandwidth,20.0,canonicalized,0,5.366705,0.969986,3.182662
aaaaapoo_s001_t000,bandwidth,20.0,canonicalized,0,7.886535,0.994959,1.837352
aaaaapoq_s001_t000,bandwidth,20.0,canonicalized,0,10.602576,0.999280,1.913172
aaaaappb_s001_t000,bandwidth,20.0,canonicalized,0,12.146228,0.999762,9.599038
aaaaapqd_s001_t000,bandwidth,20.0,canonicalized,1,17.542690,0.999995,8.965968
aaaaapqv_s001_t000,bandwidth,20.0,canonicalized,0,12.702663,0.999841,11.821054
aaaaapta_s001_t000,bandwidth,20.0,canonicalized,1,13.427820,0.999905,2.635582
aaaaapth_s001_t000,bandwidth,20.0,canonicalized,1,13.826876,0.999929,3.094112
aaaaapua_s001_t001,bandwidth,20.0,canonicalized,0,6.204080,0.983324,1.720283
aaaaapuu_s001_t000,bandwidth,20.0,canonicalized,0,12.586508,0.999827,7.313252
aaaaapvw_s001_t001,bandwidth,20.0,canonicalized,1,12.332534,0.999792,0.452213
aaaaapvy_s001_t000,bandwidth,20.0,canonicalized,1,12.837788,0.999855,10.342195
aaaaapwn_s001_t001,bandwidth,20.0,canonicalized,0,9.867535,0.998780,5.305377
aaaaapwo_s001_t001,bandwidth,20.0,canonicalized,1,15.264736,0.999975,3.323568
aaaaapxm_s001_t001,bandwidth,20.0,canonicalized,0,8.350712,0.996383,1.222195
aaaaapys_s001_t001,bandwidth,20.0,canonicalized,1,11.237328,0.999544,0.294841
aaaaapys_s002_t001,bandwidth,20.0,canonicalized,1,11.754657,0.999685,0.682454
aaaaaayx_s002_t000,bandwidth,25.0,canonicalized,0,9.876052,0.998788,2.782988
aaaaabdo_s003_t000,bandwidth,25.0,canonicalized,1,10.399518,0.999167,4.300343
aaaaabsk_s007_t000,bandwidth,25.0,canonicalized,1,10.761926,0.999358,2.538426
aaaaabuv_s002_t000,bandwidth,25.0,canonicalized,1,11.264538,0.999552,3.201578
aaaaacad_s003_t000,bandwidth,25.0,canonicalized,0,6.498311,0.986457,0.195222
aaaaacby_s004_t000,bandwidth,25.0,canonicalized,0,10.439114,0.999190,1.194426
aaaaaddm_s006_t000,bandwidth,25.0,canonicalized,1,11.585245,0.999644,6.722890
aaaaadeu_s002_t000,bandwidth,25.0,canonicalized,1,12.569311,0.999825,1.292390
aaaaadjk_s002_t000,bandwidth,25.0,canonicalized,0,7.507652,0.993394,0.504783
aaaaadkb_s002_t000,bandwidth,25.0,canonicalized,1,13.637688,0.999919,1.532992
aaaaadsm_s002_t001,bandwidth,25.0,canonicalized,0,7.496458,0.993341,1.565073
aaaaaeab_s003_t000,bandwidth,25.0,canonicalized,0,8.439468,0.996606,0.884903
aaaaaejc_s003_t001,bandwidth,25.0,canonicalized,0,11.172943,0.999522,1.925205
aaaaaezn_s003_t001,bandwidth,25.0,canonicalized,1,9.465158,0.998372,11.925473
aaaaafhl_s003_t000,bandwidth,25.0,canonicalized,1,13.530318,0.999912,2.971497
aaaaagfk_s003_t000,bandwidth,25.0,canonicalized,0,5.584676,0.974223,8.838032
aaaaagsc_s003_t001,bandwidth,25.0,canonicalized,1,12.020512,0.999740,7.025581
aaaaagsc_s006_t001,bandwidth,25.0,canonicalized,1,9.044659,0.997800,1.649763
aaaaaguk_s002_t001,bandwidth,25.0,canonicalized,0,3.357671,0.884207,1.239939
aaaaagvx_s002_t000,bandwidth,25.0,canonicalized,1,9.215059,0.998052,1.511378
aaaaagvx_s003_t001,bandwidth,25.0,canonicalized,1,10.205357,0.999043,1.181580
aaaaagyr_s002_t000,bandwidth,25.0,canonicalized,1,9.559643,0.998479,6.963305
aaaaahie_s005_t001,bandwidth,25.0,canonicalized,1,14.335239,0.999951,3.379501
aaaaahsv_s002_t000,bandwidth,25.0,canonicalized,0,7.809543,0.994674,2.863014
aaaaahte_s002_t000,bandwidth,25.0,canonicalized,1,9.369304,0.998256,1.002965
aaaaahte_s003_t000,bandwidth,25.0,canonicalized,1,15.779892,0.999983,0.306403
aaaaahuy_s002_t000,bandwidth,25.0,canonicalized,1,6.577154,0.987193,0.349772
aaaaahzi_s001_t000,bandwidth,25.0,canonicalized,0,10.925911,0.999429,2.901927
aaaaahzm_s001_t001,bandwidth,25.0,canonicalized,0,9.957276,0.998856,0.257506
aaaaahzq_s001_t000,bandwidth,25.0,canonicalized,0,5.565478,0.973875,0.888565
aaaaahzs_s001_t001,bandwidth,25.0,canonicalized,0,16.004030,0.999985,1.826293
aaaaaiae_s001_t000,bandwidth,25.0,canonicalized,0,9.095522,0.997878,4.560671
aaaaaibx_s001_t000,bandwidth,25.0,canonicalized,0,10.017910,0.998905,0.643456
aaaaaiby_s001_t000,bandwidth,25.0,canonicalized,0,9.995011,0.998887,2.901331
aaaaaici_s001_t000,bandwidth,25.0,canonicalized,0,6.281398,0.984211,26.591772
aaaaaicn_s001_t000,bandwidth,25.0,canonicalized,0,16.432232,0.999989,0.489688
aaaaaijh_s002_t000,bandwidth,25.0,canonicalized,1,5.311759,0.968816,2.574951
aaaaaijn_s001_t001,bandwidth,25.0,canonicalized,0,7.861758,0.994869,0.494521
aaaaairb_s001_t001,bandwidth,25.0,canonicalized,0,9.338108,0.998217,4.848524
aaaaairo_s001_t000,bandwidth,25.0,canonicalized,0,8.277620,0.996189,6.260317
aaaaaitt_s001_t000,bandwidth,25.0,canonicalized,0,9.034502,0.997783,16.898338
aaaaaiue_s004_t000,bandwidth,25.0,canonicalized,1,11.440174,0.999605,4.146475
aaaaaiuo_s002_t000,bandwidth,25.0,canonicalized,0,8.139763,0.995794,5.486694
aaaaaiwz_s001_t001,bandwidth,25.0,canonicalized,0,5.896557,0.979288,1.306998
aaaaaiyy_s001_t001,bandwidth,25.0,canonicalized,0,5.974902,0.980399,3.333003
aaaaaizd_s001_t001,bandwidth,25.0,canonicalized,0,7.523987,0.993470,6.703410
aaaaaizs_s001_t000,bandwidth,25.0,canonicalized,0,7.935747,0.995134,2.577819
aaaaajae_s001_t001,bandwidth,25.0,canonicalized,0,11.495824,0.999621,2.183625
aaaaajah_s002_t001,bandwidth,25.0,canonicalized,1,9.517534,0.998432,2.831529
aaaaajah_s004_t000,bandwidth,25.0,canonicalized,1,9.034031,0.997783,6.679178
aaaaajal_s001_t001,bandwidth,25.0,canonicalized,0,6.224488,0.983563,1.424494
aaaaajam_s001_t000,bandwidth,25.0,canonicalized,1,9.431471,0.998332,1.213569
aaaaajar_s001_t001,bandwidth,25.0,canonicalized,0,10.078686,0.998952,0.434443
aaaaajbb_s001_t000,bandwidth,25.0,canonicalized,0,10.966516,0.999446,0.729964
aaaaajbh_s002_t000,bandwidth,25.0,canonicalized,0,7.486351,0.993293,0.780792
aaaaajce_s001_t000,bandwidth,25.0,canonicalized,0,10.492315,0.999221,0.844736
aaaaajci_s001_t000,bandwidth,25.0,canonicalized,0,5.450434,0.971688,3.507000
aaaaajck_s001_t000,bandwidth,25.0,canonicalized,0,5.956695,0.980146,1.425361
aaaaajct_s001_t000,bandwidth,25.0,canonicalized,0,8.106413,0.995693,3.411860
aaaaajcu_s001_t000,bandwidth,25.0,canonicalized,0,10.282670,0.999094,1.989039
aaaaajda_s001_t000,bandwidth,25.0,canonicalized,0,8.318427,0.996299,5.458249
aaaaajdb_s001_t000,bandwidth,25.0,canonicalized,0,9.108500,0.997898,8.889027
aaaaajdv_s001_t000,bandwidth,25.0,canonicalized,0,10.050037,0.998930,6.821208
aaaaajdy_s001_t000,bandwidth,25.0,canonicalized,0,5.030431,0.962099,3.471956
aaaaajdz_s001_t000,bandwidth,25.0,canonicalized,0,6.906935,0.989866,2.407155
aaaaajea_s001_t000,bandwidth,25.0,canonicalized,0,11.404640,0.999595,2.560082
aaaaajen_s001_t000,bandwidth,25.0,canonicalized,0,9.324349,0.998199,15.659914
aaaaajey_s001_t000,bandwidth,25.0,canonicalized,0,5.048618,0.962572,0.821766
aaaaajfb_s001_t000,bandwidth,25.0,canonicalized,0,4.711670,0.952810,12.551224
aaaaajfe_s001_t000,bandwidth,25.0,canonicalized,0,7.593704,0.993787,3.601245
aaaaajff_s001_t000,bandwidth,25.0,canonicalized,0,5.275604,0.968022,0.291690
aaaaajfi_s001_t001,bandwidth,25.0,canonicalized,0,9.529102,0.998445,4.344208
aaaaajfn_s001_t001,bandwidth,25.0,canonicalized,0,11.038243,0.999473,10.795938
aaaaajfy_s001_t000,bandwidth,25.0,canonicalized,0,6.388517,0.985362,0.754083
aaaaajga_s001_t001,bandwidth,25.0,canonicalized,0,8.903152,0.997565,9.485751
aaaaajhy_s001_t000,bandwidth,25.0,canonicalized,0,5.984115,0.980526,2.105272
aaaaajit_s001_t001,bandwidth,25.0,canonicalized,0,5.655279,0.975466,12.623071
aaaaajiu_s001_t000,bandwidth,25.0,canonicalized,0,12.657924,0.999835,3.263350
aaaaajiy_s001_t001,bandwidth,25.0,canonicalized,0,6.630371,0.987667,7.013318
aaaaajiz_s001_t000,bandwidth,25.0,canonicalized,0,6.745062,0.988631,4.193465
aaaaajjb_s001_t001,bandwidth,25.0,canonicalized,0,10.625119,0.999292,1.963841
aaaaajje_s001_t000,bandwidth,25.0,canonicalized,0,6.725203,0.988470,8.323601
aaaaajjk_s001_t000,bandwidth,25.0,canonicalized,0,9.351114,0.998233,1.284627
aaaaajna_s001_t000,bandwidth,25.0,canonicalized,0,5.275472,0.968019,6.333885
aaaaajnu_s001_t000,bandwidth,25.0,canonicalized,0,8.852547,0.997475,6.311089
aaaaajon_s001_t000,bandwidth,25.0,canonicalized,0,6.737317,0.988569,11.605066
aaaaajoo_s002_t001,bandwidth,25.0,canonicalized,1,11.860253,0.999708,0.911208
aaaaajpg_s001_t001,bandwidth,25.0,canonicalized,0,6.412685,0.985611,0.584120
aaaaajqh_s004_t000,bandwidth,25.0,canonicalized,1,17.632504,0.999995,4.438052
aaaaajqk_s003_t001,bandwidth,25.0,canonicalized,1,12.499461,0.999816,0.282984
aaaaajrf_s001_t000,bandwidth,25.0,canonicalized,1,14.601931,0.999959,2.730127
aaaaajrf_s002_t000,bandwidth,25.0,canonicalized,1,13.130961,0.999883,0.960291
aaaaajrf_s003_t002,bandwidth,25.0,canonicalized,1,11.055408,0.999480,3.759693
aaaaajrf_s004_t000,bandwidth,25.0,canonicalized,1,14.585028,0.999959,0.402718
aaaaajso_s001_t000,bandwidth,25.0,canonicalized,1,12.554025,0.999823,2.434029
aaaaajtg_s001_t000,bandwidth,25.0,canonicalized,0,8.471521,0.996683,13.930761
aaaaajtu_s001_t000,bandwidth,25.0,canonicalized,0,12.036997,0.999743,3.115659
aaaaajuh_s001_t000,bandwidth,25.0,canonicalized,1,11.012890,0.999464,5.001682
aaaaajun_s001_t000,bandwidth,25.0,canonicalized,0,8.440584,0.996608,0.957727
aaaaajvh_s001_t001,bandwidth,25.0,canonicalized,0,8.063143,0.995557,1.706645
aaaaajxp_s001_t000,bandwidth,25.0,canonicalized,0,5.838368,0.978424,2.155893
aaaaakck_s001_t001,bandwidth,25.0,canonicalized,1,8.640352,0.997060,2.658186
aaaaakcx_s001_t001,bandwidth,25.0,canonicalized,1,12.057453,0.999747,0.342261
aaaaakcy_s005_t001,bandwidth,25.0,canonicalized,1,14.514238,0.999957,1.565881
aaaaakdj_s001_t000,bandwidth,25.0,canonicalized,1,10.221842,0.999054,1.135885
aaaaakdo_s001_t000,bandwidth,25.0,canonicalized,1,11.003504,0.999460,2.917536
aaaaakeq_s001_t000,bandwidth,25.0,canonicalized,1,11.097265,0.999495,3.076018
aaaaakeq_s002_t000,bandwidth,25.0,canonicalized,1,12.683611,0.999838,11.632321
aaaaakeq_s003_t000,bandwidth,25.0,canonicalized,1,10.777311,0.999365,6.536886
aaaaakev_s001_t001,bandwidth,25.0,canonicalized,1,7.237710,0.991992,3.004993
aaaaakev_s002_t000,bandwidth,25.0,canonicalized,1,5.802738,0.977877,1.206316
aaaaakft_s001_t000,bandwidth,25.0,canonicalized,0,8.293781,0.996233,3.755564
aaaaakgp_s001_t001,bandwidth,25.0,canonicalized,0,8.660660,0.997103,6.456038
aaaaakgu_s001_t000,bandwidth,25.0,canonicalized,1,11.144056,0.999512,0.475388
aaaaakjk_s002_t002,bandwidth,25.0,canonicalized,1,11.656689,0.999662,1.220526
aaaaakjk_s003_t000,bandwidth,25.0,canonicalized,1,11.742331,0.999682,0.830266
aaaaakka_s001_t001,bandwidth,25.0,canonicalized,0,9.148228,0.997957,2.095218
aaaaakmg_s003_t001,bandwidth,25.0,canonicalized,1,11.979920,0.999732,0.851071
aaaaakmh_s001_t000,bandwidth,25.0,canonicalized,1,11.882752,0.999713,8.386513
aaaaaknt_s001_t000,bandwidth,25.0,canonicalized,1,10.069649,0.998945,3.326528
aaaaakoo_s001_t001,bandwidth,25.0,canonicalized,1,12.794871,0.999851,0.568559
aaaaakqg_s001_t001,bandwidth,25.0,canonicalized,0,11.358841,0.999582,13.740431
aaaaakqr_s001_t000,bandwidth,25.0,canonicalized,0,8.028530,0.995446,0.911628
aaaaakrt_s001_t001,bandwidth,25.0,canonicalized,1,13.475718,0.999908,3.748813
aaaaakrt_s002_t001,bandwidth,25.0,canonicalized,1,12.601907,0.999829,0.549686
aaaaaksb_s001_t000,bandwidth,25.0,canonicalized,0,12.045238,0.999744,3.998242
aaaaaksu_s001_t001,bandwidth,25.0,canonicalized,0,12.256269,0.999780,1.600498
aaaaakxz_s001_t001,bandwidth,25.0,canonicalized,1,17.448082,0.999995,0.239371
aaaaakxz_s002_t001,bandwidth,25.0,canonicalized,1,10.952259,0.999440,1.704257
aaaaalaf_s001_t000,bandwidth,25.0,canonicalized,0,5.556756,0.973715,9.719067
aaaaalau_s001_t000,bandwidth,25.0,canonicalized,1,11.805651,0.999696,12.551330
aaaaalbh_s001_t000,bandwidth,25.0,canonicalized,1,12.477345,0.999813,0.908810
aaaaalbt_s001_t001,bandwidth,25.0,canonicalized,0,10.257188,0.999078,2.301864
aaaaalbt_s002_t000,bandwidth,25.0,canonicalized,0,10.234743,0.999063,16.263393
aaaaalbz_s006_t000,bandwidth,25.0,canonicalized,1,13.137465,0.999883,9.811273
aaaaalid_s001_t001,bandwidth,25.0,canonicalized,0,9.067318,0.997835,1.360170
aaaaaljf_s001_t000,bandwidth,25.0,canonicalized,1,13.463446,0.999908,2.165733
aaaaaljj_s001_t000,bandwidth,25.0,canonicalized,0,5.696485,0.976164,4.415442
aaaaallc_s001_t001,bandwidth,25.0,canonicalized,0,7.039913,0.990781,1.758034
aaaaalle_s002_t000,bandwidth,25.0,canonicalized,1,8.115389,0.995720,0.838627
aaaaalox_s001_t001,bandwidth,25.0,canonicalized,0,15.291084,0.999975,1.860128
aaaaalpv_s001_t000,bandwidth,25.0,canonicalized,0,11.303476,0.999565,6.369967
aaaaalqa_s001_t000,bandwidth,25.0,canonicalized,0,7.901045,0.995011,5.461493
aaaaalqr_s001_t001,bandwidth,25.0,canonicalized,1,12.826435,0.999854,1.099045
aaaaalqs_s001_t001,bandwidth,25.0,canonicalized,0,6.465244,0.986136,0.490501
aaaaalqx_s001_t000,bandwidth,25.0,canonicalized,0,5.496704,0.972588,5.622460
aaaaalrc_s002_t000,bandwidth,25.0,canonicalized,1,13.814093,0.999928,0.531416
aaaaalsq_s001_t000,bandwidth,25.0,canonicalized,0,12.184954,0.999769,3.228688
aaaaalsx_s001_t000,bandwidth,25.0,canonicalized,1,10.875057,0.999408,1.283925
aaaaalsx_s004_t001,bandwidth,25.0,canonicalized,1,9.040168,0.997792,4.642134
aaaaaluz_s001_t001,bandwidth,25.0,canonicalized,0,6.041264,0.981294,1.789113
aaaaalvw_s001_t000,bandwidth,25.0,canonicalized,0,5.604208,0.974573,1.088407
aaaaalvz_s001_t000,bandwidth,25.0,canonicalized,1,9.570389,0.998490,0.167435
aaaaalxk_s001_t000,bandwidth,25.0,canonicalized,0,13.310444,0.999897,2.760889
aaaaalyr_s001_t000,bandwidth,25.0,canonicalized,1,14.952116,0.999968,1.041969
aaaaalzk_s002_t001,bandwidth,25.0,canonicalized,1,11.147306,0.999513,4.911246
aaaaamcb_s001_t001,bandwidth,25.0,canonicalized,1,14.208460,0.999946,5.766009
aaaaamfe_s001_t001,bandwidth,25.0,canonicalized,0,9.606769,0.998529,4.606152
aaaaamft_s001_t001,bandwidth,25.0,canonicalized,1,14.635656,0.999960,1.046745
aaaaamfu_s001_t000,bandwidth,25.0,canonicalized,0,11.392508,0.999592,0.422916
aaaaamhi_s001_t000,bandwidth,25.0,canonicalized,1,11.192335,0.999529,3.619459
aaaaamhk_s001_t000,bandwidth,25.0,canonicalized,1,10.848659,0.999397,0.818869
aaaaamjc_s001_t001,bandwidth,25.0,canonicalized,1,16.073776,0.999986,1.110251
aaaaammh_s001_t001,bandwidth,25.0,canonicalized,1,11.719916,0.999677,0.681728
aaaaamnq_s001_t000,bandwidth,25.0,canonicalized,1,11.279940,0.999557,0.904094
aaaaamnq_s002_t000,bandwidth,25.0,canonicalized,1,13.208895,0.999889,1.412421
aaaaamon_s001_t000,bandwidth,25.0,canonicalized,0,10.140676,0.998997,4.894641
aaaaampz_s001_t000,bandwidth,25.0,canonicalized,1,12.141440,0.999761,0.750519
aaaaamrj_s001_t000,bandwidth,25.0,canonicalized,0,10.402941,0.999169,0.899574
aaaaamsc_s001_t000,bandwidth,25.0,canonicalized,1,11.194201,0.999529,4.804932
aaaaamtb_s001_t000,bandwidth,25.0,canonicalized,0,11.944061,0.999725,4.151439
aaaaamuc_s001_t000,bandwidth,25.0,canonicalized,0,6.931129,0.990039,1.598765
aaaaamxn_s001_t000,bandwidth,25.0,canonicalized,1,11.488516,0.999619,1.443412
aaaaamyb_s001_t001,bandwidth,25.0,canonicalized,0,15.034134,0.999970,1.738497
aaaaamye_s001_t000,bandwidth,25.0,canonicalized,1,11.349689,0.999579,4.454240
aaaaamzi_s001_t001,bandwidth,25.0,canonicalized,1,13.293526,0.999896,2.050956
aaaaamzl_s001_t000,bandwidth,25.0,canonicalized,0,9.254082,0.998106,6.003181
aaaaamzx_s001_t000,bandwidth,25.0,canonicalized,0,10.561190,0.999258,3.765825
aaaaanbq_s001_t000,bandwidth,25.0,canonicalized,0,8.835703,0.997444,3.077620
aaaaanek_s001_t000,bandwidth,25.0,canonicalized,0,4.690820,0.952132,2.561093
aaaaangp_s001_t000,bandwidth,25.0,canonicalized,0,7.476236,0.993244,2.715432
aaaaanhb_s001_t003,bandwidth,25.0,canonicalized,1,9.833090,0.998750,1.533509
aaaaanhb_s003_t001,bandwidth,25.0,canonicalized,1,13.951853,0.999935,0.858445
aaaaanhb_s005_t000,bandwidth,25.0,canonicalized,1,14.180038,0.999945,3.573034
aaaaankf_s001_t000,bandwidth,25.0,canonicalized,1,11.760752,0.999686,1.752450
aaaaanlp_s001_t000,bandwidth,25.0,canonicalized,0,6.244460,0.983793,5.636892
aaaaanmc_s001_t000,bandwidth,25.0,canonicalized,1,12.320366,0.999790,2.484777
aaaaanop_s001_t000,bandwidth,25.0,canonicalized,0,9.793605,0.998714,8.395817
aaaaanoz_s001_t000,bandwidth,25.0,canonicalized,1,10.914036,0.999424,4.272940
aaaaanpr_s001_t002,bandwidth,25.0,canonicalized,1,10.674921,0.999317,2.907261
aaaaanqe_s001_t000,bandwidth,25.0,canonicalized,0,5.161765,0.965392,1.888531
aaaaanro_s001_t000,bandwidth,25.0,canonicalized,1,14.126202,0.999943,2.764483
aaaaansj_s001_t000,bandwidth,25.0,canonicalized,1,12.654202,0.999835,0.623314
aaaaanta_s001_t000,bandwidth,25.0,canonicalized,1,12.312172,0.999789,5.960589
aaaaanum_s001_t000,bandwidth,25.0,canonicalized,0,7.429951,0.993017,1.470280
aaaaanvb_s002_t000,bandwidth,25.0,canonicalized,0,8.077408,0.995602,1.702973
aaaaanvg_s001_t002,bandwidth,25.0,canonicalized,0,10.335714,0.999128,0.599288
aaaaanvw_s001_t000,bandwidth,25.0,canonicalized,0,4.494212,0.945271,4.864647
aaaaanwc_s001_t001,bandwidth,25.0,canonicalized,1,11.510311,0.999625,12.813454
aaaaanxl_s001_t000,bandwidth,25.0,canonicalized,1,15.725197,0.999982,7.304383
aaaaanyb_s001_t001,bandwidth,25.0,canonicalized,0,8.123803,0.995746,1.864832
aaaaanyt_s002_t000,bandwidth,25.0,canonicalized,1,15.589691,0.999980,6.075323
aaaaanyw_s001_t000,bandwidth,25.0,canonicalized,1,11.367329,0.999584,1.448729
aaaaanyw_s002_t000,bandwidth,25.0,canonicalized,1,9.663393,0.998588,5.518666
aaaaanzh_s001_t000,bandwidth,25.0,canonicalized,1,9.723425,0.998647,6.559484
aaaaanzu_s001_t003,bandwidth,25.0,canonicalized,1,14.014984,0.999938,3.503448
aaaaaoav_s001_t000,bandwidth,25.0,canonicalized,0,8.915528,0.997586,2.318790
aaaaaoav_s002_t000,bandwidth,25.0,canonicalized,0,13.084654,0.999879,2.732768
aaaaaobi_s001_t000,bandwidth,25.0,canonicalized,1,12.073591,0.999750,5.198696
aaaaaobl_s001_t000,bandwidth,25.0,canonicalized,0,14.023969,0.999938,1.735564
aaaaaoby_s001_t000,bandwidth,25.0,canonicalized,0,6.993256,0.990470,10.528159
aaaaaoda_s001_t000,bandwidth,25.0,canonicalized,1,14.432901,0.999954,5.742505
aaaaaoeg_s001_t000,bandwidth,25.0,canonicalized,0,9.345643,0.998226,1.260989
aaaaaofj_s001_t000,bandwidth,25.0,canonicalized,0,8.959416,0.997661,1.051808
aaaaaofr_s001_t000,bandwidth,25.0,canonicalized,0,8.293749,0.996233,2.171100
aaaaaofz_s001_t000,bandwidth,25.0,canonicalized,0,7.051420,0.990856,1.312113
aaaaaohb_s001_t000,bandwidth,25.0,canonicalized,1,15.665268,0.999981,0.460259
aaaaaohr_s002_t001,bandwidth,25.0,canonicalized,1,19.047670,0.999998,3.022101
aaaaaoiq_s001_t000,bandwidth,25.0,canonicalized,1,11.093334,0.999494,1.745075
aaaaaoiv_s001_t000,bandwidth,25.0,canonicalized,1,7.665943,0.994099,0.315095
aaaaaoiv_s002_t001,bandwidth,25.0,canonicalized,1,14.452139,0.999955,3.851403
aaaaaoiv_s003_t003,bandwidth,25.0,canonicalized,1,17.238720,0.999994,0.779447
aaaaaojd_s001_t002,bandwidth,25.0,canonicalized,0,11.686218,0.999669,1.160920
aaaaaokg_s001_t000,bandwidth,25.0,canonicalized,0,14.807783,0.999965,1.341704
aaaaaoly_s001_t000,bandwidth,25.0,canonicalized,0,10.791405,0.999371,11.344642
aaaaaome_s001_t000,bandwidth,25.0,canonicalized,0,7.736220,0.994388,0.858704
aaaaaomx_s001_t000,bandwidth,25.0,canonicalized,0,12.106283,0.999755,4.411136
aaaaaomy_s001_t000,bandwidth,25.0,canonicalized,1,12.145241,0.999762,3.890160
aaaaaonb_s001_t000,bandwidth,25.0,canonicalized,0,10.640765,0.999300,3.742882
aaaaaons_s002_t002,bandwidth,25.0,canonicalized,1,10.695372,0.999326,0.832559
aaaaaopd_s001_t000,bandwidth,25.0,canonicalized,0,9.682750,0.998607,7.495884
aaaaaopo_s001_t000,bandwidth,25.0,canonicalized,0,4.769832,0.954653,1.458998
aaaaaora_s002_t000,bandwidth,25.0,canonicalized,1,10.082802,0.998955,1.886558
aaaaaord_s001_t000,bandwidth,25.0,canonicalized,1,9.175521,0.997996,0.589348
aaaaaosh_s001_t000,bandwidth,25.0,canonicalized,1,8.670017,0.997122,4.209277
aaaaaosw_s001_t000,bandwidth,25.0,canonicalized,0,13.393419,0.999903,2.105399
aaaaaote_s001_t000,bandwidth,25.0,canonicalized,0,8.551411,0.996867,0.916105
aaaaaout_s001_t000,bandwidth,25.0,canonicalized,1,9.700594,0.998625,4.879225
aaaaaovl_s001_t000,bandwidth,25.0,canonicalized,1,17.253338,0.999994,0.484207
aaaaaovo_s001_t000,bandwidth,25.0,canonicalized,1,12.855269,0.999857,0.968270
aaaaaowb_s001_t000,bandwidth,25.0,canonicalized,0,9.916332,0.998822,1.035398
aaaaaoxf_s001_t000,bandwidth,25.0,canonicalized,0,8.675033,0.997132,0.724291
aaaaaozf_s001_t001,bandwidth,25.0,canonicalized,0,9.055466,0.997816,11.392083
aaaaapag_s001_t000,bandwidth,25.0,canonicalized,0,5.949270,0.980042,14.699243
aaaaapar_s001_t000,bandwidth,25.0,canonicalized,1,11.710464,0.999675,0.407316
aaaaapcb_s001_t000,bandwidth,25.0,canonicalized,0,8.572186,0.996913,1.397126
aaaaapcy_s001_t002,bandwidth,25.0,canonicalized,0,5.527931,0.973180,2.329520
aaaaapdg_s001_t000,bandwidth,25.0,canonicalized,0,6.289886,0.984305,1.854074
aaaaaphs_s001_t000,bandwidth,25.0,canonicalized,1,15.628912,0.999981,3.829688
aaaaaphw_s001_t000,bandwidth,25.0,canonicalized,0,10.664465,0.999311,2.104280
aaaaapij_s001_t000,bandwidth,25.0,canonicalized,0,10.441191,0.999192,5.093079
aaaaapjc_s001_t001,bandwidth,25.0,canonicalized,0,8.446384,0.996622,0.848809
aaaaapka_s001_t000,bandwidth,25.0,canonicalized,0,11.833475,0.999702,0.489410
aaaaapkx_s001_t001,bandwidth,25.0,canonicalized,1,8.036043,0.995470,15.872450
aaaaaply_s001_t001,bandwidth,25.0,canonicalized,1,10.966528,0.999446,3.130129
aaaaapmb_s002_t001,bandwidth,25.0,canonicalized,1,13.853180,0.999930,3.757372
aaaaapmp_s001_t000,bandwidth,25.0,canonicalized,1,3.645547,0.903751,3.245529
aaaaapnr_s001_t000,bandwidth,25.0,canonicalized,1,10.465809,0.999206,7.395095
aaaaapoc_s001_t000,bandwidth,25.0,canonicalized,1,11.539152,0.999632,1.726212
aaaaapof_s001_t000,bandwidth,25.0,canonicalized,0,4.766212,0.954540,3.121279
aaaaapoo_s001_t000,bandwidth,25.0,canonicalized,0,6.281146,0.984208,3.842351
aaaaapoq_s001_t000,bandwidth,25.0,canonicalized,0,9.748543,0.998671,1.328339
aaaaappb_s001_t000,bandwidth,25.0,canonicalized,0,8.345807,0.996370,3.705482
aaaaapqd_s001_t000,bandwidth,25.0,canonicalized,1,13.811897,0.999928,8.538868
aaaaapqv_s001_t000,bandwidth,25.0,canonicalized,0,9.808353,0.998727,10.994790
aaaaapta_s001_t000,bandwidth,25.0,canonicalized,1,14.876116,0.999967,3.849325
aaaaapth_s001_t000,bandwidth,25.0,canonicalized,1,10.280150,0.999093,3.174846
aaaaapua_s001_t001,bandwidth,25.0,canonicalized,0,4.811023,0.955916,3.276258
aaaaapuu_s001_t000,bandwidth,25.0,canonicalized,0,9.367167,0.998254,6.636266
aaaaapvw_s001_t001,bandwidth,25.0,canonicalized,1,13.881628,0.999932,1.466297
aaaaapvy_s001_t000,bandwidth,25.0,canonicalized,1,11.088406,0.999492,9.780214
aaaaapwn_s001_t001,bandwidth,25.0,canonicalized,0,7.619123,0.993899,6.534936
aaaaapwo_s001_t001,bandwidth,25.0,canonicalized,1,16.741739,0.999991,3.850816
aaaaapxm_s001_t001,bandwidth,25.0,canonicalized,0,5.159292,0.965333,1.156433
aaaaapys_s001_t001,bandwidth,25.0,canonicalized,1,11.060902,0.999482,0.421793
aaaaapys_s002_t001,bandwidth,25.0,canonicalized,1,11.844136,0.999705,0.548821
aaaaaayx_s002_t000,bandwidth,30.0,canonicalized,0,5.283757,0.968203,2.177046
aaaaabdo_s003_t000,bandwidth,30.0,canonicalized,1,7.834071,0.994767,1.370730
aaaaabsk_s007_t000,bandwidth,30.0,canonicalized,1,7.240037,0.992005,0.674172
aaaaabuv_s002_t000,bandwidth,30.0,canonicalized,1,6.034286,0.981202,4.378115
aaaaacad_s003_t000,bandwidth,30.0,canonicalized,0,1.923252,0.731607,0.075751
aaaaacby_s004_t000,bandwidth,30.0,canonicalized,0,4.070470,0.927221,1.167579
aaaaaddm_s006_t000,bandwidth,30.0,canonicalized,1,4.610732,0.949442,5.478904
aaaaadeu_s002_t000,bandwidth,30.0,canonicalized,1,7.478077,0.993253,1.413858
aaaaadjk_s002_t000,bandwidth,30.0,canonicalized,0,2.846637,0.841029,0.448151
aaaaadkb_s002_t000,bandwidth,30.0,canonicalized,1,7.265096,0.992147,1.189530
aaaaadsm_s002_t001,bandwidth,30.0,canonicalized,0,2.531428,0.808384,0.637146
aaaaaeab_s003_t000,bandwidth,30.0,canonicalized,0,4.441138,0.943265,0.646758
aaaaaejc_s003_t001,bandwidth,30.0,canonicalized,0,6.719234,0.988421,2.512088
aaaaaezn_s003_t001,bandwidth,30.0,canonicalized,1,4.070929,0.927244,4.039140
aaaaafhl_s003_t000,bandwidth,30.0,canonicalized,1,5.799390,0.977825,1.417760
aaaaagfk_s003_t000,bandwidth,30.0,canonicalized,0,1.577363,0.680137,3.382029
aaaaagsc_s003_t001,bandwidth,30.0,canonicalized,1,5.244251,0.967318,5.918550
aaaaagsc_s006_t001,bandwidth,30.0,canonicalized,1,4.086804,0.928009,1.119217
aaaaaguk_s002_t001,bandwidth,30.0,canonicalized,0,1.908050,0.729458,1.527721
aaaaagvx_s002_t000,bandwidth,30.0,canonicalized,1,5.184424,0.965932,1.200340
aaaaagvx_s003_t001,bandwidth,30.0,canonicalized,1,6.069212,0.981659,0.650032
aaaaagyr_s002_t000,bandwidth,30.0,canonicalized,1,4.334213,0.939013,4.849029
aaaaahie_s005_t001,bandwidth,30.0,canonicalized,1,8.659159,0.997100,0.873300
aaaaahsv_s002_t000,bandwidth,30.0,canonicalized,0,3.362401,0.884554,1.422391
aaaaahte_s002_t000,bandwidth,30.0,canonicalized,1,6.298241,0.984397,1.056167
aaaaahte_s003_t000,bandwidth,30.0,canonicalized,1,7.670963,0.994120,0.880265
aaaaahuy_s002_t000,bandwidth,30.0,canonicalized,1,2.664600,0.822762,0.224260
aaaaahzi_s001_t000,bandwidth,30.0,canonicalized,0,5.266060,0.967809,1.343336
aaaaahzm_s001_t001,bandwidth,30.0,canonicalized,0,2.800607,0.836559,0.350528
aaaaahzq_s001_t000,bandwidth,30.0,canonicalized,0,1.941280,0.734142,0.688761
aaaaahzs_s001_t001,bandwidth,30.0,canonicalized,0,11.723991,0.999678,3.987846
aaaaaiae_s001_t000,bandwidth,30.0,canonicalized,0,2.841915,0.840575,1.215855
aaaaaibx_s001_t000,bandwidth,30.0,canonicalized,0,3.264749,0.877198,1.092112
aaaaaiby_s001_t000,bandwidth,30.0,canonicalized,0,5.329575,0.969200,0.457987
aaaaaici_s001_t000,bandwidth,30.0,canonicalized,0,2.556739,0.811183,9.201376
aaaaaicn_s001_t000,bandwidth,30.0,canonicalized,0,9.896514,0.998805,0.679973
aaaaaijh_s002_t000,bandwidth,30.0,canonicalized,1,2.705240,0.826978,2.605735
aaaaaijn_s001_t001,bandwidth,30.0,canonicalized,0,2.980002,0.853419,0.306883
aaaaairb_s001_t001,bandwidth,30.0,canonicalized,0,3.680786,0.905930,1.583243
aaaaairo_s001_t000,bandwidth,30.0,canonicalized,0,3.377099,0.885628,3.113176
aaaaaitt_s001_t000,bandwidth,30.0,canonicalized,0,5.170706,0.965606,11.733242
aaaaaiue_s004_t000,bandwidth,30.0,canonicalized,1,5.624460,0.974931,1.892596
aaaaaiuo_s002_t000,bandwidth,30.0,canonicalized,0,3.057180,0.860218,2.418302
aaaaaiwz_s001_t001,bandwidth,30.0,canonicalized,0,1.174606,0.614240,0.388928
aaaaaiyy_s001_t001,bandwidth,30.0,canonicalized,0,2.280731,0.778942,0.956237
aaaaaizd_s001_t001,bandwidth,30.0,canonicalized,0,2.500002,0.804864,2.223907
aaaaaizs_s001_t000,bandwidth,30.0,canonicalized,0,2.818769,0.838335,0.977936
aaaaajae_s001_t001,bandwidth,30.0,canonicalized,0,4.949450,0.959921,1.047610
aaaaajah_s002_t001,bandwidth,30.0,canonicalized,1,4.239172,0.934985,1.345439
aaaaajah_s004_t000,bandwidth,30.0,canonicalized,1,4.003255,0.923896,3.116321
aaaaajal_s001_t001,bandwidth,30.0,canonicalized,0,2.716543,0.828136,0.986173
aaaaajam_s001_t000,bandwidth,30.0,canonicalized,1,4.368226,0.940397,0.807975
aaaaajar_s001_t001,bandwidth,30.0,canonicalized,0,4.549642,0.947294,0.247462
aaaaajbb_s001_t000,bandwidth,30.0,canonicalized,0,3.708864,0.907635,0.298411
aaaaajbh_s002_t000,bandwidth,30.0,canonicalized,0,1.746799,0.706009,0.209551
aaaaajce_s001_t000,bandwidth,30.0,canonicalized,0,5.653426,0.975434,0.906518
aaaaajci_s001_t000,bandwidth,30.0,canonicalized,0,2.109528,0.757048,1.696690
aaaaajck_s001_t000,bandwidth,30.0,canonicalized,0,3.459279,0.891471,1.361947
aaaaajct_s001_t000,bandwidth,30.0,canonicalized,0,3.033955,0.858200,3.149073
aaaaajcu_s001_t000,bandwidth,30.0,canonicalized,0,5.117363,0.964311,0.854737
aaaaajda_s001_t000,bandwidth,30.0,canonicalized,0,4.133019,0.930195,5.802529
aaaaajdb_s001_t000,bandwidth,30.0,canonicalized,0,3.484152,0.893187,1.476880
aaaaajdv_s001_t000,bandwidth,30.0,canonicalized,0,6.588243,0.987293,5.069153
aaaaajdy_s001_t000,bandwidth,30.0,canonicalized,0,2.075230,0.752489,3.061447
aaaaajdz_s001_t000,bandwidth,30.0,canonicalized,0,2.985441,0.853907,0.726830
aaaaajea_s001_t000,bandwidth,30.0,canonicalized,0,4.847178,0.956998,2.292154
aaaaajen_s001_t000,bandwidth,30.0,canonicalized,0,4.699541,0.952417,9.784388
aaaaajey_s001_t000,bandwidth,30.0,canonicalized,0,1.204707,0.619349,0.441711
aaaaajfb_s001_t000,bandwidth,30.0,canonicalized,0,1.870334,0.724080,6.714728
aaaaajfe_s001_t000,bandwidth,30.0,canonicalized,0,3.755281,0.910391,1.464900
aaaaajff_s001_t000,bandwidth,30.0,canonicalized,0,1.517324,0.670685,0.142297
aaaaajfi_s001_t001,bandwidth,30.0,canonicalized,0,4.509305,0.945829,2.047283
aaaaajfn_s001_t001,bandwidth,30.0,canonicalized,0,4.745310,0.953884,7.478091
aaaaajfy_s001_t000,bandwidth,30.0,canonicalized,0,2.011928,0.743926,0.358000
aaaaajga_s001_t001,bandwidth,30.0,canonicalized,0,2.968807,0.852411,2.129515
aaaaajhy_s001_t000,bandwidth,30.0,canonicalized,0,2.232955,0.772977,0.954673
aaaaajit_s001_t001,bandwidth,30.0,canonicalized,0,2.677202,0.824078,4.379763
aaaaajiu_s001_t000,bandwidth,30.0,canonicalized,0,5.164681,0.965462,2.605742
aaaaajiy_s001_t001,bandwidth,30.0,canonicalized,0,1.994774,0.741572,2.284801
aaaaajiz_s001_t000,bandwidth,30.0,canonicalized,0,2.898766,0.845970,1.880357
aaaaajjb_s001_t001,bandwidth,30.0,canonicalized,0,4.987063,0.960947,2.136944
aaaaajje_s001_t000,bandwidth,30.0,canonicalized,0,2.248538,0.774935,4.638125
aaaaajjk_s001_t000,bandwidth,30.0,canonicalized,0,5.135581,0.964759,0.561765
aaaaajna_s001_t000,bandwidth,30.0,canonicalized,0,1.819949,0.716793,2.196143
aaaaajnu_s001_t000,bandwidth,30.0,canonicalized,0,3.991277,0.923289,4.179528
aaaaajon_s001_t000,bandwidth,30.0,canonicalized,0,2.227712,0.772316,2.755971
aaaaajoo_s002_t001,bandwidth,30.0,canonicalized,1,4.814802,0.956031,0.723511
aaaaajpg_s001_t001,bandwidth,30.0,canonicalized,0,1.713678,0.701048,0.480915
aaaaajqh_s004_t000,bandwidth,30.0,canonicalized,1,10.308247,0.999111,4.114362
aaaaajqk_s003_t001,bandwidth,30.0,canonicalized,1,7.782484,0.994571,0.456782
aaaaajrf_s001_t000,bandwidth,30.0,canonicalized,1,11.474720,0.999615,3.693750
aaaaajrf_s002_t000,bandwidth,30.0,canonicalized,1,8.879910,0.997524,9.994511
aaaaajrf_s003_t002,bandwidth,30.0,canonicalized,1,8.571376,0.996912,5.623778
aaaaajrf_s004_t000,bandwidth,30.0,canonicalized,1,10.122726,0.998984,0.406580
aaaaajso_s001_t000,bandwidth,30.0,canonicalized,1,3.955278,0.921438,0.599895
aaaaajtg_s001_t000,bandwidth,30.0,canonicalized,0,3.855657,0.916100,7.119379
aaaaajtu_s001_t000,bandwidth,30.0,canonicalized,0,4.268152,0.936239,1.834898
aaaaajuh_s001_t000,bandwidth,30.0,canonicalized,1,9.951149,0.998851,13.336448
aaaaajun_s001_t000,bandwidth,30.0,canonicalized,0,3.864470,0.916586,0.355852
aaaaajvh_s001_t001,bandwidth,30.0,canonicalized,0,4.454700,0.943784,1.165223
aaaaajxp_s001_t000,bandwidth,30.0,canonicalized,0,2.071258,0.751958,0.847290
aaaaakck_s001_t001,bandwidth,30.0,canonicalized,1,3.640155,0.903414,1.573348
aaaaakcx_s001_t001,bandwidth,30.0,canonicalized,1,7.028887,0.990708,0.389290
aaaaakcy_s005_t001,bandwidth,30.0,canonicalized,1,8.061921,0.995553,1.685695
aaaaakdj_s001_t000,bandwidth,30.0,canonicalized,1,5.633598,0.975091,0.564413
aaaaakdo_s001_t000,bandwidth,30.0,canonicalized,1,6.404134,0.985523,2.203382
aaaaakeq_s001_t000,bandwidth,30.0,canonicalized,1,7.899133,0.995005,4.454756
aaaaakeq_s002_t000,bandwidth,30.0,canonicalized,1,7.442314,0.993079,10.227015
aaaaakeq_s003_t000,bandwidth,30.0,canonicalized,1,6.228448,0.983609,5.164145
aaaaakev_s001_t001,bandwidth,30.0,canonicalized,1,5.320856,0.969013,0.982762
aaaaakev_s002_t000,bandwidth,30.0,canonicalized,1,4.504027,0.945634,4.668997
aaaaakft_s001_t000,bandwidth,30.0,canonicalized,0,4.121540,0.929658,2.631211
aaaaakgp_s001_t001,bandwidth,30.0,canonicalized,0,3.944448,0.920873,2.289450
aaaaakgu_s001_t000,bandwidth,30.0,canonicalized,1,5.015263,0.961700,0.364418
aaaaakjk_s002_t002,bandwidth,30.0,canonicalized,1,8.314251,0.996288,2.136703
aaaaakjk_s003_t000,bandwidth,30.0,canonicalized,1,6.935338,0.990069,0.829882
aaaaakka_s001_t001,bandwidth,30.0,canonicalized,0,4.998728,0.961260,1.369640
aaaaakmg_s003_t001,bandwidth,30.0,canonicalized,1,7.681793,0.994166,0.915993
aaaaakmh_s001_t000,bandwidth,30.0,canonicalized,1,3.955956,0.921473,2.686095
aaaaaknt_s001_t000,bandwidth,30.0,canonicalized,1,4.446786,0.943482,1.710194
aaaaakoo_s001_t001,bandwidth,30.0,canonicalized,1,7.948577,0.995178,2.023302
aaaaakqg_s001_t001,bandwidth,30.0,canonicalized,0,6.889340,0.989739,8.492445
aaaaakqr_s001_t000,bandwidth,30.0,canonicalized,0,2.692526,0.825668,0.273789
aaaaakrt_s001_t001,bandwidth,30.0,canonicalized,1,5.569569,0.973949,3.446826
aaaaakrt_s002_t001,bandwidth,30.0,canonicalized,1,6.742787,0.988613,3.827279
aaaaaksb_s001_t000,bandwidth,30.0,canonicalized,0,5.704483,0.976298,3.208741
aaaaaksu_s001_t001,bandwidth,30.0,canonicalized,0,6.743503,0.988619,3.156889
aaaaakxz_s001_t001,bandwidth,30.0,canonicalized,1,10.093919,0.998963,0.149127
aaaaakxz_s002_t001,bandwidth,30.0,canonicalized,1,5.539125,0.973389,5.280345
aaaaalaf_s001_t000,bandwidth,30.0,canonicalized,0,2.032181,0.746687,1.067605
aaaaalau_s001_t000,bandwidth,30.0,canonicalized,1,7.386963,0.992800,11.469775
aaaaalbh_s001_t000,bandwidth,30.0,canonicalized,1,6.560787,0.987044,0.427747
aaaaalbt_s001_t001,bandwidth,30.0,canonicalized,0,4.658049,0.951048,1.213145
aaaaalbt_s002_t000,bandwidth,30.0,canonicalized,0,4.558922,0.947625,9.534868
aaaaalbz_s006_t000,bandwidth,30.0,canonicalized,1,6.589556,0.987305,3.687850
aaaaalid_s001_t001,bandwidth,30.0,canonicalized,0,4.891025,0.958275,2.174536
aaaaaljf_s001_t000,bandwidth,30.0,canonicalized,1,8.645647,0.997071,3.080592
aaaaaljj_s001_t000,bandwidth,30.0,canonicalized,0,3.277583,0.878187,2.809759
aaaaallc_s001_t001,bandwidth,30.0,canonicalized,0,2.446848,0.798799,0.970456
aaaaalle_s002_t000,bandwidth,30.0,canonicalized,1,3.506504,0.894709,0.350657
aaaaalox_s001_t001,bandwidth,30.0,canonicalized,0,7.250650,0.992065,1.468876
aaaaalpv_s001_t000,bandwidth,30.0,canonicalized,0,5.780700,0.977532,3.530178
aaaaalqa_s001_t000,bandwidth,30.0,canonicalized,0,3.680918,0.905938,1.464803
aaaaalqr_s001_t001,bandwidth,30.0,canonicalized,1,5.894586,0.979260,1.207094
aaaaalqs_s001_t001,bandwidth,30.0,canonicalized,0,2.251431,0.775297,0.400124
aaaaalqx_s001_t000,bandwidth,30.0,canonicalized,0,2.229901,0.772592,2.900765
aaaaalrc_s002_t000,bandwidth,30.0,canonicalized,1,6.333025,0.984776,0.594189
aaaaalsq_s001_t000,bandwidth,30.0,canonicalized,0,5.106293,0.964036,1.370327
aaaaalsx_s001_t000,bandwidth,30.0,canonicalized,1,5.033385,0.962176,1.772518
aaaaalsx_s004_t001,bandwidth,30.0,canonicalized,1,4.479596,0.944725,1.217997
aaaaaluz_s001_t001,bandwidth,30.0,canonicalized,0,3.270740,0.877661,1.958118
aaaaalvw_s001_t000,bandwidth,30.0,canonicalized,0,2.729005,0.829406,0.547252
aaaaalvz_s001_t000,bandwidth,30.0,canonicalized,1,7.976576,0.995274,0.307851
aaaaalxk_s001_t000,bandwidth,30.0,canonicalized,0,5.731145,0.976737,1.096563
aaaaalyr_s001_t000,bandwidth,30.0,canonicalized,1,8.815745,0.997407,2.810885
aaaaalzk_s002_t001,bandwidth,30.0,canonicalized,1,7.025184,0.990684,4.491812
aaaaamcb_s001_t001,bandwidth,30.0,canonicalized,1,8.891006,0.997543,5.096757
aaaaamfe_s001_t001,bandwidth,30.0,canonicalized,0,4.791210,0.955313,1.675225
aaaaamft_s001_t001,bandwidth,30.0,canonicalized,1,8.646006,0.997072,1.051418
aaaaamfu_s001_t000,bandwidth,30.0,canonicalized,0,8.214619,0.996013,0.670229
aaaaamhi_s001_t000,bandwidth,30.0,canonicalized,1,7.595186,0.993794,0.861835
aaaaamhk_s001_t000,bandwidth,30.0,canonicalized,1,4.603114,0.949178,0.426300
aaaaamjc_s001_t001,bandwidth,30.0,canonicalized,1,10.170962,0.999019,0.783816
aaaaammh_s001_t001,bandwidth,30.0,canonicalized,1,5.547410,0.973542,0.517820
aaaaamnq_s001_t000,bandwidth,30.0,canonicalized,1,7.640760,0.993992,1.164322
aaaaamnq_s002_t000,bandwidth,30.0,canonicalized,1,9.263285,0.998119,3.950731
aaaaamon_s001_t000,bandwidth,30.0,canonicalized,0,4.586937,0.948615,4.174384
aaaaampz_s001_t000,bandwidth,30.0,canonicalized,1,8.144894,0.995809,2.870136
aaaaamrj_s001_t000,bandwidth,30.0,canonicalized,0,4.966801,0.960397,0.870703
aaaaamsc_s001_t000,bandwidth,30.0,canonicalized,1,5.534978,0.973312,2.117313
aaaaamtb_s001_t000,bandwidth,30.0,canonicalized,0,5.812059,0.978021,3.358792
aaaaamuc_s001_t000,bandwidth,30.0,canonicalized,0,2.779628,0.834489,1.058298
aaaaamxn_s001_t000,bandwidth,30.0,canonicalized,1,5.767097,0.977316,1.467283
aaaaamyb_s001_t001,bandwidth,30.0,canonicalized,0,9.248788,0.998099,3.243209
aaaaamye_s001_t000,bandwidth,30.0,canonicalized,1,10.326412,0.999122,3.957069
aaaaamzi_s001_t001,bandwidth,30.0,canonicalized,1,8.750273,0.997283,1.971388
aaaaamzl_s001_t000,bandwidth,30.0,canonicalized,0,5.173040,0.965662,4.779032
aaaaamzx_s001_t000,bandwidth,30.0,canonicalized,0,5.765062,0.977284,3.697065
aaaaanbq_s001_t000,bandwidth,30.0,canonicalized,0,2.854727,0.841804,1.221262
aaaaanek_s001_t000,bandwidth,30.0,canonicalized,0,2.314991,0.783149,1.725367
aaaaangp_s001_t000,bandwidth,30.0,canonicalized,0,2.909389,0.846961,1.447830
aaaaanhb_s001_t003,bandwidth,30.0,canonicalized,1,6.874580,0.989631,3.025465
aaaaanhb_s003_t001,bandwidth,30.0,canonicalized,1,6.554363,0.986985,0.616583
aaaaanhb_s005_t000,bandwidth,30.0,canonicalized,1,7.084139,0.991066,2.594829
aaaaankf_s001_t000,bandwidth,30.0,canonicalized,1,9.755943,0.998678,2.579840
aaaaanlp_s001_t000,bandwidth,30.0,canonicalized,0,2.952381,0.850920,3.879232
aaaaanmc_s001_t000,bandwidth,30.0,canonicalized,1,7.829583,0.994750,0.894039
aaaaanop_s001_t000,bandwidth,30.0,canonicalized,0,4.842249,0.956852,4.280108
aaaaanoz_s001_t000,bandwidth,30.0,canonicalized,1,5.240662,0.967236,2.291024
aaaaanpr_s001_t002,bandwidth,30.0,canonicalized,1,5.100345,0.963888,0.618499
aaaaanqe_s001_t000,bandwidth,30.0,canonicalized,0,2.010773,0.743768,0.980964
aaaaanro_s001_t000,bandwidth,30.0,canonicalized,1,6.584318,0.987258,0.625329
aaaaansj_s001_t000,bandwidth,30.0,canonicalized,1,5.523888,0.973104,0.922914
aaaaanta_s001_t000,bandwidth,30.0,canonicalized,1,5.750466,0.977050,2.240878
aaaaanum_s001_t000,bandwidth,30.0,canonicalized,0,2.845996,0.840967,0.630546
aaaaanvb_s002_t000,bandwidth,30.0,canonicalized,0,4.524298,0.946378,1.790792
aaaaanvg_s001_t002,bandwidth,30.0,canonicalized,0,4.256718,0.935747,0.363822
aaaaanvw_s001_t000,bandwidth,30.0,canonicalized,0,1.330618,0.640425,1.943569
aaaaanwc_s001_t001,bandwidth,30.0,canonicalized,1,7.147449,0.991460,3.859504
aaaaanxl_s001_t000,bandwidth,30.0,canonicalized,1,10.285363,0.999096,6.261901
aaaaanyb_s001_t001,bandwidth,30.0,canonicalized,0,3.071300,0.861432,0.806766
aaaaanyt_s002_t000,bandwidth,30.0,canonicalized,1,11.408964,0.999596,6.474865
aaaaanyw_s001_t000,bandwidth,30.0,canonicalized,1,5.140073,0.964868,0.809825
aaaaanyw_s002_t000,bandwidth,30.0,canonicalized,1,3.806062,0.913322,3.726925
aaaaanzh_s001_t000,bandwidth,30.0,canonicalized,1,4.720425,0.953092,5.885669
aaaaanzu_s001_t003,bandwidth,30.0,canonicalized,1,10.007528,0.998897,5.265349
aaaaaoav_s001_t000,bandwidth,30.0,canonicalized,0,4.147009,0.930844,2.344387
aaaaaoav_s002_t000,bandwidth,30.0,canonicalized,0,7.673566,0.994131,1.907018
aaaaaobi_s001_t000,bandwidth,30.0,canonicalized,1,5.654869,0.975459,2.307617
aaaaaobl_s001_t000,bandwidth,30.0,canonicalized,0,8.729679,0.997243,3.346168
aaaaaoby_s001_t000,bandwidth,30.0,canonicalized,0,1.823550,0.717318,3.629561
aaaaaoda_s001_t000,bandwidth,30.0,canonicalized,1,6.043039,0.981318,2.427512
aaaaaoeg_s001_t000,bandwidth,30.0,canonicalized,0,3.805480,0.913289,0.430844
aaaaaofj_s001_t000,bandwidth,30.0,canonicalized,0,3.569618,0.898903,1.377679
aaaaaofr_s001_t000,bandwidth,30.0,canonicalized,0,2.994435,0.854711,0.647844
aaaaaofz_s001_t000,bandwidth,30.0,canonicalized,0,2.086639,0.754012,0.836396
aaaaaohb_s001_t000,bandwidth,30.0,canonicalized,1,11.433441,0.999603,0.336155
aaaaaohr_s002_t001,bandwidth,30.0,canonicalized,1,14.625286,0.999960,3.875767
aaaaaoiq_s001_t000,bandwidth,30.0,canonicalized,1,7.725663,0.994346,1.341207
aaaaaoiv_s001_t000,bandwidth,30.0,canonicalized,1,3.284514,0.878719,0.277542
aaaaaoiv_s002_t001,bandwidth,30.0,canonicalized,1,7.580852,0.993730,3.314298
aaaaaoiv_s003_t003,bandwidth,30.0,canonicalized,1,10.836838,0.999391,2.310379
aaaaaojd_s001_t002,bandwidth,30.0,canonicalized,0,6.004531,0.980804,2.532836
aaaaaokg_s001_t000,bandwidth,30.0,canonicalized,0,8.975483,0.997688,1.858936
aaaaaoly_s001_t000,bandwidth,30.0,canonicalized,0,6.063157,0.981581,8.376303
aaaaaome_s001_t000,bandwidth,30.0,canonicalized,0,3.551818,0.897735,1.290949
aaaaaomx_s001_t000,bandwidth,30.0,canonicalized,0,4.940787,0.959681,3.233129
aaaaaomy_s001_t000,bandwidth,30.0,canonicalized,1,6.205119,0.983336,1.233680
aaaaaonb_s001_t000,bandwidth,30.0,canonicalized,0,5.837163,0.978405,1.137374
aaaaaons_s002_t002,bandwidth,30.0,canonicalized,1,5.657879,0.975511,0.394957
aaaaaopd_s001_t000,bandwidth,30.0,canonicalized,0,5.382357,0.970312,3.690218
aaaaaopo_s001_t000,bandwidth,30.0,canonicalized,0,1.385021,0.649371,0.709933
aaaaaora_s002_t000,bandwidth,30.0,canonicalized,1,4.334910,0.939042,1.517848
aaaaaord_s001_t000,bandwidth,30.0,canonicalized,1,4.807389,0.955806,0.626058
aaaaaosh_s001_t000,bandwidth,30.0,canonicalized,1,3.127074,0.866144,1.287404
aaaaaosw_s001_t000,bandwidth,30.0,canonicalized,0,7.103252,0.991187,4.416281
aaaaaote_s001_t000,bandwidth,30.0,canonicalized,0,3.147751,0.867857,1.107113
aaaaaout_s001_t000,bandwidth,30.0,canonicalized,1,5.328175,0.969170,10.158442
aaaaaovl_s001_t000,bandwidth,30.0,canonicalized,1,13.721993,0.999923,0.788023
aaaaaovo_s001_t000,bandwidth,30.0,canonicalized,1,6.748443,0.988659,1.892574
aaaaaowb_s001_t000,bandwidth,30.0,canonicalized,0,4.146621,0.930826,0.518588
aaaaaoxf_s001_t000,bandwidth,30.0,canonicalized,0,3.108855,0.864620,0.186244
aaaaaozf_s001_t001,bandwidth,30.0,canonicalized,0,4.974899,0.960618,5.215694
aaaaapag_s001_t000,bandwidth,30.0,canonicalized,0,2.977895,0.853230,6.405849
aaaaapar_s001_t000,bandwidth,30.0,canonicalized,1,10.273231,0.999088,1.589704
aaaaapcb_s001_t000,bandwidth,30.0,canonicalized,0,2.668629,0.823184,0.444673
aaaaapcy_s001_t002,bandwidth,30.0,canonicalized,0,1.951709,0.735601,1.210826
aaaaapdg_s001_t000,bandwidth,30.0,canonicalized,0,3.468044,0.892079,2.176785
aaaaaphs_s001_t000,bandwidth,30.0,canonicalized,1,8.080254,0.995611,1.568241
aaaaaphw_s001_t000,bandwidth,30.0,canonicalized,0,3.929898,0.920108,0.405051
aaaaapij_s001_t000,bandwidth,30.0,canonicalized,0,4.413331,0.942187,3.490656
aaaaapjc_s001_t001,bandwidth,30.0,canonicalized,0,5.086164,0.963532,0.574987
aaaaapka_s001_t000,bandwidth,30.0,canonicalized,0,6.478386,0.986265,0.761562
aaaaapkx_s001_t001,bandwidth,30.0,canonicalized,1,3.514630,0.895257,7.367708
aaaaaply_s001_t001,bandwidth,30.0,canonicalized,1,7.471049,0.993219,2.258872
aaaaapmb_s002_t001,bandwidth,30.0,canonicalized,1,4.868801,0.957632,0.851129
aaaaapmp_s001_t000,bandwidth,30.0,canonicalized,1,0.340573,0.466607,1.275620
aaaaapnr_s001_t000,bandwidth,30.0,canonicalized,1,3.978595,0.922642,3.273187
aaaaapoc_s001_t000,bandwidth,30.0,canonicalized,1,3.952100,0.921273,0.496170
aaaaapof_s001_t000,bandwidth,30.0,canonicalized,0,1.611825,0.685497,1.849099
aaaaapoo_s001_t000,bandwidth,30.0,canonicalized,0,3.001434,0.855334,2.504550
aaaaapoq_s001_t000,bandwidth,30.0,canonicalized,0,3.567669,0.898776,0.738800
aaaaappb_s001_t000,bandwidth,30.0,canonicalized,0,3.586064,0.899971,1.706305
aaaaapqd_s001_t000,bandwidth,30.0,canonicalized,1,6.471191,0.986195,2.091286
aaaaapqv_s001_t000,bandwidth,30.0,canonicalized,0,3.865030,0.916616,7.260507
aaaaapta_s001_t000,bandwidth,30.0,canonicalized,1,8.052147,0.995522,2.498519
aaaaapth_s001_t000,bandwidth,30.0,canonicalized,1,4.061954,0.926808,2.677199
aaaaapua_s001_t001,bandwidth,30.0,canonicalized,0,2.414352,0.795022,2.428266
aaaaapuu_s001_t000,bandwidth,30.0,canonicalized,0,4.480237,0.944749,4.483030
aaaaapvw_s001_t001,bandwidth,30.0,canonicalized,1,7.894795,0.994989,1.891291
aaaaapvy_s001_t000,bandwidth,30.0,canonicalized,1,4.062677,0.926843,5.629858
aaaaapwn_s001_t001,bandwidth,30.0,canonicalized,0,2.514684,0.806514,2.713716
aaaaapwo_s001_t001,bandwidth,30.0,canonicalized,1,11.061548,0.999482,3.533333
aaaaapxm_s001_t001,bandwidth,30.0,canonicalized,0,2.067034,0.751392,0.702529
aaaaapys_s001_t001,bandwidth,30.0,canonicalized,1,7.840910,0.994792,0.820507
aaaaapys_s002_t001,bandwidth,30.0,canonicalized,1,5.809517,0.977982,0.547045
aaaaaayx_s002_t000,bandwidth,40.0,canonicalized,0,2.557124,0.811226,1.038798
aaaaabdo_s003_t000,bandwidth,40.0,canonicalized,1,4.962469,0.960279,0.608064
aaaaabsk_s007_t000,bandwidth,40.0,canonicalized,1,3.577739,0.899432,0.550571
aaaaabuv_s002_t000,bandwidth,40.0,canonicalized,1,4.406777,0.941930,5.511402
aaaaacad_s003_t000,bandwidth,40.0,canonicalized,0,1.257627,0.628267,0.466985
aaaaacby_s004_t000,bandwidth,40.0,canonicalized,0,0.682473,0.527910,0.763497
aaaaaddm_s006_t000,bandwidth,40.0,canonicalized,1,3.081113,0.862271,0.803389
aaaaadeu_s002_t000,bandwidth,40.0,canonicalized,1,3.452344,0.890988,1.802745
aaaaadjk_s002_t000,bandwidth,40.0,canonicalized,0,0.497366,0.494707,0.110672
aaaaadkb_s002_t000,bandwidth,40.0,canonicalized,1,4.658325,0.951057,0.737930
aaaaadsm_s002_t001,bandwidth,40.0,canonicalized,0,0.531091,0.500761,0.419078
aaaaaeab_s003_t000,bandwidth,40.0,canonicalized,0,0.105329,0.424896,0.271291
aaaaaejc_s003_t001,bandwidth,40.0,canonicalized,0,1.901601,0.728543,0.334582
aaaaaezn_s003_t001,bandwidth,40.0,canonicalized,1,1.942988,0.734381,4.233646
aaaaafhl_s003_t000,bandwidth,40.0,canonicalized,1,4.196038,0.933077,1.053759
aaaaagfk_s003_t000,bandwidth,40.0,canonicalized,0,0.448861,0.486002,0.973234
aaaaagsc_s003_t001,bandwidth,40.0,canonicalized,1,4.715456,0.952932,3.131810
aaaaagsc_s006_t001,bandwidth,40.0,canonicalized,1,0.107043,0.425197,0.404915
aaaaaguk_s002_t001,bandwidth,40.0,canonicalized,0,-0.048247,0.398195,1.246623
aaaaagvx_s002_t000,bandwidth,40.0,canonicalized,1,1.742300,0.705338,0.762613
aaaaagvx_s003_t001,bandwidth,40.0,canonicalized,1,3.451750,0.890947,0.140418
aaaaagyr_s002_t000,bandwidth,40.0,canonicalized,1,0.794122,0.547837,1.399105
aaaaahie_s005_t001,bandwidth,40.0,canonicalized,1,4.869400,0.957650,2.532167
aaaaahsv_s002_t000,bandwidth,40.0,canonicalized,0,1.868313,0.723790,0.544762
aaaaahte_s002_t000,bandwidth,40.0,canonicalized,1,5.214405,0.966633,1.420264
aaaaahte_s003_t000,bandwidth,40.0,canonicalized,1,4.777307,0.954885,0.497380
aaaaahuy_s002_t000,bandwidth,40.0,canonicalized,1,-1.327888,0.208839,0.073473
aaaaahzi_s001_t000,bandwidth,40.0,canonicalized,0,1.850236,0.721187,0.614896
aaaaahzm_s001_t001,bandwidth,40.0,canonicalized,0,-0.147162,0.381302,0.625102
aaaaahzq_s001_t000,bandwidth,40.0,canonicalized,0,0.625963,0.517786,0.565399
aaaaahzs_s001_t001,bandwidth,40.0,canonicalized,0,7.210135,0.991833,8.901182
aaaaaiae_s001_t000,bandwidth,40.0,canonicalized,0,0.247942,0.450094,1.850526
aaaaaibx_s001_t000,bandwidth,40.0,canonicalized,0,0.904608,0.567407,0.488337
aaaaaiby_s001_t000,bandwidth,40.0,canonicalized,0,1.022876,0.588122,0.722227
aaaaaici_s001_t000,bandwidth,40.0,canonicalized,0,1.507506,0.669126,10.487494
aaaaaicn_s001_t000,bandwidth,40.0,canonicalized,0,8.797909,0.997374,4.895839
aaaaaijh_s002_t000,bandwidth,40.0,canonicalized,1,-0.015384,0.403863,0.429768
aaaaaijn_s001_t001,bandwidth,40.0,canonicalized,0,0.699229,0.530908,0.063178
aaaaairb_s001_t001,bandwidth,40.0,canonicalized,0,1.319673,0.638612,2.972159
aaaaairo_s001_t000,bandwidth,40.0,canonicalized,0,0.298855,0.459159,1.186213
aaaaaitt_s001_t000,bandwidth,40.0,canonicalized,0,-0.346292,0.348185,4.898154
aaaaaiue_s004_t000,bandwidth,40.0,canonicalized,1,4.161532,0.931513,3.521581
aaaaaiuo_s002_t000,bandwidth,40.0,canonicalized,0,2.891344,0.845274,0.526984
aaaaaiwz_s001_t001,bandwidth,40.0,canonicalized,0,-0.052309,0.397496,0.495847
aaaaaiyy_s001_t001,bandwidth,40.0,canonicalized,0,0.008258,0.407957,3.536752
aaaaaizd_s001_t001,bandwidth,40.0,canonicalized,0,1.020347,0.587683,1.179990
aaaaaizs_s001_t000,bandwidth,40.0,canonicalized,0,3.172060,0.869846,0.629577
aaaaajae_s001_t001,bandwidth,40.0,canonicalized,0,4.065802,0.926995,1.137797
aaaaajah_s002_t001,bandwidth,40.0,canonicalized,1,2.229266,0.772512,2.510834
aaaaajah_s004_t000,bandwidth,40.0,canonicalized,1,3.235163,0.874891,5.326972
aaaaajal_s001_t001,bandwidth,40.0,canonicalized,0,-0.916290,0.261853,0.995321
aaaaajam_s001_t000,bandwidth,40.0,canonicalized,1,1.823765,0.717349,0.359124
aaaaajar_s001_t001,bandwidth,40.0,canonicalized,0,0.503433,0.495796,0.642824
aaaaajbb_s001_t000,bandwidth,40.0,canonicalized,0,2.076569,0.752668,0.347381
aaaaajbh_s002_t000,bandwidth,40.0,canonicalized,0,-1.532625,0.185584,1.431907
aaaaajce_s001_t000,bandwidth,40.0,canonicalized,0,-0.901178,0.263956,0.889073
aaaaajci_s001_t000,bandwidth,40.0,canonicalized,0,1.390284,0.650231,1.363405
aaaaajck_s001_t000,bandwidth,40.0,canonicalized,0,1.400248,0.651857,1.141092
aaaaajct_s001_t000,bandwidth,40.0,canonicalized,0,1.157942,0.611401,0.503854
aaaaajcu_s001_t000,bandwidth,40.0,canonicalized,0,0.415606,0.480039,0.256910
aaaaajda_s001_t000,bandwidth,40.0,canonicalized,0,0.472742,0.490287,1.523305
aaaaajdb_s001_t000,bandwidth,40.0,canonicalized,0,0.041183,0.413680,1.393905
aaaaajdv_s001_t000,bandwidth,40.0,canonicalized,0,3.540930,0.897015,2.761517
aaaaajdy_s001_t000,bandwidth,40.0,canonicalized,0,-0.248090,0.364356,1.240195
aaaaajdz_s001_t000,bandwidth,40.0,canonicalized,0,0.833076,0.554757,0.258678
aaaaajea_s001_t000,bandwidth,40.0,canonicalized,0,1.645837,0.690739,1.455892
aaaaajen_s001_t000,bandwidth,40.0,canonicalized,0,-0.634943,0.302733,3.685991
aaaaajey_s001_t000,bandwidth,40.0,canonicalized,0,-0.116354,0.386535,0.321977
aaaaajfb_s001_t000,bandwidth,40.0,canonicalized,0,-0.439135,0.333210,4.382448
aaaaajfe_s001_t000,bandwidth,40.0,canonicalized,0,2.000539,0.742365,0.382947
aaaaajff_s001_t000,bandwidth,40.0,canonicalized,0,-0.303766,0.355148,0.403728
aaaaajfi_s001_t001,bandwidth,40.0,canonicalized,0,0.545037,0.503265,0.313728
aaaaajfn_s001_t001,bandwidth,40.0,canonicalized,0,-0.132280,0.383826,3.730959
aaaaajfy_s001_t000,bandwidth,40.0,canonicalized,0,-1.830945,0.155356,0.662621
aaaaajga_s001_t001,bandwidth,40.0,canonicalized,0,-0.265004,0.361548,1.453763
aaaaajhy_s001_t000,bandwidth,40.0,canonicalized,0,-0.620721,0.304894,1.368258
aaaaajit_s001_t001,bandwidth,40.0,canonicalized,0,0.536770,0.501781,1.673462
aaaaajiu_s001_t000,bandwidth,40.0,canonicalized,0,3.815908,0.913880,4.325160
aaaaajiy_s001_t001,bandwidth,40.0,canonicalized,0,-0.172569,0.377007,0.550404
aaaaajiz_s001_t000,bandwidth,40.0,canonicalized,0,-0.323493,0.351910,0.376523
aaaaajjb_s001_t001,bandwidth,40.0,canonicalized,0,2.358397,0.788396,2.575492
aaaaajje_s001_t000,bandwidth,40.0,canonicalized,0,1.053367,0.593416,1.833451
aaaaajjk_s001_t000,bandwidth,40.0,canonicalized,0,0.626743,0.517926,0.442421
aaaaajna_s001_t000,bandwidth,40.0,canonicalized,0,0.803584,0.549520,1.424204
aaaaajnu_s001_t000,bandwidth,40.0,canonicalized,0,0.108093,0.425381,2.904587
aaaaajon_s001_t000,bandwidth,40.0,canonicalized,0,1.258350,0.628389,1.581159
aaaaajoo_s002_t001,bandwidth,40.0,canonicalized,1,1.189310,0.616739,1.076921
aaaaajpg_s001_t001,bandwidth,40.0,canonicalized,0,0.392246,0.475853,0.212120
aaaaajqh_s004_t000,bandwidth,40.0,canonicalized,1,4.854954,0.957227,1.411911
aaaaajqk_s003_t001,bandwidth,40.0,canonicalized,1,7.044219,0.990809,3.155898
aaaaajrf_s001_t000,bandwidth,40.0,canonicalized,1,8.788565,0.997356,0.341587
aaaaajrf_s002_t000,bandwidth,40.0,canonicalized,1,5.344004,0.969508,2.533299
aaaaajrf_s003_t002,bandwidth,40.0,canonicalized,1,6.053755,0.981458,3.192261
aaaaajrf_s004_t000,bandwidth,40.0,canonicalized,1,7.709370,0.994279,0.825095
aaaaajso_s001_t000,bandwidth,40.0,canonicalized,1,2.785863,0.835106,1.193295
aaaaajtg_s001_t000,bandwidth,40.0,canonicalized,0,0.517815,0.498378,1.482643
aaaaajtu_s001_t000,bandwidth,40.0,canonicalized,0,1.040038,0.591105,2.688703
aaaaajuh_s001_t000,bandwidth,40.0,canonicalized,1,9.400139,0.998294,6.410943
aaaaajun_s001_t000,bandwidth,40.0,canonicalized,0,2.101640,0.756005,0.241880
aaaaajvh_s001_t001,bandwidth,40.0,canonicalized,0,1.370396,0.646976,0.238959
aaaaajxp_s001_t000,bandwidth,40.0,canonicalized,0,1.592385,0.682479,1.098417
aaaaakck_s001_t001,bandwidth,40.0,canonicalized,1,3.703592,0.907317,0.770454
aaaaakcx_s001_t001,bandwidth,40.0,canonicalized,1,5.259292,0.967657,2.405561
aaaaakcy_s005_t001,bandwidth,40.0,canonicalized,1,6.903605,0.989842,1.633159
aaaaakdj_s001_t000,bandwidth,40.0,canonicalized,1,1.408031,0.653124,0.457245
aaaaakdo_s001_t000,bandwidth,40.0,canonicalized,1,1.079079,0.597863,1.509411
aaaaakeq_s001_t000,bandwidth,40.0,canonicalized,1,2.182956,0.766615,1.032554
aaaaakeq_s002_t000,bandwidth,40.0,canonicalized,1,4.620495,0.949777,13.644304
aaaaakeq_s003_t000,bandwidth,40.0,canonicalized,1,3.302826,0.880113,3.083561
aaaaakev_s001_t001,bandwidth,40.0,canonicalized,1,6.131822,0.982451,8.478978
aaaaakev_s002_t000,bandwidth,40.0,canonicalized,1,7.044859,0.990813,3.535703
aaaaakft_s001_t000,bandwidth,40.0,canonicalized,0,-0.518673,0.320643,1.869591
aaaaakgp_s001_t001,bandwidth,40.0,canonicalized,0,1.486932,0.665847,0.588380
aaaaakgu_s001_t000,bandwidth,40.0,canonicalized,1,0.037446,0.413030,0.380911
aaaaakjk_s002_t002,bandwidth,40.0,canonicalized,1,6.349686,0.984955,5.195454
aaaaakjk_s003_t000,bandwidth,40.0,canonicalized,1,4.417976,0.942368,1.245960
aaaaakka_s001_t001,bandwidth,40.0,canonicalized,0,2.578703,0.813587,1.100812
aaaaakmg_s003_t001,bandwidth,40.0,canonicalized,1,4.649901,0.950775,0.183122
aaaaakmh_s001_t000,bandwidth,40.0,canonicalized,1,1.521419,0.671334,0.521876
aaaaaknt_s001_t000,bandwidth,40.0,canonicalized,1,3.207614,0.872709,1.141656
aaaaakoo_s001_t001,bandwidth,40.0,canonicalized,1,6.108727,0.982163,1.006646
aaaaakqg_s001_t001,bandwidth,40.0,canonicalized,0,2.074082,0.752336,4.292448
aaaaakqr_s001_t000,bandwidth,40.0,canonicalized,0,-0.668102,0.297731,0.805614
aaaaakrt_s001_t001,bandwidth,40.0,canonicalized,1,2.813112,0.837783,0.941544
aaaaakrt_s002_t001,bandwidth,40.0,canonicalized,1,5.785666,0.977610,2.146141
aaaaaksb_s001_t000,bandwidth,40.0,canonicalized,0,-0.651736,0.300194,1.840773
aaaaaksu_s001_t001,bandwidth,40.0,canonicalized,0,6.765462,0.988795,5.544962
aaaaakxz_s001_t001,bandwidth,40.0,canonicalized,1,7.584859,0.993748,1.329795
aaaaakxz_s002_t001,bandwidth,40.0,canonicalized,1,0.683476,0.528090,2.559385
aaaaalaf_s001_t000,bandwidth,40.0,canonicalized,0,0.480789,0.491731,4.506611
aaaaalau_s001_t000,bandwidth,40.0,canonicalized,1,4.442690,0.943325,0.909319
aaaaalbh_s001_t000,bandwidth,40.0,canonicalized,1,1.957912,0.736467,1.786282
aaaaalbt_s001_t001,bandwidth,40.0,canonicalized,0,3.170593,0.869727,1.707945
aaaaalbt_s002_t000,bandwidth,40.0,canonicalized,0,3.677772,0.905746,7.049695
aaaaalbz_s006_t000,bandwidth,40.0,canonicalized,1,3.436762,0.889897,13.648296
aaaaalid_s001_t001,bandwidth,40.0,canonicalized,0,2.061620,0.750665,1.008810
aaaaaljf_s001_t000,bandwidth,40.0,canonicalized,1,6.601471,0.987412,1.456994
aaaaaljj_s001_t000,bandwidth,40.0,canonicalized,0,0.396431,0.476603,2.100292
aaaaallc_s001_t001,bandwidth,40.0,canonicalized,0,1.216168,0.621288,0.182568
aaaaalle_s002_t000,bandwidth,40.0,canonicalized,1,4.026810,0.925077,0.660148
aaaaalox_s001_t001,bandwidth,40.0,canonicalized,0,5.744853,0.976959,4.127870
aaaaalpv_s001_t000,bandwidth,40.0,canonicalized,0,2.499434,0.804799,6.174483
aaaaalqa_s001_t000,bandwidth,40.0,canonicalized,0,2.439206,0.797915,1.463520
aaaaalqr_s001_t001,bandwidth,40.0,canonicalized,1,2.754607,0.831992,1.014694
aaaaalqs_s001_t001,bandwidth,40.0,canonicalized,0,-1.585120,0.179953,0.277205
aaaaalqx_s001_t000,bandwidth,40.0,canonicalized,0,0.034657,0.412544,1.600129
aaaaalrc_s002_t000,bandwidth,40.0,canonicalized,1,6.737152,0.988567,0.733788
aaaaalsq_s001_t000,bandwidth,40.0,canonicalized,0,3.458117,0.891390,2.104005
aaaaalsx_s001_t000,bandwidth,40.0,canonicalized,1,1.943349,0.734432,0.670687
aaaaalsx_s004_t001,bandwidth,40.0,canonicalized,1,-0.929098,0.260079,3.015445
aaaaaluz_s001_t001,bandwidth,40.0,canonicalized,0,1.676752,0.695461,1.782987
aaaaalvw_s001_t000,bandwidth,40.0,canonicalized,0,0.560836,0.506101,1.051255
aaaaalvz_s001_t000,bandwidth,40.0,canonicalized,1,8.212311,0.996007,0.421623
aaaaalxk_s001_t000,bandwidth,40.0,canonicalized,0,3.110409,0.864751,0.910561
aaaaalyr_s001_t000,bandwidth,40.0,canonicalized,1,5.717936,0.976520,4.982310
aaaaalzk_s002_t001,bandwidth,40.0,canonicalized,1,4.956579,0.960117,2.084355
aaaaamcb_s001_t001,bandwidth,40.0,canonicalized,1,4.838361,0.956736,1.590617
aaaaamfe_s001_t001,bandwidth,40.0,canonicalized,0,1.451014,0.660084,2.077579
aaaaamft_s001_t001,bandwidth,40.0,canonicalized,1,6.366686,0.985135,1.005095
aaaaamfu_s001_t000,bandwidth,40.0,canonicalized,0,6.046670,0.981366,2.628591
aaaaamhi_s001_t000,bandwidth,40.0,canonicalized,1,3.446814,0.890602,1.969484
aaaaamhk_s001_t000,bandwidth,40.0,canonicalized,1,6.356176,0.985024,0.915135
aaaaamjc_s001_t001,bandwidth,40.0,canonicalized,1,6.966448,0.990286,2.413391
aaaaammh_s001_t001,bandwidth,40.0,canonicalized,1,3.846753,0.915608,1.130846
aaaaamnq_s001_t000,bandwidth,40.0,canonicalized,1,2.920526,0.847995,0.395594
aaaaamnq_s002_t000,bandwidth,40.0,canonicalized,1,2.118845,0.758277,0.588164
aaaaamon_s001_t000,bandwidth,40.0,canonicalized,0,0.940331,0.573692,2.098927
aaaaampz_s001_t000,bandwidth,40.0,canonicalized,1,3.660387,0.904674,0.448581
aaaaamrj_s001_t000,bandwidth,40.0,canonicalized,0,1.881045,0.725614,0.905609
aaaaamsc_s001_t000,bandwidth,40.0,canonicalized,1,5.822656,0.978184,1.468029
aaaaamtb_s001_t000,bandwidth,40.0,canonicalized,0,4.255879,0.935711,3.740387
aaaaamuc_s001_t000,bandwidth,40.0,canonicalized,0,0.633236,0.519090,0.444552
aaaaamxn_s001_t000,bandwidth,40.0,canonicalized,1,-0.117691,0.386307,0.291491
aaaaamyb_s001_t001,bandwidth,40.0,canonicalized,0,8.387392,0.996477,4.957305
aaaaamye_s001_t000,bandwidth,40.0,canonicalized,1,5.614022,0.974747,1.137001
aaaaamzi_s001_t001,bandwidth,40.0,canonicalized,1,5.298050,0.968517,6.760313
aaaaamzl_s001_t000,bandwidth,40.0,canonicalized,0,-1.368053,0.204113,2.403207
aaaaamzx_s001_t000,bandwidth,40.0,canonicalized,0,1.014446,0.586655,8.128527
aaaaanbq_s001_t000,bandwidth,40.0,canonicalized,0,0.281960,0.456147,0.266304
aaaaanek_s001_t000,bandwidth,40.0,canonicalized,0,-0.899060,0.264252,0.863409
aaaaangp_s001_t000,bandwidth,40.0,canonicalized,0,0.993958,0.583083,0.343198
aaaaanhb_s001_t003,bandwidth,40.0,canonicalized,1,5.537383,0.973356,1.392319
aaaaanhb_s003_t001,bandwidth,40.0,canonicalized,1,2.949939,0.850698,0.572071
aaaaanhb_s005_t000,bandwidth,40.0,canonicalized,1,4.439698,0.943210,1.940746
aaaaankf_s001_t000,bandwidth,40.0,canonicalized,1,5.082131,0.963430,1.535811
aaaaanlp_s001_t000,bandwidth,40.0,canonicalized,0,2.622129,0.818271,1.825348
aaaaanmc_s001_t000,bandwidth,40.0,canonicalized,1,8.938185,0.997625,6.665574
aaaaanop_s001_t000,bandwidth,40.0,canonicalized,0,2.262583,0.776689,1.432429
aaaaanoz_s001_t000,bandwidth,40.0,canonicalized,1,4.286460,0.937019,1.145450
aaaaanpr_s001_t002,bandwidth,40.0,canonicalized,1,5.083848,0.963473,4.943896
aaaaanqe_s001_t000,bandwidth,40.0,canonicalized,0,1.023975,0.588314,0.305597
aaaaanro_s001_t000,bandwidth,40.0,canonicalized,1,5.493749,0.972532,1.664566
aaaaansj_s001_t000,bandwidth,40.0,canonicalized,1,6.650035,0.987838,3.515604
aaaaanta_s001_t000,bandwidth,40.0,canonicalized,1,5.599930,0.974497,2.951208
aaaaanum_s001_t000,bandwidth,40.0,canonicalized,0,2.052688,0.749462,2.439643
aaaaanvb_s002_t000,bandwidth,40.0,canonicalized,0,-0.452414,0.331095,0.385912
aaaaanvg_s001_t002,bandwidth,40.0,canonicalized,0,4.313689,0.938164,0.408278
aaaaanvw_s001_t000,bandwidth,40.0,canonicalized,0,0.175863,0.437318,1.422047
aaaaanwc_s001_t001,bandwidth,40.0,canonicalized,1,5.591230,0.974341,0.346426
aaaaanxl_s001_t000,bandwidth,40.0,canonicalized,1,2.036115,0.747221,2.988574
aaaaanyb_s001_t001,bandwidth,40.0,canonicalized,0,1.918100,0.730880,0.544437
aaaaanyt_s002_t000,bandwidth,40.0,canonicalized,1,7.227579,0.991934,1.535783
aaaaanyw_s001_t000,bandwidth,40.0,canonicalized,1,4.030799,0.925275,2.626083
aaaaanyw_s002_t000,bandwidth,40.0,canonicalized,1,4.939519,0.959645,1.312724
aaaaanzh_s001_t000,bandwidth,40.0,canonicalized,1,1.078005,0.597678,3.074515
aaaaanzu_s001_t003,bandwidth,40.0,canonicalized,1,4.959405,0.960195,1.421184
aaaaaoav_s001_t000,bandwidth,40.0,canonicalized,0,2.709498,0.827415,0.683959
aaaaaoav_s002_t000,bandwidth,40.0,canonicalized,0,4.416453,0.942309,0.678082
aaaaaobi_s001_t000,bandwidth,40.0,canonicalized,1,1.125501,0.605852,1.631884
aaaaaobl_s001_t000,bandwidth,40.0,canonicalized,0,4.192006,0.932896,1.796690
aaaaaoby_s001_t000,bandwidth,40.0,canonicalized,0,1.296640,0.634787,2.796213
aaaaaoda_s001_t000,bandwidth,40.0,canonicalized,1,7.347150,0.992593,5.811414
aaaaaoeg_s001_t000,bandwidth,40.0,canonicalized,0,2.774410,0.833971,0.891452
aaaaaofj_s001_t000,bandwidth,40.0,canonicalized,0,-0.153179,0.380283,1.225742
aaaaaofr_s001_t000,bandwidth,40.0,canonicalized,0,3.068622,0.861203,0.401909
aaaaaofz_s001_t000,bandwidth,40.0,canonicalized,0,2.234184,0.773132,0.481864
aaaaaohb_s001_t000,bandwidth,40.0,canonicalized,1,7.220399,0.991892,0.945545
aaaaaohr_s002_t001,bandwidth,40.0,canonicalized,1,10.915052,0.999425,2.837482
aaaaaoiq_s001_t000,bandwidth,40.0,canonicalized,1,4.680212,0.951784,0.515850
aaaaaoiv_s001_t000,bandwidth,40.0,canonicalized,1,1.669890,0.694416,0.243714
aaaaaoiv_s002_t001,bandwidth,40.0,canonicalized,1,2.347265,0.787059,3.878596
aaaaaoiv_s003_t003,bandwidth,40.0,canonicalized,1,4.601754,0.949131,2.355559
aaaaaojd_s001_t002,bandwidth,40.0,canonicalized,0,3.198490,0.871980,5.897459
aaaaaokg_s001_t000,bandwidth,40.0,canonicalized,0,6.147180,0.982641,4.213642
aaaaaoly_s001_t000,bandwidth,40.0,canonicalized,0,2.718284,0.828314,5.347580
aaaaaome_s001_t000,bandwidth,40.0,canonicalized,0,2.100221,0.755817,1.311581
aaaaaomx_s001_t000,bandwidth,40.0,canonicalized,0,1.529569,0.672624,1.679245
aaaaaomy_s001_t000,bandwidth,40.0,canonicalized,1,5.645895,0.975304,1.735817
aaaaaonb_s001_t000,bandwidth,40.0,canonicalized,0,3.061984,0.860632,1.783849
aaaaaons_s002_t002,bandwidth,40.0,canonicalized,1,2.258077,0.776128,0.235804
aaaaaopd_s001_t000,bandwidth,40.0,canonicalized,0,0.688930,0.529066,2.853708
aaaaaopo_s001_t000,bandwidth,40.0,canonicalized,0,0.322180,0.463321,0.270409
aaaaaora_s002_t000,bandwidth,40.0,canonicalized,1,2.579953,0.813724,0.699532
aaaaaord_s001_t000,bandwidth,40.0,canonicalized,1,1.777929,0.710627,0.507105
aaaaaosh_s001_t000,bandwidth,40.0,canonicalized,1,1.267430,0.629910,1.041898
aaaaaosw_s001_t000,bandwidth,40.0,canonicalized,0,3.327080,0.881939,2.194717
aaaaaote_s001_t000,bandwidth,40.0,canonicalized,0,1.618966,0.686601,0.705373
aaaaaout_s001_t000,bandwidth,40.0,canonicalized,1,3.316967,0.881181,3.328486
aaaaaovl_s001_t000,bandwidth,40.0,canonicalized,1,9.965215,0.998863,1.495240
aaaaaovo_s001_t000,bandwidth,40.0,canonicalized,1,2.503604,0.805269,2.011373
aaaaaowb_s001_t000,bandwidth,40.0,canonicalized,0,0.812835,0.551164,0.064469
aaaaaoxf_s001_t000,bandwidth,40.0,canonicalized,0,-1.973474,0.142394,0.126555
aaaaaozf_s001_t001,bandwidth,40.0,canonicalized,0,2.698056,0.826239,2.350386
aaaaapag_s001_t000,bandwidth,40.0,canonicalized,0,-0.281196,0.358868,2.053095
aaaaapar_s001_t000,bandwidth,40.0,canonicalized,1,4.591678,0.948781,0.611993
aaaaapcb_s001_t000,bandwidth,40.0,canonicalized,0,1.366988,0.646417,0.351651
aaaaapcy_s001_t002,bandwidth,40.0,canonicalized,0,-0.300950,0.355611,1.723620
aaaaapdg_s001_t000,bandwidth,40.0,canonicalized,0,0.225175,0.446051,0.677896
aaaaaphs_s001_t000,bandwidth,40.0,canonicalized,1,2.722694,0.828764,0.433239
aaaaaphw_s001_t000,bandwidth,40.0,canonicalized,0,1.746883,0.706021,0.931529
aaaaapij_s001_t000,bandwidth,40.0,canonicalized,0,1.256412,0.628063,2.220770
aaaaapjc_s001_t001,bandwidth,40.0,canonicalized,0,2.018092,0.744768,0.686258
aaaaapka_s001_t000,bandwidth,40.0,canonicalized,0,-2.823630,0.082711,0.357405
aaaaapkx_s001_t001,bandwidth,40.0,canonicalized,1,1.278425,0.631749,5.280042
aaaaaply_s001_t001,bandwidth,40.0,canonicalized,1,2.638142,0.819975,3.577967
aaaaapmb_s002_t001,bandwidth,40.0,canonicalized,1,6.482646,0.986306,0.653119
aaaaapmp_s001_t000,bandwidth,40.0,canonicalized,1,0.002698,0.406993,1.018712
aaaaapnr_s001_t000,bandwidth,40.0,canonicalized,1,-0.136637,0.383087,2.381457
aaaaapoc_s001_t000,bandwidth,40.0,canonicalized,1,2.250376,0.775165,3.108985
aaaaapof_s001_t000,bandwidth,40.0,canonicalized,0,-1.848547,0.153705,0.506655
aaaaapoo_s001_t000,bandwidth,40.0,canonicalized,0,0.907158,0.567856,1.175308
aaaaapoq_s001_t000,bandwidth,40.0,canonicalized,0,1.260342,0.628722,0.775756
aaaaappb_s001_t000,bandwidth,40.0,canonicalized,0,0.188545,0.439560,1.695651
aaaaapqd_s001_t000,bandwidth,40.0,canonicalized,1,2.052154,0.749390,0.987502
aaaaapqv_s001_t000,bandwidth,40.0,canonicalized,0,-0.649747,0.300494,3.063986
aaaaapta_s001_t000,bandwidth,40.0,canonicalized,1,3.891957,0.918082,1.312277
aaaaapth_s001_t000,bandwidth,40.0,canonicalized,1,2.727971,0.829301,4.315075
aaaaapua_s001_t001,bandwidth,40.0,canonicalized,0,0.357576,0.469647,2.036248
aaaaapuu_s001_t000,bandwidth,40.0,canonicalized,0,0.195241,0.440745,1.138421
aaaaapvw_s001_t001,bandwidth,40.0,canonicalized,1,5.257616,0.967620,1.402017
aaaaapvy_s001_t000,bandwidth,40.0,canonicalized,1,1.914850,0.730421,3.172007
aaaaapwn_s001_t001,bandwidth,40.0,canonicalized,0,-0.178704,0.375973,1.141369
aaaaapwo_s001_t001,bandwidth,40.0,canonicalized,1,7.913448,0.995055,2.418359
aaaaapxm_s001_t001,bandwidth,40.0,canonicalized,0,-0.446678,0.332008,0.090021
aaaaapys_s001_t001,bandwidth,40.0,canonicalized,1,5.399307,0.970661,1.955537
aaaaapys_s002_t001,bandwidth,40.0,canonicalized,1,3.081976,0.862345,0.549263
aaaaaayx_s002_t000,bandwidth,50.0,canonicalized,0,6.303527,0.984456,18.681208
aaaaabdo_s003_t000,bandwidth,50.0,canonicalized,1,9.240639,0.998088,2.351185
aaaaabsk_s007_t000,bandwidth,50.0,canonicalized,1,3.827581,0.914538,0.506548
aaaaabuv_s002_t000,bandwidth,50.0,canonicalized,1,6.525230,0.986713,1.272998
aaaaacad_s003_t000,bandwidth,50.0,canonicalized,0,8.128029,0.995759,1.286482
aaaaacby_s004_t000,bandwidth,50.0,canonicalized,0,11.876747,0.999712,0.294893
aaaaaddm_s006_t000,bandwidth,50.0,canonicalized,1,5.932566,0.979806,6.307144
aaaaadeu_s002_t000,bandwidth,50.0,canonicalized,1,8.454714,0.996643,4.328013
aaaaadjk_s002_t000,bandwidth,50.0,canonicalized,0,5.062442,0.962928,0.480081
aaaaadkb_s002_t000,bandwidth,50.0,canonicalized,1,4.687547,0.952025,1.124201
aaaaadsm_s002_t001,bandwidth,50.0,canonicalized,0,6.789994,0.988988,2.497690
aaaaaeab_s003_t000,bandwidth,50.0,canonicalized,0,3.143735,0.867526,2.085569
aaaaaejc_s003_t001,bandwidth,50.0,canonicalized,0,4.458614,0.943933,1.073570
aaaaaezn_s003_t001,bandwidth,50.0,canonicalized,1,6.698690,0.988251,12.890353
aaaaafhl_s003_t000,bandwidth,50.0,canonicalized,1,14.310124,0.999950,0.954460
aaaaagfk_s003_t000,bandwidth,50.0,canonicalized,0,5.140809,0.964886,7.291934
aaaaagsc_s003_t001,bandwidth,50.0,canonicalized,1,7.067679,0.990961,7.371614
aaaaagsc_s006_t001,bandwidth,50.0,canonicalized,1,3.673503,0.905484,1.172156
aaaaaguk_s002_t001,bandwidth,50.0,canonicalized,0,-1.606848,0.177662,1.069034
aaaaagvx_s002_t000,bandwidth,50.0,canonicalized,1,6.548767,0.986933,1.900322
aaaaagvx_s003_t001,bandwidth,50.0,canonicalized,1,4.745551,0.953892,1.492716
aaaaagyr_s002_t000,bandwidth,50.0,canonicalized,1,6.760162,0.988753,3.287947
aaaaahie_s005_t001,bandwidth,50.0,canonicalized,1,6.918138,0.989947,4.706222
aaaaahsv_s002_t000,bandwidth,50.0,canonicalized,0,5.076252,0.963281,2.181170
aaaaahte_s002_t000,bandwidth,50.0,canonicalized,1,9.169394,0.997988,3.170868
aaaaahte_s003_t000,bandwidth,50.0,canonicalized,1,15.965788,0.999985,1.416778
aaaaahuy_s002_t000,bandwidth,50.0,canonicalized,1,4.560425,0.947679,1.408470
aaaaahzi_s001_t000,bandwidth,50.0,canonicalized,0,4.203340,0.933404,0.625124
aaaaahzm_s001_t001,bandwidth,50.0,canonicalized,0,12.731833,0.999844,0.929059
aaaaahzq_s001_t000,bandwidth,50.0,canonicalized,0,2.357832,0.788328,0.068574
aaaaahzs_s001_t001,bandwidth,50.0,canonicalized,0,13.554082,0.999913,6.728718
aaaaaiae_s001_t000,bandwidth,50.0,canonicalized,0,12.737900,0.999845,3.078728
aaaaaibx_s001_t000,bandwidth,50.0,canonicalized,0,8.230670,0.996059,2.102525
aaaaaiby_s001_t000,bandwidth,50.0,canonicalized,0,3.130060,0.866393,1.512594
aaaaaici_s001_t000,bandwidth,50.0,canonicalized,0,6.742828,0.988613,14.334386
aaaaaicn_s001_t000,bandwidth,50.0,canonicalized,0,15.397058,0.999977,2.798282
aaaaaijh_s002_t000,bandwidth,50.0,canonicalized,1,4.104935,0.928874,2.300443
aaaaaijn_s001_t001,bandwidth,50.0,canonicalized,0,7.648587,0.994026,2.791187
aaaaairb_s001_t001,bandwidth,50.0,canonicalized,0,8.208426,0.995996,10.876547
aaaaairo_s001_t000,bandwidth,50.0,canonicalized,0,2.593047,0.815145,13.757598
aaaaaitt_s001_t000,bandwidth,50.0,canonicalized,0,1.580694,0.680657,5.791823
aaaaaiue_s004_t000,bandwidth,50.0,canonicalized,1,7.322780,0.992463,2.724828
aaaaaiuo_s002_t000,bandwidth,50.0,canonicalized,0,8.943344,0.997634,7.328105
aaaaaiwz_s001_t001,bandwidth,50.0,canonicalized,0,9.979895,0.998875,2.376821
aaaaaiyy_s001_t001,bandwidth,50.0,canonicalized,0,5.842602,0.978488,6.147975
aaaaaizd_s001_t001,bandwidth,50.0,canonicalized,0,5.580641,0.974150,2.822794
aaaaaizs_s001_t000,bandwidth,50.0,canonicalized,0,6.954251,0.990202,7.419199
aaaaajae_s001_t001,bandwidth,50.0,canonicalized,0,13.815394,0.999928,2.192709
aaaaajah_s002_t001,bandwidth,50.0,canonicalized,1,2.446712,0.798783,2.459732
aaaaajah_s004_t000,bandwidth,50.0,canonicalized,1,6.391713,0.985396,9.318790
aaaaajal_s001_t001,bandwidth,50.0,canonicalized,0,1.970787,0.738257,2.431934
aaaaajam_s001_t000,bandwidth,50.0,canonicalized,1,10.805588,0.999378,2.696196
aaaaajar_s001_t001,bandwidth,50.0,canonicalized,0,6.869356,0.989592,4.009084
aaaaajbb_s001_t000,bandwidth,50.0,canonicalized,0,5.366624,0.969985,1.703506
aaaaajbh_s002_t000,bandwidth,50.0,canonicalized,0,11.229128,0.999541,0.562575
aaaaajce_s001_t000,bandwidth,50.0,canonicalized,0,2.633088,0.819438,2.385153
aaaaajci_s001_t000,bandwidth,50.0,canonicalized,0,1.388949,0.650013,0.840045
aaaaajck_s001_t000,bandwidth,50.0,canonicalized,0,1.449398,0.659823,0.356709
aaaaajct_s001_t000,bandwidth,50.0,canonicalized,0,10.411308,0.999174,3.771413
aaaaajcu_s001_t000,bandwidth,50.0,canonicalized,0,2.805138,0.837004,8.763418
aaaaajda_s001_t000,bandwidth,50.0,canonicalized,0,4.517930,0.946145,0.581379
aaaaajdb_s001_t000,bandwidth,50.0,canonicalized,0,1.894395,0.727519,2.269167
aaaaajdv_s001_t000,bandwidth,50.0,canonicalized,0,2.869532,0.843215,0.844850
aaaaajdy_s001_t000,bandwidth,50.0,canonicalized,0,3.319246,0.881352,3.565429
aaaaajdz_s001_t000,bandwidth,50.0,canonicalized,0,1.501484,0.668168,0.299666
aaaaajea_s001_t000,bandwidth,50.0,canonicalized,0,11.031178,0.999471,10.199251
aaaaajen_s001_t000,bandwidth,50.0,canonicalized,0,6.779313,0.988905,11.677948
aaaaajey_s001_t000,bandwidth,50.0,canonicalized,0,0.870205,0.561333,1.314183
aaaaajfb_s001_t000,bandwidth,50.0,canonicalized,0,2.009460,0.743588,5.341923
aaaaajfe_s001_t000,bandwidth,50.0,canonicalized,0,6.089174,0.981916,6.008009
aaaaajff_s001_t000,bandwidth,50.0,canonicalized,0,3.376752,0.885603,4.926648
aaaaajfi_s001_t001,bandwidth,50.0,canonicalized,0,4.823916,0.956305,2.330547
aaaaajfn_s001_t001,bandwidth,50.0,canonicalized,0,4.351753,0.939730,3.316567
aaaaajfy_s001_t000,bandwidth,50.0,canonicalized,0,0.277988,0.455440,1.475604
aaaaajga_s001_t001,bandwidth,50.0,canonicalized,0,5.312996,0.968843,5.356586
aaaaajhy_s001_t000,bandwidth,50.0,canonicalized,0,7.317315,0.992433,3.717685
aaaaajit_s001_t001,bandwidth,50.0,canonicalized,0,1.932186,0.732865,4.037967
aaaaajiu_s001_t000,bandwidth,50.0,canonicalized,0,5.624054,0.974924,12.603540
aaaaajiy_s001_t001,bandwidth,50.0,canonicalized,0,8.389132,0.996481,6.794199
aaaaajiz_s001_t000,bandwidth,50.0,canonicalized,0,1.250870,0.627133,0.548322
aaaaajjb_s001_t001,bandwidth,50.0,canonicalized,0,10.124872,0.998986,1.203986
aaaaajje_s001_t000,bandwidth,50.0,canonicalized,0,4.048136,0.926132,1.596926
aaaaajjk_s001_t000,bandwidth,50.0,canonicalized,0,5.414877,0.970977,6.260791
aaaaajna_s001_t000,bandwidth,50.0,canonicalized,0,3.768213,0.911146,7.675611
aaaaajnu_s001_t000,bandwidth,50.0,canonicalized,0,6.953075,0.990193,7.954894
aaaaajon_s001_t000,bandwidth,50.0,canonicalized,0,2.028945,0.746247,2.037944
aaaaajoo_s002_t001,bandwidth,50.0,canonicalized,1,10.026934,0.998912,8.417824
aaaaajpg_s001_t001,bandwidth,50.0,canonicalized,0,2.371036,0.789906,0.249400
aaaaajqh_s004_t000,bandwidth,50.0,canonicalized,1,8.493075,0.996733,1.662289
aaaaajqk_s003_t001,bandwidth,50.0,canonicalized,1,11.510817,0.999625,0.468896
aaaaajrf_s001_t000,bandwidth,50.0,canonicalized,1,9.503115,0.998416,1.539650
aaaaajrf_s002_t000,bandwidth,50.0,canonicalized,1,11.312164,0.999567,7.275219
aaaaajrf_s003_t002,bandwidth,50.0,canonicalized,1,7.445601,0.993095,1.450871
aaaaajrf_s004_t000,bandwidth,50.0,canonicalized,1,16.521265,0.999990,0.444577
aaaaajso_s001_t000,bandwidth,50.0,canonicalized,1,10.909407,0.999422,4.738960
aaaaajtg_s001_t000,bandwidth,50.0,canonicalized,0,2.528893,0.808101,4.167776
aaaaajtu_s001_t000,bandwidth,50.0,canonicalized,0,5.299006,0.968538,10.624126
aaaaajuh_s001_t000,bandwidth,50.0,canonicalized,1,7.881910,0.994943,1.807448
aaaaajun_s001_t000,bandwidth,50.0,canonicalized,0,7.602969,0.993828,1.654083
aaaaajvh_s001_t001,bandwidth,50.0,canonicalized,0,1.732278,0.703840,0.636867
aaaaajxp_s001_t000,bandwidth,50.0,canonicalized,0,9.248145,0.998098,2.505866
aaaaakck_s001_t001,bandwidth,50.0,canonicalized,1,5.543080,0.973462,0.741647
aaaaakcx_s001_t001,bandwidth,50.0,canonicalized,1,14.804078,0.999965,3.516695
aaaaakcy_s005_t001,bandwidth,50.0,canonicalized,1,9.609621,0.998532,5.532413
aaaaakdj_s001_t000,bandwidth,50.0,canonicalized,1,1.908824,0.729568,0.309786
aaaaakdo_s001_t000,bandwidth,50.0,canonicalized,1,3.398079,0.887145,12.424026
aaaaakeq_s001_t000,bandwidth,50.0,canonicalized,1,3.758365,0.910572,1.408300
aaaaakeq_s002_t000,bandwidth,50.0,canonicalized,1,6.101325,0.982070,1.829108
aaaaakeq_s003_t000,bandwidth,50.0,canonicalized,1,4.218020,0.934056,0.844651
aaaaakev_s001_t001,bandwidth,50.0,canonicalized,1,8.498974,0.996747,20.128834
aaaaakev_s002_t000,bandwidth,50.0,canonicalized,1,8.199685,0.995970,2.759572
aaaaakft_s001_t000,bandwidth,50.0,canonicalized,0,5.868555,0.978877,4.484952
aaaaakgp_s001_t001,bandwidth,50.0,canonicalized,0,2.789216,0.835438,0.575076
aaaaakgu_s001_t000,bandwidth,50.0,canonicalized,1,8.925297,0.997603,8.090533
aaaaakjk_s002_t002,bandwidth,50.0,canonicalized,1,7.972094,0.995258,4.545447
aaaaakjk_s003_t000,bandwidth,50.0,canonicalized,1,5.854181,0.978662,1.539249
aaaaakka_s001_t001,bandwidth,50.0,canonicalized,0,6.077568,0.981767,1.373645
aaaaakmg_s003_t001,bandwidth,50.0,canonicalized,1,6.271185,0.984096,0.531224
aaaaakmh_s001_t000,bandwidth,50.0,canonicalized,1,6.654655,0.987878,4.248087
aaaaaknt_s001_t000,bandwidth,50.0,canonicalized,1,7.414322,0.992939,5.918747
aaaaakoo_s001_t001,bandwidth,50.0,canonicalized,1,8.690905,0.997165,2.945064
aaaaakqg_s001_t001,bandwidth,50.0,canonicalized,0,8.424873,0.996570,7.483426
aaaaakqr_s001_t000,bandwidth,50.0,canonicalized,0,5.149264,0.965091,11.316493
aaaaakrt_s001_t001,bandwidth,50.0,canonicalized,1,9.995849,0.998887,0.600640
aaaaakrt_s002_t001,bandwidth,50.0,canonicalized,1,10.634960,0.999297,13.520679
aaaaaksb_s001_t000,bandwidth,50.0,canonicalized,0,5.303337,0.968633,6.788723
aaaaaksu_s001_t001,bandwidth,50.0,canonicalized,0,8.922028,0.997597,12.081251
aaaaakxz_s001_t001,bandwidth,50.0,canonicalized,1,14.735497,0.999963,0.147459
aaaaakxz_s002_t001,bandwidth,50.0,canonicalized,1,11.215885,0.999536,1.559925
aaaaalaf_s001_t000,bandwidth,50.0,canonicalized,0,2.604903,0.816424,1.537492
aaaaalau_s001_t000,bandwidth,50.0,canonicalized,1,13.020699,0.999873,3.744188
aaaaalbh_s001_t000,bandwidth,50.0,canonicalized,1,6.055182,0.981477,9.278455
aaaaalbt_s001_t001,bandwidth,50.0,canonicalized,0,11.473657,0.999615,1.901183
aaaaalbt_s002_t000,bandwidth,50.0,canonicalized,0,10.428602,0.999184,8.326513
aaaaalbz_s006_t000,bandwidth,50.0,canonicalized,1,11.943619,0.999725,3.964563
aaaaalid_s001_t001,bandwidth,50.0,canonicalized,0,6.371759,0.985188,3.192453
aaaaaljf_s001_t000,bandwidth,50.0,canonicalized,1,8.881720,0.997527,1.281571
aaaaaljj_s001_t000,bandwidth,50.0,canonicalized,0,0.432739,0.483110,1.797822
aaaaallc_s001_t001,bandwidth,50.0,canonicalized,0,4.286517,0.937022,1.997196
aaaaalle_s002_t000,bandwidth,50.0,canonicalized,1,11.506565,0.999624,3.155609
aaaaalox_s001_t001,bandwidth,50.0,canonicalized,0,9.927938,0.998832,12.262409
aaaaalpv_s001_t000,bandwidth,50.0,canonicalized,0,8.008900,0.995382,5.868817
aaaaalqa_s001_t000,bandwidth,50.0,canonicalized,0,3.754129,0.910324,0.411796
aaaaalqr_s001_t001,bandwidth,50.0,canonicalized,1,12.664791,0.999836,1.133149
aaaaalqs_s001_t001,bandwidth,50.0,canonicalized,0,4.859400,0.957357,0.605853
aaaaalqx_s001_t000,bandwidth,50.0,canonicalized,0,5.557462,0.973728,12.133654
aaaaalrc_s002_t000,bandwidth,50.0,canonicalized,1,11.267259,0.999553,2.080539
aaaaalsq_s001_t000,bandwidth,50.0,canonicalized,0,5.883652,0.979100,0.925187
aaaaalsx_s001_t000,bandwidth,50.0,canonicalized,1,10.084728,0.998956,3.698538
aaaaalsx_s004_t001,bandwidth,50.0,canonicalized,1,12.156101,0.999764,0.183964
aaaaaluz_s001_t001,bandwidth,50.0,canonicalized,0,2.425866,0.796366,0.551480
aaaaalvw_s001_t000,bandwidth,50.0,canonicalized,0,1.633693,0.688872,1.566430
aaaaalvz_s001_t000,bandwidth,50.0,canonicalized,1,8.279796,0.996195,1.816867
aaaaalxk_s001_t000,bandwidth,50.0,canonicalized,0,7.936655,0.995137,1.045455
aaaaalyr_s001_t000,bandwidth,50.0,canonicalized,1,14.216946,0.999946,1.365746
aaaaalzk_s002_t001,bandwidth,50.0,canonicalized,1,10.376291,0.999153,26.758190
aaaaamcb_s001_t001,bandwidth,50.0,canonicalized,1,5.898196,0.979312,1.085510
aaaaamfe_s001_t001,bandwidth,50.0,canonicalized,0,3.300231,0.879916,1.728506
aaaaamft_s001_t001,bandwidth,50.0,canonicalized,1,15.517738,0.999979,1.215393
aaaaamfu_s001_t000,bandwidth,50.0,canonicalized,0,5.579863,0.974136,0.976681
aaaaamhi_s001_t000,bandwidth,50.0,canonicalized,1,6.002509,0.980777,3.216695
aaaaamhk_s001_t000,bandwidth,50.0,canonicalized,1,11.785223,0.999692,0.989097
aaaaamjc_s001_t001,bandwidth,50.0,canonicalized,1,18.907017,0.999998,2.815259
aaaaammh_s001_t001,bandwidth,50.0,canonicalized,1,7.548987,0.993586,0.583766
aaaaamnq_s001_t000,bandwidth,50.0,canonicalized,1,7.041666,0.990792,0.947923
aaaaamnq_s002_t000,bandwidth,50.0,canonicalized,1,5.995844,0.980686,2.396732
aaaaamon_s001_t000,bandwidth,50.0,canonicalized,0,5.686000,0.975989,3.868035
aaaaampz_s001_t000,bandwidth,50.0,canonicalized,1,6.739520,0.988587,0.957665
aaaaamrj_s001_t000,bandwidth,50.0,canonicalized,0,6.468913,0.986172,3.459754
aaaaamsc_s001_t000,bandwidth,50.0,canonicalized,1,11.524112,0.999628,9.706305
aaaaamtb_s001_t000,bandwidth,50.0,canonicalized,0,4.323962,0.938590,0.870813
aaaaamuc_s001_t000,bandwidth,50.0,canonicalized,0,7.603168,0.993829,4.064072
aaaaamxn_s001_t000,bandwidth,50.0,canonicalized,1,0.376236,0.472986,0.761861
aaaaamyb_s001_t001,bandwidth,50.0,canonicalized,0,12.628639,0.999832,0.473076
aaaaamye_s001_t000,bandwidth,50.0,canonicalized,1,10.979828,0.999451,15.547203
aaaaamzi_s001_t001,bandwidth,50.0,canonicalized,1,10.872151,0.999407,20.655840
aaaaamzl_s001_t000,bandwidth,50.0,canonicalized,0,3.480964,0.892969,4.416189
aaaaamzx_s001_t000,bandwidth,50.0,canonicalized,0,3.710413,0.907728,18.205431
aaaaanbq_s001_t000,bandwidth,50.0,canonicalized,0,10.152547,0.999006,2.512674
aaaaanek_s001_t000,bandwidth,50.0,canonicalized,0,1.702560,0.699372,1.120556
aaaaangp_s001_t000,bandwidth,50.0,canonicalized,0,8.695883,0.997175,3.241301
aaaaanhb_s001_t003,bandwidth,50.0,canonicalized,1,11.870255,0.999710,3.495228
aaaaanhb_s003_t001,bandwidth,50.0,canonicalized,1,11.266944,0.999553,3.959468
aaaaanhb_s005_t000,bandwidth,50.0,canonicalized,1,15.047518,0.999970,2.641095
aaaaankf_s001_t000,bandwidth,50.0,canonicalized,1,6.263661,0.984011,7.159115
aaaaanlp_s001_t000,bandwidth,50.0,canonicalized,0,7.450557,0.993119,5.454341
aaaaanmc_s001_t000,bandwidth,50.0,canonicalized,1,13.212073,0.999889,6.305228
aaaaanop_s001_t000,bandwidth,50.0,canonicalized,0,3.568260,0.898814,2.224755
aaaaanoz_s001_t000,bandwidth,50.0,canonicalized,1,6.531564,0.986773,0.544159
aaaaanpr_s001_t002,bandwidth,50.0,canonicalized,1,12.512197,0.999817,2.592001
aaaaanqe_s001_t000,bandwidth,50.0,canonicalized,0,1.126489,0.606021,0.454929
aaaaanro_s001_t000,bandwidth,50.0,canonicalized,1,6.127028,0.982392,2.596128
aaaaansj_s001_t000,bandwidth,50.0,canonicalized,1,12.218658,0.999774,1.047771
aaaaanta_s001_t000,bandwidth,50.0,canonicalized,1,13.167404,0.999886,9.285769
aaaaanum_s001_t000,bandwidth,50.0,canonicalized,0,4.009042,0.924188,1.584351
aaaaanvb_s002_t000,bandwidth,50.0,canonicalized,0,1.998662,0.742107,0.213542
aaaaanvg_s001_t002,bandwidth,50.0,canonicalized,0,11.550636,0.999635,2.113594
aaaaanvw_s001_t000,bandwidth,50.0,canonicalized,0,1.652977,0.691833,0.533105
aaaaanwc_s001_t001,bandwidth,50.0,canonicalized,1,14.037305,0.999939,2.212192
aaaaanxl_s001_t000,bandwidth,50.0,canonicalized,1,16.661922,0.999991,29.272387
aaaaanyb_s001_t001,bandwidth,50.0,canonicalized,0,8.710722,0.997205,1.198490
aaaaanyt_s002_t000,bandwidth,50.0,canonicalized,1,16.225328,0.999987,4.869849
aaaaanyw_s001_t000,bandwidth,50.0,canonicalized,1,9.839521,0.998755,1.727645
aaaaanyw_s002_t000,bandwidth,50.0,canonicalized,1,10.325541,0.999122,6.433279
aaaaanzh_s001_t000,bandwidth,50.0,canonicalized,1,6.990278,0.990449,8.802986
aaaaanzu_s001_t003,bandwidth,50.0,canonicalized,1,4.379899,0.940865,0.489967
aaaaaoav_s001_t000,bandwidth,50.0,canonicalized,0,5.796309,0.977777,1.706194
aaaaaoav_s002_t000,bandwidth,50.0,canonicalized,0,7.164187,0.991561,3.817046
aaaaaobi_s001_t000,bandwidth,50.0,canonicalized,1,2.782010,0.834725,2.791234
aaaaaobl_s001_t000,bandwidth,50.0,canonicalized,0,10.039978,0.998922,0.879146
aaaaaoby_s001_t000,bandwidth,50.0,canonicalized,0,4.864311,0.957501,11.649000
aaaaaoda_s001_t000,bandwidth,50.0,canonicalized,1,12.875669,0.999859,8.130680
aaaaaoeg_s001_t000,bandwidth,50.0,canonicalized,0,4.785040,0.955123,3.206107
aaaaaofj_s001_t000,bandwidth,50.0,canonicalized,0,6.545312,0.986901,4.788983
aaaaaofr_s001_t000,bandwidth,50.0,canonicalized,0,9.585386,0.998507,1.674385
aaaaaofz_s001_t000,bandwidth,50.0,canonicalized,0,7.796012,0.994623,1.839509
aaaaaohb_s001_t000,bandwidth,50.0,canonicalized,1,9.137829,0.997942,0.592495
aaaaaohr_s002_t001,bandwidth,50.0,canonicalized,1,11.163412,0.999519,1.272347
aaaaaoiq_s001_t000,bandwidth,50.0,canonicalized,1,6.085221,0.981865,0.331392
aaaaaoiv_s001_t000,bandwidth,50.0,canonicalized,1,5.398332,0.970641,0.337979
aaaaaoiv_s002_t001,bandwidth,50.0,canonicalized,1,7.016027,0.990623,5.849950
aaaaaoiv_s003_t003,bandwidth,50.0,canonicalized,1,14.068546,0.999940,4.281308
aaaaaojd_s001_t002,bandwidth,50.0,canonicalized,0,7.667480,0.994106,0.893911
aaaaaokg_s001_t000,bandwidth,50.0,canonicalized,0,12.767653,0.999848,8.389130
aaaaaoly_s001_t000,bandwidth,50.0,canonicalized,0,8.305148,0.996263,8.614573
aaaaaome_s001_t000,bandwidth,50.0,canonicalized,0,3.745848,0.909837,1.176909
aaaaaomx_s001_t000,bandwidth,50.0,canonicalized,0,4.701160,0.952469,1.987705
aaaaaomy_s001_t000,bandwidth,50.0,canonicalized,1,4.887406,0.958171,0.742907
aaaaaonb_s001_t000,bandwidth,50.0,canonicalized,0,6.260284,0.983973,13.024670
aaaaaons_s002_t002,bandwidth,50.0,canonicalized,1,3.507737,0.894792,0.706014
aaaaaopd_s001_t000,bandwidth,50.0,canonicalized,0,5.138163,0.964821,33.232410
aaaaaopo_s001_t000,bandwidth,50.0,canonicalized,0,1.456012,0.660889,0.172937
aaaaaora_s002_t000,bandwidth,50.0,canonicalized,1,4.692324,0.952181,0.496548
aaaaaord_s001_t000,bandwidth,50.0,canonicalized,1,3.122468,0.865761,3.089204
aaaaaosh_s001_t000,bandwidth,50.0,canonicalized,1,4.459122,0.943952,3.590075
aaaaaosw_s001_t000,bandwidth,50.0,canonicalized,0,10.390561,0.999162,25.870436
aaaaaote_s001_t000,bandwidth,50.0,canonicalized,0,11.155858,0.999516,0.747417
aaaaaout_s001_t000,bandwidth,50.0,canonicalized,1,6.115633,0.982250,3.426210
aaaaaovl_s001_t000,bandwidth,50.0,canonicalized,1,14.625370,0.999960,0.470669
aaaaaovo_s001_t000,bandwidth,50.0,canonicalized,1,15.000387,0.999969,8.946369
aaaaaowb_s001_t000,bandwidth,50.0,canonicalized,0,10.504314,0.999227,1.556190
aaaaaoxf_s001_t000,bandwidth,50.0,canonicalized,0,2.319533,0.783702,2.697771
aaaaaozf_s001_t001,bandwidth,50.0,canonicalized,0,3.239610,0.875240,2.756513
aaaaapag_s001_t000,bandwidth,50.0,canonicalized,0,0.768075,0.543200,2.919588
aaaaapar_s001_t000,bandwidth,50.0,canonicalized,1,5.746257,0.976982,0.751639
aaaaapcb_s001_t000,bandwidth,50.0,canonicalized,0,13.939806,0.999934,0.144327
aaaaapcy_s001_t002,bandwidth,50.0,canonicalized,0,3.826710,0.914489,9.342065
aaaaapdg_s001_t000,bandwidth,50.0,canonicalized,0,0.657267,0.523397,0.779904
aaaaaphs_s001_t000,bandwidth,50.0,canonicalized,1,3.533943,0.896551,1.922988
aaaaaphw_s001_t000,bandwidth,50.0,canonicalized,0,5.611829,0.974708,9.080434
aaaaapij_s001_t000,bandwidth,50.0,canonicalized,0,12.896168,0.999861,1.845118
aaaaapjc_s001_t001,bandwidth,50.0,canonicalized,0,2.158628,0.763474,2.523553
aaaaapka_s001_t000,bandwidth,50.0,canonicalized,0,4.568679,0.947972,3.129947
aaaaapkx_s001_t001,bandwidth,50.0,canonicalized,1,3.064025,0.860808,8.239454
aaaaaply_s001_t001,bandwidth,50.0,canonicalized,1,3.985103,0.922974,4.652475
aaaaapmb_s002_t001,bandwidth,50.0,canonicalized,1,15.361249,0.999976,0.408839
aaaaapmp_s001_t000,bandwidth,50.0,canonicalized,1,0.113191,0.426276,1.122406
aaaaapnr_s001_t000,bandwidth,50.0,canonicalized,1,4.782770,0.955053,5.041781
aaaaapoc_s001_t000,bandwidth,50.0,canonicalized,1,8.521021,0.996798,4.560718
aaaaapof_s001_t000,bandwidth,50.0,canonicalized,0,1.029696,0.589308,2.723427
aaaaapoo_s001_t000,bandwidth,50.0,canonicalized,0,2.591536,0.814981,6.448194
aaaaapoq_s001_t000,bandwidth,50.0,canonicalized,0,4.936314,0.959556,1.721058
aaaaappb_s001_t000,bandwidth,50.0,canonicalized,0,2.111713,0.757337,0.960397
aaaaapqd_s001_t000,bandwidth,50.0,canonicalized,1,13.981885,0.999936,5.644452
aaaaapqv_s001_t000,bandwidth,50.0,canonicalized,0,9.940712,0.998843,12.398380
aaaaapta_s001_t000,bandwidth,50.0,canonicalized,1,6.826242,0.989268,3.238949
aaaaapth_s001_t000,bandwidth,50.0,canonicalized,1,11.283300,0.999558,2.144688
aaaaapua_s001_t001,bandwidth,50.0,canonicalized,0,0.961024,0.577323,2.061888
aaaaapuu_s001_t000,bandwidth,50.0,canonicalized,0,9.630000,0.998554,3.112842
aaaaapvw_s001_t001,bandwidth,50.0,canonicalized,1,6.369600,0.985165,2.231201
aaaaapvy_s001_t000,bandwidth,50.0,canonicalized,1,12.707041,0.999841,11.581109
aaaaapwn_s001_t001,bandwidth,50.0,canonicalized,0,5.243795,0.967307,8.035519
aaaaapwo_s001_t001,bandwidth,50.0,canonicalized,1,10.542276,0.999248,7.472644
aaaaapxm_s001_t001,bandwidth,50.0,canonicalized,0,0.611340,0.515164,0.949959
aaaaapys_s001_t001,bandwidth,50.0,canonicalized,1,6.330387,0.984748,2.277947
aaaaapys_s002_t001,bandwidth,50.0,canonicalized,1,9.463433,0.998370,1.133788
aaaaaayx_s002_t000,bandwidth,64.0,canonicalized,0,4.972397,0.960550,15.306641
aaaaabdo_s003_t000,bandwidth,64.0,canonicalized,1,7.508892,0.993400,5.021169
aaaaabsk_s007_t000,bandwidth,64.0,canonicalized,1,3.189952,0.871294,0.399947
aaaaabuv_s002_t000,bandwidth,64.0,canonicalized,1,5.640448,0.975210,1.685210
aaaaacad_s003_t000,bandwidth,64.0,canonicalized,0,7.837247,0.994779,1.530910
aaaaacby_s004_t000,bandwidth,64.0,canonicalized,0,11.424760,0.999601,0.079018
aaaaaddm_s006_t000,bandwidth,64.0,canonicalized,1,5.389814,0.970466,2.650467
aaaaadeu_s002_t000,bandwidth,64.0,canonicalized,1,6.889917,0.989743,2.518635
aaaaadjk_s002_t000,bandwidth,64.0,canonicalized,0,6.807232,0.989122,0.483132
aaaaadkb_s002_t000,bandwidth,64.0,canonicalized,1,5.003660,0.961392,1.228954
aaaaadsm_s002_t001,bandwidth,64.0,canonicalized,0,7.573821,0.993698,1.558893
aaaaaeab_s003_t000,bandwidth,64.0,canonicalized,0,3.271039,0.877684,0.893344
aaaaaejc_s003_t001,bandwidth,64.0,canonicalized,0,4.323552,0.938573,0.716924
aaaaaezn_s003_t001,bandwidth,64.0,canonicalized,1,4.852781,0.957163,8.597258
aaaaafhl_s003_t000,bandwidth,64.0,canonicalized,1,12.488410,0.999814,1.462879
aaaaagfk_s003_t000,bandwidth,64.0,canonicalized,0,5.814305,0.978056,9.344744
aaaaagsc_s003_t001,bandwidth,64.0,canonicalized,1,5.050323,0.962617,5.438579
aaaaagsc_s006_t001,bandwidth,64.0,canonicalized,1,3.667402,0.905108,1.210604
aaaaaguk_s002_t001,bandwidth,64.0,canonicalized,0,-0.115261,0.386721,0.667064
aaaaagvx_s002_t000,bandwidth,64.0,canonicalized,1,5.513818,0.972914,1.969493
aaaaagvx_s003_t001,bandwidth,64.0,canonicalized,1,2.765730,0.833106,0.557459
aaaaagyr_s002_t000,bandwidth,64.0,canonicalized,1,3.771393,0.911331,2.114440
aaaaahie_s005_t001,bandwidth,64.0,canonicalized,1,5.634895,0.975113,2.759794
aaaaahsv_s002_t000,bandwidth,64.0,canonicalized,0,4.673805,0.951572,2.799851
aaaaahte_s002_t000,bandwidth,64.0,canonicalized,1,8.177481,0.995906,1.359987
aaaaahte_s003_t000,bandwidth,64.0,canonicalized,1,13.206532,0.999889,0.855104
aaaaahuy_s002_t000,bandwidth,64.0,canonicalized,1,5.859310,0.978739,1.229795
aaaaahzi_s001_t000,bandwidth,64.0,canonicalized,0,2.996498,0.854895,0.626500
aaaaahzm_s001_t001,bandwidth,64.0,canonicalized,0,12.155096,0.999764,1.038830
aaaaahzq_s001_t000,bandwidth,64.0,canonicalized,0,2.292394,0.780380,0.333798
aaaaahzs_s001_t001,bandwidth,64.0,canonicalized,0,10.262136,0.999081,5.547304
aaaaaiae_s001_t000,bandwidth,64.0,canonicalized,0,11.322337,0.999571,2.396365
aaaaaibx_s001_t000,bandwidth,64.0,canonicalized,0,7.212928,0.991849,3.098960
aaaaaiby_s001_t000,bandwidth,64.0,canonicalized,0,1.977769,0.739225,0.423901
aaaaaici_s001_t000,bandwidth,64.0,canonicalized,0,5.740537,0.976890,6.521835
aaaaaicn_s001_t000,bandwidth,64.0,canonicalized,0,13.691311,0.999922,2.162664
aaaaaijh_s002_t000,bandwidth,64.0,canonicalized,1,3.480282,0.892922,2.482683
aaaaaijn_s001_t001,bandwidth,64.0,canonicalized,0,7.366251,0.992693,2.282458
aaaaairb_s001_t001,bandwidth,64.0,canonicalized,0,6.434559,0.985832,7.821949
aaaaairo_s001_t000,bandwidth,64.0,canonicalized,0,1.346610,0.643065,8.255306
aaaaaitt_s001_t000,bandwidth,64.0,canonicalized,0,0.737828,0.537805,3.686679
aaaaaiue_s004_t000,bandwidth,64.0,canonicalized,1,5.560268,0.973779,1.109653
aaaaaiuo_s002_t000,bandwidth,64.0,canonicalized,0,7.997932,0.995345,8.703150
aaaaaiwz_s001_t001,bandwidth,64.0,canonicalized,0,9.848255,0.998763,1.215765
aaaaaiyy_s001_t001,bandwidth,64.0,canonicalized,0,6.299196,0.984408,5.331718
aaaaaizd_s001_t001,bandwidth,64.0,canonicalized,0,5.470539,0.972083,3.914594
aaaaaizs_s001_t000,bandwidth,64.0,canonicalized,0,6.598758,0.987388,5.925826
aaaaajae_s001_t001,bandwidth,64.0,canonicalized,0,11.920399,0.999720,3.967434
aaaaajah_s002_t001,bandwidth,64.0,canonicalized,1,2.641890,0.820372,0.477548
aaaaajah_s004_t000,bandwidth,64.0,canonicalized,1,4.683497,0.951892,2.991248
aaaaajal_s001_t001,bandwidth,64.0,canonicalized,0,1.836453,0.719193,1.928601
aaaaajam_s001_t000,bandwidth,64.0,canonicalized,1,10.083387,0.998955,1.269641
aaaaajar_s001_t001,bandwidth,64.0,canonicalized,0,6.529219,0.986751,1.773070
aaaaajbb_s001_t000,bandwidth,64.0,canonicalized,0,5.019958,0.961824,1.226064
aaaaajbh_s002_t000,bandwidth,64.0,canonicalized,0,10.698216,0.999328,0.401303
aaaaajce_s001_t000,bandwidth,64.0,canonicalized,0,1.125794,0.605902,1.359681
aaaaajci_s001_t000,bandwidth,64.0,canonicalized,0,1.252678,0.627437,0.894472
aaaaajck_s001_t000,bandwidth,64.0,canonicalized,0,1.480717,0.664853,0.260650
aaaaajct_s001_t000,bandwidth,64.0,canonicalized,0,8.758224,0.997298,4.610124
aaaaajcu_s001_t000,bandwidth,64.0,canonicalized,0,3.007779,0.855897,6.877100
aaaaajda_s001_t000,bandwidth,64.0,canonicalized,0,2.395058,0.792755,0.823713
aaaaajdb_s001_t000,bandwidth,64.0,canonicalized,0,1.328558,0.640084,1.371077
aaaaajdv_s001_t000,bandwidth,64.0,canonicalized,0,4.450976,0.943642,0.817409
aaaaajdy_s001_t000,bandwidth,64.0,canonicalized,0,3.432863,0.889622,2.228668
aaaaajdz_s001_t000,bandwidth,64.0,canonicalized,0,1.035218,0.590268,0.260821
aaaaajea_s001_t000,bandwidth,64.0,canonicalized,0,8.692242,0.997168,8.932516
aaaaajen_s001_t000,bandwidth,64.0,canonicalized,0,5.163655,0.965438,2.975571
aaaaajey_s001_t000,bandwidth,64.0,canonicalized,0,0.603005,0.513669,0.650795
aaaaajfb_s001_t000,bandwidth,64.0,canonicalized,0,1.758243,0.707712,1.739703
aaaaajfe_s001_t000,bandwidth,64.0,canonicalized,0,6.709534,0.988341,6.228805
aaaaajff_s001_t000,bandwidth,64.0,canonicalized,0,3.419753,0.888694,5.569373
aaaaajfi_s001_t001,bandwidth,64.0,canonicalized,0,3.351144,0.883726,2.446151
aaaaajfn_s001_t001,bandwidth,64.0,canonicalized,0,3.654575,0.904314,1.813381
aaaaajfy_s001_t000,bandwidth,64.0,canonicalized,0,0.990173,0.582422,3.837753
aaaaajga_s001_t001,bandwidth,64.0,canonicalized,0,3.363400,0.884628,4.978059
aaaaajhy_s001_t000,bandwidth,64.0,canonicalized,0,7.548893,0.993585,2.845227
aaaaajit_s001_t001,bandwidth,64.0,canonicalized,0,1.643422,0.690368,2.709944
aaaaajiu_s001_t000,bandwidth,64.0,canonicalized,0,4.466824,0.944244,3.336186
aaaaajiy_s001_t001,bandwidth,64.0,canonicalized,0,8.439241,0.996605,4.689743
aaaaajiz_s001_t000,bandwidth,64.0,canonicalized,0,0.441421,0.484668,0.136175
aaaaajjb_s001_t001,bandwidth,64.0,canonicalized,0,9.142903,0.997949,2.943635
aaaaajje_s001_t000,bandwidth,64.0,canonicalized,0,3.612411,0.901662,2.684000
aaaaajjk_s001_t000,bandwidth,64.0,canonicalized,0,5.529364,0.973207,8.929348
aaaaajna_s001_t000,bandwidth,64.0,canonicalized,0,3.581335,0.899665,6.774601
aaaaajnu_s001_t000,bandwidth,64.0,canonicalized,0,6.460488,0.986090,5.045086
aaaaajon_s001_t000,bandwidth,64.0,canonicalized,0,1.024580,0.588419,1.228844
aaaaajoo_s002_t001,bandwidth,64.0,canonicalized,1,7.829570,0.994750,7.512781
aaaaajpg_s001_t001,bandwidth,64.0,canonicalized,0,2.037771,0.747445,0.246583
aaaaajqh_s004_t000,bandwidth,64.0,canonicalized,1,8.126478,0.995754,0.483291
aaaaajqk_s003_t001,bandwidth,64.0,canonicalized,1,9.152460,0.997963,1.012811
aaaaajrf_s001_t000,bandwidth,64.0,canonicalized,1,10.598231,0.999278,0.860083
aaaaajrf_s002_t000,bandwidth,64.0,canonicalized,1,8.309385,0.996275,5.340434
aaaaajrf_s003_t002,bandwidth,64.0,canonicalized,1,6.519059,0.986655,2.168594
aaaaajrf_s004_t000,bandwidth,64.0,canonicalized,1,13.497574,0.999910,0.575552
aaaaajso_s001_t000,bandwidth,64.0,canonicalized,1,9.893842,0.998803,5.036966
aaaaajtg_s001_t000,bandwidth,64.0,canonicalized,0,1.540640,0.674373,0.671175
aaaaajtu_s001_t000,bandwidth,64.0,canonicalized,0,2.073161,0.752212,9.671902
aaaaajuh_s001_t000,bandwidth,64.0,canonicalized,1,10.346127,0.999135,0.834715
aaaaajun_s001_t000,bandwidth,64.0,canonicalized,0,6.833939,0.989327,1.487433
aaaaajvh_s001_t001,bandwidth,64.0,canonicalized,0,1.207395,0.619804,0.248357
aaaaajxp_s001_t000,bandwidth,64.0,canonicalized,0,9.464559,0.998371,1.949114
aaaaakck_s001_t001,bandwidth,64.0,canonicalized,1,4.831094,0.956520,0.567623
aaaaakcx_s001_t001,bandwidth,64.0,canonicalized,1,10.330096,0.999125,2.542165
aaaaakcy_s005_t001,bandwidth,64.0,canonicalized,1,5.727911,0.976684,2.986504
aaaaakdj_s001_t000,bandwidth,64.0,canonicalized,1,1.506348,0.668942,0.249519
aaaaakdo_s001_t000,bandwidth,64.0,canonicalized,1,3.770137,0.911258,9.159814
aaaaakeq_s001_t000,bandwidth,64.0,canonicalized,1,1.863907,0.723157,0.948392
aaaaakeq_s002_t000,bandwidth,64.0,canonicalized,1,4.475505,0.944571,3.680481
aaaaakeq_s003_t000,bandwidth,64.0,canonicalized,1,2.884914,0.844669,0.377033
aaaaakev_s001_t001,bandwidth,64.0,canonicalized,1,8.998345,0.997725,7.869019
aaaaakev_s002_t000,bandwidth,64.0,canonicalized,1,6.606610,0.987458,2.293252
aaaaakft_s001_t000,bandwidth,64.0,canonicalized,0,4.624284,0.949907,2.993811
aaaaakgp_s001_t001,bandwidth,64.0,canonicalized,0,1.791593,0.712641,1.053824
aaaaakgu_s001_t000,bandwidth,64.0,canonicalized,1,8.252678,0.996120,6.076995
aaaaakjk_s002_t002,bandwidth,64.0,canonicalized,1,8.500107,0.996750,1.178892
aaaaakjk_s003_t000,bandwidth,64.0,canonicalized,1,3.184948,0.870890,1.035621
aaaaakka_s001_t001,bandwidth,64.0,canonicalized,0,4.964623,0.960338,0.368818
aaaaakmg_s003_t001,bandwidth,64.0,canonicalized,1,3.609371,0.901468,0.074130
aaaaakmh_s001_t000,bandwidth,64.0,canonicalized,1,4.394837,0.941459,3.092155
aaaaaknt_s001_t000,bandwidth,64.0,canonicalized,1,5.857493,0.978712,3.666931
aaaaakoo_s001_t001,bandwidth,64.0,canonicalized,1,6.916458,0.989935,2.406284
aaaaakqg_s001_t001,bandwidth,64.0,canonicalized,0,5.775092,0.977443,2.772336
aaaaakqr_s001_t000,bandwidth,64.0,canonicalized,0,5.644435,0.975279,5.130564
aaaaakrt_s001_t001,bandwidth,64.0,canonicalized,1,8.311850,0.996281,0.601742
aaaaakrt_s002_t001,bandwidth,64.0,canonicalized,1,10.547850,0.999251,4.017760
aaaaaksb_s001_t000,bandwidth,64.0,canonicalized,0,4.257140,0.935765,3.258587
aaaaaksu_s001_t001,bandwidth,64.0,canonicalized,0,6.991253,0.990456,9.053560
aaaaakxz_s001_t001,bandwidth,64.0,canonicalized,1,14.044787,0.999939,0.052970
aaaaakxz_s002_t001,bandwidth,64.0,canonicalized,1,11.733440,0.999680,2.082875
aaaaalaf_s001_t000,bandwidth,64.0,canonicalized,0,2.184539,0.766818,1.495747
aaaaalau_s001_t000,bandwidth,64.0,canonicalized,1,12.287651,0.999785,2.266184
aaaaalbh_s001_t000,bandwidth,64.0,canonicalized,1,5.801032,0.977850,2.435154
aaaaalbt_s001_t001,bandwidth,64.0,canonicalized,0,9.654045,0.998578,1.504736
aaaaalbt_s002_t000,bandwidth,64.0,canonicalized,0,8.327031,0.996321,9.532403
aaaaalbz_s006_t000,bandwidth,64.0,canonicalized,1,7.538501,0.993537,8.376944
aaaaalid_s001_t001,bandwidth,64.0,canonicalized,0,3.355905,0.884077,1.189649
aaaaaljf_s001_t000,bandwidth,64.0,canonicalized,1,7.700105,0.994242,0.538868
aaaaaljj_s001_t000,bandwidth,64.0,canonicalized,0,0.284498,0.456600,1.335380
aaaaallc_s001_t001,bandwidth,64.0,canonicalized,0,3.716751,0.908108,2.478596
aaaaalle_s002_t000,bandwidth,64.0,canonicalized,1,9.979551,0.998874,3.139224
aaaaalox_s001_t001,bandwidth,64.0,canonicalized,0,5.976354,0.980419,10.027264
aaaaalpv_s001_t000,bandwidth,64.0,canonicalized,0,6.655327,0.987884,4.417237
aaaaalqa_s001_t000,bandwidth,64.0,canonicalized,0,2.805381,0.837027,0.681237
aaaaalqr_s001_t001,bandwidth,64.0,canonicalized,1,11.364150,0.999583,2.137962
aaaaalqs_s001_t001,bandwidth,64.0,canonicalized,0,6.402828,0.985510,0.508967
aaaaalqx_s001_t000,bandwidth,64.0,canonicalized,0,5.048905,0.962580,11.943594
aaaaalrc_s002_t000,bandwidth,64.0,canonicalized,1,9.310024,0.998181,5.405506
aaaaalsq_s001_t000,bandwidth,64.0,canonicalized,0,3.113620,0.865020,0.818523
aaaaalsx_s001_t000,bandwidth,64.0,canonicalized,1,8.392847,0.996491,4.250801
aaaaalsx_s004_t001,bandwidth,64.0,canonicalized,1,11.813477,0.999698,0.160921
aaaaaluz_s001_t001,bandwidth,64.0,canonicalized,0,2.925761,0.848479,0.542264
aaaaalvw_s001_t000,bandwidth,64.0,canonicalized,0,1.703660,0.699538,0.926706
aaaaalvz_s001_t000,bandwidth,64.0,canonicalized,1,10.137323,0.998995,2.133661
aaaaalxk_s001_t000,bandwidth,64.0,canonicalized,0,6.672425,0.988030,1.766896
aaaaalyr_s001_t000,bandwidth,64.0,canonicalized,1,11.624102,0.999654,0.800771
aaaaalzk_s002_t001,bandwidth,64.0,canonicalized,1,9.002811,0.997733,14.467233
aaaaamcb_s001_t001,bandwidth,64.0,canonicalized,1,6.316355,0.984596,1.125137
aaaaamfe_s001_t001,bandwidth,64.0,canonicalized,0,2.440137,0.798023,1.205467
aaaaamft_s001_t001,bandwidth,64.0,canonicalized,1,12.613995,0.999830,1.097829
aaaaamfu_s001_t000,bandwidth,64.0,canonicalized,0,4.778523,0.954922,0.495548
aaaaamhi_s001_t000,bandwidth,64.0,canonicalized,1,5.234519,0.967096,2.857319
aaaaamhk_s001_t000,bandwidth,64.0,canonicalized,1,10.623168,0.999291,1.091442
aaaaamjc_s001_t001,bandwidth,64.0,canonicalized,1,14.924113,0.999968,4.461720
aaaaammh_s001_t001,bandwidth,64.0,canonicalized,1,5.865317,0.978828,0.739362
aaaaamnq_s001_t000,bandwidth,64.0,canonicalized,1,6.267953,0.984060,0.818406
aaaaamnq_s002_t000,bandwidth,64.0,canonicalized,1,4.659723,0.951104,1.202191
aaaaamon_s001_t000,bandwidth,64.0,canonicalized,0,3.952954,0.921317,2.750668
aaaaampz_s001_t000,bandwidth,64.0,canonicalized,1,3.985492,0.922994,2.125544
aaaaamrj_s001_t000,bandwidth,64.0,canonicalized,0,5.734467,0.976791,3.655223
aaaaamsc_s001_t000,bandwidth,64.0,canonicalized,1,9.525271,0.998441,9.229626
aaaaamtb_s001_t000,bandwidth,64.0,canonicalized,0,4.121259,0.929645,0.292016
aaaaamuc_s001_t000,bandwidth,64.0,canonicalized,0,7.560559,0.993638,5.241683
aaaaamxn_s001_t000,bandwidth,64.0,canonicalized,1,1.003584,0.584762,0.338327
aaaaamyb_s001_t001,bandwidth,64.0,canonicalized,0,10.547915,0.999251,0.962424
aaaaamye_s001_t000,bandwidth,64.0,canonicalized,1,7.333912,0.992522,14.844296
aaaaamzi_s001_t001,bandwidth,64.0,canonicalized,1,9.341216,0.998221,12.412477
aaaaamzl_s001_t000,bandwidth,64.0,canonicalized,0,2.862463,0.842542,1.930290
aaaaamzx_s001_t000,bandwidth,64.0,canonicalized,0,4.490916,0.945148,14.883795
aaaaanbq_s001_t000,bandwidth,64.0,canonicalized,0,9.782219,0.998703,1.596764
aaaaanek_s001_t000,bandwidth,64.0,canonicalized,0,1.173502,0.614052,0.921695
aaaaangp_s001_t000,bandwidth,64.0,canonicalized,0,7.880053,0.994936,3.413621
aaaaanhb_s001_t003,bandwidth,64.0,canonicalized,1,8.598467,0.996971,1.412359
aaaaanhb_s003_t001,bandwidth,64.0,canonicalized,1,9.898029,0.998807,3.642483
aaaaanhb_s005_t000,bandwidth,64.0,canonicalized,1,12.760880,0.999847,3.146138
aaaaankf_s001_t000,bandwidth,64.0,canonicalized,1,6.494723,0.986423,2.378508
aaaaanlp_s001_t000,bandwidth,64.0,canonicalized,0,6.851379,0.989458,4.493136
aaaaanmc_s001_t000,bandwidth,64.0,canonicalized,1,11.748268,0.999684,2.942451
aaaaanop_s001_t000,bandwidth,64.0,canonicalized,0,1.693515,0.698004,0.957034
aaaaanoz_s001_t000,bandwidth,64.0,canonicalized,1,6.001177,0.980759,0.750076
aaaaanpr_s001_t002,bandwidth,64.0,canonicalized,1,11.539972,0.999633,1.837521
aaaaanqe_s001_t000,bandwidth,64.0,canonicalized,0,0.830408,0.554283,0.760589
aaaaanro_s001_t000,bandwidth,64.0,canonicalized,1,4.009140,0.924193,1.321662
aaaaansj_s001_t000,bandwidth,64.0,canonicalized,1,9.174829,0.997995,1.935664
aaaaanta_s001_t000,bandwidth,64.0,canonicalized,1,11.185833,0.999526,6.152782
aaaaanum_s001_t000,bandwidth,64.0,canonicalized,0,2.938873,0.849686,1.303731
aaaaanvb_s002_t000,bandwidth,64.0,canonicalized,0,1.721613,0.702241,0.925319
aaaaanvg_s001_t002,bandwidth,64.0,canonicalized,0,10.408869,0.999173,1.520952
aaaaanvw_s001_t000,bandwidth,64.0,canonicalized,0,1.044218,0.591830,0.269721
aaaaanwc_s001_t001,bandwidth,64.0,canonicalized,1,11.023309,0.999468,6.379822
aaaaanxl_s001_t000,bandwidth,64.0,canonicalized,1,12.684933,0.999839,13.512068
aaaaanyb_s001_t001,bandwidth,64.0,canonicalized,0,7.502264,0.993368,2.808763
aaaaanyt_s002_t000,bandwidth,64.0,canonicalized,1,13.521676,0.999911,4.719589
aaaaanyw_s001_t000,bandwidth,64.0,canonicalized,1,8.444974,0.996619,2.223227
aaaaanyw_s002_t000,bandwidth,64.0,canonicalized,1,8.360424,0.996408,2.413883
aaaaanzh_s001_t000,bandwidth,64.0,canonicalized,1,6.012123,0.980906,9.366974
aaaaanzu_s001_t003,bandwidth,64.0,canonicalized,1,3.734612,0.909173,0.185481
aaaaaoav_s001_t000,bandwidth,64.0,canonicalized,0,4.781199,0.955005,1.575303
aaaaaoav_s002_t000,bandwidth,64.0,canonicalized,0,5.311994,0.968821,1.732526
aaaaaobi_s001_t000,bandwidth,64.0,canonicalized,1,0.634302,0.519281,1.589488
aaaaaobl_s001_t000,bandwidth,64.0,canonicalized,0,6.733758,0.988540,2.977254
aaaaaoby_s001_t000,bandwidth,64.0,canonicalized,0,4.521196,0.946264,12.759010
aaaaaoda_s001_t000,bandwidth,64.0,canonicalized,1,10.788765,0.999370,7.480923
aaaaaoeg_s001_t000,bandwidth,64.0,canonicalized,0,4.237121,0.934896,3.453232
aaaaaofj_s001_t000,bandwidth,64.0,canonicalized,0,5.513808,0.972914,4.964794
aaaaaofr_s001_t000,bandwidth,64.0,canonicalized,0,8.601688,0.996978,4.061325
aaaaaofz_s001_t000,bandwidth,64.0,canonicalized,0,5.763531,0.977259,3.062966
aaaaaohb_s001_t000,bandwidth,64.0,canonicalized,1,5.520225,0.973035,0.377873
aaaaaohr_s002_t001,bandwidth,64.0,canonicalized,1,11.289177,0.999560,1.021741
aaaaaoiq_s001_t000,bandwidth,64.0,canonicalized,1,6.443236,0.985919,0.268103
aaaaaoiv_s001_t000,bandwidth,64.0,canonicalized,1,5.543158,0.973464,0.183441
aaaaaoiv_s002_t001,bandwidth,64.0,canonicalized,1,7.547077,0.993577,3.028910
aaaaaoiv_s003_t003,bandwidth,64.0,canonicalized,1,12.669012,0.999837,1.929063
aaaaaojd_s001_t002,bandwidth,64.0,canonicalized,0,6.507592,0.986546,2.627517
aaaaaokg_s001_t000,bandwidth,64.0,canonicalized,0,9.661460,0.998586,3.332723
aaaaaoly_s001_t000,bandwidth,64.0,canonicalized,0,5.662073,0.975583,7.166923
aaaaaome_s001_t000,bandwidth,64.0,canonicalized,0,3.919969,0.919583,2.544266
aaaaaomx_s001_t000,bandwidth,64.0,canonicalized,0,1.904430,0.728945,0.972078
aaaaaomy_s001_t000,bandwidth,64.0,canonicalized,1,3.848598,0.915710,1.053242
aaaaaonb_s001_t000,bandwidth,64.0,canonicalized,0,3.038502,0.858597,14.050227
aaaaaons_s002_t002,bandwidth,64.0,canonicalized,1,3.901332,0.918587,0.841250
aaaaaopd_s001_t000,bandwidth,64.0,canonicalized,0,2.567570,0.812372,20.233976
aaaaaopo_s001_t000,bandwidth,64.0,canonicalized,0,1.402992,0.652304,0.252734
aaaaaora_s002_t000,bandwidth,64.0,canonicalized,1,3.651290,0.904110,0.125089
aaaaaord_s001_t000,bandwidth,64.0,canonicalized,1,2.866811,0.842956,2.196549
aaaaaosh_s001_t000,bandwidth,64.0,canonicalized,1,3.553969,0.897877,1.799990
aaaaaosw_s001_t000,bandwidth,64.0,canonicalized,0,7.420097,0.992968,11.894096
aaaaaote_s001_t000,bandwidth,64.0,canonicalized,0,10.477407,0.999212,0.556219
aaaaaout_s001_t000,bandwidth,64.0,canonicalized,1,6.210283,0.983397,2.988722
aaaaaovl_s001_t000,bandwidth,64.0,canonicalized,1,13.412754,0.999904,0.533622
aaaaaovo_s001_t000,bandwidth,64.0,canonicalized,1,11.859594,0.999708,5.108767
aaaaaowb_s001_t000,bandwidth,64.0,canonicalized,0,9.142666,0.997949,1.179254
aaaaaoxf_s001_t000,bandwidth,64.0,canonicalized,0,3.345738,0.883327,2.088032
aaaaaozf_s001_t001,bandwidth,64.0,canonicalized,0,1.333705,0.640935,0.529092
aaaaapag_s001_t000,bandwidth,64.0,canonicalized,0,0.443904,0.485113,1.174953
aaaaapar_s001_t000,bandwidth,64.0,canonicalized,1,5.316720,0.968924,0.501881
aaaaapcb_s001_t000,bandwidth,64.0,canonicalized,0,12.793887,0.999851,0.067032
aaaaapcy_s001_t002,bandwidth,64.0,canonicalized,0,3.695455,0.906824,10.269063
aaaaapdg_s001_t000,bandwidth,64.0,canonicalized,0,1.121134,0.605102,0.501645
aaaaaphs_s001_t000,bandwidth,64.0,canonicalized,1,2.723832,0.828880,0.474681
aaaaaphw_s001_t000,bandwidth,64.0,canonicalized,0,4.388361,0.941202,9.624784
aaaaapij_s001_t000,bandwidth,64.0,canonicalized,0,10.941174,0.999435,1.049302
aaaaapjc_s001_t001,bandwidth,64.0,canonicalized,0,2.857327,0.842052,3.119681
aaaaapka_s001_t000,bandwidth,64.0,canonicalized,0,3.953573,0.921349,2.383098
aaaaapkx_s001_t001,bandwidth,64.0,canonicalized,1,1.851432,0.721360,4.495002
aaaaaply_s001_t001,bandwidth,64.0,canonicalized,1,4.140347,0.930536,2.326459
aaaaapmb_s002_t001,bandwidth,64.0,canonicalized,1,13.495046,0.999910,0.648913
aaaaapmp_s001_t000,bandwidth,64.0,canonicalized,1,0.242692,0.449161,0.876402
aaaaapnr_s001_t000,bandwidth,64.0,canonicalized,1,3.781431,0.911912,4.957370
aaaaapoc_s001_t000,bandwidth,64.0,canonicalized,1,5.987904,0.980578,5.519165
aaaaapof_s001_t000,bandwidth,64.0,canonicalized,0,1.170854,0.613602,4.146617
aaaaapoo_s001_t000,bandwidth,64.0,canonicalized,0,2.482444,0.802876,8.088612
aaaaapoq_s001_t000,bandwidth,64.0,canonicalized,0,4.017463,0.924610,1.809048
aaaaappb_s001_t000,bandwidth,64.0,canonicalized,0,1.374762,0.647692,1.039873
aaaaapqd_s001_t000,bandwidth,64.0,canonicalized,1,12.888054,0.999860,4.580750
aaaaapqv_s001_t000,bandwidth,64.0,canonicalized,0,8.980708,0.997696,6.752547
aaaaapta_s001_t000,bandwidth,64.0,canonicalized,1,6.413281,0.985617,1.679384
aaaaapth_s001_t000,bandwidth,64.0,canonicalized,1,11.068724,0.999485,2.114577
aaaaapua_s001_t001,bandwidth,64.0,canonicalized,0,0.529423,0.500462,0.965877
aaaaapuu_s001_t000,bandwidth,64.0,canonicalized,0,8.125860,0.995752,3.141590
aaaaapvw_s001_t001,bandwidth,64.0,canonicalized,1,6.201778,0.983297,2.089775
aaaaapvy_s001_t000,bandwidth,64.0,canonicalized,1,9.149146,0.997958,11.064416
aaaaapwn_s001_t001,bandwidth,64.0,canonicalized,0,5.328398,0.969175,8.685719
aaaaapwo_s001_t001,bandwidth,64.0,canonicalized,1,10.816912,0.999383,2.251195
aaaaapxm_s001_t001,bandwidth,64.0,canonicalized,0,1.345641,0.642905,3.409658
aaaaapys_s001_t001,bandwidth,64.0,canonicalized,1,7.717016,0.994311,0.469719
aaaaapys_s002_t001,bandwidth,64.0,canonicalized,1,7.982810,0.995295,0.564637
aaaaaayx_s002_t000,bandwidth,80.0,canonicalized,0,2.925321,0.848439,6.890678
aaaaabdo_s003_t000,bandwidth,80.0,canonicalized,1,8.163932,0.995866,2.921849
aaaaabsk_s007_t000,bandwidth,80.0,canonicalized,1,2.083398,0.753580,0.378012
aaaaabuv_s002_t000,bandwidth,80.0,canonicalized,1,4.534894,0.946762,2.492855
aaaaacad_s003_t000,bandwidth,80.0,canonicalized,0,4.021793,0.924827,0.840994
aaaaacby_s004_t000,bandwidth,80.0,canonicalized,0,7.549749,0.993589,0.061964
aaaaaddm_s006_t000,bandwidth,80.0,canonicalized,1,4.801074,0.955614,1.126016
aaaaadeu_s002_t000,bandwidth,80.0,canonicalized,1,3.849875,0.915781,1.377895
aaaaadjk_s002_t000,bandwidth,80.0,canonicalized,0,3.412974,0.888212,0.546317
aaaaadkb_s002_t000,bandwidth,80.0,canonicalized,1,6.031356,0.981163,0.822594
aaaaadsm_s002_t001,bandwidth,80.0,canonicalized,0,3.429413,0.889379,1.365992
aaaaaeab_s003_t000,bandwidth,80.0,canonicalized,0,0.607801,0.514529,0.395897
aaaaaejc_s003_t001,bandwidth,80.0,canonicalized,0,2.497350,0.804564,0.605179
aaaaaezn_s003_t001,bandwidth,80.0,canonicalized,1,2.847781,0.841138,5.964284
aaaaafhl_s003_t000,bandwidth,80.0,canonicalized,1,8.808739,0.997394,0.670033
aaaaagfk_s003_t000,bandwidth,80.0,canonicalized,0,2.245896,0.774604,6.587900
aaaaagsc_s003_t001,bandwidth,80.0,canonicalized,1,4.243358,0.935168,1.725429
aaaaagsc_s006_t001,bandwidth,80.0,canonicalized,1,1.022250,0.588014,0.618246
aaaaaguk_s002_t001,bandwidth,80.0,canonicalized,0,-1.985520,0.141340,1.295985
aaaaagvx_s002_t000,bandwidth,80.0,canonicalized,1,3.153786,0.868353,0.960752
aaaaagvx_s003_t001,bandwidth,80.0,canonicalized,1,1.202519,0.618979,0.176107
aaaaagyr_s002_t000,bandwidth,80.0,canonicalized,1,0.709875,0.532812,1.247606
aaaaahie_s005_t001,bandwidth,80.0,canonicalized,1,4.608331,0.949359,1.216050
aaaaahsv_s002_t000,bandwidth,80.0,canonicalized,0,2.349811,0.787365,1.495704
aaaaahte_s002_t000,bandwidth,80.0,canonicalized,1,7.413888,0.992937,1.033131
aaaaahte_s003_t000,bandwidth,80.0,canonicalized,1,10.688812,0.999323,1.112341
aaaaahuy_s002_t000,bandwidth,80.0,canonicalized,1,2.131931,0.759995,1.087758
aaaaahzi_s001_t000,bandwidth,80.0,canonicalized,0,1.179467,0.615067,0.723624
aaaaahzm_s001_t001,bandwidth,80.0,canonicalized,0,7.315956,0.992426,0.434949
aaaaahzq_s001_t000,bandwidth,80.0,canonicalized,0,-0.307559,0.354524,0.207535
aaaaahzs_s001_t001,bandwidth,80.0,canonicalized,0,7.099262,0.991162,5.732866
aaaaaiae_s001_t000,bandwidth,80.0,canonicalized,0,7.131077,0.991360,1.130106
aaaaaibx_s001_t000,bandwidth,80.0,canonicalized,0,3.339860,0.882891,1.809026
aaaaaiby_s001_t000,bandwidth,80.0,canonicalized,0,-0.072177,0.394084,0.373551
aaaaaici_s001_t000,bandwidth,80.0,canonicalized,0,2.604106,0.816338,6.116496
aaaaaicn_s001_t000,bandwidth,80.0,canonicalized,0,10.644691,0.999302,1.822970
aaaaaijh_s002_t000,bandwidth,80.0,canonicalized,1,1.064240,0.595299,1.780391
aaaaaijn_s001_t001,bandwidth,80.0,canonicalized,0,2.846315,0.840998,1.712272
aaaaairb_s001_t001,bandwidth,80.0,canonicalized,0,3.293180,0.879380,6.885465
aaaaairo_s001_t000,bandwidth,80.0,canonicalized,0,0.084215,0.421195,2.302936
aaaaaitt_s001_t000,bandwidth,80.0,canonicalized,0,-0.934447,0.259341,4.325977
aaaaaiue_s004_t000,bandwidth,80.0,canonicalized,1,3.396219,0.887011,0.469630
aaaaaiuo_s002_t000,bandwidth,80.0,canonicalized,0,4.922433,0.959167,5.293950
aaaaaiwz_s001_t001,bandwidth,80.0,canonicalized,0,6.109592,0.982174,1.025615
aaaaaiyy_s001_t001,bandwidth,80.0,canonicalized,0,2.971043,0.852613,4.993317
aaaaaizd_s001_t001,bandwidth,80.0,canonicalized,0,3.075080,0.861756,2.087459
aaaaaizs_s001_t000,bandwidth,80.0,canonicalized,0,3.448337,0.890708,4.295523
aaaaajae_s001_t001,bandwidth,80.0,canonicalized,0,8.840298,0.997453,0.887435
aaaaajah_s002_t001,bandwidth,80.0,canonicalized,1,2.427770,0.796588,0.711105
aaaaajah_s004_t000,bandwidth,80.0,canonicalized,1,3.381919,0.885978,3.564982
aaaaajal_s001_t001,bandwidth,80.0,canonicalized,0,0.052221,0.415604,1.075299
aaaaajam_s001_t000,bandwidth,80.0,canonicalized,1,6.364169,0.985108,1.204858
aaaaajar_s001_t001,bandwidth,80.0,canonicalized,0,3.075132,0.861760,1.191397
aaaaajbb_s001_t000,bandwidth,80.0,canonicalized,0,4.296872,0.937459,0.463579
aaaaajbh_s002_t000,bandwidth,80.0,canonicalized,0,6.589975,0.987309,0.231869
aaaaajce_s001_t000,bandwidth,80.0,canonicalized,0,-1.131822,0.233056,0.753648
aaaaajci_s001_t000,bandwidth,80.0,canonicalized,0,0.179833,0.438020,0.743506
aaaaajck_s001_t000,bandwidth,80.0,canonicalized,0,-0.722557,0.289619,0.119947
aaaaajct_s001_t000,bandwidth,80.0,canonicalized,0,4.987406,0.960956,4.779639
aaaaajcu_s001_t000,bandwidth,80.0,canonicalized,0,1.255580,0.627924,3.688991
aaaaajda_s001_t000,bandwidth,80.0,canonicalized,0,0.124258,0.428221,0.860282
aaaaajdb_s001_t000,bandwidth,80.0,canonicalized,0,0.215821,0.444391,2.197289
aaaaajdv_s001_t000,bandwidth,80.0,canonicalized,0,5.176254,0.965738,3.861320
aaaaajdy_s001_t000,bandwidth,80.0,canonicalized,0,-0.078036,0.393080,1.343326
aaaaajdz_s001_t000,bandwidth,80.0,canonicalized,0,0.613327,0.515520,0.368934
aaaaajea_s001_t000,bandwidth,80.0,canonicalized,0,5.463962,0.971954,5.925946
aaaaajen_s001_t000,bandwidth,80.0,canonicalized,0,1.954491,0.735989,1.597455
aaaaajey_s001_t000,bandwidth,80.0,canonicalized,0,-0.774090,0.282065,0.230360
aaaaajfb_s001_t000,bandwidth,80.0,canonicalized,0,-0.277721,0.359442,1.816272
aaaaajfe_s001_t000,bandwidth,80.0,canonicalized,0,3.655250,0.904356,3.408716
aaaaajff_s001_t000,bandwidth,80.0,canonicalized,0,0.394863,0.476322,3.716291
aaaaajfi_s001_t001,bandwidth,80.0,canonicalized,0,0.658122,0.523550,1.104687
aaaaajfn_s001_t001,bandwidth,80.0,canonicalized,0,1.699042,0.698840,2.285030
aaaaajfy_s001_t000,bandwidth,80.0,canonicalized,0,-1.338296,0.207607,2.557068
aaaaajga_s001_t001,bandwidth,80.0,canonicalized,0,1.394257,0.650880,3.969105
aaaaajhy_s001_t000,bandwidth,80.0,canonicalized,0,3.055026,0.860031,3.379003
aaaaajit_s001_t001,bandwidth,80.0,canonicalized,0,-0.150683,0.380705,1.742199
aaaaajiu_s001_t000,bandwidth,80.0,canonicalized,0,4.574029,0.948161,1.410988
aaaaajiy_s001_t001,bandwidth,80.0,canonicalized,0,5.723659,0.976614,4.147753
aaaaajiz_s001_t000,bandwidth,80.0,canonicalized,0,-0.613589,0.305980,0.604567
aaaaajjb_s001_t001,bandwidth,80.0,canonicalized,0,5.856930,0.978703,1.561008
aaaaajje_s001_t000,bandwidth,80.0,canonicalized,0,0.364189,0.470830,1.859296
aaaaajjk_s001_t000,bandwidth,80.0,canonicalized,0,3.044520,0.859121,3.909266
aaaaajna_s001_t000,bandwidth,80.0,canonicalized,0,0.879242,0.562930,3.025865
aaaaajnu_s001_t000,bandwidth,80.0,canonicalized,0,2.529313,0.808148,6.013227
aaaaajon_s001_t000,bandwidth,80.0,canonicalized,0,0.405860,0.478292,1.814226
aaaaajoo_s002_t001,bandwidth,80.0,canonicalized,1,3.716438,0.908090,7.361690
aaaaajpg_s001_t001,bandwidth,80.0,canonicalized,0,-0.524711,0.319699,0.178005
aaaaajqh_s004_t000,bandwidth,80.0,canonicalized,1,8.563512,0.996894,0.679165
aaaaajqk_s003_t001,bandwidth,80.0,canonicalized,1,6.551436,0.986958,0.408949
aaaaajrf_s001_t000,bandwidth,80.0,canonicalized,1,10.173223,0.999020,0.753179
aaaaajrf_s002_t000,bandwidth,80.0,canonicalized,1,11.875017,0.999711,2.364005
aaaaajrf_s003_t002,bandwidth,80.0,canonicalized,1,8.194880,0.995957,1.417953
aaaaajrf_s004_t000,bandwidth,80.0,canonicalized,1,10.661232,0.999310,0.419565
aaaaajso_s001_t000,bandwidth,80.0,canonicalized,1,7.960076,0.995218,1.451726
aaaaajtg_s001_t000,bandwidth,80.0,canonicalized,0,0.248975,0.450277,0.969090
aaaaajtu_s001_t000,bandwidth,80.0,canonicalized,0,-0.720201,0.289968,4.680008
aaaaajuh_s001_t000,bandwidth,80.0,canonicalized,1,11.270014,0.999554,4.934028
aaaaajun_s001_t000,bandwidth,80.0,canonicalized,0,4.252386,0.935560,0.896443
aaaaajvh_s001_t001,bandwidth,80.0,canonicalized,0,0.437255,0.483920,0.252775
aaaaajxp_s001_t000,bandwidth,80.0,canonicalized,0,5.349475,0.969624,1.179303
aaaaakck_s001_t001,bandwidth,80.0,canonicalized,1,2.161188,0.763806,0.239530
aaaaakcx_s001_t001,bandwidth,80.0,canonicalized,1,9.281408,0.998143,1.256690
aaaaakcy_s005_t001,bandwidth,80.0,canonicalized,1,7.049003,0.990840,0.685105
aaaaakdj_s001_t000,bandwidth,80.0,canonicalized,1,0.802702,0.549363,0.167562
aaaaakdo_s001_t000,bandwidth,80.0,canonicalized,1,2.362482,0.788885,4.720117
aaaaakeq_s001_t000,bandwidth,80.0,canonicalized,1,2.051221,0.749264,0.278360
aaaaakeq_s002_t000,bandwidth,80.0,canonicalized,1,3.896107,0.918306,5.375542
aaaaakeq_s003_t000,bandwidth,80.0,canonicalized,1,2.951758,0.850864,0.920972
aaaaakev_s001_t001,bandwidth,80.0,canonicalized,1,12.092926,0.999753,1.613751
aaaaakev_s002_t000,bandwidth,80.0,canonicalized,1,8.816389,0.997409,1.213702
aaaaakft_s001_t000,bandwidth,80.0,canonicalized,0,0.885399,0.564018,2.362421
aaaaakgp_s001_t001,bandwidth,80.0,canonicalized,0,0.520607,0.498879,0.362541
aaaaakgu_s001_t000,bandwidth,80.0,canonicalized,1,4.560686,0.947688,5.443892
aaaaakjk_s002_t002,bandwidth,80.0,canonicalized,1,9.587806,0.998509,0.610359
aaaaakjk_s003_t000,bandwidth,80.0,canonicalized,1,1.755246,0.707266,0.576493
aaaaakka_s001_t001,bandwidth,80.0,canonicalized,0,2.753750,0.831906,0.602501
aaaaakmg_s003_t001,bandwidth,80.0,canonicalized,1,6.573871,0.987163,0.877584
aaaaakmh_s001_t000,bandwidth,80.0,canonicalized,1,3.123771,0.865869,0.885569
aaaaaknt_s001_t000,bandwidth,80.0,canonicalized,1,4.431235,0.942883,2.746959
aaaaakoo_s001_t001,bandwidth,80.0,canonicalized,1,6.722576,0.988448,0.737184
aaaaakqg_s001_t001,bandwidth,80.0,canonicalized,0,2.400329,0.793376,2.679049
aaaaakqr_s001_t000,bandwidth,80.0,canonicalized,0,1.643575,0.690391,4.205730
aaaaakrt_s001_t001,bandwidth,80.0,canonicalized,1,8.479723,0.996702,0.760247
aaaaakrt_s002_t001,bandwidth,80.0,canonicalized,1,10.129828,0.998989,1.043112
aaaaaksb_s001_t000,bandwidth,80.0,canonicalized,0,0.737470,0.537741,2.705180
aaaaaksu_s001_t001,bandwidth,80.0,canonicalized,0,5.151559,0.965147,2.448344
aaaaakxz_s001_t001,bandwidth,80.0,canonicalized,1,10.451857,0.999198,0.026861
aaaaakxz_s002_t001,bandwidth,80.0,canonicalized,1,8.959156,0.997660,0.988289
aaaaalaf_s001_t000,bandwidth,80.0,canonicalized,0,0.354048,0.469016,0.900343
aaaaalau_s001_t000,bandwidth,80.0,canonicalized,1,9.444301,0.998348,1.006024
aaaaalbh_s001_t000,bandwidth,80.0,canonicalized,1,6.074059,0.981722,1.561905
aaaaalbt_s001_t001,bandwidth,80.0,canonicalized,0,5.591343,0.974343,1.819971
aaaaalbt_s002_t000,bandwidth,80.0,canonicalized,0,4.498543,0.945431,8.539539
aaaaalbz_s006_t000,bandwidth,80.0,canonicalized,1,7.766891,0.994510,3.348281
aaaaalid_s001_t001,bandwidth,80.0,canonicalized,0,4.216972,0.934010,0.661481
aaaaaljf_s001_t000,bandwidth,80.0,canonicalized,1,6.310624,0.984533,0.707432
aaaaaljj_s001_t000,bandwidth,80.0,canonicalized,0,-0.679564,0.296012,1.528136
aaaaallc_s001_t001,bandwidth,80.0,canonicalized,0,1.367757,0.646543,1.294166
aaaaalle_s002_t000,bandwidth,80.0,canonicalized,1,6.357848,0.985041,1.961675
aaaaalox_s001_t001,bandwidth,80.0,canonicalized,0,4.233527,0.934739,7.676492
aaaaalpv_s001_t000,bandwidth,80.0,canonicalized,0,3.865536,0.916644,2.535397
aaaaalqa_s001_t000,bandwidth,80.0,canonicalized,0,0.986545,0.581788,0.204385
aaaaalqr_s001_t001,bandwidth,80.0,canonicalized,1,8.400635,0.996510,1.057426
aaaaalqs_s001_t001,bandwidth,80.0,canonicalized,0,2.763084,0.832841,0.502847
aaaaalqx_s001_t000,bandwidth,80.0,canonicalized,0,1.884204,0.726066,6.677357
aaaaalrc_s002_t000,bandwidth,80.0,canonicalized,1,9.594318,0.998516,2.331722
aaaaalsq_s001_t000,bandwidth,80.0,canonicalized,0,3.022722,0.857215,0.594543
aaaaalsx_s001_t000,bandwidth,80.0,canonicalized,1,4.703634,0.952550,2.935303
aaaaalsx_s004_t001,bandwidth,80.0,canonicalized,1,7.703860,0.994257,0.451811
aaaaaluz_s001_t001,bandwidth,80.0,canonicalized,0,0.398958,0.477055,0.445548
aaaaalvw_s001_t000,bandwidth,80.0,canonicalized,0,-0.297689,0.356148,0.426899
aaaaalvz_s001_t000,bandwidth,80.0,canonicalized,1,10.727348,0.999342,0.438541
aaaaalxk_s001_t000,bandwidth,80.0,canonicalized,0,4.875226,0.957819,0.720531
aaaaalyr_s001_t000,bandwidth,80.0,canonicalized,1,7.314600,0.992419,0.630001
aaaaalzk_s002_t001,bandwidth,80.0,canonicalized,1,9.684627,0.998609,5.930611
aaaaamcb_s001_t001,bandwidth,80.0,canonicalized,1,6.702915,0.988286,0.872860
aaaaamfe_s001_t001,bandwidth,80.0,canonicalized,0,1.624361,0.687434,0.759325
aaaaamft_s001_t001,bandwidth,80.0,canonicalized,1,9.061351,0.997826,1.375481
aaaaamfu_s001_t000,bandwidth,80.0,canonicalized,0,3.646100,0.903786,0.560729
aaaaamhi_s001_t000,bandwidth,80.0,canonicalized,1,7.130726,0.991358,1.053803
aaaaamhk_s001_t000,bandwidth,80.0,canonicalized,1,7.162275,0.991550,1.031334
aaaaamjc_s001_t001,bandwidth,80.0,canonicalized,1,13.638240,0.999919,2.258559
aaaaammh_s001_t001,bandwidth,80.0,canonicalized,1,3.281000,0.878450,0.528754
aaaaamnq_s001_t000,bandwidth,80.0,canonicalized,1,6.949608,0.990169,0.981711
aaaaamnq_s002_t000,bandwidth,80.0,canonicalized,1,4.586342,0.948594,0.194533
aaaaamon_s001_t000,bandwidth,80.0,canonicalized,0,1.637956,0.689528,1.372821
aaaaampz_s001_t000,bandwidth,80.0,canonicalized,1,2.175145,0.765610,2.292256
aaaaamrj_s001_t000,bandwidth,80.0,canonicalized,0,2.719996,0.828489,1.702666
aaaaamsc_s001_t000,bandwidth,80.0,canonicalized,1,7.633727,0.993962,2.432561
aaaaamtb_s001_t000,bandwidth,80.0,canonicalized,0,4.031408,0.925305,1.055004
aaaaamuc_s001_t000,bandwidth,80.0,canonicalized,0,3.849629,0.915767,4.433339
aaaaamxn_s001_t000,bandwidth,80.0,canonicalized,1,-0.743441,0.286544,0.094226
aaaaamyb_s001_t001,bandwidth,80.0,canonicalized,0,6.959576,0.990239,1.123027
aaaaamye_s001_t000,bandwidth,80.0,canonicalized,1,5.727085,0.976670,8.635700
aaaaamzi_s001_t001,bandwidth,80.0,canonicalized,1,10.117264,0.998980,0.725977
aaaaamzl_s001_t000,bandwidth,80.0,canonicalized,0,-0.161954,0.378799,1.943421
aaaaamzx_s001_t000,bandwidth,80.0,canonicalized,0,1.764164,0.708591,11.371192
aaaaanbq_s001_t000,bandwidth,80.0,canonicalized,0,5.604291,0.974574,1.587599
aaaaanek_s001_t000,bandwidth,80.0,canonicalized,0,-1.369536,0.203940,0.564926
aaaaangp_s001_t000,bandwidth,80.0,canonicalized,0,3.837834,0.915111,3.365131
aaaaanhb_s001_t003,bandwidth,80.0,canonicalized,1,9.819195,0.998737,1.103979
aaaaanhb_s003_t001,bandwidth,80.0,canonicalized,1,9.393190,0.998286,1.157299
aaaaanhb_s005_t000,bandwidth,80.0,canonicalized,1,10.534597,0.999244,0.501215
aaaaankf_s001_t000,bandwidth,80.0,canonicalized,1,8.633065,0.997045,1.184969
aaaaanlp_s001_t000,bandwidth,80.0,canonicalized,0,3.773611,0.911459,3.235269
aaaaanmc_s001_t000,bandwidth,80.0,canonicalized,1,9.980570,0.998875,2.220461
aaaaanop_s001_t000,bandwidth,80.0,canonicalized,0,1.103949,0.602150,0.770060
aaaaanoz_s001_t000,bandwidth,80.0,canonicalized,1,2.372843,0.790121,0.501777
aaaaanpr_s001_t002,bandwidth,80.0,canonicalized,1,7.950386,0.995184,1.108544
aaaaanqe_s001_t000,bandwidth,80.0,canonicalized,0,-1.073081,0.240680,0.379277
aaaaanro_s001_t000,bandwidth,80.0,canonicalized,1,3.773800,0.911470,0.450601
aaaaansj_s001_t000,bandwidth,80.0,canonicalized,1,9.327888,0.998204,0.251922
aaaaanta_s001_t000,bandwidth,80.0,canonicalized,1,9.692994,0.998617,6.068259
aaaaanum_s001_t000,bandwidth,80.0,canonicalized,0,0.373132,0.472431,0.990993
aaaaanvb_s002_t000,bandwidth,80.0,canonicalized,0,0.457658,0.487580,0.434876
aaaaanvg_s001_t002,bandwidth,80.0,canonicalized,0,7.106558,0.991208,1.144604
aaaaanvw_s001_t000,bandwidth,80.0,canonicalized,0,-0.724702,0.289303,0.482681
aaaaanwc_s001_t001,bandwidth,80.0,canonicalized,1,7.983545,0.995297,2.453419
aaaaanxl_s001_t000,bandwidth,80.0,canonicalized,1,11.017566,0.999466,8.742178
aaaaanyb_s001_t001,bandwidth,80.0,canonicalized,0,3.852736,0.915939,1.317654
aaaaanyt_s002_t000,bandwidth,80.0,canonicalized,1,10.765078,0.999359,4.072330
aaaaanyw_s001_t000,bandwidth,80.0,canonicalized,1,6.063457,0.981585,1.322839
aaaaanyw_s002_t000,bandwidth,80.0,canonicalized,1,7.229344,0.991944,1.923054
aaaaanzh_s001_t000,bandwidth,80.0,canonicalized,1,3.284167,0.878692,4.780725
aaaaanzu_s001_t003,bandwidth,80.0,canonicalized,1,3.843175,0.915409,1.752412
aaaaaoav_s001_t000,bandwidth,80.0,canonicalized,0,2.369436,0.789715,1.886319
aaaaaoav_s002_t000,bandwidth,80.0,canonicalized,0,2.740561,0.830577,1.550031
aaaaaobi_s001_t000,bandwidth,80.0,canonicalized,1,-1.504936,0.188608,1.168515
aaaaaobl_s001_t000,bandwidth,80.0,canonicalized,0,3.530434,0.896317,2.648084
aaaaaoby_s001_t000,bandwidth,80.0,canonicalized,0,2.400980,0.793452,5.343186
aaaaaoda_s001_t000,bandwidth,80.0,canonicalized,1,9.946208,0.998847,4.685390
aaaaaoeg_s001_t000,bandwidth,80.0,canonicalized,0,2.871532,0.843404,0.916834
aaaaaofj_s001_t000,bandwidth,80.0,canonicalized,0,3.425970,0.889135,2.157638
aaaaaofr_s001_t000,bandwidth,80.0,canonicalized,0,5.463292,0.971941,2.486302
aaaaaofz_s001_t000,bandwidth,80.0,canonicalized,0,3.218744,0.873595,1.914096
aaaaaohb_s001_t000,bandwidth,80.0,canonicalized,1,4.988730,0.960992,0.178043
aaaaaohr_s002_t001,bandwidth,80.0,canonicalized,1,12.821794,0.999854,3.067017
aaaaaoiq_s001_t000,bandwidth,80.0,canonicalized,1,4.831245,0.956524,1.681321
aaaaaoiv_s001_t000,bandwidth,80.0,canonicalized,1,2.560598,0.811607,0.107380
aaaaaoiv_s002_t001,bandwidth,80.0,canonicalized,1,8.171511,0.995888,5.812716
aaaaaoiv_s003_t003,bandwidth,80.0,canonicalized,1,12.393983,0.999801,0.693397
aaaaaojd_s001_t002,bandwidth,80.0,canonicalized,0,3.960883,0.921729,1.158268
aaaaaokg_s001_t000,bandwidth,80.0,canonicalized,0,7.248162,0.992051,3.047049
aaaaaoly_s001_t000,bandwidth,80.0,canonicalized,0,2.874478,0.843684,7.441484
aaaaaome_s001_t000,bandwidth,80.0,canonicalized,0,1.719825,0.701972,1.213364
aaaaaomx_s001_t000,bandwidth,80.0,canonicalized,0,-0.071496,0.394201,0.675600
aaaaaomy_s001_t000,bandwidth,80.0,canonicalized,1,5.143695,0.964956,1.443147
aaaaaonb_s001_t000,bandwidth,80.0,canonicalized,0,0.746081,0.539278,10.170733
aaaaaons_s002_t002,bandwidth,80.0,canonicalized,1,4.556621,0.947543,0.697665
aaaaaopd_s001_t000,bandwidth,80.0,canonicalized,0,1.170380,0.613521,11.855604
aaaaaopo_s001_t000,bandwidth,80.0,canonicalized,0,-0.429985,0.334672,0.327948
aaaaaora_s002_t000,bandwidth,80.0,canonicalized,1,2.759894,0.832522,0.308233
aaaaaord_s001_t000,bandwidth,80.0,canonicalized,1,1.768671,0.709258,1.721065
aaaaaosh_s001_t000,bandwidth,80.0,canonicalized,1,1.951633,0.735591,0.219000
aaaaaosw_s001_t000,bandwidth,80.0,canonicalized,0,4.836439,0.956679,5.231449
aaaaaote_s001_t000,bandwidth,80.0,canonicalized,0,6.652973,0.987864,0.579480
aaaaaout_s001_t000,bandwidth,80.0,canonicalized,1,5.676085,0.975821,1.725495
aaaaaovl_s001_t000,bandwidth,80.0,canonicalized,1,11.702106,0.999673,0.412266
aaaaaovo_s001_t000,bandwidth,80.0,canonicalized,1,10.586163,0.999272,2.131526
aaaaaowb_s001_t000,bandwidth,80.0,canonicalized,0,5.392933,0.970530,1.042466
aaaaaoxf_s001_t000,bandwidth,80.0,canonicalized,0,0.073779,0.419369,2.021589
aaaaaozf_s001_t001,bandwidth,80.0,canonicalized,0,0.156991,0.433986,1.081884
aaaaapag_s001_t000,bandwidth,80.0,canonicalized,0,-0.899886,0.264137,0.638816
aaaaapar_s001_t000,bandwidth,80.0,canonicalized,1,8.528495,0.996815,0.777785
aaaaapcb_s001_t000,bandwidth,80.0,canonicalized,0,8.531507,0.996822,0.095213
aaaaapcy_s001_t002,bandwidth,80.0,canonicalized,0,1.428773,0.656491,5.991552
aaaaapdg_s001_t000,bandwidth,80.0,canonicalized,0,1.046411,0.592210,0.418507
aaaaaphs_s001_t000,bandwidth,80.0,canonicalized,1,2.170722,0.765039,0.418546
aaaaaphw_s001_t000,bandwidth,80.0,canonicalized,0,3.488561,0.893489,3.686793
aaaaapij_s001_t000,bandwidth,80.0,canonicalized,0,6.735327,0.988553,1.098722
aaaaapjc_s001_t001,bandwidth,80.0,canonicalized,0,0.669078,0.525512,1.817212
aaaaapka_s001_t000,bandwidth,80.0,canonicalized,0,1.136036,0.607657,1.550979
aaaaapkx_s001_t001,bandwidth,80.0,canonicalized,1,1.328411,0.640059,4.635839
aaaaaply_s001_t001,bandwidth,80.0,canonicalized,1,3.517824,0.895472,2.634716
aaaaapmb_s002_t001,bandwidth,80.0,canonicalized,1,8.948502,0.997643,0.085875
aaaaapmp_s001_t000,bandwidth,80.0,canonicalized,1,-0.688319,0.294704,0.817980
aaaaapnr_s001_t000,bandwidth,80.0,canonicalized,1,0.599381,0.513019,2.483425
aaaaapoc_s001_t000,bandwidth,80.0,canonicalized,1,5.755044,0.977124,4.679841
aaaaapof_s001_t000,bandwidth,80.0,canonicalized,0,-1.091671,0.238249,2.672139
aaaaapoo_s001_t000,bandwidth,80.0,canonicalized,0,0.514664,0.497812,5.070213
aaaaapoq_s001_t000,bandwidth,80.0,canonicalized,0,2.188479,0.767324,1.157115
aaaaappb_s001_t000,bandwidth,80.0,canonicalized,0,0.261077,0.452430,0.685728
aaaaapqd_s001_t000,bandwidth,80.0,canonicalized,1,8.902048,0.997563,3.696732
aaaaapqv_s001_t000,bandwidth,80.0,canonicalized,0,5.213276,0.966607,6.547835
aaaaapta_s001_t000,bandwidth,80.0,canonicalized,1,6.461029,0.986095,1.059287
aaaaapth_s001_t000,bandwidth,80.0,canonicalized,1,8.383347,0.996467,1.310295
aaaaapua_s001_t001,bandwidth,80.0,canonicalized,0,-1.207188,0.223522,1.536452
aaaaapuu_s001_t000,bandwidth,80.0,canonicalized,0,4.012887,0.924381,1.903470
aaaaapvw_s001_t001,bandwidth,80.0,canonicalized,1,6.174858,0.982976,1.348732
aaaaapvy_s001_t000,bandwidth,80.0,canonicalized,1,6.435569,0.985842,7.662992
aaaaapwn_s001_t001,bandwidth,80.0,canonicalized,0,2.167330,0.764601,4.690321
aaaaapwo_s001_t001,bandwidth,80.0,canonicalized,1,11.541062,0.999633,4.080048
aaaaapxm_s001_t001,bandwidth,80.0,canonicalized,0,-0.320645,0.352377,1.330815
aaaaapys_s001_t001,bandwidth,80.0,canonicalized,1,10.695856,0.999327,0.277099
aaaaapys_s002_t001,bandwidth,80.0,canonicalized,1,8.753187,0.997289,0.487887
