rec_id,axis,severity,arm,label,logit,prob,var_logit
aaaaaayx_s002_t000,broadband,-5.0,canonicalized,0,9.162956,0.977599,1.002304
aaaaabdo_s003_t000,broadband,-5.0,canonicalized,1,9.321506,0.979103,1.185100
aaaaabsk_s007_t000,broadband,-5.0,canonicalized,1,8.916750,0.975052,0.587151
aaaaabuv_s002_t000,broadband,-5.0,canonicalized,1,8.875192,0.974595,2.287366
aaaaacad_s003_t000,broadband,-5.0,canonicalized,0,9.821178,0.983224,1.707796
aaaaacby_s004_t000,broadband,-5.0,canonicalized,0,9.506380,0.980732,1.682324
aaaaaddm_s006_t000,broadband,-5.0,canonicalized,1,10.079144,0.985027,1.296230
aaaaadeu_s002_t000,broadband,-5.0,canonicalized,1,9.142137,0.977394,0.437234
aaaaadjk_s002_t000,broadband,-5.0,canonicalized,0,9.476003,0.980473,1.616378
aaaaadkb_s002_t000,broadband,-5.0,canonicalized,1,10.011475,0.984574,0.954150
aaaaadsm_s002_t001,broadband,-5.0,canonicalized,0,8.823387,0.974014,0.720260
aaaaaeab_s003_t000,broadband,-5.0,canonicalized,0,8.555719,0.970800,1.337768
aaaaaejc_s003_t001,broadband,-5.0,canonicalized,0,8.816224,0.973933,0.878699
aaaaaezn_s003_t001,broadband,-5.0,canonicalized,1,9.695590,0.982270,0.629754
aaaaafhl_s003_t000,broadband,-5.0,canonicalized,1,9.603182,0.981535,0.633570
aaaaagfk_s003_t000,broadband,-5.0,canonicalized,0,8.196566,0.965877,3.562826
aaaaagsc_s003_t001,broadband,-5.0,canonicalized,1,10.074106,0.984994,0.759027
aaaaagsc_s006_t001,broadband,-5.0,canonicalized,1,8.911614,0.974996,1.099617
aaaaaguk_s002_t001,broadband,-5.0,canonicalized,0,8.774141,0.973450,0.437342
aaaaagvx_s002_t000,broadband,-5.0,canonicalized,1,8.241336,0.966532,0.552061
aaaaagvx_s003_t001,broadband,-5.0,canonicalized,1,9.763195,0.982790,2.634733
aaaaagyr_s002_t000,broadband,-5.0,canonicalized,1,8.855139,0.974372,1.560304
aaaaahie_s005_t001,broadband,-5.0,canonicalized,1,9.808224,0.983128,1.344621
aaaaahsv_s002_t000,broadband,-5.0,canonicalized,0,8.716471,0.972774,1.649024
aaaaahte_s002_t000,broadband,-5.0,canonicalized,1,10.224225,0.985956,0.372355
aaaaahte_s003_t000,broadband,-5.0,canonicalized,1,9.838761,0.983353,0.467736
aaaaahuy_s002_t000,broadband,-5.0,canonicalized,1,10.014719,0.984596,1.150012
aaaaahzi_s001_t000,broadband,-5.0,canonicalized,0,8.578688,0.971091,2.938882
aaaaahzm_s001_t001,broadband,-5.0,canonicalized,0,8.391826,0.968645,2.518390
aaaaahzq_s001_t000,broadband,-5.0,canonicalized,0,9.825693,0.983257,1.711099
aaaaahzs_s001_t001,broadband,-5.0,canonicalized,0,8.324220,0.967712,1.219745
aaaaaiae_s001_t000,broadband,-5.0,canonicalized,0,9.075141,0.976721,0.503692
aaaaaibx_s001_t000,broadband,-5.0,canonicalized,0,10.261510,0.986186,0.679424
aaaaaiby_s001_t000,broadband,-5.0,canonicalized,0,8.988752,0.975825,0.998505
aaaaaici_s001_t000,broadband,-5.0,canonicalized,0,8.856074,0.974382,1.133807
aaaaaicn_s001_t000,broadband,-5.0,canonicalized,0,9.290121,0.978813,1.100918
aaaaaijh_s002_t000,broadband,-5.0,canonicalized,1,9.386437,0.979690,0.294353
aaaaaijn_s001_t001,broadband,-5.0,canonicalized,0,9.222949,0.978180,1.187773
aaaaairb_s001_t001,broadband,-5.0,canonicalized,0,9.872676,0.983600,0.624246
aaaaairo_s001_t000,broadband,-5.0,canonicalized,0,8.126093,0.964821,0.804195
aaaaaitt_s001_t000,broadband,-5.0,canonicalized,0,9.755579,0.982732,1.198869
aaaaaiue_s004_t000,broadband,-5.0,canonicalized,1,8.757739,0.973259,1.396441
aaaaaiuo_s002_t000,broadband,-5.0,canonicalized,0,9.884976,0.983689,1.565494
aaaaaiwz_s001_t001,broadband,-5.0,canonicalized,0,7.602147,0.955924,0.587754
aaaaaiyy_s001_t001,broadband,-5.0,canonicalized,0,8.008506,0.962989,1.443114
aaaaaizd_s001_t001,broadband,-5.0,canonicalized,0,9.518359,0.980833,1.233518
aaaaaizs_s001_t000,broadband,-5.0,canonicalized,0,9.820287,0.983217,3.114853
aaaaajae_s001_t001,broadband,-5.0,canonicalized,0,9.542742,0.981037,2.175003
aaaaajah_s002_t001,broadband,-5.0,canonicalized,1,8.582613,0.971140,0.291708
aaaaajah_s004_t000,broadband,-5.0,canonicalized,1,9.656137,0.981960,2.392742
aaaaajal_s001_t001,broadband,-5.0,canonicalized,0,7.402107,0.951990,0.943592
aaaaajam_s001_t000,broadband,-5.0,canonicalized,1,9.587212,0.981404,1.270024
aaaaajar_s001_t001,broadband,-5.0,canonicalized,0,8.736854,0.973015,0.665782
aaaaajbb_s001_t000,broadband,-5.0,canonicalized,0,9.179978,0.977765,1.049022
aaaaajbh_s002_t000,broadband,-5.0,canonicalized,0,9.073655,0.976706,0.680685
aaaaajce_s001_t000,broadband,-5.0,canonicalized,0,9.668299,0.982056,2.541664
aaaaajci_s001_t000,broadband,-5.0,canonicalized,0,9.408622,0.979887,1.202586
aaaaajck_s001_t000,broadband,-5.0,canonicalized,0,8.790291,0.973636,0.860702
aaaaajct_s001_t000,broadband,-5.0,canonicalized,0,9.771435,0.982852,0.880457
aaaaajcu_s001_t000,broadband,-5.0,canonicalized,0,8.945357,0.975362,3.212362
aaaaajda_s001_t000,broadband,-5.0,canonicalized,0,8.625978,0.971679,2.767169
aaaaajdb_s001_t000,broadband,-5.0,canonicalized,0,10.497977,0.987557,0.659776
aaaaajdv_s001_t000,broadband,-5.0,canonicalized,0,8.432837,0.969199,6.051405
aaaaajdy_s001_t000,broadband,-5.0,canonicalized,0,9.360870,0.979461,2.491674
aaaaajdz_s001_t000,broadband,-5.0,canonicalized,0,8.888167,0.974739,1.311989
aaaaajea_s001_t000,broadband,-5.0,canonicalized,0,9.608825,0.981580,1.268283
aaaaajen_s001_t000,broadband,-5.0,canonicalized,0,9.250608,0.978443,3.545597
aaaaajey_s001_t000,broadband,-5.0,canonicalized,0,9.208996,0.978046,0.462952
aaaaajfb_s001_t000,broadband,-5.0,canonicalized,0,9.383018,0.979659,1.604508
aaaaajfe_s001_t000,broadband,-5.0,canonicalized,0,7.794958,0.959424,4.956641
aaaaajff_s001_t000,broadband,-5.0,canonicalized,0,8.650982,0.971986,1.908414
aaaaajfi_s001_t001,broadband,-5.0,canonicalized,0,8.689563,0.972453,0.684805
aaaaajfn_s001_t001,broadband,-5.0,canonicalized,0,9.440355,0.980165,0.259766
aaaaajfy_s001_t000,broadband,-5.0,canonicalized,0,9.528553,0.980919,0.884092
aaaaajga_s001_t001,broadband,-5.0,canonicalized,0,9.054035,0.976505,0.539368
aaaaajhy_s001_t000,broadband,-5.0,canonicalized,0,11.104366,0.990489,0.949684
aaaaajit_s001_t001,broadband,-5.0,canonicalized,0,8.249422,0.966649,1.428126
aaaaajiu_s001_t000,broadband,-5.0,canonicalized,0,8.532554,0.970505,1.848827
aaaaajiy_s001_t001,broadband,-5.0,canonicalized,0,8.040620,0.963498,1.676861
aaaaajiz_s001_t000,broadband,-5.0,canonicalized,0,10.027646,0.984683,1.650700
aaaaajjb_s001_t001,broadband,-5.0,canonicalized,0,9.444441,0.980201,1.624335
aaaaajje_s001_t000,broadband,-5.0,canonicalized,0,9.280254,0.978721,2.689561
aaaaajjk_s001_t000,broadband,-5.0,canonicalized,0,9.678402,0.982136,2.590345
aaaaajna_s001_t000,broadband,-5.0,canonicalized,0,9.752596,0.982709,1.352601
aaaaajnu_s001_t000,broadband,-5.0,canonicalized,0,9.520161,0.980848,0.807435
aaaaajon_s001_t000,broadband,-5.0,canonicalized,0,10.165466,0.985587,1.487077
aaaaajoo_s002_t001,broadband,-5.0,canonicalized,1,10.123359,0.985317,1.013781
aaaaajpg_s001_t001,broadband,-5.0,canonicalized,0,8.506824,0.970173,0.708696
aaaaajqh_s004_t000,broadband,-5.0,canonicalized,1,9.403530,0.979842,1.091591
aaaaajqk_s003_t001,broadband,-5.0,canonicalized,1,8.537045,0.970562,1.034437
aaaaajrf_s001_t000,broadband,-5.0,canonicalized,1,9.634508,0.981787,0.544848
aaaaajrf_s002_t000,broadband,-5.0,canonicalized,1,9.793241,0.983016,1.742890
aaaaajrf_s003_t002,broadband,-5.0,canonicalized,1,9.397722,0.979790,1.466985
aaaaajrf_s004_t000,broadband,-5.0,canonicalized,1,9.874859,0.983616,0.827499
aaaaajso_s001_t000,broadband,-5.0,canonicalized,1,10.415596,0.987095,1.171695
aaaaajtg_s001_t000,broadband,-5.0,canonicalized,0,10.306536,0.986458,1.301329
aaaaajtu_s001_t000,broadband,-5.0,canonicalized,0,10.127393,0.985343,2.348679
aaaaajuh_s001_t000,broadband,-5.0,canonicalized,1,8.266491,0.966894,1.511675
aaaaajun_s001_t000,broadband,-5.0,canonicalized,0,9.623517,0.981699,1.174725
aaaaajvh_s001_t001,broadband,-5.0,canonicalized,0,10.254973,0.986146,2.429308
aaaaajxp_s001_t000,broadband,-5.0,canonicalized,0,7.985110,0.962613,1.259067
aaaaakck_s001_t001,broadband,-5.0,canonicalized,1,9.746535,0.982663,1.301561
aaaaakcx_s001_t001,broadband,-5.0,canonicalized,1,10.111936,0.985242,0.609016
aaaaakcy_s005_t001,broadband,-5.0,canonicalized,1,10.464400,0.987371,3.146651
aaaaakdj_s001_t000,broadband,-5.0,canonicalized,1,9.931602,0.984021,1.204145
aaaaakdo_s001_t000,broadband,-5.0,canonicalized,1,8.804320,0.973797,1.640901
aaaaakeq_s001_t000,broadband,-5.0,canonicalized,1,9.305854,0.978959,1.166937
aaaaakeq_s002_t000,broadband,-5.0,canonicalized,1,7.845677,0.960299,2.147208
aaaaakeq_s003_t000,broadband,-5.0,canonicalized,1,9.709430,0.982378,0.662457
aaaaakev_s001_t001,broadband,-5.0,canonicalized,1,9.501852,0.980694,1.216286
aaaaakev_s002_t000,broadband,-5.0,canonicalized,1,8.279868,0.967086,3.523749
aaaaakft_s001_t000,broadband,-5.0,canonicalized,0,9.560501,0.981185,0.537367
aaaaakgp_s001_t001,broadband,-5.0,canonicalized,0,10.186678,0.985721,1.517319
aaaaakgu_s001_t000,broadband,-5.0,canonicalized,1,8.770434,0.973407,0.648430
aaaaakjk_s002_t002,broadband,-5.0,canonicalized,1,9.653566,0.981939,1.110843
aaaaakjk_s003_t000,broadband,-5.0,canonicalized,1,9.314399,0.979038,0.803437
aaaaakka_s001_t001,broadband,-5.0,canonicalized,0,8.179033,0.965617,3.543116
aaaaakmg_s003_t001,broadband,-5.0,canonicalized,1,9.562647,0.981203,0.358534
aaaaakmh_s001_t000,broadband,-5.0,canonicalized,1,9.015497,0.976106,2.897110
aaaaaknt_s001_t000,broadband,-5.0,canonicalized,1,9.266463,0.978592,1.438453
aaaaakoo_s001_t001,broadband,-5.0,canonicalized,1,9.611579,0.981603,1.725512
aaaaakqg_s001_t001,broadband,-5.0,canonicalized,0,8.995075,0.975892,1.322580
aaaaakqr_s001_t000,broadband,-5.0,canonicalized,0,9.991381,0.984436,1.352057
aaaaakrt_s001_t001,broadband,-5.0,canonicalized,1,9.990466,0.984430,2.585548
aaaaakrt_s002_t001,broadband,-5.0,canonicalized,1,8.932771,0.975226,1.877817
aaaaaksb_s001_t000,broadband,-5.0,canonicalized,0,9.429194,0.980068,2.833895
aaaaaksu_s001_t001,broadband,-5.0,canonicalized,0,8.293663,0.967282,1.066265
aaaaakxz_s001_t001,broadband,-5.0,canonicalized,1,9.573473,0.981292,1.800763
aaaaakxz_s002_t001,broadband,-5.0,canonicalized,1,10.192073,0.985755,2.164344
aaaaalaf_s001_t000,broadband,-5.0,canonicalized,0,8.183597,0.965685,1.278619
aaaaalau_s001_t000,broadband,-5.0,canonicalized,1,10.086836,0.985078,0.712646
aaaaalbh_s001_t000,broadband,-5.0,canonicalized,1,9.172670,0.977694,2.338344
aaaaalbt_s001_t001,broadband,-5.0,canonicalized,0,8.356745,0.968165,1.480188
aaaaalbt_s002_t000,broadband,-5.0,canonicalized,0,9.175896,0.977726,2.631531
aaaaalbz_s006_t000,broadband,-5.0,canonicalized,1,9.122228,0.977196,1.068969
aaaaalid_s001_t001,broadband,-5.0,canonicalized,0,9.409721,0.979896,2.072884
aaaaaljf_s001_t000,broadband,-5.0,canonicalized,1,9.087754,0.976849,1.333391
aaaaaljj_s001_t000,broadband,-5.0,canonicalized,0,7.505974,0.954073,2.744123
aaaaallc_s001_t001,broadband,-5.0,canonicalized,0,9.487044,0.980568,0.946192
aaaaalle_s002_t000,broadband,-5.0,canonicalized,1,9.718462,0.982448,0.299415
aaaaalox_s001_t001,broadband,-5.0,canonicalized,0,9.057667,0.976543,0.536390
aaaaalpv_s001_t000,broadband,-5.0,canonicalized,0,8.118168,0.964700,0.975818
aaaaalqa_s001_t000,broadband,-5.0,canonicalized,0,9.012667,0.976076,0.379581
aaaaalqr_s001_t001,broadband,-5.0,canonicalized,1,9.134157,0.977315,0.977840
aaaaalqs_s001_t001,broadband,-5.0,canonicalized,0,8.973154,0.975659,0.946738
aaaaalqx_s001_t000,broadband,-5.0,canonicalized,0,9.602521,0.981529,1.150268
aaaaalrc_s002_t000,broadband,-5.0,canonicalized,1,10.698633,0.988615,0.616939
aaaaalsq_s001_t000,broadband,-5.0,canonicalized,0,9.745829,0.982658,1.195333
aaaaalsx_s001_t000,broadband,-5.0,canonicalized,1,9.928046,0.983996,2.849759
aaaaalsx_s004_t001,broadband,-5.0,canonicalized,1,8.088201,0.964240,0.664964
aaaaaluz_s001_t001,broadband,-5.0,canonicalized,0,7.477966,0.953520,1.453469
aaaaalvw_s001_t000,broadband,-5.0,canonicalized,0,9.153590,0.977507,3.902121
aaaaalvz_s001_t000,broadband,-5.0,canonicalized,1,9.132858,0.977302,0.659248
aaaaalxk_s001_t000,broadband,-5.0,canonicalized,0,10.021122,0.984639,1.185558
aaaaalyr_s001_t000,broadband,-5.0,canonicalized,1,9.591796,0.981442,1.500388
aaaaalzk_s002_t001,broadband,-5.0,canonicalized,1,10.496307,0.987548,0.536106
aaaaamcb_s001_t001,broadband,-5.0,canonicalized,1,9.880111,0.983654,0.169408
aaaaamfe_s001_t001,broadband,-5.0,canonicalized,0,8.962102,0.975542,1.422716
aaaaamft_s001_t001,broadband,-5.0,canonicalized,1,8.976030,0.975690,2.285367
aaaaamfu_s001_t000,broadband,-5.0,canonicalized,0,8.113086,0.964623,1.617797
aaaaamhi_s001_t000,broadband,-5.0,canonicalized,1,8.925488,0.975147,0.139317
aaaaamhk_s001_t000,broadband,-5.0,canonicalized,1,8.983163,0.975766,0.619220
aaaaamjc_s001_t001,broadband,-5.0,canonicalized,1,8.993851,0.975879,0.701396
aaaaammh_s001_t001,broadband,-5.0,canonicalized,1,9.865109,0.983545,0.845161
aaaaamnq_s001_t000,broadband,-5.0,canonicalized,1,10.564603,0.987919,1.303449
aaaaamnq_s002_t000,broadband,-5.0,canonicalized,1,9.969899,0.984288,0.843378
aaaaamon_s001_t000,broadband,-5.0,canonicalized,0,9.684588,0.982184,2.007100
aaaaampz_s001_t000,broadband,-5.0,canonicalized,1,10.457474,0.987332,0.331676
aaaaamrj_s001_t000,broadband,-5.0,canonicalized,0,9.345747,0.979324,1.939187
aaaaamsc_s001_t000,broadband,-5.0,canonicalized,1,9.819219,0.983209,1.917400
aaaaamtb_s001_t000,broadband,-5.0,canonicalized,0,10.344311,0.986682,0.677182
aaaaamuc_s001_t000,broadband,-5.0,canonicalized,0,9.184530,0.977810,0.984787
aaaaamxn_s001_t000,broadband,-5.0,canonicalized,1,9.194940,0.977911,0.999316
aaaaamyb_s001_t001,broadband,-5.0,canonicalized,0,9.907817,0.983852,1.048250
aaaaamye_s001_t000,broadband,-5.0,canonicalized,1,10.009920,0.984563,0.858363
aaaaamzi_s001_t001,broadband,-5.0,canonicalized,1,9.447436,0.980227,0.130474
aaaaamzl_s001_t000,broadband,-5.0,canonicalized,0,9.122554,0.977199,1.179317
aaaaamzx_s001_t000,broadband,-5.0,canonicalized,0,8.386586,0.968574,2.214753
aaaaanbq_s001_t000,broadband,-5.0,canonicalized,0,8.879252,0.974640,1.605099
aaaaanek_s001_t000,broadband,-5.0,canonicalized,0,7.184132,0.947325,3.153453
aaaaangp_s001_t000,broadband,-5.0,canonicalized,0,9.356717,0.979423,2.120593
aaaaanhb_s001_t003,broadband,-5.0,canonicalized,1,8.328680,0.967775,3.184794
aaaaanhb_s003_t001,broadband,-5.0,canonicalized,1,9.580031,0.981346,1.245283
aaaaanhb_s005_t000,broadband,-5.0,canonicalized,1,10.072135,0.984981,0.625155
aaaaankf_s001_t000,broadband,-5.0,canonicalized,1,10.682529,0.988533,0.663153
aaaaanlp_s001_t000,broadband,-5.0,canonicalized,0,9.487940,0.980575,1.034366
aaaaanmc_s001_t000,broadband,-5.0,canonicalized,1,9.914543,0.983900,1.564483
aaaaanop_s001_t000,broadband,-5.0,canonicalized,0,9.523588,0.980877,0.195689
aaaaanoz_s001_t000,broadband,-5.0,canonicalized,1,9.293186,0.978842,2.738103
aaaaanpr_s001_t002,broadband,-5.0,canonicalized,1,8.740668,0.973060,2.750032
aaaaanqe_s001_t000,broadband,-5.0,canonicalized,0,8.757449,0.973256,3.546558
aaaaanro_s001_t000,broadband,-5.0,canonicalized,1,9.951386,0.984159,0.389873
aaaaansj_s001_t000,broadband,-5.0,canonicalized,1,9.278295,0.978703,2.118979
aaaaanta_s001_t000,broadband,-5.0,canonicalized,1,9.232884,0.978275,1.551348
aaaaanum_s001_t000,broadband,-5.0,canonicalized,0,9.544221,0.981050,0.759450
aaaaanvb_s002_t000,broadband,-5.0,canonicalized,0,9.560884,0.981188,1.073992
aaaaanvg_s001_t002,broadband,-5.0,canonicalized,0,7.148335,0.946519,1.362883
aaaaanvw_s001_t000,broadband,-5.0,canonicalized,0,8.203756,0.965983,2.166557
aaaaanwc_s001_t001,broadband,-5.0,canonicalized,1,8.769868,0.973400,1.153844
aaaaanxl_s001_t000,broadband,-5.0,canonicalized,1,9.848781,0.983427,1.222617
aaaaanyb_s001_t001,broadband,-5.0,canonicalized,0,7.528258,0.954508,0.531052
aaaaanyt_s002_t000,broadband,-5.0,canonicalized,1,15.708470,0.998781,3.399843
aaaaanyw_s001_t000,broadband,-5.0,canonicalized,1,9.267246,0.978600,0.701523
aaaaanyw_s002_t000,broadband,-5.0,canonicalized,1,9.858399,0.983497,1.118955
aaaaanzh_s001_t000,broadband,-5.0,canonicalized,1,8.524252,0.970398,2.781032
aaaaanzu_s001_t003,broadband,-5.0,canonicalized,1,9.375579,0.979593,1.161543
aaaaaoav_s001_t000,broadband,-5.0,canonicalized,0,8.159963,0.965332,1.738472
aaaaaoav_s002_t000,broadband,-5.0,canonicalized,0,9.314870,0.979042,0.673262
aaaaaobi_s001_t000,broadband,-5.0,canonicalized,1,10.299796,0.986417,1.087588
aaaaaobl_s001_t000,broadband,-5.0,canonicalized,0,9.999342,0.984491,2.109206
aaaaaoby_s001_t000,broadband,-5.0,canonicalized,0,9.648017,0.981895,0.593536
aaaaaoda_s001_t000,broadband,-5.0,canonicalized,1,8.318582,0.967633,2.462264
aaaaaoeg_s001_t000,broadband,-5.0,canonicalized,0,9.970097,0.984290,1.552301
aaaaaofj_s001_t000,broadband,-5.0,canonicalized,0,9.708005,0.982367,0.478582
aaaaaofr_s001_t000,broadband,-5.0,canonicalized,0,9.780913,0.982924,0.309246
aaaaaofz_s001_t000,broadband,-5.0,canonicalized,0,9.735009,0.982575,1.107335
aaaaaohb_s001_t000,broadband,-5.0,canonicalized,1,8.504160,0.970138,0.846915
aaaaaohr_s002_t001,broadband,-5.0,canonicalized,1,9.444841,0.980204,0.836505
aaaaaoiq_s001_t000,broadband,-5.0,canonicalized,1,8.285365,0.967164,0.795487
aaaaaoiv_s001_t000,broadband,-5.0,canonicalized,1,7.553380,0.954994,0.969104
aaaaaoiv_s002_t001,broadband,-5.0,canonicalized,1,9.951252,0.984158,0.784009
aaaaaoiv_s003_t003,broadband,-5.0,canonicalized,1,9.986595,0.984403,0.903425
aaaaaojd_s001_t002,broadband,-5.0,canonicalized,0,8.299332,0.967362,0.869412
aaaaaokg_s001_t000,broadband,-5.0,canonicalized,0,10.068734,0.984958,0.305085
aaaaaoly_s001_t000,broadband,-5.0,canonicalized,0,9.358602,0.979440,1.056341
aaaaaome_s001_t000,broadband,-5.0,canonicalized,0,9.134597,0.977319,1.431451
aaaaaomx_s001_t000,broadband,-5.0,canonicalized,0,9.266412,0.978592,1.161488
aaaaaomy_s001_t000,broadband,-5.0,canonicalized,1,8.960779,0.975527,1.706555
aaaaaonb_s001_t000,broadband,-5.0,canonicalized,0,9.994806,0.984460,0.395387
aaaaaons_s002_t002,broadband,-5.0,canonicalized,1,10.099215,0.985159,1.336069
aaaaaopd_s001_t000,broadband,-5.0,canonicalized,0,9.715364,0.982424,0.567292
aaaaaopo_s001_t000,broadband,-5.0,canonicalized,0,9.655518,0.981955,0.947105
aaaaaora_s002_t000,broadband,-5.0,canonicalized,1,9.561432,0.981192,0.267797
aaaaaord_s001_t000,broadband,-5.0,canonicalized,1,9.581004,0.981354,0.468921
aaaaaosh_s001_t000,broadband,-5.0,canonicalized,1,9.657117,0.981967,0.606441
aaaaaosw_s001_t000,broadband,-5.0,canonicalized,0,9.672757,0.982091,2.205387
aaaaaote_s001_t000,broadband,-5.0,canonicalized,0,8.582540,0.971139,0.762578
aaaaaout_s001_t000,broadband,-5.0,canonicalized,1,9.382107,0.979651,1.033104
aaaaaovl_s001_t000,broadband,-5.0,canonicalized,1,9.590612,0.981432,0.720838
aaaaaovo_s001_t000,broadband,-5.0,canonicalized,1,9.231177,0.978259,0.814480
aaaaaowb_s001_t000,broadband,-5.0,canonicalized,0,13.103136,0.996093,5.326757
aaaaaoxf_s001_t000,broadband,-5.0,canonicalized,0,8.702719,0.972610,1.699227
aaaaaozf_s001_t001,broadband,-5.0,canonicalized,0,9.344840,0.979316,1.910309
aaaaapag_s001_t000,broadband,-5.0,canonicalized,0,8.933663,0.975236,1.202321
aaaaapar_s001_t000,broadband,-5.0,canonicalized,1,10.048215,0.984822,0.605311
aaaaapcb_s001_t000,broadband,-5.0,canonicalized,0,9.681418,0.982159,0.917349
aaaaapcy_s001_t002,broadband,-5.0,canonicalized,0,8.540322,0.970604,0.619141
aaaaapdg_s001_t000,broadband,-5.0,canonicalized,0,10.353149,0.986734,1.326032
aaaaaphs_s001_t000,broadband,-5.0,canonicalized,1,9.188104,0.977844,2.790172
aaaaaphw_s001_t000,broadband,-5.0,canonicalized,0,9.916700,0.983915,2.545877
aaaaapij_s001_t000,broadband,-5.0,canonicalized,0,10.019225,0.984626,0.756125
aaaaapjc_s001_t001,broadband,-5.0,canonicalized,0,9.110279,0.977076,0.688804
aaaaapka_s001_t000,broadband,-5.0,canonicalized,0,8.263189,0.966847,1.100495
aaaaapkx_s001_t001,broadband,-5.0,canonicalized,1,8.984756,0.975783,1.463300
aaaaaply_s001_t001,broadband,-5.0,canonicalized,1,9.676525,0.982121,2.527272
aaaaapmb_s002_t001,broadband,-5.0,canonicalized,1,9.159336,0.977564,1.120025
aaaaapmp_s001_t000,broadband,-5.0,canonicalized,1,9.228247,0.978231,0.978624
aaaaapnr_s001_t000,broadband,-5.0,canonicalized,1,8.529348,0.970463,1.349494
aaaaapoc_s001_t000,broadband,-5.0,canonicalized,1,8.800463,0.973753,3.643483
aaaaapof_s001_t000,broadband,-5.0,canonicalized,0,9.344646,0.979314,3.517489
aaaaapoo_s001_t000,broadband,-5.0,canonicalized,0,10.456313,0.987326,1.937443
aaaaapoq_s001_t000,broadband,-5.0,canonicalized,0,9.118234,0.977156,4.109903
aaaaappb_s001_t000,broadband,-5.0,canonicalized,0,8.713295,0.972736,0.933809
aaaaapqd_s001_t000,broadband,-5.0,canonicalized,1,9.332189,0.979201,0.488531
aaaaapqv_s001_t000,broadband,-5.0,canonicalized,0,9.951356,0.984159,1.052587
aaaaapta_s001_t000,broadband,-5.0,canonicalized,1,9.854419,0.983468,0.954291
aaaaapth_s001_t000,broadband,-5.0,canonicalized,1,9.164011,0.977609,0.946996
aaaaapua_s001_t001,broadband,-5.0,canonicalized,0,8.120924,0.964742,0.647875
aaaaapuu_s001_t000,broadband,-5.0,canonicalized,0,9.199939,0.977959,1.965331
aaaaapvw_s001_t001,broadband,-5.0,canonicalized,1,8.526213,0.970423,1.845105
aaaaapvy_s001_t000,broadband,-5.0,canonicalized,1,9.181299,0.977778,0.316236
aaaaapwn_s001_t001,broadband,-5.0,canonicalized,0,8.205731,0.966012,0.788109
aaaaapwo_s001_t001,broadband,-5.0,canonicalized,1,10.514797,0.987649,0.851533
aaaaapxm_s001_t001,broadband,-5.0,canonicalized,0,7.651591,0.956848,1.701798
aaaaapys_s001_t001,broadband,-5.0,canonicalized,1,10.468608,0.987394,1.015604
aaaaapys_s002_t001,broadband,-5.0,canonicalized,1,10.173306,0.985637,0.729306
aaaaaayx_s002_t000,broadband,-5.0,naive,0,9.162956,0.977599,1.002304
aaaaabdo_s003_t000,broadband,-5.0,naive,1,9.321506,0.979103,1.185100
aaaaabsk_s007_t000,broadband,-5.0,naive,1,8.916750,0.975052,0.587151
aaaaabuv_s002_t000,broadband,-5.0,naive,1,8.875192,0.974595,2.287366
aaaaacad_s003_t000,broadband,-5.0,naive,0,9.821178,0.983224,1.707796
aaaaacby_s004_t000,broadband,-5.0,naive,0,9.506380,0.980732,1.682324
aaaaaddm_s006_t000,broadband,-5.0,naive,1,10.079144,0.985027,1.296230
aaaaadeu_s002_t000,broadband,-5.0,naive,1,9.142137,0.977394,0.437234
aaaaadjk_s002_t000,broadband,-5.0,naive,0,9.476003,0.980473,1.616378
aaaaadkb_s002_t000,broadband,-5.0,naive,1,10.011475,0.984574,0.954150
aaaaadsm_s002_t001,broadband,-5.0,naive,0,8.823387,0.974014,0.720260
aaaaaeab_s003_t000,broadband,-5.0,naive,0,8.555719,0.970800,1.337768
aaaaaejc_s003_t001,broadband,-5.0,naive,0,8.816224,0.973933,0.878699
aaaaaezn_s003_t001,broadband,-5.0,naive,1,9.695590,0.982270,0.629754
aaaaafhl_s003_t000,broadband,-5.0,naive,1,9.603182,0.981535,0.633570
aaaaagfk_s003_t000,broadband,-5.0,naive,0,8.196566,0.965877,3.562826
aaaaagsc_s003_t001,broadband,-5.0,naive,1,10.074106,0.984994,0.759027
aaaaagsc_s006_t001,broadband,-5.0,naive,1,8.911614,0.974996,1.099617
aaaaaguk_s002_t001,broadband,-5.0,naive,0,8.774141,0.973450,0.437342
aaaaagvx_s002_t000,broadband,-5.0,naive,1,8.241336,0.966532,0.552061
aaaaagvx_s003_t001,broadband,-5.0,naive,1,9.763195,0.982790,2.634733
aaaaagyr_s002_t000,broadband,-5.0,naive,1,8.855139,0.974372,1.560304
aaaaahie_s005_t001,broadband,-5.0,naive,1,9.808224,0.983128,1.344621
aaaaahsv_s002_t000,broadband,-5.0,naive,0,8.716471,0.972774,1.649024
aaaaahte_s002_t000,broadband,-5.0,naive,1,10.224225,0.985956,0.372355
aaaaahte_s003_t000,broadband,-5.0,naive,1,9.838761,0.983353,0.467736
aaaaahuy_s002_t000,broadband,-5.0,naive,1,10.014719,0.984596,1.150012
aaaaahzi_s001_t000,broadband,-5.0,naive,0,8.578688,0.971091,2.938882
aaaaahzm_s001_t001,broadband,-5.0,naive,0,8.391826,0.968645,2.518390
aaaaahzq_s001_t000,broadband,-5.0,naive,0,9.825693,0.983257,1.711099
aaaaahzs_s001_t001,broadband,-5.0,naive,0,8.324220,0.967712,1.219745
aaaaaiae_s001_t000,broadband,-5.0,naive,0,9.075141,0.976721,0.503692
aaaaaibx_s001_t000,broadband,-5.0,naive,0,10.261510,0.986186,0.679424
aaaaaiby_s001_t000,broadband,-5.0,naive,0,8.988752,0.975825,0.998505
aaaaaici_s001_t000,broadband,-5.0,naive,0,8.856074,0.974382,1.133807
aaaaaicn_s001_t000,broadband,-5.0,naive,0,9.290121,0.978813,1.100918
aaaaaijh_s002_t000,broadband,-5.0,naive,1,9.386437,0.979690,0.294353
aaaaaijn_s001_t001,broadband,-5.0,naive,0,9.222949,0.978180,1.187773
aaaaairb_s001_t001,broadband,-5.0,naive,0,9.872676,0.983600,0.624246
aaaaairo_s001_t000,broadband,-5.0,naive,0,8.126093,0.964821,0.804195
aaaaaitt_s001_t000,broadband,-5.0,naive,0,9.755579,0.982732,1.198869
aaaaaiue_s004_t000,broadband,-5.0,naive,1,8.757739,0.973259,1.396441
aaaaaiuo_s002_t000,broadband,-5.0,naive,0,9.884976,0.983689,1.565494
aaaaaiwz_s001_t001,broadband,-5.0,naive,0,7.602147,0.955924,0.587754
aaaaaiyy_s001_t001,broadband,-5.0,naive,0,8.008506,0.962989,1.443114
aaaaaizd_s001_t001,broadband,-5.0,naive,0,9.518359,0.980833,1.233518
aaaaaizs_s001_t000,broadband,-5.0,naive,0,9.820287,0.983217,3.114853
aaaaajae_s001_t001,broadband,-5.0,naive,0,9.542742,0.981037,2.175003
aaaaajah_s002_t001,broadband,-5.0,naive,1,8.582613,0.971140,0.291708
aaaaajah_s004_t000,broadband,-5.0,naive,1,9.656137,0.981960,2.392742
aaaaajal_s001_t001,broadband,-5.0,naive,0,7.402107,0.951990,0.943592
aaaaajam_s001_t000,broadband,-5.0,naive,1,9.587212,0.981404,1.270024
aaaaajar_s001_t001,broadband,-5.0,naive,0,8.736854,0.973015,0.665782
aaaaajbb_s001_t000,broadband,-5.0,naive,0,9.179978,0.977765,1.049022
aaaaajbh_s002_t000,broadband,-5.0,naive,0,9.073655,0.976706,0.680685
aaaaajce_s001_t000,broadband,-5.0,naive,0,9.668299,0.982056,2.541664
aaaaajci_s001_t000,broadband,-5.0,naive,0,9.408622,0.979887,1.202586
aaaaajck_s001_t000,broadband,-5.0,naive,0,8.790291,0.973636,0.860702
aaaaajct_s001_t000,broadband,-5.0,naive,0,9.771435,0.982852,0.880457
aaaaajcu_s001_t000,broadband,-5.0,naive,0,8.945357,0.975362,3.212362
aaaaajda_s001_t000,broadband,-5.0,naive,0,8.625978,0.971679,2.767169
aaaaajdb_s001_t000,broadband,-5.0,naive,0,10.497977,0.987557,0.659776
aaaaajdv_s001_t000,broadband,-5.0,naive,0,8.432837,0.969199,6.051405
aaaaajdy_s001_t000,broadband,-5.0,naive,0,9.360870,0.979461,2.491674
aaaaajdz_s001_t000,broadband,-5.0,naive,0,8.888167,0.974739,1.311989
aaaaajea_s001_t000,broadband,-5.0,naive,0,9.608825,0.981580,1.268283
aaaaajen_s001_t000,broadband,-5.0,naive,0,9.250608,0.978443,3.545597
aaaaajey_s001_t000,broadband,-5.0,naive,0,9.208996,0.978046,0.462952
aaaaajfb_s001_t000,broadband,-5.0,naive,0,9.383018,0.979659,1.604508
aaaaajfe_s001_t000,broadband,-5.0,naive,0,7.794958,0.959424,4.956641
aaaaajff_s001_t000,broadband,-5.0,naive,0,8.650982,0.971986,1.908414
aaaaajfi_s001_t001,broadband,-5.0,naive,0,8.689563,0.972453,0.684805
aaaaajfn_s001_t001,broadband,-5.0,naive,0,9.440355,0.980165,0.259766
aaaaajfy_s001_t000,broadband,-5.0,naive,0,9.528553,0.980919,0.884092
aaaaajga_s001_t001,broadband,-5.0,naive,0,9.054035,0.976505,0.539368
aaaaajhy_s001_t000,broadband,-5.0,naive,0,11.104366,0.990489,0.949684
aaaaajit_s001_t001,broadband,-5.0,naive,0,8.249422,0.966649,1.428126
aaaaajiu_s001_t000,broadband,-5.0,naive,0,8.532554,0.970505,1.848827
aaaaajiy_s001_t001,broadband,-5.0,naive,0,8.040620,0.963498,1.676861
aaaaajiz_s001_t000,broadband,-5.0,naive,0,10.027646,0.984683,1.650700
aaaaajjb_s001_t001,broadband,-5.0,naive,0,9.444441,0.980201,1.624335
aaaaajje_s001_t000,broadband,-5.0,naive,0,9.280254,0.978721,2.689561
aaaaajjk_s001_t000,broadband,-5.0,naive,0,9.678402,0.982136,2.590345
aaaaajna_s001_t000,broadband,-5.0,naive,0,9.752596,0.982709,1.352601
aaaaajnu_s001_t000,broadband,-5.0,naive,0,9.520161,0.980848,0.807435
aaaaajon_s001_t000,broadband,-5.0,naive,0,10.165466,0.985587,1.487077
aaaaajoo_s002_t001,broadband,-5.0,naive,1,10.123359,0.985317,1.013781
aaaaajpg_s001_t001,broadband,-5.0,naive,0,8.506824,0.970173,0.708696
aaaaajqh_s004_t000,broadband,-5.0,naive,1,9.403530,0.979842,1.091591
aaaaajqk_s003_t001,broadband,-5.0,naive,1,8.537045,0.970562,1.034437
aaaaajrf_s001_t000,broadband,-5.0,naive,1,9.634508,0.981787,0.544848
aaaaajrf_s002_t000,broadband,-5.0,naive,1,9.793241,0.983016,1.742890
aaaaajrf_s003_t002,broadband,-5.0,naive,1,9.397722,0.979790,1.466985
aaaaajrf_s004_t000,broadband,-5.0,naive,1,9.874859,0.983616,0.827499
aaaaajso_s001_t000,broadband,-5.0,naive,1,10.415596,0.987095,1.171695
aaaaajtg_s001_t000,broadband,-5.0,naive,0,10.306536,0.986458,1.301329
aaaaajtu_s001_t000,broadband,-5.0,naive,0,10.127393,0.985343,2.348679
aaaaajuh_s001_t000,broadband,-5.0,naive,1,8.266491,0.966894,1.511675
aaaaajun_s001_t000,broadband,-5.0,naive,0,9.623517,0.981699,1.174725
aaaaajvh_s001_t001,broadband,-5.0,naive,0,10.254973,0.986146,2.429308
aaaaajxp_s001_t000,broadband,-5.0,naive,0,7.985110,0.962613,1.259067
aaaaakck_s001_t001,broadband,-5.0,naive,1,9.746535,0.982663,1.301561
aaaaakcx_s001_t001,broadband,-5.0,naive,1,10.111936,0.985242,0.609016
aaaaakcy_s005_t001,broadband,-5.0,naive,1,10.464400,0.987371,3.146651
aaaaakdj_s001_t000,broadband,-5.0,naive,1,9.931602,0.984021,1.204145
aaaaakdo_s001_t000,broadband,-5.0,naive,1,8.804320,0.973797,1.640901
aaaaakeq_s001_t000,broadband,-5.0,naive,1,9.305854,0.978959,1.166937
aaaaakeq_s002_t000,broadband,-5.0,naive,1,7.845677,0.960299,2.147208
aaaaakeq_s003_t000,broadband,-5.0,naive,1,9.709430,0.982378,0.662457
aaaaakev_s001_t001,broadband,-5.0,naive,1,9.501852,0.980694,1.216286
aaaaakev_s002_t000,broadband,-5.0,naive,1,8.279868,0.967086,3.523749
aaaaakft_s001_t000,broadband,-5.0,naive,0,9.560501,0.981185,0.537367
aaaaakgp_s001_t001,broadband,-5.0,naive,0,10.186678,0.985721,1.517319
aaaaakgu_s001_t000,broadband,-5.0,naive,1,8.770434,0.973407,0.648430
aaaaakjk_s002_t002,broadband,-5.0,naive,1,9.653566,0.981939,1.110843
aaaaakjk_s003_t000,broadband,-5.0,naive,1,9.314399,0.979038,0.803437
aaaaakka_s001_t001,broadband,-5.0,naive,0,8.179033,0.965617,3.543116
aaaaakmg_s003_t001,broadband,-5.0,naive,1,9.562647,0.981203,0.358534
aaaaakmh_s001_t000,broadband,-5.0,naive,1,9.015497,0.976106,2.897110
aaaaaknt_s001_t000,broadband,-5.0,naive,1,9.266463,0.978592,1.438453
aaaaakoo_s001_t001,broadband,-5.0,naive,1,9.611579,0.981603,1.725512
aaaaakqg_s001_t001,broadband,-5.0,naive,0,8.995075,0.975892,1.322580
aaaaakqr_s001_t000,broadband,-5.0,naive,0,9.991381,0.984436,1.352057
aaaaakrt_s001_t001,broadband,-5.0,naive,1,9.990466,0.984430,2.585548
aaaaakrt_s002_t001,broadband,-5.0,naive,1,8.932771,0.975226,1.877817
aaaaaksb_s001_t000,broadband,-5.0,naive,0,9.429194,0.980068,2.833895
aaaaaksu_s001_t001,broadband,-5.0,naive,0,8.293663,0.967282,1.066265
aaaaakxz_s001_t001,broadband,-5.0,naive,1,9.573473,0.981292,1.800763
aaaaakxz_s002_t001,broadband,-5.0,naive,1,10.192073,0.985755,2.164344
aaaaalaf_s001_t000,broadband,-5.0,naive,0,8.183597,0.965685,1.278619
aaaaalau_s001_t000,broadband,-5.0,naive,1,10.086836,0.985078,0.712646
aaaaalbh_s001_t000,broadband,-5.0,naive,1,9.172670,0.977694,2.338344
aaaaalbt_s001_t001,broadband,-5.0,naive,0,8.356745,0.968165,1.480188
aaaaalbt_s002_t000,broadband,-5.0,naive,0,9.175896,0.977726,2.631531
aaaaalbz_s006_t000,broadband,-5.0,naive,1,9.122228,0.977196,1.068969
aaaaalid_s001_t001,broadband,-5.0,naive,0,9.409721,0.979896,2.072884
aaaaaljf_s001_t000,broadband,-5.0,naive,1,9.087754,0.976849,1.333391
aaaaaljj_s001_t000,broadband,-5.0,naive,0,7.505974,0.954073,2.744123
aaaaallc_s001_t001,broadband,-5.0,naive,0,9.487044,0.980568,0.946192
aaaaalle_s002_t000,broadband,-5.0,naive,1,9.718462,0.982448,0.299415
aaaaalox_s001_t001,broadband,-5.0,naive,0,9.057667,0.976543,0.536390
aaaaalpv_s001_t000,broadband,-5.0,naive,0,8.118168,0.964700,0.975818
aaaaalqa_s001_t000,broadband,-5.0,naive,0,9.012667,0.976076,0.379581
aaaaalqr_s001_t001,broadband,-5.0,naive,1,9.134157,0.977315,0.977840
aaaaalqs_s001_t001,broadband,-5.0,naive,0,8.973154,0.975659,0.946738
aaaaalqx_s001_t000,broadband,-5.0,naive,0,9.602521,0.981529,1.150268
aaaaalrc_s002_t000,broadband,-5.0,naive,1,10.698633,0.988615,0.616939
aaaaalsq_s001_t000,broadband,-5.0,naive,0,9.745829,0.982658,1.195333
aaaaalsx_s001_t000,broadband,-5.0,naive,1,9.928046,0.983996,2.849759
aaaaalsx_s004_t001,broadband,-5.0,naive,1,8.088201,0.964240,0.664964
aaaaaluz_s001_t001,broadband,-5.0,naive,0,7.477966,0.953520,1.453469
aaaaalvw_s001_t000,broadband,-5.0,naive,0,9.153590,0.977507,3.902121
aaaaalvz_s001_t000,broadband,-5.0,naive,1,9.132858,0.977302,0.659248
aaaaalxk_s001_t000,broadband,-5.0,naive,0,10.021122,0.984639,1.185558
aaaaalyr_s001_t000,broadband,-5.0,naive,1,9.591796,0.981442,1.500388
aaaaalzk_s002_t001,broadband,-5.0,naive,1,10.496307,0.987548,0.536106
aaaaamcb_s001_t001,broadband,-5.0,naive,1,9.880111,0.983654,0.169408
aaaaamfe_s001_t001,broadband,-5.0,naive,0,8.962102,0.975542,1.422716
aaaaamft_s001_t001,broadband,-5.0,naive,1,8.976030,0.975690,2.285367
aaaaamfu_s001_t000,broadband,-5.0,naive,0,8.113086,0.964623,1.617797
aaaaamhi_s001_t000,broadband,-5.0,naive,1,8.925488,0.975147,0.139317
aaaaamhk_s001_t000,broadband,-5.0,naive,1,8.983163,0.975766,0.619220
aaaaamjc_s001_t001,broadband,-5.0,naive,1,8.993851,0.975879,0.701396
aaaaammh_s001_t001,broadband,-5.0,naive,1,9.865109,0.983545,0.845161
aaaaamnq_s001_t000,broadband,-5.0,naive,1,10.564603,0.987919,1.303449
aaaaamnq_s002_t000,broadband,-5.0,naive,1,9.969899,0.984288,0.843378
aaaaamon_s001_t000,broadband,-5.0,naive,0,9.684588,0.982184,2.007100
aaaaampz_s001_t000,broadband,-5.0,naive,1,10.457474,0.987332,0.331676
aaaaamrj_s001_t000,broadband,-5.0,naive,0,9.345747,0.979324,1.939187
aaaaamsc_s001_t000,broadband,-5.0,naive,1,9.819219,0.983209,1.917400
aaaaamtb_s001_t000,broadband,-5.0,naive,0,10.344311,0.986682,0.677182
aaaaamuc_s001_t000,broadband,-5.0,naive,0,9.184530,0.977810,0.984787
aaaaamxn_s001_t000,broadband,-5.0,naive,1,9.194940,0.977911,0.999316
aaaaamyb_s001_t001,broadband,-5.0,naive,0,9.907817,0.983852,1.048250
aaaaamye_s001_t000,broadband,-5.0,naive,1,10.009920,0.984563,0.858363
aaaaamzi_s001_t001,broadband,-5.0,naive,1,9.447436,0.980227,0.130474
aaaaamzl_s001_t000,broadband,-5.0,naive,0,9.122554,0.977199,1.179317
aaaaamzx_s001_t000,broadband,-5.0,naive,0,8.386586,0.968574,2.214753
aaaaanbq_s001_t000,broadband,-5.0,naive,0,8.879252,0.974640,1.605099
aaaaanek_s001_t000,broadband,-5.0,naive,0,7.184132,0.947325,3.153453
aaaaangp_s001_t000,broadband,-5.0,naive,0,9.356717,0.979423,2.120593
aaaaanhb_s001_t003,broadband,-5.0,naive,1,8.328680,0.967775,3.184794
aaaaanhb_s003_t001,broadband,-5.0,naive,1,9.580031,0.981346,1.245283
aaaaanhb_s005_t000,broadband,-5.0,naive,1,10.072135,0.984981,0.625155
aaaaankf_s001_t000,broadband,-5.0,naive,1,10.682529,0.988533,0.663153
aaaaanlp_s001_t000,broadband,-5.0,naive,0,9.487940,0.980575,1.034366
aaaaanmc_s001_t000,broadband,-5.0,naive,1,9.914543,0.983900,1.564483
aaaaanop_s001_t000,broadband,-5.0,naive,0,9.523588,0.980877,0.195689
aaaaanoz_s001_t000,broadband,-5.0,naive,1,9.293186,0.978842,2.738103
aaaaanpr_s001_t002,broadband,-5.0,naive,1,8.740668,0.973060,2.750032
aaaaanqe_s001_t000,broadband,-5.0,naive,0,8.757449,0.973256,3.546558
aaaaanro_s001_t000,broadband,-5.0,naive,1,9.951386,0.984159,0.389873
aaaaansj_s001_t000,broadband,-5.0,naive,1,9.278295,0.978703,2.118979
aaaaanta_s001_t000,broadband,-5.0,naive,1,9.232884,0.978275,1.551348
aaaaanum_s001_t000,broadband,-5.0,naive,0,9.544221,0.981050,0.759450
aaaaanvb_s002_t000,broadband,-5.0,naive,0,9.560884,0.981188,1.073992
aaaaanvg_s001_t002,broadband,-5.0,naive,0,7.148335,0.946519,1.362883
aaaaanvw_s001_t000,broadband,-5.0,naive,0,8.203756,0.965983,2.166557
aaaaanwc_s001_t001,broadband,-5.0,naive,1,8.769868,0.973400,1.153844
aaaaanxl_s001_t000,broadband,-5.0,naive,1,9.848781,0.983427,1.222617
aaaaanyb_s001_t001,broadband,-5.0,naive,0,7.528258,0.954508,0.531052
aaaaanyt_s002_t000,broadband,-5.0,naive,1,15.708470,0.998781,3.399843
aaaaanyw_s001_t000,broadband,-5.0,naive,1,9.267246,0.978600,0.701523
aaaaanyw_s002_t000,broadband,-5.0,naive,1,9.858399,0.983497,1.118955
aaaaanzh_s001_t000,broadband,-5.0,naive,1,8.524252,0.970398,2.781032
aaaaanzu_s001_t003,broadband,-5.0,naive,1,9.375579,0.979593,1.161543
aaaaaoav_s001_t000,broadband,-5.0,naive,0,8.159963,0.965332,1.738472
aaaaaoav_s002_t000,broadband,-5.0,naive,0,9.314870,0.979042,0.673262
aaaaaobi_s001_t000,broadband,-5.0,naive,1,10.299796,0.986417,1.087588
aaaaaobl_s001_t000,broadband,-5.0,naive,0,9.999342,0.984491,2.109206
aaaaaoby_s001_t000,broadband,-5.0,naive,0,9.648017,0.981895,0.593536
aaaaaoda_s001_t000,broadband,-5.0,naive,1,8.318582,0.967633,2.462264
aaaaaoeg_s001_t000,broadband,-5.0,naive,0,9.970097,0.984290,1.552301
aaaaaofj_s001_t000,broadband,-5.0,naive,0,9.708005,0.982367,0.478582
aaaaaofr_s001_t000,broadband,-5.0,naive,0,9.780913,0.982924,0.309246
aaaaaofz_s001_t000,broadband,-5.0,naive,0,9.735009,0.982575,1.107335
aaaaaohb_s001_t000,broadband,-5.0,naive,1,8.504160,0.970138,0.846915
aaaaaohr_s002_t001,broadband,-5.0,naive,1,9.444841,0.980204,0.836505
aaaaaoiq_s001_t000,broadband,-5.0,naive,1,8.285365,0.967164,0.795487
aaaaaoiv_s001_t000,broadband,-5.0,naive,1,7.553380,0.954994,0.969104
aaaaaoiv_s002_t001,broadband,-5.0,naive,1,9.951252,0.984158,0.784009
aaaaaoiv_s003_t003,broadband,-5.0,naive,1,9.986595,0.984403,0.903425
aaaaaojd_s001_t002,broadband,-5.0,naive,0,8.299332,0.967362,0.869412
aaaaaokg_s001_t000,broadband,-5.0,naive,0,10.068734,0.984958,0.305085
aaaaaoly_s001_t000,broadband,-5.0,naive,0,9.358602,0.979440,1.056341
aaaaaome_s001_t000,broadband,-5.0,naive,0,9.134597,0.977319,1.431451
aaaaaomx_s001_t000,broadband,-5.0,naive,0,9.266412,0.978592,1.161488
aaaaaomy_s001_t000,broadband,-5.0,naive,1,8.960779,0.975527,1.706555
aaaaaonb_s001_t000,broadband,-5.0,naive,0,9.994806,0.984460,0.395387
aaaaaons_s002_t002,broadband,-5.0,naive,1,10.099215,0.985159,1.336069
aaaaaopd_s001_t000,broadband,-5.0,naive,0,9.715364,0.982424,0.567292
aaaaaopo_s001_t000,broadband,-5.0,naive,0,9.655518,0.981955,0.947105
aaaaaora_s002_t000,broadband,-5.0,naive,1,9.561432,0.981192,0.267797
aaaaaord_s001_t000,broadband,-5.0,naive,1,9.581004,0.981354,0.468921
aaaaaosh_s001_t000,broadband,-5.0,naive,1,9.657117,0.981967,0.606441
aaaaaosw_s001_t000,broadband,-5.0,naive,0,9.672757,0.982091,2.205387
aaaaaote_s001_t000,broadband,-5.0,naive,0,8.582540,0.971139,0.762578
aaaaaout_s001_t000,broadband,-5.0,naive,1,9.382107,0.979651,1.033104
aaaaaovl_s001_t000,broadband,-5.0,naive,1,9.590612,0.981432,0.720838
aaaaaovo_s001_t000,broadband,-5.0,naive,1,9.231177,0.978259,0.814480
aaaaaowb_s001_t000,broadband,-5.0,naive,0,13.103136,0.996093,5.326757
aaaaaoxf_s001_t000,broadband,-5.0,naive,0,8.702719,0.972610,1.699227
aaaaaozf_s001_t001,broadband,-5.0,naive,0,9.344840,0.979316,1.910309
aaaaapag_s001_t000,broadband,-5.0,naive,0,8.933663,0.975236,1.202321
aaaaapar_s001_t000,broadband,-5.0,naive,1,10.048215,0.984822,0.605311
aaaaapcb_s001_t000,broadband,-5.0,naive,0,9.681418,0.982159,0.917349
aaaaapcy_s001_t002,broadband,-5.0,naive,0,8.540322,0.970604,0.619141
aaaaapdg_s001_t000,broadband,-5.0,naive,0,10.353149,0.986734,1.326032
aaaaaphs_s001_t000,broadband,-5.0,naive,1,9.188104,0.977844,2.790172
aaaaaphw_s001_t000,broadband,-5.0,naive,0,9.916700,0.983915,2.545877
aaaaapij_s001_t000,broadband,-5.0,naive,0,10.019225,0.984626,0.756125
aaaaapjc_s001_t001,broadband,-5.0,naive,0,9.110279,0.977076,0.688804
aaaaapka_s001_t000,broadband,-5.0,naive,0,8.263189,0.966847,1.100495
aaaaapkx_s001_t001,broadband,-5.0,naive,1,8.984756,0.975783,1.463300
aaaaaply_s001_t001,broadband,-5.0,naive,1,9.676525,0.982121,2.527272
aaaaapmb_s002_t001,broadband,-5.0,naive,1,9.159336,0.977564,1.120025
aaaaapmp_s001_t000,broadband,-5.0,naive,1,9.228247,0.978231,0.978624
aaaaapnr_s001_t000,broadband,-5.0,naive,1,8.529348,0.970463,1.349494
aaaaapoc_s001_t000,broadband,-5.0,naive,1,8.800463,0.973753,3.643483
aaaaapof_s001_t000,broadband,-5.0,naive,0,9.344646,0.979314,3.517489
aaaaapoo_s001_t000,broadband,-5.0,naive,0,10.456313,0.987326,1.937443
aaaaapoq_s001_t000,broadband,-5.0,naive,0,9.118234,0.977156,4.109903
aaaaappb_s001_t000,broadband,-5.0,naive,0,8.713295,0.972736,0.933809
aaaaapqd_s001_t000,broadband,-5.0,naive,1,9.332189,0.979201,0.488531
aaaaapqv_s001_t000,broadband,-5.0,naive,0,9.951356,0.984159,1.052587
aaaaapta_s001_t000,broadband,-5.0,naive,1,9.854419,0.983468,0.954291
aaaaapth_s001_t000,broadband,-5.0,naive,1,9.164011,0.977609,0.946996
aaaaapua_s001_t001,broadband,-5.0,naive,0,8.120924,0.964742,0.647875
aaaaapuu_s001_t000,broadband,-5.0,naive,0,9.199939,0.977959,1.965331
aaaaapvw_s001_t001,broadband,-5.0,naive,1,8.526213,0.970423,1.845105
aaaaapvy_s001_t000,broadband,-5.0,naive,1,9.181299,0.977778,0.316236
aaaaapwn_s001_t001,broadband,-5.0,naive,0,8.205731,0.966012,0.788109
aaaaapwo_s001_t001,broadband,-5.0,naive,1,10.514797,0.987649,0.851533
aaaaapxm_s001_t001,broadband,-5.0,naive,0,7.651591,0.956848,1.701798
aaaaapys_s001_t001,broadband,-5.0,naive,1,10.468608,0.987394,1.015604
aaaaapys_s002_t001,broadband,-5.0,naive,1,10.173306,0.985637,0.729306
aaaaaayx_s002_t000,broadband,0.0,canonicalized,0,7.450975,0.952981,10.099941
aaaaabdo_s003_t000,broadband,0.0,canonicalized,1,9.512383,0.980783,0.697634
aaaaabsk_s007_t000,broadband,0.0,canonicalized,1,8.724432,0.972868,1.689999
aaaaabuv_s002_t000,broadband,0.0,canonicalized,1,8.309996,0.967513,2.222198
aaaaacad_s003_t000,broadband,0.0,canonicalized,0,8.611844,0.971505,2.587571
aaaaacby_s004_t000,broadband,0.0,canonicalized,0,9.697826,0.982288,1.488474
aaaaaddm_s006_t000,broadband,0.0,canonicalized,1,9.434120,0.980111,3.548642
aaaaadeu_s002_t000,broadband,0.0,canonicalized,1,9.483847,0.980540,0.829696
aaaaadjk_s002_t000,broadband,0.0,canonicalized,0,8.225777,0.966306,3.836249
aaaaadkb_s002_t000,broadband,0.0,canonicalized,1,8.970434,0.975630,1.363130
aaaaadsm_s002_t001,broadband,0.0,canonicalized,0,8.397973,0.968729,2.029022
aaaaaeab_s003_t000,broadband,0.0,canonicalized,0,6.754320,0.936846,0.254383
aaaaaejc_s003_t001,broadband,0.0,canonicalized,0,6.346786,0.925143,1.724238
aaaaaezn_s003_t001,broadband,0.0,canonicalized,1,7.761027,0.958828,0.511005
aaaaafhl_s003_t000,broadband,0.0,canonicalized,1,8.988635,0.975824,1.291848
aaaaagfk_s003_t000,broadband,0.0,canonicalized,0,7.078154,0.944905,11.095406
aaaaagsc_s003_t001,broadband,0.0,canonicalized,1,9.254515,0.978480,1.649980
aaaaagsc_s006_t001,broadband,0.0,canonicalized,1,8.115341,0.964657,1.746592
aaaaaguk_s002_t001,broadband,0.0,canonicalized,0,7.766354,0.958922,0.315703
aaaaagvx_s002_t000,broadband,0.0,canonicalized,1,6.928639,0.941312,1.510966
aaaaagvx_s003_t001,broadband,0.0,canonicalized,1,8.824577,0.974028,0.749451
aaaaagyr_s002_t000,broadband,0.0,canonicalized,1,7.928008,0.961681,8.519138
aaaaahie_s005_t001,broadband,0.0,canonicalized,1,8.650630,0.971982,0.569601
aaaaahsv_s002_t000,broadband,0.0,canonicalized,0,7.992766,0.962736,1.973344
aaaaahte_s002_t000,broadband,0.0,canonicalized,1,9.166725,0.977636,0.843584
aaaaahte_s003_t000,broadband,0.0,canonicalized,1,9.839479,0.983359,0.580360
aaaaahuy_s002_t000,broadband,0.0,canonicalized,1,9.173219,0.977700,0.456377
aaaaahzi_s001_t000,broadband,0.0,canonicalized,0,9.431920,0.980091,3.958405
aaaaahzm_s001_t001,broadband,0.0,canonicalized,0,8.033735,0.963389,1.374756
aaaaahzq_s001_t000,broadband,0.0,canonicalized,0,7.811386,0.959709,1.893076
aaaaahzs_s001_t001,broadband,0.0,canonicalized,0,6.687927,0.935063,1.814703
aaaaaiae_s001_t000,broadband,0.0,canonicalized,0,10.067779,0.984952,1.018386
aaaaaibx_s001_t000,broadband,0.0,canonicalized,0,8.984060,0.975775,1.300914
aaaaaiby_s001_t000,broadband,0.0,canonicalized,0,8.850456,0.974319,0.303296
aaaaaici_s001_t000,broadband,0.0,canonicalized,0,8.294310,0.967291,5.435731
aaaaaicn_s001_t000,broadband,0.0,canonicalized,0,8.682185,0.972364,1.309435
aaaaaijh_s002_t000,broadband,0.0,canonicalized,1,8.821942,0.973998,0.476607
aaaaaijn_s001_t001,broadband,0.0,canonicalized,0,7.689751,0.957548,0.818466
aaaaairb_s001_t001,broadband,0.0,canonicalized,0,10.141117,0.985431,0.349070
aaaaairo_s001_t000,broadband,0.0,canonicalized,0,7.377592,0.951486,1.558425
aaaaaitt_s001_t000,broadband,0.0,canonicalized,0,9.267959,0.978606,2.073859
aaaaaiue_s004_t000,broadband,0.0,canonicalized,1,9.153417,0.977505,0.381871
aaaaaiuo_s002_t000,broadband,0.0,canonicalized,0,9.723188,0.982484,0.326157
aaaaaiwz_s001_t001,broadband,0.0,canonicalized,0,7.057961,0.944432,1.506528
aaaaaiyy_s001_t001,broadband,0.0,canonicalized,0,6.604049,0.932744,1.198347
aaaaaizd_s001_t001,broadband,0.0,canonicalized,0,8.817889,0.973952,6.745254
aaaaaizs_s001_t000,broadband,0.0,canonicalized,0,8.199968,0.965927,0.979080
aaaaajae_s001_t001,broadband,0.0,canonicalized,0,8.496411,0.970038,1.439347
aaaaajah_s002_t001,broadband,0.0,canonicalized,1,7.752860,0.958683,0.905936
aaaaajah_s004_t000,broadband,0.0,canonicalized,1,9.340590,0.979277,1.094222
aaaaajal_s001_t001,broadband,0.0,canonicalized,0,5.591629,0.898080,0.632567
aaaaajam_s001_t000,broadband,0.0,canonicalized,1,9.504621,0.980717,0.537179
aaaaajar_s001_t001,broadband,0.0,canonicalized,0,5.920137,0.910783,2.133259
aaaaajbb_s001_t000,broadband,0.0,canonicalized,0,7.856381,0.960481,1.159899
aaaaajbh_s002_t000,broadband,0.0,canonicalized,0,7.163654,0.946865,3.750104
aaaaajce_s001_t000,broadband,0.0,canonicalized,0,8.839370,0.974195,5.934496
aaaaajci_s001_t000,broadband,0.0,canonicalized,0,9.637982,0.981815,0.417343
aaaaajck_s001_t000,broadband,0.0,canonicalized,0,7.502013,0.953995,3.037800
aaaaajct_s001_t000,broadband,0.0,canonicalized,0,9.691712,0.982240,0.560810
aaaaajcu_s001_t000,broadband,0.0,canonicalized,0,8.481577,0.969844,4.078605
aaaaajda_s001_t000,broadband,0.0,canonicalized,0,8.810558,0.973868,4.011172
aaaaajdb_s001_t000,broadband,0.0,canonicalized,0,10.073135,0.984988,0.608408
aaaaajdv_s001_t000,broadband,0.0,canonicalized,0,8.301351,0.967391,4.247565
aaaaajdy_s001_t000,broadband,0.0,canonicalized,0,9.313792,0.979032,4.784729
aaaaajdz_s001_t000,broadband,0.0,canonicalized,0,8.740868,0.973062,0.619646
aaaaajea_s001_t000,broadband,0.0,canonicalized,0,9.877798,0.983637,3.291000
aaaaajen_s001_t000,broadband,0.0,canonicalized,0,8.675545,0.972284,3.248348
aaaaajey_s001_t000,broadband,0.0,canonicalized,0,7.549613,0.954922,1.869219
aaaaajfb_s001_t000,broadband,0.0,canonicalized,0,9.640732,0.981837,1.117271
aaaaajfe_s001_t000,broadband,0.0,canonicalized,0,7.731057,0.958294,2.786385
aaaaajff_s001_t000,broadband,0.0,canonicalized,0,5.053435,0.873798,2.191501
aaaaajfi_s001_t001,broadband,0.0,canonicalized,0,7.565742,0.955232,0.585280
aaaaajfn_s001_t001,broadband,0.0,canonicalized,0,8.173484,0.965534,1.702372
aaaaajfy_s001_t000,broadband,0.0,canonicalized,0,7.312543,0.950123,2.602926
aaaaajga_s001_t001,broadband,0.0,canonicalized,0,8.933881,0.975238,0.145471
aaaaajhy_s001_t000,broadband,0.0,canonicalized,0,9.786325,0.982964,0.456631
aaaaajit_s001_t001,broadband,0.0,canonicalized,0,6.866686,0.939760,3.528783
aaaaajiu_s001_t000,broadband,0.0,canonicalized,0,8.424777,0.969091,0.743901
aaaaajiy_s001_t001,broadband,0.0,canonicalized,0,7.976768,0.962478,1.028815
aaaaajiz_s001_t000,broadband,0.0,canonicalized,0,9.673036,0.982093,5.114004
aaaaajjb_s001_t001,broadband,0.0,canonicalized,0,8.750192,0.973171,3.099573
aaaaajje_s001_t000,broadband,0.0,canonicalized,0,8.388289,0.968597,4.964932
aaaaajjk_s001_t000,broadband,0.0,canonicalized,0,9.110091,0.977075,5.047207
aaaaajna_s001_t000,broadband,0.0,canonicalized,0,9.152051,0.977492,2.455840
aaaaajnu_s001_t000,broadband,0.0,canonicalized,0,9.137842,0.977351,2.264513
aaaaajon_s001_t000,broadband,0.0,canonicalized,0,9.227100,0.978220,1.314468
aaaaajoo_s002_t001,broadband,0.0,canonicalized,1,9.076884,0.976739,1.956841
aaaaajpg_s001_t001,broadband,0.0,canonicalized,0,6.523229,0.930437,0.958327
aaaaajqh_s004_t000,broadband,0.0,canonicalized,1,7.879400,0.960871,2.638906
aaaaajqk_s003_t001,broadband,0.0,canonicalized,1,8.011615,0.963038,0.575248
aaaaajrf_s001_t000,broadband,0.0,canonicalized,1,9.198460,0.977945,1.982722
aaaaajrf_s002_t000,broadband,0.0,canonicalized,1,10.077355,0.985016,4.116635
aaaaajrf_s003_t002,broadband,0.0,canonicalized,1,9.356710,0.979423,1.021584
aaaaajrf_s004_t000,broadband,0.0,canonicalized,1,10.607845,0.988148,1.257897
aaaaajso_s001_t000,broadband,0.0,canonicalized,1,9.585288,0.981389,2.106508
aaaaajtg_s001_t000,broadband,0.0,canonicalized,0,9.281435,0.978732,2.152360
aaaaajtu_s001_t000,broadband,0.0,canonicalized,0,10.208385,0.985858,1.406673
aaaaajuh_s001_t000,broadband,0.0,canonicalized,1,8.983406,0.975768,2.214795
aaaaajun_s001_t000,broadband,0.0,canonicalized,0,9.984849,0.984391,0.488008
aaaaajvh_s001_t001,broadband,0.0,canonicalized,0,9.532610,0.980953,0.521325
aaaaajxp_s001_t000,broadband,0.0,canonicalized,0,6.141070,0.918506,2.930185
aaaaakck_s001_t001,broadband,0.0,canonicalized,1,8.856976,0.974392,1.762322
aaaaakcx_s001_t001,broadband,0.0,canonicalized,1,9.993795,0.984453,0.725683
aaaaakcy_s005_t001,broadband,0.0,canonicalized,1,9.543227,0.981041,1.159025
aaaaakdj_s001_t000,broadband,0.0,canonicalized,1,9.013447,0.976084,0.601442
aaaaakdo_s001_t000,broadband,0.0,canonicalized,1,8.082686,0.964155,1.435418
aaaaakeq_s001_t000,broadband,0.0,canonicalized,1,9.959189,0.984214,1.286034
aaaaakeq_s002_t000,broadband,0.0,canonicalized,1,8.166641,0.965432,3.945697
aaaaakeq_s003_t000,broadband,0.0,canonicalized,1,9.473095,0.980448,1.464761
aaaaakev_s001_t001,broadband,0.0,canonicalized,1,10.006623,0.984541,0.377477
aaaaakev_s002_t000,broadband,0.0,canonicalized,1,7.657267,0.956953,6.037631
aaaaakft_s001_t000,broadband,0.0,canonicalized,0,9.898666,0.983787,4.199421
aaaaakgp_s001_t001,broadband,0.0,canonicalized,0,8.922285,0.975112,1.821609
aaaaakgu_s001_t000,broadband,0.0,canonicalized,1,7.623287,0.956321,0.446624
aaaaakjk_s002_t002,broadband,0.0,canonicalized,1,10.169508,0.985613,0.768696
aaaaakjk_s003_t000,broadband,0.0,canonicalized,1,7.647680,0.956776,0.831347
aaaaakka_s001_t001,broadband,0.0,canonicalized,0,5.286339,0.884862,1.653285
aaaaakmg_s003_t001,broadband,0.0,canonicalized,1,9.614509,0.981626,0.431051
aaaaakmh_s001_t000,broadband,0.0,canonicalized,1,8.935227,0.975253,6.073805
aaaaaknt_s001_t000,broadband,0.0,canonicalized,1,7.383181,0.951601,3.913438
aaaaakoo_s001_t001,broadband,0.0,canonicalized,1,9.782150,0.982933,2.548756
aaaaakqg_s001_t001,broadband,0.0,canonicalized,0,7.427259,0.952503,1.382939
aaaaakqr_s001_t000,broadband,0.0,canonicalized,0,9.116396,0.977138,1.044553
aaaaakrt_s001_t001,broadband,0.0,canonicalized,1,9.886128,0.983697,0.823860
aaaaakrt_s002_t001,broadband,0.0,canonicalized,1,9.062799,0.976595,0.589529
aaaaaksb_s001_t000,broadband,0.0,canonicalized,0,8.945058,0.975359,4.870033
aaaaaksu_s001_t001,broadband,0.0,canonicalized,0,8.600282,0.971361,1.389327
aaaaakxz_s001_t001,broadband,0.0,canonicalized,1,9.308069,0.978979,4.848881
aaaaakxz_s002_t001,broadband,0.0,canonicalized,1,9.843408,0.983387,1.646602
aaaaalaf_s001_t000,broadband,0.0,canonicalized,0,5.844763,0.908001,2.361804
aaaaalau_s001_t000,broadband,0.0,canonicalized,1,10.014447,0.984594,0.910826
aaaaalbh_s001_t000,broadband,0.0,canonicalized,1,10.016157,0.984605,0.876205
aaaaalbt_s001_t001,broadband,0.0,canonicalized,0,6.194332,0.920274,1.806414
aaaaalbt_s002_t000,broadband,0.0,canonicalized,0,9.235842,0.978303,4.050085
aaaaalbz_s006_t000,broadband,0.0,canonicalized,1,9.511044,0.980771,2.925338
aaaaalid_s001_t001,broadband,0.0,canonicalized,0,10.155161,0.985521,0.839478
aaaaaljf_s001_t000,broadband,0.0,canonicalized,1,9.024691,0.976202,2.196082
aaaaaljj_s001_t000,broadband,0.0,canonicalized,0,5.249943,0.883191,2.970559
aaaaallc_s001_t001,broadband,0.0,canonicalized,0,8.653872,0.972021,2.295614
aaaaalle_s002_t000,broadband,0.0,canonicalized,1,9.936823,0.984057,1.456425
aaaaalox_s001_t001,broadband,0.0,canonicalized,0,8.671179,0.972231,0.815729
aaaaalpv_s001_t000,broadband,0.0,canonicalized,0,8.883258,0.974684,5.342223
aaaaalqa_s001_t000,broadband,0.0,canonicalized,0,6.817031,0.938488,3.193484
aaaaalqr_s001_t001,broadband,0.0,canonicalized,1,9.512392,0.980783,1.494531
aaaaalqs_s001_t001,broadband,0.0,canonicalized,0,7.442632,0.952813,1.286758
aaaaalqx_s001_t000,broadband,0.0,canonicalized,0,9.649699,0.981908,4.237315
aaaaalrc_s002_t000,broadband,0.0,canonicalized,1,11.436415,0.991793,0.226455
aaaaalsq_s001_t000,broadband,0.0,canonicalized,0,9.356689,0.979423,1.288902
aaaaalsx_s001_t000,broadband,0.0,canonicalized,1,8.597962,0.971332,1.581583
aaaaalsx_s004_t001,broadband,0.0,canonicalized,1,8.359076,0.968197,1.912873
aaaaaluz_s001_t001,broadband,0.0,canonicalized,0,4.520669,0.845049,1.734768
aaaaalvw_s001_t000,broadband,0.0,canonicalized,0,8.843922,0.974246,4.251380
aaaaalvz_s001_t000,broadband,0.0,canonicalized,1,8.716440,0.972774,1.596167
aaaaalxk_s001_t000,broadband,0.0,canonicalized,0,10.440778,0.987238,0.838592
aaaaalyr_s001_t000,broadband,0.0,canonicalized,1,10.794376,0.989087,0.916090
aaaaalzk_s002_t001,broadband,0.0,canonicalized,1,9.235773,0.978302,0.510849
aaaaamcb_s001_t001,broadband,0.0,canonicalized,1,10.189665,0.985740,1.149616
aaaaamfe_s001_t001,broadband,0.0,canonicalized,0,8.810802,0.973871,2.576874
aaaaamft_s001_t001,broadband,0.0,canonicalized,1,8.359521,0.968203,1.999699
aaaaamfu_s001_t000,broadband,0.0,canonicalized,0,7.863653,0.960605,1.170445
aaaaamhi_s001_t000,broadband,0.0,canonicalized,1,9.858691,0.983499,1.449563
aaaaamhk_s001_t000,broadband,0.0,canonicalized,1,9.393869,0.979756,1.592109
aaaaamjc_s001_t001,broadband,0.0,canonicalized,1,9.337036,0.979245,1.592974
aaaaammh_s001_t001,broadband,0.0,canonicalized,1,9.029102,0.976248,0.937141
aaaaamnq_s001_t000,broadband,0.0,canonicalized,1,10.567501,0.987934,0.398031
aaaaamnq_s002_t000,broadband,0.0,canonicalized,1,8.531106,0.970486,0.251142
aaaaamon_s001_t000,broadband,0.0,canonicalized,0,8.067075,0.963912,3.953635
aaaaampz_s001_t000,broadband,0.0,canonicalized,1,10.054585,0.984864,0.448010
aaaaamrj_s001_t000,broadband,0.0,canonicalized,0,9.777349,0.982897,1.259197
aaaaamsc_s001_t000,broadband,0.0,canonicalized,1,9.029159,0.976248,0.707170
aaaaamtb_s001_t000,broadband,0.0,canonicalized,0,9.903001,0.983818,0.637281
aaaaamuc_s001_t000,broadband,0.0,canonicalized,0,8.480436,0.969829,1.797798
aaaaamxn_s001_t000,broadband,0.0,canonicalized,1,8.341772,0.967957,1.502038
aaaaamyb_s001_t001,broadband,0.0,canonicalized,0,9.926903,0.983987,1.202810
aaaaamye_s001_t000,broadband,0.0,canonicalized,1,10.774178,0.988989,1.451069
aaaaamzi_s001_t001,broadband,0.0,canonicalized,1,9.965341,0.984257,0.294564
aaaaamzl_s001_t000,broadband,0.0,canonicalized,0,8.886338,0.974718,2.577859
aaaaamzx_s001_t000,broadband,0.0,canonicalized,0,6.817695,0.938505,4.779134
aaaaanbq_s001_t000,broadband,0.0,canonicalized,0,9.130475,0.977278,1.538268
aaaaanek_s001_t000,broadband,0.0,canonicalized,0,4.432455,0.839804,2.676430
aaaaangp_s001_t000,broadband,0.0,canonicalized,0,7.913107,0.961435,2.604392
aaaaanhb_s001_t003,broadband,0.0,canonicalized,1,9.468199,0.980406,1.186304
aaaaanhb_s003_t001,broadband,0.0,canonicalized,1,8.645599,0.971920,0.783993
aaaaanhb_s005_t000,broadband,0.0,canonicalized,1,10.315297,0.986510,0.593184
aaaaankf_s001_t000,broadband,0.0,canonicalized,1,9.297782,0.978884,0.673043
aaaaanlp_s001_t000,broadband,0.0,canonicalized,0,9.735546,0.982579,2.238165
aaaaanmc_s001_t000,broadband,0.0,canonicalized,1,9.629849,0.981750,1.154154
aaaaanop_s001_t000,broadband,0.0,canonicalized,0,10.155430,0.985523,2.312120
aaaaanoz_s001_t000,broadband,0.0,canonicalized,1,9.138753,0.977360,0.297332
aaaaanpr_s001_t002,broadband,0.0,canonicalized,1,8.771963,0.973425,2.865828
aaaaanqe_s001_t000,broadband,0.0,canonicalized,0,8.228676,0.966348,9.485917
aaaaanro_s001_t000,broadband,0.0,canonicalized,1,9.443442,0.980192,2.851611
aaaaansj_s001_t000,broadband,0.0,canonicalized,1,9.825865,0.983258,1.315834
aaaaanta_s001_t000,broadband,0.0,canonicalized,1,9.171085,0.977679,6.679037
aaaaanum_s001_t000,broadband,0.0,canonicalized,0,8.475898,0.969769,1.353294
aaaaanvb_s002_t000,broadband,0.0,canonicalized,0,8.149981,0.965182,0.781473
aaaaanvg_s001_t002,broadband,0.0,canonicalized,0,7.045447,0.944137,0.740884
aaaaanvw_s001_t000,broadband,0.0,canonicalized,0,6.466065,0.928761,3.306990
aaaaanwc_s001_t001,broadband,0.0,canonicalized,1,7.772408,0.959028,3.149845
aaaaanxl_s001_t000,broadband,0.0,canonicalized,1,8.806566,0.973823,4.609256
aaaaanyb_s001_t001,broadband,0.0,canonicalized,0,7.351954,0.950953,1.501888
aaaaanyt_s002_t000,broadband,0.0,canonicalized,1,15.898808,0.998880,4.963278
aaaaanyw_s001_t000,broadband,0.0,canonicalized,1,9.433057,0.980101,0.538737
aaaaanyw_s002_t000,broadband,0.0,canonicalized,1,8.621385,0.971623,1.248600
aaaaanzh_s001_t000,broadband,0.0,canonicalized,1,8.211125,0.966091,10.252669
aaaaanzu_s001_t003,broadband,0.0,canonicalized,1,9.305175,0.978953,0.941226
aaaaaoav_s001_t000,broadband,0.0,canonicalized,0,7.045161,0.944130,8.258946
aaaaaoav_s002_t000,broadband,0.0,canonicalized,0,8.660103,0.972097,4.058826
aaaaaobi_s001_t000,broadband,0.0,canonicalized,1,9.157785,0.977548,5.775370
aaaaaobl_s001_t000,broadband,0.0,canonicalized,0,9.389093,0.979714,2.490461
aaaaaoby_s001_t000,broadband,0.0,canonicalized,0,9.249280,0.978431,0.579163
aaaaaoda_s001_t000,broadband,0.0,canonicalized,1,8.385899,0.968565,4.377225
aaaaaoeg_s001_t000,broadband,0.0,canonicalized,0,9.051258,0.976477,1.552651
aaaaaofj_s001_t000,broadband,0.0,canonicalized,0,9.876011,0.983624,2.634542
aaaaaofr_s001_t000,broadband,0.0,canonicalized,0,9.073470,0.976704,0.526337
aaaaaofz_s001_t000,broadband,0.0,canonicalized,0,9.342872,0.979298,1.020438
aaaaaohb_s001_t000,broadband,0.0,canonicalized,1,9.557840,0.981163,1.095727
aaaaaohr_s002_t001,broadband,0.0,canonicalized,1,8.840153,0.974204,2.539850
aaaaaoiq_s001_t000,broadband,0.0,canonicalized,1,6.922370,0.941157,0.495338
aaaaaoiv_s001_t000,broadband,0.0,canonicalized,1,6.441327,0.928024,0.901539
aaaaaoiv_s002_t001,broadband,0.0,canonicalized,1,11.214006,0.990941,1.785250
aaaaaoiv_s003_t003,broadband,0.0,canonicalized,1,10.359680,0.986772,1.009016
aaaaaojd_s001_t002,broadband,0.0,canonicalized,0,7.056531,0.944398,1.620241
aaaaaokg_s001_t000,broadband,0.0,canonicalized,0,10.253525,0.986137,0.667997
aaaaaoly_s001_t000,broadband,0.0,canonicalized,0,9.306983,0.978969,3.124561
aaaaaome_s001_t000,broadband,0.0,canonicalized,0,8.903759,0.974910,0.177974
aaaaaomx_s001_t000,broadband,0.0,canonicalized,0,9.321661,0.979104,1.001758
aaaaaomy_s001_t000,broadband,0.0,canonicalized,1,9.123351,0.977207,0.725321
aaaaaonb_s001_t000,broadband,0.0,canonicalized,0,9.627472,0.981731,0.658267
aaaaaons_s002_t002,broadband,0.0,canonicalized,1,10.043142,0.984788,0.743537
aaaaaopd_s001_t000,broadband,0.0,canonicalized,0,9.708949,0.982374,0.680360
aaaaaopo_s001_t000,broadband,0.0,canonicalized,0,6.506219,0.929942,0.414983
aaaaaora_s002_t000,broadband,0.0,canonicalized,1,8.686728,0.972419,0.490795
aaaaaord_s001_t000,broadband,0.0,canonicalized,1,8.462015,0.969586,0.988109
aaaaaosh_s001_t000,broadband,0.0,canonicalized,1,7.845366,0.960294,2.287212
aaaaaosw_s001_t000,broadband,0.0,canonicalized,0,9.334283,0.979220,0.736490
aaaaaote_s001_t000,broadband,0.0,canonicalized,0,7.885578,0.960975,1.661596
aaaaaout_s001_t000,broadband,0.0,canonicalized,1,7.858618,0.960519,1.993177
aaaaaovl_s001_t000,broadband,0.0,canonicalized,1,9.861127,0.983516,1.109693
aaaaaovo_s001_t000,broadband,0.0,canonicalized,1,9.807656,0.983124,1.050901
aaaaaowb_s001_t000,broadband,0.0,canonicalized,0,12.654433,0.995228,1.466570
aaaaaoxf_s001_t000,broadband,0.0,canonicalized,0,7.781775,0.959193,2.024025
aaaaaozf_s001_t001,broadband,0.0,canonicalized,0,8.397734,0.968726,0.439860
aaaaapag_s001_t000,broadband,0.0,canonicalized,0,8.602526,0.971389,2.754916
aaaaapar_s001_t000,broadband,0.0,canonicalized,1,8.294981,0.967301,1.056727
aaaaapcb_s001_t000,broadband,0.0,canonicalized,0,9.067063,0.976639,1.037228
aaaaapcy_s001_t002,broadband,0.0,canonicalized,0,7.366731,0.951261,2.114976
aaaaapdg_s001_t000,broadband,0.0,canonicalized,0,10.038735,0.984758,0.636555
aaaaaphs_s001_t000,broadband,0.0,canonicalized,1,9.777963,0.982901,3.263769
aaaaaphw_s001_t000,broadband,0.0,canonicalized,0,10.154452,0.985517,1.910466
aaaaapij_s001_t000,broadband,0.0,canonicalized,0,8.957383,0.975491,1.812801
aaaaapjc_s001_t001,broadband,0.0,canonicalized,0,9.403379,0.979840,1.710031
aaaaapka_s001_t000,broadband,0.0,canonicalized,0,7.852843,0.960421,0.758581
aaaaapkx_s001_t001,broadband,0.0,canonicalized,1,9.273252,0.978656,2.304445
aaaaaply_s001_t001,broadband,0.0,canonicalized,1,10.342638,0.986672,1.180439
aaaaapmb_s002_t001,broadband,0.0,canonicalized,1,8.451309,0.969445,1.149207
aaaaapmp_s001_t000,broadband,0.0,canonicalized,1,7.608937,0.956052,6.890508
aaaaapnr_s001_t000,broadband,0.0,canonicalized,1,8.831910,0.974111,4.333221
aaaaapoc_s001_t000,broadband,0.0,canonicalized,1,7.230955,0.948362,2.887512
aaaaapof_s001_t000,broadband,0.0,canonicalized,0,9.112343,0.977097,2.868061
aaaaapoo_s001_t000,broadband,0.0,canonicalized,0,9.423088,0.980014,5.790765
aaaaapoq_s001_t000,broadband,0.0,canonicalized,0,9.277274,0.978694,2.690068
aaaaappb_s001_t000,broadband,0.0,canonicalized,0,8.858775,0.974412,7.565184
aaaaapqd_s001_t000,broadband,0.0,canonicalized,1,9.586908,0.981402,4.668747
aaaaapqv_s001_t000,broadband,0.0,canonicalized,0,8.296602,0.967324,2.047410
aaaaapta_s001_t000,broadband,0.0,canonicalized,1,9.496180,0.980645,1.570809
aaaaapth_s001_t000,broadband,0.0,canonicalized,1,9.131969,0.977293,0.420349
aaaaapua_s001_t001,broadband,0.0,canonicalized,0,6.301287,0.923720,2.166675
aaaaapuu_s001_t000,broadband,0.0,canonicalized,0,9.389407,0.979716,3.768870
aaaaapvw_s001_t001,broadband,0.0,canonicalized,1,8.338531,0.967912,3.703166
aaaaapvy_s001_t000,broadband,0.0,canonicalized,1,9.451880,0.980265,7.741733
aaaaapwn_s001_t001,broadband,0.0,canonicalized,0,7.204675,0.947782,1.650531
aaaaapwo_s001_t001,broadband,0.0,canonicalized,1,10.237627,0.986039,0.557607
aaaaapxm_s001_t001,broadband,0.0,canonicalized,0,6.430881,0.927711,1.217424
aaaaapys_s001_t001,broadband,0.0,canonicalized,1,11.088931,0.990423,0.260285
aaaaapys_s002_t001,broadband,0.0,canonicalized,1,8.861428,0.974442,1.502683
aaaaaayx_s002_t000,broadband,0.0,naive,0,7.450975,0.952981,10.099941
aaaaabdo_s003_t000,broadband,0.0,naive,1,9.512383,0.980783,0.697634
aaaaabsk_s007_t000,broadband,0.0,naive,1,8.724432,0.972868,1.689999
aaaaabuv_s002_t000,broadband,0.0,naive,1,8.309996,0.967513,2.222198
aaaaacad_s003_t000,broadband,0.0,naive,0,8.611844,0.971505,2.587571
aaaaacby_s004_t000,broadband,0.0,naive,0,9.697826,0.982288,1.488474
aaaaaddm_s006_t000,broadband,0.0,naive,1,9.434120,0.980111,3.548642
aaaaadeu_s002_t000,broadband,0.0,naive,1,9.483847,0.980540,0.829696
aaaaadjk_s002_t000,broadband,0.0,naive,0,8.225777,0.966306,3.836249
aaaaadkb_s002_t000,broadband,0.0,naive,1,8.970434,0.975630,1.363130
aaaaadsm_s002_t001,broadband,0.0,naive,0,8.397973,0.968729,2.029022
aaaaaeab_s003_t000,broadband,0.0,naive,0,6.754320,0.936846,0.254383
aaaaaejc_s003_t001,broadband,0.0,naive,0,6.346786,0.925143,1.724238
aaaaaezn_s003_t001,broadband,0.0,naive,1,7.761027,0.958828,0.511005
aaaaafhl_s003_t000,broadband,0.0,naive,1,8.988635,0.975824,1.291848
aaaaagfk_s003_t000,broadband,0.0,naive,0,7.078154,0.944905,11.095406
aaaaagsc_s003_t001,broadband,0.0,naive,1,9.254515,0.978480,1.649980
aaaaagsc_s006_t001,broadband,0.0,naive,1,8.115341,0.964657,1.746592
aaaaaguk_s002_t001,broadband,0.0,naive,0,7.766354,0.958922,0.315703
aaaaagvx_s002_t000,broadband,0.0,naive,1,6.928639,0.941312,1.510966
aaaaagvx_s003_t001,broadband,0.0,naive,1,8.824577,0.974028,0.749451
aaaaagyr_s002_t000,broadband,0.0,naive,1,7.928008,0.961681,8.519138
aaaaahie_s005_t001,broadband,0.0,naive,1,8.650630,0.971982,0.569601
aaaaahsv_s002_t000,broadband,0.0,naive,0,7.992766,0.962736,1.973344
aaaaahte_s002_t000,broadband,0.0,naive,1,9.166725,0.977636,0.843584
aaaaahte_s003_t000,broadband,0.0,naive,1,9.839479,0.983359,0.580360
aaaaahuy_s002_t000,broadband,0.0,naive,1,9.173219,0.977700,0.456377
aaaaahzi_s001_t000,broadband,0.0,naive,0,9.431920,0.980091,3.958405
aaaaahzm_s001_t001,broadband,0.0,naive,0,8.033735,0.963389,1.374756
aaaaahzq_s001_t000,broadband,0.0,naive,0,7.811386,0.959709,1.893076
aaaaahzs_s001_t001,broadband,0.0,naive,0,6.687927,0.935063,1.814703
aaaaaiae_s001_t000,broadband,0.0,naive,0,10.067779,0.984952,1.018386
aaaaaibx_s001_t000,broadband,0.0,naive,0,8.984060,0.975775,1.300914
aaaaaiby_s001_t000,broadband,0.0,naive,0,8.850456,0.974319,0.303296
aaaaaici_s001_t000,broadband,0.0,naive,0,8.294310,0.967291,5.435731
aaaaaicn_s001_t000,broadband,0.0,naive,0,8.682185,0.972364,1.309435
aaaaaijh_s002_t000,broadband,0.0,naive,1,8.821942,0.973998,0.476607
aaaaaijn_s001_t001,broadband,0.0,naive,0,7.689751,0.957548,0.818466
aaaaairb_s001_t001,broadband,0.0,naive,0,10.141117,0.985431,0.349070
aaaaairo_s001_t000,broadband,0.0,naive,0,7.377592,0.951486,1.558425
aaaaaitt_s001_t000,broadband,0.0,naive,0,9.267959,0.978606,2.073859
aaaaaiue_s004_t000,broadband,0.0,naive,1,9.153417,0.977505,0.381871
aaaaaiuo_s002_t000,broadband,0.0,naive,0,9.723188,0.982484,0.326157
aaaaaiwz_s001_t001,broadband,0.0,naive,0,7.057961,0.944432,1.506528
aaaaaiyy_s001_t001,broadband,0.0,naive,0,6.604049,0.932744,1.198347
aaaaaizd_s001_t001,broadband,0.0,naive,0,8.817889,0.973952,6.745254
aaaaaizs_s001_t000,broadband,0.0,naive,0,8.199968,0.965927,0.979080
aaaaajae_s001_t001,broadband,0.0,naive,0,8.496411,0.970038,1.439347
aaaaajah_s002_t001,broadband,0.0,naive,1,7.752860,0.958683,0.905936
aaaaajah_s004_t000,broadband,0.0,naive,1,9.340590,0.979277,1.094222
aaaaajal_s001_t001,broadband,0.0,naive,0,5.591629,0.898080,0.632567
aaaaajam_s001_t000,broadband,0.0,naive,1,9.504621,0.980717,0.537179
aaaaajar_s001_t001,broadband,0.0,naive,0,5.920137,0.910783,2.133259
aaaaajbb_s001_t000,broadband,0.0,naive,0,7.856381,0.960481,1.159899
aaaaajbh_s002_t000,broadband,0.0,naive,0,7.163654,0.946865,3.750104
aaaaajce_s001_t000,broadband,0.0,naive,0,8.839370,0.974195,5.934496
aaaaajci_s001_t000,broadband,0.0,naive,0,9.637982,0.981815,0.417343
aaaaajck_s001_t000,broadband,0.0,naive,0,7.502013,0.953995,3.037800
aaaaajct_s001_t000,broadband,0.0,naive,0,9.691712,0.982240,0.560810
aaaaajcu_s001_t000,broadband,0.0,naive,0,8.481577,0.969844,4.078605
aaaaajda_s001_t000,broadband,0.0,naive,0,8.810558,0.973868,4.011172
aaaaajdb_s001_t000,broadband,0.0,naive,0,10.073135,0.984988,0.608408
aaaaajdv_s001_t000,broadband,0.0,naive,0,8.301351,0.967391,4.247565
aaaaajdy_s001_t000,broadband,0.0,naive,0,9.313792,0.979032,4.784729
aaaaajdz_s001_t000,broadband,0.0,naive,0,8.740868,0.973062,0.619646
aaaaajea_s001_t000,broadband,0.0,naive,0,9.877798,0.983637,3.291000
aaaaajen_s001_t000,broadband,0.0,naive,0,8.675545,0.972284,3.248348
aaaaajey_s001_t000,broadband,0.0,naive,0,7.549613,0.954922,1.869219
aaaaajfb_s001_t000,broadband,0.0,naive,0,9.640732,0.981837,1.117271
aaaaajfe_s001_t000,broadband,0.0,naive,0,7.731057,0.958294,2.786385
aaaaajff_s001_t000,broadband,0.0,naive,0,5.053435,0.873798,2.191501
aaaaajfi_s001_t001,broadband,0.0,naive,0,7.565742,0.955232,0.585280
aaaaajfn_s001_t001,broadband,0.0,naive,0,8.173484,0.965534,1.702372
aaaaajfy_s001_t000,broadband,0.0,naive,0,7.312543,0.950123,2.602926
aaaaajga_s001_t001,broadband,0.0,naive,0,8.933881,0.975238,0.145471
aaaaajhy_s001_t000,broadband,0.0,naive,0,9.786325,0.982964,0.456631
aaaaajit_s001_t001,broadband,0.0,naive,0,6.866686,0.939760,3.528783
aaaaajiu_s001_t000,broadband,0.0,naive,0,8.424777,0.969091,0.743901
aaaaajiy_s001_t001,broadband,0.0,naive,0,7.976768,0.962478,1.028815
aaaaajiz_s001_t000,broadband,0.0,naive,0,9.673036,0.982093,5.114004
aaaaajjb_s001_t001,broadband,0.0,naive,0,8.750192,0.973171,3.099573
aaaaajje_s001_t000,broadband,0.0,naive,0,8.388289,0.968597,4.964932
aaaaajjk_s001_t000,broadband,0.0,naive,0,9.110091,0.977075,5.047207
aaaaajna_s001_t000,broadband,0.0,naive,0,9.152051,0.977492,2.455840
aaaaajnu_s001_t000,broadband,0.0,naive,0,9.137842,0.977351,2.264513
aaaaajon_s001_t000,broadband,0.0,naive,0,9.227100,0.978220,1.314468
aaaaajoo_s002_t001,broadband,0.0,naive,1,9.076884,0.976739,1.956841
aaaaajpg_s001_t001,broadband,0.0,naive,0,6.523229,0.930437,0.958327
aaaaajqh_s004_t000,broadband,0.0,naive,1,7.879400,0.960871,2.638906
aaaaajqk_s003_t001,broadband,0.0,naive,1,8.011615,0.963038,0.575248
aaaaajrf_s001_t000,broadband,0.0,naive,1,9.198460,0.977945,1.982722
aaaaajrf_s002_t000,broadband,0.0,naive,1,10.077355,0.985016,4.116635
aaaaajrf_s003_t002,broadband,0.0,naive,1,9.356710,0.979423,1.021584
aaaaajrf_s004_t000,broadband,0.0,naive,1,10.607845,0.988148,1.257897
aaaaajso_s001_t000,broadband,0.0,naive,1,9.585288,0.981389,2.106508
aaaaajtg_s001_t000,broadband,0.0,naive,0,9.281435,0.978732,2.152360
aaaaajtu_s001_t000,broadband,0.0,naive,0,10.208385,0.985858,1.406673
aaaaajuh_s001_t000,broadband,0.0,naive,1,8.983406,0.975768,2.214795
aaaaajun_s001_t000,broadband,0.0,naive,0,9.984849,0.984391,0.488008
aaaaajvh_s001_t001,broadband,0.0,naive,0,9.532610,0.980953,0.521325
aaaaajxp_s001_t000,broadband,0.0,naive,0,6.141070,0.918506,2.930185
aaaaakck_s001_t001,broadband,0.0,naive,1,8.856976,0.974392,1.762322
aaaaakcx_s001_t001,broadband,0.0,naive,1,9.993795,0.984453,0.725683
aaaaakcy_s005_t001,broadband,0.0,naive,1,9.543227,0.981041,1.159025
aaaaakdj_s001_t000,broadband,0.0,naive,1,9.013447,0.976084,0.601442
aaaaakdo_s001_t000,broadband,0.0,naive,1,8.082686,0.964155,1.435418
aaaaakeq_s001_t000,broadband,0.0,naive,1,9.959189,0.984214,1.286034
aaaaakeq_s002_t000,broadband,0.0,naive,1,8.166641,0.965432,3.945697
aaaaakeq_s003_t000,broadband,0.0,naive,1,9.473095,0.980448,1.464761
aaaaakev_s001_t001,broadband,0.0,naive,1,10.006623,0.984541,0.377477
aaaaakev_s002_t000,broadband,0.0,naive,1,7.657267,0.956953,6.037631
aaaaakft_s001_t000,broadband,0.0,naive,0,9.898666,0.983787,4.199421
aaaaakgp_s001_t001,broadband,0.0,naive,0,8.922285,0.975112,1.821609
aaaaakgu_s001_t000,broadband,0.0,naive,1,7.623287,0.956321,0.446624
aaaaakjk_s002_t002,broadband,0.0,naive,1,10.169508,0.985613,0.768696
aaaaakjk_s003_t000,broadband,0.0,naive,1,7.647680,0.956776,0.831347
aaaaakka_s001_t001,broadband,0.0,naive,0,5.286339,0.884862,1.653285
aaaaakmg_s003_t001,broadband,0.0,naive,1,9.614509,0.981626,0.431051
aaaaakmh_s001_t000,broadband,0.0,naive,1,8.935227,0.975253,6.073805
aaaaaknt_s001_t000,broadband,0.0,naive,1,7.383181,0.951601,3.913438
aaaaakoo_s001_t001,broadband,0.0,naive,1,9.782150,0.982933,2.548756
aaaaakqg_s001_t001,broadband,0.0,naive,0,7.427259,0.952503,1.382939
aaaaakqr_s001_t000,broadband,0.0,naive,0,9.116396,0.977138,1.044553
aaaaakrt_s001_t001,broadband,0.0,naive,1,9.886128,0.983697,0.823860
aaaaakrt_s002_t001,broadband,0.0,naive,1,9.062799,0.976595,0.589529
aaaaaksb_s001_t000,broadband,0.0,naive,0,8.945058,0.975359,4.870033
aaaaaksu_s001_t001,broadband,0.0,naive,0,8.600282,0.971361,1.389327
aaaaakxz_s001_t001,broadband,0.0,naive,1,9.308069,0.978979,4.848881
aaaaakxz_s002_t001,broadband,0.0,naive,1,9.843408,0.983387,1.646602
aaaaalaf_s001_t000,broadband,0.0,naive,0,5.844763,0.908001,2.361804
aaaaalau_s001_t000,broadband,0.0,naive,1,10.014447,0.984594,0.910826
aaaaalbh_s001_t000,broadband,0.0,naive,1,10.016157,0.984605,0.876205
aaaaalbt_s001_t001,broadband,0.0,naive,0,6.194332,0.920274,1.806414
aaaaalbt_s002_t000,broadband,0.0,naive,0,9.235842,0.978303,4.050085
aaaaalbz_s006_t000,broadband,0.0,naive,1,9.511044,0.980771,2.925338
aaaaalid_s001_t001,broadband,0.0,naive,0,10.155161,0.985521,0.839478
aaaaaljf_s001_t000,broadband,0.0,naive,1,9.024691,0.976202,2.196082
aaaaaljj_s001_t000,broadband,0.0,naive,0,5.249943,0.883191,2.970559
aaaaallc_s001_t001,broadband,0.0,naive,0,8.653872,0.972021,2.295614
aaaaalle_s002_t000,broadband,0.0,naive,1,9.936823,0.984057,1.456425
aaaaalox_s001_t001,broadband,0.0,naive,0,8.671179,0.972231,0.815729
aaaaalpv_s001_t000,broadband,0.0,naive,0,8.883258,0.974684,5.342223
aaaaalqa_s001_t000,broadband,0.0,naive,0,6.817031,0.938488,3.193484
aaaaalqr_s001_t001,broadband,0.0,naive,1,9.512392,0.980783,1.494531
aaaaalqs_s001_t001,broadband,0.0,naive,0,7.442632,0.952813,1.286758
aaaaalqx_s001_t000,broadband,0.0,naive,0,9.649699,0.981908,4.237315
aaaaalrc_s002_t000,broadband,0.0,naive,1,11.436415,0.991793,0.226455
aaaaalsq_s001_t000,broadband,0.0,naive,0,9.356689,0.979423,1.288902
aaaaalsx_s001_t000,broadband,0.0,naive,1,8.597962,0.971332,1.581583
aaaaalsx_s004_t001,broadband,0.0,naive,1,8.359076,0.968197,1.912873
aaaaaluz_s001_t001,broadband,0.0,naive,0,4.520669,0.845049,1.734768
aaaaalvw_s001_t000,broadband,0.0,naive,0,8.843922,0.974246,4.251380
aaaaalvz_s001_t000,broadband,0.0,naive,1,8.716440,0.972774,1.596167
aaaaalxk_s001_t000,broadband,0.0,naive,0,10.440778,0.987238,0.838592
aaaaalyr_s001_t000,broadband,0.0,naive,1,10.794376,0.989087,0.916090
aaaaalzk_s002_t001,broadband,0.0,naive,1,9.235773,0.978302,0.510849
aaaaamcb_s001_t001,broadband,0.0,naive,1,10.189665,0.985740,1.149616
aaaaamfe_s001_t001,broadband,0.0,naive,0,8.810802,0.973871,2.576874
aaaaamft_s001_t001,broadband,0.0,naive,1,8.359521,0.968203,1.999699
aaaaamfu_s001_t000,broadband,0.0,naive,0,7.863653,0.960605,1.170445
aaaaamhi_s001_t000,broadband,0.0,naive,1,9.858691,0.983499,1.449563
aaaaamhk_s001_t000,broadband,0.0,naive,1,9.393869,0.979756,1.592109
aaaaamjc_s001_t001,broadband,0.0,naive,1,9.337036,0.979245,1.592974
aaaaammh_s001_t001,broadband,0.0,naive,1,9.029102,0.976248,0.937141
aaaaamnq_s001_t000,broadband,0.0,naive,1,10.567501,0.987934,0.398031
aaaaamnq_s002_t000,broadband,0.0,naive,1,8.531106,0.970486,0.251142
aaaaamon_s001_t000,broadband,0.0,naive,0,8.067075,0.963912,3.953635
aaaaampz_s001_t000,broadband,0.0,naive,1,10.054585,0.984864,0.448010
aaaaamrj_s001_t000,broadband,0.0,naive,0,9.777349,0.982897,1.259197
aaaaamsc_s001_t000,broadband,0.0,naive,1,9.029159,0.976248,0.707170
aaaaamtb_s001_t000,broadband,0.0,naive,0,9.903001,0.983818,0.637281
aaaaamuc_s001_t000,broadband,0.0,naive,0,8.480436,0.969829,1.797798
aaaaamxn_s001_t000,broadband,0.0,naive,1,8.341772,0.967957,1.502038
aaaaamyb_s001_t001,broadband,0.0,naive,0,9.926903,0.983987,1.202810
aaaaamye_s001_t000,broadband,0.0,naive,1,10.774178,0.988989,1.451069
aaaaamzi_s001_t001,broadband,0.0,naive,1,9.965341,0.984257,0.294564
aaaaamzl_s001_t000,broadband,0.0,naive,0,8.886338,0.974718,2.577859
aaaaamzx_s001_t000,broadband,0.0,naive,0,6.817695,0.938505,4.779134
aaaaanbq_s001_t000,broadband,0.0,naive,0,9.130475,0.977278,1.538268
aaaaanek_s001_t000,broadband,0.0,naive,0,4.432455,0.839804,2.676430
aaaaangp_s001_t000,broadband,0.0,naive,0,7.913107,0.961435,2.604392
aaaaanhb_s001_t003,broadband,0.0,naive,1,9.468199,0.980406,1.186304
aaaaanhb_s003_t001,broadband,0.0,naive,1,8.645599,0.971920,0.783993
aaaaanhb_s005_t000,broadband,0.0,naive,1,10.315297,0.986510,0.593184
aaaaankf_s001_t000,broadband,0.0,naive,1,9.297782,0.978884,0.673043
aaaaanlp_s001_t000,broadband,0.0,naive,0,9.735546,0.982579,2.238165
aaaaanmc_s001_t000,broadband,0.0,naive,1,9.629849,0.981750,1.154154
aaaaanop_s001_t000,broadband,0.0,naive,0,10.155430,0.985523,2.312120
aaaaanoz_s001_t000,broadband,0.0,naive,1,9.138753,0.977360,0.297332
aaaaanpr_s001_t002,broadband,0.0,naive,1,8.771963,0.973425,2.865828
aaaaanqe_s001_t000,broadband,0.0,naive,0,8.228676,0.966348,9.485917
aaaaanro_s001_t000,broadband,0.0,naive,1,9.443442,0.980192,2.851611
aaaaansj_s001_t000,broadband,0.0,naive,1,9.825865,0.983258,1.315834
aaaaanta_s001_t000,broadband,0.0,naive,1,9.171085,0.977679,6.679037
aaaaanum_s001_t000,broadband,0.0,naive,0,8.475898,0.969769,1.353294
aaaaanvb_s002_t000,broadband,0.0,naive,0,8.149981,0.965182,0.781473
aaaaanvg_s001_t002,broadband,0.0,naive,0,7.045447,0.944137,0.740884
aaaaanvw_s001_t000,broadband,0.0,naive,0,6.466065,0.928761,3.306990
aaaaanwc_s001_t001,broadband,0.0,naive,1,7.772408,0.959028,3.149845
aaaaanxl_s001_t000,broadband,0.0,naive,1,8.806566,0.973823,4.609256
aaaaanyb_s001_t001,broadband,0.0,naive,0,7.351954,0.950953,1.501888
aaaaanyt_s002_t000,broadband,0.0,naive,1,15.898808,0.998880,4.963278
aaaaanyw_s001_t000,broadband,0.0,naive,1,9.433057,0.980101,0.538737
aaaaanyw_s002_t000,broadband,0.0,naive,1,8.621385,0.971623,1.248600
aaaaanzh_s001_t000,broadband,0.0,naive,1,8.211125,0.966091,10.252669
aaaaanzu_s001_t003,broadband,0.0,naive,1,9.305175,0.978953,0.941226
aaaaaoav_s001_t000,broadband,0.0,naive,0,7.045161,0.944130,8.258946
aaaaaoav_s002_t000,broadband,0.0,naive,0,8.660103,0.972097,4.058826
aaaaaobi_s001_t000,broadband,0.0,naive,1,9.157785,0.977548,5.775370
aaaaaobl_s001_t000,broadband,0.0,naive,0,9.389093,0.979714,2.490461
aaaaaoby_s001_t000,broadband,0.0,naive,0,9.249280,0.978431,0.579163
aaaaaoda_s001_t000,broadband,0.0,naive,1,8.385899,0.968565,4.377225
aaaaaoeg_s001_t000,broadband,0.0,naive,0,9.051258,0.976477,1.552651
aaaaaofj_s001_t000,broadband,0.0,naive,0,9.876011,0.983624,2.634542
aaaaaofr_s001_t000,broadband,0.0,naive,0,9.073470,0.976704,0.526337
aaaaaofz_s001_t000,broadband,0.0,naive,0,9.342872,0.979298,1.020438
aaaaaohb_s001_t000,broadband,0.0,naive,1,9.557840,0.981163,1.095727
aaaaaohr_s002_t001,broadband,0.0,naive,1,8.840153,0.974204,2.539850
aaaaaoiq_s001_t000,broadband,0.0,naive,1,6.922370,0.941157,0.495338
aaaaaoiv_s001_t000,broadband,0.0,naive,1,6.441327,0.928024,0.901539
aaaaaoiv_s002_t001,broadband,0.0,naive,1,11.214006,0.990941,1.785250
aaaaaoiv_s003_t003,broadband,0.0,naive,1,10.359680,0.986772,1.009016
aaaaaojd_s001_t002,broadband,0.0,naive,0,7.056531,0.944398,1.620241
aaaaaokg_s001_t000,broadband,0.0,naive,0,10.253525,0.986137,0.667997
aaaaaoly_s001_t000,broadband,0.0,naive,0,9.306983,0.978969,3.124561
aaaaaome_s001_t000,broadband,0.0,naive,0,8.903759,0.974910,0.177974
aaaaaomx_s001_t000,broadband,0.0,naive,0,9.321661,0.979104,1.001758
aaaaaomy_s001_t000,broadband,0.0,naive,1,9.123351,0.977207,0.725321
aaaaaonb_s001_t000,broadband,0.0,naive,0,9.627472,0.981731,0.658267
aaaaaons_s002_t002,broadband,0.0,naive,1,10.043142,0.984788,0.743537
aaaaaopd_s001_t000,broadband,0.0,naive,0,9.708949,0.982374,0.680360
aaaaaopo_s001_t000,broadband,0.0,naive,0,6.506219,0.929942,0.414983
aaaaaora_s002_t000,broadband,0.0,naive,1,8.686728,0.972419,0.490795
aaaaaord_s001_t000,broadband,0.0,naive,1,8.462015,0.969586,0.988109
aaaaaosh_s001_t000,broadband,0.0,naive,1,7.845366,0.960294,2.287212
aaaaaosw_s001_t000,broadband,0.0,naive,0,9.334283,0.979220,0.736490
aaaaaote_s001_t000,broadband,0.0,naive,0,7.885578,0.960975,1.661596
aaaaaout_s001_t000,broadband,0.0,naive,1,7.858618,0.960519,1.993177
aaaaaovl_s001_t000,broadband,0.0,naive,1,9.861127,0.983516,1.109693
aaaaaovo_s001_t000,broadband,0.0,naive,1,9.807656,0.983124,1.050901
aaaaaowb_s001_t000,broadband,0.0,naive,0,12.654433,0.995228,1.466570
aaaaaoxf_s001_t000,broadband,0.0,naive,0,7.781775,0.959193,2.024025
aaaaaozf_s001_t001,broadband,0.0,naive,0,8.397734,0.968726,0.439860
aaaaapag_s001_t000,broadband,0.0,naive,0,8.602526,0.971389,2.754916
aaaaapar_s001_t000,broadband,0.0,naive,1,8.294981,0.967301,1.056727
aaaaapcb_s001_t000,broadband,0.0,naive,0,9.067063,0.976639,1.037228
aaaaapcy_s001_t002,broadband,0.0,naive,0,7.366731,0.951261,2.114976
aaaaapdg_s001_t000,broadband,0.0,naive,0,10.038735,0.984758,0.636555
aaaaaphs_s001_t000,broadband,0.0,naive,1,9.777963,0.982901,3.263769
aaaaaphw_s001_t000,broadband,0.0,naive,0,10.154452,0.985517,1.910466
aaaaapij_s001_t000,broadband,0.0,naive,0,8.957383,0.975491,1.812801
aaaaapjc_s001_t001,broadband,0.0,naive,0,9.403379,0.979840,1.710031
aaaaapka_s001_t000,broadband,0.0,naive,0,7.852843,0.960421,0.758581
aaaaapkx_s001_t001,broadband,0.0,naive,1,9.273252,0.978656,2.304445
aaaaaply_s001_t001,broadband,0.0,naive,1,10.342638,0.986672,1.180439
aaaaapmb_s002_t001,broadband,0.0,naive,1,8.451309,0.969445,1.149207
aaaaapmp_s001_t000,broadband,0.0,naive,1,7.608937,0.956052,6.890508
aaaaapnr_s001_t000,broadband,0.0,naive,1,8.831910,0.974111,4.333221
aaaaapoc_s001_t000,broadband,0.0,naive,1,7.230955,0.948362,2.887512
aaaaapof_s001_t000,broadband,0.0,naive,0,9.112343,0.977097,2.868061
aaaaapoo_s001_t000,broadband,0.0,naive,0,9.423088,0.980014,5.790765
aaaaapoq_s001_t000,broadband,0.0,naive,0,9.277274,0.978694,2.690068
aaaaappb_s001_t000,broadband,0.0,naive,0,8.858775,0.974412,7.565184
aaaaapqd_s001_t000,broadband,0.0,naive,1,9.586908,0.981402,4.668747
aaaaapqv_s001_t000,broadband,0.0,naive,0,8.296602,0.967324,2.047410
aaaaapta_s001_t000,broadband,0.0,naive,1,9.496180,0.980645,1.570809
aaaaapth_s001_t000,broadband,0.0,naive,1,9.131969,0.977293,0.420349
aaaaapua_s001_t001,broadband,0.0,naive,0,6.301287,0.923720,2.166675
aaaaapuu_s001_t000,broadband,0.0,naive,0,9.389407,0.979716,3.768870
aaaaapvw_s001_t001,broadband,0.0,naive,1,8.338531,0.967912,3.703166
aaaaapvy_s001_t000,broadband,0.0,naive,1,9.451880,0.980265,7.741733
aaaaapwn_s001_t001,broadband,0.0,naive,0,7.204675,0.947782,1.650531
aaaaapwo_s001_t001,broadband,0.0,naive,1,10.237627,0.986039,0.557607
aaaaapxm_s001_t001,broadband,0.0,naive,0,6.430881,0.927711,1.217424
aaaaapys_s001_t001,broadband,0.0,naive,1,11.088931,0.990423,0.260285
aaaaapys_s002_t001,broadband,0.0,naive,1,8.861428,0.974442,1.502683
aaaaaayx_s002_t000,broadband,10.0,canonicalized,0,4.075351,0.817095,26.477448
aaaaabdo_s003_t000,broadband,10.0,canonicalized,1,9.351922,0.979380,4.211955
aaaaabsk_s007_t000,broadband,10.0,canonicalized,1,6.794866,0.937912,3.190745
aaaaabuv_s002_t000,broadband,10.0,canonicalized,1,4.890261,0.865514,3.276633
aaaaacad_s003_t000,broadband,10.0,canonicalized,0,6.041583,0.915107,1.899937
aaaaacby_s004_t000,broadband,10.0,canonicalized,0,7.244003,0.948647,1.470078
aaaaaddm_s006_t000,broadband,10.0,canonicalized,1,8.635269,0.971794,13.866861
aaaaadeu_s002_t000,broadband,10.0,canonicalized,1,7.251361,0.948808,2.178802
aaaaadjk_s002_t000,broadband,10.0,canonicalized,0,6.598608,0.932591,4.127441
aaaaadkb_s002_t000,broadband,10.0,canonicalized,1,10.487748,0.987501,6.495486
aaaaadsm_s002_t001,broadband,10.0,canonicalized,0,2.261736,0.664698,3.849009
aaaaaeab_s003_t000,broadband,10.0,canonicalized,0,1.674481,0.603774,1.141106
aaaaaejc_s003_t001,broadband,10.0,canonicalized,0,2.303440,0.668849,3.962602
aaaaaezn_s003_t001,broadband,10.0,canonicalized,1,4.217201,0.826402,10.202297
aaaaafhl_s003_t000,broadband,10.0,canonicalized,1,5.266214,0.883940,2.007379
aaaaagfk_s003_t000,broadband,10.0,canonicalized,0,4.437964,0.840135,13.870514
aaaaagsc_s003_t001,broadband,10.0,canonicalized,1,7.420736,0.952370,5.857394
aaaaagsc_s006_t001,broadband,10.0,canonicalized,1,2.952913,0.729866,2.567898
aaaaaguk_s002_t001,broadband,10.0,canonicalized,0,-0.353005,0.380581,1.253335
aaaaagvx_s002_t000,broadband,10.0,canonicalized,1,4.077140,0.817215,8.816398
aaaaagvx_s003_t001,broadband,10.0,canonicalized,1,8.058762,0.963783,1.325722
aaaaagyr_s002_t000,broadband,10.0,canonicalized,1,7.375992,0.951453,12.372644
aaaaahie_s005_t001,broadband,10.0,canonicalized,1,9.133646,0.977310,3.682519
aaaaahsv_s002_t000,broadband,10.0,canonicalized,0,1.392069,0.573146,6.456224
aaaaahte_s002_t000,broadband,10.0,canonicalized,1,8.962393,0.975545,4.210863
aaaaahte_s003_t000,broadband,10.0,canonicalized,1,10.091670,0.985110,7.265064
aaaaahuy_s002_t000,broadband,10.0,canonicalized,1,5.340757,0.887323,1.105439
aaaaahzi_s001_t000,broadband,10.0,canonicalized,0,6.973067,0.942402,4.291296
aaaaahzm_s001_t001,broadband,10.0,canonicalized,0,4.039835,0.814705,2.278314
aaaaahzq_s001_t000,broadband,10.0,canonicalized,0,2.704651,0.707387,2.651155
aaaaahzs_s001_t001,broadband,10.0,canonicalized,0,3.523239,0.777204,1.781957
aaaaaiae_s001_t000,broadband,10.0,canonicalized,0,8.003948,0.962916,1.533685
aaaaaibx_s001_t000,broadband,10.0,canonicalized,0,8.419718,0.969023,3.292865
aaaaaiby_s001_t000,broadband,10.0,canonicalized,0,5.252791,0.883322,4.493744
aaaaaici_s001_t000,broadband,10.0,canonicalized,0,4.409382,0.838408,14.457122
aaaaaicn_s001_t000,broadband,10.0,canonicalized,0,6.517437,0.930269,3.361561
aaaaaijh_s002_t000,broadband,10.0,canonicalized,1,8.685080,0.972399,5.720578
aaaaaijn_s001_t001,broadband,10.0,canonicalized,0,2.235766,0.662100,0.768966
aaaaairb_s001_t001,broadband,10.0,canonicalized,0,9.754307,0.982722,3.492422
aaaaairo_s001_t000,broadband,10.0,canonicalized,0,5.401784,0.890027,9.408870
aaaaaitt_s001_t000,broadband,10.0,canonicalized,0,9.038606,0.976346,3.887964
aaaaaiue_s004_t000,broadband,10.0,canonicalized,1,7.096481,0.945331,3.023082
aaaaaiuo_s002_t000,broadband,10.0,canonicalized,0,5.670496,0.901269,4.496647
aaaaaiwz_s001_t001,broadband,10.0,canonicalized,0,2.074397,0.645742,3.131888
aaaaaiyy_s001_t001,broadband,10.0,canonicalized,0,1.143568,0.545715,3.159268
aaaaaizd_s001_t001,broadband,10.0,canonicalized,0,8.798837,0.973734,6.584631
aaaaaizs_s001_t000,broadband,10.0,canonicalized,0,2.943769,0.729058,4.587503
aaaaajae_s001_t001,broadband,10.0,canonicalized,0,6.665179,0.934442,4.015824
aaaaajah_s002_t001,broadband,10.0,canonicalized,1,5.183589,0.880089,2.328946
aaaaajah_s004_t000,broadband,10.0,canonicalized,1,6.569054,0.931754,9.803324
aaaaajal_s001_t001,broadband,10.0,canonicalized,0,-0.618077,0.353011,1.080719
aaaaajam_s001_t000,broadband,10.0,canonicalized,1,4.387644,0.837085,0.379834
aaaaajar_s001_t001,broadband,10.0,canonicalized,0,0.958290,0.525071,5.864291
aaaaajbb_s001_t000,broadband,10.0,canonicalized,0,3.644750,0.786488,2.351961
aaaaajbh_s002_t000,broadband,10.0,canonicalized,0,4.060561,0.816103,0.577902
aaaaajce_s001_t000,broadband,10.0,canonicalized,0,5.996449,0.913523,7.474198
aaaaajci_s001_t000,broadband,10.0,canonicalized,0,9.771290,0.982851,1.218447
aaaaajck_s001_t000,broadband,10.0,canonicalized,0,3.820839,0.799435,5.638729
aaaaajct_s001_t000,broadband,10.0,canonicalized,0,9.176045,0.977727,5.585363
aaaaajcu_s001_t000,broadband,10.0,canonicalized,0,7.907063,0.961334,8.021426
aaaaajda_s001_t000,broadband,10.0,canonicalized,0,6.701550,0.935433,2.936666
aaaaajdb_s001_t000,broadband,10.0,canonicalized,0,9.550251,0.981100,1.150875
aaaaajdv_s001_t000,broadband,10.0,canonicalized,0,6.747985,0.936678,12.278808
aaaaajdy_s001_t000,broadband,10.0,canonicalized,0,6.050054,0.915401,6.440467
aaaaajdz_s001_t000,broadband,10.0,canonicalized,0,6.288070,0.923301,1.325016
aaaaajea_s001_t000,broadband,10.0,canonicalized,0,8.304933,0.967441,1.815835
aaaaajen_s001_t000,broadband,10.0,canonicalized,0,7.858020,0.960509,11.699328
aaaaajey_s001_t000,broadband,10.0,canonicalized,0,1.647227,0.600850,4.020981
aaaaajfb_s001_t000,broadband,10.0,canonicalized,0,7.330042,0.950493,3.606697
aaaaajfe_s001_t000,broadband,10.0,canonicalized,0,5.201249,0.880921,4.073404
aaaaajff_s001_t000,broadband,10.0,canonicalized,0,-1.893477,0.235556,0.927171
aaaaajfi_s001_t001,broadband,10.0,canonicalized,0,3.782996,0.796703,5.747703
aaaaajfn_s001_t001,broadband,10.0,canonicalized,0,2.520338,0.690008,15.387614
aaaaajfy_s001_t000,broadband,10.0,canonicalized,0,1.350932,0.568631,2.613471
aaaaajga_s001_t001,broadband,10.0,canonicalized,0,7.288509,0.949610,2.340222
aaaaajhy_s001_t000,broadband,10.0,canonicalized,0,5.965469,0.912420,0.584296
aaaaajit_s001_t001,broadband,10.0,canonicalized,0,1.099568,0.540824,5.063768
aaaaajiu_s001_t000,broadband,10.0,canonicalized,0,7.760800,0.958824,4.986894
aaaaajiy_s001_t001,broadband,10.0,canonicalized,0,3.989866,0.811302,2.003483
aaaaajiz_s001_t000,broadband,10.0,canonicalized,0,8.980781,0.975740,4.591301
aaaaajjb_s001_t001,broadband,10.0,canonicalized,0,6.001163,0.913689,2.698567
aaaaajje_s001_t000,broadband,10.0,canonicalized,0,7.036009,0.943914,6.341322
aaaaajjk_s001_t000,broadband,10.0,canonicalized,0,7.137111,0.946264,6.902192
aaaaajna_s001_t000,broadband,10.0,canonicalized,0,8.252218,0.966689,5.466177
aaaaajnu_s001_t000,broadband,10.0,canonicalized,0,6.577013,0.931980,6.507418
aaaaajon_s001_t000,broadband,10.0,canonicalized,0,9.031739,0.976275,4.615878
aaaaajoo_s002_t001,broadband,10.0,canonicalized,1,5.494685,0.894035,2.486442
aaaaajpg_s001_t001,broadband,10.0,canonicalized,0,0.154353,0.435416,0.588582
aaaaajqh_s004_t000,broadband,10.0,canonicalized,1,8.723417,0.972856,3.664461
aaaaajqk_s003_t001,broadband,10.0,canonicalized,1,5.946213,0.911728,2.918292
aaaaajrf_s001_t000,broadband,10.0,canonicalized,1,9.077024,0.976740,4.036693
aaaaajrf_s002_t000,broadband,10.0,canonicalized,1,10.433397,0.987196,3.524294
aaaaajrf_s003_t002,broadband,10.0,canonicalized,1,10.405942,0.987040,3.495736
aaaaajrf_s004_t000,broadband,10.0,canonicalized,1,9.225951,0.978209,1.743170
aaaaajso_s001_t000,broadband,10.0,canonicalized,1,8.764904,0.973343,2.832829
aaaaajtg_s001_t000,broadband,10.0,canonicalized,0,8.196377,0.965874,8.599357
aaaaajtu_s001_t000,broadband,10.0,canonicalized,0,9.237324,0.978317,2.399296
aaaaajuh_s001_t000,broadband,10.0,canonicalized,1,6.072699,0.916183,7.205755
aaaaajun_s001_t000,broadband,10.0,canonicalized,0,9.119771,0.977171,4.834347
aaaaajvh_s001_t001,broadband,10.0,canonicalized,0,7.143398,0.946407,2.773597
aaaaajxp_s001_t000,broadband,10.0,canonicalized,0,1.996679,0.637738,2.581079
aaaaakck_s001_t001,broadband,10.0,canonicalized,1,7.233390,0.948415,2.083914
aaaaakcx_s001_t001,broadband,10.0,canonicalized,1,9.827670,0.983272,6.666824
aaaaakcy_s005_t001,broadband,10.0,canonicalized,1,12.374602,0.994594,1.166813
aaaaakdj_s001_t000,broadband,10.0,canonicalized,1,6.889636,0.940339,7.099862
aaaaakdo_s001_t000,broadband,10.0,canonicalized,1,4.475025,0.842353,0.495929
aaaaakeq_s001_t000,broadband,10.0,canonicalized,1,7.370646,0.951342,6.542176
aaaaakeq_s002_t000,broadband,10.0,canonicalized,1,8.719873,0.972814,7.439289
aaaaakeq_s003_t000,broadband,10.0,canonicalized,1,9.403449,0.979841,3.419162
aaaaakev_s001_t001,broadband,10.0,canonicalized,1,10.744991,0.988846,4.277131
aaaaakev_s002_t000,broadband,10.0,canonicalized,1,7.477777,0.953516,6.379654
aaaaakft_s001_t000,broadband,10.0,canonicalized,0,8.360772,0.968220,0.713995
aaaaakgp_s001_t001,broadband,10.0,canonicalized,0,6.351921,0.925303,4.673088
aaaaakgu_s001_t000,broadband,10.0,canonicalized,1,2.060297,0.644296,1.155971
aaaaakjk_s002_t002,broadband,10.0,canonicalized,1,9.362749,0.979478,1.053049
aaaaakjk_s003_t000,broadband,10.0,canonicalized,1,4.757895,0.858461,5.059855
aaaaakka_s001_t001,broadband,10.0,canonicalized,0,3.059794,0.739202,1.820439
aaaaakmg_s003_t001,broadband,10.0,canonicalized,1,8.899274,0.974861,0.823645
aaaaakmh_s001_t000,broadband,10.0,canonicalized,1,7.704955,0.957824,7.906969
aaaaaknt_s001_t000,broadband,10.0,canonicalized,1,4.837832,0.862756,5.021358
aaaaakoo_s001_t001,broadband,10.0,canonicalized,1,10.041762,0.984778,0.961802
aaaaakqg_s001_t001,broadband,10.0,canonicalized,0,3.580750,0.781633,6.701812
aaaaakqr_s001_t000,broadband,10.0,canonicalized,0,3.744728,0.793912,4.424661
aaaaakrt_s001_t001,broadband,10.0,canonicalized,1,9.220710,0.978159,1.246268
aaaaakrt_s002_t001,broadband,10.0,canonicalized,1,6.988094,0.942766,7.621480
aaaaaksb_s001_t000,broadband,10.0,canonicalized,0,5.505785,0.894506,4.442271
aaaaaksu_s001_t001,broadband,10.0,canonicalized,0,4.826762,0.862168,7.897630
aaaaakxz_s001_t001,broadband,10.0,canonicalized,1,6.478316,0.929123,3.968976
aaaaakxz_s002_t001,broadband,10.0,canonicalized,1,9.592573,0.981448,1.854731
aaaaalaf_s001_t000,broadband,10.0,canonicalized,0,-0.276899,0.388651,2.799235
aaaaalau_s001_t000,broadband,10.0,canonicalized,1,9.357435,0.979430,2.518373
aaaaalbh_s001_t000,broadband,10.0,canonicalized,1,8.644866,0.971911,3.549638
aaaaalbt_s001_t001,broadband,10.0,canonicalized,0,2.245916,0.663117,2.589112
aaaaalbt_s002_t000,broadband,10.0,canonicalized,0,8.159992,0.965333,15.904411
aaaaalbz_s006_t000,broadband,10.0,canonicalized,1,8.273869,0.967000,10.014610
aaaaalid_s001_t001,broadband,10.0,canonicalized,0,8.820869,0.973986,3.048638
aaaaaljf_s001_t000,broadband,10.0,canonicalized,1,8.982483,0.975758,1.111573
aaaaaljj_s001_t000,broadband,10.0,canonicalized,0,-0.571318,0.357809,9.124520
aaaaallc_s001_t001,broadband,10.0,canonicalized,0,4.393178,0.837422,4.526164
aaaaalle_s002_t000,broadband,10.0,canonicalized,1,9.383282,0.979662,1.051783
aaaaalox_s001_t001,broadband,10.0,canonicalized,0,8.696886,0.972541,1.080429
aaaaalpv_s001_t000,broadband,10.0,canonicalized,0,8.167222,0.965441,2.116942
aaaaalqa_s001_t000,broadband,10.0,canonicalized,0,0.778355,0.504940,13.524374
aaaaalqr_s001_t001,broadband,10.0,canonicalized,1,9.089304,0.976865,4.109454
aaaaalqs_s001_t001,broadband,10.0,canonicalized,0,1.142081,0.545550,2.313250
aaaaalqx_s001_t000,broadband,10.0,canonicalized,0,8.653437,0.972016,7.377605
aaaaalrc_s002_t000,broadband,10.0,canonicalized,1,16.456215,0.999128,1.737362
aaaaalsq_s001_t000,broadband,10.0,canonicalized,0,9.053806,0.976503,3.043154
aaaaalsx_s001_t000,broadband,10.0,canonicalized,1,5.507562,0.894581,6.853747
aaaaalsx_s004_t001,broadband,10.0,canonicalized,1,5.771945,0.905240,1.553504
aaaaaluz_s001_t001,broadband,10.0,canonicalized,0,-0.495398,0.365662,1.167652
aaaaalvw_s001_t000,broadband,10.0,canonicalized,0,6.908734,0.940817,3.915827
aaaaalvz_s001_t000,broadband,10.0,canonicalized,1,12.009405,0.993639,1.876470
aaaaalxk_s001_t000,broadband,10.0,canonicalized,0,8.942521,0.975331,0.798756
aaaaalyr_s001_t000,broadband,10.0,canonicalized,1,7.764818,0.958895,1.394766
aaaaalzk_s002_t001,broadband,10.0,canonicalized,1,9.779164,0.982911,1.840190
aaaaamcb_s001_t001,broadband,10.0,canonicalized,1,10.544565,0.987811,3.374732
aaaaamfe_s001_t001,broadband,10.0,canonicalized,0,5.055802,0.873915,2.763190
aaaaamft_s001_t001,broadband,10.0,canonicalized,1,8.211445,0.966096,3.128353
aaaaamfu_s001_t000,broadband,10.0,canonicalized,0,5.006053,0.871438,6.214559
aaaaamhi_s001_t000,broadband,10.0,canonicalized,1,9.366503,0.979511,7.921962
aaaaamhk_s001_t000,broadband,10.0,canonicalized,1,6.448319,0.928233,3.699155
aaaaamjc_s001_t001,broadband,10.0,canonicalized,1,10.945117,0.989793,5.000913
aaaaammh_s001_t001,broadband,10.0,canonicalized,1,6.999969,0.943053,2.568409
aaaaamnq_s001_t000,broadband,10.0,canonicalized,1,9.606637,0.981563,6.803485
aaaaamnq_s002_t000,broadband,10.0,canonicalized,1,8.738655,0.973036,1.366349
aaaaamon_s001_t000,broadband,10.0,canonicalized,0,4.833909,0.862548,11.813026
aaaaampz_s001_t000,broadband,10.0,canonicalized,1,10.139164,0.985419,3.103073
aaaaamrj_s001_t000,broadband,10.0,canonicalized,0,7.616373,0.956192,3.611290
aaaaamsc_s001_t000,broadband,10.0,canonicalized,1,7.197219,0.947617,4.555929
aaaaamtb_s001_t000,broadband,10.0,canonicalized,0,8.976265,0.975692,2.001586
aaaaamuc_s001_t000,broadband,10.0,canonicalized,0,5.120309,0.877065,2.734521
aaaaamxn_s001_t000,broadband,10.0,canonicalized,1,6.227316,0.921351,1.285829
aaaaamyb_s001_t001,broadband,10.0,canonicalized,0,10.166904,0.985596,1.118310
aaaaamye_s001_t000,broadband,10.0,canonicalized,1,12.845492,0.995618,1.929510
aaaaamzi_s001_t001,broadband,10.0,canonicalized,1,10.004029,0.984523,2.825827
aaaaamzl_s001_t000,broadband,10.0,canonicalized,0,5.322150,0.886487,7.990978
aaaaamzx_s001_t000,broadband,10.0,canonicalized,0,1.067025,0.537201,11.001747
aaaaanbq_s001_t000,broadband,10.0,canonicalized,0,5.861645,0.908631,2.106185
aaaaanek_s001_t000,broadband,10.0,canonicalized,0,-2.660608,0.179333,5.666847
aaaaangp_s001_t000,broadband,10.0,canonicalized,0,4.016991,0.813155,1.658977
aaaaanhb_s001_t003,broadband,10.0,canonicalized,1,9.219539,0.978148,5.121109
aaaaanhb_s003_t001,broadband,10.0,canonicalized,1,8.935327,0.975254,1.538024
aaaaanhb_s005_t000,broadband,10.0,canonicalized,1,9.470696,0.980428,0.920860
aaaaankf_s001_t000,broadband,10.0,canonicalized,1,10.188019,0.985730,1.644910
aaaaanlp_s001_t000,broadband,10.0,canonicalized,0,5.904933,0.910228,7.050679
aaaaanmc_s001_t000,broadband,10.0,canonicalized,1,7.742402,0.958497,8.821993
aaaaanop_s001_t000,broadband,10.0,canonicalized,0,8.386091,0.968567,1.141423
aaaaanoz_s001_t000,broadband,10.0,canonicalized,1,6.762067,0.937051,7.557535
aaaaanpr_s001_t002,broadband,10.0,canonicalized,1,5.601031,0.898465,3.905330
aaaaanqe_s001_t000,broadband,10.0,canonicalized,0,5.578008,0.897520,7.623558
aaaaanro_s001_t000,broadband,10.0,canonicalized,1,9.539984,0.981014,1.790494
aaaaansj_s001_t000,broadband,10.0,canonicalized,1,8.843613,0.974242,2.035161
aaaaanta_s001_t000,broadband,10.0,canonicalized,1,8.924391,0.975135,10.262144
aaaaanum_s001_t000,broadband,10.0,canonicalized,0,2.601510,0.697732,1.102207
aaaaanvb_s002_t000,broadband,10.0,canonicalized,0,5.710977,0.902871,1.228341
aaaaanvg_s001_t002,broadband,10.0,canonicalized,0,5.576571,0.897461,2.132946
aaaaanvw_s001_t000,broadband,10.0,canonicalized,0,3.068186,0.739926,7.241321
aaaaanwc_s001_t001,broadband,10.0,canonicalized,1,6.875547,0.939984,10.506109
aaaaanxl_s001_t000,broadband,10.0,canonicalized,1,9.458706,0.980324,15.941453
aaaaanyb_s001_t001,broadband,10.0,canonicalized,0,5.193203,0.880543,9.883079
aaaaanyt_s002_t000,broadband,10.0,canonicalized,1,15.454359,0.998634,13.959182
aaaaanyw_s001_t000,broadband,10.0,canonicalized,1,9.183566,0.977800,1.508188
aaaaanyw_s002_t000,broadband,10.0,canonicalized,1,2.779215,0.714253,21.899708
aaaaanzh_s001_t000,broadband,10.0,canonicalized,1,7.560890,0.955139,7.533264
aaaaanzu_s001_t003,broadband,10.0,canonicalized,1,7.333614,0.950568,1.708405
aaaaaoav_s001_t000,broadband,10.0,canonicalized,0,2.001111,0.638196,5.974347
aaaaaoav_s002_t000,broadband,10.0,canonicalized,0,3.713361,0.791604,5.945992
aaaaaobi_s001_t000,broadband,10.0,canonicalized,1,8.105470,0.964506,14.868914
aaaaaobl_s001_t000,broadband,10.0,canonicalized,0,9.157393,0.977544,4.622763
aaaaaoby_s001_t000,broadband,10.0,canonicalized,0,5.678726,0.901596,10.647439
aaaaaoda_s001_t000,broadband,10.0,canonicalized,1,8.453785,0.969478,13.658445
aaaaaoeg_s001_t000,broadband,10.0,canonicalized,0,4.400825,0.837888,4.764931
aaaaaofj_s001_t000,broadband,10.0,canonicalized,0,5.860363,0.908583,6.834493
aaaaaofr_s001_t000,broadband,10.0,canonicalized,0,6.661694,0.934346,1.682689
aaaaaofz_s001_t000,broadband,10.0,canonicalized,0,5.988531,0.913242,2.867467
aaaaaohb_s001_t000,broadband,10.0,canonicalized,1,7.734704,0.958360,3.199935
aaaaaohr_s002_t001,broadband,10.0,canonicalized,1,7.584291,0.955586,2.238362
aaaaaoiq_s001_t000,broadband,10.0,canonicalized,1,3.240358,0.754493,1.645067
aaaaaoiv_s001_t000,broadband,10.0,canonicalized,1,-0.186574,0.398308,1.151356
aaaaaoiv_s002_t001,broadband,10.0,canonicalized,1,12.829676,0.995586,1.878687
aaaaaoiv_s003_t003,broadband,10.0,canonicalized,1,12.641774,0.995201,1.579087
aaaaaojd_s001_t002,broadband,10.0,canonicalized,0,3.618071,0.784474,2.503474
aaaaaokg_s001_t000,broadband,10.0,canonicalized,0,9.600630,0.981514,2.676525
aaaaaoly_s001_t000,broadband,10.0,canonicalized,0,8.192791,0.965821,12.013299
aaaaaome_s001_t000,broadband,10.0,canonicalized,0,6.499320,0.929740,0.973140
aaaaaomx_s001_t000,broadband,10.0,canonicalized,0,8.053654,0.963703,2.693779
aaaaaomy_s001_t000,broadband,10.0,canonicalized,1,9.030682,0.976264,1.987103
aaaaaonb_s001_t000,broadband,10.0,canonicalized,0,4.684758,0.854433,12.112614
aaaaaons_s002_t002,broadband,10.0,canonicalized,1,9.320553,0.979094,1.655573
aaaaaopd_s001_t000,broadband,10.0,canonicalized,0,8.743406,0.973092,2.143780
aaaaaopo_s001_t000,broadband,10.0,canonicalized,0,1.209302,0.553005,7.031965
aaaaaora_s002_t000,broadband,10.0,canonicalized,1,7.311911,0.950109,1.954559
aaaaaord_s001_t000,broadband,10.0,canonicalized,1,5.471987,0.893068,3.753250
aaaaaosh_s001_t000,broadband,10.0,canonicalized,1,6.023454,0.914474,3.315132
aaaaaosw_s001_t000,broadband,10.0,canonicalized,0,8.124707,0.964800,8.519426
aaaaaote_s001_t000,broadband,10.0,canonicalized,0,6.072226,0.916167,2.615096
aaaaaout_s001_t000,broadband,10.0,canonicalized,1,5.137101,0.877873,10.017938
aaaaaovl_s001_t000,broadband,10.0,canonicalized,1,10.921771,0.989686,1.649031
aaaaaovo_s001_t000,broadband,10.0,canonicalized,1,11.719153,0.992762,3.089085
aaaaaowb_s001_t000,broadband,10.0,canonicalized,0,6.690205,0.935125,7.651803
aaaaaoxf_s001_t000,broadband,10.0,canonicalized,0,2.684548,0.705519,1.973279
aaaaaozf_s001_t001,broadband,10.0,canonicalized,0,6.266055,0.922600,9.643648
aaaaapag_s001_t000,broadband,10.0,canonicalized,0,2.067967,0.645083,18.470077
aaaaapar_s001_t000,broadband,10.0,canonicalized,1,13.349912,0.996501,1.686663
aaaaapcb_s001_t000,broadband,10.0,canonicalized,0,6.845871,0.939230,0.676506
aaaaapcy_s001_t002,broadband,10.0,canonicalized,0,1.423510,0.576588,5.689600
aaaaapdg_s001_t000,broadband,10.0,canonicalized,0,8.215743,0.966159,2.218694
aaaaaphs_s001_t000,broadband,10.0,canonicalized,1,7.874928,0.960796,12.578260
aaaaaphw_s001_t000,broadband,10.0,canonicalized,0,7.556224,0.955049,5.183040
aaaaapij_s001_t000,broadband,10.0,canonicalized,0,5.451247,0.892178,1.997613
aaaaapjc_s001_t001,broadband,10.0,canonicalized,0,7.458290,0.953128,0.907876
aaaaapka_s001_t000,broadband,10.0,canonicalized,0,3.312340,0.760417,4.127199
aaaaapkx_s001_t001,broadband,10.0,canonicalized,1,6.093559,0.916898,3.564836
aaaaaply_s001_t001,broadband,10.0,canonicalized,1,9.471668,0.980436,1.082497
aaaaapmb_s002_t001,broadband,10.0,canonicalized,1,5.796770,0.906190,1.668309
aaaaapmp_s001_t000,broadband,10.0,canonicalized,1,5.689843,0.902037,12.070014
aaaaapnr_s001_t000,broadband,10.0,canonicalized,1,7.623457,0.956325,9.543034
aaaaapoc_s001_t000,broadband,10.0,canonicalized,1,6.757863,0.936940,2.176509
aaaaapof_s001_t000,broadband,10.0,canonicalized,0,7.671357,0.957212,13.368037
aaaaapoo_s001_t000,broadband,10.0,canonicalized,0,7.902197,0.961253,6.962095
aaaaapoq_s001_t000,broadband,10.0,canonicalized,0,8.288889,0.967214,9.371702
aaaaappb_s001_t000,broadband,10.0,canonicalized,0,8.044867,0.963565,11.973378
aaaaapqd_s001_t000,broadband,10.0,canonicalized,1,8.358003,0.968182,14.090543
aaaaapqv_s001_t000,broadband,10.0,canonicalized,0,8.404760,0.968821,9.444447
aaaaapta_s001_t000,broadband,10.0,canonicalized,1,9.813135,0.983164,1.596308
aaaaapth_s001_t000,broadband,10.0,canonicalized,1,7.933976,0.961780,1.345073
aaaaapua_s001_t001,broadband,10.0,canonicalized,0,-2.378493,0.198693,5.291803
aaaaapuu_s001_t000,broadband,10.0,canonicalized,0,7.507982,0.954112,11.112534
aaaaapvw_s001_t001,broadband,10.0,canonicalized,1,8.247953,0.966628,3.405032
aaaaapvy_s001_t000,broadband,10.0,canonicalized,1,7.418906,0.952333,15.032391
aaaaapwn_s001_t001,broadband,10.0,canonicalized,0,3.419270,0.769035,9.592660
aaaaapwo_s001_t001,broadband,10.0,canonicalized,1,12.455184,0.994785,5.228353
aaaaapxm_s001_t001,broadband,10.0,canonicalized,0,2.019926,0.640140,1.483340
aaaaapys_s001_t001,broadband,10.0,canonicalized,1,13.201725,0.996262,1.501596
aaaaapys_s002_t001,broadband,10.0,canonicalized,1,10.587903,0.988042,2.891801
aaaaaayx_s002_t000,broadband,10.0,naive,0,4.075351,0.817095,26.477448
aaaaabdo_s003_t000,broadband,10.0,naive,1,9.351922,0.979380,4.211955
aaaaabsk_s007_t000,broadband,10.0,naive,1,6.794866,0.937912,3.190745
aaaaabuv_s002_t000,broadband,10.0,naive,1,4.890261,0.865514,3.276633
aaaaacad_s003_t000,broadband,10.0,naive,0,6.041583,0.915107,1.899937
aaaaacby_s004_t000,broadband,10.0,naive,0,7.244003,0.948647,1.470078
aaaaaddm_s006_t000,broadband,10.0,naive,1,8.635269,0.971794,13.866861
aaaaadeu_s002_t000,broadband,10.0,naive,1,7.251361,0.948808,2.178802
aaaaadjk_s002_t000,broadband,10.0,naive,0,6.598608,0.932591,4.127441
aaaaadkb_s002_t000,broadband,10.0,naive,1,10.487748,0.987501,6.495486
aaaaadsm_s002_t001,broadband,10.0,naive,0,2.261736,0.664698,3.849009
aaaaaeab_s003_t000,broadband,10.0,naive,0,1.674481,0.603774,1.141106
aaaaaejc_s003_t001,broadband,10.0,naive,0,2.303440,0.668849,3.962602
aaaaaezn_s003_t001,broadband,10.0,naive,1,4.217201,0.826402,10.202297
aaaaafhl_s003_t000,broadband,10.0,naive,1,5.266214,0.883940,2.007379
aaaaagfk_s003_t000,broadband,10.0,naive,0,4.437964,0.840135,13.870514
aaaaagsc_s003_t001,broadband,10.0,naive,1,7.420736,0.952370,5.857394
aaaaagsc_s006_t001,broadband,10.0,naive,1,2.952913,0.729866,2.567898
aaaaaguk_s002_t001,broadband,10.0,naive,0,-0.353005,0.380581,1.253335
aaaaagvx_s002_t000,broadband,10.0,naive,1,4.077140,0.817215,8.816398
aaaaagvx_s003_t001,broadband,10.0,naive,1,8.058762,0.963783,1.325722
aaaaagyr_s002_t000,broadband,10.0,naive,1,7.375992,0.951453,12.372644
aaaaahie_s005_t001,broadband,10.0,naive,1,9.133646,0.977310,3.682519
aaaaahsv_s002_t000,broadband,10.0,naive,0,1.392069,0.573146,6.456224
aaaaahte_s002_t000,broadband,10.0,naive,1,8.962393,0.975545,4.210863
aaaaahte_s003_t000,broadband,10.0,naive,1,10.091670,0.985110,7.265064
aaaaahuy_s002_t000,broadband,10.0,naive,1,5.340757,0.887323,1.105439
aaaaahzi_s001_t000,broadband,10.0,naive,0,6.973067,0.942402,4.291296
aaaaahzm_s001_t001,broadband,10.0,naive,0,4.039835,0.814705,2.278314
aaaaahzq_s001_t000,broadband,10.0,naive,0,2.704651,0.707387,2.651155
aaaaahzs_s001_t001,broadband,10.0,naive,0,3.523239,0.777204,1.781957
aaaaaiae_s001_t000,broadband,10.0,naive,0,8.003948,0.962916,1.533685
aaaaaibx_s001_t000,broadband,10.0,naive,0,8.419718,0.969023,3.292865
aaaaaiby_s001_t000,broadband,10.0,naive,0,5.252791,0.883322,4.493744
aaaaaici_s001_t000,broadband,10.0,naive,0,4.409382,0.838408,14.457122
aaaaaicn_s001_t000,broadband,10.0,naive,0,6.517437,0.930269,3.361561
aaaaaijh_s002_t000,broadband,10.0,naive,1,8.685080,0.972399,5.720578
aaaaaijn_s001_t001,broadband,10.0,naive,0,2.235766,0.662100,0.768966
aaaaairb_s001_t001,broadband,10.0,naive,0,9.754307,0.982722,3.492422
aaaaairo_s001_t000,broadband,10.0,naive,0,5.401784,0.890027,9.408870
aaaaaitt_s001_t000,broadband,10.0,naive,0,9.038606,0.976346,3.887964
aaaaaiue_s004_t000,broadband,10.0,naive,1,7.096481,0.945331,3.023082
aaaaaiuo_s002_t000,broadband,10.0,naive,0,5.670496,0.901269,4.496647
aaaaaiwz_s001_t001,broadband,10.0,naive,0,2.074397,0.645742,3.131888
aaaaaiyy_s001_t001,broadband,10.0,naive,0,1.143568,0.545715,3.159268
aaaaaizd_s001_t001,broadband,10.0,naive,0,8.798837,0.973734,6.584631
aaaaaizs_s001_t000,broadband,10.0,naive,0,2.943769,0.729058,4.587503
aaaaajae_s001_t001,broadband,10.0,naive,0,6.665179,0.934442,4.015824
aaaaajah_s002_t001,broadband,10.0,naive,1,5.183589,0.880089,2.328946
aaaaajah_s004_t000,broadband,10.0,naive,1,6.569054,0.931754,9.803324
aaaaajal_s001_t001,broadband,10.0,naive,0,-0.618077,0.353011,1.080719
aaaaajam_s001_t000,broadband,10.0,naive,1,4.387644,0.837085,0.379834
aaaaajar_s001_t001,broadband,10.0,naive,0,0.958290,0.525071,5.864291
aaaaajbb_s001_t000,broadband,10.0,naive,0,3.644750,0.786488,2.351961
aaaaajbh_s002_t000,broadband,10.0,naive,0,4.060561,0.816103,0.577902
aaaaajce_s001_t000,broadband,10.0,naive,0,5.996449,0.913523,7.474198
aaaaajci_s001_t000,broadband,10.0,naive,0,9.771290,0.982851,1.218447
aaaaajck_s001_t000,broadband,10.0,naive,0,3.820839,0.799435,5.638729
aaaaajct_s001_t000,broadband,10.0,naive,0,9.176045,0.977727,5.585363
aaaaajcu_s001_t000,broadband,10.0,naive,0,7.907063,0.961334,8.021426
aaaaajda_s001_t000,broadband,10.0,naive,0,6.701550,0.935433,2.936666
aaaaajdb_s001_t000,broadband,10.0,naive,0,9.550251,0.981100,1.150875
aaaaajdv_s001_t000,broadband,10.0,naive,0,6.747985,0.936678,12.278808
aaaaajdy_s001_t000,broadband,10.0,naive,0,6.050054,0.915401,6.440467
aaaaajdz_s001_t000,broadband,10.0,naive,0,6.288070,0.923301,1.325016
aaaaajea_s001_t000,broadband,10.0,naive,0,8.304933,0.967441,1.815835
aaaaajen_s001_t000,broadband,10.0,naive,0,7.858020,0.960509,11.699328
aaaaajey_s001_t000,broadband,10.0,naive,0,1.647227,0.600850,4.020981
aaaaajfb_s001_t000,broadband,10.0,naive,0,7.330042,0.950493,3.606697
aaaaajfe_s001_t000,broadband,10.0,naive,0,5.201249,0.880921,4.073404
aaaaajff_s001_t000,broadband,10.0,naive,0,-1.893477,0.235556,0.927171
aaaaajfi_s001_t001,broadband,10.0,naive,0,3.782996,0.796703,5.747703
aaaaajfn_s001_t001,broadband,10.0,naive,0,2.520338,0.690008,15.387614
aaaaajfy_s001_t000,broadband,10.0,naive,0,1.350932,0.568631,2.613471
aaaaajga_s001_t001,broadband,10.0,naive,0,7.288509,0.949610,2.340222
aaaaajhy_s001_t000,broadband,10.0,naive,0,5.965469,0.912420,0.584296
aaaaajit_s001_t001,broadband,10.0,naive,0,1.099568,0.540824,5.063768
aaaaajiu_s001_t000,broadband,10.0,naive,0,7.760800,0.958824,4.986894
aaaaajiy_s001_t001,broadband,10.0,naive,0,3.989866,0.811302,2.003483
aaaaajiz_s001_t000,broadband,10.0,naive,0,8.980781,0.975740,4.591301
aaaaajjb_s001_t001,broadband,10.0,naive,0,6.001163,0.913689,2.698567
aaaaajje_s001_t000,broadband,10.0,naive,0,7.036009,0.943914,6.341322
aaaaajjk_s001_t000,broadband,10.0,naive,0,7.137111,0.946264,6.902192
aaaaajna_s001_t000,broadband,10.0,naive,0,8.252218,0.966689,5.466177
aaaaajnu_s001_t000,broadband,10.0,naive,0,6.577013,0.931980,6.507418
aaaaajon_s001_t000,broadband,10.0,naive,0,9.031739,0.976275,4.615878
aaaaajoo_s002_t001,broadband,10.0,naive,1,5.494685,0.894035,2.486442
aaaaajpg_s001_t001,broadband,10.0,naive,0,0.154353,0.435416,0.588582
aaaaajqh_s004_t000,broadband,10.0,naive,1,8.723417,0.972856,3.664461
aaaaajqk_s003_t001,broadband,10.0,naive,1,5.946213,0.911728,2.918292
aaaaajrf_s001_t000,broadband,10.0,naive,1,9.077024,0.976740,4.036693
aaaaajrf_s002_t000,broadband,10.0,naive,1,10.433397,0.987196,3.524294
aaaaajrf_s003_t002,broadband,10.0,naive,1,10.405942,0.987040,3.495736
aaaaajrf_s004_t000,broadband,10.0,naive,1,9.225951,0.978209,1.743170
aaaaajso_s001_t000,broadband,10.0,naive,1,8.764904,0.973343,2.832829
aaaaajtg_s001_t000,broadband,10.0,naive,0,8.196377,0.965874,8.599357
aaaaajtu_s001_t000,broadband,10.0,naive,0,9.237324,0.978317,2.399296
aaaaajuh_s001_t000,broadband,10.0,naive,1,6.072699,0.916183,7.205755
aaaaajun_s001_t000,broadband,10.0,naive,0,9.119771,0.977171,4.834347
aaaaajvh_s001_t001,broadband,10.0,naive,0,7.143398,0.946407,2.773597
aaaaajxp_s001_t000,broadband,10.0,naive,0,1.996679,0.637738,2.581079
aaaaakck_s001_t001,broadband,10.0,naive,1,7.233390,0.948415,2.083914
aaaaakcx_s001_t001,broadband,10.0,naive,1,9.827670,0.983272,6.666824
aaaaakcy_s005_t001,broadband,10.0,naive,1,12.374602,0.994594,1.166813
aaaaakdj_s001_t000,broadband,10.0,naive,1,6.889636,0.940339,7.099862
aaaaakdo_s001_t000,broadband,10.0,naive,1,4.475025,0.842353,0.495929
aaaaakeq_s001_t000,broadband,10.0,naive,1,7.370646,0.951342,6.542176
aaaaakeq_s002_t000,broadband,10.0,naive,1,8.719873,0.972814,7.439289
aaaaakeq_s003_t000,broadband,10.0,naive,1,9.403449,0.979841,3.419162
aaaaakev_s001_t001,broadband,10.0,naive,1,10.744991,0.988846,4.277131
aaaaakev_s002_t000,broadband,10.0,naive,1,7.477777,0.953516,6.379654
aaaaakft_s001_t000,broadband,10.0,naive,0,8.360772,0.968220,0.713995
aaaaakgp_s001_t001,broadband,10.0,naive,0,6.351921,0.925303,4.673088
aaaaakgu_s001_t000,broadband,10.0,naive,1,2.060297,0.644296,1.155971
aaaaakjk_s002_t002,broadband,10.0,naive,1,9.362749,0.979478,1.053049
aaaaakjk_s003_t000,broadband,10.0,naive,1,4.757895,0.858461,5.059855
aaaaakka_s001_t001,broadband,10.0,naive,0,3.059794,0.739202,1.820439
aaaaakmg_s003_t001,broadband,10.0,naive,1,8.899274,0.974861,0.823645
aaaaakmh_s001_t000,broadband,10.0,naive,1,7.704955,0.957824,7.906969
aaaaaknt_s001_t000,broadband,10.0,naive,1,4.837832,0.862756,5.021358
aaaaakoo_s001_t001,broadband,10.0,naive,1,10.041762,0.984778,0.961802
aaaaakqg_s001_t001,broadband,10.0,naive,0,3.580750,0.781633,6.701812
aaaaakqr_s001_t000,broadband,10.0,naive,0,3.744728,0.793912,4.424661
aaaaakrt_s001_t001,broadband,10.0,naive,1,9.220710,0.978159,1.246268
aaaaakrt_s002_t001,broadband,10.0,naive,1,6.988094,0.942766,7.621480
aaaaaksb_s001_t000,broadband,10.0,naive,0,5.505785,0.894506,4.442271
aaaaaksu_s001_t001,broadband,10.0,naive,0,4.826762,0.862168,7.897630
aaaaakxz_s001_t001,broadband,10.0,naive,1,6.478316,0.929123,3.968976
aaaaakxz_s002_t001,broadband,10.0,naive,1,9.592573,0.981448,1.854731
aaaaalaf_s001_t000,broadband,10.0,naive,0,-0.276899,0.388651,2.799235
aaaaalau_s001_t000,broadband,10.0,naive,1,9.357435,0.979430,2.518373
aaaaalbh_s001_t000,broadband,10.0,naive,1,8.644866,0.971911,3.549638
aaaaalbt_s001_t001,broadband,10.0,naive,0,2.245916,0.663117,2.589112
aaaaalbt_s002_t000,broadband,10.0,naive,0,8.159992,0.965333,15.904411
aaaaalbz_s006_t000,broadband,10.0,naive,1,8.273869,0.967000,10.014610
aaaaalid_s001_t001,broadband,10.0,naive,0,8.820869,0.973986,3.048638
aaaaaljf_s001_t000,broadband,10.0,naive,1,8.982483,0.975758,1.111573
aaaaaljj_s001_t000,broadband,10.0,naive,0,-0.571318,0.357809,9.124520
aaaaallc_s001_t001,broadband,10.0,naive,0,4.393178,0.837422,4.526164
aaaaalle_s002_t000,broadband,10.0,naive,1,9.383282,0.979662,1.051783
aaaaalox_s001_t001,broadband,10.0,naive,0,8.696886,0.972541,1.080429
aaaaalpv_s001_t000,broadband,10.0,naive,0,8.167222,0.965441,2.116942
aaaaalqa_s001_t000,broadband,10.0,naive,0,0.778355,0.504940,13.524374
aaaaalqr_s001_t001,broadband,10.0,naive,1,9.089304,0.976865,4.109454
aaaaalqs_s001_t001,broadband,10.0,naive,0,1.142081,0.545550,2.313250
aaaaalqx_s001_t000,broadband,10.0,naive,0,8.653437,0.972016,7.377605
aaaaalrc_s002_t000,broadband,10.0,naive,1,16.456215,0.999128,1.737362
aaaaalsq_s001_t000,broadband,10.0,naive,0,9.053806,0.976503,3.043154
aaaaalsx_s001_t000,broadband,10.0,naive,1,5.507562,0.894581,6.853747
aaaaalsx_s004_t001,broadband,10.0,naive,1,5.771945,0.905240,1.553504
aaaaaluz_s001_t001,broadband,10.0,naive,0,-0.495398,0.365662,1.167652
aaaaalvw_s001_t000,broadband,10.0,naive,0,6.908734,0.940817,3.915827
aaaaalvz_s001_t000,broadband,10.0,naive,1,12.009405,0.993639,1.876470
aaaaalxk_s001_t000,broadband,10.0,naive,0,8.942521,0.975331,0.798756
aaaaalyr_s001_t000,broadband,10.0,naive,1,7.764818,0.958895,1.394766
aaaaalzk_s002_t001,broadband,10.0,naive,1,9.779164,0.982911,1.840190
aaaaamcb_s001_t001,broadband,10.0,naive,1,10.544565,0.987811,3.374732
aaaaamfe_s001_t001,broadband,10.0,naive,0,5.055802,0.873915,2.763190
aaaaamft_s001_t001,broadband,10.0,naive,1,8.211445,0.966096,3.128353
aaaaamfu_s001_t000,broadband,10.0,naive,0,5.006053,0.871438,6.214559
aaaaamhi_s001_t000,broadband,10.0,naive,1,9.366503,0.979511,7.921962
aaaaamhk_s001_t000,broadband,10.0,naive,1,6.448319,0.928233,3.699155
aaaaamjc_s001_t001,broadband,10.0,naive,1,10.945117,0.989793,5.000913
aaaaammh_s001_t001,broadband,10.0,naive,1,6.999969,0.943053,2.568409
aaaaamnq_s001_t000,broadband,10.0,naive,1,9.606637,0.981563,6.803485
aaaaamnq_s002_t000,broadband,10.0,naive,1,8.738655,0.973036,1.366349
aaaaamon_s001_t000,broadband,10.0,naive,0,4.833909,0.862548,11.813026
aaaaampz_s001_t000,broadband,10.0,naive,1,10.139164,0.985419,3.103073
aaaaamrj_s001_t000,broadband,10.0,naive,0,7.616373,0.956192,3.611290
aaaaamsc_s001_t000,broadband,10.0,naive,1,7.197219,0.947617,4.555929
aaaaamtb_s001_t000,broadband,10.0,naive,0,8.976265,0.975692,2.001586
aaaaamuc_s001_t000,broadband,10.0,naive,0,5.120309,0.877065,2.734521
aaaaamxn_s001_t000,broadband,10.0,naive,1,6.227316,0.921351,1.285829
aaaaamyb_s001_t001,broadband,10.0,naive,0,10.166904,0.985596,1.118310
aaaaamye_s001_t000,broadband,10.0,naive,1,12.845492,0.995618,1.929510
aaaaamzi_s001_t001,broadband,10.0,naive,1,10.004029,0.984523,2.825827
aaaaamzl_s001_t000,broadband,10.0,naive,0,5.322150,0.886487,7.990978
aaaaamzx_s001_t000,broadband,10.0,naive,0,1.067025,0.537201,11.001747
aaaaanbq_s001_t000,broadband,10.0,naive,0,5.861645,0.908631,2.106185
aaaaanek_s001_t000,broadband,10.0,naive,0,-2.660608,0.179333,5.666847
aaaaangp_s001_t000,broadband,10.0,naive,0,4.016991,0.813155,1.658977
aaaaanhb_s001_t003,broadband,10.0,naive,1,9.219539,0.978148,5.121109
aaaaanhb_s003_t001,broadband,10.0,naive,1,8.935327,0.975254,1.538024
aaaaanhb_s005_t000,broadband,10.0,naive,1,9.470696,0.980428,0.920860
aaaaankf_s001_t000,broadband,10.0,naive,1,10.188019,0.985730,1.644910
aaaaanlp_s001_t000,broadband,10.0,naive,0,5.904933,0.910228,7.050679
aaaaanmc_s001_t000,broadband,10.0,naive,1,7.742402,0.958497,8.821993
aaaaanop_s001_t000,broadband,10.0,naive,0,8.386091,0.968567,1.141423
aaaaanoz_s001_t000,broadband,10.0,naive,1,6.762067,0.937051,7.557535
aaaaanpr_s001_t002,broadband,10.0,naive,1,5.601031,0.898465,3.905330
aaaaanqe_s001_t000,broadband,10.0,naive,0,5.578008,0.897520,7.623558
aaaaanro_s001_t000,broadband,10.0,naive,1,9.539984,0.981014,1.790494
aaaaansj_s001_t000,broadband,10.0,naive,1,8.843613,0.974242,2.035161
aaaaanta_s001_t000,broadband,10.0,naive,1,8.924391,0.975135,10.262144
aaaaanum_s001_t000,broadband,10.0,naive,0,2.601510,0.697732,1.102207
aaaaanvb_s002_t000,broadband,10.0,naive,0,5.710977,0.902871,1.228341
aaaaanvg_s001_t002,broadband,10.0,naive,0,5.576571,0.897461,2.132946
aaaaanvw_s001_t000,broadband,10.0,naive,0,3.068186,0.739926,7.241321
aaaaanwc_s001_t001,broadband,10.0,naive,1,6.875547,0.939984,10.506109
aaaaanxl_s001_t000,broadband,10.0,naive,1,9.458706,0.980324,15.941453
aaaaanyb_s001_t001,broadband,10.0,naive,0,5.193203,0.880543,9.883079
aaaaanyt_s002_t000,broadband,10.0,naive,1,15.454359,0.998634,13.959182
aaaaanyw_s001_t000,broadband,10.0,naive,1,9.183566,0.977800,1.508188
aaaaanyw_s002_t000,broadband,10.0,naive,1,2.779215,0.714253,21.899708
aaaaanzh_s001_t000,broadband,10.0,naive,1,7.560890,0.955139,7.533264
aaaaanzu_s001_t003,broadband,10.0,naive,1,7.333614,0.950568,1.708405
aaaaaoav_s001_t000,broadband,10.0,naive,0,2.001111,0.638196,5.974347
aaaaaoav_s002_t000,broadband,10.0,naive,0,3.713361,0.791604,5.945992
aaaaaobi_s001_t000,broadband,10.0,naive,1,8.105470,0.964506,14.868914
aaaaaobl_s001_t000,broadband,10.0,naive,0,9.157393,0.977544,4.622763
aaaaaoby_s001_t000,broadband,10.0,naive,0,5.678726,0.901596,10.647439
aaaaaoda_s001_t000,broadband,10.0,naive,1,8.453785,0.969478,13.658445
aaaaaoeg_s001_t000,broadband,10.0,naive,0,4.400825,0.837888,4.764931
aaaaaofj_s001_t000,broadband,10.0,naive,0,5.860363,0.908583,6.834493
aaaaaofr_s001_t000,broadband,10.0,naive,0,6.661694,0.934346,1.682689
aaaaaofz_s001_t000,broadband,10.0,naive,0,5.988531,0.913242,2.867467
aaaaaohb_s001_t000,broadband,10.0,naive,1,7.734704,0.958360,3.199935
aaaaaohr_s002_t001,broadband,10.0,naive,1,7.584291,0.955586,2.238362
aaaaaoiq_s001_t000,broadband,10.0,naive,1,3.240358,0.754493,1.645067
aaaaaoiv_s001_t000,broadband,10.0,naive,1,-0.186574,0.398308,1.151356
aaaaaoiv_s002_t001,broadband,10.0,naive,1,12.829676,0.995586,1.878687
aaaaaoiv_s003_t003,broadband,10.0,naive,1,12.641774,0.995201,1.579087
aaaaaojd_s001_t002,broadband,10.0,naive,0,3.618071,0.784474,2.503474
aaaaaokg_s001_t000,broadband,10.0,naive,0,9.600630,0.981514,2.676525
aaaaaoly_s001_t000,broadband,10.0,naive,0,8.192791,0.965821,12.013299
aaaaaome_s001_t000,broadband,10.0,naive,0,6.499320,0.929740,0.973140
aaaaaomx_s001_t000,broadband,10.0,naive,0,8.053654,0.963703,2.693779
aaaaaomy_s001_t000,broadband,10.0,naive,1,9.030682,0.976264,1.987103
aaaaaonb_s001_t000,broadband,10.0,naive,0,4.684758,0.854433,12.112614
aaaaaons_s002_t002,broadband,10.0,naive,1,9.320553,0.979094,1.655573
aaaaaopd_s001_t000,broadband,10.0,naive,0,8.743406,0.973092,2.143780
aaaaaopo_s001_t000,broadband,10.0,naive,0,1.209302,0.553005,7.031965
aaaaaora_s002_t000,broadband,10.0,naive,1,7.311911,0.950109,1.954559
aaaaaord_s001_t000,broadband,10.0,naive,1,5.471987,0.893068,3.753250
aaaaaosh_s001_t000,broadband,10.0,naive,1,6.023454,0.914474,3.315132
aaaaaosw_s001_t000,broadband,10.0,naive,0,8.124707,0.964800,8.519426
aaaaaote_s001_t000,broadband,10.0,naive,0,6.072226,0.916167,2.615096
aaaaaout_s001_t000,broadband,10.0,naive,1,5.137101,0.877873,10.017938
aaaaaovl_s001_t000,broadband,10.0,naive,1,10.921771,0.989686,1.649031
aaaaaovo_s001_t000,broadband,10.0,naive,1,11.719153,0.992762,3.089085
aaaaaowb_s001_t000,broadband,10.0,naive,0,6.690205,0.935125,7.651803
aaaaaoxf_s001_t000,broadband,10.0,naive,0,2.684548,0.705519,1.973279
aaaaaozf_s001_t001,broadband,10.0,naive,0,6.266055,0.922600,9.643648
aaaaapag_s001_t000,broadband,10.0,naive,0,2.067967,0.645083,18.470077
aaaaapar_s001_t000,broadband,10.0,naive,1,13.349912,0.996501,1.686663
aaaaapcb_s001_t000,broadband,10.0,naive,0,6.845871,0.939230,0.676506
aaaaapcy_s001_t002,broadband,10.0,naive,0,1.423510,0.576588,5.689600
aaaaapdg_s001_t000,broadband,10.0,naive,0,8.215743,0.966159,2.218694
aaaaaphs_s001_t000,broadband,10.0,naive,1,7.874928,0.960796,12.578260
aaaaaphw_s001_t000,broadband,10.0,naive,0,7.556224,0.955049,5.183040
aaaaapij_s001_t000,broadband,10.0,naive,0,5.451247,0.892178,1.997613
aaaaapjc_s001_t001,broadband,10.0,naive,0,7.458290,0.953128,0.907876
aaaaapka_s001_t000,broadband,10.0,naive,0,3.312340,0.760417,4.127199
aaaaapkx_s001_t001,broadband,10.0,naive,1,6.093559,0.916898,3.564836
aaaaaply_s001_t001,broadband,10.0,naive,1,9.471668,0.980436,1.082497
aaaaapmb_s002_t001,broadband,10.0,naive,1,5.796770,0.906190,1.668309
aaaaapmp_s001_t000,broadband,10.0,naive,1,5.689843,0.902037,12.070014
aaaaapnr_s001_t000,broadband,10.0,naive,1,7.623457,0.956325,9.543034
aaaaapoc_s001_t000,broadband,10.0,naive,1,6.757863,0.936940,2.176509
aaaaapof_s001_t000,broadband,10.0,naive,0,7.671357,0.957212,13.368037
aaaaapoo_s001_t000,broadband,10.0,naive,0,7.902197,0.961253,6.962095
aaaaapoq_s001_t000,broadband,10.0,naive,0,8.288889,0.967214,9.371702
aaaaappb_s001_t000,broadband,10.0,naive,0,8.044867,0.963565,11.973378
aaaaapqd_s001_t000,broadband,10.0,naive,1,8.358003,0.968182,14.090543
aaaaapqv_s001_t000,broadband,10.0,naive,0,8.404760,0.968821,9.444447
aaaaapta_s001_t000,broadband,10.0,naive,1,9.813135,0.983164,1.596308
aaaaapth_s001_t000,broadband,10.0,naive,1,7.933976,0.961780,1.345073
aaaaapua_s001_t001,broadband,10.0,naive,0,-2.378493,0.198693,5.291803
aaaaapuu_s001_t000,broadband,10.0,naive,0,7.507982,0.954112,11.112534
aaaaapvw_s001_t001,broadband,10.0,naive,1,8.247953,0.966628,3.405032
aaaaapvy_s001_t000,broadband,10.0,naive,1,7.418906,0.952333,15.032391
aaaaapwn_s001_t001,broadband,10.0,naive,0,3.419270,0.769035,9.592660
aaaaapwo_s001_t001,broadband,10.0,naive,1,12.455184,0.994785,5.228353
aaaaapxm_s001_t001,broadband,10.0,naive,0,2.019926,0.640140,1.483340
aaaaapys_s001_t001,broadband,10.0,naive,1,13.201725,0.996262,1.501596
aaaaapys_s002_t001,broadband,10.0,naive,1,10.587903,0.988042,2.891801
aaaaaayx_s002_t000,broadband,20.0,canonicalized,0,1.630278,0.599027,8.186345
aaaaabdo_s003_t000,broadband,20.0,canonicalized,1,9.810437,0.983144,2.714487
aaaaabsk_s007_t000,broadband,20.0,canonicalized,1,3.523539,0.777227,6.033500
aaaaabuv_s002_t000,broadband,20.0,canonicalized,1,2.127139,0.651129,3.290326
aaaaacad_s003_t000,broadband,20.0,canonicalized,0,3.291305,0.758696,3.974493
aaaaacby_s004_t000,broadband,20.0,canonicalized,0,3.354129,0.763811,1.004653
aaaaaddm_s006_t000,broadband,20.0,canonicalized,1,7.713681,0.957982,12.774383
aaaaadeu_s002_t000,broadband,20.0,canonicalized,1,5.926825,0.911027,1.431293
aaaaadjk_s002_t000,broadband,20.0,canonicalized,0,4.290557,0.831066,2.002060
aaaaadkb_s002_t000,broadband,20.0,canonicalized,1,9.139665,0.977369,19.091657
aaaaadsm_s002_t001,broadband,20.0,canonicalized,0,-1.364732,0.280834,5.028326
aaaaaeab_s003_t000,broadband,20.0,canonicalized,0,0.173007,0.437471,3.727178
aaaaaejc_s003_t001,broadband,20.0,canonicalized,0,1.270311,0.559751,8.020029
aaaaaezn_s003_t001,broadband,20.0,canonicalized,1,0.389270,0.461440,12.600487
aaaaafhl_s003_t000,broadband,20.0,canonicalized,1,3.297503,0.759204,3.460301
aaaaagfk_s003_t000,broadband,20.0,canonicalized,0,1.360982,0.569735,12.703829
aaaaagsc_s003_t001,broadband,20.0,canonicalized,1,4.885821,0.865282,7.430170
aaaaagsc_s006_t001,broadband,20.0,canonicalized,1,-0.475744,0.367707,1.830414
aaaaaguk_s002_t001,broadband,20.0,canonicalized,0,-3.897020,0.111573,4.402800
aaaaagvx_s002_t000,broadband,20.0,canonicalized,1,1.005144,0.530303,6.354196
aaaaagvx_s003_t001,broadband,20.0,canonicalized,1,4.583068,0.848674,1.405625
aaaaagyr_s002_t000,broadband,20.0,canonicalized,1,6.420418,0.927396,12.055806
aaaaahie_s005_t001,broadband,20.0,canonicalized,1,7.485073,0.953661,1.222881
aaaaahsv_s002_t000,broadband,20.0,canonicalized,0,-1.253625,0.290996,7.737457
aaaaahte_s002_t000,broadband,20.0,canonicalized,1,8.531839,0.970495,4.645250
aaaaahte_s003_t000,broadband,20.0,canonicalized,1,7.981862,0.962561,4.712971
aaaaahuy_s002_t000,broadband,20.0,canonicalized,1,1.950791,0.632975,0.886464
aaaaahzi_s001_t000,broadband,20.0,canonicalized,0,4.829399,0.862308,2.575935
aaaaahzm_s001_t001,broadband,20.0,canonicalized,0,2.254598,0.663985,1.726695
aaaaahzq_s001_t000,broadband,20.0,canonicalized,0,-2.319950,0.202901,1.146422
aaaaahzs_s001_t001,broadband,20.0,canonicalized,0,0.963777,0.525684,2.179846
aaaaaiae_s001_t000,broadband,20.0,canonicalized,0,6.610140,0.932915,7.309051
aaaaaibx_s001_t000,broadband,20.0,canonicalized,0,2.371864,0.675603,4.257515
aaaaaiby_s001_t000,broadband,20.0,canonicalized,0,1.569314,0.592450,8.602592
aaaaaici_s001_t000,broadband,20.0,canonicalized,0,-0.503690,0.364801,21.251335
aaaaaicn_s001_t000,broadband,20.0,canonicalized,0,2.049566,0.643193,1.638027
aaaaaijh_s002_t000,broadband,20.0,canonicalized,1,5.126403,0.877359,15.773149
aaaaaijn_s001_t001,broadband,20.0,canonicalized,0,-0.599609,0.354902,3.121876
aaaaairb_s001_t001,broadband,20.0,canonicalized,0,5.415458,0.890626,2.666518
aaaaairo_s001_t000,broadband,20.0,canonicalized,0,0.561192,0.480628,17.067313
aaaaaitt_s001_t000,broadband,20.0,canonicalized,0,5.110900,0.876609,3.943544
aaaaaiue_s004_t000,broadband,20.0,canonicalized,1,3.131563,0.745353,5.794934
aaaaaiuo_s002_t000,broadband,20.0,canonicalized,0,2.243335,0.662859,7.309297
aaaaaiwz_s001_t001,broadband,20.0,canonicalized,0,-0.781111,0.336514,3.199151
aaaaaiyy_s001_t001,broadband,20.0,canonicalized,0,-0.836945,0.330952,5.695626
aaaaaizd_s001_t001,broadband,20.0,canonicalized,0,6.038425,0.914997,8.875419
aaaaaizs_s001_t000,broadband,20.0,canonicalized,0,0.779771,0.505098,6.490919
aaaaajae_s001_t001,broadband,20.0,canonicalized,0,3.624613,0.784969,1.641789
aaaaajah_s002_t001,broadband,20.0,canonicalized,1,1.219548,0.554139,6.229831
aaaaajah_s004_t000,broadband,20.0,canonicalized,1,4.711846,0.855935,17.966161
aaaaajal_s001_t001,broadband,20.0,canonicalized,0,-3.584291,0.126234,0.739929
aaaaajam_s001_t000,broadband,20.0,canonicalized,1,1.386300,0.572514,1.550993
aaaaajar_s001_t001,broadband,20.0,canonicalized,0,-1.678866,0.253306,7.901520
aaaaajbb_s001_t000,broadband,20.0,canonicalized,0,0.966902,0.526033,3.516713
aaaaajbh_s002_t000,broadband,20.0,canonicalized,0,1.698015,0.606294,6.081674
aaaaajce_s001_t000,broadband,20.0,canonicalized,0,4.074426,0.817033,4.520874
aaaaajci_s001_t000,broadband,20.0,canonicalized,0,5.866067,0.908796,10.235611
aaaaajck_s001_t000,broadband,20.0,canonicalized,0,-0.839058,0.330742,3.237054
aaaaajct_s001_t000,broadband,20.0,canonicalized,0,7.908751,0.961362,2.638073
aaaaajcu_s001_t000,broadband,20.0,canonicalized,0,5.706845,0.902708,3.769127
aaaaajda_s001_t000,broadband,20.0,canonicalized,0,2.478500,0.685984,5.744117
aaaaajdb_s001_t000,broadband,20.0,canonicalized,0,7.738582,0.958429,5.126128
aaaaajdv_s001_t000,broadband,20.0,canonicalized,0,6.012021,0.914072,7.342506
aaaaajdy_s001_t000,broadband,20.0,canonicalized,0,0.849780,0.512936,4.987547
aaaaajdz_s001_t000,broadband,20.0,canonicalized,0,3.405425,0.767931,2.815657
aaaaajea_s001_t000,broadband,20.0,canonicalized,0,4.929206,0.867532,7.609942
aaaaajen_s001_t000,broadband,20.0,canonicalized,0,6.552003,0.931267,9.209883
aaaaajey_s001_t000,broadband,20.0,canonicalized,0,-1.595248,0.260456,6.464133
aaaaajfb_s001_t000,broadband,20.0,canonicalized,0,3.971130,0.810014,7.943018
aaaaajfe_s001_t000,broadband,20.0,canonicalized,0,1.543889,0.589697,0.660223
aaaaajff_s001_t000,broadband,20.0,canonicalized,0,-3.495646,0.130680,1.136150
aaaaajfi_s001_t001,broadband,20.0,canonicalized,0,-0.905397,0.324197,2.772023
aaaaajfn_s001_t001,broadband,20.0,canonicalized,0,-3.340755,0.138767,11.324695
aaaaajfy_s001_t000,broadband,20.0,canonicalized,0,-3.744477,0.118529,1.279187
aaaaajga_s001_t001,broadband,20.0,canonicalized,0,3.395282,0.767121,7.724735
aaaaajhy_s001_t000,broadband,20.0,canonicalized,0,-1.099763,0.305419,6.490651
aaaaajit_s001_t001,broadband,20.0,canonicalized,0,-1.412281,0.276552,7.117868
aaaaajiu_s001_t000,broadband,20.0,canonicalized,0,4.985625,0.870410,12.324692
aaaaajiy_s001_t001,broadband,20.0,canonicalized,0,0.338707,0.455816,5.222222
aaaaajiz_s001_t000,broadband,20.0,canonicalized,0,7.713118,0.957972,10.331445
aaaaajjb_s001_t001,broadband,20.0,canonicalized,0,2.536947,0.691597,3.316525
aaaaajje_s001_t000,broadband,20.0,canonicalized,0,1.691144,0.605559,15.290059
aaaaajjk_s001_t000,broadband,20.0,canonicalized,0,5.165834,0.879247,3.544881
aaaaajna_s001_t000,broadband,20.0,canonicalized,0,4.368135,0.835889,2.674681
aaaaajnu_s001_t000,broadband,20.0,canonicalized,0,-0.681008,0.346599,4.978890
aaaaajon_s001_t000,broadband,20.0,canonicalized,0,5.703890,0.902592,11.689815
aaaaajoo_s002_t001,broadband,20.0,canonicalized,1,0.259272,0.447003,9.004882
aaaaajpg_s001_t001,broadband,20.0,canonicalized,0,-3.129107,0.150491,3.186254
aaaaajqh_s004_t000,broadband,20.0,canonicalized,1,9.740878,0.982620,3.856045
aaaaajqk_s003_t001,broadband,20.0,canonicalized,1,6.656985,0.934217,4.540552
aaaaajrf_s001_t000,broadband,20.0,canonicalized,1,10.696130,0.988602,3.891702
aaaaajrf_s002_t000,broadband,20.0,canonicalized,1,12.429983,0.994726,4.831196
aaaaajrf_s003_t002,broadband,20.0,canonicalized,1,13.368129,0.996529,8.609909
aaaaajrf_s004_t000,broadband,20.0,canonicalized,1,7.885749,0.960978,1.851799
aaaaajso_s001_t000,broadband,20.0,canonicalized,1,8.492076,0.969981,12.411573
aaaaajtg_s001_t000,broadband,20.0,canonicalized,0,7.421981,0.952396,12.919585
aaaaajtu_s001_t000,broadband,20.0,canonicalized,0,8.468890,0.969677,8.749958
aaaaajuh_s001_t000,broadband,20.0,canonicalized,1,7.632740,0.956498,10.380638
aaaaajun_s001_t000,broadband,20.0,canonicalized,0,8.087748,0.964233,3.475959
aaaaajvh_s001_t001,broadband,20.0,canonicalized,0,2.170811,0.655560,8.185190
aaaaajxp_s001_t000,broadband,20.0,canonicalized,0,1.808624,0.618058,2.045139
aaaaakck_s001_t001,broadband,20.0,canonicalized,1,5.040186,0.873142,6.958694
aaaaakcx_s001_t001,broadband,20.0,canonicalized,1,7.062156,0.944531,12.504998
aaaaakcy_s005_t001,broadband,20.0,canonicalized,1,11.724783,0.992780,2.255929
aaaaakdj_s001_t000,broadband,20.0,canonicalized,1,2.792227,0.715441,0.966845
aaaaakdo_s001_t000,broadband,20.0,canonicalized,1,1.894538,0.627101,5.950468
aaaaakeq_s001_t000,broadband,20.0,canonicalized,1,5.487404,0.893726,3.178468
aaaaakeq_s002_t000,broadband,20.0,canonicalized,1,6.530794,0.930656,21.797931
aaaaakeq_s003_t000,broadband,20.0,canonicalized,1,6.138988,0.918436,9.262561
aaaaakev_s001_t001,broadband,20.0,canonicalized,1,12.447779,0.994767,12.178299
aaaaakev_s002_t000,broadband,20.0,canonicalized,1,8.013420,0.963067,10.936948
aaaaakft_s001_t000,broadband,20.0,canonicalized,0,6.006248,0.913869,6.857664
aaaaakgp_s001_t001,broadband,20.0,canonicalized,0,1.535961,0.588837,4.836703
aaaaakgu_s001_t000,broadband,20.0,canonicalized,1,-0.970798,0.317811,1.467082
aaaaakjk_s002_t002,broadband,20.0,canonicalized,1,9.686434,0.982199,6.736385
aaaaakjk_s003_t000,broadband,20.0,canonicalized,1,2.405660,0.678913,3.228092
aaaaakka_s001_t001,broadband,20.0,canonicalized,0,0.238733,0.444730,3.680007
aaaaakmg_s003_t001,broadband,20.0,canonicalized,1,8.679772,0.972335,3.884112
aaaaakmh_s001_t000,broadband,20.0,canonicalized,1,6.630060,0.933471,9.656314
aaaaaknt_s001_t000,broadband,20.0,canonicalized,1,3.198236,0.750980,5.964361
aaaaakoo_s001_t001,broadband,20.0,canonicalized,1,11.371695,0.991553,5.749085
aaaaakqg_s001_t001,broadband,20.0,canonicalized,0,1.734814,0.610222,6.904814
aaaaakqr_s001_t000,broadband,20.0,canonicalized,0,0.211170,0.441683,5.309543
aaaaakrt_s001_t001,broadband,20.0,canonicalized,1,8.695468,0.972524,3.027234
aaaaakrt_s002_t001,broadband,20.0,canonicalized,1,5.907306,0.910315,9.248347
aaaaaksb_s001_t000,broadband,20.0,canonicalized,0,-1.418419,0.276002,8.193006
aaaaaksu_s001_t001,broadband,20.0,canonicalized,0,1.210920,0.553184,3.536995
aaaaakxz_s001_t001,broadband,20.0,canonicalized,1,4.306633,0.832074,1.768254
aaaaakxz_s002_t001,broadband,20.0,canonicalized,1,10.783276,0.989034,2.800193
aaaaalaf_s001_t000,broadband,20.0,canonicalized,0,-1.197967,0.296167,3.217608
aaaaalau_s001_t000,broadband,20.0,canonicalized,1,6.524603,0.930477,2.008150
aaaaalbh_s001_t000,broadband,20.0,canonicalized,1,6.602668,0.932705,6.415782
aaaaalbt_s001_t001,broadband,20.0,canonicalized,0,-1.090926,0.306260,5.780173
aaaaalbt_s002_t000,broadband,20.0,canonicalized,0,6.103136,0.917225,24.419285
aaaaalbz_s006_t000,broadband,20.0,canonicalized,1,7.919086,0.961534,18.540358
aaaaalid_s001_t001,broadband,20.0,canonicalized,0,5.717404,0.903123,5.636377
aaaaaljf_s001_t000,broadband,20.0,canonicalized,1,8.829809,0.974087,2.939556
aaaaaljj_s001_t000,broadband,20.0,canonicalized,0,-3.997891,0.107172,9.535603
aaaaallc_s001_t001,broadband,20.0,canonicalized,0,1.491467,0.584003,5.039075
aaaaalle_s002_t000,broadband,20.0,canonicalized,1,7.783796,0.959228,4.192358
aaaaalox_s001_t001,broadband,20.0,canonicalized,0,6.358779,0.925515,9.756177
aaaaalpv_s001_t000,broadband,20.0,canonicalized,0,5.789167,0.905900,2.709464
aaaaalqa_s001_t000,broadband,20.0,canonicalized,0,-0.143902,0.402898,5.411348
aaaaalqr_s001_t001,broadband,20.0,canonicalized,1,8.443411,0.969340,7.066593
aaaaalqs_s001_t001,broadband,20.0,canonicalized,0,-0.696956,0.344982,2.178923
aaaaalqx_s001_t000,broadband,20.0,canonicalized,0,7.396381,0.951873,4.357890
aaaaalrc_s002_t000,broadband,20.0,canonicalized,1,18.350189,0.999626,2.015900
aaaaalsq_s001_t000,broadband,20.0,canonicalized,0,5.307769,0.885837,3.608686
aaaaalsx_s001_t000,broadband,20.0,canonicalized,1,1.326277,0.565920,3.114340
aaaaalsx_s004_t001,broadband,20.0,canonicalized,1,4.309987,0.832284,1.595944
aaaaaluz_s001_t001,broadband,20.0,canonicalized,0,-2.511051,0.189407,3.136847
aaaaalvw_s001_t000,broadband,20.0,canonicalized,0,3.140370,0.746101,2.320345
aaaaalvz_s001_t000,broadband,20.0,canonicalized,1,13.238912,0.996323,2.582065
aaaaalxk_s001_t000,broadband,20.0,canonicalized,0,7.439045,0.952741,2.638966
aaaaalyr_s001_t000,broadband,20.0,canonicalized,1,4.520825,0.845058,2.459462
aaaaalzk_s002_t001,broadband,20.0,canonicalized,1,10.017486,0.984614,12.277008
aaaaamcb_s001_t001,broadband,20.0,canonicalized,1,11.122068,0.990563,15.837097
aaaaamfe_s001_t001,broadband,20.0,canonicalized,0,-0.342040,0.381740,2.009979
aaaaamft_s001_t001,broadband,20.0,canonicalized,1,6.679866,0.934844,3.516921
aaaaamfu_s001_t000,broadband,20.0,canonicalized,0,2.121892,0.650595,1.479345
aaaaamhi_s001_t000,broadband,20.0,canonicalized,1,8.388361,0.968598,15.976298
aaaaamhk_s001_t000,broadband,20.0,canonicalized,1,4.402228,0.837974,1.900638
aaaaamjc_s001_t001,broadband,20.0,canonicalized,1,9.139854,0.977371,6.305342
aaaaammh_s001_t001,broadband,20.0,canonicalized,1,4.888290,0.865411,4.491500
aaaaamnq_s001_t000,broadband,20.0,canonicalized,1,9.113214,0.977106,9.937015
aaaaamnq_s002_t000,broadband,20.0,canonicalized,1,7.194961,0.947566,4.414116
aaaaamon_s001_t000,broadband,20.0,canonicalized,0,0.731996,0.499748,11.948522
aaaaampz_s001_t000,broadband,20.0,canonicalized,1,6.174560,0.919622,20.275084
aaaaamrj_s001_t000,broadband,20.0,canonicalized,0,4.453463,0.841066,2.208645
aaaaamsc_s001_t000,broadband,20.0,canonicalized,1,6.094282,0.916923,0.485603
aaaaamtb_s001_t000,broadband,20.0,canonicalized,0,7.066617,0.944635,7.278366
aaaaamuc_s001_t000,broadband,20.0,canonicalized,0,1.363437,0.570005,2.654115
aaaaamxn_s001_t000,broadband,20.0,canonicalized,1,0.827655,0.510460,2.655638
aaaaamyb_s001_t001,broadband,20.0,canonicalized,0,8.018272,0.963144,8.446708
aaaaamye_s001_t000,broadband,20.0,canonicalized,1,14.955983,0.998293,10.849609
aaaaamzi_s001_t001,broadband,20.0,canonicalized,1,10.040144,0.984767,10.600185
aaaaamzl_s001_t000,broadband,20.0,canonicalized,0,-0.426263,0.372875,3.679151
aaaaamzx_s001_t000,broadband,20.0,canonicalized,0,-2.318401,0.203014,2.818597
aaaaanbq_s001_t000,broadband,20.0,canonicalized,0,0.559689,0.480460,2.147828
aaaaanek_s001_t000,broadband,20.0,canonicalized,0,-4.211809,0.098341,2.046191
aaaaangp_s001_t000,broadband,20.0,canonicalized,0,1.595955,0.595328,1.950720
aaaaanhb_s001_t003,broadband,20.0,canonicalized,1,7.800522,0.959520,5.691642
aaaaanhb_s003_t001,broadband,20.0,canonicalized,1,8.013333,0.963065,1.787900
aaaaanhb_s005_t000,broadband,20.0,canonicalized,1,9.284190,0.978758,3.691472
aaaaankf_s001_t000,broadband,20.0,canonicalized,1,8.689517,0.972452,4.204172
aaaaanlp_s001_t000,broadband,20.0,canonicalized,0,2.544231,0.692292,9.470963
aaaaanmc_s001_t000,broadband,20.0,canonicalized,1,6.069484,0.916073,16.084737
aaaaanop_s001_t000,broadband,20.0,canonicalized,0,5.730744,0.903645,6.065483
aaaaanoz_s001_t000,broadband,20.0,canonicalized,1,0.495838,0.473324,10.992810
aaaaanpr_s001_t002,broadband,20.0,canonicalized,1,4.258502,0.829040,7.319987
aaaaanqe_s001_t000,broadband,20.0,canonicalized,0,1.642884,0.600383,2.580596
aaaaanro_s001_t000,broadband,20.0,canonicalized,1,4.596737,0.849459,2.179114
aaaaansj_s001_t000,broadband,20.0,canonicalized,1,8.412350,0.968923,4.796392
aaaaanta_s001_t000,broadband,20.0,canonicalized,1,8.652559,0.972005,6.837485
aaaaanum_s001_t000,broadband,20.0,canonicalized,0,0.769823,0.503984,3.005759
aaaaanvb_s002_t000,broadband,20.0,canonicalized,0,1.393469,0.573299,2.818565
aaaaanvg_s001_t002,broadband,20.0,canonicalized,0,5.397322,0.889832,3.311295
aaaaanvw_s001_t000,broadband,20.0,canonicalized,0,-2.870223,0.165927,10.550891
aaaaanwc_s001_t001,broadband,20.0,canonicalized,1,7.034544,0.943879,17.879318
aaaaanxl_s001_t000,broadband,20.0,canonicalized,1,9.965443,0.984257,16.370679
aaaaanyb_s001_t001,broadband,20.0,canonicalized,0,2.401725,0.678528,3.502919
aaaaanyt_s002_t000,broadband,20.0,canonicalized,1,12.206270,0.994173,23.296907
aaaaanyw_s001_t000,broadband,20.0,canonicalized,1,6.256332,0.922288,4.181828
aaaaanyw_s002_t000,broadband,20.0,canonicalized,1,0.816589,0.509221,12.471537
aaaaanzh_s001_t000,broadband,20.0,canonicalized,1,5.874542,0.909110,8.273838
aaaaanzu_s001_t003,broadband,20.0,canonicalized,1,3.122495,0.744581,1.762855
aaaaaoav_s001_t000,broadband,20.0,canonicalized,0,-1.021211,0.312935,4.418513
aaaaaoav_s002_t000,broadband,20.0,canonicalized,0,1.887876,0.626403,5.030205
aaaaaobi_s001_t000,broadband,20.0,canonicalized,1,8.353351,0.968118,10.001323
aaaaaobl_s001_t000,broadband,20.0,canonicalized,0,7.697087,0.957682,7.647256
aaaaaoby_s001_t000,broadband,20.0,canonicalized,0,2.656006,0.702855,16.154001
aaaaaoda_s001_t000,broadband,20.0,canonicalized,1,9.641798,0.981846,6.869067
aaaaaoeg_s001_t000,broadband,20.0,canonicalized,0,-0.565268,0.358433,4.235275
aaaaaofj_s001_t000,broadband,20.0,canonicalized,0,1.019059,0.531855,3.966165
aaaaaofr_s001_t000,broadband,20.0,canonicalized,0,3.814419,0.798974,1.654461
aaaaaofz_s001_t000,broadband,20.0,canonicalized,0,0.589932,0.483842,7.249260
aaaaaohb_s001_t000,broadband,20.0,canonicalized,1,7.703178,0.957792,3.154895
aaaaaohr_s002_t001,broadband,20.0,canonicalized,1,7.597938,0.955845,5.731257
aaaaaoiq_s001_t000,broadband,20.0,canonicalized,1,2.250455,0.663571,4.121701
aaaaaoiv_s001_t000,broadband,20.0,canonicalized,1,-2.606198,0.182949,1.706449
aaaaaoiv_s002_t001,broadband,20.0,canonicalized,1,12.899796,0.995722,4.920723
aaaaaoiv_s003_t003,broadband,20.0,canonicalized,1,10.185841,0.985716,3.342601
aaaaaojd_s001_t002,broadband,20.0,canonicalized,0,1.519713,0.587074,2.764382
aaaaaokg_s001_t000,broadband,20.0,canonicalized,0,8.506168,0.970164,11.672610
aaaaaoly_s001_t000,broadband,20.0,canonicalized,0,6.883959,0.940196,15.789504
aaaaaome_s001_t000,broadband,20.0,canonicalized,0,3.623008,0.784848,2.270520
aaaaaomx_s001_t000,broadband,20.0,canonicalized,0,4.920414,0.867078,3.591242
aaaaaomy_s001_t000,broadband,20.0,canonicalized,1,9.200869,0.977968,7.946900
aaaaaonb_s001_t000,broadband,20.0,canonicalized,0,1.976391,0.635635,15.595099
aaaaaons_s002_t002,broadband,20.0,canonicalized,1,7.898607,0.961193,2.581686
aaaaaopd_s001_t000,broadband,20.0,canonicalized,0,4.626318,0.851146,6.504848
aaaaaopo_s001_t000,broadband,20.0,canonicalized,0,-1.195869,0.296363,2.330468
aaaaaora_s002_t000,broadband,20.0,canonicalized,1,2.570347,0.694779,1.954789
aaaaaord_s001_t000,broadband,20.0,canonicalized,1,2.288962,0.667411,8.698217
aaaaaosh_s001_t000,broadband,20.0,canonicalized,1,2.987409,0.732902,1.271558
aaaaaosw_s001_t000,broadband,20.0,canonicalized,0,4.308404,0.832185,12.445704
aaaaaote_s001_t000,broadband,20.0,canonicalized,0,3.072584,0.740305,0.825565
aaaaaout_s001_t000,broadband,20.0,canonicalized,1,4.002639,0.812176,7.920109
aaaaaovl_s001_t000,broadband,20.0,canonicalized,1,12.045849,0.993741,1.164950
aaaaaovo_s001_t000,broadband,20.0,canonicalized,1,9.542200,0.981033,8.372516
aaaaaowb_s001_t000,broadband,20.0,canonicalized,0,2.237313,0.662255,10.195733
aaaaaoxf_s001_t000,broadband,20.0,canonicalized,0,-2.459423,0.192983,2.122045
aaaaaozf_s001_t001,broadband,20.0,canonicalized,0,4.705861,0.855605,20.202678
aaaaapag_s001_t000,broadband,20.0,canonicalized,0,-1.412711,0.276513,27.536909
aaaaapar_s001_t000,broadband,20.0,canonicalized,1,16.738544,0.999231,3.291332
aaaaapcb_s001_t000,broadband,20.0,canonicalized,0,5.622118,0.899323,0.978425
aaaaapcy_s001_t002,broadband,20.0,canonicalized,0,-2.532543,0.187933,2.577825
aaaaapdg_s001_t000,broadband,20.0,canonicalized,0,1.886763,0.626286,12.607213
aaaaaphs_s001_t000,broadband,20.0,canonicalized,1,9.135269,0.977326,8.975010
aaaaaphw_s001_t000,broadband,20.0,canonicalized,0,2.658508,0.703090,7.361250
aaaaapij_s001_t000,broadband,20.0,canonicalized,0,0.763786,0.503308,3.333918
aaaaapjc_s001_t001,broadband,20.0,canonicalized,0,3.318784,0.760942,1.705830
aaaaapka_s001_t000,broadband,20.0,canonicalized,0,-1.243454,0.291937,3.383384
aaaaapkx_s001_t001,broadband,20.0,canonicalized,1,-0.260389,0.390410,8.391600
aaaaaply_s001_t001,broadband,20.0,canonicalized,1,7.891919,0.961081,3.420271
aaaaapmb_s002_t001,broadband,20.0,canonicalized,1,5.533572,0.895674,1.405030
aaaaapmp_s001_t000,broadband,20.0,canonicalized,1,4.964502,0.869338,9.831519
aaaaapnr_s001_t000,broadband,20.0,canonicalized,1,3.852392,0.801692,11.525018
aaaaapoc_s001_t000,broadband,20.0,canonicalized,1,7.608845,0.956050,3.466316
aaaaapof_s001_t000,broadband,20.0,canonicalized,0,3.549232,0.779214,8.544406
aaaaapoo_s001_t000,broadband,20.0,canonicalized,0,4.852922,0.863555,10.455832
aaaaapoq_s001_t000,broadband,20.0,canonicalized,0,6.591837,0.932400,10.982357
aaaaappb_s001_t000,broadband,20.0,canonicalized,0,6.312382,0.924069,13.076568
aaaaapqd_s001_t000,broadband,20.0,canonicalized,1,7.840628,0.960213,10.013729
aaaaapqv_s001_t000,broadband,20.0,canonicalized,0,6.812806,0.938379,15.138612
aaaaapta_s001_t000,broadband,20.0,canonicalized,1,8.444163,0.969350,9.100797
aaaaapth_s001_t000,broadband,20.0,canonicalized,1,3.950255,0.808570,1.574470
aaaaapua_s001_t001,broadband,20.0,canonicalized,0,-7.579855,0.023553,4.848541
aaaaapuu_s001_t000,broadband,20.0,canonicalized,0,5.559185,0.896742,10.893892
aaaaapvw_s001_t001,broadband,20.0,canonicalized,1,7.658778,0.956981,4.572679
aaaaapvy_s001_t000,broadband,20.0,canonicalized,1,5.704748,0.902626,12.757198
aaaaapwn_s001_t001,broadband,20.0,canonicalized,0,1.230511,0.555353,14.786200
aaaaapwo_s001_t001,broadband,20.0,canonicalized,1,11.550141,0.992197,2.198849
aaaaapxm_s001_t001,broadband,20.0,canonicalized,0,-1.920019,0.233421,4.729108
aaaaapys_s001_t001,broadband,20.0,canonicalized,1,13.017376,0.995941,3.538964
aaaaapys_s002_t001,broadband,20.0,canonicalized,1,9.113304,0.977107,4.511312
aaaaaayx_s002_t000,broadband,20.0,naive,0,1.630278,0.599027,8.186345
aaaaabdo_s003_t000,broadband,20.0,naive,1,9.810437,0.983144,2.714487
aaaaabsk_s007_t000,broadband,20.0,naive,1,3.523539,0.777227,6.033500
aaaaabuv_s002_t000,broadband,20.0,naive,1,2.127139,0.651129,3.290326
aaaaacad_s003_t000,broadband,20.0,naive,0,3.291305,0.758696,3.974493
aaaaacby_s004_t000,broadband,20.0,naive,0,3.354129,0.763811,1.004653
aaaaaddm_s006_t000,broadband,20.0,naive,1,7.713681,0.957982,12.774383
aaaaadeu_s002_t000,broadband,20.0,naive,1,5.926825,0.911027,1.431293
aaaaadjk_s002_t000,broadband,20.0,naive,0,4.290557,0.831066,2.002060
aaaaadkb_s002_t000,broadband,20.0,naive,1,9.139665,0.977369,19.091657
aaaaadsm_s002_t001,broadband,20.0,naive,0,-1.364732,0.280834,5.028326
aaaaaeab_s003_t000,broadband,20.0,naive,0,0.173007,0.437471,3.727178
aaaaaejc_s003_t001,broadband,20.0,naive,0,1.270311,0.559751,8.020029
aaaaaezn_s003_t001,broadband,20.0,naive,1,0.389270,0.461440,12.600487
aaaaafhl_s003_t000,broadband,20.0,naive,1,3.297503,0.759204,3.460301
aaaaagfk_s003_t000,broadband,20.0,naive,0,1.360982,0.569735,12.703829
aaaaagsc_s003_t001,broadband,20.0,naive,1,4.885821,0.865282,7.430170
aaaaagsc_s006_t001,broadband,20.0,naive,1,-0.475744,0.367707,1.830414
aaaaaguk_s002_t001,broadband,20.0,naive,0,-3.897020,0.111573,4.402800
aaaaagvx_s002_t000,broadband,20.0,naive,1,1.005144,0.530303,6.354196
aaaaagvx_s003_t001,broadband,20.0,naive,1,4.583068,0.848674,1.405625
aaaaagyr_s002_t000,broadband,20.0,naive,1,6.420418,0.927396,12.055806
aaaaahie_s005_t001,broadband,20.0,naive,1,7.485073,0.953661,1.222881
aaaaahsv_s002_t000,broadband,20.0,naive,0,-1.253625,0.290996,7.737457
aaaaahte_s002_t000,broadband,20.0,naive,1,8.531839,0.970495,4.645250
aaaaahte_s003_t000,broadband,20.0,naive,1,7.981862,0.962561,4.712971
aaaaahuy_s002_t000,broadband,20.0,naive,1,1.950791,0.632975,0.886464
aaaaahzi_s001_t000,broadband,20.0,naive,0,4.829399,0.862308,2.575935
aaaaahzm_s001_t001,broadband,20.0,naive,0,2.254598,0.663985,1.726695
aaaaahzq_s001_t000,broadband,20.0,naive,0,-2.319950,0.202901,1.146422
aaaaahzs_s001_t001,broadband,20.0,naive,0,0.963777,0.525684,2.179846
aaaaaiae_s001_t000,broadband,20.0,naive,0,6.610140,0.932915,7.309051
aaaaaibx_s001_t000,broadband,20.0,naive,0,2.371864,0.675603,4.257515
aaaaaiby_s001_t000,broadband,20.0,naive,0,1.569314,0.592450,8.602592
aaaaaici_s001_t000,broadband,20.0,naive,0,-0.503690,0.364801,21.251335
aaaaaicn_s001_t000,broadband,20.0,naive,0,2.049566,0.643193,1.638027
aaaaaijh_s002_t000,broadband,20.0,naive,1,5.126403,0.877359,15.773149
aaaaaijn_s001_t001,broadband,20.0,naive,0,-0.599609,0.354902,3.121876
aaaaairb_s001_t001,broadband,20.0,naive,0,5.415458,0.890626,2.666518
aaaaairo_s001_t000,broadband,20.0,naive,0,0.561192,0.480628,17.067313
aaaaaitt_s001_t000,broadband,20.0,naive,0,5.110900,0.876609,3.943544
aaaaaiue_s004_t000,broadband,20.0,naive,1,3.131563,0.745353,5.794934
aaaaaiuo_s002_t000,broadband,20.0,naive,0,2.243335,0.662859,7.309297
aaaaaiwz_s001_t001,broadband,20.0,naive,0,-0.781111,0.336514,3.199151
aaaaaiyy_s001_t001,broadband,20.0,naive,0,-0.836945,0.330952,5.695626
aaaaaizd_s001_t001,broadband,20.0,naive,0,6.038425,0.914997,8.875419
aaaaaizs_s001_t000,broadband,20.0,naive,0,0.779771,0.505098,6.490919
aaaaajae_s001_t001,broadband,20.0,naive,0,3.624613,0.784969,1.641789
aaaaajah_s002_t001,broadband,20.0,naive,1,1.219548,0.554139,6.229831
aaaaajah_s004_t000,broadband,20.0,naive,1,4.711846,0.855935,17.966161
aaaaajal_s001_t001,broadband,20.0,naive,0,-3.584291,0.126234,0.739929
aaaaajam_s001_t000,broadband,20.0,naive,1,1.386300,0.572514,1.550993
aaaaajar_s001_t001,broadband,20.0,naive,0,-1.678866,0.253306,7.901520
aaaaajbb_s001_t000,broadband,20.0,naive,0,0.966902,0.526033,3.516713
aaaaajbh_s002_t000,broadband,20.0,naive,0,1.698015,0.606294,6.081674
aaaaajce_s001_t000,broadband,20.0,naive,0,4.074426,0.817033,4.520874
aaaaajci_s001_t000,broadband,20.0,naive,0,5.866067,0.908796,10.235611
aaaaajck_s001_t000,broadband,20.0,naive,0,-0.839058,0.330742,3.237054
aaaaajct_s001_t000,broadband,20.0,naive,0,7.908751,0.961362,2.638073
aaaaajcu_s001_t000,broadband,20.0,naive,0,5.706845,0.902708,3.769127
aaaaajda_s001_t000,broadband,20.0,naive,0,2.478500,0.685984,5.744117
aaaaajdb_s001_t000,broadband,20.0,naive,0,7.738582,0.958429,5.126128
aaaaajdv_s001_t000,broadband,20.0,naive,0,6.012021,0.914072,7.342506
aaaaajdy_s001_t000,broadband,20.0,naive,0,0.849780,0.512936,4.987547
aaaaajdz_s001_t000,broadband,20.0,naive,0,3.405425,0.767931,2.815657
aaaaajea_s001_t000,broadband,20.0,naive,0,4.929206,0.867532,7.609942
aaaaajen_s001_t000,broadband,20.0,naive,0,6.552003,0.931267,9.209883
aaaaajey_s001_t000,broadband,20.0,naive,0,-1.595248,0.260456,6.464133
aaaaajfb_s001_t000,broadband,20.0,naive,0,3.971130,0.810014,7.943018
aaaaajfe_s001_t000,broadband,20.0,naive,0,1.543889,0.589697,0.660223
aaaaajff_s001_t000,broadband,20.0,naive,0,-3.495646,0.130680,1.136150
aaaaajfi_s001_t001,broadband,20.0,naive,0,-0.905397,0.324197,2.772023
aaaaajfn_s001_t001,broadband,20.0,naive,0,-3.340755,0.138767,11.324695
aaaaajfy_s001_t000,broadband,20.0,naive,0,-3.744477,0.118529,1.279187
aaaaajga_s001_t001,broadband,20.0,naive,0,3.395282,0.767121,7.724735
aaaaajhy_s001_t000,broadband,20.0,naive,0,-1.099763,0.305419,6.490651
aaaaajit_s001_t001,broadband,20.0,naive,0,-1.412281,0.276552,7.117868
aaaaajiu_s001_t000,broadband,20.0,naive,0,4.985625,0.870410,12.324692
aaaaajiy_s001_t001,broadband,20.0,naive,0,0.338707,0.455816,5.222222
aaaaajiz_s001_t000,broadband,20.0,naive,0,7.713118,0.957972,10.331445
aaaaajjb_s001_t001,broadband,20.0,naive,0,2.536947,0.691597,3.316525
aaaaajje_s001_t000,broadband,20.0,naive,0,1.691144,0.605559,15.290059
aaaaajjk_s001_t000,broadband,20.0,naive,0,5.165834,0.879247,3.544881
aaaaajna_s001_t000,broadband,20.0,naive,0,4.368135,0.835889,2.674681
aaaaajnu_s001_t000,broadband,20.0,naive,0,-0.681008,0.346599,4.978890
aaaaajon_s001_t000,broadband,20.0,naive,0,5.703890,0.902592,11.689815
aaaaajoo_s002_t001,broadband,20.0,naive,1,0.259272,0.447003,9.004882
aaaaajpg_s001_t001,broadband,20.0,naive,0,-3.129107,0.150491,3.186254
aaaaajqh_s004_t000,broadband,20.0,naive,1,9.740878,0.982620,3.856045
aaaaajqk_s003_t001,broadband,20.0,naive,1,6.656985,0.934217,4.540552
aaaaajrf_s001_t000,broadband,20.0,naive,1,10.696130,0.988602,3.891702
aaaaajrf_s002_t000,broadband,20.0,naive,1,12.429983,0.994726,4.831196
aaaaajrf_s003_t002,broadband,20.0,naive,1,13.368129,0.996529,8.609909
aaaaajrf_s004_t000,broadband,20.0,naive,1,7.885749,0.960978,1.851799
aaaaajso_s001_t000,broadband,20.0,naive,1,8.492076,0.969981,12.411573
aaaaajtg_s001_t000,broadband,20.0,naive,0,7.421981,0.952396,12.919585
aaaaajtu_s001_t000,broadband,20.0,naive,0,8.468890,0.969677,8.749958
aaaaajuh_s001_t000,broadband,20.0,naive,1,7.632740,0.956498,10.380638
aaaaajun_s001_t000,broadband,20.0,naive,0,8.087748,0.964233,3.475959
aaaaajvh_s001_t001,broadband,20.0,naive,0,2.170811,0.655560,8.185190
aaaaajxp_s001_t000,broadband,20.0,naive,0,1.808624,0.618058,2.045139
aaaaakck_s001_t001,broadband,20.0,naive,1,5.040186,0.873142,6.958694
aaaaakcx_s001_t001,broadband,20.0,naive,1,7.062156,0.944531,12.504998
aaaaakcy_s005_t001,broadband,20.0,naive,1,11.724783,0.992780,2.255929
aaaaakdj_s001_t000,broadband,20.0,naive,1,2.792227,0.715441,0.966845
aaaaakdo_s001_t000,broadband,20.0,naive,1,1.894538,0.627101,5.950468
aaaaakeq_s001_t000,broadband,20.0,naive,1,5.487404,0.893726,3.178468
aaaaakeq_s002_t000,broadband,20.0,naive,1,6.530794,0.930656,21.797931
aaaaakeq_s003_t000,broadband,20.0,naive,1,6.138988,0.918436,9.262561
aaaaakev_s001_t001,broadband,20.0,naive,1,12.447779,0.994767,12.178299
aaaaakev_s002_t000,broadband,20.0,naive,1,8.013420,0.963067,10.936948
aaaaakft_s001_t000,broadband,20.0,naive,0,6.006248,0.913869,6.857664
aaaaakgp_s001_t001,broadband,20.0,naive,0,1.535961,0.588837,4.836703
aaaaakgu_s001_t000,broadband,20.0,naive,1,-0.970798,0.317811,1.467082
aaaaakjk_s002_t002,broadband,20.0,naive,1,9.686434,0.982199,6.736385
aaaaakjk_s003_t000,broadband,20.0,naive,1,2.405660,0.678913,3.228092
aaaaakka_s001_t001,broadband,20.0,naive,0,0.238733,0.444730,3.680007
aaaaakmg_s003_t001,broadband,20.0,naive,1,8.679772,0.972335,3.884112
aaaaakmh_s001_t000,broadband,20.0,naive,1,6.630060,0.933471,9.656314
aaaaaknt_s001_t000,broadband,20.0,naive,1,3.198236,0.750980,5.964361
aaaaakoo_s001_t001,broadband,20.0,naive,1,11.371695,0.991553,5.749085
aaaaakqg_s001_t001,broadband,20.0,naive,0,1.734814,0.610222,6.904814
aaaaakqr_s001_t000,broadband,20.0,naive,0,0.211170,0.441683,5.309543
aaaaakrt_s001_t001,broadband,20.0,naive,1,8.695468,0.972524,3.027234
aaaaakrt_s002_t001,broadband,20.0,naive,1,5.907306,0.910315,9.248347
aaaaaksb_s001_t000,broadband,20.0,naive,0,-1.418419,0.276002,8.193006
aaaaaksu_s001_t001,broadband,20.0,naive,0,1.210920,0.553184,3.536995
aaaaakxz_s001_t001,broadband,20.0,naive,1,4.306633,0.832074,1.768254
aaaaakxz_s002_t001,broadband,20.0,naive,1,10.783276,0.989034,2.800193
aaaaalaf_s001_t000,broadband,20.0,naive,0,-1.197967,0.296167,3.217608
aaaaalau_s001_t000,broadband,20.0,naive,1,6.524603,0.930477,2.008150
aaaaalbh_s001_t000,broadband,20.0,naive,1,6.602668,0.932705,6.415782
aaaaalbt_s001_t001,broadband,20.0,naive,0,-1.090926,0.306260,5.780173
aaaaalbt_s002_t000,broadband,20.0,naive,0,6.103136,0.917225,24.419285
aaaaalbz_s006_t000,broadband,20.0,naive,1,7.919086,0.961534,18.540358
aaaaalid_s001_t001,broadband,20.0,naive,0,5.717404,0.903123,5.636377
aaaaaljf_s001_t000,broadband,20.0,naive,1,8.829809,0.974087,2.939556
aaaaaljj_s001_t000,broadband,20.0,naive,0,-3.997891,0.107172,9.535603
aaaaallc_s001_t001,broadband,20.0,naive,0,1.491467,0.584003,5.039075
aaaaalle_s002_t000,broadband,20.0,naive,1,7.783796,0.959228,4.192358
aaaaalox_s001_t001,broadband,20.0,naive,0,6.358779,0.925515,9.756177
aaaaalpv_s001_t000,broadband,20.0,naive,0,5.789167,0.905900,2.709464
aaaaalqa_s001_t000,broadband,20.0,naive,0,-0.143902,0.402898,5.411348
aaaaalqr_s001_t001,broadband,20.0,naive,1,8.443411,0.969340,7.066593
aaaaalqs_s001_t001,broadband,20.0,naive,0,-0.696956,0.344982,2.178923
aaaaalqx_s001_t000,broadband,20.0,naive,0,7.396381,0.951873,4.357890
aaaaalrc_s002_t000,broadband,20.0,naive,1,18.350189,0.999626,2.015900
aaaaalsq_s001_t000,broadband,20.0,naive,0,5.307769,0.885837,3.608686
aaaaalsx_s001_t000,broadband,20.0,naive,1,1.326277,0.565920,3.114340
aaaaalsx_s004_t001,broadband,20.0,naive,1,4.309987,0.832284,1.595944
aaaaaluz_s001_t001,broadband,20.0,naive,0,-2.511051,0.189407,3.136847
aaaaalvw_s001_t000,broadband,20.0,naive,0,3.140370,0.746101,2.320345
aaaaalvz_s001_t000,broadband,20.0,naive,1,13.238912,0.996323,2.582065
aaaaalxk_s001_t000,broadband,20.0,naive,0,7.439045,0.952741,2.638966
aaaaalyr_s001_t000,broadband,20.0,naive,1,4.520825,0.845058,2.459462
aaaaalzk_s002_t001,broadband,20.0,naive,1,10.017486,0.984614,12.277008
aaaaamcb_s001_t001,broadband,20.0,naive,1,11.122068,0.990563,15.837097
aaaaamfe_s001_t001,broadband,20.0,naive,0,-0.342040,0.381740,2.009979
aaaaamft_s001_t001,broadband,20.0,naive,1,6.679866,0.934844,3.516921
aaaaamfu_s001_t000,broadband,20.0,naive,0,2.121892,0.650595,1.479345
aaaaamhi_s001_t000,broadband,20.0,naive,1,8.388361,0.968598,15.976298
aaaaamhk_s001_t000,broadband,20.0,naive,1,4.402228,0.837974,1.900638
aaaaamjc_s001_t001,broadband,20.0,naive,1,9.139854,0.977371,6.305342
aaaaammh_s001_t001,broadband,20.0,naive,1,4.888290,0.865411,4.491500
aaaaamnq_s001_t000,broadband,20.0,naive,1,9.113214,0.977106,9.937015
aaaaamnq_s002_t000,broadband,20.0,naive,1,7.194961,0.947566,4.414116
aaaaamon_s001_t000,broadband,20.0,naive,0,0.731996,0.499748,11.948522
aaaaampz_s001_t000,broadband,20.0,naive,1,6.174560,0.919622,20.275084
aaaaamrj_s001_t000,broadband,20.0,naive,0,4.453463,0.841066,2.208645
aaaaamsc_s001_t000,broadband,20.0,naive,1,6.094282,0.916923,0.485603
aaaaamtb_s001_t000,broadband,20.0,naive,0,7.066617,0.944635,7.278366
aaaaamuc_s001_t000,broadband,20.0,naive,0,1.363437,0.570005,2.654115
aaaaamxn_s001_t000,broadband,20.0,naive,1,0.827655,0.510460,2.655638
aaaaamyb_s001_t001,broadband,20.0,naive,0,8.018272,0.963144,8.446708
aaaaamye_s001_t000,broadband,20.0,naive,1,14.955983,0.998293,10.849609
aaaaamzi_s001_t001,broadband,20.0,naive,1,10.040144,0.984767,10.600185
aaaaamzl_s001_t000,broadband,20.0,naive,0,-0.426263,0.372875,3.679151
aaaaamzx_s001_t000,broadband,20.0,naive,0,-2.318401,0.203014,2.818597
aaaaanbq_s001_t000,broadband,20.0,naive,0,0.559689,0.480460,2.147828
aaaaanek_s001_t000,broadband,20.0,naive,0,-4.211809,0.098341,2.046191
aaaaangp_s001_t000,broadband,20.0,naive,0,1.595955,0.595328,1.950720
aaaaanhb_s001_t003,broadband,20.0,naive,1,7.800522,0.959520,5.691642
aaaaanhb_s003_t001,broadband,20.0,naive,1,8.013333,0.963065,1.787900
aaaaanhb_s005_t000,broadband,20.0,naive,1,9.284190,0.978758,3.691472
aaaaankf_s001_t000,broadband,20.0,naive,1,8.689517,0.972452,4.204172
aaaaanlp_s001_t000,broadband,20.0,naive,0,2.544231,0.692292,9.470963
aaaaanmc_s001_t000,broadband,20.0,naive,1,6.069484,0.916073,16.084737
aaaaanop_s001_t000,broadband,20.0,naive,0,5.730744,0.903645,6.065483
aaaaanoz_s001_t000,broadband,20.0,naive,1,0.495838,0.473324,10.992810
aaaaanpr_s001_t002,broadband,20.0,naive,1,4.258502,0.829040,7.319987
aaaaanqe_s001_t000,broadband,20.0,naive,0,1.642884,0.600383,2.580596
aaaaanro_s001_t000,broadband,20.0,naive,1,4.596737,0.849459,2.179114
aaaaansj_s001_t000,broadband,20.0,naive,1,8.412350,0.968923,4.796392
aaaaanta_s001_t000,broadband,20.0,naive,1,8.652559,0.972005,6.837485
aaaaanum_s001_t000,broadband,20.0,naive,0,0.769823,0.503984,3.005759
aaaaanvb_s002_t000,broadband,20.0,naive,0,1.393469,0.573299,2.818565
aaaaanvg_s001_t002,broadband,20.0,naive,0,5.397322,0.889832,3.311295
aaaaanvw_s001_t000,broadband,20.0,naive,0,-2.870223,0.165927,10.550891
aaaaanwc_s001_t001,broadband,20.0,naive,1,7.034544,0.943879,17.879318
aaaaanxl_s001_t000,broadband,20.0,naive,1,9.965443,0.984257,16.370679
aaaaanyb_s001_t001,broadband,20.0,naive,0,2.401725,0.678528,3.502919
aaaaanyt_s002_t000,broadband,20.0,naive,1,12.206270,0.994173,23.296907
aaaaanyw_s001_t000,broadband,20.0,naive,1,6.256332,0.922288,4.181828
aaaaanyw_s002_t000,broadband,20.0,naive,1,0.816589,0.509221,12.471537
aaaaanzh_s001_t000,broadband,20.0,naive,1,5.874542,0.909110,8.273838
aaaaanzu_s001_t003,broadband,20.0,naive,1,3.122495,0.744581,1.762855
aaaaaoav_s001_t000,broadband,20.0,naive,0,-1.021211,0.312935,4.418513
aaaaaoav_s002_t000,broadband,20.0,naive,0,1.887876,0.626403,5.030205
aaaaaobi_s001_t000,broadband,20.0,naive,1,8.353351,0.968118,10.001323
aaaaaobl_s001_t000,broadband,20.0,naive,0,7.697087,0.957682,7.647256
aaaaaoby_s001_t000,broadband,20.0,naive,0,2.656006,0.702855,16.154001
aaaaaoda_s001_t000,broadband,20.0,naive,1,9.641798,0.981846,6.869067
aaaaaoeg_s001_t000,broadband,20.0,naive,0,-0.565268,0.358433,4.235275
aaaaaofj_s001_t000,broadband,20.0,naive,0,1.019059,0.531855,3.966165
aaaaaofr_s001_t000,broadband,20.0,naive,0,3.814419,0.798974,1.654461
aaaaaofz_s001_t000,broadband,20.0,naive,0,0.589932,0.483842,7.249260
aaaaaohb_s001_t000,broadband,20.0,naive,1,7.703178,0.957792,3.154895
aaaaaohr_s002_t001,broadband,20.0,naive,1,7.597938,0.955845,5.731257
aaaaaoiq_s001_t000,broadband,20.0,naive,1,2.250455,0.663571,4.121701
aaaaaoiv_s001_t000,broadband,20.0,naive,1,-2.606198,0.182949,1.706449
aaaaaoiv_s002_t001,broadband,20.0,naive,1,12.899796,0.995722,4.920723
aaaaaoiv_s003_t003,broadband,20.0,naive,1,10.185841,0.985716,3.342601
aaaaaojd_s001_t002,broadband,20.0,naive,0,1.519713,0.587074,2.764382
aaaaaokg_s001_t000,broadband,20.0,naive,0,8.506168,0.970164,11.672610
aaaaaoly_s001_t000,broadband,20.0,naive,0,6.883959,0.940196,15.789504
aaaaaome_s001_t000,broadband,20.0,naive,0,3.623008,0.784848,2.270520
aaaaaomx_s001_t000,broadband,20.0,naive,0,4.920414,0.867078,3.591242
aaaaaomy_s001_t000,broadband,20.0,naive,1,9.200869,0.977968,7.946900
aaaaaonb_s001_t000,broadband,20.0,naive,0,1.976391,0.635635,15.595099
aaaaaons_s002_t002,broadband,20.0,naive,1,7.898607,0.961193,2.581686
aaaaaopd_s001_t000,broadband,20.0,naive,0,4.626318,0.851146,6.504848
aaaaaopo_s001_t000,broadband,20.0,naive,0,-1.195869,0.296363,2.330468
aaaaaora_s002_t000,broadband,20.0,naive,1,2.570347,0.694779,1.954789
aaaaaord_s001_t000,broadband,20.0,naive,1,2.288962,0.667411,8.698217
aaaaaosh_s001_t000,broadband,20.0,naive,1,2.987409,0.732902,1.271558
aaaaaosw_s001_t000,broadband,20.0,naive,0,4.308404,0.832185,12.445704
aaaaaote_s001_t000,broadband,20.0,naive,0,3.072584,0.740305,0.825565
aaaaaout_s001_t000,broadband,20.0,naive,1,4.002639,0.812176,7.920109
aaaaaovl_s001_t000,broadband,20.0,naive,1,12.045849,0.993741,1.164950
aaaaaovo_s001_t000,broadband,20.0,naive,1,9.542200,0.981033,8.372516
aaaaaowb_s001_t000,broadband,20.0,naive,0,2.237313,0.662255,10.195733
aaaaaoxf_s001_t000,broadband,20.0,naive,0,-2.459423,0.192983,2.122045
aaaaaozf_s001_t001,broadband,20.0,naive,0,4.705861,0.855605,20.202678
aaaaapag_s001_t000,broadband,20.0,naive,0,-1.412711,0.276513,27.536909
aaaaapar_s001_t000,broadband,20.0,naive,1,16.738544,0.999231,3.291332
aaaaapcb_s001_t000,broadband,20.0,naive,0,5.622118,0.899323,0.978425
aaaaapcy_s001_t002,broadband,20.0,naive,0,-2.532543,0.187933,2.577825
aaaaapdg_s001_t000,broadband,20.0,naive,0,1.886763,0.626286,12.607213
aaaaaphs_s001_t000,broadband,20.0,naive,1,9.135269,0.977326,8.975010
aaaaaphw_s001_t000,broadband,20.0,naive,0,2.658508,0.703090,7.361250
aaaaapij_s001_t000,broadband,20.0,naive,0,0.763786,0.503308,3.333918
aaaaapjc_s001_t001,broadband,20.0,naive,0,3.318784,0.760942,1.705830
aaaaapka_s001_t000,broadband,20.0,naive,0,-1.243454,0.291937,3.383384
aaaaapkx_s001_t001,broadband,20.0,naive,1,-0.260389,0.390410,8.391600
aaaaaply_s001_t001,broadband,20.0,naive,1,7.891919,0.961081,3.420271
aaaaapmb_s002_t001,broadband,20.0,naive,1,5.533572,0.895674,1.405030
aaaaapmp_s001_t000,broadband,20.0,naive,1,4.964502,0.869338,9.831519
aaaaapnr_s001_t000,broadband,20.0,naive,1,3.852392,0.801692,11.525018
aaaaapoc_s001_t000,broadband,20.0,naive,1,7.608845,0.956050,3.466316
aaaaapof_s001_t000,broadband,20.0,naive,0,3.549232,0.779214,8.544406
aaaaapoo_s001_t000,broadband,20.0,naive,0,4.852922,0.863555,10.455832
aaaaapoq_s001_t000,broadband,20.0,naive,0,6.591837,0.932400,10.982357
aaaaappb_s001_t000,broadband,20.0,naive,0,6.312382,0.924069,13.076568
aaaaapqd_s001_t000,broadband,20.0,naive,1,7.840628,0.960213,10.013729
aaaaapqv_s001_t000,broadband,20.0,naive,0,6.812806,0.938379,15.138612
aaaaapta_s001_t000,broadband,20.0,naive,1,8.444163,0.969350,9.100797
aaaaapth_s001_t000,broadband,20.0,naive,1,3.950255,0.808570,1.574470
aaaaapua_s001_t001,broadband,20.0,naive,0,-7.579855,0.023553,4.848541
aaaaapuu_s001_t000,broadband,20.0,naive,0,5.559185,0.896742,10.893892
aaaaapvw_s001_t001,broadband,20.0,naive,1,7.658778,0.956981,4.572679
aaaaapvy_s001_t000,broadband,20.0,naive,1,5.704748,0.902626,12.757198
aaaaapwn_s001_t001,broadband,20.0,naive,0,1.230511,0.555353,14.786200
aaaaapwo_s001_t001,broadband,20.0,naive,1,11.550141,0.992197,2.198849
aaaaapxm_s001_t001,broadband,20.0,naive,0,-1.920019,0.233421,4.729108
aaaaapys_s001_t001,broadband,20.0,naive,1,13.017376,0.995941,3.538964
aaaaapys_s002_t001,broadband,20.0,naive,1,9.113304,0.977107,4.511312
aaaaaayx_s002_t000,broadband,5.0,canonicalized,0,5.390965,0.889552,23.093162
aaaaabdo_s003_t000,broadband,5.0,canonicalized,1,8.020849,0.963185,1.638246
aaaaabsk_s007_t000,broadband,5.0,canonicalized,1,7.124976,0.945987,5.206757
aaaaabuv_s002_t000,broadband,5.0,canonicalized,1,6.417013,0.927293,4.273789
aaaaacad_s003_t000,broadband,5.0,canonicalized,0,7.850326,0.960378,1.492225
aaaaacby_s004_t000,broadband,5.0,canonicalized,0,8.407374,0.968856,0.977705
aaaaaddm_s006_t000,broadband,5.0,canonicalized,1,8.930730,0.975204,6.177493
aaaaadeu_s002_t000,broadband,5.0,canonicalized,1,8.468926,0.969678,1.436894
aaaaadjk_s002_t000,broadband,5.0,canonicalized,0,8.511869,0.970238,2.340101
aaaaadkb_s002_t000,broadband,5.0,canonicalized,1,10.386592,0.986929,2.563058
aaaaadsm_s002_t001,broadband,5.0,canonicalized,0,5.334323,0.887034,1.383377
aaaaaeab_s003_t000,broadband,5.0,canonicalized,0,4.430814,0.839705,0.478141
aaaaaejc_s003_t001,broadband,5.0,canonicalized,0,3.499307,0.775342,2.571111
aaaaaezn_s003_t001,broadband,5.0,canonicalized,1,6.677442,0.934778,2.541114
aaaaafhl_s003_t000,broadband,5.0,canonicalized,1,6.819476,0.938551,3.029322
aaaaagfk_s003_t000,broadband,5.0,canonicalized,0,6.293377,0.923469,11.862639
aaaaagsc_s003_t001,broadband,5.0,canonicalized,1,8.432600,0.969195,1.501708
aaaaagsc_s006_t001,broadband,5.0,canonicalized,1,5.322418,0.886499,2.375449
aaaaaguk_s002_t001,broadband,5.0,canonicalized,0,3.952650,0.808736,2.979488
aaaaagvx_s002_t000,broadband,5.0,canonicalized,1,5.347210,0.887611,1.804729
aaaaagvx_s003_t001,broadband,5.0,canonicalized,1,8.906537,0.974941,1.865673
aaaaagyr_s002_t000,broadband,5.0,canonicalized,1,8.204101,0.965988,19.275868
aaaaahie_s005_t001,broadband,5.0,canonicalized,1,9.105843,0.977032,0.501841
aaaaahsv_s002_t000,broadband,5.0,canonicalized,0,5.209385,0.881303,5.054798
aaaaahte_s002_t000,broadband,5.0,canonicalized,1,9.136867,0.977342,1.762626
aaaaahte_s003_t000,broadband,5.0,canonicalized,1,9.415150,0.979944,1.661129
aaaaahuy_s002_t000,broadband,5.0,canonicalized,1,6.359043,0.925523,1.220026
aaaaahzi_s001_t000,broadband,5.0,canonicalized,0,8.035054,0.963410,6.041802
aaaaahzm_s001_t001,broadband,5.0,canonicalized,0,6.374399,0.925996,1.393535
aaaaahzq_s001_t000,broadband,5.0,canonicalized,0,5.968533,0.912530,2.961471
aaaaahzs_s001_t001,broadband,5.0,canonicalized,0,5.102250,0.876190,1.475688
aaaaaiae_s001_t000,broadband,5.0,canonicalized,0,9.363803,0.979487,1.248850
aaaaaibx_s001_t000,broadband,5.0,canonicalized,0,9.357804,0.979433,0.702307
aaaaaiby_s001_t000,broadband,5.0,canonicalized,0,6.844951,0.939206,2.551724
aaaaaici_s001_t000,broadband,5.0,canonicalized,0,6.667134,0.934496,5.929929
aaaaaicn_s001_t000,broadband,5.0,canonicalized,0,8.872879,0.974569,2.272198
aaaaaijh_s002_t000,broadband,5.0,canonicalized,1,8.423859,0.969078,1.299376
aaaaaijn_s001_t001,broadband,5.0,canonicalized,0,4.909843,0.866532,2.696903
aaaaairb_s001_t001,broadband,5.0,canonicalized,0,9.411402,0.979911,1.092309
aaaaairo_s001_t000,broadband,5.0,canonicalized,0,7.115472,0.945769,2.653148
aaaaaitt_s001_t000,broadband,5.0,canonicalized,0,9.424177,0.980024,2.975795
aaaaaiue_s004_t000,broadband,5.0,canonicalized,1,8.374827,0.968413,0.194524
aaaaaiuo_s002_t000,broadband,5.0,canonicalized,0,7.752175,0.958671,2.710064
aaaaaiwz_s001_t001,broadband,5.0,canonicalized,0,3.758722,0.794936,1.661541
aaaaaiyy_s001_t001,broadband,5.0,canonicalized,0,3.669000,0.788306,2.622542
aaaaaizd_s001_t001,broadband,5.0,canonicalized,0,9.326411,0.979148,6.744582
aaaaaizs_s001_t000,broadband,5.0,canonicalized,0,5.903085,0.910161,3.987133
aaaaajae_s001_t001,broadband,5.0,canonicalized,0,8.843781,0.974244,2.987322
aaaaajah_s002_t001,broadband,5.0,canonicalized,1,6.816518,0.938475,0.606751
aaaaajah_s004_t000,broadband,5.0,canonicalized,1,7.795927,0.959440,8.234877
aaaaajal_s001_t001,broadband,5.0,canonicalized,0,2.340777,0.672544,2.847006
aaaaajam_s001_t000,broadband,5.0,canonicalized,1,6.369042,0.925831,1.612679
aaaaajar_s001_t001,broadband,5.0,canonicalized,0,3.651405,0.786988,3.058500
aaaaajbb_s001_t000,broadband,5.0,canonicalized,0,6.137181,0.918375,2.742598
aaaaajbh_s002_t000,broadband,5.0,canonicalized,0,6.236236,0.921641,2.188798
aaaaajce_s001_t000,broadband,5.0,canonicalized,0,8.134975,0.964956,4.551867
aaaaajci_s001_t000,broadband,5.0,canonicalized,0,9.920831,0.983945,1.566795
aaaaajck_s001_t000,broadband,5.0,canonicalized,0,5.554229,0.896536,6.012867
aaaaajct_s001_t000,broadband,5.0,canonicalized,0,9.881829,0.983666,0.672061
aaaaajcu_s001_t000,broadband,5.0,canonicalized,0,9.427700,0.980054,4.117627
aaaaajda_s001_t000,broadband,5.0,canonicalized,0,7.789202,0.959323,3.993162
aaaaajdb_s001_t000,broadband,5.0,canonicalized,0,9.340226,0.979274,0.960953
aaaaajdv_s001_t000,broadband,5.0,canonicalized,0,8.738778,0.973037,4.703189
aaaaajdy_s001_t000,broadband,5.0,canonicalized,0,7.808648,0.959662,4.666426
aaaaajdz_s001_t000,broadband,5.0,canonicalized,0,7.451123,0.952984,1.116057
aaaaajea_s001_t000,broadband,5.0,canonicalized,0,8.992024,0.975859,1.616137
aaaaajen_s001_t000,broadband,5.0,canonicalized,0,8.511842,0.970238,5.978246
aaaaajey_s001_t000,broadband,5.0,canonicalized,0,4.974518,0.869847,2.363783
aaaaajfb_s001_t000,broadband,5.0,canonicalized,0,8.550015,0.970728,2.287632
aaaaajfe_s001_t000,broadband,5.0,canonicalized,0,7.441414,0.952789,4.655503
aaaaajff_s001_t000,broadband,5.0,canonicalized,0,2.767783,0.713206,1.656442
aaaaajfi_s001_t001,broadband,5.0,canonicalized,0,6.256914,0.922307,1.287180
aaaaajfn_s001_t001,broadband,5.0,canonicalized,0,5.949490,0.911846,6.984882
aaaaajfy_s001_t000,broadband,5.0,canonicalized,0,5.869811,0.908934,4.523972
aaaaajga_s001_t001,broadband,5.0,canonicalized,0,8.833178,0.974125,0.980385
aaaaajhy_s001_t000,broadband,5.0,canonicalized,0,7.737635,0.958412,1.017156
aaaaajit_s001_t001,broadband,5.0,canonicalized,0,4.030295,0.814059,5.842455
aaaaajiu_s001_t000,broadband,5.0,canonicalized,0,8.574475,0.971037,3.920985
aaaaajiy_s001_t001,broadband,5.0,canonicalized,0,5.694453,0.902220,1.793569
aaaaajiz_s001_t000,broadband,5.0,canonicalized,0,9.375860,0.979595,2.396521
aaaaajjb_s001_t001,broadband,5.0,canonicalized,0,7.810348,0.959691,1.357349
aaaaajje_s001_t000,broadband,5.0,canonicalized,0,8.191270,0.965799,2.401353
aaaaajjk_s001_t000,broadband,5.0,canonicalized,0,8.110013,0.964576,3.992472
aaaaajna_s001_t000,broadband,5.0,canonicalized,0,8.635857,0.971801,5.170576
aaaaajnu_s001_t000,broadband,5.0,canonicalized,0,8.230361,0.966372,2.913172
aaaaajon_s001_t000,broadband,5.0,canonicalized,0,9.273763,0.978661,2.849149
aaaaajoo_s002_t001,broadband,5.0,canonicalized,1,7.617697,0.956217,1.864534
aaaaajpg_s001_t001,broadband,5.0,canonicalized,0,4.718247,0.856289,0.742964
aaaaajqh_s004_t000,broadband,5.0,canonicalized,1,8.519750,0.970340,5.582442
aaaaajqk_s003_t001,broadband,5.0,canonicalized,1,7.348581,0.950882,3.920700
aaaaajrf_s001_t000,broadband,5.0,canonicalized,1,9.605030,0.981550,0.970599
aaaaajrf_s002_t000,broadband,5.0,canonicalized,1,9.477185,0.980483,2.622304
aaaaajrf_s003_t002,broadband,5.0,canonicalized,1,9.148723,0.977459,1.531211
aaaaajrf_s004_t000,broadband,5.0,canonicalized,1,10.248575,0.986107,0.683291
aaaaajso_s001_t000,broadband,5.0,canonicalized,1,9.337605,0.979250,6.505576
aaaaajtg_s001_t000,broadband,5.0,canonicalized,0,9.257661,0.978510,3.098273
aaaaajtu_s001_t000,broadband,5.0,canonicalized,0,9.804724,0.983102,0.353467
aaaaajuh_s001_t000,broadband,5.0,canonicalized,1,8.167615,0.965447,1.672371
aaaaajun_s001_t000,broadband,5.0,canonicalized,0,9.392676,0.979745,3.205038
aaaaajvh_s001_t001,broadband,5.0,canonicalized,0,9.153062,0.977502,1.008548
aaaaajxp_s001_t000,broadband,5.0,canonicalized,0,4.646201,0.852271,1.416725
aaaaakck_s001_t001,broadband,5.0,canonicalized,1,8.123587,0.964783,1.905610
aaaaakcx_s001_t001,broadband,5.0,canonicalized,1,9.245924,0.978399,3.279560
aaaaakcy_s005_t001,broadband,5.0,canonicalized,1,10.709397,0.988669,2.145283
aaaaakdj_s001_t000,broadband,5.0,canonicalized,1,6.952069,0.941889,0.932707
aaaaakdo_s001_t000,broadband,5.0,canonicalized,1,6.006821,0.913889,0.606395
aaaaakeq_s001_t000,broadband,5.0,canonicalized,1,8.927008,0.975164,0.893119
aaaaakeq_s002_t000,broadband,5.0,canonicalized,1,8.393436,0.968667,9.520035
aaaaakeq_s003_t000,broadband,5.0,canonicalized,1,8.816821,0.973940,1.918843
aaaaakev_s001_t001,broadband,5.0,canonicalized,1,9.932250,0.984025,0.672325
aaaaakev_s002_t000,broadband,5.0,canonicalized,1,7.698647,0.957710,7.013728
aaaaakft_s001_t000,broadband,5.0,canonicalized,0,9.217255,0.978126,5.399852
aaaaakgp_s001_t001,broadband,5.0,canonicalized,0,6.826250,0.938726,2.305915
aaaaakgu_s001_t000,broadband,5.0,canonicalized,1,4.737521,0.857348,0.589575
aaaaakjk_s002_t002,broadband,5.0,canonicalized,1,10.410668,0.987067,1.448623
aaaaakjk_s003_t000,broadband,5.0,canonicalized,1,6.470197,0.928883,0.762326
aaaaakka_s001_t001,broadband,5.0,canonicalized,0,4.873768,0.864651,2.558447
aaaaakmg_s003_t001,broadband,5.0,canonicalized,1,8.756785,0.973248,2.632623
aaaaakmh_s001_t000,broadband,5.0,canonicalized,1,8.771856,0.973423,3.742746
aaaaaknt_s001_t000,broadband,5.0,canonicalized,1,5.760893,0.904814,7.975076
aaaaakoo_s001_t001,broadband,5.0,canonicalized,1,9.332303,0.979202,1.091703
aaaaakqg_s001_t001,broadband,5.0,canonicalized,0,5.204480,0.881073,6.970972
aaaaakqr_s001_t000,broadband,5.0,canonicalized,0,6.692268,0.935181,1.455799
aaaaakrt_s001_t001,broadband,5.0,canonicalized,1,9.769578,0.982838,0.984852
aaaaakrt_s002_t001,broadband,5.0,canonicalized,1,7.506881,0.954091,2.583894
aaaaaksb_s001_t000,broadband,5.0,canonicalized,0,7.815723,0.959784,1.691624
aaaaaksu_s001_t001,broadband,5.0,canonicalized,0,6.424897,0.927531,1.281811
aaaaakxz_s001_t001,broadband,5.0,canonicalized,1,8.283503,0.967138,2.071015
aaaaakxz_s002_t001,broadband,5.0,canonicalized,1,9.301798,0.978921,0.518583
aaaaalaf_s001_t000,broadband,5.0,canonicalized,0,2.080609,0.646379,4.159617
aaaaalau_s001_t000,broadband,5.0,canonicalized,1,10.087332,0.985081,0.923711
aaaaalbh_s001_t000,broadband,5.0,canonicalized,1,8.412107,0.968920,1.275319
aaaaalbt_s001_t001,broadband,5.0,canonicalized,0,4.506518,0.844217,3.415389
aaaaalbt_s002_t000,broadband,5.0,canonicalized,0,8.972890,0.975657,8.830683
aaaaalbz_s006_t000,broadband,5.0,canonicalized,1,9.286260,0.978777,4.860410
aaaaalid_s001_t001,broadband,5.0,canonicalized,0,9.091226,0.976884,1.436988
aaaaaljf_s001_t000,broadband,5.0,canonicalized,1,8.703543,0.972620,4.985444
aaaaaljj_s001_t000,broadband,5.0,canonicalized,0,2.195319,0.658035,5.902298
aaaaallc_s001_t001,broadband,5.0,canonicalized,0,7.656088,0.956931,0.855287
aaaaalle_s002_t000,broadband,5.0,canonicalized,1,9.505264,0.980722,1.444253
aaaaalox_s001_t001,broadband,5.0,canonicalized,0,8.825996,0.974044,0.696123
aaaaalpv_s001_t000,broadband,5.0,canonicalized,0,7.914408,0.961456,5.218569
aaaaalqa_s001_t000,broadband,5.0,canonicalized,0,3.707370,0.791161,7.941287
aaaaalqr_s001_t001,broadband,5.0,canonicalized,1,8.541516,0.970619,1.841026
aaaaalqs_s001_t001,broadband,5.0,canonicalized,0,4.423410,0.839258,0.633833
aaaaalqx_s001_t000,broadband,5.0,canonicalized,0,9.655425,0.981954,5.011256
aaaaalrc_s002_t000,broadband,5.0,canonicalized,1,13.586293,0.996851,1.606317
aaaaalsq_s001_t000,broadband,5.0,canonicalized,0,9.605892,0.981557,1.443804
aaaaalsx_s001_t000,broadband,5.0,canonicalized,1,6.407797,0.927014,5.882075
aaaaalsx_s004_t001,broadband,5.0,canonicalized,1,6.787664,0.937724,0.840319
aaaaaluz_s001_t001,broadband,5.0,canonicalized,0,1.491235,0.583978,2.351863
aaaaalvw_s001_t000,broadband,5.0,canonicalized,0,8.317817,0.967623,2.238652
aaaaalvz_s001_t000,broadband,5.0,canonicalized,1,10.078887,0.985026,1.504624
aaaaalxk_s001_t000,broadband,5.0,canonicalized,0,9.807063,0.983119,1.393535
aaaaalyr_s001_t000,broadband,5.0,canonicalized,1,9.397184,0.979785,1.382862
aaaaalzk_s002_t001,broadband,5.0,canonicalized,1,10.045744,0.984805,3.235364
aaaaamcb_s001_t001,broadband,5.0,canonicalized,1,10.309250,0.986474,2.030370
aaaaamfe_s001_t001,broadband,5.0,canonicalized,0,7.777523,0.959118,1.662363
aaaaamft_s001_t001,broadband,5.0,canonicalized,1,7.967428,0.962327,1.417977
aaaaamfu_s001_t000,broadband,5.0,canonicalized,0,7.187145,0.947392,1.494447
aaaaamhi_s001_t000,broadband,5.0,canonicalized,1,9.097366,0.976946,0.407202
aaaaamhk_s001_t000,broadband,5.0,canonicalized,1,7.688222,0.957521,2.455114
aaaaamjc_s001_t001,broadband,5.0,canonicalized,1,10.354163,0.986740,0.739308
aaaaammh_s001_t001,broadband,5.0,canonicalized,1,8.202479,0.965964,2.204331
aaaaamnq_s001_t000,broadband,5.0,canonicalized,1,9.657402,0.981970,0.830684
aaaaamnq_s002_t000,broadband,5.0,canonicalized,1,9.032533,0.976283,1.120882
aaaaamon_s001_t000,broadband,5.0,canonicalized,0,5.930731,0.911168,11.950125
aaaaampz_s001_t000,broadband,5.0,canonicalized,1,9.592949,0.981451,0.636764
aaaaamrj_s001_t000,broadband,5.0,canonicalized,0,9.485422,0.980554,2.326088
aaaaamsc_s001_t000,broadband,5.0,canonicalized,1,7.883491,0.960940,1.543061
aaaaamtb_s001_t000,broadband,5.0,canonicalized,0,10.030863,0.984705,0.198536
aaaaamuc_s001_t000,broadband,5.0,canonicalized,0,6.190852,0.920160,3.395864
aaaaamxn_s001_t000,broadband,5.0,canonicalized,1,7.469218,0.953346,0.949422
aaaaamyb_s001_t001,broadband,5.0,canonicalized,0,9.099147,0.976964,2.551880
aaaaamye_s001_t000,broadband,5.0,canonicalized,1,10.563795,0.987914,0.486074
aaaaamzi_s001_t001,broadband,5.0,canonicalized,1,10.020253,0.984633,0.825220
aaaaamzl_s001_t000,broadband,5.0,canonicalized,0,6.853060,0.939413,3.738599
aaaaamzx_s001_t000,broadband,5.0,canonicalized,0,4.675277,0.853904,9.757117
aaaaanbq_s001_t000,broadband,5.0,canonicalized,0,6.921299,0.941130,0.983320
aaaaanek_s001_t000,broadband,5.0,canonicalized,0,0.548217,0.479177,4.671967
aaaaangp_s001_t000,broadband,5.0,canonicalized,0,5.613613,0.898978,0.277920
aaaaanhb_s001_t003,broadband,5.0,canonicalized,1,8.409114,0.968880,0.326624
aaaaanhb_s003_t001,broadband,5.0,canonicalized,1,9.045601,0.976418,0.591089
aaaaanhb_s005_t000,broadband,5.0,canonicalized,1,9.805143,0.983105,0.911557
aaaaankf_s001_t000,broadband,5.0,canonicalized,1,9.129329,0.977267,1.115570
aaaaanlp_s001_t000,broadband,5.0,canonicalized,0,7.795748,0.959437,4.485049
aaaaanmc_s001_t000,broadband,5.0,canonicalized,1,8.445365,0.969366,3.968867
aaaaanop_s001_t000,broadband,5.0,canonicalized,0,9.340430,0.979276,2.122419
aaaaanoz_s001_t000,broadband,5.0,canonicalized,1,8.621667,0.971626,2.391560
aaaaanpr_s001_t002,broadband,5.0,canonicalized,1,6.511207,0.930087,6.741679
aaaaanqe_s001_t000,broadband,5.0,canonicalized,0,7.034539,0.943879,7.044762
aaaaanro_s001_t000,broadband,5.0,canonicalized,1,10.210776,0.985873,1.033867
aaaaansj_s001_t000,broadband,5.0,canonicalized,1,9.891918,0.983739,2.168444
aaaaanta_s001_t000,broadband,5.0,canonicalized,1,8.302971,0.967414,14.959268
aaaaanum_s001_t000,broadband,5.0,canonicalized,0,5.980137,0.912944,1.089149
aaaaanvb_s002_t000,broadband,5.0,canonicalized,0,6.747385,0.936662,1.274593
aaaaanvg_s001_t002,broadband,5.0,canonicalized,0,6.607088,0.932829,1.627531
aaaaanvw_s001_t000,broadband,5.0,canonicalized,0,4.198984,0.825228,8.850811
aaaaanwc_s001_t001,broadband,5.0,canonicalized,1,7.132490,0.946158,4.802711
aaaaanxl_s001_t000,broadband,5.0,canonicalized,1,9.048444,0.976448,8.286779
aaaaanyb_s001_t001,broadband,5.0,canonicalized,0,5.695143,0.902247,4.166514
aaaaanyt_s002_t000,broadband,5.0,canonicalized,1,14.999774,0.998326,12.867500
aaaaanyw_s001_t000,broadband,5.0,canonicalized,1,9.455686,0.980298,1.219810
aaaaanyw_s002_t000,broadband,5.0,canonicalized,1,6.716075,0.935825,6.566780
aaaaanzh_s001_t000,broadband,5.0,canonicalized,1,7.162399,0.946837,5.547947
aaaaanzu_s001_t003,broadband,5.0,canonicalized,1,8.616115,0.971558,1.293131
aaaaaoav_s001_t000,broadband,5.0,canonicalized,0,4.525165,0.845313,6.255874
aaaaaoav_s002_t000,broadband,5.0,canonicalized,0,7.143928,0.946419,0.898938
aaaaaobi_s001_t000,broadband,5.0,canonicalized,1,8.837718,0.974176,13.680921
aaaaaobl_s001_t000,broadband,5.0,canonicalized,0,9.578745,0.981335,5.540395
aaaaaoby_s001_t000,broadband,5.0,canonicalized,0,8.821405,0.973992,2.557055
aaaaaoda_s001_t000,broadband,5.0,canonicalized,1,8.038908,0.963471,8.973957
aaaaaoeg_s001_t000,broadband,5.0,canonicalized,0,7.122929,0.945940,3.457426
aaaaaofj_s001_t000,broadband,5.0,canonicalized,0,8.973481,0.975663,2.593348
aaaaaofr_s001_t000,broadband,5.0,canonicalized,0,9.174063,0.977708,0.784217
aaaaaofz_s001_t000,broadband,5.0,canonicalized,0,8.566217,0.970933,2.573383
aaaaaohb_s001_t000,broadband,5.0,canonicalized,1,9.598488,0.981496,1.231316
aaaaaohr_s002_t001,broadband,5.0,canonicalized,1,9.386310,0.979689,3.900609
aaaaaoiq_s001_t000,broadband,5.0,canonicalized,1,4.645260,0.852218,1.595757
aaaaaoiv_s001_t000,broadband,5.0,canonicalized,1,3.851882,0.801656,1.316800
aaaaaoiv_s002_t001,broadband,5.0,canonicalized,1,10.882966,0.989508,1.631564
aaaaaoiv_s003_t003,broadband,5.0,canonicalized,1,11.179546,0.990801,1.444984
aaaaaojd_s001_t002,broadband,5.0,canonicalized,0,5.787960,0.905853,1.022019
aaaaaokg_s001_t000,broadband,5.0,canonicalized,0,9.491930,0.980609,1.282493
aaaaaoly_s001_t000,broadband,5.0,canonicalized,0,9.212294,0.978078,15.241905
aaaaaome_s001_t000,broadband,5.0,canonicalized,0,7.651286,0.956842,1.054501
aaaaaomx_s001_t000,broadband,5.0,canonicalized,0,8.787419,0.973603,3.291414
aaaaaomy_s001_t000,broadband,5.0,canonicalized,1,9.655467,0.981954,2.126857
aaaaaonb_s001_t000,broadband,5.0,canonicalized,0,8.603640,0.971403,5.205370
aaaaaons_s002_t002,broadband,5.0,canonicalized,1,10.026319,0.984674,1.049816
aaaaaopd_s001_t000,broadband,5.0,canonicalized,0,9.576703,0.981318,1.087478
aaaaaopo_s001_t000,broadband,5.0,canonicalized,0,4.241479,0.827956,1.976086
aaaaaora_s002_t000,broadband,5.0,canonicalized,1,8.656497,0.972053,1.365566
aaaaaord_s001_t000,broadband,5.0,canonicalized,1,7.437911,0.952718,1.659327
aaaaaosh_s001_t000,broadband,5.0,canonicalized,1,6.900609,0.940614,3.520943
aaaaaosw_s001_t000,broadband,5.0,canonicalized,0,8.736539,0.973011,1.469531
aaaaaote_s001_t000,broadband,5.0,canonicalized,0,7.138573,0.946297,0.467235
aaaaaout_s001_t000,broadband,5.0,canonicalized,1,6.375255,0.926022,4.170682
aaaaaovl_s001_t000,broadband,5.0,canonicalized,1,10.644551,0.988339,0.616830
aaaaaovo_s001_t000,broadband,5.0,canonicalized,1,10.984586,0.989970,1.625007
aaaaaowb_s001_t000,broadband,5.0,canonicalized,0,9.855680,0.983477,4.578693
aaaaaoxf_s001_t000,broadband,5.0,canonicalized,0,5.948071,0.911795,0.521728
aaaaaozf_s001_t001,broadband,5.0,canonicalized,0,7.264437,0.949092,1.732508
aaaaapag_s001_t000,broadband,5.0,canonicalized,0,6.000208,0.913656,5.406744
aaaaapar_s001_t000,broadband,5.0,canonicalized,1,9.538449,0.981002,1.643184
aaaaapcb_s001_t000,broadband,5.0,canonicalized,0,8.439667,0.969290,0.771098
aaaaapcy_s001_t002,broadband,5.0,canonicalized,0,4.619593,0.850764,2.688906
aaaaapdg_s001_t000,broadband,5.0,canonicalized,0,8.994524,0.975886,1.079647
aaaaaphs_s001_t000,broadband,5.0,canonicalized,1,8.541023,0.970613,6.939993
aaaaaphw_s001_t000,broadband,5.0,canonicalized,0,8.551967,0.970753,4.391636
aaaaapij_s001_t000,broadband,5.0,canonicalized,0,7.072402,0.944771,0.792288
aaaaapjc_s001_t001,broadband,5.0,canonicalized,0,8.385110,0.968554,0.575386
aaaaapka_s001_t000,broadband,5.0,canonicalized,0,5.996268,0.913516,3.172412
aaaaapkx_s001_t001,broadband,5.0,canonicalized,1,8.449872,0.969426,1.439536
aaaaaply_s001_t001,broadband,5.0,canonicalized,1,9.717904,0.982443,0.822538
aaaaapmb_s002_t001,broadband,5.0,canonicalized,1,7.212778,0.947962,0.510103
aaaaapmp_s001_t000,broadband,5.0,canonicalized,1,7.917414,0.961506,6.152864
aaaaapnr_s001_t000,broadband,5.0,canonicalized,1,8.033329,0.963383,6.267983
aaaaapoc_s001_t000,broadband,5.0,canonicalized,1,7.367910,0.951285,9.079278
aaaaapof_s001_t000,broadband,5.0,canonicalized,0,8.559989,0.970854,7.879826
aaaaapoo_s001_t000,broadband,5.0,canonicalized,0,8.625552,0.971674,11.860212
aaaaapoq_s001_t000,broadband,5.0,canonicalized,0,8.486316,0.969906,9.843800
aaaaappb_s001_t000,broadband,5.0,canonicalized,0,8.521041,0.970357,9.466777
aaaaapqd_s001_t000,broadband,5.0,canonicalized,1,9.281651,0.978734,6.861976
aaaaapqv_s001_t000,broadband,5.0,canonicalized,0,9.297809,0.978885,5.535734
aaaaapta_s001_t000,broadband,5.0,canonicalized,1,9.231376,0.978261,0.508145
aaaaapth_s001_t000,broadband,5.0,canonicalized,1,8.662830,0.972130,0.479714
aaaaapua_s001_t001,broadband,5.0,canonicalized,0,1.620737,0.598000,5.517145
aaaaapuu_s001_t000,broadband,5.0,canonicalized,0,7.870251,0.960717,8.861575
aaaaapvw_s001_t001,broadband,5.0,canonicalized,1,8.503628,0.970131,1.667229
aaaaapvy_s001_t000,broadband,5.0,canonicalized,1,8.786680,0.973595,8.776291
aaaaapwn_s001_t001,broadband,5.0,canonicalized,0,4.946550,0.868422,10.000302
aaaaapwo_s001_t001,broadband,5.0,canonicalized,1,11.992994,0.993592,2.265868
aaaaapxm_s001_t001,broadband,5.0,canonicalized,0,4.132285,0.820876,1.441083
aaaaapys_s001_t001,broadband,5.0,canonicalized,1,11.740299,0.992830,2.107820
aaaaapys_s002_t001,broadband,5.0,canonicalized,1,10.090857,0.985105,2.266596
aaaaaayx_s002_t000,broadband,5.0,naive,0,5.390965,0.889552,23.093162
aaaaabdo_s003_t000,broadband,5.0,naive,1,8.020849,0.963185,1.638246
aaaaabsk_s007_t000,broadband,5.0,naive,1,7.124976,0.945987,5.206757
aaaaabuv_s002_t000,broadband,5.0,naive,1,6.417013,0.927293,4.273789
aaaaacad_s003_t000,broadband,5.0,naive,0,7.850326,0.960378,1.492225
aaaaacby_s004_t000,broadband,5.0,naive,0,8.407374,0.968856,0.977705
aaaaaddm_s006_t000,broadband,5.0,naive,1,8.930730,0.975204,6.177493
aaaaadeu_s002_t000,broadband,5.0,naive,1,8.468926,0.969678,1.436894
aaaaadjk_s002_t000,broadband,5.0,naive,0,8.511869,0.970238,2.340101
aaaaadkb_s002_t000,broadband,5.0,naive,1,10.386592,0.986929,2.563058
aaaaadsm_s002_t001,broadband,5.0,naive,0,5.334323,0.887034,1.383377
aaaaaeab_s003_t000,broadband,5.0,naive,0,4.430814,0.839705,0.478141
aaaaaejc_s003_t001,broadband,5.0,naive,0,3.499307,0.775342,2.571111
aaaaaezn_s003_t001,broadband,5.0,naive,1,6.677442,0.934778,2.541114
aaaaafhl_s003_t000,broadband,5.0,naive,1,6.819476,0.938551,3.029322
aaaaagfk_s003_t000,broadband,5.0,naive,0,6.293377,0.923469,11.862639
aaaaagsc_s003_t001,broadband,5.0,naive,1,8.432600,0.969195,1.501708
aaaaagsc_s006_t001,broadband,5.0,naive,1,5.322418,0.886499,2.375449
aaaaaguk_s002_t001,broadband,5.0,naive,0,3.952650,0.808736,2.979488
aaaaagvx_s002_t000,broadband,5.0,naive,1,5.347210,0.887611,1.804729
aaaaagvx_s003_t001,broadband,5.0,naive,1,8.906537,0.974941,1.865673
aaaaagyr_s002_t000,broadband,5.0,naive,1,8.204101,0.965988,19.275868
aaaaahie_s005_t001,broadband,5.0,naive,1,9.105843,0.977032,0.501841
aaaaahsv_s002_t000,broadband,5.0,naive,0,5.209385,0.881303,5.054798
aaaaahte_s002_t000,broadband,5.0,naive,1,9.136867,0.977342,1.762626
aaaaahte_s003_t000,broadband,5.0,naive,1,9.415150,0.979944,1.661129
aaaaahuy_s002_t000,broadband,5.0,naive,1,6.359043,0.925523,1.220026
aaaaahzi_s001_t000,broadband,5.0,naive,0,8.035054,0.963410,6.041802
aaaaahzm_s001_t001,broadband,5.0,naive,0,6.374399,0.925996,1.393535
aaaaahzq_s001_t000,broadband,5.0,naive,0,5.968533,0.912530,2.961471
aaaaahzs_s001_t001,broadband,5.0,naive,0,5.102250,0.876190,1.475688
aaaaaiae_s001_t000,broadband,5.0,naive,0,9.363803,0.979487,1.248850
aaaaaibx_s001_t000,broadband,5.0,naive,0,9.357804,0.979433,0.702307
aaaaaiby_s001_t000,broadband,5.0,naive,0,6.844951,0.939206,2.551724
aaaaaici_s001_t000,broadband,5.0,naive,0,6.667134,0.934496,5.929929
aaaaaicn_s001_t000,broadband,5.0,naive,0,8.872879,0.974569,2.272198
aaaaaijh_s002_t000,broadband,5.0,naive,1,8.423859,0.969078,1.299376
aaaaaijn_s001_t001,broadband,5.0,naive,0,4.909843,0.866532,2.696903
aaaaairb_s001_t001,broadband,5.0,naive,0,9.411402,0.979911,1.092309
aaaaairo_s001_t000,broadband,5.0,naive,0,7.115472,0.945769,2.653148
aaaaaitt_s001_t000,broadband,5.0,naive,0,9.424177,0.980024,2.975795
aaaaaiue_s004_t000,broadband,5.0,naive,1,8.374827,0.968413,0.194524
aaaaaiuo_s002_t000,broadband,5.0,naive,0,7.752175,0.958671,2.710064
aaaaaiwz_s001_t001,broadband,5.0,naive,0,3.758722,0.794936,1.661541
aaaaaiyy_s001_t001,broadband,5.0,naive,0,3.669000,0.788306,2.622542
aaaaaizd_s001_t001,broadband,5.0,naive,0,9.326411,0.979148,6.744582
aaaaaizs_s001_t000,broadband,5.0,naive,0,5.903085,0.910161,3.987133
aaaaajae_s001_t001,broadband,5.0,naive,0,8.843781,0.974244,2.987322
aaaaajah_s002_t001,broadband,5.0,naive,1,6.816518,0.938475,0.606751
aaaaajah_s004_t000,broadband,5.0,naive,1,7.795927,0.959440,8.234877
aaaaajal_s001_t001,broadband,5.0,naive,0,2.340777,0.672544,2.847006
aaaaajam_s001_t000,broadband,5.0,naive,1,6.369042,0.925831,1.612679
aaaaajar_s001_t001,broadband,5.0,naive,0,3.651405,0.786988,3.058500
aaaaajbb_s001_t000,broadband,5.0,naive,0,6.137181,0.918375,2.742598
aaaaajbh_s002_t000,broadband,5.0,naive,0,6.236236,0.921641,2.188798
aaaaajce_s001_t000,broadband,5.0,naive,0,8.134975,0.964956,4.551867
aaaaajci_s001_t000,broadband,5.0,naive,0,9.920831,0.983945,1.566795
aaaaajck_s001_t000,broadband,5.0,naive,0,5.554229,0.896536,6.012867
aaaaajct_s001_t000,broadband,5.0,naive,0,9.881829,0.983666,0.672061
aaaaajcu_s001_t000,broadband,5.0,naive,0,9.427700,0.980054,4.117627
aaaaajda_s001_t000,broadband,5.0,naive,0,7.789202,0.959323,3.993162
aaaaajdb_s001_t000,broadband,5.0,naive,0,9.340226,0.979274,0.960953
aaaaajdv_s001_t000,broadband,5.0,naive,0,8.738778,0.973037,4.703189
aaaaajdy_s001_t000,broadband,5.0,naive,0,7.808648,0.959662,4.666426
aaaaajdz_s001_t000,broadband,5.0,naive,0,7.451123,0.952984,1.116057
aaaaajea_s001_t000,broadband,5.0,naive,0,8.992024,0.975859,1.616137
aaaaajen_s001_t000,broadband,5.0,naive,0,8.511842,0.970238,5.978246
aaaaajey_s001_t000,broadband,5.0,naive,0,4.974518,0.869847,2.363783
aaaaajfb_s001_t000,broadband,5.0,naive,0,8.550015,0.970728,2.287632
aaaaajfe_s001_t000,broadband,5.0,naive,0,7.441414,0.952789,4.655503
aaaaajff_s001_t000,broadband,5.0,naive,0,2.767783,0.713206,1.656442
aaaaajfi_s001_t001,broadband,5.0,naive,0,6.256914,0.922307,1.287180
aaaaajfn_s001_t001,broadband,5.0,naive,0,5.949490,0.911846,6.984882
aaaaajfy_s001_t000,broadband,5.0,naive,0,5.869811,0.908934,4.523972
aaaaajga_s001_t001,broadband,5.0,naive,0,8.833178,0.974125,0.980385
aaaaajhy_s001_t000,broadband,5.0,naive,0,7.737635,0.958412,1.017156
aaaaajit_s001_t001,broadband,5.0,naive,0,4.030295,0.814059,5.842455
aaaaajiu_s001_t000,broadband,5.0,naive,0,8.574475,0.971037,3.920985
aaaaajiy_s001_t001,broadband,5.0,naive,0,5.694453,0.902220,1.793569
aaaaajiz_s001_t000,broadband,5.0,naive,0,9.375860,0.979595,2.396521
aaaaajjb_s001_t001,broadband,5.0,naive,0,7.810348,0.959691,1.357349
aaaaajje_s001_t000,broadband,5.0,naive,0,8.191270,0.965799,2.401353
aaaaajjk_s001_t000,broadband,5.0,naive,0,8.110013,0.964576,3.992472
aaaaajna_s001_t000,broadband,5.0,naive,0,8.635857,0.971801,5.170576
aaaaajnu_s001_t000,broadband,5.0,naive,0,8.230361,0.966372,2.913172
aaaaajon_s001_t000,broadband,5.0,naive,0,9.273763,0.978661,2.849149
aaaaajoo_s002_t001,broadband,5.0,naive,1,7.617697,0.956217,1.864534
aaaaajpg_s001_t001,broadband,5.0,naive,0,4.718247,0.856289,0.742964
aaaaajqh_s004_t000,broadband,5.0,naive,1,8.519750,0.970340,5.582442
aaaaajqk_s003_t001,broadband,5.0,naive,1,7.348581,0.950882,3.920700
aaaaajrf_s001_t000,broadband,5.0,naive,1,9.605030,0.981550,0.970599
aaaaajrf_s002_t000,broadband,5.0,naive,1,9.477185,0.980483,2.622304
aaaaajrf_s003_t002,broadband,5.0,naive,1,9.148723,0.977459,1.531211
aaaaajrf_s004_t000,broadband,5.0,naive,1,10.248575,0.986107,0.683291
aaaaajso_s001_t000,broadband,5.0,naive,1,9.337605,0.979250,6.505576
aaaaajtg_s001_t000,broadband,5.0,naive,0,9.257661,0.978510,3.098273
aaaaajtu_s001_t000,broadband,5.0,naive,0,9.804724,0.983102,0.353467
aaaaajuh_s001_t000,broadband,5.0,naive,1,8.167615,0.965447,1.672371
aaaaajun_s001_t000,broadband,5.0,naive,0,9.392676,0.979745,3.205038
aaaaajvh_s001_t001,broadband,5.0,naive,0,9.153062,0.977502,1.008548
aaaaajxp_s001_t000,broadband,5.0,naive,0,4.646201,0.852271,1.416725
aaaaakck_s001_t001,broadband,5.0,naive,1,8.123587,0.964783,1.905610
aaaaakcx_s001_t001,broadband,5.0,naive,1,9.245924,0.978399,3.279560
aaaaakcy_s005_t001,broadband,5.0,naive,1,10.709397,0.988669,2.145283
aaaaakdj_s001_t000,broadband,5.0,naive,1,6.952069,0.941889,0.932707
aaaaakdo_s001_t000,broadband,5.0,naive,1,6.006821,0.913889,0.606395
aaaaakeq_s001_t000,broadband,5.0,naive,1,8.927008,0.975164,0.893119
aaaaakeq_s002_t000,broadband,5.0,naive,1,8.393436,0.968667,9.520035
aaaaakeq_s003_t000,broadband,5.0,naive,1,8.816821,0.973940,1.918843
aaaaakev_s001_t001,broadband,5.0,naive,1,9.932250,0.984025,0.672325
aaaaakev_s002_t000,broadband,5.0,naive,1,7.698647,0.957710,7.013728
aaaaakft_s001_t000,broadband,5.0,naive,0,9.217255,0.978126,5.399852
aaaaakgp_s001_t001,broadband,5.0,naive,0,6.826250,0.938726,2.305915
aaaaakgu_s001_t000,broadband,5.0,naive,1,4.737521,0.857348,0.589575
aaaaakjk_s002_t002,broadband,5.0,naive,1,10.410668,0.987067,1.448623
aaaaakjk_s003_t000,broadband,5.0,naive,1,6.470197,0.928883,0.762326
aaaaakka_s001_t001,broadband,5.0,naive,0,4.873768,0.864651,2.558447
aaaaakmg_s003_t001,broadband,5.0,naive,1,8.756785,0.973248,2.632623
aaaaakmh_s001_t000,broadband,5.0,naive,1,8.771856,0.973423,3.742746
aaaaaknt_s001_t000,broadband,5.0,naive,1,5.760893,0.904814,7.975076
aaaaakoo_s001_t001,broadband,5.0,naive,1,9.332303,0.979202,1.091703
aaaaakqg_s001_t001,broadband,5.0,naive,0,5.204480,0.881073,6.970972
aaaaakqr_s001_t000,broadband,5.0,naive,0,6.692268,0.935181,1.455799
aaaaakrt_s001_t001,broadband,5.0,naive,1,9.769578,0.982838,0.984852
aaaaakrt_s002_t001,broadband,5.0,naive,1,7.506881,0.954091,2.583894
aaaaaksb_s001_t000,broadband,5.0,naive,0,7.815723,0.959784,1.691624
aaaaaksu_s001_t001,broadband,5.0,naive,0,6.424897,0.927531,1.281811
aaaaakxz_s001_t001,broadband,5.0,naive,1,8.283503,0.967138,2.071015
aaaaakxz_s002_t001,broadband,5.0,naive,1,9.301798,0.978921,0.518583
aaaaalaf_s001_t000,broadband,5.0,naive,0,2.080609,0.646379,4.159617
aaaaalau_s001_t000,broadband,5.0,naive,1,10.087332,0.985081,0.923711
aaaaalbh_s001_t000,broadband,5.0,naive,1,8.412107,0.968920,1.275319
aaaaalbt_s001_t001,broadband,5.0,naive,0,4.506518,0.844217,3.415389
aaaaalbt_s002_t000,broadband,5.0,naive,0,8.972890,0.975657,8.830683
aaaaalbz_s006_t000,broadband,5.0,naive,1,9.286260,0.978777,4.860410
aaaaalid_s001_t001,broadband,5.0,naive,0,9.091226,0.976884,1.436988
aaaaaljf_s001_t000,broadband,5.0,naive,1,8.703543,0.972620,4.985444
aaaaaljj_s001_t000,broadband,5.0,naive,0,2.195319,0.658035,5.902298
aaaaallc_s001_t001,broadband,5.0,naive,0,7.656088,0.956931,0.855287
aaaaalle_s002_t000,broadband,5.0,naive,1,9.505264,0.980722,1.444253
aaaaalox_s001_t001,broadband,5.0,naive,0,8.825996,0.974044,0.696123
aaaaalpv_s001_t000,broadband,5.0,naive,0,7.914408,0.961456,5.218569
aaaaalqa_s001_t000,broadband,5.0,naive,0,3.707370,0.791161,7.941287
aaaaalqr_s001_t001,broadband,5.0,naive,1,8.541516,0.970619,1.841026
aaaaalqs_s001_t001,broadband,5.0,naive,0,4.423410,0.839258,0.633833
aaaaalqx_s001_t000,broadband,5.0,naive,0,9.655425,0.981954,5.011256
aaaaalrc_s002_t000,broadband,5.0,naive,1,13.586293,0.996851,1.606317
aaaaalsq_s001_t000,broadband,5.0,naive,0,9.605892,0.981557,1.443804
aaaaalsx_s001_t000,broadband,5.0,naive,1,6.407797,0.927014,5.882075
aaaaalsx_s004_t001,broadband,5.0,naive,1,6.787664,0.937724,0.840319
aaaaaluz_s001_t001,broadband,5.0,naive,0,1.491235,0.583978,2.351863
aaaaalvw_s001_t000,broadband,5.0,naive,0,8.317817,0.967623,2.238652
aaaaalvz_s001_t000,broadband,5.0,naive,1,10.078887,0.985026,1.504624
aaaaalxk_s001_t000,broadband,5.0,naive,0,9.807063,0.983119,1.393535
aaaaalyr_s001_t000,broadband,5.0,naive,1,9.397184,0.979785,1.382862
aaaaalzk_s002_t001,broadband,5.0,naive,1,10.045744,0.984805,3.235364
aaaaamcb_s001_t001,broadband,5.0,naive,1,10.309250,0.986474,2.030370
aaaaamfe_s001_t001,broadband,5.0,naive,0,7.777523,0.959118,1.662363
aaaaamft_s001_t001,broadband,5.0,naive,1,7.967428,0.962327,1.417977
aaaaamfu_s001_t000,broadband,5.0,naive,0,7.187145,0.947392,1.494447
aaaaamhi_s001_t000,broadband,5.0,naive,1,9.097366,0.976946,0.407202
aaaaamhk_s001_t000,broadband,5.0,naive,1,7.688222,0.957521,2.455114
aaaaamjc_s001_t001,broadband,5.0,naive,1,10.354163,0.986740,0.739308
aaaaammh_s001_t001,broadband,5.0,naive,1,8.202479,0.965964,2.204331
aaaaamnq_s001_t000,broadband,5.0,naive,1,9.657402,0.981970,0.830684
aaaaamnq_s002_t000,broadband,5.0,naive,1,9.032533,0.976283,1.120882
aaaaamon_s001_t000,broadband,5.0,naive,0,5.930731,0.911168,11.950125
aaaaampz_s001_t000,broadband,5.0,naive,1,9.592949,0.981451,0.636764
aaaaamrj_s001_t000,broadband,5.0,naive,0,9.485422,0.980554,2.326088
aaaaamsc_s001_t000,broadband,5.0,naive,1,7.883491,0.960940,1.543061
aaaaamtb_s001_t000,broadband,5.0,naive,0,10.030863,0.984705,0.198536
aaaaamuc_s001_t000,broadband,5.0,naive,0,6.190852,0.920160,3.395864
aaaaamxn_s001_t000,broadband,5.0,naive,1,7.469218,0.953346,0.949422
aaaaamyb_s001_t001,broadband,5.0,naive,0,9.099147,0.976964,2.551880
aaaaamye_s001_t000,broadband,5.0,naive,1,10.563795,0.987914,0.486074
aaaaamzi_s001_t001,broadband,5.0,naive,1,10.020253,0.984633,0.825220
aaaaamzl_s001_t000,broadband,5.0,naive,0,6.853060,0.939413,3.738599
aaaaamzx_s001_t000,broadband,5.0,naive,0,4.675277,0.853904,9.757117
aaaaanbq_s001_t000,broadband,5.0,naive,0,6.921299,0.941130,0.983320
aaaaanek_s001_t000,broadband,5.0,naive,0,0.548217,0.479177,4.671967
aaaaangp_s001_t000,broadband,5.0,naive,0,5.613613,0.898978,0.277920
aaaaanhb_s001_t003,broadband,5.0,naive,1,8.409114,0.968880,0.326624
aaaaanhb_s003_t001,broadband,5.0,naive,1,9.045601,0.976418,0.591089
aaaaanhb_s005_t000,broadband,5.0,naive,1,9.805143,0.983105,0.911557
aaaaankf_s001_t000,broadband,5.0,naive,1,9.129329,0.977267,1.115570
aaaaanlp_s001_t000,broadband,5.0,naive,0,7.795748,0.959437,4.485049
aaaaanmc_s001_t000,broadband,5.0,naive,1,8.445365,0.969366,3.968867
aaaaanop_s001_t000,broadband,5.0,naive,0,9.340430,0.979276,2.122419
aaaaanoz_s001_t000,broadband,5.0,naive,1,8.621667,0.971626,2.391560
aaaaanpr_s001_t002,broadband,5.0,naive,1,6.511207,0.930087,6.741679
aaaaanqe_s001_t000,broadband,5.0,naive,0,7.034539,0.943879,7.044762
aaaaanro_s001_t000,broadband,5.0,naive,1,10.210776,0.985873,1.033867
aaaaansj_s001_t000,broadband,5.0,naive,1,9.891918,0.983739,2.168444
aaaaanta_s001_t000,broadband,5.0,naive,1,8.302971,0.967414,14.959268
aaaaanum_s001_t000,broadband,5.0,naive,0,5.980137,0.912944,1.089149
aaaaanvb_s002_t000,broadband,5.0,naive,0,6.747385,0.936662,1.274593
aaaaanvg_s001_t002,broadband,5.0,naive,0,6.607088,0.932829,1.627531
aaaaanvw_s001_t000,broadband,5.0,naive,0,4.198984,0.825228,8.850811
aaaaanwc_s001_t001,broadband,5.0,naive,1,7.132490,0.946158,4.802711
aaaaanxl_s001_t000,broadband,5.0,naive,1,9.048444,0.976448,8.286779
aaaaanyb_s001_t001,broadband,5.0,naive,0,5.695143,0.902247,4.166514
aaaaanyt_s002_t000,broadband,5.0,naive,1,14.999774,0.998326,12.867500
aaaaanyw_s001_t000,broadband,5.0,naive,1,9.455686,0.980298,1.219810
aaaaanyw_s002_t000,broadband,5.0,naive,1,6.716075,0.935825,6.566780
aaaaanzh_s001_t000,broadband,5.0,naive,1,7.162399,0.946837,5.547947
aaaaanzu_s001_t003,broadband,5.0,naive,1,8.616115,0.971558,1.293131
aaaaaoav_s001_t000,broadband,5.0,naive,0,4.525165,0.845313,6.255874
aaaaaoav_s002_t000,broadband,5.0,naive,0,7.143928,0.946419,0.898938
aaaaaobi_s001_t000,broadband,5.0,naive,1,8.837718,0.974176,13.680921
aaaaaobl_s001_t000,broadband,5.0,naive,0,9.578745,0.981335,5.540395
aaaaaoby_s001_t000,broadband,5.0,naive,0,8.821405,0.973992,2.557055
aaaaaoda_s001_t000,broadband,5.0,naive,1,8.038908,0.963471,8.973957
aaaaaoeg_s001_t000,broadband,5.0,naive,0,7.122929,0.945940,3.457426
aaaaaofj_s001_t000,broadband,5.0,naive,0,8.973481,0.975663,2.593348
aaaaaofr_s001_t000,broadband,5.0,naive,0,9.174063,0.977708,0.784217
aaaaaofz_s001_t000,broadband,5.0,naive,0,8.566217,0.970933,2.573383
aaaaaohb_s001_t000,broadband,5.0,naive,1,9.598488,0.981496,1.231316
aaaaaohr_s002_t001,broadband,5.0,naive,1,9.386310,0.979689,3.900609
aaaaaoiq_s001_t000,broadband,5.0,naive,1,4.645260,0.852218,1.595757
aaaaaoiv_s001_t000,broadband,5.0,naive,1,3.851882,0.801656,1.316800
aaaaaoiv_s002_t001,broadband,5.0,naive,1,10.882966,0.989508,1.631564
aaaaaoiv_s003_t003,broadband,5.0,naive,1,11.179546,0.990801,1.444984
aaaaaojd_s001_t002,broadband,5.0,naive,0,5.787960,0.905853,1.022019
aaaaaokg_s001_t000,broadband,5.0,naive,0,9.491930,0.980609,1.282493
aaaaaoly_s001_t000,broadband,5.0,naive,0,9.212294,0.978078,15.241905
aaaaaome_s001_t000,broadband,5.0,naive,0,7.651286,0.956842,1.054501
aaaaaomx_s001_t000,broadband,5.0,naive,0,8.787419,0.973603,3.291414
aaaaaomy_s001_t000,broadband,5.0,naive,1,9.655467,0.981954,2.126857
aaaaaonb_s001_t000,broadband,5.0,naive,0,8.603640,0.971403,5.205370
aaaaaons_s002_t002,broadband,5.0,naive,1,10.026319,0.984674,1.049816
aaaaaopd_s001_t000,broadband,5.0,naive,0,9.576703,0.981318,1.087478
aaaaaopo_s001_t000,broadband,5.0,naive,0,4.241479,0.827956,1.976086
aaaaaora_s002_t000,broadband,5.0,naive,1,8.656497,0.972053,1.365566
aaaaaord_s001_t000,broadband,5.0,naive,1,7.437911,0.952718,1.659327
aaaaaosh_s001_t000,broadband,5.0,naive,1,6.900609,0.940614,3.520943
aaaaaosw_s001_t000,broadband,5.0,naive,0,8.736539,0.973011,1.469531
aaaaaote_s001_t000,broadband,5.0,naive,0,7.138573,0.946297,0.467235
aaaaaout_s001_t000,broadband,5.0,naive,1,6.375255,0.926022,4.170682
aaaaaovl_s001_t000,broadband,5.0,naive,1,10.644551,0.988339,0.616830
aaaaaovo_s001_t000,broadband,5.0,naive,1,10.984586,0.989970,1.625007
aaaaaowb_s001_t000,broadband,5.0,naive,0,9.855680,0.983477,4.578693
aaaaaoxf_s001_t000,broadband,5.0,naive,0,5.948071,0.911795,0.521728
aaaaaozf_s001_t001,broadband,5.0,naive,0,7.264437,0.949092,1.732508
aaaaapag_s001_t000,broadband,5.0,naive,0,6.000208,0.913656,5.406744
aaaaapar_s001_t000,broadband,5.0,naive,1,9.538449,0.981002,1.643184
aaaaapcb_s001_t000,broadband,5.0,naive,0,8.439667,0.969290,0.771098
aaaaapcy_s001_t002,broadband,5.0,naive,0,4.619593,0.850764,2.688906
aaaaapdg_s001_t000,broadband,5.0,naive,0,8.994524,0.975886,1.079647
aaaaaphs_s001_t000,broadband,5.0,naive,1,8.541023,0.970613,6.939993
aaaaaphw_s001_t000,broadband,5.0,naive,0,8.551967,0.970753,4.391636
aaaaapij_s001_t000,broadband,5.0,naive,0,7.072402,0.944771,0.792288
aaaaapjc_s001_t001,broadband,5.0,naive,0,8.385110,0.968554,0.575386
aaaaapka_s001_t000,broadband,5.0,naive,0,5.996268,0.913516,3.172412
aaaaapkx_s001_t001,broadband,5.0,naive,1,8.449872,0.969426,1.439536
aaaaaply_s001_t001,broadband,5.0,naive,1,9.717904,0.982443,0.822538
aaaaapmb_s002_t001,broadband,5.0,naive,1,7.212778,0.947962,0.510103
aaaaapmp_s001_t000,broadband,5.0,naive,1,7.917414,0.961506,6.152864
aaaaapnr_s001_t000,broadband,5.0,naive,1,8.033329,0.963383,6.267983
aaaaapoc_s001_t000,broadband,5.0,naive,1,7.367910,0.951285,9.079278
aaaaapof_s001_t000,broadband,5.0,naive,0,8.559989,0.970854,7.879826
aaaaapoo_s001_t000,broadband,5.0,naive,0,8.625552,0.971674,11.860212
aaaaapoq_s001_t000,broadband,5.0,naive,0,8.486316,0.969906,9.843800
aaaaappb_s001_t000,broadband,5.0,naive,0,8.521041,0.970357,9.466777
aaaaapqd_s001_t000,broadband,5.0,naive,1,9.281651,0.978734,6.861976
aaaaapqv_s001_t000,broadband,5.0,naive,0,9.297809,0.978885,5.535734
aaaaapta_s001_t000,broadband,5.0,naive,1,9.231376,0.978261,0.508145
aaaaapth_s001_t000,broadband,5.0,naive,1,8.662830,0.972130,0.479714
aaaaapua_s001_t001,broadband,5.0,naive,0,1.620737,0.598000,5.517145
aaaaapuu_s001_t000,broadband,5.0,naive,0,7.870251,0.960717,8.861575
aaaaapvw_s001_t001,broadband,5.0,naive,1,8.503628,0.970131,1.667229
aaaaapvy_s001_t000,broadband,5.0,naive,1,8.786680,0.973595,8.776291
aaaaapwn_s001_t001,broadband,5.0,naive,0,4.946550,0.868422,10.000302
aaaaapwo_s001_t001,broadband,5.0,naive,1,11.992994,0.993592,2.265868
aaaaapxm_s001_t001,broadband,5.0,naive,0,4.132285,0.820876,1.441083
aaaaapys_s001_t001,broadband,5.0,naive,1,11.740299,0.992830,2.107820
aaaaapys_s002_t001,broadband,5.0,naive,1,10.090857,0.985105,2.266596
aaaaaayx_s002_t000,calibration,0.5,canonicalized,0,0.797363,0.507068,6.033919
aaaaabdo_s003_t000,calibration,0.5,canonicalized,1,10.243760,0.986077,5.504928
aaaaabsk_s007_t000,calibration,0.5,canonicalized,1,1.747691,0.611593,10.203362
aaaaabuv_s002_t000,calibration,0.5,canonicalized,1,3.151274,0.747025,3.189991
aaaaacad_s003_t000,calibration,0.5,canonicalized,0,1.559729,0.591413,2.900265
aaaaacby_s004_t000,calibration,0.5,canonicalized,0,1.079388,0.538578,1.285323
aaaaaddm_s006_t000,calibration,0.5,canonicalized,1,5.313769,0.886108,7.955435
aaaaadeu_s002_t000,calibration,0.5,canonicalized,1,4.882767,0.865123,5.700261
aaaaadjk_s002_t000,calibration,0.5,canonicalized,0,-0.091694,0.408537,2.816257
aaaaadkb_s002_t000,calibration,0.5,canonicalized,1,8.988334,0.975820,3.786852
aaaaadsm_s002_t001,calibration,0.5,canonicalized,0,-3.165178,0.148437,3.714667
aaaaaeab_s003_t000,calibration,0.5,canonicalized,0,0.876839,0.515964,3.683766
aaaaaejc_s003_t001,calibration,0.5,canonicalized,0,0.618804,0.487073,7.160816
aaaaaezn_s003_t001,calibration,0.5,canonicalized,1,0.203856,0.440875,12.863887
aaaaafhl_s003_t000,calibration,0.5,canonicalized,1,3.231133,0.753726,5.191281
aaaaagfk_s003_t000,calibration,0.5,canonicalized,0,-0.887473,0.325959,1.886640
aaaaagsc_s003_t001,calibration,0.5,canonicalized,1,6.129944,0.918132,13.377104
aaaaagsc_s006_t001,calibration,0.5,canonicalized,1,0.567169,0.481296,1.787220
aaaaaguk_s002_t001,calibration,0.5,canonicalized,0,-4.080843,0.103667,14.594594
aaaaagvx_s002_t000,calibration,0.5,canonicalized,1,2.097799,0.648137,6.631718
aaaaagvx_s003_t001,calibration,0.5,canonicalized,1,2.357708,0.674212,1.638047
aaaaagyr_s002_t000,calibration,0.5,canonicalized,1,0.327556,0.454577,2.476656
aaaaahie_s005_t001,calibration,0.5,canonicalized,1,8.422357,0.969058,3.342462
aaaaahsv_s002_t000,calibration,0.5,canonicalized,0,-0.644346,0.350327,4.840308
aaaaahte_s002_t000,calibration,0.5,canonicalized,1,7.489285,0.953744,9.496447
aaaaahte_s003_t000,calibration,0.5,canonicalized,1,9.697431,0.982284,5.704443
aaaaahuy_s002_t000,calibration,0.5,canonicalized,1,0.396623,0.462258,2.074379
aaaaahzi_s001_t000,calibration,0.5,canonicalized,0,1.323592,0.565625,2.256042
aaaaahzm_s001_t001,calibration,0.5,canonicalized,0,1.632966,0.599317,1.996099
aaaaahzq_s001_t000,calibration,0.5,canonicalized,0,-4.605544,0.083770,4.517608
aaaaahzs_s001_t001,calibration,0.5,canonicalized,0,1.152116,0.546664,2.295641
aaaaaiae_s001_t000,calibration,0.5,canonicalized,0,2.169543,0.655431,3.481947
aaaaaibx_s001_t000,calibration,0.5,canonicalized,0,-2.618305,0.182139,5.000594
aaaaaiby_s001_t000,calibration,0.5,canonicalized,0,-0.637928,0.350982,7.243094
aaaaaici_s001_t000,calibration,0.5,canonicalized,0,-2.830939,0.168376,14.665339
aaaaaicn_s001_t000,calibration,0.5,canonicalized,0,1.398285,0.573827,4.297848
aaaaaijh_s002_t000,calibration,0.5,canonicalized,1,-4.418956,0.090413,6.587883
aaaaaijn_s001_t001,calibration,0.5,canonicalized,0,-0.336075,0.382371,3.067377
aaaaairb_s001_t001,calibration,0.5,canonicalized,0,3.406926,0.768051,3.521896
aaaaairo_s001_t000,calibration,0.5,canonicalized,0,-4.265995,0.096209,9.917638
aaaaaitt_s001_t000,calibration,0.5,canonicalized,0,-1.160600,0.299668,5.031238
aaaaaiue_s004_t000,calibration,0.5,canonicalized,1,1.953797,0.633288,2.440909
aaaaaiuo_s002_t000,calibration,0.5,canonicalized,0,1.290934,0.562026,5.571756
aaaaaiwz_s001_t001,calibration,0.5,canonicalized,0,-0.788990,0.335726,2.398023
aaaaaiyy_s001_t001,calibration,0.5,canonicalized,0,-1.794851,0.243605,7.325446
aaaaaizd_s001_t001,calibration,0.5,canonicalized,0,0.716805,0.498046,10.481077
aaaaaizs_s001_t000,calibration,0.5,canonicalized,0,0.374293,0.459773,2.762528
aaaaajae_s001_t001,calibration,0.5,canonicalized,0,3.367557,0.764894,1.360164
aaaaajah_s002_t001,calibration,0.5,canonicalized,1,-0.245127,0.392038,5.647690
aaaaajah_s004_t000,calibration,0.5,canonicalized,1,1.580817,0.593694,3.266650
aaaaajal_s001_t001,calibration,0.5,canonicalized,0,-2.771730,0.172123,0.592492
aaaaajam_s001_t000,calibration,0.5,canonicalized,1,1.607907,0.596618,0.992104
aaaaajar_s001_t001,calibration,0.5,canonicalized,0,-1.615194,0.258739,9.817386
aaaaajbb_s001_t000,calibration,0.5,canonicalized,0,2.384440,0.676837,5.803892
aaaaajbh_s002_t000,calibration,0.5,canonicalized,0,1.596701,0.595409,3.078843
aaaaajce_s001_t000,calibration,0.5,canonicalized,0,-0.969570,0.317931,3.750174
aaaaajci_s001_t000,calibration,0.5,canonicalized,0,1.755122,0.612384,2.301428
aaaaajck_s001_t000,calibration,0.5,canonicalized,0,-3.391644,0.136064,4.563148
aaaaajct_s001_t000,calibration,0.5,canonicalized,0,1.326665,0.565963,1.471760
aaaaajcu_s001_t000,calibration,0.5,canonicalized,0,-0.886652,0.326040,3.272210
aaaaajda_s001_t000,calibration,0.5,canonicalized,0,-2.506925,0.189691,3.486992
aaaaajdb_s001_t000,calibration,0.5,canonicalized,0,-2.674760,0.178402,9.910069
aaaaajdv_s001_t000,calibration,0.5,canonicalized,0,0.531838,0.477346,11.612101
aaaaajdy_s001_t000,calibration,0.5,canonicalized,0,-2.322340,0.202728,6.500485
aaaaajdz_s001_t000,calibration,0.5,canonicalized,0,-0.977186,0.317191,4.046065
aaaaajea_s001_t000,calibration,0.5,canonicalized,0,3.834979,0.800449,2.742921
aaaaajen_s001_t000,calibration,0.5,canonicalized,0,-0.687329,0.345958,2.999646
aaaaajey_s001_t000,calibration,0.5,canonicalized,0,-0.615418,0.353283,10.423932
aaaaajfb_s001_t000,calibration,0.5,canonicalized,0,-3.252866,0.143540,10.318708
aaaaajfe_s001_t000,calibration,0.5,canonicalized,0,-0.640931,0.350676,2.367006
aaaaajff_s001_t000,calibration,0.5,canonicalized,0,-3.125008,0.150726,0.715046
aaaaajfi_s001_t001,calibration,0.5,canonicalized,0,-1.349611,0.282204,1.858922
aaaaajfn_s001_t001,calibration,0.5,canonicalized,0,-1.967354,0.229648,7.901354
aaaaajfy_s001_t000,calibration,0.5,canonicalized,0,-4.020249,0.106217,10.210926
aaaaajga_s001_t001,calibration,0.5,canonicalized,0,1.042095,0.534424,8.738846
aaaaajhy_s001_t000,calibration,0.5,canonicalized,0,-4.033483,0.105655,7.314921
aaaaajit_s001_t001,calibration,0.5,canonicalized,0,-0.428493,0.372642,4.163789
aaaaajiu_s001_t000,calibration,0.5,canonicalized,0,0.018804,0.420551,8.866284
aaaaajiy_s001_t001,calibration,0.5,canonicalized,0,-1.296031,0.287092,6.977927
aaaaajiz_s001_t000,calibration,0.5,canonicalized,0,-0.629719,0.351820,10.209442
aaaaajjb_s001_t001,calibration,0.5,canonicalized,0,0.904583,0.519068,5.236742
aaaaajje_s001_t000,calibration,0.5,canonicalized,0,-2.965992,0.160074,13.755704
aaaaajjk_s001_t000,calibration,0.5,canonicalized,0,2.264640,0.664988,5.533590
aaaaajna_s001_t000,calibration,0.5,canonicalized,0,-4.666064,0.081713,6.324950
aaaaajnu_s001_t000,calibration,0.5,canonicalized,0,-3.119920,0.151018,5.988591
aaaaajon_s001_t000,calibration,0.5,canonicalized,0,-0.534415,0.361617,14.607711
aaaaajoo_s002_t001,calibration,0.5,canonicalized,1,0.748415,0.501587,8.589482
aaaaajpg_s001_t001,calibration,0.5,canonicalized,0,-3.061309,0.154415,4.429345
aaaaajqh_s004_t000,calibration,0.5,canonicalized,1,10.831127,0.989264,10.490657
aaaaajqk_s003_t001,calibration,0.5,canonicalized,1,7.147909,0.946509,4.609452
aaaaajrf_s001_t000,calibration,0.5,canonicalized,1,20.514970,0.999858,13.771175
aaaaajrf_s002_t000,calibration,0.5,canonicalized,1,21.548406,0.999911,5.535489
aaaaajrf_s003_t002,calibration,0.5,canonicalized,1,17.142748,0.999358,13.133788
aaaaajrf_s004_t000,calibration,0.5,canonicalized,1,2.945075,0.729174,2.705297
aaaaajso_s001_t000,calibration,0.5,canonicalized,1,8.421894,0.969052,5.771308
aaaaajtg_s001_t000,calibration,0.5,canonicalized,0,-0.608514,0.353990,19.104759
aaaaajtu_s001_t000,calibration,0.5,canonicalized,0,-2.249361,0.208064,7.727638
aaaaajuh_s001_t000,calibration,0.5,canonicalized,1,5.446912,0.891991,9.209607
aaaaajun_s001_t000,calibration,0.5,canonicalized,0,5.856901,0.908455,9.669546
aaaaajvh_s001_t001,calibration,0.5,canonicalized,0,-1.478463,0.270660,12.851650
aaaaajxp_s001_t000,calibration,0.5,canonicalized,0,2.228463,0.661368,3.813481
aaaaakck_s001_t001,calibration,0.5,canonicalized,1,2.725800,0.709344,4.250269
aaaaakcx_s001_t001,calibration,0.5,canonicalized,1,7.483310,0.953626,5.284796
aaaaakcy_s005_t001,calibration,0.5,canonicalized,1,14.157079,0.997560,9.192248
aaaaakdj_s001_t000,calibration,0.5,canonicalized,1,0.533208,0.477499,5.810711
aaaaakdo_s001_t000,calibration,0.5,canonicalized,1,0.446762,0.467846,8.328431
aaaaakeq_s001_t000,calibration,0.5,canonicalized,1,5.712423,0.902928,20.391148
aaaaakeq_s002_t000,calibration,0.5,canonicalized,1,6.693277,0.935209,11.281011
aaaaakeq_s003_t000,calibration,0.5,canonicalized,1,6.341355,0.924975,16.767918
aaaaakev_s001_t001,calibration,0.5,canonicalized,1,19.659818,0.999792,44.535682
aaaaakev_s002_t000,calibration,0.5,canonicalized,1,16.580000,0.999175,15.170171
aaaaakft_s001_t000,calibration,0.5,canonicalized,0,-1.961806,0.230088,9.728431
aaaaakgp_s001_t001,calibration,0.5,canonicalized,0,2.702607,0.707197,2.311369
aaaaakgu_s001_t000,calibration,0.5,canonicalized,1,-0.598081,0.355059,1.095352
aaaaakjk_s002_t002,calibration,0.5,canonicalized,1,3.524477,0.777300,7.246524
aaaaakjk_s003_t000,calibration,0.5,canonicalized,1,3.363101,0.764535,1.089623
aaaaakka_s001_t001,calibration,0.5,canonicalized,0,-0.206549,0.396165,10.468703
aaaaakmg_s003_t001,calibration,0.5,canonicalized,1,8.534802,0.970533,3.481621
aaaaakmh_s001_t000,calibration,0.5,canonicalized,1,0.241736,0.445062,5.171302
aaaaaknt_s001_t000,calibration,0.5,canonicalized,1,2.207687,0.659280,6.008289
aaaaakoo_s001_t001,calibration,0.5,canonicalized,1,19.131838,0.999737,11.727810
aaaaakqg_s001_t001,calibration,0.5,canonicalized,0,-0.134822,0.403877,10.397045
aaaaakqr_s001_t000,calibration,0.5,canonicalized,0,-0.353060,0.380575,7.430804
aaaaakrt_s001_t001,calibration,0.5,canonicalized,1,7.381646,0.951570,1.827545
aaaaakrt_s002_t001,calibration,0.5,canonicalized,1,5.744653,0.904186,3.627863
aaaaaksb_s001_t000,calibration,0.5,canonicalized,0,-2.766765,0.172441,8.713288
aaaaaksu_s001_t001,calibration,0.5,canonicalized,0,0.713212,0.497644,5.174269
aaaaakxz_s001_t001,calibration,0.5,canonicalized,1,3.872232,0.803102,1.624910
aaaaakxz_s002_t001,calibration,0.5,canonicalized,1,9.226237,0.978212,7.075196
aaaaalaf_s001_t000,calibration,0.5,canonicalized,0,-0.197631,0.397121,2.481178
aaaaalau_s001_t000,calibration,0.5,canonicalized,1,2.999851,0.733992,3.754263
aaaaalbh_s001_t000,calibration,0.5,canonicalized,1,3.440179,0.770694,5.315219
aaaaalbt_s001_t001,calibration,0.5,canonicalized,0,-1.310537,0.285764,6.955658
aaaaalbt_s002_t000,calibration,0.5,canonicalized,0,-0.703984,0.344271,4.455107
aaaaalbz_s006_t000,calibration,0.5,canonicalized,1,13.905689,0.997270,18.805310
aaaaalid_s001_t001,calibration,0.5,canonicalized,0,6.635639,0.933627,14.185534
aaaaaljf_s001_t000,calibration,0.5,canonicalized,1,2.654102,0.702677,10.685194
aaaaaljj_s001_t000,calibration,0.5,canonicalized,0,-1.509034,0.267965,4.963453
aaaaallc_s001_t001,calibration,0.5,canonicalized,0,2.678532,0.704959,8.924561
aaaaalle_s002_t000,calibration,0.5,canonicalized,1,3.518226,0.776815,5.162187
aaaaalox_s001_t001,calibration,0.5,canonicalized,0,3.038209,0.737334,9.008457
aaaaalpv_s001_t000,calibration,0.5,canonicalized,0,0.995904,0.529271,11.002436
aaaaalqa_s001_t000,calibration,0.5,canonicalized,0,-0.405395,0.375064,5.897599
aaaaalqr_s001_t001,calibration,0.5,canonicalized,1,3.904756,0.805395,5.800461
aaaaalqs_s001_t001,calibration,0.5,canonicalized,0,-0.005799,0.417867,4.204326
aaaaalqx_s001_t000,calibration,0.5,canonicalized,0,-2.867199,0.166114,8.009615
aaaaalrc_s002_t000,calibration,0.5,canonicalized,1,22.618965,0.999945,2.769320
aaaaalsq_s001_t000,calibration,0.5,canonicalized,0,-0.707694,0.343896,1.526571
aaaaalsx_s001_t000,calibration,0.5,canonicalized,1,-0.357215,0.380137,3.713354
aaaaalsx_s004_t001,calibration,0.5,canonicalized,1,3.938301,0.807740,1.400399
aaaaaluz_s001_t001,calibration,0.5,canonicalized,0,-2.483453,0.191312,2.810538
aaaaalvw_s001_t000,calibration,0.5,canonicalized,0,-4.073008,0.103994,3.536792
aaaaalvz_s001_t000,calibration,0.5,canonicalized,1,17.764677,0.999514,16.941523
aaaaalxk_s001_t000,calibration,0.5,canonicalized,0,0.051607,0.424136,2.090371
aaaaalyr_s001_t000,calibration,0.5,canonicalized,1,2.666429,0.703830,2.269750
aaaaalzk_s002_t001,calibration,0.5,canonicalized,1,11.658154,0.992563,11.206143
aaaaamcb_s001_t001,calibration,0.5,canonicalized,1,8.565190,0.970920,8.022186
aaaaamfe_s001_t001,calibration,0.5,canonicalized,0,4.938168,0.867992,3.509773
aaaaamft_s001_t001,calibration,0.5,canonicalized,1,4.672989,0.853776,9.662042
aaaaamfu_s001_t000,calibration,0.5,canonicalized,0,-0.643773,0.350386,3.689763
aaaaamhi_s001_t000,calibration,0.5,canonicalized,1,13.332243,0.996473,22.615031
aaaaamhk_s001_t000,calibration,0.5,canonicalized,1,3.990063,0.811315,5.637254
aaaaamjc_s001_t001,calibration,0.5,canonicalized,1,9.978611,0.984348,7.887620
aaaaammh_s001_t001,calibration,0.5,canonicalized,1,2.855662,0.721191,8.614485
aaaaamnq_s001_t000,calibration,0.5,canonicalized,1,9.227658,0.978225,20.027415
aaaaamnq_s002_t000,calibration,0.5,canonicalized,1,8.071270,0.963978,8.629158
aaaaamon_s001_t000,calibration,0.5,canonicalized,0,0.952471,0.524421,14.289837
aaaaampz_s001_t000,calibration,0.5,canonicalized,1,2.893401,0.724578,3.189890
aaaaamrj_s001_t000,calibration,0.5,canonicalized,0,-0.318583,0.384223,4.711849
aaaaamsc_s001_t000,calibration,0.5,canonicalized,1,4.882581,0.865113,1.205345
aaaaamtb_s001_t000,calibration,0.5,canonicalized,0,1.295231,0.562500,4.248883
aaaaamuc_s001_t000,calibration,0.5,canonicalized,0,0.869908,0.515189,2.209446
aaaaamxn_s001_t000,calibration,0.5,canonicalized,1,1.396920,0.573678,6.117829
aaaaamyb_s001_t001,calibration,0.5,canonicalized,0,-0.170939,0.399987,6.584206
aaaaamye_s001_t000,calibration,0.5,canonicalized,1,15.272586,0.998518,16.778440
aaaaamzi_s001_t001,calibration,0.5,canonicalized,1,7.900810,0.961230,9.314416
aaaaamzl_s001_t000,calibration,0.5,canonicalized,0,-0.553381,0.359658,5.405245
aaaaamzx_s001_t000,calibration,0.5,canonicalized,0,-5.533333,0.056903,5.413579
aaaaanbq_s001_t000,calibration,0.5,canonicalized,0,-0.364630,0.379354,4.020804
aaaaanek_s001_t000,calibration,0.5,canonicalized,0,-4.499028,0.087506,2.180840
aaaaangp_s001_t000,calibration,0.5,canonicalized,0,0.853977,0.513406,3.506725
aaaaanhb_s001_t003,calibration,0.5,canonicalized,1,5.425770,0.891075,13.164268
aaaaanhb_s003_t001,calibration,0.5,canonicalized,1,3.561047,0.780123,3.697322
aaaaanhb_s005_t000,calibration,0.5,canonicalized,1,6.173139,0.919575,4.059844
aaaaankf_s001_t000,calibration,0.5,canonicalized,1,5.847988,0.908122,2.012679
aaaaanlp_s001_t000,calibration,0.5,canonicalized,0,-1.349310,0.282232,2.438744
aaaaanmc_s001_t000,calibration,0.5,canonicalized,1,7.285056,0.949536,7.229926
aaaaanop_s001_t000,calibration,0.5,canonicalized,0,-0.586134,0.356286,16.192117
aaaaanoz_s001_t000,calibration,0.5,canonicalized,1,-1.496990,0.269024,5.650957
aaaaanpr_s001_t002,calibration,0.5,canonicalized,1,5.407794,0.890291,6.605126
aaaaanqe_s001_t000,calibration,0.5,canonicalized,0,-1.919488,0.233464,2.862462
aaaaanro_s001_t000,calibration,0.5,canonicalized,1,2.839075,0.719694,5.189558
aaaaansj_s001_t000,calibration,0.5,canonicalized,1,3.954428,0.808859,8.577586
aaaaanta_s001_t000,calibration,0.5,canonicalized,1,7.601535,0.955913,7.609046
aaaaanum_s001_t000,calibration,0.5,canonicalized,0,0.735740,0.500167,2.474124
aaaaanvb_s002_t000,calibration,0.5,canonicalized,0,-1.660222,0.254889,10.832060
aaaaanvg_s001_t002,calibration,0.5,canonicalized,0,5.552675,0.896471,4.093875
aaaaanvw_s001_t000,calibration,0.5,canonicalized,0,-4.134913,0.101438,7.257923
aaaaanwc_s001_t001,calibration,0.5,canonicalized,1,9.835313,0.983328,48.405863
aaaaanxl_s001_t000,calibration,0.5,canonicalized,1,7.435235,0.952664,4.262538
aaaaanyb_s001_t001,calibration,0.5,canonicalized,0,0.050773,0.424044,3.993414
aaaaanyt_s002_t000,calibration,0.5,canonicalized,1,2.827298,0.718629,36.242691
aaaaanyw_s001_t000,calibration,0.5,canonicalized,1,5.500300,0.894273,2.737350
aaaaanyw_s002_t000,calibration,0.5,canonicalized,1,3.968852,0.809856,9.235895
aaaaanzh_s001_t000,calibration,0.5,canonicalized,1,2.700188,0.706973,9.851526
aaaaanzu_s001_t003,calibration,0.5,canonicalized,1,4.153697,0.822282,12.725394
aaaaaoav_s001_t000,calibration,0.5,canonicalized,0,-1.967876,0.229607,6.947698
aaaaaoav_s002_t000,calibration,0.5,canonicalized,0,-3.423249,0.134409,4.818868
aaaaaobi_s001_t000,calibration,0.5,canonicalized,1,-2.567307,0.185568,10.844073
aaaaaobl_s001_t000,calibration,0.5,canonicalized,0,-1.383990,0.279095,1.868077
aaaaaoby_s001_t000,calibration,0.5,canonicalized,0,0.400355,0.462674,5.523662
aaaaaoda_s001_t000,calibration,0.5,canonicalized,1,9.125612,0.977230,5.550229
aaaaaoeg_s001_t000,calibration,0.5,canonicalized,0,-2.234970,0.209128,7.807271
aaaaaofj_s001_t000,calibration,0.5,canonicalized,0,-0.132354,0.404143,2.938008
aaaaaofr_s001_t000,calibration,0.5,canonicalized,0,2.946187,0.729272,2.997448
aaaaaofz_s001_t000,calibration,0.5,canonicalized,0,0.233812,0.444186,12.989346
aaaaaohb_s001_t000,calibration,0.5,canonicalized,1,6.711127,0.935692,2.428585
aaaaaohr_s002_t001,calibration,0.5,canonicalized,1,7.147548,0.946501,4.516088
aaaaaoiq_s001_t000,calibration,0.5,canonicalized,1,3.056725,0.738937,6.523420
aaaaaoiv_s001_t000,calibration,0.5,canonicalized,1,-2.679578,0.178086,1.175779
aaaaaoiv_s002_t001,calibration,0.5,canonicalized,1,12.630059,0.995176,7.772590
aaaaaoiv_s003_t003,calibration,0.5,canonicalized,1,9.358502,0.979439,1.203771
aaaaaojd_s001_t002,calibration,0.5,canonicalized,0,0.584864,0.483275,5.666768
aaaaaokg_s001_t000,calibration,0.5,canonicalized,0,4.550533,0.846793,14.606122
aaaaaoly_s001_t000,calibration,0.5,canonicalized,0,-1.545298,0.264790,8.541213
aaaaaome_s001_t000,calibration,0.5,canonicalized,0,-2.975545,0.159499,3.848016
aaaaaomx_s001_t000,calibration,0.5,canonicalized,0,-2.443573,0.194091,6.615391
aaaaaomy_s001_t000,calibration,0.5,canonicalized,1,6.681880,0.934899,21.820216
aaaaaonb_s001_t000,calibration,0.5,canonicalized,0,1.219001,0.554079,10.175941
aaaaaons_s002_t002,calibration,0.5,canonicalized,1,5.126382,0.877358,4.598037
aaaaaopd_s001_t000,calibration,0.5,canonicalized,0,-1.224043,0.293738,8.222712
aaaaaopo_s001_t000,calibration,0.5,canonicalized,0,1.910596,0.628782,13.289598
aaaaaora_s002_t000,calibration,0.5,canonicalized,1,3.793966,0.797498,5.244211
aaaaaord_s001_t000,calibration,0.5,canonicalized,1,1.557399,0.591161,2.620991
aaaaaosh_s001_t000,calibration,0.5,canonicalized,1,0.212571,0.441837,0.793028
aaaaaosw_s001_t000,calibration,0.5,canonicalized,0,0.278387,0.449121,8.815111
aaaaaote_s001_t000,calibration,0.5,canonicalized,0,1.513181,0.586364,4.464127
aaaaaout_s001_t000,calibration,0.5,canonicalized,1,3.170092,0.748615,4.062187
aaaaaovl_s001_t000,calibration,0.5,canonicalized,1,11.210764,0.990928,5.737111
aaaaaovo_s001_t000,calibration,0.5,canonicalized,1,8.249483,0.966650,7.693040
aaaaaowb_s001_t000,calibration,0.5,canonicalized,0,1.970834,0.635059,5.991671
aaaaaoxf_s001_t000,calibration,0.5,canonicalized,0,-3.184175,0.147364,4.310300
aaaaaozf_s001_t001,calibration,0.5,canonicalized,0,0.858175,0.513876,12.355434
aaaaapag_s001_t000,calibration,0.5,canonicalized,0,-2.069661,0.221641,23.064646
aaaaapar_s001_t000,calibration,0.5,canonicalized,1,22.234383,0.999934,8.034200
aaaaapcb_s001_t000,calibration,0.5,canonicalized,0,4.724863,0.856653,1.999351
aaaaapcy_s001_t002,calibration,0.5,canonicalized,0,-2.619368,0.182069,5.302472
aaaaapdg_s001_t000,calibration,0.5,canonicalized,0,-3.055649,0.154747,5.751585
aaaaaphs_s001_t000,calibration,0.5,canonicalized,1,7.249133,0.948759,4.037976
aaaaaphw_s001_t000,calibration,0.5,canonicalized,0,1.584185,0.594058,4.351695
aaaaapij_s001_t000,calibration,0.5,canonicalized,0,0.925259,0.521380,4.257375
aaaaapjc_s001_t001,calibration,0.5,canonicalized,0,-1.653541,0.255458,5.392464
aaaaapka_s001_t000,calibration,0.5,canonicalized,0,-1.035298,0.311580,1.353806
aaaaapkx_s001_t001,calibration,0.5,canonicalized,1,-1.252446,0.291105,17.427785
aaaaaply_s001_t001,calibration,0.5,canonicalized,1,7.542501,0.954785,16.690638
aaaaapmb_s002_t001,calibration,0.5,canonicalized,1,5.670852,0.901283,2.402243
aaaaapmp_s001_t000,calibration,0.5,canonicalized,1,1.436509,0.578009,7.159549
aaaaapnr_s001_t000,calibration,0.5,canonicalized,1,-3.437481,0.133669,7.717813
aaaaapoc_s001_t000,calibration,0.5,canonicalized,1,6.213612,0.920905,6.305291
aaaaapof_s001_t000,calibration,0.5,canonicalized,0,-3.450676,0.132986,8.263158
aaaaapoo_s001_t000,calibration,0.5,canonicalized,0,0.458092,0.469110,10.332569
aaaaapoq_s001_t000,calibration,0.5,canonicalized,0,2.877797,0.723181,1.891007
aaaaappb_s001_t000,calibration,0.5,canonicalized,0,-1.099876,0.305408,5.571034
aaaaapqd_s001_t000,calibration,0.5,canonicalized,1,4.915547,0.866827,4.741676
aaaaapqv_s001_t000,calibration,0.5,canonicalized,0,0.714970,0.497841,14.622424
aaaaapta_s001_t000,calibration,0.5,canonicalized,1,0.344693,0.456481,19.929139
aaaaapth_s001_t000,calibration,0.5,canonicalized,1,3.417056,0.768859,3.482275
aaaaapua_s001_t001,calibration,0.5,canonicalized,0,-7.426538,0.025186,7.684413
aaaaapuu_s001_t000,calibration,0.5,canonicalized,0,0.739423,0.500579,5.927943
aaaaapvw_s001_t001,calibration,0.5,canonicalized,1,6.431457,0.927728,5.183188
aaaaapvy_s001_t000,calibration,0.5,canonicalized,1,2.715342,0.708377,8.005881
aaaaapwn_s001_t001,calibration,0.5,canonicalized,0,0.913355,0.520049,7.804805
aaaaapwo_s001_t001,calibration,0.5,canonicalized,1,10.376740,0.986872,3.361413
aaaaapxm_s001_t001,calibration,0.5,canonicalized,0,-1.249463,0.291381,9.896285
aaaaapys_s001_t001,calibration,0.5,canonicalized,1,13.636601,0.996921,3.659078
aaaaapys_s002_t001,calibration,0.5,canonicalized,1,8.313813,0.967566,3.907705
aaaaaayx_s002_t000,calibration,0.5,naive,0,0.210246,0.441581,5.506659
aaaaabdo_s003_t000,calibration,0.5,naive,1,8.496153,0.970034,7.932260
aaaaabsk_s007_t000,calibration,0.5,naive,1,2.388595,0.677244,9.486197
aaaaabuv_s002_t000,calibration,0.5,naive,1,2.735716,0.710259,3.052002
aaaaacad_s003_t000,calibration,0.5,naive,0,1.712934,0.607888,2.958440
aaaaacby_s004_t000,calibration,0.5,naive,0,0.876990,0.515981,1.734861
aaaaaddm_s006_t000,calibration,0.5,naive,1,5.185149,0.880163,7.767463
aaaaadeu_s002_t000,calibration,0.5,naive,1,2.579327,0.695632,4.434069
aaaaadjk_s002_t000,calibration,0.5,naive,0,-0.729774,0.341668,2.483010
aaaaadkb_s002_t000,calibration,0.5,naive,1,10.470161,0.987403,7.596650
aaaaadsm_s002_t001,calibration,0.5,naive,0,-2.324301,0.202586,3.099671
aaaaaeab_s003_t000,calibration,0.5,naive,0,0.180820,0.438333,3.910051
aaaaaejc_s003_t001,calibration,0.5,naive,0,-1.315257,0.285332,8.221360
aaaaaezn_s003_t001,calibration,0.5,naive,1,-0.132371,0.404141,6.365578
aaaaafhl_s003_t000,calibration,0.5,naive,1,1.540053,0.589281,5.352033
aaaaagfk_s003_t000,calibration,0.5,naive,0,-1.566041,0.262985,2.745592
aaaaagsc_s003_t001,calibration,0.5,naive,1,5.371746,0.888703,9.472538
aaaaagsc_s006_t001,calibration,0.5,naive,1,-0.124846,0.404953,1.500250
aaaaaguk_s002_t001,calibration,0.5,naive,0,-4.710056,0.080246,11.446753
aaaaagvx_s002_t000,calibration,0.5,naive,1,1.086048,0.539319,7.146396
aaaaagvx_s003_t001,calibration,0.5,naive,1,1.748804,0.611712,2.244932
aaaaagyr_s002_t000,calibration,0.5,naive,1,-0.401927,0.375428,2.537477
aaaaahie_s005_t001,calibration,0.5,naive,1,5.948301,0.911803,5.900649
aaaaahsv_s002_t000,calibration,0.5,naive,0,-1.434082,0.274602,4.701733
aaaaahte_s002_t000,calibration,0.5,naive,1,7.452005,0.953002,9.512429
aaaaahte_s003_t000,calibration,0.5,naive,1,8.989722,0.975835,11.789243
aaaaahuy_s002_t000,calibration,0.5,naive,1,-0.293229,0.386914,2.997666
aaaaahzi_s001_t000,calibration,0.5,naive,0,2.076000,0.645907,2.682564
aaaaahzm_s001_t001,calibration,0.5,naive,0,0.228631,0.443613,1.547367
aaaaahzq_s001_t000,calibration,0.5,naive,0,-5.246268,0.064210,4.155657
aaaaahzs_s001_t001,calibration,0.5,naive,0,0.229656,0.443726,0.778712
aaaaaiae_s001_t000,calibration,0.5,naive,0,2.043887,0.642609,4.157905
aaaaaibx_s001_t000,calibration,0.5,naive,0,-2.689917,0.177409,2.752422
aaaaaiby_s001_t000,calibration,0.5,naive,0,-1.488350,0.269786,5.408801
aaaaaici_s001_t000,calibration,0.5,naive,0,-5.695578,0.053125,9.087660
aaaaaicn_s001_t000,calibration,0.5,naive,0,-0.599650,0.354898,5.719557
aaaaaijh_s002_t000,calibration,0.5,naive,1,-5.470744,0.058426,6.117511
aaaaaijn_s001_t001,calibration,0.5,naive,0,-0.371153,0.378667,3.412063
aaaaairb_s001_t001,calibration,0.5,naive,0,3.750250,0.794317,1.699873
aaaaairo_s001_t000,calibration,0.5,naive,0,-4.735825,0.079398,13.688079
aaaaaitt_s001_t000,calibration,0.5,naive,0,-2.640590,0.180657,4.451711
aaaaaiue_s004_t000,calibration,0.5,naive,1,2.107255,0.649102,3.853457
aaaaaiuo_s002_t000,calibration,0.5,naive,0,0.788425,0.506067,6.177435
aaaaaiwz_s001_t001,calibration,0.5,naive,0,-1.710670,0.250621,3.988791
aaaaaiyy_s001_t001,calibration,0.5,naive,0,-2.378113,0.198720,6.142921
aaaaaizd_s001_t001,calibration,0.5,naive,0,-0.379221,0.377817,10.711055
aaaaaizs_s001_t000,calibration,0.5,naive,0,-0.664438,0.348282,1.776142
aaaaajae_s001_t001,calibration,0.5,naive,0,1.189698,0.550833,1.976023
aaaaajah_s002_t001,calibration,0.5,naive,1,-0.323185,0.383736,7.113102
aaaaajah_s004_t000,calibration,0.5,naive,1,0.030966,0.421879,5.944717
aaaaajal_s001_t001,calibration,0.5,naive,0,-3.238165,0.144351,1.971613
aaaaajam_s001_t000,calibration,0.5,naive,1,1.428187,0.577100,1.177212
aaaaajar_s001_t001,calibration,0.5,naive,0,-1.189320,0.296975,8.055944
aaaaajbb_s001_t000,calibration,0.5,naive,0,2.515937,0.689586,5.566526
aaaaajbh_s002_t000,calibration,0.5,naive,0,1.785367,0.615595,5.854427
aaaaajce_s001_t000,calibration,0.5,naive,0,-2.185916,0.212786,4.835153
aaaaajci_s001_t000,calibration,0.5,naive,0,-1.500291,0.268734,1.783177
aaaaajck_s001_t000,calibration,0.5,naive,0,0.242835,0.445184,4.457131
aaaaajct_s001_t000,calibration,0.5,naive,0,0.196026,0.440010,0.845695
aaaaajcu_s001_t000,calibration,0.5,naive,0,-1.207032,0.295321,3.497621
aaaaajda_s001_t000,calibration,0.5,naive,0,-1.850298,0.239057,5.090528
aaaaajdb_s001_t000,calibration,0.5,naive,0,-3.582307,0.126332,7.149137
aaaaajdv_s001_t000,calibration,0.5,naive,0,-0.046926,0.413392,8.157200
aaaaajdy_s001_t000,calibration,0.5,naive,0,-3.094037,0.152511,6.368954
aaaaajdz_s001_t000,calibration,0.5,naive,0,-1.982527,0.228448,3.463624
aaaaajea_s001_t000,calibration,0.5,naive,0,3.528204,0.777589,2.026859
aaaaajen_s001_t000,calibration,0.5,naive,0,-0.605378,0.354311,1.852857
aaaaajey_s001_t000,calibration,0.5,naive,0,-0.219090,0.394822,7.152678
aaaaajfb_s001_t000,calibration,0.5,naive,0,-4.270740,0.096025,5.825896
aaaaajfe_s001_t000,calibration,0.5,naive,0,-1.428172,0.275130,1.724979
aaaaajff_s001_t000,calibration,0.5,naive,0,-2.563335,0.185837,1.924562
aaaaajfi_s001_t001,calibration,0.5,naive,0,-1.937862,0.231994,1.679300
aaaaajfn_s001_t001,calibration,0.5,naive,0,-0.014574,0.416911,6.854377
aaaaajfy_s001_t000,calibration,0.5,naive,0,-3.445973,0.133229,8.627882
aaaaajga_s001_t001,calibration,0.5,naive,0,0.049382,0.423892,6.215115
aaaaajhy_s001_t000,calibration,0.5,naive,0,-5.230559,0.064634,5.475653
aaaaajit_s001_t001,calibration,0.5,naive,0,0.239379,0.444801,3.407796
aaaaajiu_s001_t000,calibration,0.5,naive,0,-1.400605,0.277600,8.834718
aaaaajiy_s001_t001,calibration,0.5,naive,0,-0.843058,0.330346,7.031046
aaaaajiz_s001_t000,calibration,0.5,naive,0,-1.350239,0.282147,7.587380
aaaaajjb_s001_t001,calibration,0.5,naive,0,0.873064,0.515542,4.059279
aaaaajje_s001_t000,calibration,0.5,naive,0,-2.926683,0.162455,9.670101
aaaaajjk_s001_t000,calibration,0.5,naive,0,2.333588,0.671834,3.232712
aaaaajna_s001_t000,calibration,0.5,naive,0,-4.950725,0.072640,5.489376
aaaaajnu_s001_t000,calibration,0.5,naive,0,-3.970643,0.108345,7.802824
aaaaajon_s001_t000,calibration,0.5,naive,0,-0.417675,0.373776,9.685910
aaaaajoo_s002_t001,calibration,0.5,naive,1,-0.190484,0.397888,7.665066
aaaaajpg_s001_t001,calibration,0.5,naive,0,-3.467727,0.132107,4.470572
aaaaajqh_s004_t000,calibration,0.5,naive,1,7.044093,0.944105,7.725084
aaaaajqk_s003_t001,calibration,0.5,naive,1,6.273543,0.922839,1.431994
aaaaajrf_s001_t000,calibration,0.5,naive,1,13.664979,0.996960,10.012930
aaaaajrf_s002_t000,calibration,0.5,naive,1,20.035774,0.999824,4.410357
aaaaajrf_s003_t002,calibration,0.5,naive,1,16.944088,0.999299,7.250556
aaaaajrf_s004_t000,calibration,0.5,naive,1,2.959529,0.730450,2.979565
aaaaajso_s001_t000,calibration,0.5,naive,1,7.066018,0.944621,5.689646
aaaaajtg_s001_t000,calibration,0.5,naive,0,-2.520679,0.188745,16.185946
aaaaajtu_s001_t000,calibration,0.5,naive,0,-3.274845,0.142333,8.306773
aaaaajuh_s001_t000,calibration,0.5,naive,1,5.023988,0.872336,8.349803
aaaaajun_s001_t000,calibration,0.5,naive,0,5.343794,0.887459,6.966707
aaaaajvh_s001_t001,calibration,0.5,naive,0,-2.644027,0.180429,12.378788
aaaaajxp_s001_t000,calibration,0.5,naive,0,1.038417,0.534014,2.255709
aaaaakck_s001_t001,calibration,0.5,naive,1,2.645220,0.701845,6.809096
aaaaakcx_s001_t001,calibration,0.5,naive,1,7.257177,0.948934,4.716986
aaaaakcy_s005_t001,calibration,0.5,naive,1,10.573404,0.987965,7.793099
aaaaakdj_s001_t000,calibration,0.5,naive,1,0.203285,0.440812,6.227747
aaaaakdo_s001_t000,calibration,0.5,naive,1,2.025605,0.640726,8.033408
aaaaakeq_s001_t000,calibration,0.5,naive,1,4.133396,0.820949,15.134702
aaaaakeq_s002_t000,calibration,0.5,naive,1,5.107035,0.876422,8.308255
aaaaakeq_s003_t000,calibration,0.5,naive,1,5.258213,0.883572,16.067520
aaaaakev_s001_t001,calibration,0.5,naive,1,18.591492,0.999665,33.185127
aaaaakev_s002_t000,calibration,0.5,naive,1,15.467261,0.998642,13.832858
aaaaakft_s001_t000,calibration,0.5,naive,0,-4.078673,0.103758,5.020532
aaaaakgp_s001_t001,calibration,0.5,naive,0,2.829387,0.718818,2.508435
aaaaakgu_s001_t000,calibration,0.5,naive,1,-0.590623,0.355825,1.019401
aaaaakjk_s002_t002,calibration,0.5,naive,1,1.312217,0.564372,8.558932
aaaaakjk_s003_t000,calibration,0.5,naive,1,4.800701,0.860775,8.989936
aaaaakka_s001_t001,calibration,0.5,naive,0,0.413430,0.464131,8.774541
aaaaakmg_s003_t001,calibration,0.5,naive,1,4.665615,0.853363,3.109210
aaaaakmh_s001_t000,calibration,0.5,naive,1,-0.821959,0.332440,4.365789
aaaaaknt_s001_t000,calibration,0.5,naive,1,0.929722,0.521879,3.912637
aaaaakoo_s001_t001,calibration,0.5,naive,1,17.065418,0.999336,6.295016
aaaaakqg_s001_t001,calibration,0.5,naive,0,-0.818586,0.332775,8.127540
aaaaakqr_s001_t000,calibration,0.5,naive,0,-0.603950,0.354457,4.958602
aaaaakrt_s001_t001,calibration,0.5,naive,1,7.171289,0.947037,2.640459
aaaaakrt_s002_t001,calibration,0.5,naive,1,6.210558,0.920806,5.322186
aaaaaksb_s001_t000,calibration,0.5,naive,0,-2.956085,0.160671,6.941933
aaaaaksu_s001_t001,calibration,0.5,naive,0,-0.086185,0.409134,5.422396
aaaaakxz_s001_t001,calibration,0.5,naive,1,2.616799,0.699174,1.693940
aaaaakxz_s002_t001,calibration,0.5,naive,1,4.833130,0.862507,4.655673
aaaaalaf_s001_t000,calibration,0.5,naive,0,0.287735,0.450157,2.274307
aaaaalau_s001_t000,calibration,0.5,naive,1,3.098993,0.742574,8.945773
aaaaalbh_s001_t000,calibration,0.5,naive,1,3.267286,0.756720,4.708218
aaaaalbt_s001_t001,calibration,0.5,naive,0,-0.883481,0.326352,7.328990
aaaaalbt_s002_t000,calibration,0.5,naive,0,-1.223952,0.293746,6.274940
aaaaalbz_s006_t000,calibration,0.5,naive,1,11.649287,0.992534,17.203249
aaaaalid_s001_t001,calibration,0.5,naive,0,6.043447,0.915172,10.482187
aaaaaljf_s001_t000,calibration,0.5,naive,1,2.008420,0.638952,12.320449
aaaaaljj_s001_t000,calibration,0.5,naive,0,-2.711312,0.176015,4.002215
aaaaallc_s001_t001,calibration,0.5,naive,0,2.604039,0.697970,10.532334
aaaaalle_s002_t000,calibration,0.5,naive,1,2.921907,0.727119,5.817394
aaaaalox_s001_t001,calibration,0.5,naive,0,1.851774,0.622610,6.534703
aaaaalpv_s001_t000,calibration,0.5,naive,0,-0.226869,0.393989,9.678635
aaaaalqa_s001_t000,calibration,0.5,naive,0,-1.173730,0.298435,5.879078
aaaaalqr_s001_t001,calibration,0.5,naive,1,-3.439522,0.133563,6.418883
aaaaalqs_s001_t001,calibration,0.5,naive,0,-0.220267,0.394696,4.030665
aaaaalqx_s001_t000,calibration,0.5,naive,0,-4.104163,0.102701,4.585470
aaaaalrc_s002_t000,calibration,0.5,naive,1,20.037576,0.999825,1.269990
aaaaalsq_s001_t000,calibration,0.5,naive,0,-0.921221,0.322646,1.803400
aaaaalsx_s001_t000,calibration,0.5,naive,1,-1.177988,0.298036,6.384101
aaaaalsx_s004_t001,calibration,0.5,naive,1,0.395111,0.462090,2.521088
aaaaaluz_s001_t001,calibration,0.5,naive,0,-1.240961,0.292168,1.858541
aaaaalvw_s001_t000,calibration,0.5,naive,0,-5.768308,0.051510,3.528017
aaaaalvz_s001_t000,calibration,0.5,naive,1,13.462386,0.996672,17.986618
aaaaalxk_s001_t000,calibration,0.5,naive,0,1.095363,0.540356,1.443314
aaaaalyr_s001_t000,calibration,0.5,naive,1,1.145673,0.545949,3.885719
aaaaalzk_s002_t001,calibration,0.5,naive,1,11.519213,0.992089,13.044246
aaaaamcb_s001_t001,calibration,0.5,naive,1,9.590267,0.981429,8.979709
aaaaamfe_s001_t001,calibration,0.5,naive,0,7.044104,0.944105,9.586289
aaaaamft_s001_t001,calibration,0.5,naive,1,-7.023972,0.030014,4.262707
aaaaamfu_s001_t000,calibration,0.5,naive,0,1.333778,0.566745,4.205356
aaaaamhi_s001_t000,calibration,0.5,naive,1,11.703482,0.992711,27.900172
aaaaamhk_s001_t000,calibration,0.5,naive,1,3.735215,0.793214,4.263296
aaaaamjc_s001_t001,calibration,0.5,naive,1,9.121365,0.977187,11.452179
aaaaammh_s001_t001,calibration,0.5,naive,1,2.320298,0.670520,6.601182
aaaaamnq_s001_t000,calibration,0.5,naive,1,7.362862,0.951180,13.119776
aaaaamnq_s002_t000,calibration,0.5,naive,1,6.259464,0.922389,8.267562
aaaaamon_s001_t000,calibration,0.5,naive,0,-0.239664,0.392622,8.953662
aaaaampz_s001_t000,calibration,0.5,naive,1,0.720384,0.498447,1.957562
aaaaamrj_s001_t000,calibration,0.5,naive,0,-2.120876,0.217708,6.772240
aaaaamsc_s001_t000,calibration,0.5,naive,1,5.116570,0.876884,0.696872
aaaaamtb_s001_t000,calibration,0.5,naive,0,0.901200,0.518689,5.285328
aaaaamuc_s001_t000,calibration,0.5,naive,0,-0.638702,0.350903,0.971466
aaaaamxn_s001_t000,calibration,0.5,naive,1,1.271012,0.559828,8.211362
aaaaamyb_s001_t001,calibration,0.5,naive,0,-0.631456,0.351643,1.115487
aaaaamye_s001_t000,calibration,0.5,naive,1,14.198727,0.997605,16.405225
aaaaamzi_s001_t001,calibration,0.5,naive,1,5.413594,0.890544,5.090388
aaaaamzl_s001_t000,calibration,0.5,naive,0,-1.982503,0.228450,4.456993
aaaaamzx_s001_t000,calibration,0.5,naive,0,-3.802001,0.115863,3.545102
aaaaanbq_s001_t000,calibration,0.5,naive,0,-0.269915,0.389395,6.478023
aaaaanek_s001_t000,calibration,0.5,naive,0,-4.621660,0.083218,2.430133
aaaaangp_s001_t000,calibration,0.5,naive,0,-0.654834,0.349259,4.513212
aaaaanhb_s001_t003,calibration,0.5,naive,1,3.595268,0.782742,14.325657
aaaaanhb_s003_t001,calibration,0.5,naive,1,3.080812,0.741013,4.329103
aaaaanhb_s005_t000,calibration,0.5,naive,1,5.170491,0.879468,6.066441
aaaaankf_s001_t000,calibration,0.5,naive,1,4.623032,0.850959,2.259008
aaaaanlp_s001_t000,calibration,0.5,naive,0,-1.146163,0.301027,1.198216
aaaaanmc_s001_t000,calibration,0.5,naive,1,7.270767,0.949228,9.699857
aaaaanop_s001_t000,calibration,0.5,naive,0,-0.639942,0.350777,10.012333
aaaaanoz_s001_t000,calibration,0.5,naive,1,-1.399120,0.277733,5.924641
aaaaanpr_s001_t002,calibration,0.5,naive,1,4.963898,0.869308,7.259900
aaaaanqe_s001_t000,calibration,0.5,naive,0,-2.015833,0.225829,4.663993
aaaaanro_s001_t000,calibration,0.5,naive,1,2.054012,0.643650,5.315346
aaaaansj_s001_t000,calibration,0.5,naive,1,4.032977,0.814241,5.884835
aaaaanta_s001_t000,calibration,0.5,naive,1,7.913310,0.961438,4.874872
aaaaanum_s001_t000,calibration,0.5,naive,0,0.175717,0.437770,4.542791
aaaaanvb_s002_t000,calibration,0.5,naive,0,-3.175522,0.147852,10.866096
aaaaanvg_s001_t002,calibration,0.5,naive,0,4.680770,0.854210,5.076600
aaaaanvw_s001_t000,calibration,0.5,naive,0,-4.252868,0.096722,6.243057
aaaaanwc_s001_t001,calibration,0.5,naive,1,8.242706,0.966552,63.864118
aaaaanxl_s001_t000,calibration,0.5,naive,1,6.775627,0.937409,3.722457
aaaaanyb_s001_t001,calibration,0.5,naive,0,0.480905,0.471656,1.001356
aaaaanyt_s002_t000,calibration,0.5,naive,1,-5.522005,0.057175,13.363310
aaaaanyw_s001_t000,calibration,0.5,naive,1,4.811446,0.861351,2.712078
aaaaanyw_s002_t000,calibration,0.5,naive,1,3.732741,0.793032,9.481284
aaaaanzh_s001_t000,calibration,0.5,naive,1,2.001607,0.638248,8.864818
aaaaanzu_s001_t003,calibration,0.5,naive,1,2.954835,0.730036,7.604495
aaaaaoav_s001_t000,calibration,0.5,naive,0,-1.729430,0.249045,8.290917
aaaaaoav_s002_t000,calibration,0.5,naive,0,-4.882645,0.074721,4.677464
aaaaaobi_s001_t000,calibration,0.5,naive,1,-4.399282,0.091141,11.559765
aaaaaobl_s001_t000,calibration,0.5,naive,0,-1.387674,0.278763,2.622501
aaaaaoby_s001_t000,calibration,0.5,naive,0,0.080618,0.427313,6.300761
aaaaaoda_s001_t000,calibration,0.5,naive,1,8.585397,0.971175,4.433207
aaaaaoeg_s001_t000,calibration,0.5,naive,0,-3.899159,0.111478,10.199660
aaaaaofj_s001_t000,calibration,0.5,naive,0,0.036760,0.422512,4.554725
aaaaaofr_s001_t000,calibration,0.5,naive,0,2.212493,0.659764,1.765704
aaaaaofz_s001_t000,calibration,0.5,naive,0,-0.611955,0.353637,14.864008
aaaaaohb_s001_t000,calibration,0.5,naive,1,4.275082,0.830090,1.740510
aaaaaohr_s002_t001,calibration,0.5,naive,1,9.185457,0.977819,7.236297
aaaaaoiq_s001_t000,calibration,0.5,naive,1,4.370560,0.836038,7.483584
aaaaaoiv_s001_t000,calibration,0.5,naive,1,-2.186253,0.212761,1.719524
aaaaaoiv_s002_t001,calibration,0.5,naive,1,12.286105,0.994376,7.754867
aaaaaoiv_s003_t003,calibration,0.5,naive,1,9.493806,0.980625,1.605027
aaaaaojd_s001_t002,calibration,0.5,naive,0,-1.747256,0.247555,2.380053
aaaaaokg_s001_t000,calibration,0.5,naive,0,2.466652,0.684840,12.493779
aaaaaoly_s001_t000,calibration,0.5,naive,0,-2.489273,0.190909,6.380463
aaaaaome_s001_t000,calibration,0.5,naive,0,-3.838629,0.114192,4.066403
aaaaaomx_s001_t000,calibration,0.5,naive,0,-3.812350,0.115389,9.540942
aaaaaomy_s001_t000,calibration,0.5,naive,1,5.224627,0.882015,14.082237
aaaaaonb_s001_t000,calibration,0.5,naive,0,0.836762,0.511479,10.252663
aaaaaons_s002_t002,calibration,0.5,naive,1,5.460028,0.892555,5.164620
aaaaaopd_s001_t000,calibration,0.5,naive,0,-1.417989,0.276041,8.508125
aaaaaopo_s001_t000,calibration,0.5,naive,0,-0.090254,0.408693,8.703159
aaaaaora_s002_t000,calibration,0.5,naive,1,2.552549,0.693086,5.628856
aaaaaord_s001_t000,calibration,0.5,naive,1,0.453113,0.468555,2.193519
aaaaaosh_s001_t000,calibration,0.5,naive,1,-0.886198,0.326085,2.111340
aaaaaosw_s001_t000,calibration,0.5,naive,0,0.747532,0.501488,5.685806
aaaaaote_s001_t000,calibration,0.5,naive,0,0.451745,0.468402,2.756801
aaaaaout_s001_t000,calibration,0.5,naive,1,1.711483,0.607733,5.205458
aaaaaovl_s001_t000,calibration,0.5,naive,1,10.397039,0.986989,6.985799
aaaaaovo_s001_t000,calibration,0.5,naive,1,7.703943,0.957806,13.852610
aaaaaowb_s001_t000,calibration,0.5,naive,0,1.983845,0.636408,7.093653
aaaaaoxf_s001_t000,calibration,0.5,naive,0,-2.685774,0.177680,1.740284
aaaaaozf_s001_t001,calibration,0.5,naive,0,0.326013,0.454405,9.590873
aaaaapag_s001_t000,calibration,0.5,naive,0,-3.721279,0.119619,17.002526
aaaaapar_s001_t000,calibration,0.5,naive,1,17.651930,0.999489,9.435163
aaaaapcb_s001_t000,calibration,0.5,naive,0,4.165449,0.823050,3.507069
aaaaapcy_s001_t002,calibration,0.5,naive,0,-2.552879,0.186546,4.199771
aaaaapdg_s001_t000,calibration,0.5,naive,0,-4.269537,0.096071,5.418412
aaaaaphs_s001_t000,calibration,0.5,naive,1,5.634827,0.899838,5.649329
aaaaaphw_s001_t000,calibration,0.5,naive,0,1.702535,0.606777,4.164940
aaaaapij_s001_t000,calibration,0.5,naive,0,-0.189954,0.397945,4.745534
aaaaapjc_s001_t001,calibration,0.5,naive,0,0.322782,0.454047,5.688837
aaaaapka_s001_t000,calibration,0.5,naive,0,-0.981004,0.316821,1.377486
aaaaapkx_s001_t001,calibration,0.5,naive,1,-2.090501,0.220034,8.713364
aaaaaply_s001_t001,calibration,0.5,naive,1,7.901162,0.961236,11.144270
aaaaapmb_s002_t001,calibration,0.5,naive,1,3.599382,0.783055,1.050782
aaaaapmp_s001_t000,calibration,0.5,naive,1,-0.005244,0.417927,7.995015
aaaaapnr_s001_t000,calibration,0.5,naive,1,-2.574071,0.185110,9.412594
aaaaapoc_s001_t000,calibration,0.5,naive,1,4.162786,0.822877,4.529167
aaaaapof_s001_t000,calibration,0.5,naive,0,-3.345918,0.138491,7.725670
aaaaapoo_s001_t000,calibration,0.5,naive,0,0.747514,0.501486,11.744235
aaaaapoq_s001_t000,calibration,0.5,naive,0,2.327187,0.671202,3.585858
aaaaappb_s001_t000,calibration,0.5,naive,0,0.377500,0.460130,4.981861
aaaaapqd_s001_t000,calibration,0.5,naive,1,1.779436,0.614966,3.409433
aaaaapqv_s001_t000,calibration,0.5,naive,0,0.217157,0.442344,12.636060
aaaaapta_s001_t000,calibration,0.5,naive,1,-0.255506,0.390930,24.106055
aaaaapth_s001_t000,calibration,0.5,naive,1,1.678649,0.604221,7.869640
aaaaapua_s001_t001,calibration,0.5,naive,0,-7.771113,0.021661,7.183920
aaaaapuu_s001_t000,calibration,0.5,naive,0,-2.814453,0.169413,3.389135
aaaaapvw_s001_t001,calibration,0.5,naive,1,5.118010,0.876954,5.745745
aaaaapvy_s001_t000,calibration,0.5,naive,1,0.709346,0.497211,10.039562
aaaaapwn_s001_t001,calibration,0.5,naive,0,0.527827,0.476898,10.304380
aaaaapwo_s001_t001,calibration,0.5,naive,1,10.835077,0.989282,1.832395
aaaaapxm_s001_t001,calibration,0.5,naive,0,-1.495885,0.269122,9.611622
aaaaapys_s001_t001,calibration,0.5,naive,1,12.798991,0.995526,3.788330
aaaaapys_s002_t001,calibration,0.5,naive,1,7.397875,0.951904,4.906479
aaaaaayx_s002_t000,calibration,0.75,canonicalized,0,0.797323,0.507064,6.033854
aaaaabdo_s003_t000,calibration,0.75,canonicalized,1,10.243932,0.986078,5.504383
aaaaabsk_s007_t000,calibration,0.75,canonicalized,1,1.748359,0.611664,10.203474
aaaaabuv_s002_t000,calibration,0.75,canonicalized,1,3.151526,0.747047,3.190635
aaaaacad_s003_t000,calibration,0.75,canonicalized,0,1.559701,0.591410,2.900054
aaaaacby_s004_t000,calibration,0.75,canonicalized,0,1.079470,0.538587,1.285554
aaaaaddm_s006_t000,calibration,0.75,canonicalized,1,5.313797,0.886110,7.953336
aaaaadeu_s002_t000,calibration,0.75,canonicalized,1,4.882714,0.865120,5.700482
aaaaadjk_s002_t000,calibration,0.75,canonicalized,0,-0.091885,0.408516,2.816152
aaaaadkb_s002_t000,calibration,0.75,canonicalized,1,8.988381,0.975821,3.787064
aaaaadsm_s002_t001,calibration,0.75,canonicalized,0,-3.165428,0.148423,3.715822
aaaaaeab_s003_t000,calibration,0.75,canonicalized,0,0.876764,0.515956,3.684284
aaaaaejc_s003_t001,calibration,0.75,canonicalized,0,0.618887,0.487083,7.160073
aaaaaezn_s003_t001,calibration,0.75,canonicalized,1,0.203906,0.440880,12.864282
aaaaafhl_s003_t000,calibration,0.75,canonicalized,1,3.231264,0.753737,5.192175
aaaaagfk_s003_t000,calibration,0.75,canonicalized,0,-0.886907,0.326015,1.885236
aaaaagsc_s003_t001,calibration,0.75,canonicalized,1,6.130125,0.918138,13.377271
aaaaagsc_s006_t001,calibration,0.75,canonicalized,1,0.567302,0.481311,1.787218
aaaaaguk_s002_t001,calibration,0.75,canonicalized,0,-4.080983,0.103661,14.595821
aaaaagvx_s002_t000,calibration,0.75,canonicalized,1,2.097880,0.648145,6.632720
aaaaagvx_s003_t001,calibration,0.75,canonicalized,1,2.357533,0.674195,1.637730
aaaaagyr_s002_t000,calibration,0.75,canonicalized,1,0.327892,0.454614,2.478019
aaaaahie_s005_t001,calibration,0.75,canonicalized,1,8.422719,0.969063,3.341504
aaaaahsv_s002_t000,calibration,0.75,canonicalized,0,-0.644284,0.350334,4.840756
aaaaahte_s002_t000,calibration,0.75,canonicalized,1,7.488952,0.953737,9.494298
aaaaahte_s003_t000,calibration,0.75,canonicalized,1,9.697417,0.982284,5.705174
aaaaahuy_s002_t000,calibration,0.75,canonicalized,1,0.396588,0.462255,2.074584
aaaaahzi_s001_t000,calibration,0.75,canonicalized,0,1.323693,0.565636,2.255598
aaaaahzm_s001_t001,calibration,0.75,canonicalized,0,1.632779,0.599296,1.996600
aaaaahzq_s001_t000,calibration,0.75,canonicalized,0,-4.605759,0.083763,4.517227
aaaaahzs_s001_t001,calibration,0.75,canonicalized,0,1.152176,0.546671,2.295181
aaaaaiae_s001_t000,calibration,0.75,canonicalized,0,2.169610,0.655438,3.481685
aaaaaibx_s001_t000,calibration,0.75,canonicalized,0,-2.618251,0.182143,4.999116
aaaaaiby_s001_t000,calibration,0.75,canonicalized,0,-0.638291,0.350945,7.240524
aaaaaici_s001_t000,calibration,0.75,canonicalized,0,-2.831007,0.168372,14.665880
aaaaaicn_s001_t000,calibration,0.75,canonicalized,0,1.398452,0.573845,4.296741
aaaaaijh_s002_t000,calibration,0.75,canonicalized,1,-4.419054,0.090410,6.587610
aaaaaijn_s001_t001,calibration,0.75,canonicalized,0,-0.336078,0.382371,3.067437
aaaaairb_s001_t001,calibration,0.75,canonicalized,0,3.407120,0.768067,3.522232
aaaaairo_s001_t000,calibration,0.75,canonicalized,0,-4.266185,0.096202,9.916620
aaaaaitt_s001_t000,calibration,0.75,canonicalized,0,-1.161209,0.299611,5.031582
aaaaaiue_s004_t000,calibration,0.75,canonicalized,1,1.953734,0.633281,2.441011
aaaaaiuo_s002_t000,calibration,0.75,canonicalized,0,1.290839,0.562016,5.571601
aaaaaiwz_s001_t001,calibration,0.75,canonicalized,0,-0.789169,0.335708,2.397634
aaaaaiyy_s001_t001,calibration,0.75,canonicalized,0,-1.794797,0.243609,7.325731
aaaaaizd_s001_t001,calibration,0.75,canonicalized,0,0.716690,0.498033,10.481063
aaaaaizs_s001_t000,calibration,0.75,canonicalized,0,0.374290,0.459772,2.762565
aaaaajae_s001_t001,calibration,0.75,canonicalized,0,3.367690,0.764905,1.360156
aaaaajah_s002_t001,calibration,0.75,canonicalized,1,-0.245672,0.391980,5.650288
aaaaajah_s004_t000,calibration,0.75,canonicalized,1,1.580731,0.593684,3.267093
aaaaajal_s001_t001,calibration,0.75,canonicalized,0,-2.771919,0.172111,0.592492
aaaaajam_s001_t000,calibration,0.75,canonicalized,1,1.608052,0.596633,0.992076
aaaaajar_s001_t001,calibration,0.75,canonicalized,0,-1.615224,0.258736,9.816210
aaaaajbb_s001_t000,calibration,0.75,canonicalized,0,2.384604,0.676853,5.802174
aaaaajbh_s002_t000,calibration,0.75,canonicalized,0,1.596664,0.595405,3.079115
aaaaajce_s001_t000,calibration,0.75,canonicalized,0,-0.969301,0.317957,3.750088
aaaaajci_s001_t000,calibration,0.75,canonicalized,0,1.754972,0.612368,2.301843
aaaaajck_s001_t000,calibration,0.75,canonicalized,0,-3.391653,0.136064,4.562842
aaaaajct_s001_t000,calibration,0.75,canonicalized,0,1.326479,0.565942,1.471511
aaaaajcu_s001_t000,calibration,0.75,canonicalized,0,-0.886760,0.326029,3.271421
aaaaajda_s001_t000,calibration,0.75,canonicalized,0,-2.506961,0.189688,3.486824
aaaaajdb_s001_t000,calibration,0.75,canonicalized,0,-2.674855,0.178396,9.911703
aaaaajdv_s001_t000,calibration,0.75,canonicalized,0,0.531964,0.477360,11.611657
aaaaajdy_s001_t000,calibration,0.75,canonicalized,0,-2.322258,0.202734,6.500683
aaaaajdz_s001_t000,calibration,0.75,canonicalized,0,-0.976454,0.317262,4.046314
aaaaajea_s001_t000,calibration,0.75,canonicalized,0,3.835310,0.800473,2.743478
aaaaajen_s001_t000,calibration,0.75,canonicalized,0,-0.687189,0.345972,2.998864
aaaaajey_s001_t000,calibration,0.75,canonicalized,0,-0.615665,0.353257,10.422846
aaaaajfb_s001_t000,calibration,0.75,canonicalized,0,-3.252971,0.143534,10.318449
aaaaajfe_s001_t000,calibration,0.75,canonicalized,0,-0.640751,0.350694,2.366628
aaaaajff_s001_t000,calibration,0.75,canonicalized,0,-3.124691,0.150744,0.715295
aaaaajfi_s001_t001,calibration,0.75,canonicalized,0,-1.349309,0.282232,1.858475
aaaaajfn_s001_t001,calibration,0.75,canonicalized,0,-1.967189,0.229661,7.902382
aaaaajfy_s001_t000,calibration,0.75,canonicalized,0,-4.020158,0.106221,10.211176
aaaaajga_s001_t001,calibration,0.75,canonicalized,0,1.042273,0.534443,8.738791
aaaaajhy_s001_t000,calibration,0.75,canonicalized,0,-4.033551,0.105652,7.315091
aaaaajit_s001_t001,calibration,0.75,canonicalized,0,-0.428919,0.372597,4.162941
aaaaajiu_s001_t000,calibration,0.75,canonicalized,0,0.018842,0.420555,8.866699
aaaaajiy_s001_t001,calibration,0.75,canonicalized,0,-1.295684,0.287124,6.976593
aaaaajiz_s001_t000,calibration,0.75,canonicalized,0,-0.629584,0.351834,10.209518
aaaaajjb_s001_t001,calibration,0.75,canonicalized,0,0.904393,0.519047,5.236044
aaaaajje_s001_t000,calibration,0.75,canonicalized,0,-2.966002,0.160073,13.754600
aaaaajjk_s001_t000,calibration,0.75,canonicalized,0,2.264494,0.664974,5.531211
aaaaajna_s001_t000,calibration,0.75,canonicalized,0,-4.665822,0.081721,6.324656
aaaaajnu_s001_t000,calibration,0.75,canonicalized,0,-3.119810,0.151024,5.988340
aaaaajon_s001_t000,calibration,0.75,canonicalized,0,-0.534283,0.361631,14.606405
aaaaajoo_s002_t001,calibration,0.75,canonicalized,1,0.748294,0.501573,8.589703
aaaaajpg_s001_t001,calibration,0.75,canonicalized,0,-3.061137,0.154425,4.429663
aaaaajqh_s004_t000,calibration,0.75,canonicalized,1,10.830997,0.989263,10.492122
aaaaajqk_s003_t001,calibration,0.75,canonicalized,1,7.147743,0.946505,4.609750
aaaaajrf_s001_t000,calibration,0.75,canonicalized,1,20.514885,0.999858,13.771398
aaaaajrf_s002_t000,calibration,0.75,canonicalized,1,21.548635,0.999911,5.535821
aaaaajrf_s003_t002,calibration,0.75,canonicalized,1,17.142799,0.999358,13.134634
aaaaajrf_s004_t000,calibration,0.75,canonicalized,1,2.945054,0.729172,2.705285
aaaaajso_s001_t000,calibration,0.75,canonicalized,1,8.421954,0.969053,5.771575
aaaaajtg_s001_t000,calibration,0.75,canonicalized,0,-0.608296,0.354012,19.105613
aaaaajtu_s001_t000,calibration,0.75,canonicalized,0,-2.249405,0.208061,7.727496
aaaaajuh_s001_t000,calibration,0.75,canonicalized,1,5.447002,0.891995,9.209852
aaaaajun_s001_t000,calibration,0.75,canonicalized,0,5.856879,0.908454,9.669075
aaaaajvh_s001_t001,calibration,0.75,canonicalized,0,-1.478301,0.270674,12.850322
aaaaajxp_s001_t000,calibration,0.75,canonicalized,0,2.228406,0.661362,3.813494
aaaaakck_s001_t001,calibration,0.75,canonicalized,1,2.725827,0.709346,4.250134
aaaaakcx_s001_t001,calibration,0.75,canonicalized,1,7.483188,0.953623,5.283529
aaaaakcy_s005_t001,calibration,0.75,canonicalized,1,14.157060,0.997560,9.191074
aaaaakdj_s001_t000,calibration,0.75,canonicalized,1,0.533322,0.477512,5.810064
aaaaakdo_s001_t000,calibration,0.75,canonicalized,1,0.446695,0.467839,8.327345
aaaaakeq_s001_t000,calibration,0.75,canonicalized,1,5.712326,0.902924,20.390284
aaaaakeq_s002_t000,calibration,0.75,canonicalized,1,6.693670,0.935219,11.279992
aaaaakeq_s003_t000,calibration,0.75,canonicalized,1,6.341439,0.924977,16.767056
aaaaakev_s001_t001,calibration,0.75,canonicalized,1,19.659399,0.999792,44.532823
aaaaakev_s002_t000,calibration,0.75,canonicalized,1,16.579851,0.999175,15.168996
aaaaakft_s001_t000,calibration,0.75,canonicalized,0,-1.961895,0.230081,9.730051
aaaaakgp_s001_t001,calibration,0.75,canonicalized,0,2.702573,0.707194,2.311227
aaaaakgu_s001_t000,calibration,0.75,canonicalized,1,-0.597982,0.355069,1.095269
aaaaakjk_s002_t002,calibration,0.75,canonicalized,1,3.524146,0.777274,7.245912
aaaaakjk_s003_t000,calibration,0.75,canonicalized,1,3.363069,0.764532,1.089713
aaaaakka_s001_t001,calibration,0.75,canonicalized,0,-0.206513,0.396169,10.469105
aaaaakmg_s003_t001,calibration,0.75,canonicalized,1,8.534640,0.970531,3.481659
aaaaakmh_s001_t000,calibration,0.75,canonicalized,1,0.241887,0.445079,5.171456
aaaaaknt_s001_t000,calibration,0.75,canonicalized,1,2.207663,0.659278,6.008229
aaaaakoo_s001_t001,calibration,0.75,canonicalized,1,19.131961,0.999737,11.729249
aaaaakqg_s001_t001,calibration,0.75,canonicalized,0,-0.134342,0.403929,10.391594
aaaaakqr_s001_t000,calibration,0.75,canonicalized,0,-0.353150,0.380566,7.430650
aaaaakrt_s001_t001,calibration,0.75,canonicalized,1,7.381609,0.951569,1.827402
aaaaakrt_s002_t001,calibration,0.75,canonicalized,1,5.744569,0.904183,3.627879
aaaaaksb_s001_t000,calibration,0.75,canonicalized,0,-2.766997,0.172426,8.715685
aaaaaksu_s001_t001,calibration,0.75,canonicalized,0,0.713252,0.497648,5.173994
aaaaakxz_s001_t001,calibration,0.75,canonicalized,1,3.872334,0.803109,1.624817
aaaaakxz_s002_t001,calibration,0.75,canonicalized,1,9.226190,0.978211,7.075101
aaaaalaf_s001_t000,calibration,0.75,canonicalized,0,-0.197614,0.397123,2.481344
aaaaalau_s001_t000,calibration,0.75,canonicalized,1,2.999826,0.733990,3.754223
aaaaalbh_s001_t000,calibration,0.75,canonicalized,1,3.440071,0.770686,5.316325
aaaaalbt_s001_t001,calibration,0.75,canonicalized,0,-1.310548,0.285763,6.955901
aaaaalbt_s002_t000,calibration,0.75,canonicalized,0,-0.704167,0.344253,4.455438
aaaaalbz_s006_t000,calibration,0.75,canonicalized,1,13.905794,0.997270,18.805364
aaaaalid_s001_t001,calibration,0.75,canonicalized,0,6.635583,0.933625,14.184789
aaaaaljf_s001_t000,calibration,0.75,canonicalized,1,2.653965,0.702665,10.683659
aaaaaljj_s001_t000,calibration,0.75,canonicalized,0,-1.509044,0.267964,4.963690
aaaaallc_s001_t001,calibration,0.75,canonicalized,0,2.678597,0.704965,8.924315
aaaaalle_s002_t000,calibration,0.75,canonicalized,1,3.518127,0.776807,5.162547
aaaaalox_s001_t001,calibration,0.75,canonicalized,0,3.038105,0.737325,9.010617
aaaaalpv_s001_t000,calibration,0.75,canonicalized,0,0.996092,0.529292,11.003943
aaaaalqa_s001_t000,calibration,0.75,canonicalized,0,-0.405253,0.375079,5.896857
aaaaalqr_s001_t001,calibration,0.75,canonicalized,1,3.904572,0.805382,5.799745
aaaaalqs_s001_t001,calibration,0.75,canonicalized,0,-0.005851,0.417861,4.204183
aaaaalqx_s001_t000,calibration,0.75,canonicalized,0,-2.867235,0.166112,8.010165
aaaaalrc_s002_t000,calibration,0.75,canonicalized,1,22.618618,0.999945,2.769808
aaaaalsq_s001_t000,calibration,0.75,canonicalized,0,-0.707497,0.343916,1.526961
aaaaalsx_s001_t000,calibration,0.75,canonicalized,1,-0.357055,0.380154,3.712952
aaaaalsx_s004_t001,calibration,0.75,canonicalized,1,3.938085,0.807725,1.399954
aaaaaluz_s001_t001,calibration,0.75,canonicalized,0,-2.483367,0.191318,2.811047
aaaaalvw_s001_t000,calibration,0.75,canonicalized,0,-4.073042,0.103992,3.536814
aaaaalvz_s001_t000,calibration,0.75,canonicalized,1,17.764873,0.999514,16.942627
aaaaalxk_s001_t000,calibration,0.75,canonicalized,0,0.051562,0.424131,2.090901
aaaaalyr_s001_t000,calibration,0.75,canonicalized,1,2.666466,0.703833,2.269770
aaaaalzk_s002_t001,calibration,0.75,canonicalized,1,11.658047,0.992563,11.205536
aaaaamcb_s001_t001,calibration,0.75,canonicalized,1,8.565527,0.970925,8.022908
aaaaamfe_s001_t001,calibration,0.75,canonicalized,0,4.938182,0.867993,3.510367
aaaaamft_s001_t001,calibration,0.75,canonicalized,1,4.673184,0.853787,9.661936
aaaaamfu_s001_t000,calibration,0.75,canonicalized,0,-0.643952,0.350368,3.688784
aaaaamhi_s001_t000,calibration,0.75,canonicalized,1,13.332409,0.996473,22.615575
aaaaamhk_s001_t000,calibration,0.75,canonicalized,1,3.989891,0.811304,5.637084
aaaaamjc_s001_t001,calibration,0.75,canonicalized,1,9.978668,0.984349,7.887093
aaaaammh_s001_t001,calibration,0.75,canonicalized,1,2.855685,0.721193,8.614138
aaaaamnq_s001_t000,calibration,0.75,canonicalized,1,9.227626,0.978225,20.026596
aaaaamnq_s002_t000,calibration,0.75,canonicalized,1,8.071110,0.963975,8.631881
aaaaamon_s001_t000,calibration,0.75,canonicalized,0,0.952278,0.524399,14.291287
aaaaampz_s001_t000,calibration,0.75,canonicalized,1,2.893600,0.724596,3.188982
aaaaamrj_s001_t000,calibration,0.75,canonicalized,0,-0.318632,0.384218,4.712351
aaaaamsc_s001_t000,calibration,0.75,canonicalized,1,4.882626,0.865115,1.205344
aaaaamtb_s001_t000,calibration,0.75,canonicalized,0,1.295121,0.562488,4.250351
aaaaamuc_s001_t000,calibration,0.75,canonicalized,0,0.869819,0.515179,2.209182
aaaaamxn_s001_t000,calibration,0.75,canonicalized,1,1.396776,0.573662,6.118704
aaaaamyb_s001_t001,calibration,0.75,canonicalized,0,-0.171158,0.399964,6.584177
aaaaamye_s001_t000,calibration,0.75,canonicalized,1,15.272746,0.998518,16.777923
aaaaamzi_s001_t001,calibration,0.75,canonicalized,1,7.900554,0.961226,9.315400
aaaaamzl_s001_t000,calibration,0.75,canonicalized,0,-0.553581,0.359637,5.405040
aaaaamzx_s001_t000,calibration,0.75,canonicalized,0,-5.533505,0.056898,5.414507
aaaaanbq_s001_t000,calibration,0.75,canonicalized,0,-0.364659,0.379351,4.020883
aaaaanek_s001_t000,calibration,0.75,canonicalized,0,-4.499416,0.087493,2.181670
aaaaangp_s001_t000,calibration,0.75,canonicalized,0,0.854080,0.513418,3.506421
aaaaanhb_s001_t003,calibration,0.75,canonicalized,1,5.425552,0.891065,13.164738
aaaaanhb_s003_t001,calibration,0.75,canonicalized,1,3.561174,0.780133,3.697985
aaaaanhb_s005_t000,calibration,0.75,canonicalized,1,6.173234,0.919578,4.059863
aaaaankf_s001_t000,calibration,0.75,canonicalized,1,5.848074,0.908125,2.011939
aaaaanlp_s001_t000,calibration,0.75,canonicalized,0,-1.349479,0.282216,2.438623
aaaaanmc_s001_t000,calibration,0.75,canonicalized,1,7.284869,0.949532,7.229327
aaaaanop_s001_t000,calibration,0.75,canonicalized,0,-0.586025,0.356297,16.192675
aaaaanoz_s001_t000,calibration,0.75,canonicalized,1,-1.496752,0.269045,5.649111
aaaaanpr_s001_t002,calibration,0.75,canonicalized,1,5.407961,0.890298,6.605099
aaaaanqe_s001_t000,calibration,0.75,canonicalized,0,-1.919366,0.233474,2.861993
aaaaanro_s001_t000,calibration,0.75,canonicalized,1,2.838686,0.719659,5.189311
aaaaansj_s001_t000,calibration,0.75,canonicalized,1,3.954459,0.808862,8.578363
aaaaanta_s001_t000,calibration,0.75,canonicalized,1,7.601593,0.955914,7.607329
aaaaanum_s001_t000,calibration,0.75,canonicalized,0,0.735479,0.500138,2.474236
aaaaanvb_s002_t000,calibration,0.75,canonicalized,0,-1.660170,0.254893,10.832103
aaaaanvg_s001_t002,calibration,0.75,canonicalized,0,5.552584,0.896468,4.093369
aaaaanvw_s001_t000,calibration,0.75,canonicalized,0,-4.134632,0.101449,7.258223
aaaaanwc_s001_t001,calibration,0.75,canonicalized,1,9.835332,0.983328,48.406537
aaaaanxl_s001_t000,calibration,0.75,canonicalized,1,7.435287,0.952665,4.261811
aaaaanyb_s001_t001,calibration,0.75,canonicalized,0,0.050749,0.424042,3.993363
aaaaanyt_s002_t000,calibration,0.75,canonicalized,1,2.827355,0.718634,36.242025
aaaaanyw_s001_t000,calibration,0.75,canonicalized,1,5.500562,0.894285,2.737527
aaaaanyw_s002_t000,calibration,0.75,canonicalized,1,3.968701,0.809846,9.236487
aaaaanzh_s001_t000,calibration,0.75,canonicalized,1,2.700233,0.706977,9.853282
aaaaanzu_s001_t003,calibration,0.75,canonicalized,1,4.153509,0.822270,12.725575
aaaaaoav_s001_t000,calibration,0.75,canonicalized,0,-1.967906,0.229605,6.947410
aaaaaoav_s002_t000,calibration,0.75,canonicalized,0,-3.423058,0.134419,4.818718
aaaaaobi_s001_t000,calibration,0.75,canonicalized,1,-2.567228,0.185573,10.843971
aaaaaobl_s001_t000,calibration,0.75,canonicalized,0,-1.384243,0.279072,1.868042
aaaaaoby_s001_t000,calibration,0.75,canonicalized,0,0.400754,0.462718,5.523677
aaaaaoda_s001_t000,calibration,0.75,canonicalized,1,9.125747,0.977231,5.550779
aaaaaoeg_s001_t000,calibration,0.75,canonicalized,0,-2.235212,0.209110,7.808028
aaaaaofj_s001_t000,calibration,0.75,canonicalized,0,-0.132369,0.404141,2.938594
aaaaaofr_s001_t000,calibration,0.75,canonicalized,0,2.945800,0.729238,2.997182
aaaaaofz_s001_t000,calibration,0.75,canonicalized,0,0.233592,0.444161,12.989280
aaaaaohb_s001_t000,calibration,0.75,canonicalized,1,6.711082,0.935690,2.428891
aaaaaohr_s002_t001,calibration,0.75,canonicalized,1,7.147414,0.946498,4.516026
aaaaaoiq_s001_t000,calibration,0.75,canonicalized,1,3.056720,0.738937,6.522599
aaaaaoiv_s001_t000,calibration,0.75,canonicalized,1,-2.679681,0.178079,1.175957
aaaaaoiv_s002_t001,calibration,0.75,canonicalized,1,12.630020,0.995176,7.772711
aaaaaoiv_s003_t003,calibration,0.75,canonicalized,1,9.358612,0.979440,1.203879
aaaaaojd_s001_t002,calibration,0.75,canonicalized,0,0.584697,0.483257,5.667327
aaaaaokg_s001_t000,calibration,0.75,canonicalized,0,4.550442,0.846788,14.607095
aaaaaoly_s001_t000,calibration,0.75,canonicalized,0,-1.545112,0.264806,8.540260
aaaaaome_s001_t000,calibration,0.75,canonicalized,0,-2.975550,0.159499,3.847888
aaaaaomx_s001_t000,calibration,0.75,canonicalized,0,-2.443640,0.194087,6.615399
aaaaaomy_s001_t000,calibration,0.75,canonicalized,1,6.682071,0.934904,21.819068
aaaaaonb_s001_t000,calibration,0.75,canonicalized,0,1.219391,0.554122,10.175971
aaaaaons_s002_t002,calibration,0.75,canonicalized,1,5.126435,0.877360,4.598329
aaaaaopd_s001_t000,calibration,0.75,canonicalized,0,-1.223785,0.293762,8.222840
aaaaaopo_s001_t000,calibration,0.75,canonicalized,0,1.910508,0.628773,13.290266
aaaaaora_s002_t000,calibration,0.75,canonicalized,1,3.793820,0.797488,5.243521
aaaaaord_s001_t000,calibration,0.75,canonicalized,1,1.557495,0.591171,2.620810
aaaaaosh_s001_t000,calibration,0.75,canonicalized,1,0.212608,0.441842,0.792756
aaaaaosw_s001_t000,calibration,0.75,canonicalized,0,0.278293,0.449111,8.814136
aaaaaote_s001_t000,calibration,0.75,canonicalized,0,1.513290,0.586376,4.464236
aaaaaout_s001_t000,calibration,0.75,canonicalized,1,3.170401,0.748641,4.062760
aaaaaovl_s001_t000,calibration,0.75,canonicalized,1,11.210809,0.990928,5.738078
aaaaaovo_s001_t000,calibration,0.75,canonicalized,1,8.249090,0.966644,7.695394
aaaaaowb_s001_t000,calibration,0.75,canonicalized,0,1.970736,0.635049,5.991545
aaaaaoxf_s001_t000,calibration,0.75,canonicalized,0,-3.184109,0.147368,4.310581
aaaaaozf_s001_t001,calibration,0.75,canonicalized,0,0.858321,0.513892,12.354555
aaaaapag_s001_t000,calibration,0.75,canonicalized,0,-2.069697,0.221638,23.066185
aaaaapar_s001_t000,calibration,0.75,canonicalized,1,22.234500,0.999934,8.034919
aaaaapcb_s001_t000,calibration,0.75,canonicalized,0,4.724789,0.856649,1.999529
aaaaapcy_s001_t002,calibration,0.75,canonicalized,0,-2.619166,0.182082,5.301825
aaaaapdg_s001_t000,calibration,0.75,canonicalized,0,-3.055894,0.154732,5.752114
aaaaaphs_s001_t000,calibration,0.75,canonicalized,1,7.249415,0.948765,4.038582
aaaaaphw_s001_t000,calibration,0.75,canonicalized,0,1.584251,0.594065,4.351767
aaaaapij_s001_t000,calibration,0.75,canonicalized,0,0.925211,0.521374,4.257460
aaaaapjc_s001_t001,calibration,0.75,canonicalized,0,-1.653464,0.255464,5.392671
aaaaapka_s001_t000,calibration,0.75,canonicalized,0,-1.035136,0.311595,1.354498
aaaaapkx_s001_t001,calibration,0.75,canonicalized,1,-1.252318,0.291117,17.429336
aaaaaply_s001_t001,calibration,0.75,canonicalized,1,7.542283,0.954780,16.690093
aaaaapmb_s002_t001,calibration,0.75,canonicalized,1,5.670813,0.901281,2.402546
aaaaapmp_s001_t000,calibration,0.75,canonicalized,1,1.436656,0.578025,7.157914
aaaaapnr_s001_t000,calibration,0.75,canonicalized,1,-3.437430,0.133671,7.719014
aaaaapoc_s001_t000,calibration,0.75,canonicalized,1,6.214008,0.920918,6.306151
aaaaapof_s001_t000,calibration,0.75,canonicalized,0,-3.450463,0.132997,8.264926
aaaaapoo_s001_t000,calibration,0.75,canonicalized,0,0.458224,0.469125,10.332991
aaaaapoq_s001_t000,calibration,0.75,canonicalized,0,2.877594,0.723162,1.891703
aaaaappb_s001_t000,calibration,0.75,canonicalized,0,-1.099703,0.305425,5.569702
aaaaapqd_s001_t000,calibration,0.75,canonicalized,1,4.915542,0.866827,4.742137
aaaaapqv_s001_t000,calibration,0.75,canonicalized,0,0.715091,0.497854,14.621074
aaaaapta_s001_t000,calibration,0.75,canonicalized,1,0.344637,0.456475,19.926064
aaaaapth_s001_t000,calibration,0.75,canonicalized,1,3.417135,0.768865,3.482088
aaaaapua_s001_t001,calibration,0.75,canonicalized,0,-7.426675,0.025184,7.683335
aaaaapuu_s001_t000,calibration,0.75,canonicalized,0,0.739436,0.500581,5.928247
aaaaapvw_s001_t001,calibration,0.75,canonicalized,1,6.431510,0.927730,5.182846
aaaaapvy_s001_t000,calibration,0.75,canonicalized,1,2.715320,0.708375,8.006081
aaaaapwn_s001_t001,calibration,0.75,canonicalized,0,0.913260,0.520038,7.805860
aaaaapwo_s001_t001,calibration,0.75,canonicalized,1,10.376831,0.986872,3.360415
aaaaapxm_s001_t001,calibration,0.75,canonicalized,0,-1.249489,0.291378,9.896732
aaaaapys_s001_t001,calibration,0.75,canonicalized,1,13.636607,0.996921,3.657546
aaaaapys_s002_t001,calibration,0.75,canonicalized,1,8.313765,0.967566,3.907400
aaaaaayx_s002_t000,calibration,0.75,naive,0,0.753379,0.502142,5.652229
aaaaabdo_s003_t000,calibration,0.75,naive,1,8.934834,0.975248,7.264672
aaaaabsk_s007_t000,calibration,0.75,naive,1,2.745660,0.711175,9.734451
aaaaabuv_s002_t000,calibration,0.75,naive,1,3.005694,0.734503,3.000155
aaaaacad_s003_t000,calibration,0.75,naive,0,1.788835,0.615963,2.977522
aaaaacby_s004_t000,calibration,0.75,naive,0,1.118550,0.542935,1.822076
aaaaaddm_s006_t000,calibration,0.75,naive,1,5.618960,0.899195,8.205239
aaaaadeu_s002_t000,calibration,0.75,naive,1,2.779786,0.714305,4.377869
aaaaadjk_s002_t000,calibration,0.75,naive,0,-0.545677,0.360453,2.571822
aaaaadkb_s002_t000,calibration,0.75,naive,1,10.704722,0.988645,7.612625
aaaaadsm_s002_t001,calibration,0.75,naive,0,-2.201638,0.211609,3.183976
aaaaaeab_s003_t000,calibration,0.75,naive,0,0.478638,0.471403,3.716449
aaaaaejc_s003_t001,calibration,0.75,naive,0,-1.055638,0.309629,8.494652
aaaaaezn_s003_t001,calibration,0.75,naive,1,0.326951,0.454510,7.232090
aaaaafhl_s003_t000,calibration,0.75,naive,1,1.623272,0.598273,5.350552
aaaaagfk_s003_t000,calibration,0.75,naive,0,-1.440780,0.274005,2.653820
aaaaagsc_s003_t001,calibration,0.75,naive,1,6.012955,0.914105,8.681314
aaaaagsc_s006_t001,calibration,0.75,naive,1,0.238464,0.444700,1.516428
aaaaaguk_s002_t001,calibration,0.75,naive,0,-4.540310,0.086041,11.505243
aaaaagvx_s002_t000,calibration,0.75,naive,1,1.328264,0.566139,7.465696
aaaaagvx_s003_t001,calibration,0.75,naive,1,2.043642,0.642584,2.262931
aaaaagyr_s002_t000,calibration,0.75,naive,1,-0.019224,0.416405,2.175125
aaaaahie_s005_t001,calibration,0.75,naive,1,6.254744,0.922237,6.242794
aaaaahsv_s002_t000,calibration,0.75,naive,0,-1.196636,0.296291,4.510574
aaaaahte_s002_t000,calibration,0.75,naive,1,7.961195,0.962226,9.669651
aaaaahte_s003_t000,calibration,0.75,naive,1,9.248358,0.978422,12.288472
aaaaahuy_s002_t000,calibration,0.75,naive,1,-0.119078,0.405576,3.015018
aaaaahzi_s001_t000,calibration,0.75,naive,0,2.419517,0.680264,2.574537
aaaaahzm_s001_t001,calibration,0.75,naive,0,0.249577,0.445930,1.546427
aaaaahzq_s001_t000,calibration,0.75,naive,0,-5.270556,0.063560,4.402795
aaaaahzs_s001_t001,calibration,0.75,naive,0,0.471827,0.470643,0.848665
aaaaaiae_s001_t000,calibration,0.75,naive,0,2.076278,0.645935,4.220553
aaaaaibx_s001_t000,calibration,0.75,naive,0,-2.505203,0.189809,2.760782
aaaaaiby_s001_t000,calibration,0.75,naive,0,-0.576289,0.357298,6.115571
aaaaaici_s001_t000,calibration,0.75,naive,0,-5.336059,0.061835,10.179986
aaaaaicn_s001_t000,calibration,0.75,naive,0,-0.238415,0.392755,5.581518
aaaaaijh_s002_t000,calibration,0.75,naive,1,-5.193927,0.065634,6.054119
aaaaaijn_s001_t001,calibration,0.75,naive,0,-0.129808,0.404418,3.185354
aaaaairb_s001_t001,calibration,0.75,naive,0,3.918987,0.806393,1.751102
aaaaairo_s001_t000,calibration,0.75,naive,0,-4.183596,0.099467,11.733842
aaaaaitt_s001_t000,calibration,0.75,naive,0,-1.949249,0.231086,4.567306
aaaaaiue_s004_t000,calibration,0.75,naive,1,2.437809,0.682044,3.480135
aaaaaiuo_s002_t000,calibration,0.75,naive,0,1.182531,0.550039,6.313933
aaaaaiwz_s001_t001,calibration,0.75,naive,0,-1.614061,0.258836,3.954221
aaaaaiyy_s001_t001,calibration,0.75,naive,0,-2.218465,0.210354,6.097122
aaaaaizd_s001_t001,calibration,0.75,naive,0,0.060877,0.425150,10.627283
aaaaaizs_s001_t000,calibration,0.75,naive,0,-0.487696,0.366463,1.806396
aaaaajae_s001_t001,calibration,0.75,naive,0,1.339299,0.567353,2.095859
aaaaajah_s002_t001,calibration,0.75,naive,1,0.190666,0.439419,6.729644
aaaaajah_s004_t000,calibration,0.75,naive,1,0.334081,0.455302,6.685613
aaaaajal_s001_t001,calibration,0.75,naive,0,-2.978843,0.159301,2.049424
aaaaajam_s001_t000,calibration,0.75,naive,1,2.136630,0.652094,1.252368
aaaaajar_s001_t001,calibration,0.75,naive,0,-0.958047,0.319051,8.341016
aaaaajbb_s001_t000,calibration,0.75,naive,0,2.808397,0.716913,5.240928
aaaaajbh_s002_t000,calibration,0.75,naive,0,1.833899,0.620727,5.840349
aaaaajce_s001_t000,calibration,0.75,naive,0,-1.564013,0.263161,4.538437
aaaaajci_s001_t000,calibration,0.75,naive,0,-1.316395,0.285228,1.754105
aaaaajck_s001_t000,calibration,0.75,naive,0,0.379727,0.460377,4.291792
aaaaajct_s001_t000,calibration,0.75,naive,0,1.100274,0.540903,0.812163
aaaaajcu_s001_t000,calibration,0.75,naive,0,-0.692341,0.345450,3.458549
aaaaajda_s001_t000,calibration,0.75,naive,0,-1.480479,0.270481,5.113436
aaaaajdb_s001_t000,calibration,0.75,naive,0,-3.401819,0.135529,7.852538
aaaaajdv_s001_t000,calibration,0.75,naive,0,0.461878,0.469533,9.580515
aaaaajdy_s001_t000,calibration,0.75,naive,0,-2.915979,0.163109,6.423966
aaaaajdz_s001_t000,calibration,0.75,naive,0,-1.419052,0.275946,4.208317
aaaaajea_s001_t000,calibration,0.75,naive,0,3.944997,0.808205,2.168007
aaaaajen_s001_t000,calibration,0.75,naive,0,-0.242500,0.392319,1.966682
aaaaajey_s001_t000,calibration,0.75,naive,0,0.092657,0.428634,7.042658
aaaaajfb_s001_t000,calibration,0.75,naive,0,-4.005367,0.106852,6.374689
aaaaajfe_s001_t000,calibration,0.75,naive,0,-1.284247,0.288174,1.735863
aaaaajff_s001_t000,calibration,0.75,naive,0,-2.504874,0.189832,2.001891
aaaaajfi_s001_t001,calibration,0.75,naive,0,-1.283044,0.288284,1.862141
aaaaajfn_s001_t001,calibration,0.75,naive,0,0.534343,0.477626,7.767088
aaaaajfy_s001_t000,calibration,0.75,naive,0,-3.170323,0.148146,9.203651
aaaaajga_s001_t001,calibration,0.75,naive,0,0.764491,0.503387,6.403916
aaaaajhy_s001_t000,calibration,0.75,naive,0,-5.082520,0.068762,5.594942
aaaaajit_s001_t001,calibration,0.75,naive,0,0.681540,0.494097,3.224734
aaaaajiu_s001_t000,calibration,0.75,naive,0,-0.933506,0.321444,9.466819
aaaaajiy_s001_t001,calibration,0.75,naive,0,-0.627197,0.352078,7.342010
aaaaajiz_s001_t000,calibration,0.75,naive,0,-0.818791,0.332755,7.903779
aaaaajjb_s001_t001,calibration,0.75,naive,0,1.462093,0.580803,4.514777
aaaaajje_s001_t000,calibration,0.75,naive,0,-2.638082,0.180823,9.937846
aaaaajjk_s001_t000,calibration,0.75,naive,0,2.473385,0.685490,3.221412
aaaaajna_s001_t000,calibration,0.75,naive,0,-4.759721,0.078619,5.011693
aaaaajnu_s001_t000,calibration,0.75,naive,0,-3.318004,0.139989,8.234107
aaaaajon_s001_t000,calibration,0.75,naive,0,0.155139,0.435502,10.701413
aaaaajoo_s002_t001,calibration,0.75,naive,1,0.078687,0.427101,7.569817
aaaaajpg_s001_t001,calibration,0.75,naive,0,-3.360526,0.137712,4.566972
aaaaajqh_s004_t000,calibration,0.75,naive,1,7.290968,0.949663,7.872575
aaaaajqk_s003_t001,calibration,0.75,naive,1,6.595838,0.932513,1.542100
aaaaajrf_s001_t000,calibration,0.75,naive,1,14.036291,0.997425,9.416563
aaaaajrf_s002_t000,calibration,0.75,naive,1,20.244959,0.999840,4.514373
aaaaajrf_s003_t002,calibration,0.75,naive,1,17.428976,0.999436,6.700537
aaaaajrf_s004_t000,calibration,0.75,naive,1,3.065212,0.739670,2.965198
aaaaajso_s001_t000,calibration,0.75,naive,1,7.305323,0.949969,5.934216
aaaaajtg_s001_t000,calibration,0.75,naive,0,-2.106361,0.218817,16.648424
aaaaajtu_s001_t000,calibration,0.75,naive,0,-2.762096,0.172739,8.199033
aaaaajuh_s001_t000,calibration,0.75,naive,1,5.463493,0.892704,9.417240
aaaaajun_s001_t000,calibration,0.75,naive,0,5.623569,0.899382,7.365535
aaaaajvh_s001_t001,calibration,0.75,naive,0,-2.393940,0.197593,12.840556
aaaaajxp_s001_t000,calibration,0.75,naive,0,1.129630,0.544167,2.316528
aaaaakck_s001_t001,calibration,0.75,naive,1,2.993380,0.733426,6.823357
aaaaakcx_s001_t001,calibration,0.75,naive,1,7.533276,0.954606,4.761142
aaaaakcy_s005_t001,calibration,0.75,naive,1,10.862959,0.989414,7.876592
aaaaakdj_s001_t000,calibration,0.75,naive,1,0.594053,0.484303,5.963703
aaaaakdo_s001_t000,calibration,0.75,naive,1,2.472571,0.685412,8.035827
aaaaakeq_s001_t000,calibration,0.75,naive,1,4.933862,0.867771,16.674371
aaaaakeq_s002_t000,calibration,0.75,naive,1,5.849924,0.908194,9.532777
aaaaakeq_s003_t000,calibration,0.75,naive,1,5.873673,0.909078,15.989648
aaaaakev_s001_t001,calibration,0.75,naive,1,18.927373,0.999711,33.874248
aaaaakev_s002_t000,calibration,0.75,naive,1,15.838666,0.998850,15.483220
aaaaakft_s001_t000,calibration,0.75,naive,0,-3.622324,0.124367,5.593333
aaaaakgp_s001_t001,calibration,0.75,naive,0,3.369828,0.765077,2.455497
aaaaakgu_s001_t000,calibration,0.75,naive,1,-0.436761,0.371776,1.074814
aaaaakjk_s002_t002,calibration,0.75,naive,1,1.581847,0.593805,8.160225
aaaaakjk_s003_t000,calibration,0.75,naive,1,5.658611,0.900794,9.360915
aaaaakka_s001_t001,calibration,0.75,naive,0,0.617909,0.486973,8.733047
aaaaakmg_s003_t001,calibration,0.75,naive,1,5.160043,0.878971,4.474786
aaaaakmh_s001_t000,calibration,0.75,naive,1,-0.155719,0.401625,5.694791
aaaaaknt_s001_t000,calibration,0.75,naive,1,1.210316,0.553117,4.173319
aaaaakoo_s001_t001,calibration,0.75,naive,1,17.882747,0.999539,6.506184
aaaaakqg_s001_t001,calibration,0.75,naive,0,0.036425,0.422475,8.840755
aaaaakqr_s001_t000,calibration,0.75,naive,0,-0.350893,0.380804,4.696465
aaaaakrt_s001_t001,calibration,0.75,naive,1,7.546126,0.954855,3.095289
aaaaakrt_s002_t001,calibration,0.75,naive,1,6.625380,0.933341,5.894968
aaaaaksb_s001_t000,calibration,0.75,naive,0,-2.660000,0.179373,6.605749
aaaaaksu_s001_t001,calibration,0.75,naive,0,0.563158,0.480848,5.119699
aaaaakxz_s001_t001,calibration,0.75,naive,1,2.674760,0.704607,1.696872
aaaaakxz_s002_t001,calibration,0.75,naive,1,5.027845,0.872528,4.906322
aaaaalaf_s001_t000,calibration,0.75,naive,0,0.490519,0.472730,2.073434
aaaaalau_s001_t000,calibration,0.75,naive,1,3.565126,0.780436,9.132052
aaaaalbh_s001_t000,calibration,0.75,naive,1,3.576483,0.781307,4.641621
aaaaalbt_s001_t001,calibration,0.75,naive,0,-0.418966,0.373640,6.783051
aaaaalbt_s002_t000,calibration,0.75,naive,0,-1.201229,0.295862,3.511842
aaaaalbz_s006_t000,calibration,0.75,naive,1,11.935157,0.993425,17.246847
aaaaalid_s001_t001,calibration,0.75,naive,0,6.450795,0.928307,11.103056
aaaaaljf_s001_t000,calibration,0.75,naive,1,2.273711,0.665893,12.815931
aaaaaljj_s001_t000,calibration,0.75,naive,0,-1.876803,0.236903,3.730670
aaaaallc_s001_t001,calibration,0.75,naive,0,2.853380,0.720985,10.757016
aaaaalle_s002_t000,calibration,0.75,naive,1,3.073158,0.740355,5.807941
aaaaalox_s001_t001,calibration,0.75,naive,0,2.629628,0.700382,7.803466
aaaaalpv_s001_t000,calibration,0.75,naive,0,0.199581,0.440403,9.672554
aaaaalqa_s001_t000,calibration,0.75,naive,0,-0.779687,0.336656,5.450713
aaaaalqr_s001_t001,calibration,0.75,naive,1,-1.559583,0.263546,7.086987
aaaaalqs_s001_t001,calibration,0.75,naive,0,-0.084614,0.409304,4.124294
aaaaalqx_s001_t000,calibration,0.75,naive,0,-3.917726,0.110657,4.886985
aaaaalrc_s002_t000,calibration,0.75,naive,1,20.230174,0.999839,1.124925
aaaaalsq_s001_t000,calibration,0.75,naive,0,-0.453226,0.370055,1.422482
aaaaalsx_s001_t000,calibration,0.75,naive,1,-0.744837,0.340151,5.242447
aaaaalsx_s004_t001,calibration,0.75,naive,1,0.457341,0.469027,2.496535
aaaaaluz_s001_t001,calibration,0.75,naive,0,-1.008943,0.314118,1.913271
aaaaalvw_s001_t000,calibration,0.75,naive,0,-5.594390,0.055452,3.313924
aaaaalvz_s001_t000,calibration,0.75,naive,1,13.943413,0.997316,16.990011
aaaaalxk_s001_t000,calibration,0.75,naive,0,1.576110,0.593185,1.608271
aaaaalyr_s001_t000,calibration,0.75,naive,1,1.352783,0.568835,3.790706
aaaaalzk_s002_t001,calibration,0.75,naive,1,11.745240,0.992846,13.326829
aaaaamcb_s001_t001,calibration,0.75,naive,1,9.983181,0.984380,9.395805
aaaaamfe_s001_t001,calibration,0.75,naive,0,7.458926,0.953140,10.311463
aaaaamft_s001_t001,calibration,0.75,naive,1,-6.507182,0.037539,4.520591
aaaaamfu_s001_t000,calibration,0.75,naive,0,1.522374,0.587363,4.167655
aaaaamhi_s001_t000,calibration,0.75,naive,1,12.316509,0.994452,24.424341
aaaaamhk_s001_t000,calibration,0.75,naive,1,4.051676,0.815505,4.529534
aaaaamjc_s001_t001,calibration,0.75,naive,1,9.563282,0.981208,12.125103
aaaaammh_s001_t001,calibration,0.75,naive,1,2.899938,0.725162,7.262106
aaaaamnq_s001_t000,calibration,0.75,naive,1,7.720735,0.958109,13.309818
aaaaamnq_s002_t000,calibration,0.75,naive,1,6.710249,0.935668,8.426881
aaaaamon_s001_t000,calibration,0.75,naive,0,0.387693,0.461264,10.499179
aaaaampz_s001_t000,calibration,0.75,naive,1,2.042381,0.642454,1.659265
aaaaamrj_s001_t000,calibration,0.75,naive,0,-1.322174,0.284701,5.958927
aaaaamsc_s001_t000,calibration,0.75,naive,1,5.348857,0.887685,0.686758
aaaaamtb_s001_t000,calibration,0.75,naive,0,1.611794,0.597037,5.375032
aaaaamuc_s001_t000,calibration,0.75,naive,0,-0.520137,0.363095,0.999786
aaaaamxn_s001_t000,calibration,0.75,naive,1,1.888571,0.626476,7.794611
aaaaamyb_s001_t001,calibration,0.75,naive,0,-0.223400,0.394360,1.275143
aaaaamye_s001_t000,calibration,0.75,naive,1,14.573583,0.997975,16.881101
aaaaamzi_s001_t001,calibration,0.75,naive,1,5.757470,0.904682,4.659621
aaaaamzl_s001_t000,calibration,0.75,naive,0,-1.456168,0.272636,4.845265
aaaaamzx_s001_t000,calibration,0.75,naive,0,-3.588479,0.126027,3.527171
aaaaanbq_s001_t000,calibration,0.75,naive,0,-0.050990,0.412951,6.503102
aaaaanek_s001_t000,calibration,0.75,naive,0,-4.509025,0.087149,2.207398
aaaaangp_s001_t000,calibration,0.75,naive,0,-0.410616,0.374516,4.329555
aaaaanhb_s001_t003,calibration,0.75,naive,1,3.731279,0.792925,14.310625
aaaaanhb_s003_t001,calibration,0.75,naive,1,3.160779,0.747829,4.417953
aaaaanhb_s005_t000,calibration,0.75,naive,1,5.244584,0.882943,6.168133
aaaaankf_s001_t000,calibration,0.75,naive,1,5.370465,0.888647,1.882027
aaaaanlp_s001_t000,calibration,0.75,naive,0,-0.852744,0.329386,1.226870
aaaaanmc_s001_t000,calibration,0.75,naive,1,7.458012,0.953122,9.988541
aaaaanop_s001_t000,calibration,0.75,naive,0,-0.402117,0.375408,10.277760
aaaaanoz_s001_t000,calibration,0.75,naive,1,-0.912657,0.323485,6.064199
aaaaanpr_s001_t002,calibration,0.75,naive,1,5.260471,0.883676,7.445458
aaaaanqe_s001_t000,calibration,0.75,naive,0,-1.929945,0.232627,4.575456
aaaaanro_s001_t000,calibration,0.75,naive,1,2.487242,0.686827,5.409744
aaaaansj_s001_t000,calibration,0.75,naive,1,4.267401,0.829604,6.392321
aaaaanta_s001_t000,calibration,0.75,naive,1,7.702863,0.957787,8.765643
aaaaanum_s001_t000,calibration,0.75,naive,0,0.346611,0.456694,4.709515
aaaaanvb_s002_t000,calibration,0.75,naive,0,-2.784625,0.171302,11.012245
aaaaanvg_s001_t002,calibration,0.75,naive,0,4.818464,0.861726,5.136636
aaaaanvw_s001_t000,calibration,0.75,naive,0,-3.974406,0.108182,6.568304
aaaaanwc_s001_t001,calibration,0.75,naive,1,8.430252,0.969164,66.595343
aaaaanxl_s001_t000,calibration,0.75,naive,1,6.908492,0.940811,3.789506
aaaaanyb_s001_t001,calibration,0.75,naive,0,0.719422,0.498339,1.092733
aaaaanyt_s002_t000,calibration,0.75,naive,1,-5.943503,0.047808,20.941142
aaaaanyw_s001_t000,calibration,0.75,naive,1,5.174853,0.879675,2.778763
aaaaanyw_s002_t000,calibration,0.75,naive,1,3.938051,0.807723,9.584928
aaaaanzh_s001_t000,calibration,0.75,naive,1,2.439587,0.682217,9.580890
aaaaanzu_s001_t003,calibration,0.75,naive,1,3.673158,0.788617,8.703558
aaaaaoav_s001_t000,calibration,0.75,naive,0,-1.358084,0.281436,8.563835
aaaaaoav_s002_t000,calibration,0.75,naive,0,-3.766638,0.117495,4.497176
aaaaaobi_s001_t000,calibration,0.75,naive,1,-3.766117,0.117520,11.672704
aaaaaobl_s001_t000,calibration,0.75,naive,0,-1.059777,0.309232,2.506420
aaaaaoby_s001_t000,calibration,0.75,naive,0,0.585989,0.483401,5.675420
aaaaaoda_s001_t000,calibration,0.75,naive,1,8.857211,0.974395,4.451938
aaaaaoeg_s001_t000,calibration,0.75,naive,0,-3.420558,0.134549,9.179616
aaaaaofj_s001_t000,calibration,0.75,naive,0,0.121011,0.431747,4.568246
aaaaaofr_s001_t000,calibration,0.75,naive,0,2.515885,0.689581,1.867732
aaaaaofz_s001_t000,calibration,0.75,naive,0,-0.428671,0.372623,14.607306
aaaaaohb_s001_t000,calibration,0.75,naive,1,5.445362,0.891924,1.296348
aaaaaohr_s002_t001,calibration,0.75,naive,1,9.680805,0.982154,7.101759
aaaaaoiq_s001_t000,calibration,0.75,naive,1,4.500758,0.843878,7.386676
aaaaaoiv_s001_t000,calibration,0.75,naive,1,-1.812156,0.242179,1.840986
aaaaaoiv_s002_t001,calibration,0.75,naive,1,12.771647,0.995471,8.220259
aaaaaoiv_s003_t003,calibration,0.75,naive,1,10.087131,0.985080,1.657318
aaaaaojd_s001_t002,calibration,0.75,naive,0,-1.649099,0.255837,2.330715
aaaaaokg_s001_t000,calibration,0.75,naive,0,3.034584,0.737019,13.032384
aaaaaoly_s001_t000,calibration,0.75,naive,0,-1.961782,0.230090,7.397120
aaaaaome_s001_t000,calibration,0.75,naive,0,-3.651561,0.122947,4.480068
aaaaaomx_s001_t000,calibration,0.75,naive,0,-3.221007,0.145303,9.110580
aaaaaomy_s001_t000,calibration,0.75,naive,1,5.791846,0.906002,14.424337
aaaaaonb_s001_t000,calibration,0.75,naive,0,1.404505,0.574508,9.377328
aaaaaons_s002_t002,calibration,0.75,naive,1,6.076385,0.916310,5.098070
aaaaaopd_s001_t000,calibration,0.75,naive,0,-0.973412,0.317557,8.415674
aaaaaopo_s001_t000,calibration,0.75,naive,0,0.171289,0.437282,8.739826
aaaaaora_s002_t000,calibration,0.75,naive,1,3.187605,0.750089,5.718184
aaaaaord_s001_t000,calibration,0.75,naive,1,0.746490,0.501371,2.183433
aaaaaosh_s001_t000,calibration,0.75,naive,1,-0.589827,0.355906,2.078279
aaaaaosw_s001_t000,calibration,0.75,naive,0,1.176607,0.549382,5.946672
aaaaaote_s001_t000,calibration,0.75,naive,0,0.628426,0.488150,2.902919
aaaaaout_s001_t000,calibration,0.75,naive,1,2.150619,0.653514,5.632514
aaaaaovl_s001_t000,calibration,0.75,naive,1,11.356829,0.991497,6.702670
aaaaaovo_s001_t000,calibration,0.75,naive,1,7.918669,0.961527,14.051164
aaaaaowb_s001_t000,calibration,0.75,naive,0,2.253971,0.663923,7.470441
aaaaaoxf_s001_t000,calibration,0.75,naive,0,-2.374812,0.198955,1.708222
aaaaaozf_s001_t001,calibration,0.75,naive,0,0.859594,0.514035,10.216174
aaaaapag_s001_t000,calibration,0.75,naive,0,-2.876088,0.165563,19.755423
aaaaapar_s001_t000,calibration,0.75,naive,1,17.932376,0.999549,9.237975
aaaaapcb_s001_t000,calibration,0.75,naive,0,4.198239,0.825180,3.476517
aaaaapcy_s001_t002,calibration,0.75,naive,0,-2.260939,0.207211,4.875626
aaaaapdg_s001_t000,calibration,0.75,naive,0,-3.718390,0.119755,5.815749
aaaaaphs_s001_t000,calibration,0.75,naive,1,6.104662,0.917276,5.200409
aaaaaphw_s001_t000,calibration,0.75,naive,0,2.127778,0.651194,4.622195
aaaaapij_s001_t000,calibration,0.75,naive,0,0.434178,0.466443,5.390460
aaaaapjc_s001_t001,calibration,0.75,naive,0,0.499250,0.473705,5.771501
aaaaapka_s001_t000,calibration,0.75,naive,0,-0.414630,0.374095,1.542910
aaaaapkx_s001_t001,calibration,0.75,naive,1,-1.554583,0.263981,7.827158
aaaaaply_s001_t001,calibration,0.75,naive,1,8.272729,0.966984,11.719180
aaaaapmb_s002_t001,calibration,0.75,naive,1,3.610709,0.783916,1.049670
aaaaapmp_s001_t000,calibration,0.75,naive,1,0.249059,0.445873,7.849695
aaaaapnr_s001_t000,calibration,0.75,naive,1,-2.077553,0.221031,7.381432
aaaaapoc_s001_t000,calibration,0.75,naive,1,4.692490,0.854863,4.403115
aaaaapof_s001_t000,calibration,0.75,naive,0,-3.108881,0.151653,8.032696
aaaaapoo_s001_t000,calibration,0.75,naive,0,1.082081,0.538878,11.724343
aaaaapoq_s001_t000,calibration,0.75,naive,0,2.893999,0.724631,3.406594
aaaaappb_s001_t000,calibration,0.75,naive,0,0.805145,0.507940,5.630212
aaaaapqd_s001_t000,calibration,0.75,naive,1,1.752836,0.612141,4.014936
aaaaapqv_s001_t000,calibration,0.75,naive,0,0.434816,0.466514,12.404762
aaaaapta_s001_t000,calibration,0.75,naive,1,0.781358,0.505276,23.377405
aaaaapth_s001_t000,calibration,0.75,naive,1,1.856342,0.623091,7.984661
aaaaapua_s001_t001,calibration,0.75,naive,0,-7.424167,0.025212,7.381380
aaaaapuu_s001_t000,calibration,0.75,naive,0,-2.434144,0.194753,3.648204
aaaaapvw_s001_t001,calibration,0.75,naive,1,5.591181,0.898062,5.498970
aaaaapvy_s001_t000,calibration,0.75,naive,1,0.924456,0.521290,11.004008
aaaaapwn_s001_t001,calibration,0.75,naive,0,0.730063,0.499531,10.368702
aaaaapwo_s001_t001,calibration,0.75,naive,1,11.075316,0.990365,1.858498
aaaaapxm_s001_t001,calibration,0.75,naive,0,-1.306647,0.286119,9.340026
aaaaapys_s001_t001,calibration,0.75,naive,1,13.033946,0.995971,3.528336
aaaaapys_s002_t001,calibration,0.75,naive,1,7.881842,0.960912,4.949306
aaaaaayx_s002_t000,calibration,1.0,canonicalized,0,0.797363,0.507068,6.033919
aaaaabdo_s003_t000,calibration,1.0,canonicalized,1,10.243760,0.986077,5.504928
aaaaabsk_s007_t000,calibration,1.0,canonicalized,1,1.747691,0.611593,10.203362
aaaaabuv_s002_t000,calibration,1.0,canonicalized,1,3.151274,0.747025,3.189991
aaaaacad_s003_t000,calibration,1.0,canonicalized,0,1.559729,0.591413,2.900265
aaaaacby_s004_t000,calibration,1.0,canonicalized,0,1.079388,0.538578,1.285323
aaaaaddm_s006_t000,calibration,1.0,canonicalized,1,5.313769,0.886108,7.955435
aaaaadeu_s002_t000,calibration,1.0,canonicalized,1,4.882767,0.865123,5.700261
aaaaadjk_s002_t000,calibration,1.0,canonicalized,0,-0.091694,0.408537,2.816257
aaaaadkb_s002_t000,calibration,1.0,canonicalized,1,8.988334,0.975820,3.786852
aaaaadsm_s002_t001,calibration,1.0,canonicalized,0,-3.165178,0.148437,3.714667
aaaaaeab_s003_t000,calibration,1.0,canonicalized,0,0.876839,0.515964,3.683766
aaaaaejc_s003_t001,calibration,1.0,canonicalized,0,0.618804,0.487073,7.160816
aaaaaezn_s003_t001,calibration,1.0,canonicalized,1,0.203856,0.440875,12.863887
aaaaafhl_s003_t000,calibration,1.0,canonicalized,1,3.231133,0.753726,5.191281
aaaaagfk_s003_t000,calibration,1.0,canonicalized,0,-0.887473,0.325959,1.886640
aaaaagsc_s003_t001,calibration,1.0,canonicalized,1,6.129944,0.918132,13.377104
aaaaagsc_s006_t001,calibration,1.0,canonicalized,1,0.567169,0.481296,1.787220
aaaaaguk_s002_t001,calibration,1.0,canonicalized,0,-4.080843,0.103667,14.594594
aaaaagvx_s002_t000,calibration,1.0,canonicalized,1,2.097799,0.648137,6.631718
aaaaagvx_s003_t001,calibration,1.0,canonicalized,1,2.357708,0.674212,1.638047
aaaaagyr_s002_t000,calibration,1.0,canonicalized,1,0.327556,0.454577,2.476656
aaaaahie_s005_t001,calibration,1.0,canonicalized,1,8.422357,0.969058,3.342462
aaaaahsv_s002_t000,calibration,1.0,canonicalized,0,-0.644346,0.350327,4.840308
aaaaahte_s002_t000,calibration,1.0,canonicalized,1,7.489285,0.953744,9.496447
aaaaahte_s003_t000,calibration,1.0,canonicalized,1,9.697431,0.982284,5.704443
aaaaahuy_s002_t000,calibration,1.0,canonicalized,1,0.396623,0.462258,2.074379
aaaaahzi_s001_t000,calibration,1.0,canonicalized,0,1.323592,0.565625,2.256042
aaaaahzm_s001_t001,calibration,1.0,canonicalized,0,1.632966,0.599317,1.996099
aaaaahzq_s001_t000,calibration,1.0,canonicalized,0,-4.605544,0.083770,4.517608
aaaaahzs_s001_t001,calibration,1.0,canonicalized,0,1.152116,0.546664,2.295641
aaaaaiae_s001_t000,calibration,1.0,canonicalized,0,2.169543,0.655431,3.481947
aaaaaibx_s001_t000,calibration,1.0,canonicalized,0,-2.618305,0.182139,5.000594
aaaaaiby_s001_t000,calibration,1.0,canonicalized,0,-0.637928,0.350982,7.243094
aaaaaici_s001_t000,calibration,1.0,canonicalized,0,-2.830939,0.168376,14.665339
aaaaaicn_s001_t000,calibration,1.0,canonicalized,0,1.398285,0.573827,4.297848
aaaaaijh_s002_t000,calibration,1.0,canonicalized,1,-4.418956,0.090413,6.587883
aaaaaijn_s001_t001,calibration,1.0,canonicalized,0,-0.336075,0.382371,3.067377
aaaaairb_s001_t001,calibration,1.0,canonicalized,0,3.406926,0.768051,3.521896
aaaaairo_s001_t000,calibration,1.0,canonicalized,0,-4.265995,0.096209,9.917638
aaaaaitt_s001_t000,calibration,1.0,canonicalized,0,-1.160600,0.299668,5.031238
aaaaaiue_s004_t000,calibration,1.0,canonicalized,1,1.953797,0.633288,2.440909
aaaaaiuo_s002_t000,calibration,1.0,canonicalized,0,1.290934,0.562026,5.571756
aaaaaiwz_s001_t001,calibration,1.0,canonicalized,0,-0.788990,0.335726,2.398023
aaaaaiyy_s001_t001,calibration,1.0,canonicalized,0,-1.794851,0.243605,7.325446
aaaaaizd_s001_t001,calibration,1.0,canonicalized,0,0.716805,0.498046,10.481077
aaaaaizs_s001_t000,calibration,1.0,canonicalized,0,0.374293,0.459773,2.762528
aaaaajae_s001_t001,calibration,1.0,canonicalized,0,3.367557,0.764894,1.360164
aaaaajah_s002_t001,calibration,1.0,canonicalized,1,-0.245127,0.392038,5.647690
aaaaajah_s004_t000,calibration,1.0,canonicalized,1,1.580817,0.593694,3.266650
aaaaajal_s001_t001,calibration,1.0,canonicalized,0,-2.771730,0.172123,0.592492
aaaaajam_s001_t000,calibration,1.0,canonicalized,1,1.607907,0.596618,0.992104
aaaaajar_s001_t001,calibration,1.0,canonicalized,0,-1.615194,0.258739,9.817386
aaaaajbb_s001_t000,calibration,1.0,canonicalized,0,2.384440,0.676837,5.803892
aaaaajbh_s002_t000,calibration,1.0,canonicalized,0,1.596701,0.595409,3.078843
aaaaajce_s001_t000,calibration,1.0,canonicalized,0,-0.969570,0.317931,3.750174
aaaaajci_s001_t000,calibration,1.0,canonicalized,0,1.755122,0.612384,2.301428
aaaaajck_s001_t000,calibration,1.0,canonicalized,0,-3.391644,0.136064,4.563148
aaaaajct_s001_t000,calibration,1.0,canonicalized,0,1.326665,0.565963,1.471760
aaaaajcu_s001_t000,calibration,1.0,canonicalized,0,-0.886652,0.326040,3.272210
aaaaajda_s001_t000,calibration,1.0,canonicalized,0,-2.506925,0.189691,3.486992
aaaaajdb_s001_t000,calibration,1.0,canonicalized,0,-2.674760,0.178402,9.910069
aaaaajdv_s001_t000,calibration,1.0,canonicalized,0,0.531838,0.477346,11.612101
aaaaajdy_s001_t000,calibration,1.0,canonicalized,0,-2.322340,0.202728,6.500485
aaaaajdz_s001_t000,calibration,1.0,canonicalized,0,-0.977186,0.317191,4.046065
aaaaajea_s001_t000,calibration,1.0,canonicalized,0,3.834979,0.800449,2.742921
aaaaajen_s001_t000,calibration,1.0,canonicalized,0,-0.687329,0.345958,2.999646
aaaaajey_s001_t000,calibration,1.0,canonicalized,0,-0.615418,0.353283,10.423932
aaaaajfb_s001_t000,calibration,1.0,canonicalized,0,-3.252866,0.143540,10.318708
aaaaajfe_s001_t000,calibration,1.0,canonicalized,0,-0.640931,0.350676,2.367006
aaaaajff_s001_t000,calibration,1.0,canonicalized,0,-3.125008,0.150726,0.715046
aaaaajfi_s001_t001,calibration,1.0,canonicalized,0,-1.349611,0.282204,1.858922
aaaaajfn_s001_t001,calibration,1.0,canonicalized,0,-1.967354,0.229648,7.901354
aaaaajfy_s001_t000,calibration,1.0,canonicalized,0,-4.020249,0.106217,10.210926
aaaaajga_s001_t001,calibration,1.0,canonicalized,0,1.042095,0.534424,8.738846
aaaaajhy_s001_t000,calibration,1.0,canonicalized,0,-4.033483,0.105655,7.314921
aaaaajit_s001_t001,calibration,1.0,canonicalized,0,-0.428493,0.372642,4.163789
aaaaajiu_s001_t000,calibration,1.0,canonicalized,0,0.018804,0.420551,8.866284
aaaaajiy_s001_t001,calibration,1.0,canonicalized,0,-1.296031,0.287092,6.977927
aaaaajiz_s001_t000,calibration,1.0,canonicalized,0,-0.629719,0.351820,10.209442
aaaaajjb_s001_t001,calibration,1.0,canonicalized,0,0.904583,0.519068,5.236742
aaaaajje_s001_t000,calibration,1.0,canonicalized,0,-2.965992,0.160074,13.755704
aaaaajjk_s001_t000,calibration,1.0,canonicalized,0,2.264640,0.664988,5.533590
aaaaajna_s001_t000,calibration,1.0,canonicalized,0,-4.666064,0.081713,6.324950
aaaaajnu_s001_t000,calibration,1.0,canonicalized,0,-3.119920,0.151018,5.988591
aaaaajon_s001_t000,calibration,1.0,canonicalized,0,-0.534415,0.361617,14.607711
aaaaajoo_s002_t001,calibration,1.0,canonicalized,1,0.748415,0.501587,8.589482
aaaaajpg_s001_t001,calibration,1.0,canonicalized,0,-3.061309,0.154415,4.429345
aaaaajqh_s004_t000,calibration,1.0,canonicalized,1,10.831127,0.989264,10.490657
aaaaajqk_s003_t001,calibration,1.0,canonicalized,1,7.147909,0.946509,4.609452
aaaaajrf_s001_t000,calibration,1.0,canonicalized,1,20.514970,0.999858,13.771175
aaaaajrf_s002_t000,calibration,1.0,canonicalized,1,21.548406,0.999911,5.535489
aaaaajrf_s003_t002,calibration,1.0,canonicalized,1,17.142748,0.999358,13.133788
aaaaajrf_s004_t000,calibration,1.0,canonicalized,1,2.945075,0.729174,2.705297
aaaaajso_s001_t000,calibration,1.0,canonicalized,1,8.421894,0.969052,5.771308
aaaaajtg_s001_t000,calibration,1.0,canonicalized,0,-0.608514,0.353990,19.104759
aaaaajtu_s001_t000,calibration,1.0,canonicalized,0,-2.249361,0.208064,7.727638
aaaaajuh_s001_t000,calibration,1.0,canonicalized,1,5.446912,0.891991,9.209607
aaaaajun_s001_t000,calibration,1.0,canonicalized,0,5.856901,0.908455,9.669546
aaaaajvh_s001_t001,calibration,1.0,canonicalized,0,-1.478463,0.270660,12.851650
aaaaajxp_s001_t000,calibration,1.0,canonicalized,0,2.228463,0.661368,3.813481
aaaaakck_s001_t001,calibration,1.0,canonicalized,1,2.725800,0.709344,4.250269
aaaaakcx_s001_t001,calibration,1.0,canonicalized,1,7.483310,0.953626,5.284796
aaaaakcy_s005_t001,calibration,1.0,canonicalized,1,14.157079,0.997560,9.192248
aaaaakdj_s001_t000,calibration,1.0,canonicalized,1,0.533208,0.477499,5.810711
aaaaakdo_s001_t000,calibration,1.0,canonicalized,1,0.446762,0.467846,8.328431
aaaaakeq_s001_t000,calibration,1.0,canonicalized,1,5.712423,0.902928,20.391148
aaaaakeq_s002_t000,calibration,1.0,canonicalized,1,6.693277,0.935209,11.281011
aaaaakeq_s003_t000,calibration,1.0,canonicalized,1,6.341355,0.924975,16.767918
aaaaakev_s001_t001,calibration,1.0,canonicalized,1,19.659818,0.999792,44.535682
aaaaakev_s002_t000,calibration,1.0,canonicalized,1,16.580000,0.999175,15.170171
aaaaakft_s001_t000,calibration,1.0,canonicalized,0,-1.961806,0.230088,9.728431
aaaaakgp_s001_t001,calibration,1.0,canonicalized,0,2.702607,0.707197,2.311369
aaaaakgu_s001_t000,calibration,1.0,canonicalized,1,-0.598081,0.355059,1.095352
aaaaakjk_s002_t002,calibration,1.0,canonicalized,1,3.524477,0.777300,7.246524
aaaaakjk_s003_t000,calibration,1.0,canonicalized,1,3.363101,0.764535,1.089623
aaaaakka_s001_t001,calibration,1.0,canonicalized,0,-0.206549,0.396165,10.468703
aaaaakmg_s003_t001,calibration,1.0,canonicalized,1,8.534802,0.970533,3.481621
aaaaakmh_s001_t000,calibration,1.0,canonicalized,1,0.241736,0.445062,5.171302
aaaaaknt_s001_t000,calibration,1.0,canonicalized,1,2.207687,0.659280,6.008289
aaaaakoo_s001_t001,calibration,1.0,canonicalized,1,19.131838,0.999737,11.727810
aaaaakqg_s001_t001,calibration,1.0,canonicalized,0,-0.134822,0.403877,10.397045
aaaaakqr_s001_t000,calibration,1.0,canonicalized,0,-0.353060,0.380575,7.430804
aaaaakrt_s001_t001,calibration,1.0,canonicalized,1,7.381646,0.951570,1.827545
aaaaakrt_s002_t001,calibration,1.0,canonicalized,1,5.744653,0.904186,3.627863
aaaaaksb_s001_t000,calibration,1.0,canonicalized,0,-2.766765,0.172441,8.713288
aaaaaksu_s001_t001,calibration,1.0,canonicalized,0,0.713212,0.497644,5.174269
aaaaakxz_s001_t001,calibration,1.0,canonicalized,1,3.872232,0.803102,1.624910
aaaaakxz_s002_t001,calibration,1.0,canonicalized,1,9.226237,0.978212,7.075196
aaaaalaf_s001_t000,calibration,1.0,canonicalized,0,-0.197631,0.397121,2.481178
aaaaalau_s001_t000,calibration,1.0,canonicalized,1,2.999851,0.733992,3.754263
aaaaalbh_s001_t000,calibration,1.0,canonicalized,1,3.440179,0.770694,5.315219
aaaaalbt_s001_t001,calibration,1.0,canonicalized,0,-1.310537,0.285764,6.955658
aaaaalbt_s002_t000,calibration,1.0,canonicalized,0,-0.703984,0.344271,4.455107
aaaaalbz_s006_t000,calibration,1.0,canonicalized,1,13.905689,0.997270,18.805310
aaaaalid_s001_t001,calibration,1.0,canonicalized,0,6.635639,0.933627,14.185534
aaaaaljf_s001_t000,calibration,1.0,canonicalized,1,2.654102,0.702677,10.685194
aaaaaljj_s001_t000,calibration,1.0,canonicalized,0,-1.509034,0.267965,4.963453
aaaaallc_s001_t001,calibration,1.0,canonicalized,0,2.678532,0.704959,8.924561
aaaaalle_s002_t000,calibration,1.0,canonicalized,1,3.518226,0.776815,5.162187
aaaaalox_s001_t001,calibration,1.0,canonicalized,0,3.038209,0.737334,9.008457
aaaaalpv_s001_t000,calibration,1.0,canonicalized,0,0.995904,0.529271,11.002436
aaaaalqa_s001_t000,calibration,1.0,canonicalized,0,-0.405395,0.375064,5.897599
aaaaalqr_s001_t001,calibration,1.0,canonicalized,1,3.904756,0.805395,5.800461
aaaaalqs_s001_t001,calibration,1.0,canonicalized,0,-0.005799,0.417867,4.204326
aaaaalqx_s001_t000,calibration,1.0,canonicalized,0,-2.867199,0.166114,8.009615
aaaaalrc_s002_t000,calibration,1.0,canonicalized,1,22.618965,0.999945,2.769320
aaaaalsq_s001_t000,calibration,1.0,canonicalized,0,-0.707694,0.343896,1.526571
aaaaalsx_s001_t000,calibration,1.0,canonicalized,1,-0.357215,0.380137,3.713354
aaaaalsx_s004_t001,calibration,1.0,canonicalized,1,3.938301,0.807740,1.400399
aaaaaluz_s001_t001,calibration,1.0,canonicalized,0,-2.483453,0.191312,2.810538
aaaaalvw_s001_t000,calibration,1.0,canonicalized,0,-4.073008,0.103994,3.536792
aaaaalvz_s001_t000,calibration,1.0,canonicalized,1,17.764677,0.999514,16.941523
aaaaalxk_s001_t000,calibration,1.0,canonicalized,0,0.051607,0.424136,2.090371
aaaaalyr_s001_t000,calibration,1.0,canonicalized,1,2.666429,0.703830,2.269750
aaaaalzk_s002_t001,calibration,1.0,canonicalized,1,11.658154,0.992563,11.206143
aaaaamcb_s001_t001,calibration,1.0,canonicalized,1,8.565190,0.970920,8.022186
aaaaamfe_s001_t001,calibration,1.0,canonicalized,0,4.938168,0.867992,3.509773
aaaaamft_s001_t001,calibration,1.0,canonicalized,1,4.672989,0.853776,9.662042
aaaaamfu_s001_t000,calibration,1.0,canonicalized,0,-0.643773,0.350386,3.689763
aaaaamhi_s001_t000,calibration,1.0,canonicalized,1,13.332243,0.996473,22.615031
aaaaamhk_s001_t000,calibration,1.0,canonicalized,1,3.990063,0.811315,5.637254
aaaaamjc_s001_t001,calibration,1.0,canonicalized,1,9.978611,0.984348,7.887620
aaaaammh_s001_t001,calibration,1.0,canonicalized,1,2.855662,0.721191,8.614485
aaaaamnq_s001_t000,calibration,1.0,canonicalized,1,9.227658,0.978225,20.027415
aaaaamnq_s002_t000,calibration,1.0,canonicalized,1,8.071270,0.963978,8.629158
aaaaamon_s001_t000,calibration,1.0,canonicalized,0,0.952471,0.524421,14.289837
aaaaampz_s001_t000,calibration,1.0,canonicalized,1,2.893401,0.724578,3.189890
aaaaamrj_s001_t000,calibration,1.0,canonicalized,0,-0.318583,0.384223,4.711849
aaaaamsc_s001_t000,calibration,1.0,canonicalized,1,4.882581,0.865113,1.205345
aaaaamtb_s001_t000,calibration,1.0,canonicalized,0,1.295231,0.562500,4.248883
aaaaamuc_s001_t000,calibration,1.0,canonicalized,0,0.869908,0.515189,2.209446
aaaaamxn_s001_t000,calibration,1.0,canonicalized,1,1.396920,0.573678,6.117829
aaaaamyb_s001_t001,calibration,1.0,canonicalized,0,-0.170939,0.399987,6.584206
aaaaamye_s001_t000,calibration,1.0,canonicalized,1,15.272586,0.998518,16.778440
aaaaamzi_s001_t001,calibration,1.0,canonicalized,1,7.900810,0.961230,9.314416
aaaaamzl_s001_t000,calibration,1.0,canonicalized,0,-0.553381,0.359658,5.405245
aaaaamzx_s001_t000,calibration,1.0,canonicalized,0,-5.533333,0.056903,5.413579
aaaaanbq_s001_t000,calibration,1.0,canonicalized,0,-0.364630,0.379354,4.020804
aaaaanek_s001_t000,calibration,1.0,canonicalized,0,-4.499028,0.087506,2.180840
aaaaangp_s001_t000,calibration,1.0,canonicalized,0,0.853977,0.513406,3.506725
aaaaanhb_s001_t003,calibration,1.0,canonicalized,1,5.425770,0.891075,13.164268
aaaaanhb_s003_t001,calibration,1.0,canonicalized,1,3.561047,0.780123,3.697322
aaaaanhb_s005_t000,calibration,1.0,canonicalized,1,6.173139,0.919575,4.059844
aaaaankf_s001_t000,calibration,1.0,canonicalized,1,5.847988,0.908122,2.012679
aaaaanlp_s001_t000,calibration,1.0,canonicalized,0,-1.349310,0.282232,2.438744
aaaaanmc_s001_t000,calibration,1.0,canonicalized,1,7.285056,0.949536,7.229926
aaaaanop_s001_t000,calibration,1.0,canonicalized,0,-0.586134,0.356286,16.192117
aaaaanoz_s001_t000,calibration,1.0,canonicalized,1,-1.496990,0.269024,5.650957
aaaaanpr_s001_t002,calibration,1.0,canonicalized,1,5.407794,0.890291,6.605126
aaaaanqe_s001_t000,calibration,1.0,canonicalized,0,-1.919488,0.233464,2.862462
aaaaanro_s001_t000,calibration,1.0,canonicalized,1,2.839075,0.719694,5.189558
aaaaansj_s001_t000,calibration,1.0,canonicalized,1,3.954428,0.808859,8.577586
aaaaanta_s001_t000,calibration,1.0,canonicalized,1,7.601535,0.955913,7.609046
aaaaanum_s001_t000,calibration,1.0,canonicalized,0,0.735740,0.500167,2.474124
aaaaanvb_s002_t000,calibration,1.0,canonicalized,0,-1.660222,0.254889,10.832060
aaaaanvg_s001_t002,calibration,1.0,canonicalized,0,5.552675,0.896471,4.093875
aaaaanvw_s001_t000,calibration,1.0,canonicalized,0,-4.134913,0.101438,7.257923
aaaaanwc_s001_t001,calibration,1.0,canonicalized,1,9.835313,0.983328,48.405863
aaaaanxl_s001_t000,calibration,1.0,canonicalized,1,7.435235,0.952664,4.262538
aaaaanyb_s001_t001,calibration,1.0,canonicalized,0,0.050773,0.424044,3.993414
aaaaanyt_s002_t000,calibration,1.0,canonicalized,1,2.827298,0.718629,36.242691
aaaaanyw_s001_t000,calibration,1.0,canonicalized,1,5.500300,0.894273,2.737350
aaaaanyw_s002_t000,calibration,1.0,canonicalized,1,3.968852,0.809856,9.235895
aaaaanzh_s001_t000,calibration,1.0,canonicalized,1,2.700188,0.706973,9.851526
aaaaanzu_s001_t003,calibration,1.0,canonicalized,1,4.153697,0.822282,12.725394
aaaaaoav_s001_t000,calibration,1.0,canonicalized,0,-1.967876,0.229607,6.947698
aaaaaoav_s002_t000,calibration,1.0,canonicalized,0,-3.423249,0.134409,4.818868
aaaaaobi_s001_t000,calibration,1.0,canonicalized,1,-2.567307,0.185568,10.844073
aaaaaobl_s001_t000,calibration,1.0,canonicalized,0,-1.383990,0.279095,1.868077
aaaaaoby_s001_t000,calibration,1.0,canonicalized,0,0.400355,0.462674,5.523662
aaaaaoda_s001_t000,calibration,1.0,canonicalized,1,9.125612,0.977230,5.550229
aaaaaoeg_s001_t000,calibration,1.0,canonicalized,0,-2.234970,0.209128,7.807271
aaaaaofj_s001_t000,calibration,1.0,canonicalized,0,-0.132354,0.404143,2.938008
aaaaaofr_s001_t000,calibration,1.0,canonicalized,0,2.946187,0.729272,2.997448
aaaaaofz_s001_t000,calibration,1.0,canonicalized,0,0.233812,0.444186,12.989346
aaaaaohb_s001_t000,calibration,1.0,canonicalized,1,6.711127,0.935692,2.428585
aaaaaohr_s002_t001,calibration,1.0,canonicalized,1,7.147548,0.946501,4.516088
aaaaaoiq_s001_t000,calibration,1.0,canonicalized,1,3.056725,0.738937,6.523420
aaaaaoiv_s001_t000,calibration,1.0,canonicalized,1,-2.679578,0.178086,1.175779
aaaaaoiv_s002_t001,calibration,1.0,canonicalized,1,12.630059,0.995176,7.772590
aaaaaoiv_s003_t003,calibration,1.0,canonicalized,1,9.358502,0.979439,1.203771
aaaaaojd_s001_t002,calibration,1.0,canonicalized,0,0.584864,0.483275,5.666768
aaaaaokg_s001_t000,calibration,1.0,canonicalized,0,4.550533,0.846793,14.606122
aaaaaoly_s001_t000,calibration,1.0,canonicalized,0,-1.545298,0.264790,8.541213
aaaaaome_s001_t000,calibration,1.0,canonicalized,0,-2.975545,0.159499,3.848016
aaaaaomx_s001_t000,calibration,1.0,canonicalized,0,-2.443573,0.194091,6.615391
aaaaaomy_s001_t000,calibration,1.0,canonicalized,1,6.681880,0.934899,21.820216
aaaaaonb_s001_t000,calibration,1.0,canonicalized,0,1.219001,0.554079,10.175941
aaaaaons_s002_t002,calibration,1.0,canonicalized,1,5.126382,0.877358,4.598037
aaaaaopd_s001_t000,calibration,1.0,canonicalized,0,-1.224043,0.293738,8.222712
aaaaaopo_s001_t000,calibration,1.0,canonicalized,0,1.910596,0.628782,13.289598
aaaaaora_s002_t000,calibration,1.0,canonicalized,1,3.793966,0.797498,5.244211
aaaaaord_s001_t000,calibration,1.0,canonicalized,1,1.557399,0.591161,2.620991
aaaaaosh_s001_t000,calibration,1.0,canonicalized,1,0.212571,0.441837,0.793028
aaaaaosw_s001_t000,calibration,1.0,canonicalized,0,0.278387,0.449121,8.815111
aaaaaote_s001_t000,calibration,1.0,canonicalized,0,1.513181,0.586364,4.464127
aaaaaout_s001_t000,calibration,1.0,canonicalized,1,3.170092,0.748615,4.062187
aaaaaovl_s001_t000,calibration,1.0,canonicalized,1,11.210764,0.990928,5.737111
aaaaaovo_s001_t000,calibration,1.0,canonicalized,1,8.249483,0.966650,7.693040
aaaaaowb_s001_t000,calibration,1.0,canonicalized,0,1.970834,0.635059,5.991671
aaaaaoxf_s001_t000,calibration,1.0,canonicalized,0,-3.184175,0.147364,4.310300
aaaaaozf_s001_t001,calibration,1.0,canonicalized,0,0.858175,0.513876,12.355434
aaaaapag_s001_t000,calibration,1.0,canonicalized,0,-2.069661,0.221641,23.064646
aaaaapar_s001_t000,calibration,1.0,canonicalized,1,22.234383,0.999934,8.034200
aaaaapcb_s001_t000,calibration,1.0,canonicalized,0,4.724863,0.856653,1.999351
aaaaapcy_s001_t002,calibration,1.0,canonicalized,0,-2.619368,0.182069,5.302472
aaaaapdg_s001_t000,calibration,1.0,canonicalized,0,-3.055649,0.154747,5.751585
aaaaaphs_s001_t000,calibration,1.0,canonicalized,1,7.249133,0.948759,4.037976
aaaaaphw_s001_t000,calibration,1.0,canonicalized,0,1.584185,0.594058,4.351695
aaaaapij_s001_t000,calibration,1.0,canonicalized,0,0.925259,0.521380,4.257375
aaaaapjc_s001_t001,calibration,1.0,canonicalized,0,-1.653541,0.255458,5.392464
aaaaapka_s001_t000,calibration,1.0,canonicalized,0,-1.035298,0.311580,1.353806
aaaaapkx_s001_t001,calibration,1.0,canonicalized,1,-1.252446,0.291105,17.427785
aaaaaply_s001_t001,calibration,1.0,canonicalized,1,7.542501,0.954785,16.690638
aaaaapmb_s002_t001,calibration,1.0,canonicalized,1,5.670852,0.901283,2.402243
aaaaapmp_s001_t000,calibration,1.0,canonicalized,1,1.436509,0.578009,7.159549
aaaaapnr_s001_t000,calibration,1.0,canonicalized,1,-3.437481,0.133669,7.717813
aaaaapoc_s001_t000,calibration,1.0,canonicalized,1,6.213612,0.920905,6.305291
aaaaapof_s001_t000,calibration,1.0,canonicalized,0,-3.450676,0.132986,8.263158
aaaaapoo_s001_t000,calibration,1.0,canonicalized,0,0.458092,0.469110,10.332569
aaaaapoq_s001_t000,calibration,1.0,canonicalized,0,2.877797,0.723181,1.891007
aaaaappb_s001_t000,calibration,1.0,canonicalized,0,-1.099876,0.305408,5.571034
aaaaapqd_s001_t000,calibration,1.0,canonicalized,1,4.915547,0.866827,4.741676
aaaaapqv_s001_t000,calibration,1.0,canonicalized,0,0.714970,0.497841,14.622424
aaaaapta_s001_t000,calibration,1.0,canonicalized,1,0.344693,0.456481,19.929139
aaaaapth_s001_t000,calibration,1.0,canonicalized,1,3.417056,0.768859,3.482275
aaaaapua_s001_t001,calibration,1.0,canonicalized,0,-7.426538,0.025186,7.684413
aaaaapuu_s001_t000,calibration,1.0,canonicalized,0,0.739423,0.500579,5.927943
aaaaapvw_s001_t001,calibration,1.0,canonicalized,1,6.431457,0.927728,5.183188
aaaaapvy_s001_t000,calibration,1.0,canonicalized,1,2.715342,0.708377,8.005881
aaaaapwn_s001_t001,calibration,1.0,canonicalized,0,0.913355,0.520049,7.804805
aaaaapwo_s001_t001,calibration,1.0,canonicalized,1,10.376740,0.986872,3.361413
aaaaapxm_s001_t001,calibration,1.0,canonicalized,0,-1.249463,0.291381,9.896285
aaaaapys_s001_t001,calibration,1.0,canonicalized,1,13.636601,0.996921,3.659078
aaaaapys_s002_t001,calibration,1.0,canonicalized,1,8.313813,0.967566,3.907705
aaaaaayx_s002_t000,calibration,1.0,naive,0,1.006242,0.530425,5.687991
aaaaabdo_s003_t000,calibration,1.0,naive,1,9.134437,0.977318,7.038333
aaaaabsk_s007_t000,calibration,1.0,naive,1,2.921122,0.727049,9.741259
aaaaabuv_s002_t000,calibration,1.0,naive,1,3.149395,0.746866,2.954147
aaaaacad_s003_t000,calibration,1.0,naive,0,1.818022,0.619051,2.986030
aaaaacby_s004_t000,calibration,1.0,naive,0,1.231650,0.555479,1.864122
aaaaaddm_s006_t000,calibration,1.0,naive,1,5.817924,0.906992,8.468046
aaaaadeu_s002_t000,calibration,1.0,naive,1,2.874003,0.722840,4.359178
aaaaadjk_s002_t000,calibration,1.0,naive,0,-0.461778,0.369163,2.610160
aaaaadkb_s002_t000,calibration,1.0,naive,1,10.813966,0.989182,7.629661
aaaaadsm_s002_t001,calibration,1.0,naive,0,-2.131602,0.216891,3.245412
aaaaaeab_s003_t000,calibration,1.0,naive,0,0.616913,0.486862,3.644240
aaaaaejc_s003_t001,calibration,1.0,naive,0,-0.921146,0.322653,8.600772
aaaaaezn_s003_t001,calibration,1.0,naive,1,0.541431,0.478418,7.685857
aaaaafhl_s003_t000,calibration,1.0,naive,1,1.655895,0.601781,5.341568
aaaaagfk_s003_t000,calibration,1.0,naive,0,-1.374724,0.279931,2.611255
aaaaagsc_s003_t001,calibration,1.0,naive,1,6.314301,0.924129,8.498612
aaaaagsc_s006_t001,calibration,1.0,naive,1,0.417768,0.464614,1.521528
aaaaaguk_s002_t001,calibration,1.0,naive,0,-4.455347,0.089082,11.540113
aaaaagvx_s002_t000,calibration,1.0,naive,1,1.437394,0.578106,7.596948
aaaaagvx_s003_t001,calibration,1.0,naive,1,2.185823,0.657077,2.277699
aaaaagyr_s002_t000,calibration,1.0,naive,1,0.168787,0.437006,2.080153
aaaaahie_s005_t001,calibration,1.0,naive,1,6.394599,0.926613,6.414838
aaaaahsv_s002_t000,calibration,1.0,naive,0,-1.076631,0.307622,4.487576
aaaaahte_s002_t000,calibration,1.0,naive,1,8.196274,0.965873,9.733444
aaaaahte_s003_t000,calibration,1.0,naive,1,9.367213,0.979518,12.511768
aaaaahuy_s002_t000,calibration,1.0,naive,1,-0.025166,0.415758,3.051771
aaaaahzi_s001_t000,calibration,1.0,naive,0,2.585356,0.696203,2.551017
aaaaahzm_s001_t001,calibration,1.0,naive,0,0.259271,0.447003,1.534182
aaaaahzq_s001_t000,calibration,1.0,naive,0,-5.261463,0.063802,4.456424
aaaaahzs_s001_t001,calibration,1.0,naive,0,0.575112,0.482185,0.888164
aaaaaiae_s001_t000,calibration,1.0,naive,0,2.095992,0.647952,4.241777
aaaaaibx_s001_t000,calibration,1.0,naive,0,-2.418015,0.195889,2.760963
aaaaaiby_s001_t000,calibration,1.0,naive,0,-0.159194,0.401251,6.717556
aaaaaici_s001_t000,calibration,1.0,naive,0,-5.206514,0.065289,10.653100
aaaaaicn_s001_t000,calibration,1.0,naive,0,-0.068996,0.410996,5.522318
aaaaaijh_s002_t000,calibration,1.0,naive,1,-5.044277,0.069867,6.122554
aaaaaijn_s001_t001,calibration,1.0,naive,0,-0.016312,0.416722,3.102204
aaaaairb_s001_t001,calibration,1.0,naive,0,3.996304,0.811743,1.773098
aaaaairo_s001_t000,calibration,1.0,naive,0,-3.933674,0.109956,10.628671
aaaaaitt_s001_t000,calibration,1.0,naive,0,-1.589470,0.260955,4.778294
aaaaaiue_s004_t000,calibration,1.0,naive,1,2.570831,0.694825,3.406035
aaaaaiuo_s002_t000,calibration,1.0,naive,0,1.367162,0.570414,6.495916
aaaaaiwz_s001_t001,calibration,1.0,naive,0,-1.569574,0.262678,3.928919
aaaaaiyy_s001_t001,calibration,1.0,naive,0,-2.143719,0.215970,6.086900
aaaaaizd_s001_t001,calibration,1.0,naive,0,0.289894,0.450397,10.353303
aaaaaizs_s001_t000,calibration,1.0,naive,0,-0.399638,0.375669,1.821217
aaaaajae_s001_t001,calibration,1.0,naive,0,1.409293,0.575033,2.147316
aaaaajah_s002_t001,calibration,1.0,naive,1,0.452517,0.468488,6.611424
aaaaajah_s004_t000,calibration,1.0,naive,1,0.628266,0.488132,6.318015
aaaaajal_s001_t001,calibration,1.0,naive,0,-2.852558,0.167025,2.107284
aaaaajam_s001_t000,calibration,1.0,naive,1,2.445462,0.682787,1.267011
aaaaajar_s001_t001,calibration,1.0,naive,0,-0.852258,0.329435,8.439592
aaaaajbb_s001_t000,calibration,1.0,naive,0,2.952124,0.729797,5.095876
aaaaajbh_s002_t000,calibration,1.0,naive,0,1.860454,0.623524,5.843968
aaaaajce_s001_t000,calibration,1.0,naive,0,-1.250636,0.291272,4.406814
aaaaajci_s001_t000,calibration,1.0,naive,0,-1.216548,0.294435,1.748226
aaaaajck_s001_t000,calibration,1.0,naive,0,0.445773,0.467736,4.245328
aaaaajct_s001_t000,calibration,1.0,naive,0,1.478687,0.582611,0.873804
aaaaajcu_s001_t000,calibration,1.0,naive,0,-0.445298,0.370884,3.382853
aaaaajda_s001_t000,calibration,1.0,naive,0,-1.319305,0.284963,5.183027
aaaaajdb_s001_t000,calibration,1.0,naive,0,-3.287646,0.141635,8.291458
aaaaajdv_s001_t000,calibration,1.0,naive,0,0.704184,0.496633,10.222786
aaaaajdy_s001_t000,calibration,1.0,naive,0,-2.831670,0.168331,6.440794
aaaaajdz_s001_t000,calibration,1.0,naive,0,-1.155552,0.300143,4.415011
aaaaajea_s001_t000,calibration,1.0,naive,0,4.134560,0.821026,2.290855
aaaaajen_s001_t000,calibration,1.0,naive,0,-0.075657,0.410274,2.039484
aaaaajey_s001_t000,calibration,1.0,naive,0,0.254200,0.446442,7.006618
aaaaajfb_s001_t000,calibration,1.0,naive,0,-3.884028,0.112151,6.647149
aaaaajfe_s001_t000,calibration,1.0,naive,0,-1.214736,0.294603,1.733919
aaaaajff_s001_t000,calibration,1.0,naive,0,-2.471601,0.192135,2.026013
aaaaajfi_s001_t001,calibration,1.0,naive,0,-0.920333,0.322733,1.775426
aaaaajfn_s001_t001,calibration,1.0,naive,0,0.789945,0.506238,8.298316
aaaaajfy_s001_t000,calibration,1.0,naive,0,-3.044622,0.155394,9.364732
aaaaajga_s001_t001,calibration,1.0,naive,0,1.091214,0.539894,6.609676
aaaaajhy_s001_t000,calibration,1.0,naive,0,-5.016161,0.070690,5.641966
aaaaajit_s001_t001,calibration,1.0,naive,0,0.890114,0.517450,3.239768
aaaaajiu_s001_t000,calibration,1.0,naive,0,-0.703997,0.344270,9.757381
aaaaajiy_s001_t001,calibration,1.0,naive,0,-0.528594,0.362219,7.436881
aaaaajiz_s001_t000,calibration,1.0,naive,0,-0.577753,0.357147,8.183517
aaaaajjb_s001_t001,calibration,1.0,naive,0,1.706178,0.607166,4.751530
aaaaajje_s001_t000,calibration,1.0,naive,0,-2.505571,0.189784,10.030990
aaaaajjk_s001_t000,calibration,1.0,naive,0,2.532834,0.691204,3.224938
aaaaajna_s001_t000,calibration,1.0,naive,0,-4.658454,0.081969,4.834999
aaaaajnu_s001_t000,calibration,1.0,naive,0,-3.017376,0.157003,8.483590
aaaaajon_s001_t000,calibration,1.0,naive,0,0.419497,0.464807,11.158476
aaaaajoo_s002_t001,calibration,1.0,naive,1,0.198860,0.440323,7.480614
aaaaajpg_s001_t001,calibration,1.0,naive,0,-3.308377,0.140509,4.614187
aaaaajqh_s004_t000,calibration,1.0,naive,1,7.406140,0.952073,7.965365
aaaaajqk_s003_t001,calibration,1.0,naive,1,6.738345,0.936421,1.573713
aaaaajrf_s001_t000,calibration,1.0,naive,1,14.225980,0.997634,9.199629
aaaaajrf_s002_t000,calibration,1.0,naive,1,20.351794,0.999848,4.579312
aaaaajrf_s003_t002,calibration,1.0,naive,1,17.665998,0.999492,6.510616
aaaaajrf_s004_t000,calibration,1.0,naive,1,3.114865,0.743930,2.958195
aaaaajso_s001_t000,calibration,1.0,naive,1,7.411927,0.952191,6.038646
aaaaajtg_s001_t000,calibration,1.0,naive,0,-1.903321,0.234763,16.939227
aaaaajtu_s001_t000,calibration,1.0,naive,0,-2.461314,0.192851,8.419208
aaaaajuh_s001_t000,calibration,1.0,naive,1,5.654774,0.900640,9.865692
aaaaajun_s001_t000,calibration,1.0,naive,0,5.756594,0.904648,7.573841
aaaaajvh_s001_t001,calibration,1.0,naive,0,-2.242224,0.208591,13.036299
aaaaajxp_s001_t000,calibration,1.0,naive,0,1.174395,0.549136,2.331546
aaaaakck_s001_t001,calibration,1.0,naive,1,3.157570,0.747558,6.832074
aaaaakcx_s001_t001,calibration,1.0,naive,1,7.658922,0.956983,4.786985
aaaaakcy_s005_t001,calibration,1.0,naive,1,11.001412,0.990044,7.895355
aaaaakdj_s001_t000,calibration,1.0,naive,1,0.786149,0.505812,5.844546
aaaaakdo_s001_t000,calibration,1.0,naive,1,2.689005,0.705934,8.012282
aaaaakeq_s001_t000,calibration,1.0,naive,1,5.324870,0.886609,17.702560
aaaaakeq_s002_t000,calibration,1.0,naive,1,6.187850,0.920061,10.185740
aaaaakeq_s003_t000,calibration,1.0,naive,1,6.137650,0.918391,15.804617
aaaaakev_s001_t001,calibration,1.0,naive,1,19.097948,0.999733,34.342904
aaaaakev_s002_t000,calibration,1.0,naive,1,16.061529,0.998959,15.961333
aaaaakft_s001_t000,calibration,1.0,naive,0,-3.426272,0.134251,5.855593
aaaaakgp_s001_t001,calibration,1.0,naive,0,3.630336,0.785401,2.434199
aaaaakgu_s001_t000,calibration,1.0,naive,1,-0.362359,0.379594,1.110497
aaaaakjk_s002_t002,calibration,1.0,naive,1,1.705287,0.607071,8.034839
aaaaakjk_s003_t000,calibration,1.0,naive,1,6.048678,0.915353,9.621476
aaaaakka_s001_t001,calibration,1.0,naive,0,0.719228,0.498318,8.674618
aaaaakmg_s003_t001,calibration,1.0,naive,1,5.686428,0.901902,5.417462
aaaaakmh_s001_t000,calibration,1.0,naive,1,0.146518,0.434553,6.193923
aaaaaknt_s001_t000,calibration,1.0,naive,1,1.350578,0.568592,4.303819
aaaaakoo_s001_t001,calibration,1.0,naive,1,18.226103,0.999605,6.688502
aaaaakqg_s001_t001,calibration,1.0,naive,0,0.404800,0.463169,9.187836
aaaaakqr_s001_t000,calibration,1.0,naive,0,-0.235054,0.393114,4.593665
aaaaakrt_s001_t001,calibration,1.0,naive,1,7.719697,0.958090,3.322072
aaaaakrt_s002_t001,calibration,1.0,naive,1,6.814600,0.938425,6.207949
aaaaaksb_s001_t000,calibration,1.0,naive,0,-2.501224,0.190083,6.371449
aaaaaksu_s001_t001,calibration,1.0,naive,0,0.868391,0.515019,5.002104
aaaaakxz_s001_t001,calibration,1.0,naive,1,2.704195,0.707344,1.705172
aaaaakxz_s002_t001,calibration,1.0,naive,1,5.112264,0.876676,5.023070
aaaaalaf_s001_t000,calibration,1.0,naive,0,0.593961,0.484293,1.990100
aaaaalau_s001_t000,calibration,1.0,naive,1,3.766100,0.795475,9.249822
aaaaalbh_s001_t000,calibration,1.0,naive,1,3.720758,0.792150,4.614539
aaaaalbt_s001_t001,calibration,1.0,naive,0,-0.206923,0.396125,6.631529
aaaaalbt_s002_t000,calibration,1.0,naive,0,-0.856373,0.329027,3.225683
aaaaalbz_s006_t000,calibration,1.0,naive,1,12.067986,0.993803,17.251836
aaaaalid_s001_t001,calibration,1.0,naive,0,6.642772,0.933824,11.303200
aaaaaljf_s001_t000,calibration,1.0,naive,1,2.412552,0.679585,13.000618
aaaaaljj_s001_t000,calibration,1.0,naive,0,-1.518935,0.267095,3.662325
aaaaallc_s001_t001,calibration,1.0,naive,0,2.996079,0.733662,10.804370
aaaaalle_s002_t000,calibration,1.0,naive,1,3.145176,0.746509,5.785232
aaaaalox_s001_t001,calibration,1.0,naive,0,2.968502,0.731241,8.333880
aaaaalpv_s001_t000,calibration,1.0,naive,0,0.403491,0.463023,9.640403
aaaaalqa_s001_t000,calibration,1.0,naive,0,-0.558635,0.359116,5.177256
aaaaalqr_s001_t001,calibration,1.0,naive,1,0.321007,0.453849,7.204542
aaaaalqs_s001_t001,calibration,1.0,naive,0,-0.024846,0.415793,4.149454
aaaaalqx_s001_t000,calibration,1.0,naive,0,-3.826284,0.114753,5.013579
aaaaalrc_s002_t000,calibration,1.0,naive,1,20.325373,0.999846,1.081268
aaaaalsq_s001_t000,calibration,1.0,naive,0,-0.229488,0.393709,1.283232
aaaaalsx_s001_t000,calibration,1.0,naive,1,-0.551789,0.359822,4.843269
aaaaalsx_s004_t001,calibration,1.0,naive,1,0.483289,0.471922,2.487423
aaaaaluz_s001_t001,calibration,1.0,naive,0,-0.896453,0.325076,1.938207
aaaaalvw_s001_t000,calibration,1.0,naive,0,-5.504941,0.057589,3.228986
aaaaalvz_s001_t000,calibration,1.0,naive,1,14.182766,0.997588,16.559482
aaaaalxk_s001_t000,calibration,1.0,naive,0,1.785576,0.615617,1.649914
aaaaalyr_s001_t000,calibration,1.0,naive,1,1.449776,0.579458,3.765908
aaaaalzk_s002_t001,calibration,1.0,naive,1,11.855927,0.993189,13.479658
aaaaamcb_s001_t001,calibration,1.0,naive,1,10.163662,0.985576,9.585155
aaaaamfe_s001_t001,calibration,1.0,naive,0,7.664766,0.957091,10.680752
aaaaamft_s001_t001,calibration,1.0,naive,1,-4.672437,0.081499,5.012163
aaaaamfu_s001_t000,calibration,1.0,naive,0,1.613729,0.597245,4.178016
aaaaamhi_s001_t000,calibration,1.0,naive,1,12.661435,0.995243,22.765436
aaaaamhk_s001_t000,calibration,1.0,naive,1,4.189084,0.824587,4.647992
aaaaamjc_s001_t001,calibration,1.0,naive,1,9.760967,0.982773,12.415282
aaaaammh_s001_t001,calibration,1.0,naive,1,3.178860,0.749354,7.584547
aaaaamnq_s001_t000,calibration,1.0,naive,1,7.883276,0.960936,13.395500
aaaaamnq_s002_t000,calibration,1.0,naive,1,6.916277,0.941005,8.525462
aaaaamon_s001_t000,calibration,1.0,naive,0,0.664303,0.492167,11.243139
aaaaampz_s001_t000,calibration,1.0,naive,1,2.766356,0.713076,1.707904
aaaaamrj_s001_t000,calibration,1.0,naive,0,-0.943732,0.320446,5.534556
aaaaamsc_s001_t000,calibration,1.0,naive,1,5.462235,0.892650,0.682096
aaaaamtb_s001_t000,calibration,1.0,naive,0,1.956504,0.633570,5.425030
aaaaamuc_s001_t000,calibration,1.0,naive,0,-0.459218,0.369430,1.004514
aaaaamxn_s001_t000,calibration,1.0,naive,1,2.176444,0.656129,7.631680
aaaaamyb_s001_t001,calibration,1.0,naive,0,-0.037816,0.414382,1.352326
aaaaamye_s001_t000,calibration,1.0,naive,1,14.745095,0.998124,16.956101
aaaaamzi_s001_t001,calibration,1.0,naive,1,5.918008,0.910706,4.446496
aaaaamzl_s001_t000,calibration,1.0,naive,0,-1.189996,0.296912,5.022447
aaaaamzx_s001_t000,calibration,1.0,naive,0,-3.486345,0.131154,3.526113
aaaaanbq_s001_t000,calibration,1.0,naive,0,0.046633,0.423592,6.490624
aaaaanek_s001_t000,calibration,1.0,naive,0,-4.445534,0.089439,2.127234
aaaaangp_s001_t000,calibration,1.0,naive,0,-0.303173,0.385858,4.249552
aaaaanhb_s001_t003,calibration,1.0,naive,1,3.792312,0.797378,14.263202
aaaaanhb_s003_t001,calibration,1.0,naive,1,3.201392,0.751245,4.454492
aaaaanhb_s005_t000,calibration,1.0,naive,1,5.274077,0.884301,6.202638
aaaaankf_s001_t000,calibration,1.0,naive,1,5.759621,0.904765,1.791416
aaaaanlp_s001_t000,calibration,1.0,naive,0,-0.711746,0.343487,1.232420
aaaaanmc_s001_t000,calibration,1.0,naive,1,7.550078,0.954931,10.143253
aaaaanop_s001_t000,calibration,1.0,naive,0,-0.283204,0.387980,10.334523
aaaaanoz_s001_t000,calibration,1.0,naive,1,-0.709526,0.343711,6.154754
aaaaanpr_s001_t002,calibration,1.0,naive,1,5.397715,0.889849,7.534086
aaaaanqe_s001_t000,calibration,1.0,naive,0,-1.867793,0.237634,4.556947
aaaaanro_s001_t000,calibration,1.0,naive,1,2.696212,0.706604,5.413787
aaaaansj_s001_t000,calibration,1.0,naive,1,4.371807,0.836115,6.648899
aaaaanta_s001_t000,calibration,1.0,naive,1,7.815509,0.959780,8.675153
aaaaanum_s001_t000,calibration,1.0,naive,0,0.425385,0.465463,4.751769
aaaaanvb_s002_t000,calibration,1.0,naive,0,-2.587514,0.184203,11.088146
aaaaanvg_s001_t002,calibration,1.0,naive,0,4.878010,0.864874,5.156102
aaaaanvw_s001_t000,calibration,1.0,naive,0,-3.812985,0.115360,6.826794
aaaaanwc_s001_t001,calibration,1.0,naive,1,8.605686,0.971428,69.344193
aaaaanxl_s001_t000,calibration,1.0,naive,1,7.025009,0.943652,3.447741
aaaaanyb_s001_t001,calibration,1.0,naive,0,0.825725,0.510244,1.152739
aaaaanyt_s002_t000,calibration,1.0,naive,1,-4.075908,0.103873,25.904477
aaaaanyw_s001_t000,calibration,1.0,naive,1,5.332666,0.886960,2.815152
aaaaanyw_s002_t000,calibration,1.0,naive,1,4.033016,0.814244,9.602761
aaaaanzh_s001_t000,calibration,1.0,naive,1,2.646981,0.702010,9.799068
aaaaanzu_s001_t003,calibration,1.0,naive,1,3.999668,0.811973,9.209267
aaaaaoav_s001_t000,calibration,1.0,naive,0,-1.189816,0.296929,8.697634
aaaaaoav_s002_t000,calibration,1.0,naive,0,-3.255695,0.143384,4.576519
aaaaaobi_s001_t000,calibration,1.0,naive,1,-3.498895,0.130515,11.654478
aaaaaobl_s001_t000,calibration,1.0,naive,0,-0.861556,0.328515,2.536289
aaaaaoby_s001_t000,calibration,1.0,naive,0,0.869046,0.515092,5.420169
aaaaaoda_s001_t000,calibration,1.0,naive,1,8.978271,0.975714,4.465460
aaaaaoeg_s001_t000,calibration,1.0,naive,0,-3.178415,0.147689,8.773211
aaaaaofj_s001_t000,calibration,1.0,naive,0,0.165751,0.436671,4.547315
aaaaaofr_s001_t000,calibration,1.0,naive,0,2.652686,0.702545,1.941274
aaaaaofz_s001_t000,calibration,1.0,naive,0,-0.341174,0.381831,14.465906
aaaaaohb_s001_t000,calibration,1.0,naive,1,5.974627,0.912747,1.221460
aaaaaohr_s002_t001,calibration,1.0,naive,1,9.901506,0.983807,7.050866
aaaaaoiq_s001_t000,calibration,1.0,naive,1,4.585785,0.848831,7.371909
aaaaaoiv_s001_t000,calibration,1.0,naive,1,-1.655301,0.255308,1.871865
aaaaaoiv_s002_t001,calibration,1.0,naive,1,12.971353,0.995857,8.319617
aaaaaoiv_s003_t003,calibration,1.0,naive,1,10.352166,0.986728,1.695735
aaaaaojd_s001_t002,calibration,1.0,naive,0,-1.596267,0.260369,2.313948
aaaaaokg_s001_t000,calibration,1.0,naive,0,3.302087,0.759579,13.130994
aaaaaoly_s001_t000,calibration,1.0,naive,0,-1.715700,0.250198,7.903917
aaaaaome_s001_t000,calibration,1.0,naive,0,-3.561742,0.127353,4.620480
aaaaaomx_s001_t000,calibration,1.0,naive,0,-2.780518,0.171563,9.201667
aaaaaomy_s001_t000,calibration,1.0,naive,1,6.054757,0.915564,14.613700
aaaaaonb_s001_t000,calibration,1.0,naive,0,1.705028,0.607043,9.153016
aaaaaons_s002_t002,calibration,1.0,naive,1,6.395099,0.926629,5.075842
aaaaaopd_s001_t000,calibration,1.0,naive,0,-0.770378,0.337588,8.413493
aaaaaopo_s001_t000,calibration,1.0,naive,0,0.311075,0.452747,8.820163
aaaaaora_s002_t000,calibration,1.0,naive,1,3.470960,0.773122,5.821231
aaaaaord_s001_t000,calibration,1.0,naive,1,0.898836,0.518425,2.151216
aaaaaosh_s001_t000,calibration,1.0,naive,1,-0.441657,0.371264,2.080117
aaaaaosw_s001_t000,calibration,1.0,naive,0,1.388284,0.572731,6.102434
aaaaaote_s001_t000,calibration,1.0,naive,0,0.697474,0.495881,2.946471
aaaaaout_s001_t000,calibration,1.0,naive,1,2.351942,0.673644,5.828141
aaaaaovl_s001_t000,calibration,1.0,naive,1,11.790041,0.992987,6.702550
aaaaaovo_s001_t000,calibration,1.0,naive,1,8.018002,0.963140,14.155200
aaaaaowb_s001_t000,calibration,1.0,naive,0,2.370449,0.675464,7.633652
aaaaaoxf_s001_t000,calibration,1.0,naive,0,-2.239077,0.208824,1.686781
aaaaaozf_s001_t001,calibration,1.0,naive,0,1.114545,0.542490,10.468495
aaaaapag_s001_t000,calibration,1.0,naive,0,-2.515743,0.189084,20.837324
aaaaapar_s001_t000,calibration,1.0,naive,1,18.081422,0.999579,9.212077
aaaaapcb_s001_t000,calibration,1.0,naive,0,4.212520,0.826101,3.469674
aaaaapcy_s001_t002,calibration,1.0,naive,0,-2.132578,0.216816,5.205121
aaaaapdg_s001_t000,calibration,1.0,naive,0,-3.436141,0.133738,5.876134
aaaaaphs_s001_t000,calibration,1.0,naive,1,6.334698,0.924768,5.033097
aaaaaphw_s001_t000,calibration,1.0,naive,0,2.337731,0.672243,4.889782
aaaaapij_s001_t000,calibration,1.0,naive,0,0.693814,0.495471,5.628855
aaaaapjc_s001_t001,calibration,1.0,naive,0,0.581933,0.482947,5.824793
aaaaapka_s001_t000,calibration,1.0,naive,0,-0.128011,0.404612,1.700693
aaaaapkx_s001_t001,calibration,1.0,naive,1,-1.294053,0.287273,7.398401
aaaaaply_s001_t001,calibration,1.0,naive,1,8.441507,0.969314,11.982871
aaaaapmb_s002_t001,calibration,1.0,naive,1,3.616292,0.784339,1.056302
aaaaapmp_s001_t000,calibration,1.0,naive,1,0.376182,0.459983,7.759626
aaaaapnr_s001_t000,calibration,1.0,naive,1,-1.667402,0.254279,5.772887
aaaaapoc_s001_t000,calibration,1.0,naive,1,4.950207,0.868609,4.351481
aaaaapof_s001_t000,calibration,1.0,naive,0,-2.977098,0.159406,8.252988
aaaaapoo_s001_t000,calibration,1.0,naive,0,1.230658,0.555369,11.668151
aaaaapoq_s001_t000,calibration,1.0,naive,0,3.160567,0.747811,3.308053
aaaaappb_s001_t000,calibration,1.0,naive,0,1.035802,0.533722,5.679214
aaaaapqd_s001_t000,calibration,1.0,naive,1,1.901934,0.627876,3.060974
aaaaapqv_s001_t000,calibration,1.0,naive,0,0.542690,0.478559,12.277986
aaaaapta_s001_t000,calibration,1.0,naive,1,1.259229,0.558527,23.325579
aaaaapth_s001_t000,calibration,1.0,naive,1,1.910000,0.628720,7.838035
aaaaapua_s001_t001,calibration,1.0,naive,0,-7.244607,0.027266,7.557790
aaaaapuu_s001_t000,calibration,1.0,naive,0,-2.262479,0.207097,3.779176
aaaaapvw_s001_t001,calibration,1.0,naive,1,5.853169,0.908315,5.495060
aaaaapvy_s001_t000,calibration,1.0,naive,1,1.024515,0.532464,11.432227
aaaaapwn_s001_t001,calibration,1.0,naive,0,0.828337,0.510536,10.376885
aaaaapwo_s001_t001,calibration,1.0,naive,1,11.197112,0.990872,1.891312
aaaaapxm_s001_t001,calibration,1.0,naive,0,-1.202748,0.295721,9.136650
aaaaapys_s001_t001,calibration,1.0,naive,1,13.131388,0.996142,3.426930
aaaaapys_s002_t001,calibration,1.0,naive,1,8.057781,0.963767,5.150815
aaaaaayx_s002_t000,calibration,1.5,canonicalized,0,0.797323,0.507064,6.033854
aaaaabdo_s003_t000,calibration,1.5,canonicalized,1,10.243932,0.986078,5.504383
aaaaabsk_s007_t000,calibration,1.5,canonicalized,1,1.748359,0.611664,10.203474
aaaaabuv_s002_t000,calibration,1.5,canonicalized,1,3.151526,0.747047,3.190635
aaaaacad_s003_t000,calibration,1.5,canonicalized,0,1.559701,0.591410,2.900054
aaaaacby_s004_t000,calibration,1.5,canonicalized,0,1.079470,0.538587,1.285554
aaaaaddm_s006_t000,calibration,1.5,canonicalized,1,5.313797,0.886110,7.953336
aaaaadeu_s002_t000,calibration,1.5,canonicalized,1,4.882714,0.865120,5.700482
aaaaadjk_s002_t000,calibration,1.5,canonicalized,0,-0.091885,0.408516,2.816152
aaaaadkb_s002_t000,calibration,1.5,canonicalized,1,8.988381,0.975821,3.787064
aaaaadsm_s002_t001,calibration,1.5,canonicalized,0,-3.165428,0.148423,3.715822
aaaaaeab_s003_t000,calibration,1.5,canonicalized,0,0.876764,0.515956,3.684284
aaaaaejc_s003_t001,calibration,1.5,canonicalized,0,0.618887,0.487083,7.160073
aaaaaezn_s003_t001,calibration,1.5,canonicalized,1,0.203906,0.440880,12.864282
aaaaafhl_s003_t000,calibration,1.5,canonicalized,1,3.231264,0.753737,5.192175
aaaaagfk_s003_t000,calibration,1.5,canonicalized,0,-0.886907,0.326015,1.885236
aaaaagsc_s003_t001,calibration,1.5,canonicalized,1,6.130125,0.918138,13.377271
aaaaagsc_s006_t001,calibration,1.5,canonicalized,1,0.567302,0.481311,1.787218
aaaaaguk_s002_t001,calibration,1.5,canonicalized,0,-4.080983,0.103661,14.595821
aaaaagvx_s002_t000,calibration,1.5,canonicalized,1,2.097880,0.648145,6.632720
aaaaagvx_s003_t001,calibration,1.5,canonicalized,1,2.357533,0.674195,1.637730
aaaaagyr_s002_t000,calibration,1.5,canonicalized,1,0.327892,0.454614,2.478019
aaaaahie_s005_t001,calibration,1.5,canonicalized,1,8.422719,0.969063,3.341504
aaaaahsv_s002_t000,calibration,1.5,canonicalized,0,-0.644284,0.350334,4.840756
aaaaahte_s002_t000,calibration,1.5,canonicalized,1,7.488952,0.953737,9.494298
aaaaahte_s003_t000,calibration,1.5,canonicalized,1,9.697417,0.982284,5.705174
aaaaahuy_s002_t000,calibration,1.5,canonicalized,1,0.396588,0.462255,2.074584
aaaaahzi_s001_t000,calibration,1.5,canonicalized,0,1.323693,0.565636,2.255598
aaaaahzm_s001_t001,calibration,1.5,canonicalized,0,1.632779,0.599296,1.996600
aaaaahzq_s001_t000,calibration,1.5,canonicalized,0,-4.605759,0.083763,4.517227
aaaaahzs_s001_t001,calibration,1.5,canonicalized,0,1.152176,0.546671,2.295181
aaaaaiae_s001_t000,calibration,1.5,canonicalized,0,2.169610,0.655438,3.481685
aaaaaibx_s001_t000,calibration,1.5,canonicalized,0,-2.618251,0.182143,4.999116
aaaaaiby_s001_t000,calibration,1.5,canonicalized,0,-0.638291,0.350945,7.240524
aaaaaici_s001_t000,calibration,1.5,canonicalized,0,-2.831007,0.168372,14.665880
aaaaaicn_s001_t000,calibration,1.5,canonicalized,0,1.398452,0.573845,4.296741
aaaaaijh_s002_t000,calibration,1.5,canonicalized,1,-4.419054,0.090410,6.587610
aaaaaijn_s001_t001,calibration,1.5,canonicalized,0,-0.336078,0.382371,3.067437
aaaaairb_s001_t001,calibration,1.5,canonicalized,0,3.407120,0.768067,3.522232
aaaaairo_s001_t000,calibration,1.5,canonicalized,0,-4.266185,0.096202,9.916620
aaaaaitt_s001_t000,calibration,1.5,canonicalized,0,-1.161209,0.299611,5.031582
aaaaaiue_s004_t000,calibration,1.5,canonicalized,1,1.953734,0.633281,2.441011
aaaaaiuo_s002_t000,calibration,1.5,canonicalized,0,1.290839,0.562016,5.571601
aaaaaiwz_s001_t001,calibration,1.5,canonicalized,0,-0.789169,0.335708,2.397634
aaaaaiyy_s001_t001,calibration,1.5,canonicalized,0,-1.794797,0.243609,7.325731
aaaaaizd_s001_t001,calibration,1.5,canonicalized,0,0.716690,0.498033,10.481063
aaaaaizs_s001_t000,calibration,1.5,canonicalized,0,0.374290,0.459772,2.762565
aaaaajae_s001_t001,calibration,1.5,canonicalized,0,3.367690,0.764905,1.360156
aaaaajah_s002_t001,calibration,1.5,canonicalized,1,-0.245672,0.391980,5.650288
aaaaajah_s004_t000,calibration,1.5,canonicalized,1,1.580731,0.593684,3.267093
aaaaajal_s001_t001,calibration,1.5,canonicalized,0,-2.771919,0.172111,0.592492
aaaaajam_s001_t000,calibration,1.5,canonicalized,1,1.608052,0.596633,0.992076
aaaaajar_s001_t001,calibration,1.5,canonicalized,0,-1.615224,0.258736,9.816210
aaaaajbb_s001_t000,calibration,1.5,canonicalized,0,2.384604,0.676853,5.802174
aaaaajbh_s002_t000,calibration,1.5,canonicalized,0,1.596664,0.595405,3.079115
aaaaajce_s001_t000,calibration,1.5,canonicalized,0,-0.969301,0.317957,3.750088
aaaaajci_s001_t000,calibration,1.5,canonicalized,0,1.754972,0.612368,2.301843
aaaaajck_s001_t000,calibration,1.5,canonicalized,0,-3.391653,0.136064,4.562842
aaaaajct_s001_t000,calibration,1.5,canonicalized,0,1.326479,0.565942,1.471511
aaaaajcu_s001_t000,calibration,1.5,canonicalized,0,-0.886760,0.326029,3.271421
aaaaajda_s001_t000,calibration,1.5,canonicalized,0,-2.506961,0.189688,3.486824
aaaaajdb_s001_t000,calibration,1.5,canonicalized,0,-2.674855,0.178396,9.911703
aaaaajdv_s001_t000,calibration,1.5,canonicalized,0,0.531964,0.477360,11.611657
aaaaajdy_s001_t000,calibration,1.5,canonicalized,0,-2.322258,0.202734,6.500683
aaaaajdz_s001_t000,calibration,1.5,canonicalized,0,-0.976454,0.317262,4.046314
aaaaajea_s001_t000,calibration,1.5,canonicalized,0,3.835310,0.800473,2.743478
aaaaajen_s001_t000,calibration,1.5,canonicalized,0,-0.687189,0.345972,2.998864
aaaaajey_s001_t000,calibration,1.5,canonicalized,0,-0.615665,0.353257,10.422846
aaaaajfb_s001_t000,calibration,1.5,canonicalized,0,-3.252971,0.143534,10.318449
aaaaajfe_s001_t000,calibration,1.5,canonicalized,0,-0.640751,0.350694,2.366628
aaaaajff_s001_t000,calibration,1.5,canonicalized,0,-3.124691,0.150744,0.715295
aaaaajfi_s001_t001,calibration,1.5,canonicalized,0,-1.349309,0.282232,1.858475
aaaaajfn_s001_t001,calibration,1.5,canonicalized,0,-1.967189,0.229661,7.902382
aaaaajfy_s001_t000,calibration,1.5,canonicalized,0,-4.020158,0.106221,10.211176
aaaaajga_s001_t001,calibration,1.5,canonicalized,0,1.042273,0.534443,8.738791
aaaaajhy_s001_t000,calibration,1.5,canonicalized,0,-4.033551,0.105652,7.315091
aaaaajit_s001_t001,calibration,1.5,canonicalized,0,-0.428919,0.372597,4.162941
aaaaajiu_s001_t000,calibration,1.5,canonicalized,0,0.018842,0.420555,8.866699
aaaaajiy_s001_t001,calibration,1.5,canonicalized,0,-1.295684,0.287124,6.976593
aaaaajiz_s001_t000,calibration,1.5,canonicalized,0,-0.629584,0.351834,10.209518
aaaaajjb_s001_t001,calibration,1.5,canonicalized,0,0.904393,0.519047,5.236044
aaaaajje_s001_t000,calibration,1.5,canonicalized,0,-2.966002,0.160073,13.754600
aaaaajjk_s001_t000,calibration,1.5,canonicalized,0,2.264494,0.664974,5.531211
aaaaajna_s001_t000,calibration,1.5,canonicalized,0,-4.665822,0.081721,6.324656
aaaaajnu_s001_t000,calibration,1.5,canonicalized,0,-3.119810,0.151024,5.988340
aaaaajon_s001_t000,calibration,1.5,canonicalized,0,-0.534283,0.361631,14.606405
aaaaajoo_s002_t001,calibration,1.5,canonicalized,1,0.748294,0.501573,8.589703
aaaaajpg_s001_t001,calibration,1.5,canonicalized,0,-3.061137,0.154425,4.429663
aaaaajqh_s004_t000,calibration,1.5,canonicalized,1,10.830997,0.989263,10.492122
aaaaajqk_s003_t001,calibration,1.5,canonicalized,1,7.147743,0.946505,4.609750
aaaaajrf_s001_t000,calibration,1.5,canonicalized,1,20.514885,0.999858,13.771398
aaaaajrf_s002_t000,calibration,1.5,canonicalized,1,21.548635,0.999911,5.535821
aaaaajrf_s003_t002,calibration,1.5,canonicalized,1,17.142799,0.999358,13.134634
aaaaajrf_s004_t000,calibration,1.5,canonicalized,1,2.945054,0.729172,2.705285
aaaaajso_s001_t000,calibration,1.5,canonicalized,1,8.421954,0.969053,5.771575
aaaaajtg_s001_t000,calibration,1.5,canonicalized,0,-0.608296,0.354012,19.105613
aaaaajtu_s001_t000,calibration,1.5,canonicalized,0,-2.249405,0.208061,7.727496
aaaaajuh_s001_t000,calibration,1.5,canonicalized,1,5.447002,0.891995,9.209852
aaaaajun_s001_t000,calibration,1.5,canonicalized,0,5.856879,0.908454,9.669075
aaaaajvh_s001_t001,calibration,1.5,canonicalized,0,-1.478301,0.270674,12.850322
aaaaajxp_s001_t000,calibration,1.5,canonicalized,0,2.228406,0.661362,3.813494
aaaaakck_s001_t001,calibration,1.5,canonicalized,1,2.725827,0.709346,4.250134
aaaaakcx_s001_t001,calibration,1.5,canonicalized,1,7.483188,0.953623,5.283529
aaaaakcy_s005_t001,calibration,1.5,canonicalized,1,14.157060,0.997560,9.191074
aaaaakdj_s001_t000,calibration,1.5,canonicalized,1,0.533322,0.477512,5.810064
aaaaakdo_s001_t000,calibration,1.5,canonicalized,1,0.446695,0.467839,8.327345
aaaaakeq_s001_t000,calibration,1.5,canonicalized,1,5.712326,0.902924,20.390284
aaaaakeq_s002_t000,calibration,1.5,canonicalized,1,6.693670,0.935219,11.279992
aaaaakeq_s003_t000,calibration,1.5,canonicalized,1,6.341439,0.924977,16.767056
aaaaakev_s001_t001,calibration,1.5,canonicalized,1,19.659399,0.999792,44.532823
aaaaakev_s002_t000,calibration,1.5,canonicalized,1,16.579851,0.999175,15.168996
aaaaakft_s001_t000,calibration,1.5,canonicalized,0,-1.961895,0.230081,9.730051
aaaaakgp_s001_t001,calibration,1.5,canonicalized,0,2.702573,0.707194,2.311227
aaaaakgu_s001_t000,calibration,1.5,canonicalized,1,-0.597982,0.355069,1.095269
aaaaakjk_s002_t002,calibration,1.5,canonicalized,1,3.524146,0.777274,7.245912
aaaaakjk_s003_t000,calibration,1.5,canonicalized,1,3.363069,0.764532,1.089713
aaaaakka_s001_t001,calibration,1.5,canonicalized,0,-0.206513,0.396169,10.469105
aaaaakmg_s003_t001,calibration,1.5,canonicalized,1,8.534640,0.970531,3.481659
aaaaakmh_s001_t000,calibration,1.5,canonicalized,1,0.241887,0.445079,5.171456
aaaaaknt_s001_t000,calibration,1.5,canonicalized,1,2.207663,0.659278,6.008229
aaaaakoo_s001_t001,calibration,1.5,canonicalized,1,19.131961,0.999737,11.729249
aaaaakqg_s001_t001,calibration,1.5,canonicalized,0,-0.134342,0.403929,10.391594
aaaaakqr_s001_t000,calibration,1.5,canonicalized,0,-0.353150,0.380566,7.430650
aaaaakrt_s001_t001,calibration,1.5,canonicalized,1,7.381609,0.951569,1.827402
aaaaakrt_s002_t001,calibration,1.5,canonicalized,1,5.744569,0.904183,3.627879
aaaaaksb_s001_t000,calibration,1.5,canonicalized,0,-2.766997,0.172426,8.715685
aaaaaksu_s001_t001,calibration,1.5,canonicalized,0,0.713252,0.497648,5.173994
aaaaakxz_s001_t001,calibration,1.5,canonicalized,1,3.872334,0.803109,1.624817
aaaaakxz_s002_t001,calibration,1.5,canonicalized,1,9.226190,0.978211,7.075101
aaaaalaf_s001_t000,calibration,1.5,canonicalized,0,-0.197614,0.397123,2.481344
aaaaalau_s001_t000,calibration,1.5,canonicalized,1,2.999826,0.733990,3.754223
aaaaalbh_s001_t000,calibration,1.5,canonicalized,1,3.440071,0.770686,5.316325
aaaaalbt_s001_t001,calibration,1.5,canonicalized,0,-1.310548,0.285763,6.955901
aaaaalbt_s002_t000,calibration,1.5,canonicalized,0,-0.704167,0.344253,4.455438
aaaaalbz_s006_t000,calibration,1.5,canonicalized,1,13.905794,0.997270,18.805364
aaaaalid_s001_t001,calibration,1.5,canonicalized,0,6.635583,0.933625,14.184789
aaaaaljf_s001_t000,calibration,1.5,canonicalized,1,2.653965,0.702665,10.683659
aaaaaljj_s001_t000,calibration,1.5,canonicalized,0,-1.509044,0.267964,4.963690
aaaaallc_s001_t001,calibration,1.5,canonicalized,0,2.678597,0.704965,8.924315
aaaaalle_s002_t000,calibration,1.5,canonicalized,1,3.518127,0.776807,5.162547
aaaaalox_s001_t001,calibration,1.5,canonicalized,0,3.038105,0.737325,9.010617
aaaaalpv_s001_t000,calibration,1.5,canonicalized,0,0.996092,0.529292,11.003943
aaaaalqa_s001_t000,calibration,1.5,canonicalized,0,-0.405253,0.375079,5.896857
aaaaalqr_s001_t001,calibration,1.5,canonicalized,1,3.904572,0.805382,5.799745
aaaaalqs_s001_t001,calibration,1.5,canonicalized,0,-0.005851,0.417861,4.204183
aaaaalqx_s001_t000,calibration,1.5,canonicalized,0,-2.867235,0.166112,8.010165
aaaaalrc_s002_t000,calibration,1.5,canonicalized,1,22.618618,0.999945,2.769808
aaaaalsq_s001_t000,calibration,1.5,canonicalized,0,-0.707497,0.343916,1.526961
aaaaalsx_s001_t000,calibration,1.5,canonicalized,1,-0.357055,0.380154,3.712952
aaaaalsx_s004_t001,calibration,1.5,canonicalized,1,3.938085,0.807725,1.399954
aaaaaluz_s001_t001,calibration,1.5,canonicalized,0,-2.483367,0.191318,2.811047
aaaaalvw_s001_t000,calibration,1.5,canonicalized,0,-4.073042,0.103992,3.536814
aaaaalvz_s001_t000,calibration,1.5,canonicalized,1,17.764873,0.999514,16.942627
aaaaalxk_s001_t000,calibration,1.5,canonicalized,0,0.051562,0.424131,2.090901
aaaaalyr_s001_t000,calibration,1.5,canonicalized,1,2.666466,0.703833,2.269770
aaaaalzk_s002_t001,calibration,1.5,canonicalized,1,11.658047,0.992563,11.205536
aaaaamcb_s001_t001,calibration,1.5,canonicalized,1,8.565527,0.970925,8.022908
aaaaamfe_s001_t001,calibration,1.5,canonicalized,0,4.938182,0.867993,3.510367
aaaaamft_s001_t001,calibration,1.5,canonicalized,1,4.673184,0.853787,9.661936
aaaaamfu_s001_t000,calibration,1.5,canonicalized,0,-0.643952,0.350368,3.688784
aaaaamhi_s001_t000,calibration,1.5,canonicalized,1,13.332409,0.996473,22.615575
aaaaamhk_s001_t000,calibration,1.5,canonicalized,1,3.989891,0.811304,5.637084
aaaaamjc_s001_t001,calibration,1.5,canonicalized,1,9.978668,0.984349,7.887093
aaaaammh_s001_t001,calibration,1.5,canonicalized,1,2.855685,0.721193,8.614138
aaaaamnq_s001_t000,calibration,1.5,canonicalized,1,9.227626,0.978225,20.026596
aaaaamnq_s002_t000,calibration,1.5,canonicalized,1,8.071110,0.963975,8.631881
aaaaamon_s001_t000,calibration,1.5,canonicalized,0,0.952278,0.524399,14.291287
aaaaampz_s001_t000,calibration,1.5,canonicalized,1,2.893600,0.724596,3.188982
aaaaamrj_s001_t000,calibration,1.5,canonicalized,0,-0.318632,0.384218,4.712351
aaaaamsc_s001_t000,calibration,1.5,canonicalized,1,4.882626,0.865115,1.205344
aaaaamtb_s001_t000,calibration,1.5,canonicalized,0,1.295121,0.562488,4.250351
aaaaamuc_s001_t000,calibration,1.5,canonicalized,0,0.869819,0.515179,2.209182
aaaaamxn_s001_t000,calibration,1.5,canonicalized,1,1.396776,0.573662,6.118704
aaaaamyb_s001_t001,calibration,1.5,canonicalized,0,-0.171158,0.399964,6.584177
aaaaamye_s001_t000,calibration,1.5,canonicalized,1,15.272746,0.998518,16.777923
aaaaamzi_s001_t001,calibration,1.5,canonicalized,1,7.900554,0.961226,9.315400
aaaaamzl_s001_t000,calibration,1.5,canonicalized,0,-0.553581,0.359637,5.405040
aaaaamzx_s001_t000,calibration,1.5,canonicalized,0,-5.533505,0.056898,5.414507
aaaaanbq_s001_t000,calibration,1.5,canonicalized,0,-0.364659,0.379351,4.020883
aaaaanek_s001_t000,calibration,1.5,canonicalized,0,-4.499416,0.087493,2.181670
aaaaangp_s001_t000,calibration,1.5,canonicalized,0,0.854080,0.513418,3.506421
aaaaanhb_s001_t003,calibration,1.5,canonicalized,1,5.425552,0.891065,13.164738
aaaaanhb_s003_t001,calibration,1.5,canonicalized,1,3.561174,0.780133,3.697985
aaaaanhb_s005_t000,calibration,1.5,canonicalized,1,6.173234,0.919578,4.059863
aaaaankf_s001_t000,calibration,1.5,canonicalized,1,5.848074,0.908125,2.011939
aaaaanlp_s001_t000,calibration,1.5,canonicalized,0,-1.349479,0.282216,2.438623
aaaaanmc_s001_t000,calibration,1.5,canonicalized,1,7.284869,0.949532,7.229327
aaaaanop_s001_t000,calibration,1.5,canonicalized,0,-0.586025,0.356297,16.192675
aaaaanoz_s001_t000,calibration,1.5,canonicalized,1,-1.496752,0.269045,5.649111
aaaaanpr_s001_t002,calibration,1.5,canonicalized,1,5.407961,0.890298,6.605099
aaaaanqe_s001_t000,calibration,1.5,canonicalized,0,-1.919366,0.233474,2.861993
aaaaanro_s001_t000,calibration,1.5,canonicalized,1,2.838686,0.719659,5.189311
aaaaansj_s001_t000,calibration,1.5,canonicalized,1,3.954459,0.808862,8.578363
aaaaanta_s001_t000,calibration,1.5,canonicalized,1,7.601593,0.955914,7.607329
aaaaanum_s001_t000,calibration,1.5,canonicalized,0,0.735479,0.500138,2.474236
aaaaanvb_s002_t000,calibration,1.5,canonicalized,0,-1.660170,0.254893,10.832103
aaaaanvg_s001_t002,calibration,1.5,canonicalized,0,5.552584,0.896468,4.093369
aaaaanvw_s001_t000,calibration,1.5,canonicalized,0,-4.134632,0.101449,7.258223
aaaaanwc_s001_t001,calibration,1.5,canonicalized,1,9.835332,0.983328,48.406537
aaaaanxl_s001_t000,calibration,1.5,canonicalized,1,7.435287,0.952665,4.261811
aaaaanyb_s001_t001,calibration,1.5,canonicalized,0,0.050749,0.424042,3.993363
aaaaanyt_s002_t000,calibration,1.5,canonicalized,1,2.827355,0.718634,36.242025
aaaaanyw_s001_t000,calibration,1.5,canonicalized,1,5.500562,0.894285,2.737527
aaaaanyw_s002_t000,calibration,1.5,canonicalized,1,3.968701,0.809846,9.236487
aaaaanzh_s001_t000,calibration,1.5,canonicalized,1,2.700233,0.706977,9.853282
aaaaanzu_s001_t003,calibration,1.5,canonicalized,1,4.153509,0.822270,12.725575
aaaaaoav_s001_t000,calibration,1.5,canonicalized,0,-1.967906,0.229605,6.947410
aaaaaoav_s002_t000,calibration,1.5,canonicalized,0,-3.423058,0.134419,4.818718
aaaaaobi_s001_t000,calibration,1.5,canonicalized,1,-2.567228,0.185573,10.843971
aaaaaobl_s001_t000,calibration,1.5,canonicalized,0,-1.384243,0.279072,1.868042
aaaaaoby_s001_t000,calibration,1.5,canonicalized,0,0.400754,0.462718,5.523677
aaaaaoda_s001_t000,calibration,1.5,canonicalized,1,9.125747,0.977231,5.550779
aaaaaoeg_s001_t000,calibration,1.5,canonicalized,0,-2.235212,0.209110,7.808028
aaaaaofj_s001_t000,calibration,1.5,canonicalized,0,-0.132369,0.404141,2.938594
aaaaaofr_s001_t000,calibration,1.5,canonicalized,0,2.945800,0.729238,2.997182
aaaaaofz_s001_t000,calibration,1.5,canonicalized,0,0.233592,0.444161,12.989280
aaaaaohb_s001_t000,calibration,1.5,canonicalized,1,6.711082,0.935690,2.428891
aaaaaohr_s002_t001,calibration,1.5,canonicalized,1,7.147414,0.946498,4.516026
aaaaaoiq_s001_t000,calibration,1.5,canonicalized,1,3.056720,0.738937,6.522599
aaaaaoiv_s001_t000,calibration,1.5,canonicalized,1,-2.679681,0.178079,1.175957
aaaaaoiv_s002_t001,calibration,1.5,canonicalized,1,12.630020,0.995176,7.772711
aaaaaoiv_s003_t003,calibration,1.5,canonicalized,1,9.358612,0.979440,1.203879
aaaaaojd_s001_t002,calibration,1.5,canonicalized,0,0.584697,0.483257,5.667327
aaaaaokg_s001_t000,calibration,1.5,canonicalized,0,4.550442,0.846788,14.607095
aaaaaoly_s001_t000,calibration,1.5,canonicalized,0,-1.545112,0.264806,8.540260
aaaaaome_s001_t000,calibration,1.5,canonicalized,0,-2.975550,0.159499,3.847888
aaaaaomx_s001_t000,calibration,1.5,canonicalized,0,-2.443640,0.194087,6.615399
aaaaaomy_s001_t000,calibration,1.5,canonicalized,1,6.682071,0.934904,21.819068
aaaaaonb_s001_t000,calibration,1.5,canonicalized,0,1.219391,0.554122,10.175971
aaaaaons_s002_t002,calibration,1.5,canonicalized,1,5.126435,0.877360,4.598329
aaaaaopd_s001_t000,calibration,1.5,canonicalized,0,-1.223785,0.293762,8.222840
aaaaaopo_s001_t000,calibration,1.5,canonicalized,0,1.910508,0.628773,13.290266
aaaaaora_s002_t000,calibration,1.5,canonicalized,1,3.793820,0.797488,5.243521
aaaaaord_s001_t000,calibration,1.5,canonicalized,1,1.557495,0.591171,2.620810
aaaaaosh_s001_t000,calibration,1.5,canonicalized,1,0.212608,0.441842,0.792756
aaaaaosw_s001_t000,calibration,1.5,canonicalized,0,0.278293,0.449111,8.814136
aaaaaote_s001_t000,calibration,1.5,canonicalized,0,1.513290,0.586376,4.464236
aaaaaout_s001_t000,calibration,1.5,canonicalized,1,3.170401,0.748641,4.062760
aaaaaovl_s001_t000,calibration,1.5,canonicalized,1,11.210809,0.990928,5.738078
aaaaaovo_s001_t000,calibration,1.5,canonicalized,1,8.249090,0.966644,7.695394
aaaaaowb_s001_t000,calibration,1.5,canonicalized,0,1.970736,0.635049,5.991545
aaaaaoxf_s001_t000,calibration,1.5,canonicalized,0,-3.184109,0.147368,4.310581
aaaaaozf_s001_t001,calibration,1.5,canonicalized,0,0.858321,0.513892,12.354555
aaaaapag_s001_t000,calibration,1.5,canonicalized,0,-2.069697,0.221638,23.066185
aaaaapar_s001_t000,calibration,1.5,canonicalized,1,22.234500,0.999934,8.034919
aaaaapcb_s001_t000,calibration,1.5,canonicalized,0,4.724789,0.856649,1.999529
aaaaapcy_s001_t002,calibration,1.5,canonicalized,0,-2.619166,0.182082,5.301825
aaaaapdg_s001_t000,calibration,1.5,canonicalized,0,-3.055894,0.154732,5.752114
aaaaaphs_s001_t000,calibration,1.5,canonicalized,1,7.249415,0.948765,4.038582
aaaaaphw_s001_t000,calibration,1.5,canonicalized,0,1.584251,0.594065,4.351767
aaaaapij_s001_t000,calibration,1.5,canonicalized,0,0.925211,0.521374,4.257460
aaaaapjc_s001_t001,calibration,1.5,canonicalized,0,-1.653464,0.255464,5.392671
aaaaapka_s001_t000,calibration,1.5,canonicalized,0,-1.035136,0.311595,1.354498
aaaaapkx_s001_t001,calibration,1.5,canonicalized,1,-1.252318,0.291117,17.429336
aaaaaply_s001_t001,calibration,1.5,canonicalized,1,7.542283,0.954780,16.690093
aaaaapmb_s002_t001,calibration,1.5,canonicalized,1,5.670813,0.901281,2.402546
aaaaapmp_s001_t000,calibration,1.5,canonicalized,1,1.436656,0.578025,7.157914
aaaaapnr_s001_t000,calibration,1.5,canonicalized,1,-3.437430,0.133671,7.719014
aaaaapoc_s001_t000,calibration,1.5,canonicalized,1,6.214008,0.920918,6.306151
aaaaapof_s001_t000,calibration,1.5,canonicalized,0,-3.450463,0.132997,8.264926
aaaaapoo_s001_t000,calibration,1.5,canonicalized,0,0.458224,0.469125,10.332991
aaaaapoq_s001_t000,calibration,1.5,canonicalized,0,2.877594,0.723162,1.891703
aaaaappb_s001_t000,calibration,1.5,canonicalized,0,-1.099703,0.305425,5.569702
aaaaapqd_s001_t000,calibration,1.5,canonicalized,1,4.915542,0.866827,4.742137
aaaaapqv_s001_t000,calibration,1.5,canonicalized,0,0.715091,0.497854,14.621074
aaaaapta_s001_t000,calibration,1.5,canonicalized,1,0.344637,0.456475,19.926064
aaaaapth_s001_t000,calibration,1.5,canonicalized,1,3.417135,0.768865,3.482088
aaaaapua_s001_t001,calibration,1.5,canonicalized,0,-7.426675,0.025184,7.683335
aaaaapuu_s001_t000,calibration,1.5,canonicalized,0,0.739436,0.500581,5.928247
aaaaapvw_s001_t001,calibration,1.5,canonicalized,1,6.431510,0.927730,5.182846
aaaaapvy_s001_t000,calibration,1.5,canonicalized,1,2.715320,0.708375,8.006081
aaaaapwn_s001_t001,calibration,1.5,canonicalized,0,0.913260,0.520038,7.805860
aaaaapwo_s001_t001,calibration,1.5,canonicalized,1,10.376831,0.986872,3.360415
aaaaapxm_s001_t001,calibration,1.5,canonicalized,0,-1.249489,0.291378,9.896732
aaaaapys_s001_t001,calibration,1.5,canonicalized,1,13.636607,0.996921,3.657546
aaaaapys_s002_t001,calibration,1.5,canonicalized,1,8.313765,0.967566,3.907400
aaaaaayx_s002_t000,calibration,1.5,naive,0,1.241492,0.556567,5.684841
aaaaabdo_s003_t000,calibration,1.5,naive,1,9.337239,0.979247,6.868872
aaaaabsk_s007_t000,calibration,1.5,naive,1,3.076467,0.740640,9.618223
aaaaabuv_s002_t000,calibration,1.5,naive,1,3.290873,0.758660,2.913627
aaaaacad_s003_t000,calibration,1.5,naive,0,1.853161,0.622756,2.991725
aaaaacby_s004_t000,calibration,1.5,naive,0,1.333121,0.566673,1.895433
aaaaaddm_s006_t000,calibration,1.5,naive,1,5.995725,0.913497,8.671981
aaaaadeu_s002_t000,calibration,1.5,naive,1,2.962222,0.730688,4.357814
aaaaadjk_s002_t000,calibration,1.5,naive,0,-0.374378,0.378327,2.643344
aaaaadkb_s002_t000,calibration,1.5,naive,1,10.924541,0.989699,7.652078
aaaaadsm_s002_t001,calibration,1.5,naive,0,-2.066548,0.221881,3.292519
aaaaaeab_s003_t000,calibration,1.5,naive,0,0.745938,0.501309,3.584180
aaaaaejc_s003_t001,calibration,1.5,naive,0,-0.786388,0.335986,8.689581
aaaaaezn_s003_t001,calibration,1.5,naive,1,0.742883,0.500967,8.123578
aaaaafhl_s003_t000,calibration,1.5,naive,1,1.696514,0.606133,5.347505
aaaaagfk_s003_t000,calibration,1.5,naive,0,-1.308504,0.285950,2.582217
aaaaagsc_s003_t001,calibration,1.5,naive,1,6.593189,0.932438,8.453302
aaaaagsc_s006_t001,calibration,1.5,naive,1,0.588429,0.483674,1.509346
aaaaaguk_s002_t001,calibration,1.5,naive,0,-4.369603,0.092248,11.588488
aaaaagvx_s002_t000,calibration,1.5,naive,1,1.536472,0.588893,7.733407
aaaaagvx_s003_t001,calibration,1.5,naive,1,2.334253,0.671900,2.316411
aaaaagyr_s002_t000,calibration,1.5,naive,1,0.352357,0.457333,1.998258
aaaaahie_s005_t001,calibration,1.5,naive,1,6.540171,0.930927,6.526758
aaaaahsv_s002_t000,calibration,1.5,naive,0,-0.962454,0.318622,4.475028
aaaaahte_s002_t000,calibration,1.5,naive,1,8.412275,0.968922,9.743308
aaaaahte_s003_t000,calibration,1.5,naive,1,9.480416,0.980511,12.735968
aaaaahuy_s002_t000,calibration,1.5,naive,1,0.070938,0.426252,3.077623
aaaaahzi_s001_t000,calibration,1.5,naive,0,2.740341,0.710685,2.534083
aaaaahzm_s001_t001,calibration,1.5,naive,0,0.267524,0.447917,1.539971
aaaaahzq_s001_t000,calibration,1.5,naive,0,-5.237152,0.064456,4.487312
aaaaahzs_s001_t001,calibration,1.5,naive,0,0.674268,0.493283,0.915553
aaaaaiae_s001_t000,calibration,1.5,naive,0,2.117836,0.650181,4.253756
aaaaaibx_s001_t000,calibration,1.5,naive,0,-2.340699,0.201402,2.755744
aaaaaiby_s001_t000,calibration,1.5,naive,0,0.238838,0.444741,7.397167
aaaaaici_s001_t000,calibration,1.5,naive,0,-5.078526,0.068876,11.129771
aaaaaicn_s001_t000,calibration,1.5,naive,0,0.073098,0.426489,5.485222
aaaaaijh_s002_t000,calibration,1.5,naive,1,-4.894799,0.074346,6.173450
aaaaaijn_s001_t001,calibration,1.5,naive,0,0.085483,0.427847,3.031795
aaaaairb_s001_t001,calibration,1.5,naive,0,4.066239,0.816484,1.791833
aaaaairo_s001_t000,calibration,1.5,naive,0,-3.731300,0.119147,9.914526
aaaaaitt_s001_t000,calibration,1.5,naive,0,-1.278215,0.288728,4.978999
aaaaaiue_s004_t000,calibration,1.5,naive,1,2.693487,0.706350,3.331903
aaaaaiuo_s002_t000,calibration,1.5,naive,0,1.551556,0.590528,6.605989
aaaaaiwz_s001_t001,calibration,1.5,naive,0,-1.522775,0.266759,3.920185
aaaaaiyy_s001_t001,calibration,1.5,naive,0,-2.070163,0.221602,6.046096
aaaaaizd_s001_t001,calibration,1.5,naive,0,0.495247,0.473258,10.151628
aaaaaizs_s001_t000,calibration,1.5,naive,0,-0.308504,0.385292,1.828316
aaaaajae_s001_t001,calibration,1.5,naive,0,1.472836,0.581974,2.191032
aaaaajah_s002_t001,calibration,1.5,naive,1,0.708018,0.497062,6.513950
aaaaajah_s004_t000,calibration,1.5,naive,1,0.852270,0.513215,6.201033
aaaaajal_s001_t001,calibration,1.5,naive,0,-2.734355,0.174522,2.166282
aaaaajam_s001_t000,calibration,1.5,naive,1,2.723074,0.709092,1.283677
aaaaajar_s001_t001,calibration,1.5,naive,0,-0.757076,0.338922,8.476602
aaaaajbb_s001_t000,calibration,1.5,naive,0,3.101374,0.742777,4.976540
aaaaajbh_s002_t000,calibration,1.5,naive,0,1.882164,0.625804,5.842375
aaaaajce_s001_t000,calibration,1.5,naive,0,-0.936216,0.321180,4.322751
aaaaajci_s001_t000,calibration,1.5,naive,0,-1.109450,0.304499,1.743220
aaaaajck_s001_t000,calibration,1.5,naive,0,0.512111,0.475141,4.233078
aaaaajct_s001_t000,calibration,1.5,naive,0,1.817067,0.618950,0.918288
aaaaajcu_s001_t000,calibration,1.5,naive,0,-0.214347,0.395330,3.285449
aaaaajda_s001_t000,calibration,1.5,naive,0,-1.159904,0.299734,5.319139
aaaaajdb_s001_t000,calibration,1.5,naive,0,-3.152331,0.149166,8.708853
aaaaajdv_s001_t000,calibration,1.5,naive,0,0.951360,0.524297,10.796369
aaaaajdy_s001_t000,calibration,1.5,naive,0,-2.751761,0.173402,6.443791
aaaaajdz_s001_t000,calibration,1.5,naive,0,-0.889226,0.325786,4.591046
aaaaajea_s001_t000,calibration,1.5,naive,0,4.302482,0.831814,2.423407
aaaaajen_s001_t000,calibration,1.5,naive,0,0.081457,0.427405,2.112641
aaaaajey_s001_t000,calibration,1.5,naive,0,0.422809,0.465176,6.950128
aaaaajfb_s001_t000,calibration,1.5,naive,0,-3.769016,0.117385,6.914062
aaaaajfe_s001_t000,calibration,1.5,naive,0,-1.141194,0.301496,1.739499
aaaaajff_s001_t000,calibration,1.5,naive,0,-2.427223,0.195240,2.044144
aaaaajfi_s001_t001,calibration,1.5,naive,0,-0.572115,0.357727,1.669434
aaaaajfn_s001_t001,calibration,1.5,naive,0,1.037583,0.533921,8.820325
aaaaajfy_s001_t000,calibration,1.5,naive,0,-2.927580,0.162401,9.430472
aaaaajga_s001_t001,calibration,1.5,naive,0,1.398680,0.573870,6.916439
aaaaajhy_s001_t000,calibration,1.5,naive,0,-4.946476,0.072768,5.699141
aaaaajit_s001_t001,calibration,1.5,naive,0,1.101797,0.541072,3.217505
aaaaajiu_s001_t000,calibration,1.5,naive,0,-0.481437,0.367114,9.989732
aaaaajiy_s001_t001,calibration,1.5,naive,0,-0.439959,0.371442,7.525422
aaaaajiz_s001_t000,calibration,1.5,naive,0,-0.344008,0.381532,8.446915
aaaaajjb_s001_t001,calibration,1.5,naive,0,1.920853,0.629854,4.984316
aaaaajje_s001_t000,calibration,1.5,naive,0,-2.369309,0.199349,10.133781
aaaaajjk_s001_t000,calibration,1.5,naive,0,2.593779,0.697001,3.210794
aaaaajna_s001_t000,calibration,1.5,naive,0,-4.550363,0.085687,4.637925
aaaaajnu_s001_t000,calibration,1.5,naive,0,-2.756234,0.173115,8.670622
aaaaajon_s001_t000,calibration,1.5,naive,0,0.662902,0.492010,11.580844
aaaaajoo_s002_t001,calibration,1.5,naive,1,0.317666,0.453478,7.393496
aaaaajpg_s001_t001,calibration,1.5,naive,0,-3.247626,0.143828,4.655248
aaaaajqh_s004_t000,calibration,1.5,naive,1,7.520175,0.954351,8.012700
aaaaajqk_s003_t001,calibration,1.5,naive,1,6.870932,0.939867,1.592401
aaaaajrf_s001_t000,calibration,1.5,naive,1,14.405987,0.997817,9.011640
aaaaajrf_s002_t000,calibration,1.5,naive,1,20.447175,0.999854,4.643976
aaaaajrf_s003_t002,calibration,1.5,naive,1,17.897063,0.999542,6.382384
aaaaajrf_s004_t000,calibration,1.5,naive,1,3.156128,0.747436,2.947796
aaaaajso_s001_t000,calibration,1.5,naive,1,7.506228,0.954078,6.145438
aaaaajtg_s001_t000,calibration,1.5,naive,0,-1.705425,0.251062,17.377109
aaaaajtu_s001_t000,calibration,1.5,naive,0,-2.175964,0.213534,8.663294
aaaaajuh_s001_t000,calibration,1.5,naive,1,5.832645,0.907547,10.342460
aaaaajun_s001_t000,calibration,1.5,naive,0,5.888434,0.909623,7.759589
aaaaajvh_s001_t001,calibration,1.5,naive,0,-2.074122,0.221296,13.108110
aaaaajxp_s001_t000,calibration,1.5,naive,0,1.222683,0.554486,2.362302
aaaaakck_s001_t001,calibration,1.5,naive,1,3.305284,0.759840,6.828884
aaaaakcx_s001_t001,calibration,1.5,naive,1,7.782448,0.959205,4.798113
aaaaakcy_s005_t001,calibration,1.5,naive,1,11.140848,0.990642,7.926009
aaaaakdj_s001_t000,calibration,1.5,naive,1,0.979494,0.527439,5.738097
aaaaakdo_s001_t000,calibration,1.5,naive,1,2.908590,0.725934,8.034229
aaaaakeq_s001_t000,calibration,1.5,naive,1,5.706593,0.902698,18.724450
aaaaakeq_s002_t000,calibration,1.5,naive,1,6.499387,0.929742,10.745187
aaaaakeq_s003_t000,calibration,1.5,naive,1,6.394735,0.926618,15.574417
aaaaakev_s001_t001,calibration,1.5,naive,1,19.262660,0.999752,34.879412
aaaaakev_s002_t000,calibration,1.5,naive,1,16.318645,0.999072,16.317035
aaaaakft_s001_t000,calibration,1.5,naive,0,-3.256688,0.143329,6.071771
aaaaakgp_s001_t001,calibration,1.5,naive,0,3.882173,0.803805,2.417829
aaaaakgu_s001_t000,calibration,1.5,naive,1,-0.294300,0.386800,1.135213
aaaaakjk_s002_t002,calibration,1.5,naive,1,1.828646,0.620173,7.815923
aaaaakjk_s003_t000,calibration,1.5,naive,1,6.447454,0.928207,10.152838
aaaaakka_s001_t001,calibration,1.5,naive,0,0.806477,0.508089,8.626239
aaaaakmg_s003_t001,calibration,1.5,naive,1,6.432541,0.927761,6.062271
aaaaakmh_s001_t000,calibration,1.5,naive,1,0.426891,0.465631,6.612144
aaaaaknt_s001_t000,calibration,1.5,naive,1,1.497018,0.584607,4.430633
aaaaakoo_s001_t001,calibration,1.5,naive,1,18.543780,0.999657,6.879525
aaaaakqg_s001_t001,calibration,1.5,naive,0,0.729052,0.499418,9.511037
aaaaakqr_s001_t000,calibration,1.5,naive,0,-0.120809,0.405389,4.521536
aaaaakrt_s001_t001,calibration,1.5,naive,1,7.883539,0.960941,3.511902
aaaaakrt_s002_t001,calibration,1.5,naive,1,6.987009,0.942740,6.456008
aaaaaksb_s001_t000,calibration,1.5,naive,0,-2.357435,0.200199,6.213049
aaaaaksu_s001_t001,calibration,1.5,naive,0,1.129803,0.544186,4.939360
aaaaakxz_s001_t001,calibration,1.5,naive,1,2.733771,0.710080,1.707818
aaaaakxz_s002_t001,calibration,1.5,naive,1,5.193007,0.880533,5.104783
aaaaalaf_s001_t000,calibration,1.5,naive,0,0.688985,0.494931,1.907213
aaaaalau_s001_t000,calibration,1.5,naive,1,3.941018,0.807929,9.373479
aaaaalbh_s001_t000,calibration,1.5,naive,1,3.855178,0.801891,4.591016
aaaaalbt_s001_t001,calibration,1.5,naive,0,-0.018861,0.416444,6.517273
aaaaalbt_s002_t000,calibration,1.5,naive,0,-0.464454,0.368883,3.123921
aaaaalbz_s006_t000,calibration,1.5,naive,1,12.197121,0.994149,17.401773
aaaaalid_s001_t001,calibration,1.5,naive,0,6.831897,0.938872,11.519418
aaaaaljf_s001_t000,calibration,1.5,naive,1,2.563332,0.694112,13.226980
aaaaaljj_s001_t000,calibration,1.5,naive,0,-1.197120,0.296246,3.606955
aaaaallc_s001_t001,calibration,1.5,naive,0,3.142267,0.746262,10.889183
aaaaalle_s002_t000,calibration,1.5,naive,1,3.220018,0.752801,5.747612
aaaaalox_s001_t001,calibration,1.5,naive,0,3.275431,0.757391,8.809945
aaaaalpv_s001_t000,calibration,1.5,naive,0,0.587182,0.483535,9.591185
aaaaalqa_s001_t000,calibration,1.5,naive,0,-0.342087,0.381735,4.919020
aaaaalqr_s001_t001,calibration,1.5,naive,1,2.432437,0.681522,7.066580
aaaaalqs_s001_t001,calibration,1.5,naive,0,0.024551,0.421178,4.170288
aaaaalqx_s001_t000,calibration,1.5,naive,0,-3.731875,0.119120,5.129095
aaaaalrc_s002_t000,calibration,1.5,naive,1,20.422496,0.999852,1.032578
aaaaalsq_s001_t000,calibration,1.5,naive,0,-0.017034,0.416643,1.197656
aaaaalsx_s001_t000,calibration,1.5,naive,1,-0.374187,0.378347,4.562399
aaaaalsx_s004_t001,calibration,1.5,naive,1,0.509069,0.474802,2.487861
aaaaaluz_s001_t001,calibration,1.5,naive,0,-0.772987,0.337327,1.949928
aaaaalvw_s001_t000,calibration,1.5,naive,0,-5.404566,0.060079,3.164660
aaaaalvz_s001_t000,calibration,1.5,naive,1,14.421455,0.997832,16.148701
aaaaalxk_s001_t000,calibration,1.5,naive,0,1.967079,0.634669,1.697449
aaaaalyr_s001_t000,calibration,1.5,naive,1,1.541608,0.589450,3.714768
aaaaalzk_s002_t001,calibration,1.5,naive,1,11.963563,0.993508,13.657083
aaaaamcb_s001_t001,calibration,1.5,naive,1,10.343749,0.986679,9.833206
aaaaamfe_s001_t001,calibration,1.5,naive,0,7.871063,0.960730,11.077942
aaaaamft_s001_t001,calibration,1.5,naive,1,-1.660637,0.254854,6.582670
aaaaamfu_s001_t000,calibration,1.5,naive,0,1.701667,0.606684,4.169628
aaaaamhi_s001_t000,calibration,1.5,naive,1,12.983063,0.995878,21.424358
aaaaamhk_s001_t000,calibration,1.5,naive,1,4.324860,0.833212,4.734519
aaaaamjc_s001_t001,calibration,1.5,naive,1,9.937070,0.984059,12.699540
aaaaammh_s001_t001,calibration,1.5,naive,1,3.441433,0.770794,7.932229
aaaaamnq_s001_t000,calibration,1.5,naive,1,8.037981,0.963456,13.510175
aaaaamnq_s002_t000,calibration,1.5,naive,1,7.123644,0.945956,8.694515
aaaaamon_s001_t000,calibration,1.5,naive,0,0.932378,0.522175,12.003625
aaaaampz_s001_t000,calibration,1.5,naive,1,3.489368,0.774566,1.859715
aaaaamrj_s001_t000,calibration,1.5,naive,0,-0.605450,0.354304,5.198587
aaaaamsc_s001_t000,calibration,1.5,naive,1,5.580084,0.897606,0.687273
aaaaamtb_s001_t000,calibration,1.5,naive,0,2.273497,0.665872,5.540847
aaaaamuc_s001_t000,calibration,1.5,naive,0,-0.399438,0.375690,1.007292
aaaaamxn_s001_t000,calibration,1.5,naive,1,2.456848,0.683891,7.505753
aaaaamyb_s001_t001,calibration,1.5,naive,0,0.125183,0.432206,1.442773
aaaaamye_s001_t000,calibration,1.5,naive,1,14.913342,0.998260,16.927727
aaaaamzi_s001_t001,calibration,1.5,naive,1,6.077708,0.916356,4.241317
aaaaamzl_s001_t000,calibration,1.5,naive,0,-0.935847,0.321216,5.213121
aaaaamzx_s001_t000,calibration,1.5,naive,0,-3.390333,0.136134,3.510558
aaaaanbq_s001_t000,calibration,1.5,naive,0,0.137758,0.433589,6.525022
aaaaanek_s001_t000,calibration,1.5,naive,0,-4.383419,0.091731,2.081004
aaaaangp_s001_t000,calibration,1.5,naive,0,-0.202778,0.396569,4.211106
aaaaanhb_s001_t003,calibration,1.5,naive,1,3.851857,0.801654,14.245953
aaaaanhb_s003_t001,calibration,1.5,naive,1,3.242637,0.754682,4.507957
aaaaanhb_s005_t000,calibration,1.5,naive,1,5.309909,0.885934,6.224202
aaaaankf_s001_t000,calibration,1.5,naive,1,6.119717,0.917787,1.714637
aaaaanlp_s001_t000,calibration,1.5,naive,0,-0.583717,0.356534,1.252854
aaaaanmc_s001_t000,calibration,1.5,naive,1,7.638579,0.956607,10.254077
aaaaanop_s001_t000,calibration,1.5,naive,0,-0.162396,0.400906,10.339834
aaaaanoz_s001_t000,calibration,1.5,naive,1,-0.531904,0.361877,6.280952
aaaaanpr_s001_t002,calibration,1.5,naive,1,5.515992,0.894936,7.633088
aaaaanqe_s001_t000,calibration,1.5,naive,0,-1.799164,0.243249,4.529002
aaaaanro_s001_t000,calibration,1.5,naive,1,2.901971,0.725343,5.357231
aaaaansj_s001_t000,calibration,1.5,naive,1,4.479937,0.842645,6.870084
aaaaanta_s001_t000,calibration,1.5,naive,1,7.994173,0.962759,7.794032
aaaaanum_s001_t000,calibration,1.5,naive,0,0.507222,0.474595,4.807565
aaaaanvb_s002_t000,calibration,1.5,naive,0,-2.390976,0.197804,11.169568
aaaaanvg_s001_t002,calibration,1.5,naive,0,4.941212,0.868149,5.183681
aaaaanvw_s001_t000,calibration,1.5,naive,0,-3.642509,0.123385,7.063476
aaaaanwc_s001_t001,calibration,1.5,naive,1,8.783314,0.973556,72.097228
aaaaanxl_s001_t000,calibration,1.5,naive,1,7.131334,0.946132,3.139239
aaaaanyb_s001_t001,calibration,1.5,naive,0,0.919160,0.520698,1.195371
aaaaanyt_s002_t000,calibration,1.5,naive,1,-1.109334,0.304510,34.615593
aaaaanyw_s001_t000,calibration,1.5,naive,1,5.479423,0.893386,2.852774
aaaaanyw_s002_t000,calibration,1.5,naive,1,4.122833,0.820253,9.619754
aaaaanzh_s001_t000,calibration,1.5,naive,1,2.835639,0.719384,9.976514
aaaaanzu_s001_t003,calibration,1.5,naive,1,4.308036,0.832162,9.664592
aaaaaoav_s001_t000,calibration,1.5,naive,0,-1.026073,0.312467,8.812431
aaaaaoav_s002_t000,calibration,1.5,naive,0,-2.781398,0.171507,4.754333
aaaaaobi_s001_t000,calibration,1.5,naive,1,-3.245425,0.143950,11.589055
aaaaaobl_s001_t000,calibration,1.5,naive,0,-0.653062,0.349439,2.555131
aaaaaoby_s001_t000,calibration,1.5,naive,0,1.114616,0.542498,5.325829
aaaaaoda_s001_t000,calibration,1.5,naive,1,9.094250,0.976915,4.518993
aaaaaoeg_s001_t000,calibration,1.5,naive,0,-2.935988,0.161889,8.397137
aaaaaofj_s001_t000,calibration,1.5,naive,0,0.209969,0.441550,4.537833
aaaaaofr_s001_t000,calibration,1.5,naive,0,2.775255,0.713891,2.014116
aaaaaofz_s001_t000,calibration,1.5,naive,0,-0.257584,0.390709,14.343995
aaaaaohb_s001_t000,calibration,1.5,naive,1,6.446889,0.928190,1.249113
aaaaaohr_s002_t001,calibration,1.5,naive,1,10.095623,0.985136,7.047494
aaaaaoiq_s001_t000,calibration,1.5,naive,1,4.687999,0.854613,7.345291
aaaaaoiv_s001_t000,calibration,1.5,naive,1,-1.507348,0.268113,1.901826
aaaaaoiv_s002_t001,calibration,1.5,naive,1,13.149889,0.996174,8.385734
aaaaaoiv_s003_t003,calibration,1.5,naive,1,10.589532,0.988051,1.728276
aaaaaojd_s001_t002,calibration,1.5,naive,0,-1.549857,0.264392,2.293110
aaaaaokg_s001_t000,calibration,1.5,naive,0,3.540657,0.778552,13.211806
aaaaaoly_s001_t000,calibration,1.5,naive,0,-1.492950,0.269380,8.471876
aaaaaome_s001_t000,calibration,1.5,naive,0,-3.458855,0.132564,4.707974
aaaaaomx_s001_t000,calibration,1.5,naive,0,-2.348495,0.200841,9.162013
aaaaaomy_s001_t000,calibration,1.5,naive,1,6.292667,0.923447,14.847122
aaaaaonb_s001_t000,calibration,1.5,naive,0,1.982865,0.636307,9.132133
aaaaaons_s002_t002,calibration,1.5,naive,1,6.702686,0.935464,5.065943
aaaaaopd_s001_t000,calibration,1.5,naive,0,-0.567768,0.358175,8.439353
aaaaaopo_s001_t000,calibration,1.5,naive,0,0.468797,0.470305,8.930194
aaaaaora_s002_t000,calibration,1.5,naive,1,3.748050,0.794156,5.926448
aaaaaord_s001_t000,calibration,1.5,naive,1,1.058775,0.536282,2.112727
aaaaaosh_s001_t000,calibration,1.5,naive,1,-0.290100,0.387247,2.109995
aaaaaosw_s001_t000,calibration,1.5,naive,0,1.604733,0.596275,6.334636
aaaaaote_s001_t000,calibration,1.5,naive,0,0.766558,0.503618,2.989471
aaaaaout_s001_t000,calibration,1.5,naive,1,2.548498,0.692699,5.977285
aaaaaovl_s001_t000,calibration,1.5,naive,1,12.195420,0.994145,6.746917
aaaaaovo_s001_t000,calibration,1.5,naive,1,8.109817,0.964573,14.259821
aaaaaowb_s001_t000,calibration,1.5,naive,0,2.481993,0.686321,7.758663
aaaaaoxf_s001_t000,calibration,1.5,naive,0,-2.110826,0.218476,1.666197
aaaaaozf_s001_t001,calibration,1.5,naive,0,1.370429,0.570773,10.690869
aaaaapag_s001_t000,calibration,1.5,naive,0,-2.162720,0.214532,22.183911
aaaaapar_s001_t000,calibration,1.5,naive,1,18.235436,0.999607,9.168817
aaaaapcb_s001_t000,calibration,1.5,naive,0,4.235987,0.827606,3.452753
aaaaapcy_s001_t002,calibration,1.5,naive,0,-2.004720,0.226700,5.440284
aaaaapdg_s001_t000,calibration,1.5,naive,0,-3.173985,0.147939,5.883373
aaaaaphs_s001_t000,calibration,1.5,naive,1,6.558239,0.931445,4.912955
aaaaaphw_s001_t000,calibration,1.5,naive,0,2.544823,0.692349,5.150368
aaaaapij_s001_t000,calibration,1.5,naive,0,0.926257,0.521491,5.798795
aaaaapjc_s001_t001,calibration,1.5,naive,0,0.662929,0.492013,5.859375
aaaaapka_s001_t000,calibration,1.5,naive,0,0.138127,0.433629,1.897561
aaaaapkx_s001_t001,calibration,1.5,naive,1,-1.034707,0.311637,7.146324
aaaaaply_s001_t001,calibration,1.5,naive,1,8.598879,0.971343,12.192939
aaaaapmb_s002_t001,calibration,1.5,naive,1,3.622024,0.784773,1.054885
aaaaapmp_s001_t000,calibration,1.5,naive,1,0.507806,0.474661,7.651816
aaaaapnr_s001_t000,calibration,1.5,naive,1,-1.421889,0.275692,5.416405
aaaaapoc_s001_t000,calibration,1.5,naive,1,5.189481,0.880367,4.357340
aaaaapof_s001_t000,calibration,1.5,naive,0,-2.837454,0.167968,8.499337
aaaaapoo_s001_t000,calibration,1.5,naive,0,1.364985,0.570175,11.593258
aaaaapoq_s001_t000,calibration,1.5,naive,0,3.413364,0.768565,3.197662
aaaaappb_s001_t000,calibration,1.5,naive,0,1.243034,0.556738,5.803295
aaaaapqd_s001_t000,calibration,1.5,naive,1,2.070349,0.645327,2.250279
aaaaapqv_s001_t000,calibration,1.5,naive,0,0.641742,0.489641,12.145859
aaaaapta_s001_t000,calibration,1.5,naive,1,1.673041,0.603620,23.272187
aaaaapth_s001_t000,calibration,1.5,naive,1,1.956782,0.633598,7.632987
aaaaapua_s001_t001,calibration,1.5,naive,0,-7.092367,0.029134,7.706248
aaaaapuu_s001_t000,calibration,1.5,naive,0,-2.109136,0.218605,3.902666
aaaaapvw_s001_t001,calibration,1.5,naive,1,6.110097,0.917461,5.518890
aaaaapvy_s001_t000,calibration,1.5,naive,1,1.115814,0.542631,11.645728
aaaaapwn_s001_t001,calibration,1.5,naive,0,0.927443,0.521624,10.417676
aaaaapwo_s001_t001,calibration,1.5,naive,1,11.316409,0.991343,1.921097
aaaaapxm_s001_t001,calibration,1.5,naive,0,-1.096853,0.305696,8.901465
aaaaapys_s001_t001,calibration,1.5,naive,1,13.234253,0.996315,3.319204
aaaaapys_s002_t001,calibration,1.5,naive,1,8.168154,0.965455,5.542655
aaaaaayx_s002_t000,calibration,2.0,canonicalized,0,0.797363,0.507068,6.033919
aaaaabdo_s003_t000,calibration,2.0,canonicalized,1,10.243760,0.986077,5.504928
aaaaabsk_s007_t000,calibration,2.0,canonicalized,1,1.747691,0.611593,10.203362
aaaaabuv_s002_t000,calibration,2.0,canonicalized,1,3.151274,0.747025,3.189991
aaaaacad_s003_t000,calibration,2.0,canonicalized,0,1.559729,0.591413,2.900265
aaaaacby_s004_t000,calibration,2.0,canonicalized,0,1.079388,0.538578,1.285323
aaaaaddm_s006_t000,calibration,2.0,canonicalized,1,5.313769,0.886108,7.955435
aaaaadeu_s002_t000,calibration,2.0,canonicalized,1,4.882767,0.865123,5.700261
aaaaadjk_s002_t000,calibration,2.0,canonicalized,0,-0.091694,0.408537,2.816257
aaaaadkb_s002_t000,calibration,2.0,canonicalized,1,8.988334,0.975820,3.786852
aaaaadsm_s002_t001,calibration,2.0,canonicalized,0,-3.165178,0.148437,3.714667
aaaaaeab_s003_t000,calibration,2.0,canonicalized,0,0.876839,0.515964,3.683766
aaaaaejc_s003_t001,calibration,2.0,canonicalized,0,0.618804,0.487073,7.160816
aaaaaezn_s003_t001,calibration,2.0,canonicalized,1,0.203856,0.440875,12.863887
aaaaafhl_s003_t000,calibration,2.0,canonicalized,1,3.231133,0.753726,5.191281
aaaaagfk_s003_t000,calibration,2.0,canonicalized,0,-0.887473,0.325959,1.886640
aaaaagsc_s003_t001,calibration,2.0,canonicalized,1,6.129944,0.918132,13.377104
aaaaagsc_s006_t001,calibration,2.0,canonicalized,1,0.567169,0.481296,1.787220
aaaaaguk_s002_t001,calibration,2.0,canonicalized,0,-4.080843,0.103667,14.594594
aaaaagvx_s002_t000,calibration,2.0,canonicalized,1,2.097799,0.648137,6.631718
aaaaagvx_s003_t001,calibration,2.0,canonicalized,1,2.357708,0.674212,1.638047
aaaaagyr_s002_t000,calibration,2.0,canonicalized,1,0.327556,0.454577,2.476656
aaaaahie_s005_t001,calibration,2.0,canonicalized,1,8.422357,0.969058,3.342462
aaaaahsv_s002_t000,calibration,2.0,canonicalized,0,-0.644346,0.350327,4.840308
aaaaahte_s002_t000,calibration,2.0,canonicalized,1,7.489285,0.953744,9.496447
aaaaahte_s003_t000,calibration,2.0,canonicalized,1,9.697431,0.982284,5.704443
aaaaahuy_s002_t000,calibration,2.0,canonicalized,1,0.396623,0.462258,2.074379
aaaaahzi_s001_t000,calibration,2.0,canonicalized,0,1.323592,0.565625,2.256042
aaaaahzm_s001_t001,calibration,2.0,canonicalized,0,1.632966,0.599317,1.996099
aaaaahzq_s001_t000,calibration,2.0,canonicalized,0,-4.605544,0.083770,4.517608
aaaaahzs_s001_t001,calibration,2.0,canonicalized,0,1.152116,0.546664,2.295641
aaaaaiae_s001_t000,calibration,2.0,canonicalized,0,2.169543,0.655431,3.481947
aaaaaibx_s001_t000,calibration,2.0,canonicalized,0,-2.618305,0.182139,5.000594
aaaaaiby_s001_t000,calibration,2.0,canonicalized,0,-0.637928,0.350982,7.243094
aaaaaici_s001_t000,calibration,2.0,canonicalized,0,-2.830939,0.168376,14.665339
aaaaaicn_s001_t000,calibration,2.0,canonicalized,0,1.398285,0.573827,4.297848
aaaaaijh_s002_t000,calibration,2.0,canonicalized,1,-4.418956,0.090413,6.587883
aaaaaijn_s001_t001,calibration,2.0,canonicalized,0,-0.336075,0.382371,3.067377
aaaaairb_s001_t001,calibration,2.0,canonicalized,0,3.406926,0.768051,3.521896
aaaaairo_s001_t000,calibration,2.0,canonicalized,0,-4.265995,0.096209,9.917638
aaaaaitt_s001_t000,calibration,2.0,canonicalized,0,-1.160600,0.299668,5.031238
aaaaaiue_s004_t000,calibration,2.0,canonicalized,1,1.953797,0.633288,2.440909
aaaaaiuo_s002_t000,calibration,2.0,canonicalized,0,1.290934,0.562026,5.571756
aaaaaiwz_s001_t001,calibration,2.0,canonicalized,0,-0.788990,0.335726,2.398023
aaaaaiyy_s001_t001,calibration,2.0,canonicalized,0,-1.794851,0.243605,7.325446
aaaaaizd_s001_t001,calibration,2.0,canonicalized,0,0.716805,0.498046,10.481077
aaaaaizs_s001_t000,calibration,2.0,canonicalized,0,0.374293,0.459773,2.762528
aaaaajae_s001_t001,calibration,2.0,canonicalized,0,3.367557,0.764894,1.360164
aaaaajah_s002_t001,calibration,2.0,canonicalized,1,-0.245127,0.392038,5.647690
aaaaajah_s004_t000,calibration,2.0,canonicalized,1,1.580817,0.593694,3.266650
aaaaajal_s001_t001,calibration,2.0,canonicalized,0,-2.771730,0.172123,0.592492
aaaaajam_s001_t000,calibration,2.0,canonicalized,1,1.607907,0.596618,0.992104
aaaaajar_s001_t001,calibration,2.0,canonicalized,0,-1.615194,0.258739,9.817386
aaaaajbb_s001_t000,calibration,2.0,canonicalized,0,2.384440,0.676837,5.803892
aaaaajbh_s002_t000,calibration,2.0,canonicalized,0,1.596701,0.595409,3.078843
aaaaajce_s001_t000,calibration,2.0,canonicalized,0,-0.969570,0.317931,3.750174
aaaaajci_s001_t000,calibration,2.0,canonicalized,0,1.755122,0.612384,2.301428
aaaaajck_s001_t000,calibration,2.0,canonicalized,0,-3.391644,0.136064,4.563148
aaaaajct_s001_t000,calibration,2.0,canonicalized,0,1.326665,0.565963,1.471760
aaaaajcu_s001_t000,calibration,2.0,canonicalized,0,-0.886652,0.326040,3.272210
aaaaajda_s001_t000,calibration,2.0,canonicalized,0,-2.506925,0.189691,3.486992
aaaaajdb_s001_t000,calibration,2.0,canonicalized,0,-2.674760,0.178402,9.910069
aaaaajdv_s001_t000,calibration,2.0,canonicalized,0,0.531838,0.477346,11.612101
aaaaajdy_s001_t000,calibration,2.0,canonicalized,0,-2.322340,0.202728,6.500485
aaaaajdz_s001_t000,calibration,2.0,canonicalized,0,-0.977186,0.317191,4.046065
aaaaajea_s001_t000,calibration,2.0,canonicalized,0,3.834979,0.800449,2.742921
aaaaajen_s001_t000,calibration,2.0,canonicalized,0,-0.687329,0.345958,2.999646
aaaaajey_s001_t000,calibration,2.0,canonicalized,0,-0.615418,0.353283,10.423932
aaaaajfb_s001_t000,calibration,2.0,canonicalized,0,-3.252866,0.143540,10.318708
aaaaajfe_s001_t000,calibration,2.0,canonicalized,0,-0.640931,0.350676,2.367006
aaaaajff_s001_t000,calibration,2.0,canonicalized,0,-3.125008,0.150726,0.715046
aaaaajfi_s001_t001,calibration,2.0,canonicalized,0,-1.349611,0.282204,1.858922
aaaaajfn_s001_t001,calibration,2.0,canonicalized,0,-1.967354,0.229648,7.901354
aaaaajfy_s001_t000,calibration,2.0,canonicalized,0,-4.020249,0.106217,10.210926
aaaaajga_s001_t001,calibration,2.0,canonicalized,0,1.042095,0.534424,8.738846
aaaaajhy_s001_t000,calibration,2.0,canonicalized,0,-4.033483,0.105655,7.314921
aaaaajit_s001_t001,calibration,2.0,canonicalized,0,-0.428493,0.372642,4.163789
aaaaajiu_s001_t000,calibration,2.0,canonicalized,0,0.018804,0.420551,8.866284
aaaaajiy_s001_t001,calibration,2.0,canonicalized,0,-1.296031,0.287092,6.977927
aaaaajiz_s001_t000,calibration,2.0,canonicalized,0,-0.629719,0.351820,10.209442
aaaaajjb_s001_t001,calibration,2.0,canonicalized,0,0.904583,0.519068,5.236742
aaaaajje_s001_t000,calibration,2.0,canonicalized,0,-2.965992,0.160074,13.755704
aaaaajjk_s001_t000,calibration,2.0,canonicalized,0,2.264640,0.664988,5.533590
aaaaajna_s001_t000,calibration,2.0,canonicalized,0,-4.666064,0.081713,6.324950
aaaaajnu_s001_t000,calibration,2.0,canonicalized,0,-3.119920,0.151018,5.988591
aaaaajon_s001_t000,calibration,2.0,canonicalized,0,-0.534415,0.361617,14.607711
aaaaajoo_s002_t001,calibration,2.0,canonicalized,1,0.748415,0.501587,8.589482
aaaaajpg_s001_t001,calibration,2.0,canonicalized,0,-3.061309,0.154415,4.429345
aaaaajqh_s004_t000,calibration,2.0,canonicalized,1,10.831127,0.989264,10.490657
aaaaajqk_s003_t001,calibration,2.0,canonicalized,1,7.147909,0.946509,4.609452
aaaaajrf_s001_t000,calibration,2.0,canonicalized,1,20.514970,0.999858,13.771175
aaaaajrf_s002_t000,calibration,2.0,canonicalized,1,21.548406,0.999911,5.535489
aaaaajrf_s003_t002,calibration,2.0,canonicalized,1,17.142748,0.999358,13.133788
aaaaajrf_s004_t000,calibration,2.0,canonicalized,1,2.945075,0.729174,2.705297
aaaaajso_s001_t000,calibration,2.0,canonicalized,1,8.421894,0.969052,5.771308
aaaaajtg_s001_t000,calibration,2.0,canonicalized,0,-0.608514,0.353990,19.104759
aaaaajtu_s001_t000,calibration,2.0,canonicalized,0,-2.249361,0.208064,7.727638
aaaaajuh_s001_t000,calibration,2.0,canonicalized,1,5.446912,0.891991,9.209607
aaaaajun_s001_t000,calibration,2.0,canonicalized,0,5.856901,0.908455,9.669546
aaaaajvh_s001_t001,calibration,2.0,canonicalized,0,-1.478463,0.270660,12.851650
aaaaajxp_s001_t000,calibration,2.0,canonicalized,0,2.228463,0.661368,3.813481
aaaaakck_s001_t001,calibration,2.0,canonicalized,1,2.725800,0.709344,4.250269
aaaaakcx_s001_t001,calibration,2.0,canonicalized,1,7.483310,0.953626,5.284796
aaaaakcy_s005_t001,calibration,2.0,canonicalized,1,14.157079,0.997560,9.192248
aaaaakdj_s001_t000,calibration,2.0,canonicalized,1,0.533208,0.477499,5.810711
aaaaakdo_s001_t000,calibration,2.0,canonicalized,1,0.446762,0.467846,8.328431
aaaaakeq_s001_t000,calibration,2.0,canonicalized,1,5.712423,0.902928,20.391148
aaaaakeq_s002_t000,calibration,2.0,canonicalized,1,6.693277,0.935209,11.281011
aaaaakeq_s003_t000,calibration,2.0,canonicalized,1,6.341355,0.924975,16.767918
aaaaakev_s001_t001,calibration,2.0,canonicalized,1,19.659818,0.999792,44.535682
aaaaakev_s002_t000,calibration,2.0,canonicalized,1,16.580000,0.999175,15.170171
aaaaakft_s001_t000,calibration,2.0,canonicalized,0,-1.961806,0.230088,9.728431
aaaaakgp_s001_t001,calibration,2.0,canonicalized,0,2.702607,0.707197,2.311369
aaaaakgu_s001_t000,calibration,2.0,canonicalized,1,-0.598081,0.355059,1.095352
aaaaakjk_s002_t002,calibration,2.0,canonicalized,1,3.524477,0.777300,7.246524
aaaaakjk_s003_t000,calibration,2.0,canonicalized,1,3.363101,0.764535,1.089623
aaaaakka_s001_t001,calibration,2.0,canonicalized,0,-0.206549,0.396165,10.468703
aaaaakmg_s003_t001,calibration,2.0,canonicalized,1,8.534802,0.970533,3.481621
aaaaakmh_s001_t000,calibration,2.0,canonicalized,1,0.241736,0.445062,5.171302
aaaaaknt_s001_t000,calibration,2.0,canonicalized,1,2.207687,0.659280,6.008289
aaaaakoo_s001_t001,calibration,2.0,canonicalized,1,19.131838,0.999737,11.727810
aaaaakqg_s001_t001,calibration,2.0,canonicalized,0,-0.134822,0.403877,10.397045
aaaaakqr_s001_t000,calibration,2.0,canonicalized,0,-0.353060,0.380575,7.430804
aaaaakrt_s001_t001,calibration,2.0,canonicalized,1,7.381646,0.951570,1.827545
aaaaakrt_s002_t001,calibration,2.0,canonicalized,1,5.744653,0.904186,3.627863
aaaaaksb_s001_t000,calibration,2.0,canonicalized,0,-2.766765,0.172441,8.713288
aaaaaksu_s001_t001,calibration,2.0,canonicalized,0,0.713212,0.497644,5.174269
aaaaakxz_s001_t001,calibration,2.0,canonicalized,1,3.872232,0.803102,1.624910
aaaaakxz_s002_t001,calibration,2.0,canonicalized,1,9.226237,0.978212,7.075196
aaaaalaf_s001_t000,calibration,2.0,canonicalized,0,-0.197631,0.397121,2.481178
aaaaalau_s001_t000,calibration,2.0,canonicalized,1,2.999851,0.733992,3.754263
aaaaalbh_s001_t000,calibration,2.0,canonicalized,1,3.440179,0.770694,5.315219
aaaaalbt_s001_t001,calibration,2.0,canonicalized,0,-1.310537,0.285764,6.955658
aaaaalbt_s002_t000,calibration,2.0,canonicalized,0,-0.703984,0.344271,4.455107
aaaaalbz_s006_t000,calibration,2.0,canonicalized,1,13.905689,0.997270,18.805310
aaaaalid_s001_t001,calibration,2.0,canonicalized,0,6.635639,0.933627,14.185534
aaaaaljf_s001_t000,calibration,2.0,canonicalized,1,2.654102,0.702677,10.685194
aaaaaljj_s001_t000,calibration,2.0,canonicalized,0,-1.509034,0.267965,4.963453
aaaaallc_s001_t001,calibration,2.0,canonicalized,0,2.678532,0.704959,8.924561
aaaaalle_s002_t000,calibration,2.0,canonicalized,1,3.518226,0.776815,5.162187
aaaaalox_s001_t001,calibration,2.0,canonicalized,0,3.038209,0.737334,9.008457
aaaaalpv_s001_t000,calibration,2.0,canonicalized,0,0.995904,0.529271,11.002436
aaaaalqa_s001_t000,calibration,2.0,canonicalized,0,-0.405395,0.375064,5.897599
aaaaalqr_s001_t001,calibration,2.0,canonicalized,1,3.904756,0.805395,5.800461
aaaaalqs_s001_t001,calibration,2.0,canonicalized,0,-0.005799,0.417867,4.204326
aaaaalqx_s001_t000,calibration,2.0,canonicalized,0,-2.867199,0.166114,8.009615
aaaaalrc_s002_t000,calibration,2.0,canonicalized,1,22.618965,0.999945,2.769320
aaaaalsq_s001_t000,calibration,2.0,canonicalized,0,-0.707694,0.343896,1.526571
aaaaalsx_s001_t000,calibration,2.0,canonicalized,1,-0.357215,0.380137,3.713354
aaaaalsx_s004_t001,calibration,2.0,canonicalized,1,3.938301,0.807740,1.400399
aaaaaluz_s001_t001,calibration,2.0,canonicalized,0,-2.483453,0.191312,2.810538
aaaaalvw_s001_t000,calibration,2.0,canonicalized,0,-4.073008,0.103994,3.536792
aaaaalvz_s001_t000,calibration,2.0,canonicalized,1,17.764677,0.999514,16.941523
aaaaalxk_s001_t000,calibration,2.0,canonicalized,0,0.051607,0.424136,2.090371
aaaaalyr_s001_t000,calibration,2.0,canonicalized,1,2.666429,0.703830,2.269750
aaaaalzk_s002_t001,calibration,2.0,canonicalized,1,11.658154,0.992563,11.206143
aaaaamcb_s001_t001,calibration,2.0,canonicalized,1,8.565190,0.970920,8.022186
aaaaamfe_s001_t001,calibration,2.0,canonicalized,0,4.938168,0.867992,3.509773
aaaaamft_s001_t001,calibration,2.0,canonicalized,1,4.672989,0.853776,9.662042
aaaaamfu_s001_t000,calibration,2.0,canonicalized,0,-0.643773,0.350386,3.689763
aaaaamhi_s001_t000,calibration,2.0,canonicalized,1,13.332243,0.996473,22.615031
aaaaamhk_s001_t000,calibration,2.0,canonicalized,1,3.990063,0.811315,5.637254
aaaaamjc_s001_t001,calibration,2.0,canonicalized,1,9.978611,0.984348,7.887620
aaaaammh_s001_t001,calibration,2.0,canonicalized,1,2.855662,0.721191,8.614485
aaaaamnq_s001_t000,calibration,2.0,canonicalized,1,9.227658,0.978225,20.027415
aaaaamnq_s002_t000,calibration,2.0,canonicalized,1,8.071270,0.963978,8.629158
aaaaamon_s001_t000,calibration,2.0,canonicalized,0,0.952471,0.524421,14.289837
aaaaampz_s001_t000,calibration,2.0,canonicalized,1,2.893401,0.724578,3.189890
aaaaamrj_s001_t000,calibration,2.0,canonicalized,0,-0.318583,0.384223,4.711849
aaaaamsc_s001_t000,calibration,2.0,canonicalized,1,4.882581,0.865113,1.205345
aaaaamtb_s001_t000,calibration,2.0,canonicalized,0,1.295231,0.562500,4.248883
aaaaamuc_s001_t000,calibration,2.0,canonicalized,0,0.869908,0.515189,2.209446
aaaaamxn_s001_t000,calibration,2.0,canonicalized,1,1.396920,0.573678,6.117829
aaaaamyb_s001_t001,calibration,2.0,canonicalized,0,-0.170939,0.399987,6.584206
aaaaamye_s001_t000,calibration,2.0,canonicalized,1,15.272586,0.998518,16.778440
aaaaamzi_s001_t001,calibration,2.0,canonicalized,1,7.900810,0.961230,9.314416
aaaaamzl_s001_t000,calibration,2.0,canonicalized,0,-0.553381,0.359658,5.405245
aaaaamzx_s001_t000,calibration,2.0,canonicalized,0,-5.533333,0.056903,5.413579
aaaaanbq_s001_t000,calibration,2.0,canonicalized,0,-0.364630,0.379354,4.020804
aaaaanek_s001_t000,calibration,2.0,canonicalized,0,-4.499028,0.087506,2.180840
aaaaangp_s001_t000,calibration,2.0,canonicalized,0,0.853977,0.513406,3.506725
aaaaanhb_s001_t003,calibration,2.0,canonicalized,1,5.425770,0.891075,13.164268
aaaaanhb_s003_t001,calibration,2.0,canonicalized,1,3.561047,0.780123,3.697322
aaaaanhb_s005_t000,calibration,2.0,canonicalized,1,6.173139,0.919575,4.059844
aaaaankf_s001_t000,calibration,2.0,canonicalized,1,5.847988,0.908122,2.012679
aaaaanlp_s001_t000,calibration,2.0,canonicalized,0,-1.349310,0.282232,2.438744
aaaaanmc_s001_t000,calibration,2.0,canonicalized,1,7.285056,0.949536,7.229926
aaaaanop_s001_t000,calibration,2.0,canonicalized,0,-0.586134,0.356286,16.192117
aaaaanoz_s001_t000,calibration,2.0,canonicalized,1,-1.496990,0.269024,5.650957
aaaaanpr_s001_t002,calibration,2.0,canonicalized,1,5.407794,0.890291,6.605126
aaaaanqe_s001_t000,calibration,2.0,canonicalized,0,-1.919488,0.233464,2.862462
aaaaanro_s001_t000,calibration,2.0,canonicalized,1,2.839075,0.719694,5.189558
aaaaansj_s001_t000,calibration,2.0,canonicalized,1,3.954428,0.808859,8.577586
aaaaanta_s001_t000,calibration,2.0,canonicalized,1,7.601535,0.955913,7.609046
aaaaanum_s001_t000,calibration,2.0,canonicalized,0,0.735740,0.500167,2.474124
aaaaanvb_s002_t000,calibration,2.0,canonicalized,0,-1.660222,0.254889,10.832060
aaaaanvg_s001_t002,calibration,2.0,canonicalized,0,5.552675,0.896471,4.093875
aaaaanvw_s001_t000,calibration,2.0,canonicalized,0,-4.134913,0.101438,7.257923
aaaaanwc_s001_t001,calibration,2.0,canonicalized,1,9.835313,0.983328,48.405863
aaaaanxl_s001_t000,calibration,2.0,canonicalized,1,7.435235,0.952664,4.262538
aaaaanyb_s001_t001,calibration,2.0,canonicalized,0,0.050773,0.424044,3.993414
aaaaanyt_s002_t000,calibration,2.0,canonicalized,1,2.827298,0.718629,36.242691
aaaaanyw_s001_t000,calibration,2.0,canonicalized,1,5.500300,0.894273,2.737350
aaaaanyw_s002_t000,calibration,2.0,canonicalized,1,3.968852,0.809856,9.235895
aaaaanzh_s001_t000,calibration,2.0,canonicalized,1,2.700188,0.706973,9.851526
aaaaanzu_s001_t003,calibration,2.0,canonicalized,1,4.153697,0.822282,12.725394
aaaaaoav_s001_t000,calibration,2.0,canonicalized,0,-1.967876,0.229607,6.947698
aaaaaoav_s002_t000,calibration,2.0,canonicalized,0,-3.423249,0.134409,4.818868
aaaaaobi_s001_t000,calibration,2.0,canonicalized,1,-2.567307,0.185568,10.844073
aaaaaobl_s001_t000,calibration,2.0,canonicalized,0,-1.383990,0.279095,1.868077
aaaaaoby_s001_t000,calibration,2.0,canonicalized,0,0.400355,0.462674,5.523662
aaaaaoda_s001_t000,calibration,2.0,canonicalized,1,9.125612,0.977230,5.550229
aaaaaoeg_s001_t000,calibration,2.0,canonicalized,0,-2.234970,0.209128,7.807271
aaaaaofj_s001_t000,calibration,2.0,canonicalized,0,-0.132354,0.404143,2.938008
aaaaaofr_s001_t000,calibration,2.0,canonicalized,0,2.946187,0.729272,2.997448
aaaaaofz_s001_t000,calibration,2.0,canonicalized,0,0.233812,0.444186,12.989346
aaaaaohb_s001_t000,calibration,2.0,canonicalized,1,6.711127,0.935692,2.428585
aaaaaohr_s002_t001,calibration,2.0,canonicalized,1,7.147548,0.946501,4.516088
aaaaaoiq_s001_t000,calibration,2.0,canonicalized,1,3.056725,0.738937,6.523420
aaaaaoiv_s001_t000,calibration,2.0,canonicalized,1,-2.679578,0.178086,1.175779
aaaaaoiv_s002_t001,calibration,2.0,canonicalized,1,12.630059,0.995176,7.772590
aaaaaoiv_s003_t003,calibration,2.0,canonicalized,1,9.358502,0.979439,1.203771
aaaaaojd_s001_t002,calibration,2.0,canonicalized,0,0.584864,0.483275,5.666768
aaaaaokg_s001_t000,calibration,2.0,canonicalized,0,4.550533,0.846793,14.606122
aaaaaoly_s001_t000,calibration,2.0,canonicalized,0,-1.545298,0.264790,8.541213
aaaaaome_s001_t000,calibration,2.0,canonicalized,0,-2.975545,0.159499,3.848016
aaaaaomx_s001_t000,calibration,2.0,canonicalized,0,-2.443573,0.194091,6.615391
aaaaaomy_s001_t000,calibration,2.0,canonicalized,1,6.681880,0.934899,21.820216
aaaaaonb_s001_t000,calibration,2.0,canonicalized,0,1.219001,0.554079,10.175941
aaaaaons_s002_t002,calibration,2.0,canonicalized,1,5.126382,0.877358,4.598037
aaaaaopd_s001_t000,calibration,2.0,canonicalized,0,-1.224043,0.293738,8.222712
aaaaaopo_s001_t000,calibration,2.0,canonicalized,0,1.910596,0.628782,13.289598
aaaaaora_s002_t000,calibration,2.0,canonicalized,1,3.793966,0.797498,5.244211
aaaaaord_s001_t000,calibration,2.0,canonicalized,1,1.557399,0.591161,2.620991
aaaaaosh_s001_t000,calibration,2.0,canonicalized,1,0.212571,0.441837,0.793028
aaaaaosw_s001_t000,calibration,2.0,canonicalized,0,0.278387,0.449121,8.815111
aaaaaote_s001_t000,calibration,2.0,canonicalized,0,1.513181,0.586364,4.464127
aaaaaout_s001_t000,calibration,2.0,canonicalized,1,3.170092,0.748615,4.062187
aaaaaovl_s001_t000,calibration,2.0,canonicalized,1,11.210764,0.990928,5.737111
aaaaaovo_s001_t000,calibration,2.0,canonicalized,1,8.249483,0.966650,7.693040
aaaaaowb_s001_t000,calibration,2.0,canonicalized,0,1.970834,0.635059,5.991671
aaaaaoxf_s001_t000,calibration,2.0,canonicalized,0,-3.184175,0.147364,4.310300
aaaaaozf_s001_t001,calibration,2.0,canonicalized,0,0.858175,0.513876,12.355434
aaaaapag_s001_t000,calibration,2.0,canonicalized,0,-2.069661,0.221641,23.064646
aaaaapar_s001_t000,calibration,2.0,canonicalized,1,22.234383,0.999934,8.034200
aaaaapcb_s001_t000,calibration,2.0,canonicalized,0,4.724863,0.856653,1.999351
aaaaapcy_s001_t002,calibration,2.0,canonicalized,0,-2.619368,0.182069,5.302472
aaaaapdg_s001_t000,calibration,2.0,canonicalized,0,-3.055649,0.154747,5.751585
aaaaaphs_s001_t000,calibration,2.0,canonicalized,1,7.249133,0.948759,4.037976
aaaaaphw_s001_t000,calibration,2.0,canonicalized,0,1.584185,0.594058,4.351695
aaaaapij_s001_t000,calibration,2.0,canonicalized,0,0.925259,0.521380,4.257375
aaaaapjc_s001_t001,calibration,2.0,canonicalized,0,-1.653541,0.255458,5.392464
aaaaapka_s001_t000,calibration,2.0,canonicalized,0,-1.035298,0.311580,1.353806
aaaaapkx_s001_t001,calibration,2.0,canonicalized,1,-1.252446,0.291105,17.427785
aaaaaply_s001_t001,calibration,2.0,canonicalized,1,7.542501,0.954785,16.690638
aaaaapmb_s002_t001,calibration,2.0,canonicalized,1,5.670852,0.901283,2.402243
aaaaapmp_s001_t000,calibration,2.0,canonicalized,1,1.436509,0.578009,7.159549
aaaaapnr_s001_t000,calibration,2.0,canonicalized,1,-3.437481,0.133669,7.717813
aaaaapoc_s001_t000,calibration,2.0,canonicalized,1,6.213612,0.920905,6.305291
aaaaapof_s001_t000,calibration,2.0,canonicalized,0,-3.450676,0.132986,8.263158
aaaaapoo_s001_t000,calibration,2.0,canonicalized,0,0.458092,0.469110,10.332569
aaaaapoq_s001_t000,calibration,2.0,canonicalized,0,2.877797,0.723181,1.891007
aaaaappb_s001_t000,calibration,2.0,canonicalized,0,-1.099876,0.305408,5.571034
aaaaapqd_s001_t000,calibration,2.0,canonicalized,1,4.915547,0.866827,4.741676
aaaaapqv_s001_t000,calibration,2.0,canonicalized,0,0.714970,0.497841,14.622424
aaaaapta_s001_t000,calibration,2.0,canonicalized,1,0.344693,0.456481,19.929139
aaaaapth_s001_t000,calibration,2.0,canonicalized,1,3.417056,0.768859,3.482275
aaaaapua_s001_t001,calibration,2.0,canonicalized,0,-7.426538,0.025186,7.684413
aaaaapuu_s001_t000,calibration,2.0,canonicalized,0,0.739423,0.500579,5.927943
aaaaapvw_s001_t001,calibration,2.0,canonicalized,1,6.431457,0.927728,5.183188
aaaaapvy_s001_t000,calibration,2.0,canonicalized,1,2.715342,0.708377,8.005881
aaaaapwn_s001_t001,calibration,2.0,canonicalized,0,0.913355,0.520049,7.804805
aaaaapwo_s001_t001,calibration,2.0,canonicalized,1,10.376740,0.986872,3.361413
aaaaapxm_s001_t001,calibration,2.0,canonicalized,0,-1.249463,0.291381,9.896285
aaaaapys_s001_t001,calibration,2.0,canonicalized,1,13.636601,0.996921,3.659078
aaaaapys_s002_t001,calibration,2.0,canonicalized,1,8.313813,0.967566,3.907705
aaaaaayx_s002_t000,calibration,2.0,naive,0,1.355048,0.569084,5.671341
aaaaabdo_s003_t000,calibration,2.0,naive,1,9.435242,0.980120,6.817068
aaaaabsk_s007_t000,calibration,2.0,naive,1,3.154672,0.747313,9.529882
aaaaabuv_s002_t000,calibration,2.0,naive,1,3.363090,0.764534,2.882830
aaaaacad_s003_t000,calibration,2.0,naive,0,1.870778,0.624609,3.002401
aaaaacby_s004_t000,calibration,2.0,naive,0,1.379498,0.571768,1.921796
aaaaaddm_s006_t000,calibration,2.0,naive,1,6.084270,0.916581,8.743880
aaaaadeu_s002_t000,calibration,2.0,naive,1,2.999917,0.733998,4.351064
aaaaadjk_s002_t000,calibration,2.0,naive,0,-0.336355,0.382341,2.652740
aaaaadkb_s002_t000,calibration,2.0,naive,1,10.977018,0.989936,7.665302
aaaaadsm_s002_t001,calibration,2.0,naive,0,-2.028943,0.224804,3.323415
aaaaaeab_s003_t000,calibration,2.0,naive,0,0.807995,0.508259,3.552833
aaaaaejc_s003_t001,calibration,2.0,naive,0,-0.718356,0.342819,8.754803
aaaaaezn_s003_t001,calibration,2.0,naive,1,0.836236,0.511420,8.347629
aaaaafhl_s003_t000,calibration,2.0,naive,1,1.712349,0.607826,5.332201
aaaaagfk_s003_t000,calibration,2.0,naive,0,-1.275678,0.288962,2.568509
aaaaagsc_s003_t001,calibration,2.0,naive,1,6.726507,0.936105,8.482902
aaaaagsc_s006_t001,calibration,2.0,naive,1,0.667586,0.492534,1.503568
aaaaaguk_s002_t001,calibration,2.0,naive,0,-4.327723,0.093831,11.624312
aaaaagvx_s002_t000,calibration,2.0,naive,1,1.584695,0.594113,7.780836
aaaaagvx_s003_t001,calibration,2.0,naive,1,2.404869,0.678835,2.326210
aaaaagyr_s002_t000,calibration,2.0,naive,1,0.434018,0.466425,1.970766
aaaaahie_s005_t001,calibration,2.0,naive,1,6.612240,0.932974,6.640263
aaaaahsv_s002_t000,calibration,2.0,naive,0,-0.898118,0.324912,4.478796
aaaaahte_s002_t000,calibration,2.0,naive,1,8.512070,0.970241,9.702468
aaaaahte_s003_t000,calibration,2.0,naive,1,9.531250,0.980941,12.810644
aaaaahuy_s002_t000,calibration,2.0,naive,1,0.119653,0.431598,3.083801
aaaaahzi_s001_t000,calibration,2.0,naive,0,2.819155,0.717891,2.533104
aaaaahzm_s001_t001,calibration,2.0,naive,0,0.273931,0.448627,1.536165
aaaaahzq_s001_t000,calibration,2.0,naive,0,-5.215194,0.065052,4.493737
aaaaahzs_s001_t001,calibration,2.0,naive,0,0.717986,0.498179,0.935012
aaaaaiae_s001_t000,calibration,2.0,naive,0,2.125096,0.650921,4.244239
aaaaaibx_s001_t000,calibration,2.0,naive,0,-2.301470,0.204244,2.769146
aaaaaiby_s001_t000,calibration,2.0,naive,0,0.408399,0.463570,7.708397
aaaaaici_s001_t000,calibration,2.0,naive,0,-5.013647,0.070764,11.367358
aaaaaicn_s001_t000,calibration,2.0,naive,0,0.145059,0.434392,5.445770
aaaaaijh_s002_t000,calibration,2.0,naive,1,-4.832103,0.076302,6.210813
aaaaaijn_s001_t001,calibration,2.0,naive,0,0.140222,0.433860,3.003444
aaaaairb_s001_t001,calibration,2.0,naive,0,4.101377,0.818831,1.806438
aaaaairo_s001_t000,calibration,2.0,naive,0,-3.629275,0.124028,9.633920
aaaaaitt_s001_t000,calibration,2.0,naive,0,-1.183132,0.297554,4.896066
aaaaaiue_s004_t000,calibration,2.0,naive,1,2.751486,0.711711,3.291452
aaaaaiuo_s002_t000,calibration,2.0,naive,0,1.635159,0.599552,6.666493
aaaaaiwz_s001_t001,calibration,2.0,naive,0,-1.498732,0.268871,3.910350
aaaaaiyy_s001_t001,calibration,2.0,naive,0,-2.034220,0.224392,6.040511
aaaaaizd_s001_t001,calibration,2.0,naive,0,0.586479,0.483456,10.050211
aaaaaizs_s001_t000,calibration,2.0,naive,0,-0.265267,0.389890,1.820327
aaaaajae_s001_t001,calibration,2.0,naive,0,1.502826,0.585239,2.208227
aaaaajah_s002_t001,calibration,2.0,naive,1,0.824641,0.510122,6.495647
aaaaajah_s004_t000,calibration,2.0,naive,1,0.855251,0.513549,6.434318
aaaaajal_s001_t001,calibration,2.0,naive,0,-2.680693,0.178013,2.185556
aaaaajam_s001_t000,calibration,2.0,naive,1,2.851867,0.720849,1.291613
aaaaajar_s001_t001,calibration,2.0,naive,0,-0.713098,0.343350,8.482572
aaaaajbb_s001_t000,calibration,2.0,naive,0,3.172981,0.748859,4.907678
aaaaajbh_s002_t000,calibration,2.0,naive,0,1.893296,0.626971,5.832085
aaaaajce_s001_t000,calibration,2.0,naive,0,-0.788161,0.335809,4.287521
aaaaajci_s001_t000,calibration,2.0,naive,0,-1.058698,0.309336,1.749647
aaaaajck_s001_t000,calibration,2.0,naive,0,0.540793,0.478347,4.237508
aaaaajct_s001_t000,calibration,2.0,naive,0,1.961545,0.634094,0.944638
aaaaajcu_s001_t000,calibration,2.0,naive,0,-0.104016,0.407204,3.238597
aaaaajda_s001_t000,calibration,2.0,naive,0,-1.090550,0.306295,5.399533
aaaaajdb_s001_t000,calibration,2.0,naive,0,-3.077097,0.153494,8.909620
aaaaajdv_s001_t000,calibration,2.0,naive,0,1.077598,0.538379,11.055743
aaaaajdy_s001_t000,calibration,2.0,naive,0,-2.718554,0.175545,6.442899
aaaaajdz_s001_t000,calibration,2.0,naive,0,-0.757364,0.338893,4.631520
aaaaajea_s001_t000,calibration,2.0,naive,0,4.384946,0.836920,2.482934
aaaaajen_s001_t000,calibration,2.0,naive,0,0.156645,0.435668,2.129231
aaaaajey_s001_t000,calibration,2.0,naive,0,0.508800,0.474772,6.923430
aaaaajfb_s001_t000,calibration,2.0,naive,0,-3.713119,0.120004,7.010765
aaaaajfe_s001_t000,calibration,2.0,naive,0,-1.110770,0.304374,1.738422
aaaaajff_s001_t000,calibration,2.0,naive,0,-2.408792,0.196540,2.055580
aaaaajfi_s001_t001,calibration,2.0,naive,0,-0.404858,0.375120,1.616248
aaaaajfn_s001_t001,calibration,2.0,naive,0,1.156509,0.547152,9.039375
aaaaajfy_s001_t000,calibration,2.0,naive,0,-2.873217,0.165741,9.438348
aaaaajga_s001_t001,calibration,2.0,naive,0,1.534825,0.588714,7.026833
aaaaajhy_s001_t000,calibration,2.0,naive,0,-4.909395,0.073897,5.700920
aaaaajit_s001_t001,calibration,2.0,naive,0,1.202051,0.552202,3.206296
aaaaajiu_s001_t000,calibration,2.0,naive,0,-0.371382,0.378642,10.040054
aaaaajiy_s001_t001,calibration,2.0,naive,0,-0.394731,0.376185,7.585791
aaaaajiz_s001_t000,calibration,2.0,naive,0,-0.230977,0.393550,8.542300
aaaaajjb_s001_t001,calibration,2.0,naive,0,2.013210,0.639447,5.104856
aaaaajje_s001_t000,calibration,2.0,naive,0,-2.301304,0.204256,10.165752
aaaaajjk_s001_t000,calibration,2.0,naive,0,2.617675,0.699257,3.213730
aaaaajna_s001_t000,calibration,2.0,naive,0,-4.491744,0.087767,4.548634
aaaaajnu_s001_t000,calibration,2.0,naive,0,-2.638516,0.180795,8.772272
aaaaajon_s001_t000,calibration,2.0,naive,0,0.780759,0.505209,11.777087
aaaaajoo_s002_t001,calibration,2.0,naive,1,0.373965,0.459736,7.348872
aaaaajpg_s001_t001,calibration,2.0,naive,0,-3.222478,0.145221,4.658949
aaaaajqh_s004_t000,calibration,2.0,naive,1,7.577021,0.955447,8.058221
aaaaajqk_s003_t001,calibration,2.0,naive,1,6.929666,0.941337,1.617647
aaaaajrf_s001_t000,calibration,2.0,naive,1,14.497866,0.997905,8.952520
aaaaajrf_s002_t000,calibration,2.0,naive,1,20.495874,0.999857,4.677340
aaaaajrf_s003_t002,calibration,2.0,naive,1,18.006087,0.999564,6.315390
aaaaajrf_s004_t000,calibration,2.0,naive,1,3.180058,0.749454,2.944731
aaaaajso_s001_t000,calibration,2.0,naive,1,7.552110,0.954970,6.184844
aaaaajtg_s001_t000,calibration,2.0,naive,0,-1.606713,0.259468,17.629157
aaaaajtu_s001_t000,calibration,2.0,naive,0,-2.041820,0.223800,8.766599
aaaaajuh_s001_t000,calibration,2.0,naive,1,5.922423,0.910867,10.587012
aaaaajun_s001_t000,calibration,2.0,naive,0,5.951448,0.911917,7.820805
aaaaajvh_s001_t001,calibration,2.0,naive,0,-1.985865,0.228185,13.174522
aaaaajxp_s001_t000,calibration,2.0,naive,0,1.249298,0.557430,2.365616
aaaaakck_s001_t001,calibration,2.0,naive,1,3.378534,0.765777,6.838530
aaaaakcx_s001_t001,calibration,2.0,naive,1,7.843891,0.960268,4.789072
aaaaakcy_s005_t001,calibration,2.0,naive,1,11.208237,0.990917,7.929106
aaaaakdj_s001_t000,calibration,2.0,naive,1,1.076576,0.538265,5.710808
aaaaakdo_s001_t000,calibration,2.0,naive,1,3.011917,0.735046,8.059411
aaaaakeq_s001_t000,calibration,2.0,naive,1,5.886942,0.909568,19.230889
aaaaakeq_s002_t000,calibration,2.0,naive,1,6.644614,0.933875,10.964690
aaaaakeq_s003_t000,calibration,2.0,naive,1,6.519953,0.930342,15.461937
aaaaakev_s001_t001,calibration,2.0,naive,1,19.340502,0.999760,35.134173
aaaaakev_s002_t000,calibration,2.0,naive,1,16.448084,0.999124,16.474854
aaaaakft_s001_t000,calibration,2.0,naive,0,-3.177396,0.147746,6.150168
aaaaakgp_s001_t001,calibration,2.0,naive,0,4.008188,0.812555,2.393120
aaaaakgu_s001_t000,calibration,2.0,naive,1,-0.268484,0.389547,1.149944
aaaaakjk_s002_t002,calibration,2.0,naive,1,1.887362,0.626349,7.702489
aaaaakjk_s003_t000,calibration,2.0,naive,1,6.636625,0.933654,10.443534
aaaaakka_s001_t001,calibration,2.0,naive,0,0.853484,0.513351,8.638037
aaaaakmg_s003_t001,calibration,2.0,naive,1,6.870744,0.939863,6.224864
aaaaakmh_s001_t000,calibration,2.0,naive,1,0.555784,0.480023,6.821587
aaaaaknt_s001_t000,calibration,2.0,naive,1,1.566175,0.592110,4.477354
aaaaakoo_s001_t001,calibration,2.0,naive,1,18.699474,0.999680,6.934263
aaaaakqg_s001_t001,calibration,2.0,naive,0,0.875695,0.515836,9.623541
aaaaakqr_s001_t000,calibration,2.0,naive,0,-0.070584,0.410824,4.499039
aaaaakrt_s001_t001,calibration,2.0,naive,1,7.954899,0.962123,3.597348
aaaaakrt_s002_t001,calibration,2.0,naive,1,7.071534,0.944750,6.609358
aaaaaksb_s001_t000,calibration,2.0,naive,0,-2.290097,0.205073,6.118138
aaaaaksu_s001_t001,calibration,2.0,naive,0,1.239160,0.556309,4.932518
aaaaakxz_s001_t001,calibration,2.0,naive,1,2.745505,0.711161,1.710098
aaaaakxz_s002_t001,calibration,2.0,naive,1,5.229857,0.882259,5.146018
aaaaalaf_s001_t000,calibration,2.0,naive,0,0.738556,0.500482,1.857835
aaaaalau_s001_t000,calibration,2.0,naive,1,4.020056,0.813364,9.437344
aaaaalbh_s001_t000,calibration,2.0,naive,1,3.919283,0.806413,4.574455
aaaaalbt_s001_t001,calibration,2.0,naive,0,0.059289,0.424977,6.467440
aaaaalbt_s002_t000,calibration,2.0,naive,0,-0.388018,0.376891,2.915682
aaaaalbz_s006_t000,calibration,2.0,naive,1,12.266675,0.994328,17.486646
aaaaalid_s001_t001,calibration,2.0,naive,0,6.924295,0.941204,11.559218
aaaaaljf_s001_t000,calibration,2.0,naive,1,2.629128,0.700335,13.272128
aaaaaljj_s001_t000,calibration,2.0,naive,0,-1.040400,0.311090,3.568984
aaaaallc_s001_t001,calibration,2.0,naive,0,3.215175,0.752397,10.924188
aaaaalle_s002_t000,calibration,2.0,naive,1,3.252642,0.755511,5.726950
aaaaalox_s001_t001,calibration,2.0,naive,0,3.413426,0.768569,9.042093
aaaaalpv_s001_t000,calibration,2.0,naive,0,0.681481,0.494090,9.604479
aaaaalqa_s001_t000,calibration,2.0,naive,0,-0.235203,0.393098,4.818757
aaaaalqr_s001_t001,calibration,2.0,naive,1,3.360381,0.764316,7.697158
aaaaalqs_s001_t001,calibration,2.0,naive,0,0.049921,0.423951,4.161439
aaaaalqx_s001_t000,calibration,2.0,naive,0,-3.682916,0.121441,5.205236
aaaaalrc_s002_t000,calibration,2.0,naive,1,20.472217,0.999856,1.021735
aaaaalsq_s001_t000,calibration,2.0,naive,0,0.082469,0.427516,1.185523
aaaaalsx_s001_t000,calibration,2.0,naive,1,-0.291724,0.387074,4.451775
aaaaalsx_s004_t001,calibration,2.0,naive,1,0.524829,0.476562,2.495340
aaaaaluz_s001_t001,calibration,2.0,naive,0,-0.713419,0.343318,1.955844
aaaaalvw_s001_t000,calibration,2.0,naive,0,-5.351039,0.061447,3.143763
aaaaalvz_s001_t000,calibration,2.0,naive,1,14.542586,0.997946,15.987041
aaaaalxk_s001_t000,calibration,2.0,naive,0,2.046348,0.642863,1.718368
aaaaalyr_s001_t000,calibration,2.0,naive,1,1.583334,0.593966,3.696530
aaaaalzk_s002_t001,calibration,2.0,naive,1,12.015044,0.993655,13.758197
aaaaamcb_s001_t001,calibration,2.0,naive,1,10.431787,0.987187,9.899150
aaaaamfe_s001_t001,calibration,2.0,naive,0,7.970765,0.962381,11.241881
aaaaamft_s001_t001,calibration,2.0,naive,1,0.159258,0.435956,7.482638
aaaaamfu_s001_t000,calibration,2.0,naive,0,1.746561,0.611473,4.178162
aaaaamhi_s001_t000,calibration,2.0,naive,1,13.143019,0.996162,20.967966
aaaaamhk_s001_t000,calibration,2.0,naive,1,4.382095,0.836745,4.776199
aaaaamjc_s001_t001,calibration,2.0,naive,1,10.018583,0.984622,12.831389
aaaaammh_s001_t001,calibration,2.0,naive,1,3.557109,0.779820,8.070748
aaaaamnq_s001_t000,calibration,2.0,naive,1,8.114413,0.964643,13.577450
aaaaamnq_s002_t000,calibration,2.0,naive,1,7.229821,0.948337,8.778442
aaaaamon_s001_t000,calibration,2.0,naive,0,1.061593,0.536596,12.363901
aaaaampz_s001_t000,calibration,2.0,naive,1,3.812480,0.798834,1.966861
aaaaamrj_s001_t000,calibration,2.0,naive,0,-0.448208,0.370579,5.032478
aaaaamsc_s001_t000,calibration,2.0,naive,1,5.644211,0.900216,0.695570
aaaaamtb_s001_t000,calibration,2.0,naive,0,2.426744,0.680968,5.597614
aaaaamuc_s001_t000,calibration,2.0,naive,0,-0.367324,0.379070,1.017766
aaaaamxn_s001_t000,calibration,2.0,naive,1,2.588425,0.696494,7.448105
aaaaamyb_s001_t001,calibration,2.0,naive,0,0.200327,0.440485,1.474295
aaaaamye_s001_t000,calibration,2.0,naive,1,15.002750,0.998328,16.942317
aaaaamzi_s001_t001,calibration,2.0,naive,1,6.149972,0.918804,4.120674
aaaaamzl_s001_t000,calibration,2.0,naive,0,-0.809583,0.333672,5.299836
aaaaamzx_s001_t000,calibration,2.0,naive,0,-3.344261,0.138579,3.523687
aaaaanbq_s001_t000,calibration,2.0,naive,0,0.185274,0.438824,6.516739
aaaaanek_s001_t000,calibration,2.0,naive,0,-4.350980,0.092949,2.054210
aaaaangp_s001_t000,calibration,2.0,naive,0,-0.155669,0.401630,4.172251
aaaaanhb_s001_t003,calibration,2.0,naive,1,3.885534,0.804042,14.231287
aaaaanhb_s003_t001,calibration,2.0,naive,1,3.257994,0.755953,4.522303
aaaaanhb_s005_t000,calibration,2.0,naive,1,5.324991,0.886615,6.245610
aaaaankf_s001_t000,calibration,2.0,naive,1,6.278267,0.922990,1.680589
aaaaanlp_s001_t000,calibration,2.0,naive,0,-0.523257,0.362772,1.253427
aaaaanmc_s001_t000,calibration,2.0,naive,1,7.684001,0.957444,10.326311
aaaaanop_s001_t000,calibration,2.0,naive,0,-0.098195,0.407833,10.316280
aaaaanoz_s001_t000,calibration,2.0,naive,1,-0.455642,0.369803,6.315315
aaaaanpr_s001_t002,calibration,2.0,naive,1,5.571511,0.897252,7.669627
aaaaanqe_s001_t000,calibration,2.0,naive,0,-1.759670,0.246520,4.512676
aaaaanro_s001_t000,calibration,2.0,naive,1,3.000037,0.734008,5.329891
aaaaansj_s001_t000,calibration,2.0,naive,1,4.525917,0.845357,6.993744
aaaaanta_s001_t000,calibration,2.0,naive,1,8.002015,0.962885,8.193647
aaaaanum_s001_t000,calibration,2.0,naive,0,0.551897,0.479588,4.818079
aaaaanvb_s002_t000,calibration,2.0,naive,0,-2.293714,0.204809,11.206327
aaaaanvg_s001_t002,calibration,2.0,naive,0,4.968650,0.869549,5.186219
aaaaanvw_s001_t000,calibration,2.0,naive,0,-3.557878,0.127545,7.181522
aaaaanwc_s001_t001,calibration,2.0,naive,1,8.872523,0.974566,73.259687
aaaaanxl_s001_t000,calibration,2.0,naive,1,7.171691,0.947046,3.052863
aaaaanyb_s001_t001,calibration,2.0,naive,0,0.962907,0.525587,1.206852
aaaaanyt_s002_t000,calibration,2.0,naive,1,0.533861,0.477572,39.131686
aaaaanyw_s001_t000,calibration,2.0,naive,1,5.546420,0.896211,2.893735
aaaaanyw_s002_t000,calibration,2.0,naive,1,4.167366,0.823175,9.630584
aaaaanzh_s001_t000,calibration,2.0,naive,1,2.921495,0.727082,10.071770
aaaaanzu_s001_t003,calibration,2.0,naive,1,4.451419,0.840943,9.844478
aaaaaoav_s001_t000,calibration,2.0,naive,0,-0.937828,0.321022,8.867251
aaaaaoav_s002_t000,calibration,2.0,naive,0,-2.558414,0.186170,4.868516
aaaaaobi_s001_t000,calibration,2.0,naive,1,-3.119967,0.151015,11.580327
aaaaaobl_s001_t000,calibration,2.0,naive,0,-0.565180,0.358442,2.558148
aaaaaoby_s001_t000,calibration,2.0,naive,0,1.224767,0.554717,5.272437
aaaaaoda_s001_t000,calibration,2.0,naive,1,9.154272,0.977514,4.531168
aaaaaoeg_s001_t000,calibration,2.0,naive,0,-2.812247,0.169552,8.230785
aaaaaofj_s001_t000,calibration,2.0,naive,0,0.235803,0.444406,4.546765
aaaaaofr_s001_t000,calibration,2.0,naive,0,2.828658,0.718752,2.031858
aaaaaofz_s001_t000,calibration,2.0,naive,0,-0.215101,0.395249,14.285264
aaaaaohb_s001_t000,calibration,2.0,naive,1,6.653085,0.934109,1.278650
aaaaaohr_s002_t001,calibration,2.0,naive,1,10.192448,0.985758,7.043985
aaaaaoiq_s001_t000,calibration,2.0,naive,1,4.743617,0.857682,7.345248
aaaaaoiv_s001_t000,calibration,2.0,naive,1,-1.444714,0.273655,1.903533
aaaaaoiv_s002_t001,calibration,2.0,naive,1,13.240114,0.996325,8.390018
aaaaaoiv_s003_t003,calibration,2.0,naive,1,10.699569,0.988619,1.756623
aaaaaojd_s001_t002,calibration,2.0,naive,0,-1.524049,0.266647,2.277795
aaaaaokg_s001_t000,calibration,2.0,naive,0,3.643064,0.786361,13.278729
aaaaaoly_s001_t000,calibration,2.0,naive,0,-1.390889,0.278474,8.736050
aaaaaome_s001_t000,calibration,2.0,naive,0,-3.408413,0.135184,4.718505
aaaaaomx_s001_t000,calibration,2.0,naive,0,-2.158441,0.214855,9.037804
aaaaaomy_s001_t000,calibration,2.0,naive,1,6.407894,0.927017,14.942473
aaaaaonb_s001_t000,calibration,2.0,naive,0,2.119441,0.650345,9.102921
aaaaaons_s002_t002,calibration,2.0,naive,1,6.851803,0.939381,5.056960
aaaaaopd_s001_t000,calibration,2.0,naive,0,-0.468554,0.368456,8.442261
aaaaaopo_s001_t000,calibration,2.0,naive,0,0.548662,0.479227,9.022372
aaaaaora_s002_t000,calibration,2.0,naive,1,3.883823,0.803921,5.960584
aaaaaord_s001_t000,calibration,2.0,naive,1,1.136320,0.544910,2.080453
aaaaaosh_s001_t000,calibration,2.0,naive,1,-0.210423,0.395750,2.127903
aaaaaosw_s001_t000,calibration,2.0,naive,0,1.707196,0.607275,6.436479
aaaaaote_s001_t000,calibration,2.0,naive,0,0.800117,0.507377,2.999961
aaaaaout_s001_t000,calibration,2.0,naive,1,2.644725,0.701799,6.032653
aaaaaovl_s001_t000,calibration,2.0,naive,1,12.384991,0.994619,6.772219
aaaaaovo_s001_t000,calibration,2.0,naive,1,8.154123,0.965245,14.286680
aaaaaowb_s001_t000,calibration,2.0,naive,0,2.536733,0.691576,7.834147
aaaaaoxf_s001_t000,calibration,2.0,naive,0,-2.049993,0.223164,1.642982
aaaaaozf_s001_t001,calibration,2.0,naive,0,1.494108,0.584290,10.837841
aaaaapag_s001_t000,calibration,2.0,naive,0,-2.000969,0.226995,22.859869
aaaaapar_s001_t000,calibration,2.0,naive,1,18.316053,0.999621,9.142079
aaaaapcb_s001_t000,calibration,2.0,naive,0,4.247877,0.828364,3.438315
aaaaapcy_s001_t002,calibration,2.0,naive,0,-1.941370,0.231714,5.532648
aaaaapdg_s001_t000,calibration,2.0,naive,0,-3.050782,0.155032,5.866279
aaaaaphs_s001_t000,calibration,2.0,naive,1,6.667449,0.934504,4.858972
aaaaaphw_s001_t000,calibration,2.0,naive,0,2.645219,0.701845,5.295355
aaaaapij_s001_t000,calibration,2.0,naive,0,1.029994,0.533074,5.897234
aaaaapjc_s001_t001,calibration,2.0,naive,0,0.702293,0.496421,5.883630
aaaaapka_s001_t000,calibration,2.0,naive,0,0.261113,0.447207,1.993191
aaaaapkx_s001_t001,calibration,2.0,naive,1,-0.918183,0.322943,7.035666
aaaaaply_s001_t001,calibration,2.0,naive,1,8.671125,0.972231,12.289303
aaaaapmb_s002_t001,calibration,2.0,naive,1,3.626306,0.785097,1.052654
aaaaapmp_s001_t000,calibration,2.0,naive,1,0.570174,0.481632,7.596388
aaaaapnr_s001_t000,calibration,2.0,naive,1,-1.381064,0.279359,5.495896
aaaaapoc_s001_t000,calibration,2.0,naive,1,5.309984,0.885937,4.390453
aaaaapof_s001_t000,calibration,2.0,naive,0,-2.763881,0.172625,8.644751
aaaaapoo_s001_t000,calibration,2.0,naive,0,1.425609,0.576818,11.546018
aaaaapoq_s001_t000,calibration,2.0,naive,0,3.527674,0.777548,3.167221
aaaaappb_s001_t000,calibration,2.0,naive,0,1.339661,0.567392,5.943174
aaaaapqd_s001_t000,calibration,2.0,naive,1,2.005736,0.638675,2.667160
aaaaapqv_s001_t000,calibration,2.0,naive,0,0.685559,0.494547,12.080173
aaaaapta_s001_t000,calibration,2.0,naive,1,1.856599,0.623118,23.173031
aaaaapth_s001_t000,calibration,2.0,naive,1,1.985898,0.636621,7.621386
aaaaapua_s001_t001,calibration,2.0,naive,0,-7.014280,0.030140,7.772206
aaaaapuu_s001_t000,calibration,2.0,naive,0,-2.041623,0.223815,3.970335
aaaaapvw_s001_t001,calibration,2.0,naive,1,6.242941,0.921857,5.539269
aaaaapvy_s001_t000,calibration,2.0,naive,1,1.162959,0.547868,11.702651
aaaaapwn_s001_t001,calibration,2.0,naive,0,0.978797,0.527362,10.477312
aaaaapwo_s001_t001,calibration,2.0,naive,1,11.378475,0.991579,1.929937
aaaaapxm_s001_t001,calibration,2.0,naive,0,-1.038386,0.311283,8.771770
aaaaapys_s001_t001,calibration,2.0,naive,1,13.282341,0.996394,3.280080
aaaaapys_s002_t001,calibration,2.0,naive,1,8.162764,0.965374,6.124029
aaaaaayx_s002_t000,montage,bipolar18,canonicalized,0,6.527776,0.930569,16.908760
aaaaabdo_s003_t000,montage,bipolar18,canonicalized,1,22.061731,0.999929,28.482614
aaaaabsk_s007_t000,montage,bipolar18,canonicalized,1,5.064773,0.874357,4.127528
aaaaabuv_s002_t000,montage,bipolar18,canonicalized,1,3.506122,0.775873,2.277649
aaaaacad_s003_t000,montage,bipolar18,canonicalized,0,2.825204,0.718439,2.746908
aaaaacby_s004_t000,montage,bipolar18,canonicalized,0,7.184729,0.947338,2.924211
aaaaaddm_s006_t000,montage,bipolar18,canonicalized,1,12.358632,0.994555,25.624075
aaaaadeu_s002_t000,montage,bipolar18,canonicalized,1,6.857625,0.939530,9.064453
aaaaadjk_s002_t000,montage,bipolar18,canonicalized,0,2.756559,0.712177,2.714569
aaaaadkb_s002_t000,montage,bipolar18,canonicalized,1,14.833459,0.998197,18.298889
aaaaadsm_s002_t001,montage,bipolar18,canonicalized,0,0.352928,0.457396,9.622415
aaaaaeab_s003_t000,montage,bipolar18,canonicalized,0,3.750392,0.794327,4.302037
aaaaaejc_s003_t001,montage,bipolar18,canonicalized,0,6.303458,0.923788,13.343986
aaaaaezn_s003_t001,montage,bipolar18,canonicalized,1,6.634584,0.933597,32.116938
aaaaafhl_s003_t000,montage,bipolar18,canonicalized,1,5.202198,0.880966,6.704930
aaaaagfk_s003_t000,montage,bipolar18,canonicalized,0,1.810513,0.618257,3.678283
aaaaagsc_s003_t001,montage,bipolar18,canonicalized,1,15.018417,0.998340,71.739867
aaaaagsc_s006_t001,montage,bipolar18,canonicalized,1,6.241766,0.921819,6.689498
aaaaaguk_s002_t001,montage,bipolar18,canonicalized,0,-2.680361,0.178035,14.620974
aaaaagvx_s002_t000,montage,bipolar18,canonicalized,1,6.989864,0.942809,9.491500
aaaaagvx_s003_t001,montage,bipolar18,canonicalized,1,6.797099,0.937971,1.842318
aaaaagyr_s002_t000,montage,bipolar18,canonicalized,1,5.978887,0.912899,6.711990
aaaaahie_s005_t001,montage,bipolar18,canonicalized,1,18.676020,0.999677,11.500296
aaaaahsv_s002_t000,montage,bipolar18,canonicalized,0,1.801401,0.617293,8.324318
aaaaahte_s002_t000,montage,bipolar18,canonicalized,1,13.868415,0.997224,33.934949
aaaaahte_s003_t000,montage,bipolar18,canonicalized,1,7.518854,0.954325,4.394395
aaaaahuy_s002_t000,montage,bipolar18,canonicalized,1,-0.881736,0.326524,4.658820
aaaaahzi_s001_t000,montage,bipolar18,canonicalized,0,5.486632,0.893693,8.798585
aaaaahzm_s001_t001,montage,bipolar18,canonicalized,0,8.219031,0.966207,3.796381
aaaaahzq_s001_t000,montage,bipolar18,canonicalized,0,-3.837304,0.114252,3.663773
aaaaahzs_s001_t001,montage,bipolar18,canonicalized,0,4.852116,0.863512,3.875269
aaaaaiae_s001_t000,montage,bipolar18,canonicalized,0,4.011555,0.812785,6.035720
aaaaaibx_s001_t000,montage,bipolar18,canonicalized,0,0.775008,0.504565,1.512252
aaaaaiby_s001_t000,montage,bipolar18,canonicalized,0,7.866733,0.960657,19.794092
aaaaaici_s001_t000,montage,bipolar18,canonicalized,0,-0.714104,0.343248,25.133814
aaaaaicn_s001_t000,montage,bipolar18,canonicalized,0,5.463644,0.892711,2.315576
aaaaaijh_s002_t000,montage,bipolar18,canonicalized,1,-1.512600,0.267651,4.607735
aaaaaijn_s001_t001,montage,bipolar18,canonicalized,0,2.251388,0.663664,1.297990
aaaaairb_s001_t001,montage,bipolar18,canonicalized,0,5.043292,0.873296,1.449329
aaaaairo_s001_t000,montage,bipolar18,canonicalized,0,4.846692,0.863226,41.128369
aaaaaitt_s001_t000,montage,bipolar18,canonicalized,0,7.033749,0.943860,26.342079
aaaaaiue_s004_t000,montage,bipolar18,canonicalized,1,4.088881,0.817999,15.836893
aaaaaiuo_s002_t000,montage,bipolar18,canonicalized,0,6.610552,0.932927,14.539040
aaaaaiwz_s001_t001,montage,bipolar18,canonicalized,0,1.627159,0.598692,1.898897
aaaaaiyy_s001_t001,montage,bipolar18,canonicalized,0,0.048387,0.423783,12.604857
aaaaaizd_s001_t001,montage,bipolar18,canonicalized,0,4.567717,0.847789,22.905030
aaaaaizs_s001_t000,montage,bipolar18,canonicalized,0,1.310520,0.564185,4.574663
aaaaajae_s001_t001,montage,bipolar18,canonicalized,0,3.543733,0.778790,3.691194
aaaaajah_s002_t001,montage,bipolar18,canonicalized,1,6.070381,0.916104,6.440036
aaaaajah_s004_t000,montage,bipolar18,canonicalized,1,2.966486,0.731064,6.391474
aaaaajal_s001_t001,montage,bipolar18,canonicalized,0,-1.507816,0.268072,7.620823
aaaaajam_s001_t000,montage,bipolar18,canonicalized,1,5.613405,0.898969,5.326803
aaaaajar_s001_t001,montage,bipolar18,canonicalized,0,0.735350,0.500123,7.232257
aaaaajbb_s001_t000,montage,bipolar18,canonicalized,0,3.987457,0.811137,3.929938
aaaaajbh_s002_t000,montage,bipolar18,canonicalized,0,6.452139,0.928347,1.279594
aaaaajce_s001_t000,montage,bipolar18,canonicalized,0,7.659022,0.956985,13.361621
aaaaajci_s001_t000,montage,bipolar18,canonicalized,0,2.434458,0.681719,8.187001
aaaaajck_s001_t000,montage,bipolar18,canonicalized,0,0.569716,0.481581,4.341047
aaaaajct_s001_t000,montage,bipolar18,canonicalized,0,2.593223,0.696948,6.707000
aaaaajcu_s001_t000,montage,bipolar18,canonicalized,0,8.017316,0.963129,11.483189
aaaaajda_s001_t000,montage,bipolar18,canonicalized,0,2.391588,0.677537,11.010593
aaaaajdb_s001_t000,montage,bipolar18,canonicalized,0,4.524175,0.845255,16.839033
aaaaajdv_s001_t000,montage,bipolar18,canonicalized,0,5.904554,0.910215,16.062274
aaaaajdy_s001_t000,montage,bipolar18,canonicalized,0,-0.594273,0.355450,4.507568
aaaaajdz_s001_t000,montage,bipolar18,canonicalized,0,4.909277,0.866502,12.678273
aaaaajea_s001_t000,montage,bipolar18,canonicalized,0,6.047370,0.915308,20.061420
aaaaajen_s001_t000,montage,bipolar18,canonicalized,0,2.661056,0.703328,6.622630
aaaaajey_s001_t000,montage,bipolar18,canonicalized,0,2.993941,0.733475,6.360360
aaaaajfb_s001_t000,montage,bipolar18,canonicalized,0,-1.112570,0.304203,6.281826
aaaaajfe_s001_t000,montage,bipolar18,canonicalized,0,0.371138,0.459422,3.818444
aaaaajff_s001_t000,montage,bipolar18,canonicalized,0,0.036781,0.422514,7.530321
aaaaajfi_s001_t001,montage,bipolar18,canonicalized,0,6.743114,0.936549,17.009925
aaaaajfn_s001_t001,montage,bipolar18,canonicalized,0,4.690827,0.854770,34.104866
aaaaajfy_s001_t000,montage,bipolar18,canonicalized,0,-1.850960,0.239003,2.972134
aaaaajga_s001_t001,montage,bipolar18,canonicalized,0,5.298303,0.885407,15.563393
aaaaajhy_s001_t000,montage,bipolar18,canonicalized,0,1.151677,0.546615,17.115581
aaaaajit_s001_t001,montage,bipolar18,canonicalized,0,-0.501455,0.365033,8.810478
aaaaajiu_s001_t000,montage,bipolar18,canonicalized,0,9.963778,0.984246,16.425493
aaaaajiy_s001_t001,montage,bipolar18,canonicalized,0,-1.121479,0.303359,21.111864
aaaaajiz_s001_t000,montage,bipolar18,canonicalized,0,5.703085,0.902560,25.585258
aaaaajjb_s001_t001,montage,bipolar18,canonicalized,0,4.451787,0.840965,5.004596
aaaaajje_s001_t000,montage,bipolar18,canonicalized,0,2.847642,0.720468,23.118907
aaaaajjk_s001_t000,montage,bipolar18,canonicalized,0,2.924373,0.727338,8.009349
aaaaajna_s001_t000,montage,bipolar18,canonicalized,0,0.848804,0.512827,10.306402
aaaaajnu_s001_t000,montage,bipolar18,canonicalized,0,3.269777,0.756926,10.686137
aaaaajon_s001_t000,montage,bipolar18,canonicalized,0,5.388083,0.889425,8.788104
aaaaajoo_s002_t001,montage,bipolar18,canonicalized,1,2.850085,0.720688,3.563765
aaaaajpg_s001_t001,montage,bipolar18,canonicalized,0,0.153514,0.435323,5.401776
aaaaajqh_s004_t000,montage,bipolar18,canonicalized,1,10.637412,0.988302,14.113823
aaaaajqk_s003_t001,montage,bipolar18,canonicalized,1,11.474634,0.991931,11.450838
aaaaajrf_s001_t000,montage,bipolar18,canonicalized,1,29.875670,0.999998,8.986455
aaaaajrf_s002_t000,montage,bipolar18,canonicalized,1,26.961449,0.999992,34.685474
aaaaajrf_s003_t002,montage,bipolar18,canonicalized,1,27.616384,0.999994,20.645629
aaaaajrf_s004_t000,montage,bipolar18,canonicalized,1,4.561564,0.847433,3.645012
aaaaajso_s001_t000,montage,bipolar18,canonicalized,1,7.550270,0.954935,14.947487
aaaaajtg_s001_t000,montage,bipolar18,canonicalized,0,5.472136,0.893075,28.637733
aaaaajtu_s001_t000,montage,bipolar18,canonicalized,0,7.841315,0.960224,24.369067
aaaaajuh_s001_t000,montage,bipolar18,canonicalized,1,18.081858,0.999579,32.182930
aaaaajun_s001_t000,montage,bipolar18,canonicalized,0,8.740041,0.973052,10.335066
aaaaajvh_s001_t001,montage,bipolar18,canonicalized,0,7.313105,0.950135,10.343204
aaaaajxp_s001_t000,montage,bipolar18,canonicalized,0,3.470605,0.773094,2.645049
aaaaakck_s001_t001,montage,bipolar18,canonicalized,1,6.020431,0.914368,5.430910
aaaaakcx_s001_t001,montage,bipolar18,canonicalized,1,8.463258,0.969603,7.208486
aaaaakcy_s005_t001,montage,bipolar18,canonicalized,1,24.005193,0.999970,16.255363
aaaaakdj_s001_t000,montage,bipolar18,canonicalized,1,10.552148,0.987852,11.208110
aaaaakdo_s001_t000,montage,bipolar18,canonicalized,1,5.793619,0.906069,13.820673
aaaaakeq_s001_t000,montage,bipolar18,canonicalized,1,11.024659,0.990147,20.377259
aaaaakeq_s002_t000,montage,bipolar18,canonicalized,1,10.180814,0.985684,23.303159
aaaaakeq_s003_t000,montage,bipolar18,canonicalized,1,13.532040,0.996774,25.186436
aaaaakev_s001_t001,montage,bipolar18,canonicalized,1,24.319152,0.999974,88.189487
aaaaakev_s002_t000,montage,bipolar18,canonicalized,1,23.631296,0.999965,9.184354
aaaaakft_s001_t000,montage,bipolar18,canonicalized,0,0.145018,0.434388,16.232553
aaaaakgp_s001_t001,montage,bipolar18,canonicalized,0,6.977430,0.942508,9.621855
aaaaakgu_s001_t000,montage,bipolar18,canonicalized,1,4.571382,0.848001,3.540470
aaaaakjk_s002_t002,montage,bipolar18,canonicalized,1,8.671094,0.972230,12.603715
aaaaakjk_s003_t000,montage,bipolar18,canonicalized,1,11.805524,0.993035,23.329557
aaaaakka_s001_t001,montage,bipolar18,canonicalized,0,1.255134,0.558075,3.215712
aaaaakmg_s003_t001,montage,bipolar18,canonicalized,1,17.787251,0.999519,2.215495
aaaaakmh_s001_t000,montage,bipolar18,canonicalized,1,6.285904,0.923233,8.746108
aaaaaknt_s001_t000,montage,bipolar18,canonicalized,1,6.314106,0.924123,22.005793
aaaaakoo_s001_t001,montage,bipolar18,canonicalized,1,24.959943,0.999981,28.801695
aaaaakqg_s001_t001,montage,bipolar18,canonicalized,0,0.777301,0.504822,3.724878
aaaaakqr_s001_t000,montage,bipolar18,canonicalized,0,1.698980,0.606397,6.853532
aaaaakrt_s001_t001,montage,bipolar18,canonicalized,1,8.423111,0.969068,10.635514
aaaaakrt_s002_t001,montage,bipolar18,canonicalized,1,7.980510,0.962539,26.499101
aaaaaksb_s001_t000,montage,bipolar18,canonicalized,0,5.486655,0.893694,11.167603
aaaaaksu_s001_t001,montage,bipolar18,canonicalized,0,7.965158,0.962290,11.539485
aaaaakxz_s001_t001,montage,bipolar18,canonicalized,1,8.573117,0.971020,0.843440
aaaaakxz_s002_t001,montage,bipolar18,canonicalized,1,6.919333,0.941081,4.480567
aaaaalaf_s001_t000,montage,bipolar18,canonicalized,0,-2.178796,0.213321,12.764883
aaaaalau_s001_t000,montage,bipolar18,canonicalized,1,6.457029,0.928493,10.729661
aaaaalbh_s001_t000,montage,bipolar18,canonicalized,1,7.526551,0.954475,5.875926
aaaaalbt_s001_t001,montage,bipolar18,canonicalized,0,2.797249,0.715899,8.080549
aaaaalbt_s002_t000,montage,bipolar18,canonicalized,0,3.810652,0.798703,5.850096
aaaaalbz_s006_t000,montage,bipolar18,canonicalized,1,19.082853,0.999731,29.794355
aaaaalid_s001_t001,montage,bipolar18,canonicalized,0,9.669632,0.982066,3.183440
aaaaaljf_s001_t000,montage,bipolar18,canonicalized,1,8.367759,0.968316,14.817300
aaaaaljj_s001_t000,montage,bipolar18,canonicalized,0,3.104620,0.743055,5.903043
aaaaallc_s001_t001,montage,bipolar18,canonicalized,0,4.605656,0.849969,20.196154
aaaaalle_s002_t000,montage,bipolar18,canonicalized,1,6.556688,0.931401,6.866954
aaaaalox_s001_t001,montage,bipolar18,canonicalized,0,10.137868,0.985410,15.195137
aaaaalpv_s001_t000,montage,bipolar18,canonicalized,0,4.731634,0.857025,21.224657
aaaaalqa_s001_t000,montage,bipolar18,canonicalized,0,3.546052,0.778969,30.383521
aaaaalqr_s001_t001,montage,bipolar18,canonicalized,1,9.619056,0.981663,10.791605
aaaaalqs_s001_t001,montage,bipolar18,canonicalized,0,2.963341,0.730786,2.666885
aaaaalqx_s001_t000,montage,bipolar18,canonicalized,0,-0.534964,0.361560,11.619235
aaaaalrc_s002_t000,montage,bipolar18,canonicalized,1,32.719109,0.999999,22.599355
aaaaalsq_s001_t000,montage,bipolar18,canonicalized,0,2.832161,0.719069,10.818481
aaaaalsx_s001_t000,montage,bipolar18,canonicalized,1,2.441854,0.682437,5.943159
aaaaalsx_s004_t001,montage,bipolar18,canonicalized,1,8.280645,0.967097,0.386002
aaaaaluz_s001_t001,montage,bipolar18,canonicalized,0,1.685311,0.604935,7.384453
aaaaalvw_s001_t000,montage,bipolar18,canonicalized,0,-2.930958,0.162195,9.799826
aaaaalvz_s001_t000,montage,bipolar18,canonicalized,1,32.294072,0.999999,17.346871
aaaaalxk_s001_t000,montage,bipolar18,canonicalized,0,1.418317,0.576020,3.474303
aaaaalyr_s001_t000,montage,bipolar18,canonicalized,1,4.127097,0.820534,5.524957
aaaaalzk_s002_t001,montage,bipolar18,canonicalized,1,13.363904,0.996523,55.918540
aaaaamcb_s001_t001,montage,bipolar18,canonicalized,1,16.976343,0.999309,10.873544
aaaaamfe_s001_t001,montage,bipolar18,canonicalized,0,8.587859,0.971206,19.855017
aaaaamft_s001_t001,montage,bipolar18,canonicalized,1,14.205760,0.997613,4.108483
aaaaamfu_s001_t000,montage,bipolar18,canonicalized,0,8.195042,0.965854,4.219885
aaaaamhi_s001_t000,montage,bipolar18,canonicalized,1,17.276892,0.999396,52.008199
aaaaamhk_s001_t000,montage,bipolar18,canonicalized,1,4.047875,0.815248,3.039456
aaaaamjc_s001_t001,montage,bipolar18,canonicalized,1,14.755421,0.998133,11.559204
aaaaammh_s001_t001,montage,bipolar18,canonicalized,1,5.607456,0.898727,7.421835
aaaaamnq_s001_t000,montage,bipolar18,canonicalized,1,14.091026,0.997487,28.471942
aaaaamnq_s002_t000,montage,bipolar18,canonicalized,1,9.782148,0.982933,20.742487
aaaaamon_s001_t000,montage,bipolar18,canonicalized,0,3.641303,0.786228,29.933536
aaaaampz_s001_t000,montage,bipolar18,canonicalized,1,14.006362,0.997390,11.289085
aaaaamrj_s001_t000,montage,bipolar18,canonicalized,0,5.683441,0.901784,8.921619
aaaaamsc_s001_t000,montage,bipolar18,canonicalized,1,6.833029,0.938901,3.010301
aaaaamtb_s001_t000,montage,bipolar18,canonicalized,0,10.346674,0.986696,24.672576
aaaaamuc_s001_t000,montage,bipolar18,canonicalized,0,-0.547461,0.360269,2.528625
aaaaamxn_s001_t000,montage,bipolar18,canonicalized,1,12.029908,0.993697,5.075464
aaaaamyb_s001_t001,montage,bipolar18,canonicalized,0,6.091784,0.916838,13.758380
aaaaamye_s001_t000,montage,bipolar18,canonicalized,1,19.749154,0.999800,58.257123
aaaaamzi_s001_t001,montage,bipolar18,canonicalized,1,13.960196,0.997336,76.212329
aaaaamzl_s001_t000,montage,bipolar18,canonicalized,0,7.397144,0.951889,8.734282
aaaaamzx_s001_t000,montage,bipolar18,canonicalized,0,2.479233,0.686055,2.799812
aaaaanbq_s001_t000,montage,bipolar18,canonicalized,0,4.980579,0.870154,10.757871
aaaaanek_s001_t000,montage,bipolar18,canonicalized,0,-0.195316,0.397369,2.608411
aaaaangp_s001_t000,montage,bipolar18,canonicalized,0,3.062591,0.739444,4.164222
aaaaanhb_s001_t003,montage,bipolar18,canonicalized,1,6.056394,0.915621,13.857642
aaaaanhb_s003_t001,montage,bipolar18,canonicalized,1,2.890386,0.724308,6.411770
aaaaanhb_s005_t000,montage,bipolar18,canonicalized,1,7.336710,0.950633,3.076740
aaaaankf_s001_t000,montage,bipolar18,canonicalized,1,14.038203,0.997427,5.368455
aaaaanlp_s001_t000,montage,bipolar18,canonicalized,0,0.987963,0.528385,3.132290
aaaaanmc_s001_t000,montage,bipolar18,canonicalized,1,7.880789,0.960894,20.291539
aaaaanop_s001_t000,montage,bipolar18,canonicalized,0,10.259864,0.986176,10.902682
aaaaanoz_s001_t000,montage,bipolar18,canonicalized,1,3.024026,0.736101,3.352740
aaaaanpr_s001_t002,montage,bipolar18,canonicalized,1,6.537380,0.930846,1.000255
aaaaanqe_s001_t000,montage,bipolar18,canonicalized,0,-0.224773,0.394214,3.388062
aaaaanro_s001_t000,montage,bipolar18,canonicalized,1,12.769086,0.995466,9.005444
aaaaansj_s001_t000,montage,bipolar18,canonicalized,1,7.629498,0.956438,5.169130
aaaaanta_s001_t000,montage,bipolar18,canonicalized,1,9.848678,0.983426,8.841490
aaaaanum_s001_t000,montage,bipolar18,canonicalized,0,-0.640960,0.350673,8.435391
aaaaanvb_s002_t000,montage,bipolar18,canonicalized,0,7.705684,0.957838,7.722048
aaaaanvg_s001_t002,montage,bipolar18,canonicalized,0,2.739701,0.710626,5.013819
aaaaanvw_s001_t000,montage,bipolar18,canonicalized,0,0.740500,0.500700,30.525257
aaaaanwc_s001_t001,montage,bipolar18,canonicalized,1,14.020284,0.997406,70.220120
aaaaanxl_s001_t000,montage,bipolar18,canonicalized,1,8.383148,0.968527,14.071324
aaaaanyb_s001_t001,montage,bipolar18,canonicalized,0,-1.117886,0.303699,7.573074
aaaaanyt_s002_t000,montage,bipolar18,canonicalized,1,11.559894,0.992231,30.692151
aaaaanyw_s001_t000,montage,bipolar18,canonicalized,1,5.393836,0.889678,3.019104
aaaaanyw_s002_t000,montage,bipolar18,canonicalized,1,9.205823,0.978016,20.796310
aaaaanzh_s001_t000,montage,bipolar18,canonicalized,1,6.401612,0.926827,13.026481
aaaaanzu_s001_t003,montage,bipolar18,canonicalized,1,11.193726,0.990859,19.161673
aaaaaoav_s001_t000,montage,bipolar18,canonicalized,0,1.025344,0.532556,8.858812
aaaaaoav_s002_t000,montage,bipolar18,canonicalized,0,7.505912,0.954072,10.506038
aaaaaobi_s001_t000,montage,bipolar18,canonicalized,1,8.463189,0.969602,6.564412
aaaaaobl_s001_t000,montage,bipolar18,canonicalized,0,7.996894,0.962803,9.518306
aaaaaoby_s001_t000,montage,bipolar18,canonicalized,0,4.722033,0.856497,33.884884
aaaaaoda_s001_t000,montage,bipolar18,canonicalized,1,12.814649,0.995557,8.415260
aaaaaoeg_s001_t000,montage,bipolar18,canonicalized,0,4.005166,0.812349,4.156750
aaaaaofj_s001_t000,montage,bipolar18,canonicalized,0,2.518297,0.689812,4.045219
aaaaaofr_s001_t000,montage,bipolar18,canonicalized,0,4.948622,0.868528,4.454770
aaaaaofz_s001_t000,montage,bipolar18,canonicalized,0,2.508074,0.688831,11.847633
aaaaaohb_s001_t000,montage,bipolar18,canonicalized,1,17.849337,0.999532,6.272886
aaaaaohr_s002_t001,montage,bipolar18,canonicalized,1,10.478420,0.987449,4.157006
aaaaaoiq_s001_t000,montage,bipolar18,canonicalized,1,3.791843,0.797344,5.823821
aaaaaoiv_s001_t000,montage,bipolar18,canonicalized,1,3.051507,0.738486,13.329861
aaaaaoiv_s002_t001,montage,bipolar18,canonicalized,1,17.847265,0.999532,18.601143
aaaaaoiv_s003_t003,montage,bipolar18,canonicalized,1,14.715518,0.998099,5.263463
aaaaaojd_s001_t002,montage,bipolar18,canonicalized,0,1.691850,0.605634,5.697158
aaaaaokg_s001_t000,montage,bipolar18,canonicalized,0,6.479189,0.929149,24.567857
aaaaaoly_s001_t000,montage,bipolar18,canonicalized,0,4.485632,0.842983,29.462728
aaaaaome_s001_t000,montage,bipolar18,canonicalized,0,0.191083,0.439465,7.836026
aaaaaomx_s001_t000,montage,bipolar18,canonicalized,0,7.506422,0.954082,16.130152
aaaaaomy_s001_t000,montage,bipolar18,canonicalized,1,19.348194,0.999761,41.189176
aaaaaonb_s001_t000,montage,bipolar18,canonicalized,0,11.219003,0.990961,42.029185
aaaaaons_s002_t002,montage,bipolar18,canonicalized,1,11.404677,0.991676,11.103809
aaaaaopd_s001_t000,montage,bipolar18,canonicalized,0,6.809586,0.938295,14.948552
aaaaaopo_s001_t000,montage,bipolar18,canonicalized,0,0.454113,0.468666,6.884650
aaaaaora_s002_t000,montage,bipolar18,canonicalized,1,4.887811,0.865386,7.897086
aaaaaord_s001_t000,montage,bipolar18,canonicalized,1,8.033648,0.963388,7.736521
aaaaaosh_s001_t000,montage,bipolar18,canonicalized,1,5.731519,0.903675,9.742206
aaaaaosw_s001_t000,montage,bipolar18,canonicalized,0,5.205863,0.881138,19.657061
aaaaaote_s001_t000,montage,bipolar18,canonicalized,0,4.425523,0.839386,2.457162
aaaaaout_s001_t000,montage,bipolar18,canonicalized,1,8.347847,0.968041,19.923893
aaaaaovl_s001_t000,montage,bipolar18,canonicalized,1,16.504189,0.999146,3.820558
aaaaaovo_s001_t000,montage,bipolar18,canonicalized,1,9.818485,0.983204,12.684140
aaaaaowb_s001_t000,montage,bipolar18,canonicalized,0,5.336195,0.887118,5.150041
aaaaaoxf_s001_t000,montage,bipolar18,canonicalized,0,3.860807,0.802291,4.382200
aaaaaozf_s001_t001,montage,bipolar18,canonicalized,0,8.211509,0.966097,20.168765
aaaaapag_s001_t000,montage,bipolar18,canonicalized,0,5.897069,0.909940,45.451871
aaaaapar_s001_t000,montage,bipolar18,canonicalized,1,35.671636,1.000000,24.976878
aaaaapcb_s001_t000,montage,bipolar18,canonicalized,0,6.155758,0.918997,7.273561
aaaaapcy_s001_t002,montage,bipolar18,canonicalized,0,-0.353127,0.380568,19.909316
aaaaapdg_s001_t000,montage,bipolar18,canonicalized,0,2.525284,0.690481,11.150768
aaaaaphs_s001_t000,montage,bipolar18,canonicalized,1,16.574292,0.999172,7.442976
aaaaaphw_s001_t000,montage,bipolar18,canonicalized,0,6.382659,0.926249,8.388911
aaaaapij_s001_t000,montage,bipolar18,canonicalized,0,3.981000,0.810693,2.644844
aaaaapjc_s001_t001,montage,bipolar18,canonicalized,0,-1.375131,0.279894,11.194521
aaaaapka_s001_t000,montage,bipolar18,canonicalized,0,5.345470,0.887534,5.968028
aaaaapkx_s001_t001,montage,bipolar18,canonicalized,1,7.220040,0.948122,15.735604
aaaaaply_s001_t001,montage,bipolar18,canonicalized,1,7.672615,0.957235,14.320928
aaaaapmb_s002_t001,montage,bipolar18,canonicalized,1,10.560235,0.987895,4.331530
aaaaapmp_s001_t000,montage,bipolar18,canonicalized,1,2.490583,0.687149,10.206229
aaaaapnr_s001_t000,montage,bipolar18,canonicalized,1,5.415732,0.890637,22.187614
aaaaapoc_s001_t000,montage,bipolar18,canonicalized,1,11.758990,0.992889,20.956337
aaaaapof_s001_t000,montage,bipolar18,canonicalized,0,-1.152785,0.300403,5.352436
aaaaapoo_s001_t000,montage,bipolar18,canonicalized,0,2.715900,0.708429,6.025600
aaaaapoq_s001_t000,montage,bipolar18,canonicalized,0,5.910898,0.910447,2.197487
aaaaappb_s001_t000,montage,bipolar18,canonicalized,0,6.891427,0.940384,10.394538
aaaaapqd_s001_t000,montage,bipolar18,canonicalized,1,7.967558,0.962329,6.283886
aaaaapqv_s001_t000,montage,bipolar18,canonicalized,0,2.207408,0.659252,6.538900
aaaaapta_s001_t000,montage,bipolar18,canonicalized,1,12.203185,0.994165,20.411167
aaaaapth_s001_t000,montage,bipolar18,canonicalized,1,2.873243,0.722772,4.397774
aaaaapua_s001_t001,montage,bipolar18,canonicalized,0,-2.544199,0.187137,6.353133
aaaaapuu_s001_t000,montage,bipolar18,canonicalized,0,3.413253,0.768556,13.938939
aaaaapvw_s001_t001,montage,bipolar18,canonicalized,1,12.726039,0.995378,14.497239
aaaaapvy_s001_t000,montage,bipolar18,canonicalized,1,3.351603,0.763607,14.616776
aaaaapwn_s001_t001,montage,bipolar18,canonicalized,0,2.276252,0.666146,20.160205
aaaaapwo_s001_t001,montage,bipolar18,canonicalized,1,19.841421,0.999808,21.653934
aaaaapxm_s001_t001,montage,bipolar18,canonicalized,0,0.939276,0.522946,7.132079
aaaaapys_s001_t001,montage,bipolar18,canonicalized,1,18.974985,0.999718,5.535057
aaaaapys_s002_t001,montage,bipolar18,canonicalized,1,12.616978,0.995147,7.169746
aaaaaayx_s002_t000,montage,bipolar18,naive,0,6.466260,0.928767,15.659381
aaaaabdo_s003_t000,montage,bipolar18,naive,1,22.174707,0.999933,28.423451
aaaaabsk_s007_t000,montage,bipolar18,naive,1,5.542426,0.896045,4.257545
aaaaabuv_s002_t000,montage,bipolar18,naive,1,3.283083,0.758021,2.173857
aaaaacad_s003_t000,montage,bipolar18,naive,0,2.508928,0.688913,2.117490
aaaaacby_s004_t000,montage,bipolar18,naive,0,6.960598,0.942098,3.246265
aaaaaddm_s006_t000,montage,bipolar18,naive,1,12.637179,0.995191,24.506427
aaaaadeu_s002_t000,montage,bipolar18,naive,1,7.090413,0.945190,9.423810
aaaaadjk_s002_t000,montage,bipolar18,naive,0,2.930023,0.727840,2.708536
aaaaadkb_s002_t000,montage,bipolar18,naive,1,14.834426,0.998197,18.923179
aaaaadsm_s002_t001,montage,bipolar18,naive,0,0.175911,0.437791,8.683290
aaaaaeab_s003_t000,montage,bipolar18,naive,0,3.682634,0.789324,3.716017
aaaaaejc_s003_t001,montage,bipolar18,naive,0,6.012541,0.914091,12.854260
aaaaaezn_s003_t001,montage,bipolar18,naive,1,6.347933,0.925179,30.782768
aaaaafhl_s003_t000,montage,bipolar18,naive,1,5.207416,0.881211,5.754793
aaaaagfk_s003_t000,montage,bipolar18,naive,0,1.832328,0.620561,3.678912
aaaaagsc_s003_t001,montage,bipolar18,naive,1,14.984057,0.998314,75.123464
aaaaagsc_s006_t001,montage,bipolar18,naive,1,6.165582,0.919324,6.362420
aaaaaguk_s002_t001,montage,bipolar18,naive,0,-3.161929,0.148621,11.360832
aaaaagvx_s002_t000,montage,bipolar18,naive,1,6.759696,0.936989,8.562179
aaaaagvx_s003_t001,montage,bipolar18,naive,1,7.101361,0.945444,2.725476
aaaaagyr_s002_t000,montage,bipolar18,naive,1,6.031786,0.914765,6.638287
aaaaahie_s005_t001,montage,bipolar18,naive,1,18.801327,0.999695,10.554977
aaaaahsv_s002_t000,montage,bipolar18,naive,0,1.491121,0.583965,7.610508
aaaaahte_s002_t000,montage,bipolar18,naive,1,13.700111,0.997007,35.020834
aaaaahte_s003_t000,montage,bipolar18,naive,1,7.544163,0.954817,3.372738
aaaaahuy_s002_t000,montage,bipolar18,naive,1,-1.019208,0.313128,5.602117
aaaaahzi_s001_t000,montage,bipolar18,naive,0,5.620336,0.899251,7.000410
aaaaahzm_s001_t001,montage,bipolar18,naive,0,8.153940,0.965242,4.060745
aaaaahzq_s001_t000,montage,bipolar18,naive,0,-3.413479,0.134919,4.178456
aaaaahzs_s001_t001,montage,bipolar18,naive,0,4.067535,0.816571,4.551577
aaaaaiae_s001_t000,montage,bipolar18,naive,0,3.999172,0.811939,5.899211
aaaaaibx_s001_t000,montage,bipolar18,naive,0,0.684999,0.494484,1.732318
aaaaaiby_s001_t000,montage,bipolar18,naive,0,7.311761,0.950106,19.937822
aaaaaici_s001_t000,montage,bipolar18,naive,0,-0.737814,0.340858,24.507954
aaaaaicn_s001_t000,montage,bipolar18,naive,0,5.432060,0.891348,2.322361
aaaaaijh_s002_t000,montage,bipolar18,naive,1,-1.684232,0.252851,5.123197
aaaaaijn_s001_t001,montage,bipolar18,naive,0,1.749705,0.611808,1.246880
aaaaairb_s001_t001,montage,bipolar18,naive,0,5.277586,0.884462,2.074370
aaaaairo_s001_t000,montage,bipolar18,naive,0,5.035159,0.872892,42.005433
aaaaaitt_s001_t000,montage,bipolar18,naive,0,7.182539,0.947289,26.747961
aaaaaiue_s004_t000,montage,bipolar18,naive,1,3.415398,0.768727,19.576270
aaaaaiuo_s002_t000,montage,bipolar18,naive,0,6.568947,0.931751,13.490183
aaaaaiwz_s001_t001,montage,bipolar18,naive,0,1.595265,0.595254,1.376078
aaaaaiyy_s001_t001,montage,bipolar18,naive,0,0.011871,0.419794,12.086356
aaaaaizd_s001_t001,montage,bipolar18,naive,0,4.478370,0.842552,23.280805
aaaaaizs_s001_t000,montage,bipolar18,naive,0,1.360775,0.569713,4.152798
aaaaajae_s001_t001,montage,bipolar18,naive,0,3.546064,0.778970,2.744322
aaaaajah_s002_t001,montage,bipolar18,naive,1,6.140662,0.918492,7.288291
aaaaajah_s004_t000,montage,bipolar18,naive,1,3.743520,0.793824,7.840209
aaaaajal_s001_t001,montage,bipolar18,naive,0,-1.371761,0.280199,6.610238
aaaaajam_s001_t000,montage,bipolar18,naive,1,4.980596,0.870155,4.972808
aaaaajar_s001_t001,montage,bipolar18,naive,0,0.411858,0.463955,6.842292
aaaaajbb_s001_t000,montage,bipolar18,naive,0,3.902586,0.805243,4.431940
aaaaajbh_s002_t000,montage,bipolar18,naive,0,5.961768,0.912287,1.920369
aaaaajce_s001_t000,montage,bipolar18,naive,0,7.552870,0.954985,16.421656
aaaaajci_s001_t000,montage,bipolar18,naive,0,2.298260,0.668335,6.543562
aaaaajck_s001_t000,montage,bipolar18,naive,0,1.365998,0.570286,4.431140
aaaaajct_s001_t000,montage,bipolar18,naive,0,2.362056,0.674640,6.080556
aaaaajcu_s001_t000,montage,bipolar18,naive,0,7.831700,0.960060,10.870052
aaaaajda_s001_t000,montage,bipolar18,naive,0,2.482088,0.686330,14.482273
aaaaajdb_s001_t000,montage,bipolar18,naive,0,4.789717,0.860184,18.435532
aaaaajdv_s001_t000,montage,bipolar18,naive,0,5.950617,0.911887,16.230214
aaaaajdy_s001_t000,montage,bipolar18,naive,0,-0.269004,0.389492,4.969521
aaaaajdz_s001_t000,montage,bipolar18,naive,0,5.026893,0.872481,11.586678
aaaaajea_s001_t000,montage,bipolar18,naive,0,5.881292,0.909359,21.946364
aaaaajen_s001_t000,montage,bipolar18,naive,0,2.687232,0.705769,5.973148
aaaaajey_s001_t000,montage,bipolar18,naive,0,3.173511,0.748903,5.789839
aaaaajfb_s001_t000,montage,bipolar18,naive,0,-0.722781,0.342373,5.467049
aaaaajfe_s001_t000,montage,bipolar18,naive,0,0.820316,0.509638,5.017246
aaaaajff_s001_t000,montage,bipolar18,naive,0,-0.225514,0.394134,8.137081
aaaaajfi_s001_t001,montage,bipolar18,naive,0,6.806306,0.938210,15.659649
aaaaajfn_s001_t001,montage,bipolar18,naive,0,4.668424,0.853520,32.507733
aaaaajfy_s001_t000,montage,bipolar18,naive,0,-2.001778,0.226931,3.318413
aaaaajga_s001_t001,montage,bipolar18,naive,0,4.793332,0.860379,15.905675
aaaaajhy_s001_t000,montage,bipolar18,naive,0,1.106159,0.541557,16.676864
aaaaajit_s001_t001,montage,bipolar18,naive,0,-0.149371,0.402309,8.722442
aaaaajiu_s001_t000,montage,bipolar18,naive,0,9.939476,0.984076,15.647634
aaaaajiy_s001_t001,montage,bipolar18,naive,0,-1.241948,0.292076,21.825270
aaaaajiz_s001_t000,montage,bipolar18,naive,0,5.848958,0.908158,23.708769
aaaaajjb_s001_t001,montage,bipolar18,naive,0,4.199363,0.825252,4.410717
aaaaajje_s001_t000,montage,bipolar18,naive,0,2.567336,0.694493,21.865947
aaaaajjk_s001_t000,montage,bipolar18,naive,0,2.744608,0.711078,8.588158
aaaaajna_s001_t000,montage,bipolar18,naive,0,0.964131,0.525724,10.636490
aaaaajnu_s001_t000,montage,bipolar18,naive,0,3.185921,0.749947,10.624936
aaaaajon_s001_t000,montage,bipolar18,naive,0,5.876235,0.909172,9.550488
aaaaajoo_s002_t001,montage,bipolar18,naive,1,2.675188,0.704647,3.448369
aaaaajpg_s001_t001,montage,bipolar18,naive,0,0.106505,0.430154,6.171006
aaaaajqh_s004_t000,montage,bipolar18,naive,1,10.517989,0.987667,14.226044
aaaaajqk_s003_t001,montage,bipolar18,naive,1,11.010038,0.990082,10.155963
aaaaajrf_s001_t000,montage,bipolar18,naive,1,29.800307,0.999998,10.183776
aaaaajrf_s002_t000,montage,bipolar18,naive,1,26.711094,0.999991,37.134305
aaaaajrf_s003_t002,montage,bipolar18,naive,1,27.308433,0.999993,20.033139
aaaaajrf_s004_t000,montage,bipolar18,naive,1,4.108525,0.819306,2.994234
aaaaajso_s001_t000,montage,bipolar18,naive,1,7.266129,0.949128,13.974681
aaaaajtg_s001_t000,montage,bipolar18,naive,0,5.515662,0.894922,28.155443
aaaaajtu_s001_t000,montage,bipolar18,naive,0,7.444766,0.952856,25.859356
aaaaajuh_s001_t000,montage,bipolar18,naive,1,18.004325,0.999564,33.279550
aaaaajun_s001_t000,montage,bipolar18,naive,0,8.779301,0.973510,11.779298
aaaaajvh_s001_t001,montage,bipolar18,naive,0,7.297609,0.949805,12.147515
aaaaajxp_s001_t000,montage,bipolar18,naive,0,3.404820,0.767883,3.874269
aaaaakck_s001_t001,montage,bipolar18,naive,1,5.716892,0.903103,4.698056
aaaaakcx_s001_t001,montage,bipolar18,naive,1,8.233303,0.966415,7.820575
aaaaakcy_s005_t001,montage,bipolar18,naive,1,23.441632,0.999962,16.307396
aaaaakdj_s001_t000,montage,bipolar18,naive,1,10.368567,0.986824,7.809997
aaaaakdo_s001_t000,montage,bipolar18,naive,1,5.381655,0.889142,12.618351
aaaaakeq_s001_t000,montage,bipolar18,naive,1,10.986899,0.989980,22.891569
aaaaakeq_s002_t000,montage,bipolar18,naive,1,10.244869,0.986084,24.931823
aaaaakeq_s003_t000,montage,bipolar18,naive,1,13.507733,0.996739,26.854036
aaaaakev_s001_t001,montage,bipolar18,naive,1,23.893323,0.999969,80.019246
aaaaakev_s002_t000,montage,bipolar18,naive,1,23.001808,0.999953,8.026065
aaaaakft_s001_t000,montage,bipolar18,naive,0,0.857407,0.513790,14.023873
aaaaakgp_s001_t001,montage,bipolar18,naive,0,6.793658,0.937881,9.158126
aaaaakgu_s001_t000,montage,bipolar18,naive,1,4.500430,0.843858,3.200877
aaaaakjk_s002_t002,montage,bipolar18,naive,1,8.180435,0.965638,11.955823
aaaaakjk_s003_t000,montage,bipolar18,naive,1,11.796907,0.993008,21.237814
aaaaakka_s001_t001,montage,bipolar18,naive,0,1.049534,0.535253,5.179942
aaaaakmg_s003_t001,montage,bipolar18,naive,1,17.444206,0.999439,3.556678
aaaaakmh_s001_t000,montage,bipolar18,naive,1,5.866884,0.908826,8.497297
aaaaaknt_s001_t000,montage,bipolar18,naive,1,6.373515,0.925968,22.704877
aaaaakoo_s001_t001,montage,bipolar18,naive,1,24.451452,0.999976,29.174947
aaaaakqg_s001_t001,montage,bipolar18,naive,0,0.551657,0.479561,3.181031
aaaaakqr_s001_t000,montage,bipolar18,naive,0,1.406304,0.574705,6.503260
aaaaakrt_s001_t001,montage,bipolar18,naive,1,8.222323,0.966255,10.959004
aaaaakrt_s002_t001,montage,bipolar18,naive,1,7.922074,0.961583,28.233484
aaaaaksb_s001_t000,montage,bipolar18,naive,0,5.564034,0.896943,11.264369
aaaaaksu_s001_t001,montage,bipolar18,naive,0,7.814467,0.959762,11.128926
aaaaakxz_s001_t001,montage,bipolar18,naive,1,8.232644,0.966406,0.894698
aaaaakxz_s002_t001,montage,bipolar18,naive,1,6.774352,0.937375,4.796082
aaaaalaf_s001_t000,montage,bipolar18,naive,0,-2.462213,0.192789,12.073181
aaaaalau_s001_t000,montage,bipolar18,naive,1,5.902087,0.910124,9.462283
aaaaalbh_s001_t000,montage,bipolar18,naive,1,6.933144,0.941423,6.576568
aaaaalbt_s001_t001,montage,bipolar18,naive,0,2.420990,0.680408,7.397475
aaaaalbt_s002_t000,montage,bipolar18,naive,0,3.737657,0.793394,5.471268
aaaaalbz_s006_t000,montage,bipolar18,naive,1,19.188109,0.999743,31.951804
aaaaalid_s001_t001,montage,bipolar18,naive,0,9.538600,0.981003,4.245842
aaaaaljf_s001_t000,montage,bipolar18,naive,1,8.540652,0.970608,14.224143
aaaaaljj_s001_t000,montage,bipolar18,naive,0,3.616655,0.784367,7.262326
aaaaallc_s001_t001,montage,bipolar18,naive,0,4.522757,0.845172,17.450287
aaaaalle_s002_t000,montage,bipolar18,naive,1,6.420852,0.927409,5.330577
aaaaalox_s001_t001,montage,bipolar18,naive,0,9.863484,0.983534,17.717220
aaaaalpv_s001_t000,montage,bipolar18,naive,0,4.623557,0.850989,21.465218
aaaaalqa_s001_t000,montage,bipolar18,naive,0,3.640872,0.786196,29.506446
aaaaalqr_s001_t001,montage,bipolar18,naive,1,9.535925,0.980980,10.499068
aaaaalqs_s001_t001,montage,bipolar18,naive,0,2.732963,0.710005,3.798445
aaaaalqx_s001_t000,montage,bipolar18,naive,0,-0.712095,0.343451,11.337687
aaaaalrc_s002_t000,montage,bipolar18,naive,1,32.958502,0.999999,24.047748
aaaaalsq_s001_t000,montage,bipolar18,naive,0,2.622152,0.699678,8.113637
aaaaalsx_s001_t000,montage,bipolar18,naive,1,2.568907,0.694642,6.091873
aaaaalsx_s004_t001,montage,bipolar18,naive,1,8.225343,0.966299,0.765780
aaaaaluz_s001_t001,montage,bipolar18,naive,0,2.477309,0.685869,5.683975
aaaaalvw_s001_t000,montage,bipolar18,naive,0,-2.961273,0.160358,8.560551
aaaaalvz_s001_t000,montage,bipolar18,naive,1,32.239832,0.999999,17.746959
aaaaalxk_s001_t000,montage,bipolar18,naive,0,1.986211,0.636654,2.322905
aaaaalyr_s001_t000,montage,bipolar18,naive,1,3.805575,0.798337,4.963514
aaaaalzk_s002_t001,montage,bipolar18,naive,1,12.800873,0.995529,52.240703
aaaaamcb_s001_t001,montage,bipolar18,naive,1,16.799787,0.999252,10.611845
aaaaamfe_s001_t001,montage,bipolar18,naive,0,8.332633,0.967830,20.937483
aaaaamft_s001_t001,montage,bipolar18,naive,1,14.152756,0.997555,4.730097
aaaaamfu_s001_t000,montage,bipolar18,naive,0,8.470298,0.969696,3.414969
aaaaamhi_s001_t000,montage,bipolar18,naive,1,17.103827,0.999347,48.768252
aaaaamhk_s001_t000,montage,bipolar18,naive,1,3.845003,0.801165,3.136472
aaaaamjc_s001_t001,montage,bipolar18,naive,1,14.665780,0.998056,12.347398
aaaaammh_s001_t001,montage,bipolar18,naive,1,5.196722,0.880708,6.346005
aaaaamnq_s001_t000,montage,bipolar18,naive,1,13.906255,0.997271,27.723350
aaaaamnq_s002_t000,montage,bipolar18,naive,1,9.541207,0.981025,22.410101
aaaaamon_s001_t000,montage,bipolar18,naive,0,4.053931,0.815657,31.237467
aaaaampz_s001_t000,montage,bipolar18,naive,1,13.910262,0.997276,12.018863
aaaaamrj_s001_t000,montage,bipolar18,naive,0,5.500129,0.894266,9.330904
aaaaamsc_s001_t000,montage,bipolar18,naive,1,6.747333,0.936661,3.897611
aaaaamtb_s001_t000,montage,bipolar18,naive,0,9.733756,0.982565,22.420814
aaaaamuc_s001_t000,montage,bipolar18,naive,0,-0.326518,0.383382,2.167273
aaaaamxn_s001_t000,montage,bipolar18,naive,1,12.045504,0.993740,5.688329
aaaaamyb_s001_t001,montage,bipolar18,naive,0,5.949939,0.911862,14.062991
aaaaamye_s001_t000,montage,bipolar18,naive,1,19.566674,0.999783,52.736770
aaaaamzi_s001_t001,montage,bipolar18,naive,1,13.592513,0.996860,76.450070
aaaaamzl_s001_t000,montage,bipolar18,naive,0,7.552077,0.954969,10.146659
aaaaamzx_s001_t000,montage,bipolar18,naive,0,2.321364,0.670626,2.560893
aaaaanbq_s001_t000,montage,bipolar18,naive,0,4.510771,0.844468,9.685751
aaaaanek_s001_t000,montage,bipolar18,naive,0,-0.306389,0.385516,3.426750
aaaaangp_s001_t000,montage,bipolar18,naive,0,2.945392,0.729202,4.208520
aaaaanhb_s001_t003,montage,bipolar18,naive,1,5.873818,0.909083,15.136444
aaaaanhb_s003_t001,montage,bipolar18,naive,1,3.187341,0.750066,6.222028
aaaaanhb_s005_t000,montage,bipolar18,naive,1,7.293548,0.949718,3.211014
aaaaankf_s001_t000,montage,bipolar18,naive,1,14.025931,0.997413,5.268196
aaaaanlp_s001_t000,montage,bipolar18,naive,0,0.869633,0.515158,3.276854
aaaaanmc_s001_t000,montage,bipolar18,naive,1,7.626194,0.956376,19.499296
aaaaanop_s001_t000,montage,bipolar18,naive,0,10.158166,0.985541,11.350189
aaaaanoz_s001_t000,montage,bipolar18,naive,1,2.691188,0.706137,3.648952
aaaaanpr_s001_t002,montage,bipolar18,naive,1,6.503110,0.929851,1.172587
aaaaanqe_s001_t000,montage,bipolar18,naive,0,0.181277,0.438383,2.723247
aaaaanro_s001_t000,montage,bipolar18,naive,1,12.553028,0.995007,8.283517
aaaaansj_s001_t000,montage,bipolar18,naive,1,7.582521,0.955552,4.944165
aaaaanta_s001_t000,montage,bipolar18,naive,1,9.417781,0.979967,9.170130
aaaaanum_s001_t000,montage,bipolar18,naive,0,-0.038372,0.414322,7.581462
aaaaanvb_s002_t000,montage,bipolar18,naive,0,7.411433,0.952181,7.605028
aaaaanvg_s001_t002,montage,bipolar18,naive,0,2.477460,0.685884,5.273944
aaaaanvw_s001_t000,montage,bipolar18,naive,0,1.203693,0.552384,27.195179
aaaaanwc_s001_t001,montage,bipolar18,naive,1,14.158851,0.997562,72.563319
aaaaanxl_s001_t000,montage,bipolar18,naive,1,8.173479,0.965534,13.154924
aaaaanyb_s001_t001,montage,bipolar18,naive,0,-1.187012,0.297191,7.779330
aaaaanyt_s002_t000,montage,bipolar18,naive,1,11.558806,0.992227,30.118233
aaaaanyw_s001_t000,montage,bipolar18,naive,1,5.617073,0.899119,2.569904
aaaaanyw_s002_t000,montage,bipolar18,naive,1,9.048842,0.976452,16.732074
aaaaanzh_s001_t000,montage,bipolar18,naive,1,6.452742,0.928365,12.819715
aaaaanzu_s001_t003,montage,bipolar18,naive,1,10.944046,0.989788,19.318043
aaaaaoav_s001_t000,montage,bipolar18,naive,0,1.226402,0.554898,7.545616
aaaaaoav_s002_t000,montage,bipolar18,naive,0,7.161885,0.946825,11.317786
aaaaaobi_s001_t000,montage,bipolar18,naive,1,8.304621,0.967437,7.934851
aaaaaobl_s001_t000,montage,bipolar18,naive,0,7.780779,0.959176,12.442734
aaaaaoby_s001_t000,montage,bipolar18,naive,0,4.632532,0.851498,35.307690
aaaaaoda_s001_t000,montage,bipolar18,naive,1,12.898981,0.995721,8.034680
aaaaaoeg_s001_t000,montage,bipolar18,naive,0,3.716619,0.791844,3.958470
aaaaaofj_s001_t000,montage,bipolar18,naive,0,2.430033,0.681288,4.472270
aaaaaofr_s001_t000,montage,bipolar18,naive,0,4.427029,0.839476,4.013469
aaaaaofz_s001_t000,montage,bipolar18,naive,0,2.888958,0.724180,9.507149
aaaaaohb_s001_t000,montage,bipolar18,naive,1,17.642801,0.999487,5.787302
aaaaaohr_s002_t001,montage,bipolar18,naive,1,10.564372,0.987917,3.470700
aaaaaoiq_s001_t000,montage,bipolar18,naive,1,3.207073,0.751720,5.233599
aaaaaoiv_s001_t000,montage,bipolar18,naive,1,2.779358,0.714266,11.961373
aaaaaoiv_s002_t001,montage,bipolar18,naive,1,17.800380,0.999522,16.910411
aaaaaoiv_s003_t003,montage,bipolar18,naive,1,14.358899,0.997770,4.242965
aaaaaojd_s001_t002,montage,bipolar18,naive,0,1.535159,0.588750,5.103944
aaaaaokg_s001_t000,montage,bipolar18,naive,0,6.460022,0.928582,23.156952
aaaaaoly_s001_t000,montage,bipolar18,naive,0,4.647105,0.852322,30.640006
aaaaaome_s001_t000,montage,bipolar18,naive,0,0.280917,0.449401,8.614260
aaaaaomx_s001_t000,montage,bipolar18,naive,0,7.287971,0.949599,16.297579
aaaaaomy_s001_t000,montage,bipolar18,naive,1,19.342212,0.999760,40.199446
aaaaaonb_s001_t000,montage,bipolar18,naive,0,11.401188,0.991663,43.080706
aaaaaons_s002_t002,montage,bipolar18,naive,1,11.132317,0.990606,11.865160
aaaaaopd_s001_t000,montage,bipolar18,naive,0,6.623132,0.933278,15.421983
aaaaaopo_s001_t000,montage,bipolar18,naive,0,0.769273,0.503923,6.441689
aaaaaora_s002_t000,montage,bipolar18,naive,1,4.636138,0.851703,8.513757
aaaaaord_s001_t000,montage,bipolar18,naive,1,8.079588,0.964107,8.310796
aaaaaosh_s001_t000,montage,bipolar18,naive,1,5.748046,0.904317,6.920988
aaaaaosw_s001_t000,montage,bipolar18,naive,0,4.915347,0.866817,22.583465
aaaaaote_s001_t000,montage,bipolar18,naive,0,4.375955,0.836369,2.167234
aaaaaout_s001_t000,montage,bipolar18,naive,1,8.707220,0.972664,18.640123
aaaaaovl_s001_t000,montage,bipolar18,naive,1,15.924781,0.998893,2.024795
aaaaaovo_s001_t000,montage,bipolar18,naive,1,10.155545,0.985524,14.431680
aaaaaowb_s001_t000,montage,bipolar18,naive,0,4.865882,0.864238,4.316530
aaaaaoxf_s001_t000,montage,bipolar18,naive,0,3.857456,0.802053,4.737328
aaaaaozf_s001_t001,montage,bipolar18,naive,0,8.319551,0.967647,18.768571
aaaaapag_s001_t000,montage,bipolar18,naive,0,6.109114,0.917428,46.291637
aaaaapar_s001_t000,montage,bipolar18,naive,1,34.965200,1.000000,21.108258
aaaaapcb_s001_t000,montage,bipolar18,naive,0,5.478570,0.893349,7.556754
aaaaapcy_s001_t002,montage,bipolar18,naive,0,-0.398296,0.375810,15.559557
aaaaapdg_s001_t000,montage,bipolar18,naive,0,2.515909,0.689583,12.521196
aaaaaphs_s001_t000,montage,bipolar18,naive,1,16.384829,0.999099,6.688367
aaaaaphw_s001_t000,montage,bipolar18,naive,0,6.149667,0.918794,7.850863
aaaaapij_s001_t000,montage,bipolar18,naive,0,3.812149,0.798810,2.426232
aaaaapjc_s001_t001,montage,bipolar18,naive,0,-1.363002,0.280991,10.370786
aaaaapka_s001_t000,montage,bipolar18,naive,0,5.142700,0.878142,6.248930
aaaaapkx_s001_t001,montage,bipolar18,naive,1,7.182160,0.947281,17.411764
aaaaaply_s001_t001,montage,bipolar18,naive,1,7.158524,0.946749,15.754972
aaaaapmb_s002_t001,montage,bipolar18,naive,1,10.244288,0.986080,4.079306
aaaaapmp_s001_t000,montage,bipolar18,naive,1,2.644863,0.701812,9.128840
aaaaapnr_s001_t000,montage,bipolar18,naive,1,5.537893,0.895855,24.824628
aaaaapoc_s001_t000,montage,bipolar18,naive,1,11.733035,0.992807,20.883873
aaaaapof_s001_t000,montage,bipolar18,naive,0,-1.055427,0.309649,5.646881
aaaaapoo_s001_t000,montage,bipolar18,naive,0,3.078964,0.740854,7.494832
aaaaapoq_s001_t000,montage,bipolar18,naive,0,6.002305,0.913730,2.309911
aaaaappb_s001_t000,montage,bipolar18,naive,0,6.922867,0.941169,10.292551
aaaaapqd_s001_t000,montage,bipolar18,naive,1,7.477727,0.953515,6.721424
aaaaapqv_s001_t000,montage,bipolar18,naive,0,2.282832,0.666801,6.760936
aaaaapta_s001_t000,montage,bipolar18,naive,1,12.252897,0.994293,21.952917
aaaaapth_s001_t000,montage,bipolar18,naive,1,2.571097,0.694850,4.878500
aaaaapua_s001_t001,montage,bipolar18,naive,0,-2.434459,0.194731,7.398900
aaaaapuu_s001_t000,montage,bipolar18,naive,0,3.219216,0.752734,13.560257
aaaaapvw_s001_t001,montage,bipolar18,naive,1,12.491975,0.994869,13.468579
aaaaapvy_s001_t000,montage,bipolar18,naive,1,3.362151,0.764458,14.326455
aaaaapwn_s001_t001,montage,bipolar18,naive,0,2.318001,0.670293,20.951338
aaaaapwo_s001_t001,montage,bipolar18,naive,1,20.028435,0.999824,23.543626
aaaaapxm_s001_t001,montage,bipolar18,naive,0,1.321333,0.565376,6.102937
aaaaapys_s001_t001,montage,bipolar18,naive,1,19.050243,0.999727,5.679268
aaaaapys_s002_t001,montage,bipolar18,naive,1,12.700929,0.995326,5.867382
aaaaaayx_s002_t000,montage,full19,canonicalized,0,0.797363,0.507068,6.033919
aaaaabdo_s003_t000,montage,full19,canonicalized,1,10.243760,0.986077,5.504928
aaaaabsk_s007_t000,montage,full19,canonicalized,1,1.747691,0.611593,10.203362
aaaaabuv_s002_t000,montage,full19,canonicalized,1,3.151274,0.747025,3.189991
aaaaacad_s003_t000,montage,full19,canonicalized,0,1.559729,0.591413,2.900265
aaaaacby_s004_t000,montage,full19,canonicalized,0,1.079388,0.538578,1.285323
aaaaaddm_s006_t000,montage,full19,canonicalized,1,5.313769,0.886108,7.955435
aaaaadeu_s002_t000,montage,full19,canonicalized,1,4.882767,0.865123,5.700261
aaaaadjk_s002_t000,montage,full19,canonicalized,0,-0.091694,0.408537,2.816257
aaaaadkb_s002_t000,montage,full19,canonicalized,1,8.988334,0.975820,3.786852
aaaaadsm_s002_t001,montage,full19,canonicalized,0,-3.165178,0.148437,3.714667
aaaaaeab_s003_t000,montage,full19,canonicalized,0,0.876839,0.515964,3.683766
aaaaaejc_s003_t001,montage,full19,canonicalized,0,0.618804,0.487073,7.160816
aaaaaezn_s003_t001,montage,full19,canonicalized,1,0.203856,0.440875,12.863887
aaaaafhl_s003_t000,montage,full19,canonicalized,1,3.231133,0.753726,5.191281
aaaaagfk_s003_t000,montage,full19,canonicalized,0,-0.887473,0.325959,1.886640
aaaaagsc_s003_t001,montage,full19,canonicalized,1,6.129944,0.918132,13.377104
aaaaagsc_s006_t001,montage,full19,canonicalized,1,0.567169,0.481296,1.787220
aaaaaguk_s002_t001,montage,full19,canonicalized,0,-4.080843,0.103667,14.594594
aaaaagvx_s002_t000,montage,full19,canonicalized,1,2.097799,0.648137,6.631718
aaaaagvx_s003_t001,montage,full19,canonicalized,1,2.357708,0.674212,1.638047
aaaaagyr_s002_t000,montage,full19,canonicalized,1,0.327556,0.454577,2.476656
aaaaahie_s005_t001,montage,full19,canonicalized,1,8.422357,0.969058,3.342462
aaaaahsv_s002_t000,montage,full19,canonicalized,0,-0.644346,0.350327,4.840308
aaaaahte_s002_t000,montage,full19,canonicalized,1,7.489285,0.953744,9.496447
aaaaahte_s003_t000,montage,full19,canonicalized,1,9.697431,0.982284,5.704443
aaaaahuy_s002_t000,montage,full19,canonicalized,1,0.396623,0.462258,2.074379
aaaaahzi_s001_t000,montage,full19,canonicalized,0,1.323592,0.565625,2.256042
aaaaahzm_s001_t001,montage,full19,canonicalized,0,1.632966,0.599317,1.996099
aaaaahzq_s001_t000,montage,full19,canonicalized,0,-4.605544,0.083770,4.517608
aaaaahzs_s001_t001,montage,full19,canonicalized,0,1.152116,0.546664,2.295641
aaaaaiae_s001_t000,montage,full19,canonicalized,0,2.169543,0.655431,3.481947
aaaaaibx_s001_t000,montage,full19,canonicalized,0,-2.618305,0.182139,5.000594
aaaaaiby_s001_t000,montage,full19,canonicalized,0,-0.637928,0.350982,7.243094
aaaaaici_s001_t000,montage,full19,canonicalized,0,-2.830939,0.168376,14.665339
aaaaaicn_s001_t000,montage,full19,canonicalized,0,1.398285,0.573827,4.297848
aaaaaijh_s002_t000,montage,full19,canonicalized,1,-4.418956,0.090413,6.587883
aaaaaijn_s001_t001,montage,full19,canonicalized,0,-0.336075,0.382371,3.067377
aaaaairb_s001_t001,montage,full19,canonicalized,0,3.406926,0.768051,3.521896
aaaaairo_s001_t000,montage,full19,canonicalized,0,-4.265995,0.096209,9.917638
aaaaaitt_s001_t000,montage,full19,canonicalized,0,-1.160600,0.299668,5.031238
aaaaaiue_s004_t000,montage,full19,canonicalized,1,1.953797,0.633288,2.440909
aaaaaiuo_s002_t000,montage,full19,canonicalized,0,1.290934,0.562026,5.571756
aaaaaiwz_s001_t001,montage,full19,canonicalized,0,-0.788990,0.335726,2.398023
aaaaaiyy_s001_t001,montage,full19,canonicalized,0,-1.794851,0.243605,7.325446
aaaaaizd_s001_t001,montage,full19,canonicalized,0,0.716805,0.498046,10.481077
aaaaaizs_s001_t000,montage,full19,canonicalized,0,0.374293,0.459773,2.762528
aaaaajae_s001_t001,montage,full19,canonicalized,0,3.367557,0.764894,1.360164
aaaaajah_s002_t001,montage,full19,canonicalized,1,-0.245127,0.392038,5.647690
aaaaajah_s004_t000,montage,full19,canonicalized,1,1.580817,0.593694,3.266650
aaaaajal_s001_t001,montage,full19,canonicalized,0,-2.771730,0.172123,0.592492
aaaaajam_s001_t000,montage,full19,canonicalized,1,1.607907,0.596618,0.992104
aaaaajar_s001_t001,montage,full19,canonicalized,0,-1.615194,0.258739,9.817386
aaaaajbb_s001_t000,montage,full19,canonicalized,0,2.384440,0.676837,5.803892
aaaaajbh_s002_t000,montage,full19,canonicalized,0,1.596701,0.595409,3.078843
aaaaajce_s001_t000,montage,full19,canonicalized,0,-0.969570,0.317931,3.750174
aaaaajci_s001_t000,montage,full19,canonicalized,0,1.755122,0.612384,2.301428
aaaaajck_s001_t000,montage,full19,canonicalized,0,-3.391644,0.136064,4.563148
aaaaajct_s001_t000,montage,full19,canonicalized,0,1.326665,0.565963,1.471760
aaaaajcu_s001_t000,montage,full19,canonicalized,0,-0.886652,0.326040,3.272210
aaaaajda_s001_t000,montage,full19,canonicalized,0,-2.506925,0.189691,3.486992
aaaaajdb_s001_t000,montage,full19,canonicalized,0,-2.674760,0.178402,9.910069
aaaaajdv_s001_t000,montage,full19,canonicalized,0,0.531838,0.477346,11.612101
aaaaajdy_s001_t000,montage,full19,canonicalized,0,-2.322340,0.202728,6.500485
aaaaajdz_s001_t000,montage,full19,canonicalized,0,-0.977186,0.317191,4.046065
aaaaajea_s001_t000,montage,full19,canonicalized,0,3.834979,0.800449,2.742921
aaaaajen_s001_t000,montage,full19,canonicalized,0,-0.687329,0.345958,2.999646
aaaaajey_s001_t000,montage,full19,canonicalized,0,-0.615418,0.353283,10.423932
aaaaajfb_s001_t000,montage,full19,canonicalized,0,-3.252866,0.143540,10.318708
aaaaajfe_s001_t000,montage,full19,canonicalized,0,-0.640931,0.350676,2.367006
aaaaajff_s001_t000,montage,full19,canonicalized,0,-3.125008,0.150726,0.715046
aaaaajfi_s001_t001,montage,full19,canonicalized,0,-1.349611,0.282204,1.858922
aaaaajfn_s001_t001,montage,full19,canonicalized,0,-1.967354,0.229648,7.901354
aaaaajfy_s001_t000,montage,full19,canonicalized,0,-4.020249,0.106217,10.210926
aaaaajga_s001_t001,montage,full19,canonicalized,0,1.042095,0.534424,8.738846
aaaaajhy_s001_t000,montage,full19,canonicalized,0,-4.033483,0.105655,7.314921
aaaaajit_s001_t001,montage,full19,canonicalized,0,-0.428493,0.372642,4.163789
aaaaajiu_s001_t000,montage,full19,canonicalized,0,0.018804,0.420551,8.866284
aaaaajiy_s001_t001,montage,full19,canonicalized,0,-1.296031,0.287092,6.977927
aaaaajiz_s001_t000,montage,full19,canonicalized,0,-0.629719,0.351820,10.209442
aaaaajjb_s001_t001,montage,full19,canonicalized,0,0.904583,0.519068,5.236742
aaaaajje_s001_t000,montage,full19,canonicalized,0,-2.965992,0.160074,13.755704
aaaaajjk_s001_t000,montage,full19,canonicalized,0,2.264640,0.664988,5.533590
aaaaajna_s001_t000,montage,full19,canonicalized,0,-4.666064,0.081713,6.324950
aaaaajnu_s001_t000,montage,full19,canonicalized,0,-3.119920,0.151018,5.988591
aaaaajon_s001_t000,montage,full19,canonicalized,0,-0.534415,0.361617,14.607711
aaaaajoo_s002_t001,montage,full19,canonicalized,1,0.748415,0.501587,8.589482
aaaaajpg_s001_t001,montage,full19,canonicalized,0,-3.061309,0.154415,4.429345
aaaaajqh_s004_t000,montage,full19,canonicalized,1,10.831127,0.989264,10.490657
aaaaajqk_s003_t001,montage,full19,canonicalized,1,7.147909,0.946509,4.609452
aaaaajrf_s001_t000,montage,full19,canonicalized,1,20.514970,0.999858,13.771175
aaaaajrf_s002_t000,montage,full19,canonicalized,1,21.548406,0.999911,5.535489
aaaaajrf_s003_t002,montage,full19,canonicalized,1,17.142748,0.999358,13.133788
aaaaajrf_s004_t000,montage,full19,canonicalized,1,2.945075,0.729174,2.705297
aaaaajso_s001_t000,montage,full19,canonicalized,1,8.421894,0.969052,5.771308
aaaaajtg_s001_t000,montage,full19,canonicalized,0,-0.608514,0.353990,19.104759
aaaaajtu_s001_t000,montage,full19,canonicalized,0,-2.249361,0.208064,7.727638
aaaaajuh_s001_t000,montage,full19,canonicalized,1,5.446912,0.891991,9.209607
aaaaajun_s001_t000,montage,full19,canonicalized,0,5.856901,0.908455,9.669546
aaaaajvh_s001_t001,montage,full19,canonicalized,0,-1.478463,0.270660,12.851650
aaaaajxp_s001_t000,montage,full19,canonicalized,0,2.228463,0.661368,3.813481
aaaaakck_s001_t001,montage,full19,canonicalized,1,2.725800,0.709344,4.250269
aaaaakcx_s001_t001,montage,full19,canonicalized,1,7.483310,0.953626,5.284796
aaaaakcy_s005_t001,montage,full19,canonicalized,1,14.157079,0.997560,9.192248
aaaaakdj_s001_t000,montage,full19,canonicalized,1,0.533208,0.477499,5.810711
aaaaakdo_s001_t000,montage,full19,canonicalized,1,0.446762,0.467846,8.328431
aaaaakeq_s001_t000,montage,full19,canonicalized,1,5.712423,0.902928,20.391148
aaaaakeq_s002_t000,montage,full19,canonicalized,1,6.693277,0.935209,11.281011
aaaaakeq_s003_t000,montage,full19,canonicalized,1,6.341355,0.924975,16.767918
aaaaakev_s001_t001,montage,full19,canonicalized,1,19.659818,0.999792,44.535682
aaaaakev_s002_t000,montage,full19,canonicalized,1,16.580000,0.999175,15.170171
aaaaakft_s001_t000,montage,full19,canonicalized,0,-1.961806,0.230088,9.728431
aaaaakgp_s001_t001,montage,full19,canonicalized,0,2.702607,0.707197,2.311369
aaaaakgu_s001_t000,montage,full19,canonicalized,1,-0.598081,0.355059,1.095352
aaaaakjk_s002_t002,montage,full19,canonicalized,1,3.524477,0.777300,7.246524
aaaaakjk_s003_t000,montage,full19,canonicalized,1,3.363101,0.764535,1.089623
aaaaakka_s001_t001,montage,full19,canonicalized,0,-0.206549,0.396165,10.468703
aaaaakmg_s003_t001,montage,full19,canonicalized,1,8.534802,0.970533,3.481621
aaaaakmh_s001_t000,montage,full19,canonicalized,1,0.241736,0.445062,5.171302
aaaaaknt_s001_t000,montage,full19,canonicalized,1,2.207687,0.659280,6.008289
aaaaakoo_s001_t001,montage,full19,canonicalized,1,19.131838,0.999737,11.727810
aaaaakqg_s001_t001,montage,full19,canonicalized,0,-0.134822,0.403877,10.397045
aaaaakqr_s001_t000,montage,full19,canonicalized,0,-0.353060,0.380575,7.430804
aaaaakrt_s001_t001,montage,full19,canonicalized,1,7.381646,0.951570,1.827545
aaaaakrt_s002_t001,montage,full19,canonicalized,1,5.744653,0.904186,3.627863
aaaaaksb_s001_t000,montage,full19,canonicalized,0,-2.766765,0.172441,8.713288
aaaaaksu_s001_t001,montage,full19,canonicalized,0,0.713212,0.497644,5.174269
aaaaakxz_s001_t001,montage,full19,canonicalized,1,3.872232,0.803102,1.624910
aaaaakxz_s002_t001,montage,full19,canonicalized,1,9.226237,0.978212,7.075196
aaaaalaf_s001_t000,montage,full19,canonicalized,0,-0.197631,0.397121,2.481178
aaaaalau_s001_t000,montage,full19,canonicalized,1,2.999851,0.733992,3.754263
aaaaalbh_s001_t000,montage,full19,canonicalized,1,3.440179,0.770694,5.315219
aaaaalbt_s001_t001,montage,full19,canonicalized,0,-1.310537,0.285764,6.955658
aaaaalbt_s002_t000,montage,full19,canonicalized,0,-0.703984,0.344271,4.455107
aaaaalbz_s006_t000,montage,full19,canonicalized,1,13.905689,0.997270,18.805310
aaaaalid_s001_t001,montage,full19,canonicalized,0,6.635639,0.933627,14.185534
aaaaaljf_s001_t000,montage,full19,canonicalized,1,2.654102,0.702677,10.685194
aaaaaljj_s001_t000,montage,full19,canonicalized,0,-1.509034,0.267965,4.963453
aaaaallc_s001_t001,montage,full19,canonicalized,0,2.678532,0.704959,8.924561
aaaaalle_s002_t000,montage,full19,canonicalized,1,3.518226,0.776815,5.162187
aaaaalox_s001_t001,montage,full19,canonicalized,0,3.038209,0.737334,9.008457
aaaaalpv_s001_t000,montage,full19,canonicalized,0,0.995904,0.529271,11.002436
aaaaalqa_s001_t000,montage,full19,canonicalized,0,-0.405395,0.375064,5.897599
aaaaalqr_s001_t001,montage,full19,canonicalized,1,3.904756,0.805395,5.800461
aaaaalqs_s001_t001,montage,full19,canonicalized,0,-0.005799,0.417867,4.204326
aaaaalqx_s001_t000,montage,full19,canonicalized,0,-2.867199,0.166114,8.009615
aaaaalrc_s002_t000,montage,full19,canonicalized,1,22.618965,0.999945,2.769320
aaaaalsq_s001_t000,montage,full19,canonicalized,0,-0.707694,0.343896,1.526571
aaaaalsx_s001_t000,montage,full19,canonicalized,1,-0.357215,0.380137,3.713354
aaaaalsx_s004_t001,montage,full19,canonicalized,1,3.938301,0.807740,1.400399
aaaaaluz_s001_t001,montage,full19,canonicalized,0,-2.483453,0.191312,2.810538
aaaaalvw_s001_t000,montage,full19,canonicalized,0,-4.073008,0.103994,3.536792
aaaaalvz_s001_t000,montage,full19,canonicalized,1,17.764677,0.999514,16.941523
aaaaalxk_s001_t000,montage,full19,canonicalized,0,0.051607,0.424136,2.090371
aaaaalyr_s001_t000,montage,full19,canonicalized,1,2.666429,0.703830,2.269750
aaaaalzk_s002_t001,montage,full19,canonicalized,1,11.658154,0.992563,11.206143
aaaaamcb_s001_t001,montage,full19,canonicalized,1,8.565190,0.970920,8.022186
aaaaamfe_s001_t001,montage,full19,canonicalized,0,4.938168,0.867992,3.509773
aaaaamft_s001_t001,montage,full19,canonicalized,1,4.672989,0.853776,9.662042
aaaaamfu_s001_t000,montage,full19,canonicalized,0,-0.643773,0.350386,3.689763
aaaaamhi_s001_t000,montage,full19,canonicalized,1,13.332243,0.996473,22.615031
aaaaamhk_s001_t000,montage,full19,canonicalized,1,3.990063,0.811315,5.637254
aaaaamjc_s001_t001,montage,full19,canonicalized,1,9.978611,0.984348,7.887620
aaaaammh_s001_t001,montage,full19,canonicalized,1,2.855662,0.721191,8.614485
aaaaamnq_s001_t000,montage,full19,canonicalized,1,9.227658,0.978225,20.027415
aaaaamnq_s002_t000,montage,full19,canonicalized,1,8.071270,0.963978,8.629158
aaaaamon_s001_t000,montage,full19,canonicalized,0,0.952471,0.524421,14.289837
aaaaampz_s001_t000,montage,full19,canonicalized,1,2.893401,0.724578,3.189890
aaaaamrj_s001_t000,montage,full19,canonicalized,0,-0.318583,0.384223,4.711849
aaaaamsc_s001_t000,montage,full19,canonicalized,1,4.882581,0.865113,1.205345
aaaaamtb_s001_t000,montage,full19,canonicalized,0,1.295231,0.562500,4.248883
aaaaamuc_s001_t000,montage,full19,canonicalized,0,0.869908,0.515189,2.209446
aaaaamxn_s001_t000,montage,full19,canonicalized,1,1.396920,0.573678,6.117829
aaaaamyb_s001_t001,montage,full19,canonicalized,0,-0.170939,0.399987,6.584206
aaaaamye_s001_t000,montage,full19,canonicalized,1,15.272586,0.998518,16.778440
aaaaamzi_s001_t001,montage,full19,canonicalized,1,7.900810,0.961230,9.314416
aaaaamzl_s001_t000,montage,full19,canonicalized,0,-0.553381,0.359658,5.405245
aaaaamzx_s001_t000,montage,full19,canonicalized,0,-5.533333,0.056903,5.413579
aaaaanbq_s001_t000,montage,full19,canonicalized,0,-0.364630,0.379354,4.020804
aaaaanek_s001_t000,montage,full19,canonicalized,0,-4.499028,0.087506,2.180840
aaaaangp_s001_t000,montage,full19,canonicalized,0,0.853977,0.513406,3.506725
aaaaanhb_s001_t003,montage,full19,canonicalized,1,5.425770,0.891075,13.164268
aaaaanhb_s003_t001,montage,full19,canonicalized,1,3.561047,0.780123,3.697322
aaaaanhb_s005_t000,montage,full19,canonicalized,1,6.173139,0.919575,4.059844
aaaaankf_s001_t000,montage,full19,canonicalized,1,5.847988,0.908122,2.012679
aaaaanlp_s001_t000,montage,full19,canonicalized,0,-1.349310,0.282232,2.438744
aaaaanmc_s001_t000,montage,full19,canonicalized,1,7.285056,0.949536,7.229926
aaaaanop_s001_t000,montage,full19,canonicalized,0,-0.586134,0.356286,16.192117
aaaaanoz_s001_t000,montage,full19,canonicalized,1,-1.496990,0.269024,5.650957
aaaaanpr_s001_t002,montage,full19,canonicalized,1,5.407794,0.890291,6.605126
aaaaanqe_s001_t000,montage,full19,canonicalized,0,-1.919488,0.233464,2.862462
aaaaanro_s001_t000,montage,full19,canonicalized,1,2.839075,0.719694,5.189558
aaaaansj_s001_t000,montage,full19,canonicalized,1,3.954428,0.808859,8.577586
aaaaanta_s001_t000,montage,full19,canonicalized,1,7.601535,0.955913,7.609046
aaaaanum_s001_t000,montage,full19,canonicalized,0,0.735740,0.500167,2.474124
aaaaanvb_s002_t000,montage,full19,canonicalized,0,-1.660222,0.254889,10.832060
aaaaanvg_s001_t002,montage,full19,canonicalized,0,5.552675,0.896471,4.093875
aaaaanvw_s001_t000,montage,full19,canonicalized,0,-4.134913,0.101438,7.257923
aaaaanwc_s001_t001,montage,full19,canonicalized,1,9.835313,0.983328,48.405863
aaaaanxl_s001_t000,montage,full19,canonicalized,1,7.435235,0.952664,4.262538
aaaaanyb_s001_t001,montage,full19,canonicalized,0,0.050773,0.424044,3.993414
aaaaanyt_s002_t000,montage,full19,canonicalized,1,2.827298,0.718629,36.242691
aaaaanyw_s001_t000,montage,full19,canonicalized,1,5.500300,0.894273,2.737350
aaaaanyw_s002_t000,montage,full19,canonicalized,1,3.968852,0.809856,9.235895
aaaaanzh_s001_t000,montage,full19,canonicalized,1,2.700188,0.706973,9.851526
aaaaanzu_s001_t003,montage,full19,canonicalized,1,4.153697,0.822282,12.725394
aaaaaoav_s001_t000,montage,full19,canonicalized,0,-1.967876,0.229607,6.947698
aaaaaoav_s002_t000,montage,full19,canonicalized,0,-3.423249,0.134409,4.818868
aaaaaobi_s001_t000,montage,full19,canonicalized,1,-2.567307,0.185568,10.844073
aaaaaobl_s001_t000,montage,full19,canonicalized,0,-1.383990,0.279095,1.868077
aaaaaoby_s001_t000,montage,full19,canonicalized,0,0.400355,0.462674,5.523662
aaaaaoda_s001_t000,montage,full19,canonicalized,1,9.125612,0.977230,5.550229
aaaaaoeg_s001_t000,montage,full19,canonicalized,0,-2.234970,0.209128,7.807271
aaaaaofj_s001_t000,montage,full19,canonicalized,0,-0.132354,0.404143,2.938008
aaaaaofr_s001_t000,montage,full19,canonicalized,0,2.946187,0.729272,2.997448
aaaaaofz_s001_t000,montage,full19,canonicalized,0,0.233812,0.444186,12.989346
aaaaaohb_s001_t000,montage,full19,canonicalized,1,6.711127,0.935692,2.428585
aaaaaohr_s002_t001,montage,full19,canonicalized,1,7.147548,0.946501,4.516088
aaaaaoiq_s001_t000,montage,full19,canonicalized,1,3.056725,0.738937,6.523420
aaaaaoiv_s001_t000,montage,full19,canonicalized,1,-2.679578,0.178086,1.175779
aaaaaoiv_s002_t001,montage,full19,canonicalized,1,12.630059,0.995176,7.772590
aaaaaoiv_s003_t003,montage,full19,canonicalized,1,9.358502,0.979439,1.203771
aaaaaojd_s001_t002,montage,full19,canonicalized,0,0.584864,0.483275,5.666768
aaaaaokg_s001_t000,montage,full19,canonicalized,0,4.550533,0.846793,14.606122
aaaaaoly_s001_t000,montage,full19,canonicalized,0,-1.545298,0.264790,8.541213
aaaaaome_s001_t000,montage,full19,canonicalized,0,-2.975545,0.159499,3.848016
aaaaaomx_s001_t000,montage,full19,canonicalized,0,-2.443573,0.194091,6.615391
aaaaaomy_s001_t000,montage,full19,canonicalized,1,6.681880,0.934899,21.820216
aaaaaonb_s001_t000,montage,full19,canonicalized,0,1.219001,0.554079,10.175941
aaaaaons_s002_t002,montage,full19,canonicalized,1,5.126382,0.877358,4.598037
aaaaaopd_s001_t000,montage,full19,canonicalized,0,-1.224043,0.293738,8.222712
aaaaaopo_s001_t000,montage,full19,canonicalized,0,1.910596,0.628782,13.289598
aaaaaora_s002_t000,montage,full19,canonicalized,1,3.793966,0.797498,5.244211
aaaaaord_s001_t000,montage,full19,canonicalized,1,1.557399,0.591161,2.620991
aaaaaosh_s001_t000,montage,full19,canonicalized,1,0.212571,0.441837,0.793028
aaaaaosw_s001_t000,montage,full19,canonicalized,0,0.278387,0.449121,8.815111
aaaaaote_s001_t000,montage,full19,canonicalized,0,1.513181,0.586364,4.464127
aaaaaout_s001_t000,montage,full19,canonicalized,1,3.170092,0.748615,4.062187
aaaaaovl_s001_t000,montage,full19,canonicalized,1,11.210764,0.990928,5.737111
aaaaaovo_s001_t000,montage,full19,canonicalized,1,8.249483,0.966650,7.693040
aaaaaowb_s001_t000,montage,full19,canonicalized,0,1.970834,0.635059,5.991671
aaaaaoxf_s001_t000,montage,full19,canonicalized,0,-3.184175,0.147364,4.310300
aaaaaozf_s001_t001,montage,full19,canonicalized,0,0.858175,0.513876,12.355434
aaaaapag_s001_t000,montage,full19,canonicalized,0,-2.069661,0.221641,23.064646
aaaaapar_s001_t000,montage,full19,canonicalized,1,22.234383,0.999934,8.034200
aaaaapcb_s001_t000,montage,full19,canonicalized,0,4.724863,0.856653,1.999351
aaaaapcy_s001_t002,montage,full19,canonicalized,0,-2.619368,0.182069,5.302472
aaaaapdg_s001_t000,montage,full19,canonicalized,0,-3.055649,0.154747,5.751585
aaaaaphs_s001_t000,montage,full19,canonicalized,1,7.249133,0.948759,4.037976
aaaaaphw_s001_t000,montage,full19,canonicalized,0,1.584185,0.594058,4.351695
aaaaapij_s001_t000,montage,full19,canonicalized,0,0.925259,0.521380,4.257375
aaaaapjc_s001_t001,montage,full19,canonicalized,0,-1.653541,0.255458,5.392464
aaaaapka_s001_t000,montage,full19,canonicalized,0,-1.035298,0.311580,1.353806
aaaaapkx_s001_t001,montage,full19,canonicalized,1,-1.252446,0.291105,17.427785
aaaaaply_s001_t001,montage,full19,canonicalized,1,7.542501,0.954785,16.690638
aaaaapmb_s002_t001,montage,full19,canonicalized,1,5.670852,0.901283,2.402243
aaaaapmp_s001_t000,montage,full19,canonicalized,1,1.436509,0.578009,7.159549
aaaaapnr_s001_t000,montage,full19,canonicalized,1,-3.437481,0.133669,7.717813
aaaaapoc_s001_t000,montage,full19,canonicalized,1,6.213612,0.920905,6.305291
aaaaapof_s001_t000,montage,full19,canonicalized,0,-3.450676,0.132986,8.263158
aaaaapoo_s001_t000,montage,full19,canonicalized,0,0.458092,0.469110,10.332569
aaaaapoq_s001_t000,montage,full19,canonicalized,0,2.877797,0.723181,1.891007
aaaaappb_s001_t000,montage,full19,canonicalized,0,-1.099876,0.305408,5.571034
aaaaapqd_s001_t000,montage,full19,canonicalized,1,4.915547,0.866827,4.741676
aaaaapqv_s001_t000,montage,full19,canonicalized,0,0.714970,0.497841,14.622424
aaaaapta_s001_t000,montage,full19,canonicalized,1,0.344693,0.456481,19.929139
aaaaapth_s001_t000,montage,full19,canonicalized,1,3.417056,0.768859,3.482275
aaaaapua_s001_t001,montage,full19,canonicalized,0,-7.426538,0.025186,7.684413
aaaaapuu_s001_t000,montage,full19,canonicalized,0,0.739423,0.500579,5.927943
aaaaapvw_s001_t001,montage,full19,canonicalized,1,6.431457,0.927728,5.183188
aaaaapvy_s001_t000,montage,full19,canonicalized,1,2.715342,0.708377,8.005881
aaaaapwn_s001_t001,montage,full19,canonicalized,0,0.913355,0.520049,7.804805
aaaaapwo_s001_t001,montage,full19,canonicalized,1,10.376740,0.986872,3.361413
aaaaapxm_s001_t001,montage,full19,canonicalized,0,-1.249463,0.291381,9.896285
aaaaapys_s001_t001,montage,full19,canonicalized,1,13.636601,0.996921,3.659078
aaaaapys_s002_t001,montage,full19,canonicalized,1,8.313813,0.967566,3.907705
aaaaaayx_s002_t000,montage,full19,naive,0,0.797363,0.507068,6.033919
aaaaabdo_s003_t000,montage,full19,naive,1,10.243760,0.986077,5.504928
aaaaabsk_s007_t000,montage,full19,naive,1,1.747691,0.611593,10.203362
aaaaabuv_s002_t000,montage,full19,naive,1,3.151274,0.747025,3.189991
aaaaacad_s003_t000,montage,full19,naive,0,1.559729,0.591413,2.900265
aaaaacby_s004_t000,montage,full19,naive,0,1.079388,0.538578,1.285323
aaaaaddm_s006_t000,montage,full19,naive,1,5.313769,0.886108,7.955435
aaaaadeu_s002_t000,montage,full19,naive,1,4.882767,0.865123,5.700261
aaaaadjk_s002_t000,montage,full19,naive,0,-0.091694,0.408537,2.816257
aaaaadkb_s002_t000,montage,full19,naive,1,8.988334,0.975820,3.786852
aaaaadsm_s002_t001,montage,full19,naive,0,-3.165178,0.148437,3.714667
aaaaaeab_s003_t000,montage,full19,naive,0,0.876839,0.515964,3.683766
aaaaaejc_s003_t001,montage,full19,naive,0,0.618804,0.487073,7.160816
aaaaaezn_s003_t001,montage,full19,naive,1,0.203856,0.440875,12.863887
aaaaafhl_s003_t000,montage,full19,naive,1,3.231133,0.753726,5.191281
aaaaagfk_s003_t000,montage,full19,naive,0,-0.887473,0.325959,1.886640
aaaaagsc_s003_t001,montage,full19,naive,1,6.129944,0.918132,13.377104
aaaaagsc_s006_t001,montage,full19,naive,1,0.567169,0.481296,1.787220
aaaaaguk_s002_t001,montage,full19,naive,0,-4.080843,0.103667,14.594594
aaaaagvx_s002_t000,montage,full19,naive,1,2.097799,0.648137,6.631718
aaaaagvx_s003_t001,montage,full19,naive,1,2.357708,0.674212,1.638047
aaaaagyr_s002_t000,montage,full19,naive,1,0.327556,0.454577,2.476656
aaaaahie_s005_t001,montage,full19,naive,1,8.422357,0.969058,3.342462
aaaaahsv_s002_t000,montage,full19,naive,0,-0.644346,0.350327,4.840308
aaaaahte_s002_t000,montage,full19,naive,1,7.489285,0.953744,9.496447
aaaaahte_s003_t000,montage,full19,naive,1,9.697431,0.982284,5.704443
aaaaahuy_s002_t000,montage,full19,naive,1,0.396623,0.462258,2.074379
aaaaahzi_s001_t000,montage,full19,naive,0,1.323592,0.565625,2.256042
aaaaahzm_s001_t001,montage,full19,naive,0,1.632966,0.599317,1.996099
aaaaahzq_s001_t000,montage,full19,naive,0,-4.605544,0.083770,4.517608
aaaaahzs_s001_t001,montage,full19,naive,0,1.152116,0.546664,2.295641
aaaaaiae_s001_t000,montage,full19,naive,0,2.169543,0.655431,3.481947
aaaaaibx_s001_t000,montage,full19,naive,0,-2.618305,0.182139,5.000594
aaaaaiby_s001_t000,montage,full19,naive,0,-0.637928,0.350982,7.243094
aaaaaici_s001_t000,montage,full19,naive,0,-2.830939,0.168376,14.665339
aaaaaicn_s001_t000,montage,full19,naive,0,1.398285,0.573827,4.297848
aaaaaijh_s002_t000,montage,full19,naive,1,-4.418956,0.090413,6.587883
aaaaaijn_s001_t001,montage,full19,naive,0,-0.336075,0.382371,3.067377
aaaaairb_s001_t001,montage,full19,naive,0,3.406926,0.768051,3.521896
aaaaairo_s001_t000,montage,full19,naive,0,-4.265995,0.096209,9.917638
aaaaaitt_s001_t000,montage,full19,naive,0,-1.160600,0.299668,5.031238
aaaaaiue_s004_t000,montage,full19,naive,1,1.953797,0.633288,2.440909
aaaaaiuo_s002_t000,montage,full19,naive,0,1.290934,0.562026,5.571756
aaaaaiwz_s001_t001,montage,full19,naive,0,-0.788990,0.335726,2.398023
aaaaaiyy_s001_t001,montage,full19,naive,0,-1.794851,0.243605,7.325446
aaaaaizd_s001_t001,montage,full19,naive,0,0.716805,0.498046,10.481077
aaaaaizs_s001_t000,montage,full19,naive,0,0.374293,0.459773,2.762528
aaaaajae_s001_t001,montage,full19,naive,0,3.367557,0.764894,1.360164
aaaaajah_s002_t001,montage,full19,naive,1,-0.245127,0.392038,5.647690
aaaaajah_s004_t000,montage,full19,naive,1,1.580817,0.593694,3.266650
aaaaajal_s001_t001,montage,full19,naive,0,-2.771730,0.172123,0.592492
aaaaajam_s001_t000,montage,full19,naive,1,1.607907,0.596618,0.992104
aaaaajar_s001_t001,montage,full19,naive,0,-1.615194,0.258739,9.817386
aaaaajbb_s001_t000,montage,full19,naive,0,2.384440,0.676837,5.803892
aaaaajbh_s002_t000,montage,full19,naive,0,1.596701,0.595409,3.078843
aaaaajce_s001_t000,montage,full19,naive,0,-0.969570,0.317931,3.750174
aaaaajci_s001_t000,montage,full19,naive,0,1.755122,0.612384,2.301428
aaaaajck_s001_t000,montage,full19,naive,0,-3.391644,0.136064,4.563148
aaaaajct_s001_t000,montage,full19,naive,0,1.326665,0.565963,1.471760
aaaaajcu_s001_t000,montage,full19,naive,0,-0.886652,0.326040,3.272210
aaaaajda_s001_t000,montage,full19,naive,0,-2.506925,0.189691,3.486992
aaaaajdb_s001_t000,montage,full19,naive,0,-2.674760,0.178402,9.910069
aaaaajdv_s001_t000,montage,full19,naive,0,0.531838,0.477346,11.612101
aaaaajdy_s001_t000,montage,full19,naive,0,-2.322340,0.202728,6.500485
aaaaajdz_s001_t000,montage,full19,naive,0,-0.977186,0.317191,4.046065
aaaaajea_s001_t000,montage,full19,naive,0,3.834979,0.800449,2.742921
aaaaajen_s001_t000,montage,full19,naive,0,-0.687329,0.345958,2.999646
aaaaajey_s001_t000,montage,full19,naive,0,-0.615418,0.353283,10.423932
aaaaajfb_s001_t000,montage,full19,naive,0,-3.252866,0.143540,10.318708
aaaaajfe_s001_t000,montage,full19,naive,0,-0.640931,0.350676,2.367006
aaaaajff_s001_t000,montage,full19,naive,0,-3.125008,0.150726,0.715046
aaaaajfi_s001_t001,montage,full19,naive,0,-1.349611,0.282204,1.858922
aaaaajfn_s001_t001,montage,full19,naive,0,-1.967354,0.229648,7.901354
aaaaajfy_s001_t000,montage,full19,naive,0,-4.020249,0.106217,10.210926
aaaaajga_s001_t001,montage,full19,naive,0,1.042095,0.534424,8.738846
aaaaajhy_s001_t000,montage,full19,naive,0,-4.033483,0.105655,7.314921
aaaaajit_s001_t001,montage,full19,naive,0,-0.428493,0.372642,4.163789
aaaaajiu_s001_t000,montage,full19,naive,0,0.018804,0.420551,8.866284
aaaaajiy_s001_t001,montage,full19,naive,0,-1.296031,0.287092,6.977927
aaaaajiz_s001_t000,montage,full19,naive,0,-0.629719,0.351820,10.209442
aaaaajjb_s001_t001,montage,full19,naive,0,0.904583,0.519068,5.236742
aaaaajje_s001_t000,montage,full19,naive,0,-2.965992,0.160074,13.755704
aaaaajjk_s001_t000,montage,full19,naive,0,2.264640,0.664988,5.533590
aaaaajna_s001_t000,montage,full19,naive,0,-4.666064,0.081713,6.324950
aaaaajnu_s001_t000,montage,full19,naive,0,-3.119920,0.151018,5.988591
aaaaajon_s001_t000,montage,full19,naive,0,-0.534415,0.361617,14.607711
aaaaajoo_s002_t001,montage,full19,naive,1,0.748415,0.501587,8.589482
aaaaajpg_s001_t001,montage,full19,naive,0,-3.061309,0.154415,4.429345
aaaaajqh_s004_t000,montage,full19,naive,1,10.831127,0.989264,10.490657
aaaaajqk_s003_t001,montage,full19,naive,1,7.147909,0.946509,4.609452
aaaaajrf_s001_t000,montage,full19,naive,1,20.514970,0.999858,13.771175
aaaaajrf_s002_t000,montage,full19,naive,1,21.548406,0.999911,5.535489
aaaaajrf_s003_t002,montage,full19,naive,1,17.142748,0.999358,13.133788
aaaaajrf_s004_t000,montage,full19,naive,1,2.945075,0.729174,2.705297
aaaaajso_s001_t000,montage,full19,naive,1,8.421894,0.969052,5.771308
aaaaajtg_s001_t000,montage,full19,naive,0,-0.608514,0.353990,19.104759
aaaaajtu_s001_t000,montage,full19,naive,0,-2.249361,0.208064,7.727638
aaaaajuh_s001_t000,montage,full19,naive,1,5.446912,0.891991,9.209607
aaaaajun_s001_t000,montage,full19,naive,0,5.856901,0.908455,9.669546
aaaaajvh_s001_t001,montage,full19,naive,0,-1.478463,0.270660,12.851650
aaaaajxp_s001_t000,montage,full19,naive,0,2.228463,0.661368,3.813481
aaaaakck_s001_t001,montage,full19,naive,1,2.725800,0.709344,4.250269
aaaaakcx_s001_t001,montage,full19,naive,1,7.483310,0.953626,5.284796
aaaaakcy_s005_t001,montage,full19,naive,1,14.157079,0.997560,9.192248
aaaaakdj_s001_t000,montage,full19,naive,1,0.533208,0.477499,5.810711
aaaaakdo_s001_t000,montage,full19,naive,1,0.446762,0.467846,8.328431
aaaaakeq_s001_t000,montage,full19,naive,1,5.712423,0.902928,20.391148
aaaaakeq_s002_t000,montage,full19,naive,1,6.693277,0.935209,11.281011
aaaaakeq_s003_t000,montage,full19,naive,1,6.341355,0.924975,16.767918
aaaaakev_s001_t001,montage,full19,naive,1,19.659818,0.999792,44.535682
aaaaakev_s002_t000,montage,full19,naive,1,16.580000,0.999175,15.170171
aaaaakft_s001_t000,montage,full19,naive,0,-1.961806,0.230088,9.728431
aaaaakgp_s001_t001,montage,full19,naive,0,2.702607,0.707197,2.311369
aaaaakgu_s001_t000,montage,full19,naive,1,-0.598081,0.355059,1.095352
aaaaakjk_s002_t002,montage,full19,naive,1,3.524477,0.777300,7.246524
aaaaakjk_s003_t000,montage,full19,naive,1,3.363101,0.764535,1.089623
aaaaakka_s001_t001,montage,full19,naive,0,-0.206549,0.396165,10.468703
aaaaakmg_s003_t001,montage,full19,naive,1,8.534802,0.970533,3.481621
aaaaakmh_s001_t000,montage,full19,naive,1,0.241736,0.445062,5.171302
aaaaaknt_s001_t000,montage,full19,naive,1,2.207687,0.659280,6.008289
aaaaakoo_s001_t001,montage,full19,naive,1,19.131838,0.999737,11.727810
aaaaakqg_s001_t001,montage,full19,naive,0,-0.134822,0.403877,10.397045
aaaaakqr_s001_t000,montage,full19,naive,0,-0.353060,0.380575,7.430804
aaaaakrt_s001_t001,montage,full19,naive,1,7.381646,0.951570,1.827545
aaaaakrt_s002_t001,montage,full19,naive,1,5.744653,0.904186,3.627863
aaaaaksb_s001_t000,montage,full19,naive,0,-2.766765,0.172441,8.713288
aaaaaksu_s001_t001,montage,full19,naive,0,0.713212,0.497644,5.174269
aaaaakxz_s001_t001,montage,full19,naive,1,3.872232,0.803102,1.624910
aaaaakxz_s002_t001,montage,full19,naive,1,9.226237,0.978212,7.075196
aaaaalaf_s001_t000,montage,full19,naive,0,-0.197631,0.397121,2.481178
aaaaalau_s001_t000,montage,full19,naive,1,2.999851,0.733992,3.754263
aaaaalbh_s001_t000,montage,full19,naive,1,3.440179,0.770694,5.315219
aaaaalbt_s001_t001,montage,full19,naive,0,-1.310537,0.285764,6.955658
aaaaalbt_s002_t000,montage,full19,naive,0,-0.703984,0.344271,4.455107
aaaaalbz_s006_t000,montage,full19,naive,1,13.905689,0.997270,18.805310
aaaaalid_s001_t001,montage,full19,naive,0,6.635639,0.933627,14.185534
aaaaaljf_s001_t000,montage,full19,naive,1,2.654102,0.702677,10.685194
aaaaaljj_s001_t000,montage,full19,naive,0,-1.509034,0.267965,4.963453
aaaaallc_s001_t001,montage,full19,naive,0,2.678532,0.704959,8.924561
aaaaalle_s002_t000,montage,full19,naive,1,3.518226,0.776815,5.162187
aaaaalox_s001_t001,montage,full19,naive,0,3.038209,0.737334,9.008457
aaaaalpv_s001_t000,montage,full19,naive,0,0.995904,0.529271,11.002436
aaaaalqa_s001_t000,montage,full19,naive,0,-0.405395,0.375064,5.897599
aaaaalqr_s001_t001,montage,full19,naive,1,3.904756,0.805395,5.800461
aaaaalqs_s001_t001,montage,full19,naive,0,-0.005799,0.417867,4.204326
aaaaalqx_s001_t000,montage,full19,naive,0,-2.867199,0.166114,8.009615
aaaaalrc_s002_t000,montage,full19,naive,1,22.618965,0.999945,2.769320
aaaaalsq_s001_t000,montage,full19,naive,0,-0.707694,0.343896,1.526571
aaaaalsx_s001_t000,montage,full19,naive,1,-0.357215,0.380137,3.713354
aaaaalsx_s004_t001,montage,full19,naive,1,3.938301,0.807740,1.400399
aaaaaluz_s001_t001,montage,full19,naive,0,-2.483453,0.191312,2.810538
aaaaalvw_s001_t000,montage,full19,naive,0,-4.073008,0.103994,3.536792
aaaaalvz_s001_t000,montage,full19,naive,1,17.764677,0.999514,16.941523
aaaaalxk_s001_t000,montage,full19,naive,0,0.051607,0.424136,2.090371
aaaaalyr_s001_t000,montage,full19,naive,1,2.666429,0.703830,2.269750
aaaaalzk_s002_t001,montage,full19,naive,1,11.658154,0.992563,11.206143
aaaaamcb_s001_t001,montage,full19,naive,1,8.565190,0.970920,8.022186
aaaaamfe_s001_t001,montage,full19,naive,0,4.938168,0.867992,3.509773
aaaaamft_s001_t001,montage,full19,naive,1,4.672989,0.853776,9.662042
aaaaamfu_s001_t000,montage,full19,naive,0,-0.643773,0.350386,3.689763
aaaaamhi_s001_t000,montage,full19,naive,1,13.332243,0.996473,22.615031
aaaaamhk_s001_t000,montage,full19,naive,1,3.990063,0.811315,5.637254
aaaaamjc_s001_t001,montage,full19,naive,1,9.978611,0.984348,7.887620
aaaaammh_s001_t001,montage,full19,naive,1,2.855662,0.721191,8.614485
aaaaamnq_s001_t000,montage,full19,naive,1,9.227658,0.978225,20.027415
aaaaamnq_s002_t000,montage,full19,naive,1,8.071270,0.963978,8.629158
aaaaamon_s001_t000,montage,full19,naive,0,0.952471,0.524421,14.289837
aaaaampz_s001_t000,montage,full19,naive,1,2.893401,0.724578,3.189890
aaaaamrj_s001_t000,montage,full19,naive,0,-0.318583,0.384223,4.711849
aaaaamsc_s001_t000,montage,full19,naive,1,4.882581,0.865113,1.205345
aaaaamtb_s001_t000,montage,full19,naive,0,1.295231,0.562500,4.248883
aaaaamuc_s001_t000,montage,full19,naive,0,0.869908,0.515189,2.209446
aaaaamxn_s001_t000,montage,full19,naive,1,1.396920,0.573678,6.117829
aaaaamyb_s001_t001,montage,full19,naive,0,-0.170939,0.399987,6.584206
aaaaamye_s001_t000,montage,full19,naive,1,15.272586,0.998518,16.778440
aaaaamzi_s001_t001,montage,full19,naive,1,7.900810,0.961230,9.314416
aaaaamzl_s001_t000,montage,full19,naive,0,-0.553381,0.359658,5.405245
aaaaamzx_s001_t000,montage,full19,naive,0,-5.533333,0.056903,5.413579
aaaaanbq_s001_t000,montage,full19,naive,0,-0.364630,0.379354,4.020804
aaaaanek_s001_t000,montage,full19,naive,0,-4.499028,0.087506,2.180840
aaaaangp_s001_t000,montage,full19,naive,0,0.853977,0.513406,3.506725
aaaaanhb_s001_t003,montage,full19,naive,1,5.425770,0.891075,13.164268
aaaaanhb_s003_t001,montage,full19,naive,1,3.561047,0.780123,3.697322
aaaaanhb_s005_t000,montage,full19,naive,1,6.173139,0.919575,4.059844
aaaaankf_s001_t000,montage,full19,naive,1,5.847988,0.908122,2.012679
aaaaanlp_s001_t000,montage,full19,naive,0,-1.349310,0.282232,2.438744
aaaaanmc_s001_t000,montage,full19,naive,1,7.285056,0.949536,7.229926
aaaaanop_s001_t000,montage,full19,naive,0,-0.586134,0.356286,16.192117
aaaaanoz_s001_t000,montage,full19,naive,1,-1.496990,0.269024,5.650957
aaaaanpr_s001_t002,montage,full19,naive,1,5.407794,0.890291,6.605126
aaaaanqe_s001_t000,montage,full19,naive,0,-1.919488,0.233464,2.862462
aaaaanro_s001_t000,montage,full19,naive,1,2.839075,0.719694,5.189558
aaaaansj_s001_t000,montage,full19,naive,1,3.954428,0.808859,8.577586
aaaaanta_s001_t000,montage,full19,naive,1,7.601535,0.955913,7.609046
aaaaanum_s001_t000,montage,full19,naive,0,0.735740,0.500167,2.474124
aaaaanvb_s002_t000,montage,full19,naive,0,-1.660222,0.254889,10.832060
aaaaanvg_s001_t002,montage,full19,naive,0,5.552675,0.896471,4.093875
aaaaanvw_s001_t000,montage,full19,naive,0,-4.134913,0.101438,7.257923
aaaaanwc_s001_t001,montage,full19,naive,1,9.835313,0.983328,48.405863
aaaaanxl_s001_t000,montage,full19,naive,1,7.435235,0.952664,4.262538
aaaaanyb_s001_t001,montage,full19,naive,0,0.050773,0.424044,3.993414
aaaaanyt_s002_t000,montage,full19,naive,1,2.827298,0.718629,36.242691
aaaaanyw_s001_t000,montage,full19,naive,1,5.500300,0.894273,2.737350
aaaaanyw_s002_t000,montage,full19,naive,1,3.968852,0.809856,9.235895
aaaaanzh_s001_t000,montage,full19,naive,1,2.700188,0.706973,9.851526
aaaaanzu_s001_t003,montage,full19,naive,1,4.153697,0.822282,12.725394
aaaaaoav_s001_t000,montage,full19,naive,0,-1.967876,0.229607,6.947698
aaaaaoav_s002_t000,montage,full19,naive,0,-3.423249,0.134409,4.818868
aaaaaobi_s001_t000,montage,full19,naive,1,-2.567307,0.185568,10.844073
aaaaaobl_s001_t000,montage,full19,naive,0,-1.383990,0.279095,1.868077
aaaaaoby_s001_t000,montage,full19,naive,0,0.400355,0.462674,5.523662
aaaaaoda_s001_t000,montage,full19,naive,1,9.125612,0.977230,5.550229
aaaaaoeg_s001_t000,montage,full19,naive,0,-2.234970,0.209128,7.807271
aaaaaofj_s001_t000,montage,full19,naive,0,-0.132354,0.404143,2.938008
aaaaaofr_s001_t000,montage,full19,naive,0,2.946187,0.729272,2.997448
aaaaaofz_s001_t000,montage,full19,naive,0,0.233812,0.444186,12.989346
aaaaaohb_s001_t000,montage,full19,naive,1,6.711127,0.935692,2.428585
aaaaaohr_s002_t001,montage,full19,naive,1,7.147548,0.946501,4.516088
aaaaaoiq_s001_t000,montage,full19,naive,1,3.056725,0.738937,6.523420
aaaaaoiv_s001_t000,montage,full19,naive,1,-2.679578,0.178086,1.175779
aaaaaoiv_s002_t001,montage,full19,naive,1,12.630059,0.995176,7.772590
aaaaaoiv_s003_t003,montage,full19,naive,1,9.358502,0.979439,1.203771
aaaaaojd_s001_t002,montage,full19,naive,0,0.584864,0.483275,5.666768
aaaaaokg_s001_t000,montage,full19,naive,0,4.550533,0.846793,14.606122
aaaaaoly_s001_t000,montage,full19,naive,0,-1.545298,0.264790,8.541213
aaaaaome_s001_t000,montage,full19,naive,0,-2.975545,0.159499,3.848016
aaaaaomx_s001_t000,montage,full19,naive,0,-2.443573,0.194091,6.615391
aaaaaomy_s001_t000,montage,full19,naive,1,6.681880,0.934899,21.820216
aaaaaonb_s001_t000,montage,full19,naive,0,1.219001,0.554079,10.175941
aaaaaons_s002_t002,montage,full19,naive,1,5.126382,0.877358,4.598037
aaaaaopd_s001_t000,montage,full19,naive,0,-1.224043,0.293738,8.222712
aaaaaopo_s001_t000,montage,full19,naive,0,1.910596,0.628782,13.289598
aaaaaora_s002_t000,montage,full19,naive,1,3.793966,0.797498,5.244211
aaaaaord_s001_t000,montage,full19,naive,1,1.557399,0.591161,2.620991
aaaaaosh_s001_t000,montage,full19,naive,1,0.212571,0.441837,0.793028
aaaaaosw_s001_t000,montage,full19,naive,0,0.278387,0.449121,8.815111
aaaaaote_s001_t000,montage,full19,naive,0,1.513181,0.586364,4.464127
aaaaaout_s001_t000,montage,full19,naive,1,3.170092,0.748615,4.062187
aaaaaovl_s001_t000,montage,full19,naive,1,11.210764,0.990928,5.737111
aaaaaovo_s001_t000,montage,full19,naive,1,8.249483,0.966650,7.693040
aaaaaowb_s001_t000,montage,full19,naive,0,1.970834,0.635059,5.991671
aaaaaoxf_s001_t000,montage,full19,naive,0,-3.184175,0.147364,4.310300
aaaaaozf_s001_t001,montage,full19,naive,0,0.858175,0.513876,12.355434
aaaaapag_s001_t000,montage,full19,naive,0,-2.069661,0.221641,23.064646
aaaaapar_s001_t000,montage,full19,naive,1,22.234383,0.999934,8.034200
aaaaapcb_s001_t000,montage,full19,naive,0,4.724863,0.856653,1.999351
aaaaapcy_s001_t002,montage,full19,naive,0,-2.619368,0.182069,5.302472
aaaaapdg_s001_t000,montage,full19,naive,0,-3.055649,0.154747,5.751585
aaaaaphs_s001_t000,montage,full19,naive,1,7.249133,0.948759,4.037976
aaaaaphw_s001_t000,montage,full19,naive,0,1.584185,0.594058,4.351695
aaaaapij_s001_t000,montage,full19,naive,0,0.925259,0.521380,4.257375
aaaaapjc_s001_t001,montage,full19,naive,0,-1.653541,0.255458,5.392464
aaaaapka_s001_t000,montage,full19,naive,0,-1.035298,0.311580,1.353806
aaaaapkx_s001_t001,montage,full19,naive,1,-1.252446,0.291105,17.427785
aaaaaply_s001_t001,montage,full19,naive,1,7.542501,0.954785,16.690638
aaaaapmb_s002_t001,montage,full19,naive,1,5.670852,0.901283,2.402243
aaaaapmp_s001_t000,montage,full19,naive,1,1.436509,0.578009,7.159549
aaaaapnr_s001_t000,montage,full19,naive,1,-3.437481,0.133669,7.717813
aaaaapoc_s001_t000,montage,full19,naive,1,6.213612,0.920905,6.305291
aaaaapof_s001_t000,montage,full19,naive,0,-3.450676,0.132986,8.263158
aaaaapoo_s001_t000,montage,full19,naive,0,0.458092,0.469110,10.332569
aaaaapoq_s001_t000,montage,full19,naive,0,2.877797,0.723181,1.891007
aaaaappb_s001_t000,montage,full19,naive,0,-1.099876,0.305408,5.571034
aaaaapqd_s001_t000,montage,full19,naive,1,4.915547,0.866827,4.741676
aaaaapqv_s001_t000,montage,full19,naive,0,0.714970,0.497841,14.622424
aaaaapta_s001_t000,montage,full19,naive,1,0.344693,0.456481,19.929139
aaaaapth_s001_t000,montage,full19,naive,1,3.417056,0.768859,3.482275
aaaaapua_s001_t001,montage,full19,naive,0,-7.426538,0.025186,7.684413
aaaaapuu_s001_t000,montage,full19,naive,0,0.739423,0.500579,5.927943
aaaaapvw_s001_t001,montage,full19,naive,1,6.431457,0.927728,5.183188
aaaaapvy_s001_t000,montage,full19,naive,1,2.715342,0.708377,8.005881
aaaaapwn_s001_t001,montage,full19,naive,0,0.913355,0.520049,7.804805
aaaaapwo_s001_t001,montage,full19,naive,1,10.376740,0.986872,3.361413
aaaaapxm_s001_t001,montage,full19,naive,0,-1.249463,0.291381,9.896285
aaaaapys_s001_t001,montage,full19,naive,1,13.636601,0.996921,3.659078
aaaaapys_s002_t001,montage,full19,naive,1,8.313813,0.967566,3.907705
aaaaaayx_s002_t000,montage,legacy16,canonicalized,0,13.982043,0.997362,4.519817
aaaaabdo_s003_t000,montage,legacy16,canonicalized,1,16.352961,0.999086,13.332636
aaaaabsk_s007_t000,montage,legacy16,canonicalized,1,11.373951,0.991562,3.297771
aaaaabuv_s002_t000,montage,legacy16,canonicalized,1,8.418452,0.969006,11.721007
aaaaacad_s003_t000,montage,legacy16,canonicalized,0,8.669285,0.972208,5.274142
aaaaacby_s004_t000,montage,legacy16,canonicalized,0,12.918391,0.995758,0.730635
aaaaaddm_s006_t000,montage,legacy16,canonicalized,1,16.578291,0.999174,13.467113
aaaaadeu_s002_t000,montage,legacy16,canonicalized,1,14.362138,0.997774,12.416951
aaaaadjk_s002_t000,montage,legacy16,canonicalized,0,10.206014,0.985843,1.499903
aaaaadkb_s002_t000,montage,legacy16,canonicalized,1,17.545448,0.999464,6.522542
aaaaadsm_s002_t001,montage,legacy16,canonicalized,0,9.124461,0.977218,2.040672
aaaaaeab_s003_t000,montage,legacy16,canonicalized,0,10.806545,0.989146,6.885440
aaaaaejc_s003_t001,montage,legacy16,canonicalized,0,11.982641,0.993563,10.673450
aaaaaezn_s003_t001,montage,legacy16,canonicalized,1,11.094349,0.990446,18.273298
aaaaafhl_s003_t000,montage,legacy16,canonicalized,1,13.924826,0.997293,3.031695
aaaaagfk_s003_t000,montage,legacy16,canonicalized,0,8.879151,0.974639,6.297658
aaaaagsc_s003_t001,montage,legacy16,canonicalized,1,16.665005,0.999205,9.368646
aaaaagsc_s006_t001,montage,legacy16,canonicalized,1,11.061656,0.990307,5.718530
aaaaaguk_s002_t001,montage,legacy16,canonicalized,0,3.668460,0.788266,20.000265
aaaaagvx_s002_t000,montage,legacy16,canonicalized,1,9.688405,0.982214,4.202274
aaaaagvx_s003_t001,montage,legacy16,canonicalized,1,9.562864,0.981204,10.331088
aaaaagyr_s002_t000,montage,legacy16,canonicalized,1,13.967083,0.997344,4.283634
aaaaahie_s005_t001,montage,legacy16,canonicalized,1,19.567969,0.999783,8.100697
aaaaahsv_s002_t000,montage,legacy16,canonicalized,0,8.103894,0.964482,17.302211
aaaaahte_s002_t000,montage,legacy16,canonicalized,1,15.108815,0.998406,9.292641
aaaaahte_s003_t000,montage,legacy16,canonicalized,1,14.158979,0.997562,17.171666
aaaaahuy_s002_t000,montage,legacy16,canonicalized,1,7.043968,0.944102,3.076120
aaaaahzi_s001_t000,montage,legacy16,canonicalized,0,9.976182,0.984332,5.953795
aaaaahzm_s001_t001,montage,legacy16,canonicalized,0,14.991814,0.998320,1.468278
aaaaahzq_s001_t000,montage,legacy16,canonicalized,0,3.829178,0.800034,7.210057
aaaaahzs_s001_t001,montage,legacy16,canonicalized,0,14.700638,0.998086,8.396342
aaaaaiae_s001_t000,montage,legacy16,canonicalized,0,13.776810,0.997108,1.685654
aaaaaibx_s001_t000,montage,legacy16,canonicalized,0,8.977665,0.975707,1.495121
aaaaaiby_s001_t000,montage,legacy16,canonicalized,0,14.458965,0.997868,6.202120
aaaaaici_s001_t000,montage,legacy16,canonicalized,0,9.460368,0.980339,28.667045
aaaaaicn_s001_t000,montage,legacy16,canonicalized,0,14.593398,0.997992,5.810475
aaaaaijh_s002_t000,montage,legacy16,canonicalized,1,9.118102,0.977155,9.734203
aaaaaijn_s001_t001,montage,legacy16,canonicalized,0,9.845348,0.983401,1.309138
aaaaairb_s001_t001,montage,legacy16,canonicalized,0,14.195459,0.997602,5.467295
aaaaairo_s001_t000,montage,legacy16,canonicalized,0,10.845844,0.989333,7.808975
aaaaaitt_s001_t000,montage,legacy16,canonicalized,0,13.458331,0.996666,12.219318
aaaaaiue_s004_t000,montage,legacy16,canonicalized,1,14.228997,0.997637,3.223480
aaaaaiuo_s002_t000,montage,legacy16,canonicalized,0,13.018853,0.995944,5.470780
aaaaaiwz_s001_t001,montage,legacy16,canonicalized,0,8.299784,0.967369,8.860709
aaaaaiyy_s001_t001,montage,legacy16,canonicalized,0,9.437471,0.980140,0.797984
aaaaaizd_s001_t001,montage,legacy16,canonicalized,0,11.394362,0.991638,13.095372
aaaaaizs_s001_t000,montage,legacy16,canonicalized,0,7.553600,0.954999,7.563352
aaaaajae_s001_t001,montage,legacy16,canonicalized,0,12.271752,0.994340,8.785857
aaaaajah_s002_t001,montage,legacy16,canonicalized,1,8.986327,0.975799,4.185094
aaaaajah_s004_t000,montage,legacy16,canonicalized,1,7.828579,0.960006,12.714210
aaaaajal_s001_t001,montage,legacy16,canonicalized,0,7.115025,0.945758,8.566270
aaaaajam_s001_t000,montage,legacy16,canonicalized,1,12.904345,0.995731,1.353437
aaaaajar_s001_t001,montage,legacy16,canonicalized,0,8.247857,0.966626,4.202508
aaaaajbb_s001_t000,montage,legacy16,canonicalized,0,11.758328,0.992887,8.593336
aaaaajbh_s002_t000,montage,legacy16,canonicalized,0,13.599942,0.996870,0.622003
aaaaajce_s001_t000,montage,legacy16,canonicalized,0,11.368659,0.991542,5.166733
aaaaajci_s001_t000,montage,legacy16,canonicalized,0,5.087770,0.875484,8.841079
aaaaajck_s001_t000,montage,legacy16,canonicalized,0,10.138223,0.985413,5.945603
aaaaajct_s001_t000,montage,legacy16,canonicalized,0,11.962866,0.993506,5.593300
aaaaajcu_s001_t000,montage,legacy16,canonicalized,0,12.417840,0.994697,8.182249
aaaaajda_s001_t000,montage,legacy16,canonicalized,0,10.967064,0.989892,7.407544
aaaaajdb_s001_t000,montage,legacy16,canonicalized,0,10.073916,0.984993,4.747149
aaaaajdv_s001_t000,montage,legacy16,canonicalized,0,8.460319,0.969564,28.647725
aaaaajdy_s001_t000,montage,legacy16,canonicalized,0,8.426224,0.969110,8.226751
aaaaajdz_s001_t000,montage,legacy16,canonicalized,0,11.744528,0.992843,10.759507
aaaaajea_s001_t000,montage,legacy16,canonicalized,0,13.423675,0.996614,16.302373
aaaaajen_s001_t000,montage,legacy16,canonicalized,0,9.866026,0.983552,8.283003
aaaaajey_s001_t000,montage,legacy16,canonicalized,0,4.357345,0.835225,10.729459
aaaaajfb_s001_t000,montage,legacy16,canonicalized,0,7.601538,0.955913,3.001745
aaaaajfe_s001_t000,montage,legacy16,canonicalized,0,5.724199,0.903389,2.224530
aaaaajff_s001_t000,montage,legacy16,canonicalized,0,4.600817,0.849693,2.590960
aaaaajfi_s001_t001,montage,legacy16,canonicalized,0,14.472136,0.997881,19.789304
aaaaajfn_s001_t001,montage,legacy16,canonicalized,0,6.659726,0.934292,16.601055
aaaaajfy_s001_t000,montage,legacy16,canonicalized,0,6.754552,0.936852,10.902698
aaaaajga_s001_t001,montage,legacy16,canonicalized,0,15.683627,0.998767,9.747683
aaaaajhy_s001_t000,montage,legacy16,canonicalized,0,12.272717,0.994343,5.793533
aaaaajit_s001_t001,montage,legacy16,canonicalized,0,8.446705,0.969384,20.429776
aaaaajiu_s001_t000,montage,legacy16,canonicalized,0,15.470226,0.998644,7.348573
aaaaajiy_s001_t001,montage,legacy16,canonicalized,0,7.202400,0.947732,11.440129
aaaaajiz_s001_t000,montage,legacy16,canonicalized,0,8.873372,0.974575,18.859405
aaaaajjb_s001_t001,montage,legacy16,canonicalized,0,12.815548,0.995559,4.391809
aaaaajje_s001_t000,montage,legacy16,canonicalized,0,11.337941,0.991426,10.482276
aaaaajjk_s001_t000,montage,legacy16,canonicalized,0,8.630674,0.971737,2.113186
aaaaajna_s001_t000,montage,legacy16,canonicalized,0,8.163631,0.965387,1.134080
aaaaajnu_s001_t000,montage,legacy16,canonicalized,0,14.082809,0.997478,6.110273
aaaaajon_s001_t000,montage,legacy16,canonicalized,0,10.191782,0.985754,9.760312
aaaaajoo_s002_t001,montage,legacy16,canonicalized,1,10.279604,0.986296,2.794014
aaaaajpg_s001_t001,montage,legacy16,canonicalized,0,6.884254,0.940204,5.403593
aaaaajqh_s004_t000,montage,legacy16,canonicalized,1,16.981972,0.999311,20.521060
aaaaajqk_s003_t001,montage,legacy16,canonicalized,1,15.299781,0.998536,2.911903
aaaaajrf_s001_t000,montage,legacy16,canonicalized,1,24.151418,0.999972,1.551795
aaaaajrf_s002_t000,montage,legacy16,canonicalized,1,28.795546,0.999997,6.265278
aaaaajrf_s003_t002,montage,legacy16,canonicalized,1,25.496657,0.999985,8.849545
aaaaajrf_s004_t000,montage,legacy16,canonicalized,1,13.580561,0.996843,6.736896
aaaaajso_s001_t000,montage,legacy16,canonicalized,1,13.412630,0.996597,8.755865
aaaaajtg_s001_t000,montage,legacy16,canonicalized,0,12.365064,0.994571,2.876400
aaaaajtu_s001_t000,montage,legacy16,canonicalized,0,13.288588,0.996404,9.576016
aaaaajuh_s001_t000,montage,legacy16,canonicalized,1,14.958505,0.998295,15.660008
aaaaajun_s001_t000,montage,legacy16,canonicalized,0,13.314313,0.996445,9.655199
aaaaajvh_s001_t001,montage,legacy16,canonicalized,0,10.205604,0.985840,13.256034
aaaaajxp_s001_t000,montage,legacy16,canonicalized,0,8.010942,0.963027,4.324210
aaaaakck_s001_t001,montage,legacy16,canonicalized,1,11.582321,0.992308,3.483059
aaaaakcx_s001_t001,montage,legacy16,canonicalized,1,18.817094,0.999697,13.839124
aaaaakcy_s005_t001,montage,legacy16,canonicalized,1,21.265844,0.999899,5.654198
aaaaakdj_s001_t000,montage,legacy16,canonicalized,1,10.523149,0.987695,11.516662
aaaaakdo_s001_t000,montage,legacy16,canonicalized,1,8.009233,0.963000,15.584150
aaaaakeq_s001_t000,montage,legacy16,canonicalized,1,20.163124,0.999834,14.084885
aaaaakeq_s002_t000,montage,legacy16,canonicalized,1,12.975619,0.995865,7.741333
aaaaakeq_s003_t000,montage,legacy16,canonicalized,1,16.408650,0.999109,14.253090
aaaaakev_s001_t001,montage,legacy16,canonicalized,1,25.291527,0.999983,28.244440
aaaaakev_s002_t000,montage,legacy16,canonicalized,1,28.960283,0.999997,5.985682
aaaaakft_s001_t000,montage,legacy16,canonicalized,0,16.230033,0.999035,20.426560
aaaaakgp_s001_t001,montage,legacy16,canonicalized,0,11.098473,0.990464,8.152930
aaaaakgu_s001_t000,montage,legacy16,canonicalized,1,11.545090,0.992180,3.926216
aaaaakjk_s002_t002,montage,legacy16,canonicalized,1,12.448762,0.994770,19.337795
aaaaakjk_s003_t000,montage,legacy16,canonicalized,1,14.956435,0.998293,12.221546
aaaaakka_s001_t001,montage,legacy16,canonicalized,0,6.084578,0.916591,7.362270
aaaaakmg_s003_t001,montage,legacy16,canonicalized,1,21.915812,0.999924,4.983422
aaaaakmh_s001_t000,montage,legacy16,canonicalized,1,12.495191,0.994877,13.629825
aaaaaknt_s001_t000,montage,legacy16,canonicalized,1,12.324769,0.994472,10.751311
aaaaakoo_s001_t001,montage,legacy16,canonicalized,1,25.533224,0.999985,7.491412
aaaaakqg_s001_t001,montage,legacy16,canonicalized,0,10.844529,0.989327,6.395396
aaaaakqr_s001_t000,montage,legacy16,canonicalized,0,10.576307,0.987981,6.283540
aaaaakrt_s001_t001,montage,legacy16,canonicalized,1,14.637493,0.998032,4.234994
aaaaakrt_s002_t001,montage,legacy16,canonicalized,1,16.040073,0.998949,9.627629
aaaaaksb_s001_t000,montage,legacy16,canonicalized,0,12.394936,0.994643,7.503312
aaaaaksu_s001_t001,montage,legacy16,canonicalized,0,13.390450,0.996564,10.064165
aaaaakxz_s001_t001,montage,legacy16,canonicalized,1,18.141722,0.999590,1.917652
aaaaakxz_s002_t001,montage,legacy16,canonicalized,1,17.701363,0.999500,6.389869
aaaaalaf_s001_t000,montage,legacy16,canonicalized,0,7.916353,0.961489,11.379951
aaaaalau_s001_t000,montage,legacy16,canonicalized,1,14.569578,0.997971,12.364654
aaaaalbh_s001_t000,montage,legacy16,canonicalized,1,14.542579,0.997946,17.970017
aaaaalbt_s001_t001,montage,legacy16,canonicalized,0,10.405225,0.987036,4.204067
aaaaalbt_s002_t000,montage,legacy16,canonicalized,0,12.271667,0.994340,16.388793
aaaaalbz_s006_t000,montage,legacy16,canonicalized,1,23.337889,0.999960,2.094470
aaaaalid_s001_t001,montage,legacy16,canonicalized,0,16.597523,0.999181,2.940587
aaaaaljf_s001_t000,montage,legacy16,canonicalized,1,10.939564,0.989768,16.028009
aaaaaljj_s001_t000,montage,legacy16,canonicalized,0,7.520483,0.954357,6.799670
aaaaallc_s001_t001,montage,legacy16,canonicalized,0,11.752956,0.992870,5.289948
aaaaalle_s002_t000,montage,legacy16,canonicalized,1,11.720295,0.992766,0.542873
aaaaalox_s001_t001,montage,legacy16,canonicalized,0,17.440316,0.999438,7.044888
aaaaalpv_s001_t000,montage,legacy16,canonicalized,0,13.272323,0.996378,12.452665
aaaaalqa_s001_t000,montage,legacy16,canonicalized,0,12.587169,0.995082,20.856031
aaaaalqr_s001_t001,montage,legacy16,canonicalized,1,12.217376,0.994202,20.850011
aaaaalqs_s001_t001,montage,legacy16,canonicalized,0,10.542983,0.987802,5.659715
aaaaalqx_s001_t000,montage,legacy16,canonicalized,0,7.181860,0.947274,5.824475
aaaaalrc_s002_t000,montage,legacy16,canonicalized,1,30.107186,0.999998,7.074479
aaaaalsq_s001_t000,montage,legacy16,canonicalized,0,8.994310,0.975883,6.839956
aaaaalsx_s001_t000,montage,legacy16,canonicalized,1,14.552743,0.997956,18.777270
aaaaalsx_s004_t001,montage,legacy16,canonicalized,1,15.103066,0.998402,2.274370
aaaaaluz_s001_t001,montage,legacy16,canonicalized,0,9.470257,0.980424,8.213203
aaaaalvw_s001_t000,montage,legacy16,canonicalized,0,5.295129,0.885263,6.744865
aaaaalvz_s001_t000,montage,legacy16,canonicalized,1,23.419269,0.999961,1.682964
aaaaalxk_s001_t000,montage,legacy16,canonicalized,0,10.314765,0.986507,2.767835
aaaaalyr_s001_t000,montage,legacy16,canonicalized,1,13.817216,0.997160,1.807605
aaaaalzk_s002_t001,montage,legacy16,canonicalized,1,22.191795,0.999933,40.924666
aaaaamcb_s001_t001,montage,legacy16,canonicalized,1,16.915644,0.999290,11.856405
aaaaamfe_s001_t001,montage,legacy16,canonicalized,0,14.107693,0.997506,21.323017
aaaaamft_s001_t001,montage,legacy16,canonicalized,1,11.749979,0.992861,4.543755
aaaaamfu_s001_t000,montage,legacy16,canonicalized,0,16.671834,0.999208,5.231977
aaaaamhi_s001_t000,montage,legacy16,canonicalized,1,19.890162,0.999813,26.468731
aaaaamhk_s001_t000,montage,legacy16,canonicalized,1,9.865322,0.983547,1.344801
aaaaamjc_s001_t001,montage,legacy16,canonicalized,1,23.661751,0.999965,8.499189
aaaaammh_s001_t001,montage,legacy16,canonicalized,1,10.855145,0.989377,2.679736
aaaaamnq_s001_t000,montage,legacy16,canonicalized,1,18.166803,0.999594,16.450309
aaaaamnq_s002_t000,montage,legacy16,canonicalized,1,13.641449,0.996928,6.868123
aaaaamon_s001_t000,montage,legacy16,canonicalized,0,15.014235,0.998337,14.821983
aaaaampz_s001_t000,montage,legacy16,canonicalized,1,18.187533,0.999598,4.092091
aaaaamrj_s001_t000,montage,legacy16,canonicalized,0,11.911096,0.993354,9.730039
aaaaamsc_s001_t000,montage,legacy16,canonicalized,1,10.542401,0.987799,4.399322
aaaaamtb_s001_t000,montage,legacy16,canonicalized,0,9.052927,0.976494,22.628031
aaaaamuc_s001_t000,montage,legacy16,canonicalized,0,8.938777,0.975291,4.168053
aaaaamxn_s001_t000,montage,legacy16,canonicalized,1,14.841500,0.998203,5.728845
aaaaamyb_s001_t001,montage,legacy16,canonicalized,0,12.186096,0.994120,5.986857
aaaaamye_s001_t000,montage,legacy16,canonicalized,1,25.101881,0.999982,13.415091
aaaaamzi_s001_t001,montage,legacy16,canonicalized,1,23.825429,0.999968,43.113501
aaaaamzl_s001_t000,montage,legacy16,canonicalized,0,11.735215,0.992814,4.486470
aaaaamzx_s001_t000,montage,legacy16,canonicalized,0,8.703572,0.972620,10.790288
aaaaanbq_s001_t000,montage,legacy16,canonicalized,0,9.692548,0.982246,6.646416
aaaaanek_s001_t000,montage,legacy16,canonicalized,0,9.196650,0.977927,5.231988
aaaaangp_s001_t000,montage,legacy16,canonicalized,0,9.545964,0.981064,7.360264
aaaaanhb_s001_t003,montage,legacy16,canonicalized,1,15.900065,0.998881,5.011445
aaaaanhb_s003_t001,montage,legacy16,canonicalized,1,13.429657,0.996623,5.683571
aaaaanhb_s005_t000,montage,legacy16,canonicalized,1,15.018968,0.998340,3.432532
aaaaankf_s001_t000,montage,legacy16,canonicalized,1,18.057086,0.999574,11.269852
aaaaanlp_s001_t000,montage,legacy16,canonicalized,0,8.868088,0.974516,5.055237
aaaaanmc_s001_t000,montage,legacy16,canonicalized,1,16.328883,0.999076,17.813117
aaaaanop_s001_t000,montage,legacy16,canonicalized,0,12.219788,0.994208,22.033510
aaaaanoz_s001_t000,montage,legacy16,canonicalized,1,9.077311,0.976743,1.932868
aaaaanpr_s001_t002,montage,legacy16,canonicalized,1,14.219453,0.997627,13.898723
aaaaanqe_s001_t000,montage,legacy16,canonicalized,0,1.824428,0.619728,4.881416
aaaaanro_s001_t000,montage,legacy16,canonicalized,1,13.425914,0.996618,9.581692
aaaaansj_s001_t000,montage,legacy16,canonicalized,1,14.444677,0.997854,8.205136
aaaaanta_s001_t000,montage,legacy16,canonicalized,1,16.133382,0.998992,4.925769
aaaaanum_s001_t000,montage,legacy16,canonicalized,0,7.292648,0.949699,5.872899
aaaaanvb_s002_t000,montage,legacy16,canonicalized,0,9.794298,0.983024,7.736514
aaaaanvg_s001_t002,montage,legacy16,canonicalized,0,11.648241,0.992530,2.314084
aaaaanvw_s001_t000,montage,legacy16,canonicalized,0,9.905457,0.983835,5.883769
aaaaanwc_s001_t001,montage,legacy16,canonicalized,1,22.304175,0.999936,32.120559
aaaaanxl_s001_t000,montage,legacy16,canonicalized,1,17.777055,0.999517,3.915756
aaaaanyb_s001_t001,montage,legacy16,canonicalized,0,10.945748,0.989796,4.091470
aaaaanyt_s002_t000,montage,legacy16,canonicalized,1,12.776820,0.995481,12.765417
aaaaanyw_s001_t000,montage,legacy16,canonicalized,1,14.497808,0.997905,7.108537
aaaaanyw_s002_t000,montage,legacy16,canonicalized,1,16.686851,0.999213,14.376151
aaaaanzh_s001_t000,montage,legacy16,canonicalized,1,14.104646,0.997502,6.343015
aaaaanzu_s001_t003,montage,legacy16,canonicalized,1,11.200385,0.990886,8.287876
aaaaaoav_s001_t000,montage,legacy16,canonicalized,0,8.988349,0.975821,5.147657
aaaaaoav_s002_t000,montage,legacy16,canonicalized,0,10.248062,0.986103,14.202713
aaaaaobi_s001_t000,montage,legacy16,canonicalized,1,10.009826,0.984562,10.156534
aaaaaobl_s001_t000,montage,legacy16,canonicalized,0,14.716464,0.998100,14.187727
aaaaaoby_s001_t000,montage,legacy16,canonicalized,0,9.313736,0.979032,16.589368
aaaaaoda_s001_t000,montage,legacy16,canonicalized,1,17.957538,0.999555,6.042556
aaaaaoeg_s001_t000,montage,legacy16,canonicalized,0,8.269184,0.966933,6.090244
aaaaaofj_s001_t000,montage,legacy16,canonicalized,0,9.389921,0.979721,3.303935
aaaaaofr_s001_t000,montage,legacy16,canonicalized,0,10.541353,0.987794,7.849626
aaaaaofz_s001_t000,montage,legacy16,canonicalized,0,9.324759,0.979133,8.112349
aaaaaohb_s001_t000,montage,legacy16,canonicalized,1,25.026470,0.999981,5.238989
aaaaaohr_s002_t001,montage,legacy16,canonicalized,1,13.401176,0.996580,8.776222
aaaaaoiq_s001_t000,montage,legacy16,canonicalized,1,6.056587,0.915627,0.773725
aaaaaoiv_s001_t000,montage,legacy16,canonicalized,1,11.402165,0.991667,5.072765
aaaaaoiv_s002_t001,montage,legacy16,canonicalized,1,21.900883,0.999924,9.847309
aaaaaoiv_s003_t003,montage,legacy16,canonicalized,1,20.907004,0.999881,3.588846
aaaaaojd_s001_t002,montage,legacy16,canonicalized,0,12.647832,0.995214,5.529486
aaaaaokg_s001_t000,montage,legacy16,canonicalized,0,18.388276,0.999633,23.156618
aaaaaoly_s001_t000,montage,legacy16,canonicalized,0,12.073361,0.993818,9.055278
aaaaaome_s001_t000,montage,legacy16,canonicalized,0,8.698096,0.972555,1.945350
aaaaaomx_s001_t000,montage,legacy16,canonicalized,0,14.678234,0.998067,11.876823
aaaaaomy_s001_t000,montage,legacy16,canonicalized,1,19.699295,0.999796,15.463056
aaaaaonb_s001_t000,montage,legacy16,canonicalized,0,15.554890,0.998694,14.547489
aaaaaons_s002_t002,montage,legacy16,canonicalized,1,14.733492,0.998114,8.422625
aaaaaopd_s001_t000,montage,legacy16,canonicalized,0,12.036838,0.993716,4.996087
aaaaaopo_s001_t000,montage,legacy16,canonicalized,0,4.228744,0.827142,8.949020
aaaaaora_s002_t000,montage,legacy16,canonicalized,1,5.073285,0.874775,4.706409
aaaaaord_s001_t000,montage,legacy16,canonicalized,1,8.017933,0.963139,4.169553
aaaaaosh_s001_t000,montage,legacy16,canonicalized,1,9.524290,0.980883,4.322576
aaaaaosw_s001_t000,montage,legacy16,canonicalized,0,14.633736,0.998028,3.830204
aaaaaote_s001_t000,montage,legacy16,canonicalized,0,10.278454,0.986289,1.297499
aaaaaout_s001_t000,montage,legacy16,canonicalized,1,12.799949,0.995528,7.667237
aaaaaovl_s001_t000,montage,legacy16,canonicalized,1,25.929827,0.999987,6.226946
aaaaaovo_s001_t000,montage,legacy16,canonicalized,1,17.734116,0.999508,15.288801
aaaaaowb_s001_t000,montage,legacy16,canonicalized,0,12.514341,0.994920,7.422339
aaaaaoxf_s001_t000,montage,legacy16,canonicalized,0,6.413119,0.927176,7.302111
aaaaaozf_s001_t001,montage,legacy16,canonicalized,0,14.944979,0.998284,20.176371
aaaaapag_s001_t000,montage,legacy16,canonicalized,0,11.807853,0.993042,3.750299
aaaaapar_s001_t000,montage,legacy16,canonicalized,1,27.918997,0.999995,9.637022
aaaaapcb_s001_t000,montage,legacy16,canonicalized,0,14.331259,0.997743,3.891528
aaaaapcy_s001_t002,montage,legacy16,canonicalized,0,8.886866,0.974724,5.270502
aaaaapdg_s001_t000,montage,legacy16,canonicalized,0,7.975001,0.962450,1.560953
aaaaaphs_s001_t000,montage,legacy16,canonicalized,1,18.654019,0.999674,13.234968
aaaaaphw_s001_t000,montage,legacy16,canonicalized,0,11.735896,0.992816,14.617612
aaaaapij_s001_t000,montage,legacy16,canonicalized,0,10.654145,0.988388,8.607906
aaaaapjc_s001_t001,montage,legacy16,canonicalized,0,10.734651,0.988795,9.846503
aaaaapka_s001_t000,montage,legacy16,canonicalized,0,13.859640,0.997213,1.499375
aaaaapkx_s001_t001,montage,legacy16,canonicalized,1,13.552327,0.996803,8.967076
aaaaaply_s001_t001,montage,legacy16,canonicalized,1,15.553917,0.998694,19.537962
aaaaapmb_s002_t001,montage,legacy16,canonicalized,1,15.295732,0.998534,1.552625
aaaaapmp_s001_t000,montage,legacy16,canonicalized,1,6.840516,0.939093,1.461053
aaaaapnr_s001_t000,montage,legacy16,canonicalized,1,6.490538,0.929483,6.598514
aaaaapoc_s001_t000,montage,legacy16,canonicalized,1,13.568887,0.996827,11.927958
aaaaapof_s001_t000,montage,legacy16,canonicalized,0,6.689118,0.935096,4.455341
aaaaapoo_s001_t000,montage,legacy16,canonicalized,0,11.752429,0.992868,8.383655
aaaaapoq_s001_t000,montage,legacy16,canonicalized,0,14.037281,0.997426,4.154448
aaaaappb_s001_t000,montage,legacy16,canonicalized,0,11.395732,0.991643,7.353062
aaaaapqd_s001_t000,montage,legacy16,canonicalized,1,15.845749,0.998853,8.181497
aaaaapqv_s001_t000,montage,legacy16,canonicalized,0,10.080368,0.985035,7.058827
aaaaapta_s001_t000,montage,legacy16,canonicalized,1,10.582072,0.988012,5.675850
aaaaapth_s001_t000,montage,legacy16,canonicalized,1,14.182268,0.997587,10.336378
aaaaapua_s001_t001,montage,legacy16,canonicalized,0,6.750296,0.936739,8.158620
aaaaapuu_s001_t000,montage,legacy16,canonicalized,0,12.280738,0.994363,12.555327
aaaaapvw_s001_t001,montage,legacy16,canonicalized,1,16.869931,0.999275,4.533923
aaaaapvy_s001_t000,montage,legacy16,canonicalized,1,10.181583,0.985689,13.736431
aaaaapwn_s001_t001,montage,legacy16,canonicalized,0,10.783824,0.989036,7.248376
aaaaapwo_s001_t001,montage,legacy16,canonicalized,1,18.693225,0.999680,4.424185
aaaaapxm_s001_t001,montage,legacy16,canonicalized,0,3.164382,0.748133,3.423054
aaaaapys_s001_t001,montage,legacy16,canonicalized,1,29.131847,0.999997,5.554509
aaaaapys_s002_t001,montage,legacy16,canonicalized,1,25.828233,0.999987,4.130582
aaaaaayx_s002_t000,montage,legacy16,naive,0,13.606180,0.996879,4.683642
aaaaabdo_s003_t000,montage,legacy16,naive,1,16.917528,0.999290,9.670171
aaaaabsk_s007_t000,montage,legacy16,naive,1,13.609052,0.996883,1.662359
aaaaabuv_s002_t000,montage,legacy16,naive,1,7.930000,0.961714,9.827154
aaaaacad_s003_t000,montage,legacy16,naive,0,8.278699,0.967069,3.420372
aaaaacby_s004_t000,montage,legacy16,naive,0,12.449119,0.994770,1.232916
aaaaaddm_s006_t000,montage,legacy16,naive,1,16.264853,0.999050,9.647315
aaaaadeu_s002_t000,montage,legacy16,naive,1,13.919319,0.997287,9.023352
aaaaadjk_s002_t000,montage,legacy16,naive,0,9.671866,0.982084,1.028502
aaaaadkb_s002_t000,montage,legacy16,naive,1,16.953352,0.999302,5.409175
aaaaadsm_s002_t001,montage,legacy16,naive,0,9.091010,0.976882,2.772574
aaaaaeab_s003_t000,montage,legacy16,naive,0,10.846798,0.989338,6.485101
aaaaaejc_s003_t001,montage,legacy16,naive,0,10.837467,0.989294,9.364165
aaaaaezn_s003_t001,montage,legacy16,naive,1,11.826703,0.993100,17.329180
aaaaafhl_s003_t000,montage,legacy16,naive,1,14.419739,0.997830,2.619457
aaaaagfk_s003_t000,montage,legacy16,naive,0,8.062302,0.963838,2.697799
aaaaagsc_s003_t001,montage,legacy16,naive,1,16.909533,0.999288,17.045185
aaaaagsc_s006_t001,montage,legacy16,naive,1,10.485369,0.987487,5.315267
aaaaaguk_s002_t001,montage,legacy16,naive,0,2.631019,0.700512,12.714946
aaaaagvx_s002_t000,montage,legacy16,naive,1,9.336079,0.979236,6.520500
aaaaagvx_s003_t001,montage,legacy16,naive,1,8.692131,0.972484,4.527133
aaaaagyr_s002_t000,montage,legacy16,naive,1,13.717265,0.997030,6.312270
aaaaahie_s005_t001,montage,legacy16,naive,1,19.099913,0.999733,8.623530
aaaaahsv_s002_t000,montage,legacy16,naive,0,8.321989,0.967681,18.090333
aaaaahte_s002_t000,montage,legacy16,naive,1,14.783074,0.998156,12.651919
aaaaahte_s003_t000,montage,legacy16,naive,1,14.407542,0.997818,8.769357
aaaaahuy_s002_t000,montage,legacy16,naive,1,8.957124,0.975488,2.890934
aaaaahzi_s001_t000,montage,legacy16,naive,0,8.881224,0.974662,5.716948
aaaaahzm_s001_t001,montage,legacy16,naive,0,14.728136,0.998110,1.242423
aaaaahzq_s001_t000,montage,legacy16,naive,0,4.322154,0.833044,9.354594
aaaaahzs_s001_t001,montage,legacy16,naive,0,13.426130,0.996618,7.938625
aaaaaiae_s001_t000,montage,legacy16,naive,0,12.780400,0.995488,1.358503
aaaaaibx_s001_t000,montage,legacy16,naive,0,8.492375,0.969985,1.332164
aaaaaiby_s001_t000,montage,legacy16,naive,0,14.086939,0.997482,5.841714
aaaaaici_s001_t000,montage,legacy16,naive,0,12.455823,0.994786,20.389207
aaaaaicn_s001_t000,montage,legacy16,naive,0,13.714022,0.997026,5.815613
aaaaaijh_s002_t000,montage,legacy16,naive,1,13.150881,0.996176,15.343944
aaaaaijn_s001_t001,montage,legacy16,naive,0,9.441414,0.980174,0.873557
aaaaairb_s001_t001,montage,legacy16,naive,0,14.239811,0.997649,3.569436
aaaaairo_s001_t000,montage,legacy16,naive,0,11.124936,0.990575,8.071923
aaaaaitt_s001_t000,montage,legacy16,naive,0,13.896748,0.997259,5.756366
aaaaaiue_s004_t000,montage,legacy16,naive,1,12.365263,0.994571,5.474801
aaaaaiuo_s002_t000,montage,legacy16,naive,0,13.354685,0.996508,4.731386
aaaaaiwz_s001_t001,montage,legacy16,naive,0,7.566483,0.955246,8.978368
aaaaaiyy_s001_t001,montage,legacy16,naive,0,8.989116,0.975829,1.831576
aaaaaizd_s001_t001,montage,legacy16,naive,0,11.578922,0.992296,16.225428
aaaaaizs_s001_t000,montage,legacy16,naive,0,7.953739,0.962104,7.266109
aaaaajae_s001_t001,montage,legacy16,naive,0,11.665202,0.992586,5.476769
aaaaajah_s002_t001,montage,legacy16,naive,1,8.343461,0.967981,3.193602
aaaaajah_s004_t000,montage,legacy16,naive,1,8.467402,0.969658,13.378958
aaaaajal_s001_t001,montage,legacy16,naive,0,5.864452,0.908736,10.288150
aaaaajam_s001_t000,montage,legacy16,naive,1,12.907332,0.995737,0.890962
aaaaajar_s001_t001,montage,legacy16,naive,0,7.451314,0.952988,4.034428
aaaaajbb_s001_t000,montage,legacy16,naive,0,11.998288,0.993607,5.693014
aaaaajbh_s002_t000,montage,legacy16,naive,0,13.408037,0.996590,0.676517
aaaaajce_s001_t000,montage,legacy16,naive,0,10.458489,0.987338,4.592486
aaaaajci_s001_t000,montage,legacy16,naive,0,4.265002,0.829452,3.706548
aaaaajck_s001_t000,montage,legacy16,naive,0,11.043526,0.990229,4.776230
aaaaajct_s001_t000,montage,legacy16,naive,0,12.179715,0.994104,3.903739
aaaaajcu_s001_t000,montage,legacy16,naive,0,11.223512,0.990979,11.265350
aaaaajda_s001_t000,montage,legacy16,naive,0,10.940957,0.989774,7.320250
aaaaajdb_s001_t000,montage,legacy16,naive,0,9.430069,0.980075,5.005899
aaaaajdv_s001_t000,montage,legacy16,naive,0,7.842727,0.960249,27.412806
aaaaajdy_s001_t000,montage,legacy16,naive,0,8.848128,0.974293,2.705776
aaaaajdz_s001_t000,montage,legacy16,naive,0,9.982517,0.984375,14.414253
aaaaajea_s001_t000,montage,legacy16,naive,0,12.911922,0.995745,18.397321
aaaaajen_s001_t000,montage,legacy16,naive,0,9.923269,0.983962,9.632690
aaaaajey_s001_t000,montage,legacy16,naive,0,4.382420,0.836765,10.301323
aaaaajfb_s001_t000,montage,legacy16,naive,0,7.298313,0.949820,3.194130
aaaaajfe_s001_t000,montage,legacy16,naive,0,5.818976,0.907032,1.270471
aaaaajff_s001_t000,montage,legacy16,naive,0,4.511105,0.844487,3.783207
aaaaajfi_s001_t001,montage,legacy16,naive,0,14.003807,0.997387,16.712469
aaaaajfn_s001_t001,montage,legacy16,naive,0,6.670099,0.934577,14.238797
aaaaajfy_s001_t000,montage,legacy16,naive,0,7.407681,0.952104,9.736057
aaaaajga_s001_t001,montage,legacy16,naive,0,15.299229,0.998536,14.176120
aaaaajhy_s001_t000,montage,legacy16,naive,0,12.321819,0.994465,4.271871
aaaaajit_s001_t001,montage,legacy16,naive,0,7.867728,0.960674,22.037196
aaaaajiu_s001_t000,montage,legacy16,naive,0,14.683277,0.998071,7.482506
aaaaajiy_s001_t001,montage,legacy16,naive,0,6.681126,0.934878,9.851845
aaaaajiz_s001_t000,montage,legacy16,naive,0,8.628021,0.971705,8.946927
aaaaajjb_s001_t001,montage,legacy16,naive,0,12.044847,0.993739,3.813974
aaaaajje_s001_t000,montage,legacy16,naive,0,10.781228,0.989024,5.145157
aaaaajjk_s001_t000,montage,legacy16,naive,0,7.230671,0.948356,1.779606
aaaaajna_s001_t000,montage,legacy16,naive,0,8.159357,0.965323,1.919189
aaaaajnu_s001_t000,montage,legacy16,naive,0,14.484255,0.997892,3.767754
aaaaajon_s001_t000,montage,legacy16,naive,0,11.347842,0.991463,14.270515
aaaaajoo_s002_t001,montage,legacy16,naive,1,10.295340,0.986391,2.125290
aaaaajpg_s001_t001,montage,legacy16,naive,0,6.245616,0.921944,6.278835
aaaaajqh_s004_t000,montage,legacy16,naive,1,18.767271,0.999690,14.894211
aaaaajqk_s003_t001,montage,legacy16,naive,1,14.922686,0.998267,2.761324
aaaaajrf_s001_t000,montage,legacy16,naive,1,24.911834,0.999980,1.707436
aaaaajrf_s002_t000,montage,legacy16,naive,1,29.374823,0.999997,6.511877
aaaaajrf_s003_t002,montage,legacy16,naive,1,24.884114,0.999980,6.253469
aaaaajrf_s004_t000,montage,legacy16,naive,1,12.801003,0.995530,6.596830
aaaaajso_s001_t000,montage,legacy16,naive,1,13.146762,0.996169,7.017997
aaaaajtg_s001_t000,montage,legacy16,naive,0,11.915913,0.993369,5.005912
aaaaajtu_s001_t000,montage,legacy16,naive,0,14.636500,0.998031,16.111416
aaaaajuh_s001_t000,montage,legacy16,naive,1,14.413569,0.997824,13.072664
aaaaajun_s001_t000,montage,legacy16,naive,0,14.526411,0.997931,9.682952
aaaaajvh_s001_t001,montage,legacy16,naive,0,12.443188,0.994757,12.184070
aaaaajxp_s001_t000,montage,legacy16,naive,0,8.013916,0.963075,4.653298
aaaaakck_s001_t001,montage,legacy16,naive,1,10.424776,0.987148,3.324372
aaaaakcx_s001_t001,montage,legacy16,naive,1,18.924088,0.999711,13.433012
aaaaakcy_s005_t001,montage,legacy16,naive,1,21.462233,0.999907,8.112964
aaaaakdj_s001_t000,montage,legacy16,naive,1,10.295018,0.986389,10.814023
aaaaakdo_s001_t000,montage,legacy16,naive,1,7.561753,0.955155,14.823775
aaaaakeq_s001_t000,montage,legacy16,naive,1,19.696452,0.999796,20.147273
aaaaakeq_s002_t000,montage,legacy16,naive,1,13.713463,0.997025,11.962003
aaaaakeq_s003_t000,montage,legacy16,naive,1,15.559805,0.998697,10.680528
aaaaakev_s001_t001,montage,legacy16,naive,1,24.660016,0.999978,28.902873
aaaaakev_s002_t000,montage,legacy16,naive,1,28.603888,0.999996,3.154958
aaaaakft_s001_t000,montage,legacy16,naive,0,15.470977,0.998644,8.620750
aaaaakgp_s001_t001,montage,legacy16,naive,0,11.140357,0.990640,9.113874
aaaaakgu_s001_t000,montage,legacy16,naive,1,10.942121,0.989779,5.506179
aaaaakjk_s002_t002,montage,legacy16,naive,1,11.976435,0.993545,11.813503
aaaaakjk_s003_t000,montage,legacy16,naive,1,15.029144,0.998348,15.428969
aaaaakka_s001_t001,montage,legacy16,naive,0,6.260707,0.922429,8.229947
aaaaakmg_s003_t001,montage,legacy16,naive,1,21.009883,0.999886,3.464159
aaaaakmh_s001_t000,montage,legacy16,naive,1,13.222932,0.996297,8.969411
aaaaaknt_s001_t000,montage,legacy16,naive,1,11.941779,0.993445,3.607400
aaaaakoo_s001_t001,montage,legacy16,naive,1,25.006833,0.999981,6.535779
aaaaakqg_s001_t001,montage,legacy16,naive,0,9.327291,0.979156,6.373515
aaaaakqr_s001_t000,montage,legacy16,naive,0,12.455693,0.994786,12.215092
aaaaakrt_s001_t001,montage,legacy16,naive,1,14.257971,0.997668,4.773572
aaaaakrt_s002_t001,montage,legacy16,naive,1,16.071962,0.998964,11.864751
aaaaaksb_s001_t000,montage,legacy16,naive,0,12.155584,0.994040,4.429335
aaaaaksu_s001_t001,montage,legacy16,naive,0,14.659792,0.998051,12.605193
aaaaakxz_s001_t001,montage,legacy16,naive,1,17.122663,0.999353,2.633972
aaaaakxz_s002_t001,montage,legacy16,naive,1,18.344071,0.999625,12.267171
aaaaalaf_s001_t000,montage,legacy16,naive,0,8.236054,0.966455,8.968342
aaaaalau_s001_t000,montage,legacy16,naive,1,15.052688,0.998365,13.268157
aaaaalbh_s001_t000,montage,legacy16,naive,1,14.182364,0.997587,10.076187
aaaaalbt_s001_t001,montage,legacy16,naive,0,10.041304,0.984775,3.152000
aaaaalbt_s002_t000,montage,legacy16,naive,0,12.669302,0.995259,11.340978
aaaaalbz_s006_t000,montage,legacy16,naive,1,22.692070,0.999947,1.268941
aaaaalid_s001_t001,montage,legacy16,naive,0,17.437308,0.999438,6.683263
aaaaaljf_s001_t000,montage,legacy16,naive,1,12.845549,0.995618,21.501268
aaaaaljj_s001_t000,montage,legacy16,naive,0,7.284284,0.949519,7.362008
aaaaallc_s001_t001,montage,legacy16,naive,0,10.716313,0.988703,5.971991
aaaaalle_s002_t000,montage,legacy16,naive,1,11.302797,0.991291,2.072756
aaaaalox_s001_t001,montage,legacy16,naive,0,17.273451,0.999395,6.978755
aaaaalpv_s001_t000,montage,legacy16,naive,0,12.261918,0.994315,10.265849
aaaaalqa_s001_t000,montage,legacy16,naive,0,12.536355,0.994970,18.385840
aaaaalqr_s001_t001,montage,legacy16,naive,1,12.452649,0.994779,12.482244
aaaaalqs_s001_t001,montage,legacy16,naive,0,10.698929,0.988616,6.665184
aaaaalqx_s001_t000,montage,legacy16,naive,0,7.097942,0.945365,4.630199
aaaaalrc_s002_t000,montage,legacy16,naive,1,30.270366,0.999998,6.626427
aaaaalsq_s001_t000,montage,legacy16,naive,0,11.471507,0.991920,10.859530
aaaaalsx_s001_t000,montage,legacy16,naive,1,14.860227,0.998218,13.910480
aaaaalsx_s004_t001,montage,legacy16,naive,1,14.976919,0.998309,1.311922
aaaaaluz_s001_t001,montage,legacy16,naive,0,9.433516,0.980105,6.804173
aaaaalvw_s001_t000,montage,legacy16,naive,0,16.916533,0.999290,10.517279
aaaaalvz_s001_t000,montage,legacy16,naive,1,24.487410,0.999976,3.615858
aaaaalxk_s001_t000,montage,legacy16,naive,0,13.352578,0.996505,5.454897
aaaaalyr_s001_t000,montage,legacy16,naive,1,13.854254,0.997207,0.619675
aaaaalzk_s002_t001,montage,legacy16,naive,1,21.692063,0.999916,35.810543
aaaaamcb_s001_t001,montage,legacy16,naive,1,16.409407,0.999109,11.232118
aaaaamfe_s001_t001,montage,legacy16,naive,0,13.956496,0.997331,25.573566
aaaaamft_s001_t001,montage,legacy16,naive,1,9.327500,0.979158,5.353017
aaaaamfu_s001_t000,montage,legacy16,naive,0,15.957702,0.998909,3.953675
aaaaamhi_s001_t000,montage,legacy16,naive,1,20.362596,0.999848,26.367362
aaaaamhk_s001_t000,montage,legacy16,naive,1,8.931743,0.975215,1.561793
aaaaamjc_s001_t001,montage,legacy16,naive,1,23.904459,0.999969,7.144440
aaaaammh_s001_t001,montage,legacy16,naive,1,10.323658,0.986560,2.539971
aaaaamnq_s001_t000,montage,legacy16,naive,1,18.360225,0.999628,15.735194
aaaaamnq_s002_t000,montage,legacy16,naive,1,12.873768,0.995672,6.856125
aaaaamon_s001_t000,montage,legacy16,naive,0,14.882176,0.998236,17.086559
aaaaampz_s001_t000,montage,legacy16,naive,1,17.948698,0.999553,4.468388
aaaaamrj_s001_t000,montage,legacy16,naive,0,12.110839,0.993920,18.268891
aaaaamsc_s001_t000,montage,legacy16,naive,1,10.318096,0.986527,5.777785
aaaaamtb_s001_t000,montage,legacy16,naive,0,9.571519,0.981276,24.808179
aaaaamuc_s001_t000,montage,legacy16,naive,0,8.082496,0.964152,8.829081
aaaaamxn_s001_t000,montage,legacy16,naive,1,14.713263,0.998097,5.523931
aaaaamyb_s001_t001,montage,legacy16,naive,0,12.125594,0.993960,6.473288
aaaaamye_s001_t000,montage,legacy16,naive,1,24.243086,0.999973,13.605791
aaaaamzi_s001_t001,montage,legacy16,naive,1,24.258553,0.999974,48.663962
aaaaamzl_s001_t000,montage,legacy16,naive,0,10.659289,0.988414,4.492030
aaaaamzx_s001_t000,montage,legacy16,naive,0,7.736966,0.958400,8.950055
aaaaanbq_s001_t000,montage,legacy16,naive,0,13.832553,0.997179,1.862682
aaaaanek_s001_t000,montage,legacy16,naive,0,9.147592,0.977448,6.293065
aaaaangp_s001_t000,montage,legacy16,naive,0,9.466556,0.980392,4.336875
aaaaanhb_s001_t003,montage,legacy16,naive,1,15.953396,0.998907,2.698340
aaaaanhb_s003_t001,montage,legacy16,naive,1,12.273583,0.994345,7.681939
aaaaanhb_s005_t000,montage,legacy16,naive,1,15.260668,0.998510,2.685158
aaaaankf_s001_t000,montage,legacy16,naive,1,20.908479,0.999881,16.433049
aaaaanlp_s001_t000,montage,legacy16,naive,0,9.134167,0.977315,3.813131
aaaaanmc_s001_t000,montage,legacy16,naive,1,16.592579,0.999179,21.267126
aaaaanop_s001_t000,montage,legacy16,naive,0,12.635907,0.995188,17.595922
aaaaanoz_s001_t000,montage,legacy16,naive,1,8.769714,0.973399,1.077714
aaaaanpr_s001_t002,montage,legacy16,naive,1,13.616749,0.996894,13.583665
aaaaanqe_s001_t000,montage,legacy16,naive,0,1.512196,0.586257,4.594055
aaaaanro_s001_t000,montage,legacy16,naive,1,12.810375,0.995548,10.009552
aaaaansj_s001_t000,montage,legacy16,naive,1,14.407501,0.997818,5.014450
aaaaanta_s001_t000,montage,legacy16,naive,1,15.264128,0.998513,9.392044
aaaaanum_s001_t000,montage,legacy16,naive,0,8.975821,0.975688,1.790052
aaaaanvb_s002_t000,montage,legacy16,naive,0,13.715700,0.997028,10.178871
aaaaanvg_s001_t002,montage,legacy16,naive,0,10.357918,0.986762,4.252449
aaaaanvw_s001_t000,montage,legacy16,naive,0,10.341020,0.986663,5.901325
aaaaanwc_s001_t001,montage,legacy16,naive,1,22.046584,0.999929,33.912832
aaaaanxl_s001_t000,montage,legacy16,naive,1,16.926921,0.999293,4.231140
aaaaanyb_s001_t001,montage,legacy16,naive,0,12.937738,0.995794,3.192859
aaaaanyt_s002_t000,montage,legacy16,naive,1,11.575033,0.992283,15.433299
aaaaanyw_s001_t000,montage,legacy16,naive,1,14.985575,0.998315,4.389436
aaaaanyw_s002_t000,montage,legacy16,naive,1,18.870811,0.999704,4.977445
aaaaanzh_s001_t000,montage,legacy16,naive,1,14.755563,0.998133,10.998886
aaaaanzu_s001_t003,montage,legacy16,naive,1,11.287025,0.991230,4.700206
aaaaaoav_s001_t000,montage,legacy16,naive,0,8.665481,0.972162,6.164505
aaaaaoav_s002_t000,montage,legacy16,naive,0,10.520451,0.987680,8.815314
aaaaaobi_s001_t000,montage,legacy16,naive,1,9.595354,0.981471,10.952221
aaaaaobl_s001_t000,montage,legacy16,naive,0,14.060895,0.997453,8.996097
aaaaaoby_s001_t000,montage,legacy16,naive,0,9.903322,0.983820,19.757777
aaaaaoda_s001_t000,montage,legacy16,naive,1,18.501101,0.999651,6.006579
aaaaaoeg_s001_t000,montage,legacy16,naive,0,8.485239,0.969892,7.438152
aaaaaofj_s001_t000,montage,legacy16,naive,0,9.900690,0.983801,2.601412
aaaaaofr_s001_t000,montage,legacy16,naive,0,10.579066,0.987996,5.664362
aaaaaofz_s001_t000,montage,legacy16,naive,0,9.688221,0.982213,8.525254
aaaaaohb_s001_t000,montage,legacy16,naive,1,22.663812,0.999946,3.282393
aaaaaohr_s002_t001,montage,legacy16,naive,1,11.575619,0.992285,8.139980
aaaaaoiq_s001_t000,montage,legacy16,naive,1,5.459811,0.892546,0.684776
aaaaaoiv_s001_t000,montage,legacy16,naive,1,10.391068,0.986955,4.272076
aaaaaoiv_s002_t001,montage,legacy16,naive,1,21.694714,0.999916,11.467567
aaaaaoiv_s003_t003,montage,legacy16,naive,1,20.980716,0.999885,3.437149
aaaaaojd_s001_t002,montage,legacy16,naive,0,12.440341,0.994750,6.348039
aaaaaokg_s001_t000,montage,legacy16,naive,0,17.173289,0.999367,16.410807
aaaaaoly_s001_t000,montage,legacy16,naive,0,12.447553,0.994767,11.374609
aaaaaome_s001_t000,montage,legacy16,naive,0,7.223647,0.948201,3.799785
aaaaaomx_s001_t000,montage,legacy16,naive,0,14.855891,0.998215,8.457636
aaaaaomy_s001_t000,montage,legacy16,naive,1,20.782006,0.999874,8.170732
aaaaaonb_s001_t000,montage,legacy16,naive,0,15.443900,0.998628,16.911802
aaaaaons_s002_t002,montage,legacy16,naive,1,14.405274,0.997816,8.484251
aaaaaopd_s001_t000,montage,legacy16,naive,0,12.997652,0.995905,2.687474
aaaaaopo_s001_t000,montage,legacy16,naive,0,4.833581,0.862531,6.497124
aaaaaora_s002_t000,montage,legacy16,naive,1,5.505421,0.894490,4.961784
aaaaaord_s001_t000,montage,legacy16,naive,1,6.885410,0.940233,4.688182
aaaaaosh_s001_t000,montage,legacy16,naive,1,10.222703,0.985947,8.852540
aaaaaosw_s001_t000,montage,legacy16,naive,0,15.143250,0.998430,9.068272
aaaaaote_s001_t000,montage,legacy16,naive,0,10.963838,0.989877,2.233940
aaaaaout_s001_t000,montage,legacy16,naive,1,13.499146,0.996726,9.724760
aaaaaovl_s001_t000,montage,legacy16,naive,1,25.928957,0.999987,4.316302
aaaaaovo_s001_t000,montage,legacy16,naive,1,18.655500,0.999674,13.651396
aaaaaowb_s001_t000,montage,legacy16,naive,0,12.253693,0.994295,8.842758
aaaaaoxf_s001_t000,montage,legacy16,naive,0,5.592689,0.898123,9.998861
aaaaaozf_s001_t001,montage,legacy16,naive,0,18.399044,0.999634,10.686800
aaaaapag_s001_t000,montage,legacy16,naive,0,12.876067,0.995677,6.946580
aaaaapar_s001_t000,montage,legacy16,naive,1,28.888388,0.999997,5.132190
aaaaapcb_s001_t000,montage,legacy16,naive,0,13.961767,0.997338,1.859703
aaaaapcy_s001_t002,montage,legacy16,naive,0,8.539717,0.970596,5.428525
aaaaapdg_s001_t000,montage,legacy16,naive,0,7.860452,0.960551,1.635585
aaaaaphs_s001_t000,montage,legacy16,naive,1,18.888987,0.999706,13.890708
aaaaaphw_s001_t000,montage,legacy16,naive,0,12.337011,0.994503,11.110564
aaaaapij_s001_t000,montage,legacy16,naive,0,10.941218,0.989775,6.792473
aaaaapjc_s001_t001,montage,legacy16,naive,0,8.230354,0.966372,8.666823
aaaaapka_s001_t000,montage,legacy16,naive,0,13.796073,0.997133,0.927501
aaaaapkx_s001_t001,montage,legacy16,naive,1,14.167586,0.997571,6.129420
aaaaaply_s001_t001,montage,legacy16,naive,1,14.434011,0.997844,16.333971
aaaaapmb_s002_t001,montage,legacy16,naive,1,15.230265,0.998490,2.899563
aaaaapmp_s001_t000,montage,legacy16,naive,1,6.264948,0.922564,2.869504
aaaaapnr_s001_t000,montage,legacy16,naive,1,8.936612,0.975268,7.833210
aaaaapoc_s001_t000,montage,legacy16,naive,1,14.038833,0.997428,10.534274
aaaaapof_s001_t000,montage,legacy16,naive,0,6.757375,0.936927,3.252457
aaaaapoo_s001_t000,montage,legacy16,naive,0,11.345304,0.991454,8.983225
aaaaapoq_s001_t000,montage,legacy16,naive,0,13.563224,0.996819,6.059290
aaaaappb_s001_t000,montage,legacy16,naive,0,14.809939,0.998178,6.182690
aaaaapqd_s001_t000,montage,legacy16,naive,1,16.670504,0.999207,5.864830
aaaaapqv_s001_t000,montage,legacy16,naive,0,10.932107,0.989734,3.533677
aaaaapta_s001_t000,montage,legacy16,naive,1,13.060368,0.996018,8.467983
aaaaapth_s001_t000,montage,legacy16,naive,1,14.202166,0.997609,15.965989
aaaaapua_s001_t001,montage,legacy16,naive,0,7.455219,0.953066,11.920728
aaaaapuu_s001_t000,montage,legacy16,naive,0,13.163216,0.996197,12.890681
aaaaapvw_s001_t001,montage,legacy16,naive,1,16.724155,0.999226,5.288528
aaaaapvy_s001_t000,montage,legacy16,naive,1,11.340700,0.991436,9.780895
aaaaapwn_s001_t001,montage,legacy16,naive,0,10.921221,0.989684,7.330900
aaaaapwo_s001_t001,montage,legacy16,naive,1,18.417964,0.999638,2.632337
aaaaapxm_s001_t001,montage,legacy16,naive,0,3.249302,0.755234,4.635240
aaaaapys_s001_t001,montage,legacy16,naive,1,28.689357,0.999996,4.940971
aaaaapys_s002_t001,montage,legacy16,naive,1,24.727689,0.999979,2.880817
aaaaaayx_s002_t000,power_line,0.0,canonicalized,0,0.797363,0.507068,6.033919
aaaaabdo_s003_t000,power_line,0.0,canonicalized,1,10.243760,0.986077,5.504928
aaaaabsk_s007_t000,power_line,0.0,canonicalized,1,1.747691,0.611593,10.203362
aaaaabuv_s002_t000,power_line,0.0,canonicalized,1,3.151274,0.747025,3.189991
aaaaacad_s003_t000,power_line,0.0,canonicalized,0,1.559729,0.591413,2.900265
aaaaacby_s004_t000,power_line,0.0,canonicalized,0,1.079388,0.538578,1.285323
aaaaaddm_s006_t000,power_line,0.0,canonicalized,1,5.313769,0.886108,7.955435
aaaaadeu_s002_t000,power_line,0.0,canonicalized,1,4.882767,0.865123,5.700261
aaaaadjk_s002_t000,power_line,0.0,canonicalized,0,-0.091694,0.408537,2.816257
aaaaadkb_s002_t000,power_line,0.0,canonicalized,1,8.988334,0.975820,3.786852
aaaaadsm_s002_t001,power_line,0.0,canonicalized,0,-3.165178,0.148437,3.714667
aaaaaeab_s003_t000,power_line,0.0,canonicalized,0,0.876839,0.515964,3.683766
aaaaaejc_s003_t001,power_line,0.0,canonicalized,0,0.618804,0.487073,7.160816
aaaaaezn_s003_t001,power_line,0.0,canonicalized,1,0.203856,0.440875,12.863887
aaaaafhl_s003_t000,power_line,0.0,canonicalized,1,3.231133,0.753726,5.191281
aaaaagfk_s003_t000,power_line,0.0,canonicalized,0,-0.887473,0.325959,1.886640
aaaaagsc_s003_t001,power_line,0.0,canonicalized,1,6.129944,0.918132,13.377104
aaaaagsc_s006_t001,power_line,0.0,canonicalized,1,0.567169,0.481296,1.787220
aaaaaguk_s002_t001,power_line,0.0,canonicalized,0,-4.080843,0.103667,14.594594
aaaaagvx_s002_t000,power_line,0.0,canonicalized,1,2.097799,0.648137,6.631718
aaaaagvx_s003_t001,power_line,0.0,canonicalized,1,2.357708,0.674212,1.638047
aaaaagyr_s002_t000,power_line,0.0,canonicalized,1,0.327556,0.454577,2.476656
aaaaahie_s005_t001,power_line,0.0,canonicalized,1,8.422357,0.969058,3.342462
aaaaahsv_s002_t000,power_line,0.0,canonicalized,0,-0.644346,0.350327,4.840308
aaaaahte_s002_t000,power_line,0.0,canonicalized,1,7.489285,0.953744,9.496447
aaaaahte_s003_t000,power_line,0.0,canonicalized,1,9.697431,0.982284,5.704443
aaaaahuy_s002_t000,power_line,0.0,canonicalized,1,0.396623,0.462258,2.074379
aaaaahzi_s001_t000,power_line,0.0,canonicalized,0,1.323592,0.565625,2.256042
aaaaahzm_s001_t001,power_line,0.0,canonicalized,0,1.632966,0.599317,1.996099
aaaaahzq_s001_t000,power_line,0.0,canonicalized,0,-4.605544,0.083770,4.517608
aaaaahzs_s001_t001,power_line,0.0,canonicalized,0,1.152116,0.546664,2.295641
aaaaaiae_s001_t000,power_line,0.0,canonicalized,0,2.169543,0.655431,3.481947
aaaaaibx_s001_t000,power_line,0.0,canonicalized,0,-2.618305,0.182139,5.000594
aaaaaiby_s001_t000,power_line,0.0,canonicalized,0,-0.637928,0.350982,7.243094
aaaaaici_s001_t000,power_line,0.0,canonicalized,0,-2.830939,0.168376,14.665339
aaaaaicn_s001_t000,power_line,0.0,canonicalized,0,1.398285,0.573827,4.297848
aaaaaijh_s002_t000,power_line,0.0,canonicalized,1,-4.418956,0.090413,6.587883
aaaaaijn_s001_t001,power_line,0.0,canonicalized,0,-0.336075,0.382371,3.067377
aaaaairb_s001_t001,power_line,0.0,canonicalized,0,3.406926,0.768051,3.521896
aaaaairo_s001_t000,power_line,0.0,canonicalized,0,-4.265995,0.096209,9.917638
aaaaaitt_s001_t000,power_line,0.0,canonicalized,0,-1.160600,0.299668,5.031238
aaaaaiue_s004_t000,power_line,0.0,canonicalized,1,1.953797,0.633288,2.440909
aaaaaiuo_s002_t000,power_line,0.0,canonicalized,0,1.290934,0.562026,5.571756
aaaaaiwz_s001_t001,power_line,0.0,canonicalized,0,-0.788990,0.335726,2.398023
aaaaaiyy_s001_t001,power_line,0.0,canonicalized,0,-1.794851,0.243605,7.325446
aaaaaizd_s001_t001,power_line,0.0,canonicalized,0,0.716805,0.498046,10.481077
aaaaaizs_s001_t000,power_line,0.0,canonicalized,0,0.374293,0.459773,2.762528
aaaaajae_s001_t001,power_line,0.0,canonicalized,0,3.367557,0.764894,1.360164
aaaaajah_s002_t001,power_line,0.0,canonicalized,1,-0.245127,0.392038,5.647690
aaaaajah_s004_t000,power_line,0.0,canonicalized,1,1.580817,0.593694,3.266650
aaaaajal_s001_t001,power_line,0.0,canonicalized,0,-2.771730,0.172123,0.592492
aaaaajam_s001_t000,power_line,0.0,canonicalized,1,1.607907,0.596618,0.992104
aaaaajar_s001_t001,power_line,0.0,canonicalized,0,-1.615194,0.258739,9.817386
aaaaajbb_s001_t000,power_line,0.0,canonicalized,0,2.384440,0.676837,5.803892
aaaaajbh_s002_t000,power_line,0.0,canonicalized,0,1.596701,0.595409,3.078843
aaaaajce_s001_t000,power_line,0.0,canonicalized,0,-0.969570,0.317931,3.750174
aaaaajci_s001_t000,power_line,0.0,canonicalized,0,1.755122,0.612384,2.301428
aaaaajck_s001_t000,power_line,0.0,canonicalized,0,-3.391644,0.136064,4.563148
aaaaajct_s001_t000,power_line,0.0,canonicalized,0,1.326665,0.565963,1.471760
aaaaajcu_s001_t000,power_line,0.0,canonicalized,0,-0.886652,0.326040,3.272210
aaaaajda_s001_t000,power_line,0.0,canonicalized,0,-2.506925,0.189691,3.486992
aaaaajdb_s001_t000,power_line,0.0,canonicalized,0,-2.674760,0.178402,9.910069
aaaaajdv_s001_t000,power_line,0.0,canonicalized,0,0.531838,0.477346,11.612101
aaaaajdy_s001_t000,power_line,0.0,canonicalized,0,-2.322340,0.202728,6.500485
aaaaajdz_s001_t000,power_line,0.0,canonicalized,0,-0.977186,0.317191,4.046065
aaaaajea_s001_t000,power_line,0.0,canonicalized,0,3.834979,0.800449,2.742921
aaaaajen_s001_t000,power_line,0.0,canonicalized,0,-0.687329,0.345958,2.999646
aaaaajey_s001_t000,power_line,0.0,canonicalized,0,-0.615418,0.353283,10.423932
aaaaajfb_s001_t000,power_line,0.0,canonicalized,0,-3.252866,0.143540,10.318708
aaaaajfe_s001_t000,power_line,0.0,canonicalized,0,-0.640931,0.350676,2.367006
aaaaajff_s001_t000,power_line,0.0,canonicalized,0,-3.125008,0.150726,0.715046
aaaaajfi_s001_t001,power_line,0.0,canonicalized,0,-1.349611,0.282204,1.858922
aaaaajfn_s001_t001,power_line,0.0,canonicalized,0,-1.967354,0.229648,7.901354
aaaaajfy_s001_t000,power_line,0.0,canonicalized,0,-4.020249,0.106217,10.210926
aaaaajga_s001_t001,power_line,0.0,canonicalized,0,1.042095,0.534424,8.738846
aaaaajhy_s001_t000,power_line,0.0,canonicalized,0,-4.033483,0.105655,7.314921
aaaaajit_s001_t001,power_line,0.0,canonicalized,0,-0.428493,0.372642,4.163789
aaaaajiu_s001_t000,power_line,0.0,canonicalized,0,0.018804,0.420551,8.866284
aaaaajiy_s001_t001,power_line,0.0,canonicalized,0,-1.296031,0.287092,6.977927
aaaaajiz_s001_t000,power_line,0.0,canonicalized,0,-0.629719,0.351820,10.209442
aaaaajjb_s001_t001,power_line,0.0,canonicalized,0,0.904583,0.519068,5.236742
aaaaajje_s001_t000,power_line,0.0,canonicalized,0,-2.965992,0.160074,13.755704
aaaaajjk_s001_t000,power_line,0.0,canonicalized,0,2.264640,0.664988,5.533590
aaaaajna_s001_t000,power_line,0.0,canonicalized,0,-4.666064,0.081713,6.324950
aaaaajnu_s001_t000,power_line,0.0,canonicalized,0,-3.119920,0.151018,5.988591
aaaaajon_s001_t000,power_line,0.0,canonicalized,0,-0.534415,0.361617,14.607711
aaaaajoo_s002_t001,power_line,0.0,canonicalized,1,0.748415,0.501587,8.589482
aaaaajpg_s001_t001,power_line,0.0,canonicalized,0,-3.061309,0.154415,4.429345
aaaaajqh_s004_t000,power_line,0.0,canonicalized,1,10.831127,0.989264,10.490657
aaaaajqk_s003_t001,power_line,0.0,canonicalized,1,7.147909,0.946509,4.609452
aaaaajrf_s001_t000,power_line,0.0,canonicalized,1,20.514970,0.999858,13.771175
aaaaajrf_s002_t000,power_line,0.0,canonicalized,1,21.548406,0.999911,5.535489
aaaaajrf_s003_t002,power_line,0.0,canonicalized,1,17.142748,0.999358,13.133788
aaaaajrf_s004_t000,power_line,0.0,canonicalized,1,2.945075,0.729174,2.705297
aaaaajso_s001_t000,power_line,0.0,canonicalized,1,8.421894,0.969052,5.771308
aaaaajtg_s001_t000,power_line,0.0,canonicalized,0,-0.608514,0.353990,19.104759
aaaaajtu_s001_t000,power_line,0.0,canonicalized,0,-2.249361,0.208064,7.727638
aaaaajuh_s001_t000,power_line,0.0,canonicalized,1,5.446912,0.891991,9.209607
aaaaajun_s001_t000,power_line,0.0,canonicalized,0,5.856901,0.908455,9.669546
aaaaajvh_s001_t001,power_line,0.0,canonicalized,0,-1.478463,0.270660,12.851650
aaaaajxp_s001_t000,power_line,0.0,canonicalized,0,2.228463,0.661368,3.813481
aaaaakck_s001_t001,power_line,0.0,canonicalized,1,2.725800,0.709344,4.250269
aaaaakcx_s001_t001,power_line,0.0,canonicalized,1,7.483310,0.953626,5.284796
aaaaakcy_s005_t001,power_line,0.0,canonicalized,1,14.157079,0.997560,9.192248
aaaaakdj_s001_t000,power_line,0.0,canonicalized,1,0.533208,0.477499,5.810711
aaaaakdo_s001_t000,power_line,0.0,canonicalized,1,0.446762,0.467846,8.328431
aaaaakeq_s001_t000,power_line,0.0,canonicalized,1,5.712423,0.902928,20.391148
aaaaakeq_s002_t000,power_line,0.0,canonicalized,1,6.693277,0.935209,11.281011
aaaaakeq_s003_t000,power_line,0.0,canonicalized,1,6.341355,0.924975,16.767918
aaaaakev_s001_t001,power_line,0.0,canonicalized,1,19.659818,0.999792,44.535682
aaaaakev_s002_t000,power_line,0.0,canonicalized,1,16.580000,0.999175,15.170171
aaaaakft_s001_t000,power_line,0.0,canonicalized,0,-1.961806,0.230088,9.728431
aaaaakgp_s001_t001,power_line,0.0,canonicalized,0,2.702607,0.707197,2.311369
aaaaakgu_s001_t000,power_line,0.0,canonicalized,1,-0.598081,0.355059,1.095352
aaaaakjk_s002_t002,power_line,0.0,canonicalized,1,3.524477,0.777300,7.246524
aaaaakjk_s003_t000,power_line,0.0,canonicalized,1,3.363101,0.764535,1.089623
aaaaakka_s001_t001,power_line,0.0,canonicalized,0,-0.206549,0.396165,10.468703
aaaaakmg_s003_t001,power_line,0.0,canonicalized,1,8.534802,0.970533,3.481621
aaaaakmh_s001_t000,power_line,0.0,canonicalized,1,0.241736,0.445062,5.171302
aaaaaknt_s001_t000,power_line,0.0,canonicalized,1,2.207687,0.659280,6.008289
aaaaakoo_s001_t001,power_line,0.0,canonicalized,1,19.131838,0.999737,11.727810
aaaaakqg_s001_t001,power_line,0.0,canonicalized,0,-0.134822,0.403877,10.397045
aaaaakqr_s001_t000,power_line,0.0,canonicalized,0,-0.353060,0.380575,7.430804
aaaaakrt_s001_t001,power_line,0.0,canonicalized,1,7.381646,0.951570,1.827545
aaaaakrt_s002_t001,power_line,0.0,canonicalized,1,5.744653,0.904186,3.627863
aaaaaksb_s001_t000,power_line,0.0,canonicalized,0,-2.766765,0.172441,8.713288
aaaaaksu_s001_t001,power_line,0.0,canonicalized,0,0.713212,0.497644,5.174269
aaaaakxz_s001_t001,power_line,0.0,canonicalized,1,3.872232,0.803102,1.624910
aaaaakxz_s002_t001,power_line,0.0,canonicalized,1,9.226237,0.978212,7.075196
aaaaalaf_s001_t000,power_line,0.0,canonicalized,0,-0.197631,0.397121,2.481178
aaaaalau_s001_t000,power_line,0.0,canonicalized,1,2.999851,0.733992,3.754263
aaaaalbh_s001_t000,power_line,0.0,canonicalized,1,3.440179,0.770694,5.315219
aaaaalbt_s001_t001,power_line,0.0,canonicalized,0,-1.310537,0.285764,6.955658
aaaaalbt_s002_t000,power_line,0.0,canonicalized,0,-0.703984,0.344271,4.455107
aaaaalbz_s006_t000,power_line,0.0,canonicalized,1,13.905689,0.997270,18.805310
aaaaalid_s001_t001,power_line,0.0,canonicalized,0,6.635639,0.933627,14.185534
aaaaaljf_s001_t000,power_line,0.0,canonicalized,1,2.654102,0.702677,10.685194
aaaaaljj_s001_t000,power_line,0.0,canonicalized,0,-1.509034,0.267965,4.963453
aaaaallc_s001_t001,power_line,0.0,canonicalized,0,2.678532,0.704959,8.924561
aaaaalle_s002_t000,power_line,0.0,canonicalized,1,3.518226,0.776815,5.162187
aaaaalox_s001_t001,power_line,0.0,canonicalized,0,3.038209,0.737334,9.008457
aaaaalpv_s001_t000,power_line,0.0,canonicalized,0,0.995904,0.529271,11.002436
aaaaalqa_s001_t000,power_line,0.0,canonicalized,0,-0.405395,0.375064,5.897599
aaaaalqr_s001_t001,power_line,0.0,canonicalized,1,3.904756,0.805395,5.800461
aaaaalqs_s001_t001,power_line,0.0,canonicalized,0,-0.005799,0.417867,4.204326
aaaaalqx_s001_t000,power_line,0.0,canonicalized,0,-2.867199,0.166114,8.009615
aaaaalrc_s002_t000,power_line,0.0,canonicalized,1,22.618965,0.999945,2.769320
aaaaalsq_s001_t000,power_line,0.0,canonicalized,0,-0.707694,0.343896,1.526571
aaaaalsx_s001_t000,power_line,0.0,canonicalized,1,-0.357215,0.380137,3.713354
aaaaalsx_s004_t001,power_line,0.0,canonicalized,1,3.938301,0.807740,1.400399
aaaaaluz_s001_t001,power_line,0.0,canonicalized,0,-2.483453,0.191312,2.810538
aaaaalvw_s001_t000,power_line,0.0,canonicalized,0,-4.073008,0.103994,3.536792
aaaaalvz_s001_t000,power_line,0.0,canonicalized,1,17.764677,0.999514,16.941523
aaaaalxk_s001_t000,power_line,0.0,canonicalized,0,0.051607,0.424136,2.090371
aaaaalyr_s001_t000,power_line,0.0,canonicalized,1,2.666429,0.703830,2.269750
aaaaalzk_s002_t001,power_line,0.0,canonicalized,1,11.658154,0.992563,11.206143
aaaaamcb_s001_t001,power_line,0.0,canonicalized,1,8.565190,0.970920,8.022186
aaaaamfe_s001_t001,power_line,0.0,canonicalized,0,4.938168,0.867992,3.509773
aaaaamft_s001_t001,power_line,0.0,canonicalized,1,4.672989,0.853776,9.662042
aaaaamfu_s001_t000,power_line,0.0,canonicalized,0,-0.643773,0.350386,3.689763
aaaaamhi_s001_t000,power_line,0.0,canonicalized,1,13.332243,0.996473,22.615031
aaaaamhk_s001_t000,power_line,0.0,canonicalized,1,3.990063,0.811315,5.637254
aaaaamjc_s001_t001,power_line,0.0,canonicalized,1,9.978611,0.984348,7.887620
aaaaammh_s001_t001,power_line,0.0,canonicalized,1,2.855662,0.721191,8.614485
aaaaamnq_s001_t000,power_line,0.0,canonicalized,1,9.227658,0.978225,20.027415
aaaaamnq_s002_t000,power_line,0.0,canonicalized,1,8.071270,0.963978,8.629158
aaaaamon_s001_t000,power_line,0.0,canonicalized,0,0.952471,0.524421,14.289837
aaaaampz_s001_t000,power_line,0.0,canonicalized,1,2.893401,0.724578,3.189890
aaaaamrj_s001_t000,power_line,0.0,canonicalized,0,-0.318583,0.384223,4.711849
aaaaamsc_s001_t000,power_line,0.0,canonicalized,1,4.882581,0.865113,1.205345
aaaaamtb_s001_t000,power_line,0.0,canonicalized,0,1.295231,0.562500,4.248883
aaaaamuc_s001_t000,power_line,0.0,canonicalized,0,0.869908,0.515189,2.209446
aaaaamxn_s001_t000,power_line,0.0,canonicalized,1,1.396920,0.573678,6.117829
aaaaamyb_s001_t001,power_line,0.0,canonicalized,0,-0.170939,0.399987,6.584206
aaaaamye_s001_t000,power_line,0.0,canonicalized,1,15.272586,0.998518,16.778440
aaaaamzi_s001_t001,power_line,0.0,canonicalized,1,7.900810,0.961230,9.314416
aaaaamzl_s001_t000,power_line,0.0,canonicalized,0,-0.553381,0.359658,5.405245
aaaaamzx_s001_t000,power_line,0.0,canonicalized,0,-5.533333,0.056903,5.413579
aaaaanbq_s001_t000,power_line,0.0,canonicalized,0,-0.364630,0.379354,4.020804
aaaaanek_s001_t000,power_line,0.0,canonicalized,0,-4.499028,0.087506,2.180840
aaaaangp_s001_t000,power_line,0.0,canonicalized,0,0.853977,0.513406,3.506725
aaaaanhb_s001_t003,power_line,0.0,canonicalized,1,5.425770,0.891075,13.164268
aaaaanhb_s003_t001,power_line,0.0,canonicalized,1,3.561047,0.780123,3.697322
aaaaanhb_s005_t000,power_line,0.0,canonicalized,1,6.173139,0.919575,4.059844
aaaaankf_s001_t000,power_line,0.0,canonicalized,1,5.847988,0.908122,2.012679
aaaaanlp_s001_t000,power_line,0.0,canonicalized,0,-1.349310,0.282232,2.438744
aaaaanmc_s001_t000,power_line,0.0,canonicalized,1,7.285056,0.949536,7.229926
aaaaanop_s001_t000,power_line,0.0,canonicalized,0,-0.586134,0.356286,16.192117
aaaaanoz_s001_t000,power_line,0.0,canonicalized,1,-1.496990,0.269024,5.650957
aaaaanpr_s001_t002,power_line,0.0,canonicalized,1,5.407794,0.890291,6.605126
aaaaanqe_s001_t000,power_line,0.0,canonicalized,0,-1.919488,0.233464,2.862462
aaaaanro_s001_t000,power_line,0.0,canonicalized,1,2.839075,0.719694,5.189558
aaaaansj_s001_t000,power_line,0.0,canonicalized,1,3.954428,0.808859,8.577586
aaaaanta_s001_t000,power_line,0.0,canonicalized,1,7.601535,0.955913,7.609046
aaaaanum_s001_t000,power_line,0.0,canonicalized,0,0.735740,0.500167,2.474124
aaaaanvb_s002_t000,power_line,0.0,canonicalized,0,-1.660222,0.254889,10.832060
aaaaanvg_s001_t002,power_line,0.0,canonicalized,0,5.552675,0.896471,4.093875
aaaaanvw_s001_t000,power_line,0.0,canonicalized,0,-4.134913,0.101438,7.257923
aaaaanwc_s001_t001,power_line,0.0,canonicalized,1,9.835313,0.983328,48.405863
aaaaanxl_s001_t000,power_line,0.0,canonicalized,1,7.435235,0.952664,4.262538
aaaaanyb_s001_t001,power_line,0.0,canonicalized,0,0.050773,0.424044,3.993414
aaaaanyt_s002_t000,power_line,0.0,canonicalized,1,2.827298,0.718629,36.242691
aaaaanyw_s001_t000,power_line,0.0,canonicalized,1,5.500300,0.894273,2.737350
aaaaanyw_s002_t000,power_line,0.0,canonicalized,1,3.968852,0.809856,9.235895
aaaaanzh_s001_t000,power_line,0.0,canonicalized,1,2.700188,0.706973,9.851526
aaaaanzu_s001_t003,power_line,0.0,canonicalized,1,4.153697,0.822282,12.725394
aaaaaoav_s001_t000,power_line,0.0,canonicalized,0,-1.967876,0.229607,6.947698
aaaaaoav_s002_t000,power_line,0.0,canonicalized,0,-3.423249,0.134409,4.818868
aaaaaobi_s001_t000,power_line,0.0,canonicalized,1,-2.567307,0.185568,10.844073
aaaaaobl_s001_t000,power_line,0.0,canonicalized,0,-1.383990,0.279095,1.868077
aaaaaoby_s001_t000,power_line,0.0,canonicalized,0,0.400355,0.462674,5.523662
aaaaaoda_s001_t000,power_line,0.0,canonicalized,1,9.125612,0.977230,5.550229
aaaaaoeg_s001_t000,power_line,0.0,canonicalized,0,-2.234970,0.209128,7.807271
aaaaaofj_s001_t000,power_line,0.0,canonicalized,0,-0.132354,0.404143,2.938008
aaaaaofr_s001_t000,power_line,0.0,canonicalized,0,2.946187,0.729272,2.997448
aaaaaofz_s001_t000,power_line,0.0,canonicalized,0,0.233812,0.444186,12.989346
aaaaaohb_s001_t000,power_line,0.0,canonicalized,1,6.711127,0.935692,2.428585
aaaaaohr_s002_t001,power_line,0.0,canonicalized,1,7.147548,0.946501,4.516088
aaaaaoiq_s001_t000,power_line,0.0,canonicalized,1,3.056725,0.738937,6.523420
aaaaaoiv_s001_t000,power_line,0.0,canonicalized,1,-2.679578,0.178086,1.175779
aaaaaoiv_s002_t001,power_line,0.0,canonicalized,1,12.630059,0.995176,7.772590
aaaaaoiv_s003_t003,power_line,0.0,canonicalized,1,9.358502,0.979439,1.203771
aaaaaojd_s001_t002,power_line,0.0,canonicalized,0,0.584864,0.483275,5.666768
aaaaaokg_s001_t000,power_line,0.0,canonicalized,0,4.550533,0.846793,14.606122
aaaaaoly_s001_t000,power_line,0.0,canonicalized,0,-1.545298,0.264790,8.541213
aaaaaome_s001_t000,power_line,0.0,canonicalized,0,-2.975545,0.159499,3.848016
aaaaaomx_s001_t000,power_line,0.0,canonicalized,0,-2.443573,0.194091,6.615391
aaaaaomy_s001_t000,power_line,0.0,canonicalized,1,6.681880,0.934899,21.820216
aaaaaonb_s001_t000,power_line,0.0,canonicalized,0,1.219001,0.554079,10.175941
aaaaaons_s002_t002,power_line,0.0,canonicalized,1,5.126382,0.877358,4.598037
aaaaaopd_s001_t000,power_line,0.0,canonicalized,0,-1.224043,0.293738,8.222712
aaaaaopo_s001_t000,power_line,0.0,canonicalized,0,1.910596,0.628782,13.289598
aaaaaora_s002_t000,power_line,0.0,canonicalized,1,3.793966,0.797498,5.244211
aaaaaord_s001_t000,power_line,0.0,canonicalized,1,1.557399,0.591161,2.620991
aaaaaosh_s001_t000,power_line,0.0,canonicalized,1,0.212571,0.441837,0.793028
aaaaaosw_s001_t000,power_line,0.0,canonicalized,0,0.278387,0.449121,8.815111
aaaaaote_s001_t000,power_line,0.0,canonicalized,0,1.513181,0.586364,4.464127
aaaaaout_s001_t000,power_line,0.0,canonicalized,1,3.170092,0.748615,4.062187
aaaaaovl_s001_t000,power_line,0.0,canonicalized,1,11.210764,0.990928,5.737111
aaaaaovo_s001_t000,power_line,0.0,canonicalized,1,8.249483,0.966650,7.693040
aaaaaowb_s001_t000,power_line,0.0,canonicalized,0,1.970834,0.635059,5.991671
aaaaaoxf_s001_t000,power_line,0.0,canonicalized,0,-3.184175,0.147364,4.310300
aaaaaozf_s001_t001,power_line,0.0,canonicalized,0,0.858175,0.513876,12.355434
aaaaapag_s001_t000,power_line,0.0,canonicalized,0,-2.069661,0.221641,23.064646
aaaaapar_s001_t000,power_line,0.0,canonicalized,1,22.234383,0.999934,8.034200
aaaaapcb_s001_t000,power_line,0.0,canonicalized,0,4.724863,0.856653,1.999351
aaaaapcy_s001_t002,power_line,0.0,canonicalized,0,-2.619368,0.182069,5.302472
aaaaapdg_s001_t000,power_line,0.0,canonicalized,0,-3.055649,0.154747,5.751585
aaaaaphs_s001_t000,power_line,0.0,canonicalized,1,7.249133,0.948759,4.037976
aaaaaphw_s001_t000,power_line,0.0,canonicalized,0,1.584185,0.594058,4.351695
aaaaapij_s001_t000,power_line,0.0,canonicalized,0,0.925259,0.521380,4.257375
aaaaapjc_s001_t001,power_line,0.0,canonicalized,0,-1.653541,0.255458,5.392464
aaaaapka_s001_t000,power_line,0.0,canonicalized,0,-1.035298,0.311580,1.353806
aaaaapkx_s001_t001,power_line,0.0,canonicalized,1,-1.252446,0.291105,17.427785
aaaaaply_s001_t001,power_line,0.0,canonicalized,1,7.542501,0.954785,16.690638
aaaaapmb_s002_t001,power_line,0.0,canonicalized,1,5.670852,0.901283,2.402243
aaaaapmp_s001_t000,power_line,0.0,canonicalized,1,1.436509,0.578009,7.159549
aaaaapnr_s001_t000,power_line,0.0,canonicalized,1,-3.437481,0.133669,7.717813
aaaaapoc_s001_t000,power_line,0.0,canonicalized,1,6.213612,0.920905,6.305291
aaaaapof_s001_t000,power_line,0.0,canonicalized,0,-3.450676,0.132986,8.263158
aaaaapoo_s001_t000,power_line,0.0,canonicalized,0,0.458092,0.469110,10.332569
aaaaapoq_s001_t000,power_line,0.0,canonicalized,0,2.877797,0.723181,1.891007
aaaaappb_s001_t000,power_line,0.0,canonicalized,0,-1.099876,0.305408,5.571034
aaaaapqd_s001_t000,power_line,0.0,canonicalized,1,4.915547,0.866827,4.741676
aaaaapqv_s001_t000,power_line,0.0,canonicalized,0,0.714970,0.497841,14.622424
aaaaapta_s001_t000,power_line,0.0,canonicalized,1,0.344693,0.456481,19.929139
aaaaapth_s001_t000,power_line,0.0,canonicalized,1,3.417056,0.768859,3.482275
aaaaapua_s001_t001,power_line,0.0,canonicalized,0,-7.426538,0.025186,7.684413
aaaaapuu_s001_t000,power_line,0.0,canonicalized,0,0.739423,0.500579,5.927943
aaaaapvw_s001_t001,power_line,0.0,canonicalized,1,6.431457,0.927728,5.183188
aaaaapvy_s001_t000,power_line,0.0,canonicalized,1,2.715342,0.708377,8.005881
aaaaapwn_s001_t001,power_line,0.0,canonicalized,0,0.913355,0.520049,7.804805
aaaaapwo_s001_t001,power_line,0.0,canonicalized,1,10.376740,0.986872,3.361413
aaaaapxm_s001_t001,power_line,0.0,canonicalized,0,-1.249463,0.291381,9.896285
aaaaapys_s001_t001,power_line,0.0,canonicalized,1,13.636601,0.996921,3.659078
aaaaapys_s002_t001,power_line,0.0,canonicalized,1,8.313813,0.967566,3.907705
aaaaaayx_s002_t000,power_line,0.0,naive,0,0.764423,0.503379,6.098242
aaaaabdo_s003_t000,power_line,0.0,naive,1,10.553365,0.987858,9.607095
aaaaabsk_s007_t000,power_line,0.0,naive,1,1.614641,0.597344,10.687703
aaaaabuv_s002_t000,power_line,0.0,naive,1,3.230352,0.753661,3.106454
aaaaacad_s003_t000,power_line,0.0,naive,0,1.212730,0.553385,2.789442
aaaaacby_s004_t000,power_line,0.0,naive,0,1.378377,0.571645,1.279978
aaaaaddm_s006_t000,power_line,0.0,naive,1,5.182971,0.880060,7.357268
aaaaadeu_s002_t000,power_line,0.0,naive,1,4.901084,0.866077,5.958857
aaaaadjk_s002_t000,power_line,0.0,naive,0,-0.134701,0.403890,3.089947
aaaaadkb_s002_t000,power_line,0.0,naive,1,8.839853,0.974200,3.928860
aaaaadsm_s002_t001,power_line,0.0,naive,0,-3.018038,0.156964,3.295545
aaaaaeab_s003_t000,power_line,0.0,naive,0,0.938166,0.522822,3.594223
aaaaaejc_s003_t001,power_line,0.0,naive,0,0.416363,0.464457,6.271567
aaaaaezn_s003_t001,power_line,0.0,naive,1,-1.044665,0.310680,10.424695
aaaaafhl_s003_t000,power_line,0.0,naive,1,3.463598,0.772543,5.434104
aaaaagfk_s003_t000,power_line,0.0,naive,0,-0.897168,0.325005,1.974202
aaaaagsc_s003_t001,power_line,0.0,naive,1,5.981998,0.913010,12.751826
aaaaagsc_s006_t001,power_line,0.0,naive,1,0.583322,0.483103,1.803118
aaaaaguk_s002_t001,power_line,0.0,naive,0,-4.144462,0.101049,13.194497
aaaaagvx_s002_t000,power_line,0.0,naive,1,2.111291,0.649514,6.116826
aaaaagvx_s003_t001,power_line,0.0,naive,1,2.387472,0.677134,1.686843
aaaaagyr_s002_t000,power_line,0.0,naive,1,-0.065611,0.411364,3.743053
aaaaahie_s005_t001,power_line,0.0,naive,1,8.276615,0.967039,2.961394
aaaaahsv_s002_t000,power_line,0.0,naive,0,-0.703188,0.344352,4.167355
aaaaahte_s002_t000,power_line,0.0,naive,1,7.608556,0.956045,10.629995
aaaaahte_s003_t000,power_line,0.0,naive,1,9.689983,0.982226,5.966069
aaaaahuy_s002_t000,power_line,0.0,naive,1,0.640978,0.489555,2.062847
aaaaahzi_s001_t000,power_line,0.0,naive,0,0.831988,0.510945,2.421897
aaaaahzm_s001_t001,power_line,0.0,naive,0,1.902363,0.627921,2.055380
aaaaahzq_s001_t000,power_line,0.0,naive,0,-4.785931,0.077773,5.130555
aaaaahzs_s001_t001,power_line,0.0,naive,0,0.740590,0.500710,2.389085
aaaaaiae_s001_t000,power_line,0.0,naive,0,2.373711,0.675785,3.694279
aaaaaibx_s001_t000,power_line,0.0,naive,0,-2.646527,0.180264,5.075330
aaaaaiby_s001_t000,power_line,0.0,naive,0,-0.686844,0.346007,6.649548
aaaaaici_s001_t000,power_line,0.0,naive,0,-2.570415,0.185357,14.927785
aaaaaicn_s001_t000,power_line,0.0,naive,0,1.126037,0.543767,4.274617
aaaaaijh_s002_t000,power_line,0.0,naive,1,-4.563928,0.085212,6.835472
aaaaaijn_s001_t001,power_line,0.0,naive,0,-0.460811,0.369263,3.247824
aaaaairb_s001_t001,power_line,0.0,naive,0,3.164167,0.748115,3.360564
aaaaairo_s001_t000,power_line,0.0,naive,0,-4.724570,0.079767,8.874101
aaaaaitt_s001_t000,power_line,0.0,naive,0,-1.342903,0.282813,5.547144
aaaaaiue_s004_t000,power_line,0.0,naive,1,1.963841,0.634332,2.768668
aaaaaiuo_s002_t000,power_line,0.0,naive,0,1.298374,0.562847,5.748621
aaaaaiwz_s001_t001,power_line,0.0,naive,0,-0.750719,0.339560,2.518884
aaaaaiyy_s001_t001,power_line,0.0,naive,0,-1.644981,0.256188,7.437092
aaaaaizd_s001_t001,power_line,0.0,naive,0,0.562027,0.480721,10.046676
aaaaaizs_s001_t000,power_line,0.0,naive,0,0.344300,0.456437,2.684911
aaaaajae_s001_t001,power_line,0.0,naive,0,3.378234,0.765753,1.367609
aaaaajah_s002_t001,power_line,0.0,naive,1,-0.659979,0.348735,5.010482
aaaaajah_s004_t000,power_line,0.0,naive,1,1.555956,0.591004,3.349122
aaaaajal_s001_t001,power_line,0.0,naive,0,-2.876796,0.165519,0.613200
aaaaajam_s001_t000,power_line,0.0,naive,1,1.584469,0.594088,0.898439
aaaaajar_s001_t001,power_line,0.0,naive,0,-1.623818,0.257999,10.073988
aaaaajbb_s001_t000,power_line,0.0,naive,0,2.411630,0.679495,5.558816
aaaaajbh_s002_t000,power_line,0.0,naive,0,1.869141,0.624437,3.191306
aaaaajce_s001_t000,power_line,0.0,naive,0,-1.188796,0.297024,3.999215
aaaaajci_s001_t000,power_line,0.0,naive,0,1.657476,0.601950,2.539866
aaaaajck_s001_t000,power_line,0.0,naive,0,-3.908629,0.111058,3.677745
aaaaajct_s001_t000,power_line,0.0,naive,0,1.398531,0.573854,1.049968
aaaaajcu_s001_t000,power_line,0.0,naive,0,-0.870163,0.327665,3.949889
aaaaajda_s001_t000,power_line,0.0,naive,0,-2.220787,0.210181,3.654277
aaaaajdb_s001_t000,power_line,0.0,naive,0,-2.551596,0.186634,10.419988
aaaaajdv_s001_t000,power_line,0.0,naive,0,0.436599,0.466713,10.903797
aaaaajdy_s001_t000,power_line,0.0,naive,0,-2.274099,0.206244,6.311728
aaaaajdz_s001_t000,power_line,0.0,naive,0,-1.197054,0.296252,3.828480
aaaaajea_s001_t000,power_line,0.0,naive,0,3.829574,0.800062,2.792274
aaaaajen_s001_t000,power_line,0.0,naive,0,-0.809736,0.333656,2.692682
aaaaajey_s001_t000,power_line,0.0,naive,0,-0.746306,0.340004,10.028299
aaaaajfb_s001_t000,power_line,0.0,naive,0,-3.099454,0.152197,10.765817
aaaaajfe_s001_t000,power_line,0.0,naive,0,-0.547176,0.360299,2.333183
aaaaajff_s001_t000,power_line,0.0,naive,0,-3.087780,0.152873,0.651700
aaaaajfi_s001_t001,power_line,0.0,naive,0,-1.488432,0.269779,1.915785
aaaaajfn_s001_t001,power_line,0.0,naive,0,-2.394913,0.197524,7.382604
aaaaajfy_s001_t000,power_line,0.0,naive,0,-4.494731,0.087660,10.703672
aaaaajga_s001_t001,power_line,0.0,naive,0,0.462696,0.469624,7.341281
aaaaajhy_s001_t000,power_line,0.0,naive,0,-3.859877,0.113233,7.349669
aaaaajit_s001_t001,power_line,0.0,naive,0,-0.627699,0.352027,3.851941
aaaaajiu_s001_t000,power_line,0.0,naive,0,-2.188213,0.212614,7.949622
aaaaajiy_s001_t001,power_line,0.0,naive,0,-1.331954,0.283809,6.973631
aaaaajiz_s001_t000,power_line,0.0,naive,0,-0.625026,0.352300,10.960102
aaaaajjb_s001_t001,power_line,0.0,naive,0,0.615435,0.486696,4.416979
aaaaajje_s001_t000,power_line,0.0,naive,0,-3.150702,0.149258,13.312437
aaaaajjk_s001_t000,power_line,0.0,naive,0,2.282060,0.666725,5.539652
aaaaajna_s001_t000,power_line,0.0,naive,0,-4.677488,0.081330,7.054318
aaaaajnu_s001_t000,power_line,0.0,naive,0,-3.244070,0.144025,6.276153
aaaaajon_s001_t000,power_line,0.0,naive,0,-0.809516,0.333678,11.800238
aaaaajoo_s002_t001,power_line,0.0,naive,1,0.797393,0.507072,8.733171
aaaaajpg_s001_t001,power_line,0.0,naive,0,-3.261226,0.143080,4.430178
aaaaajqh_s004_t000,power_line,0.0,naive,1,10.847189,0.989340,10.404657
aaaaajqk_s003_t001,power_line,0.0,naive,1,7.248079,0.948736,4.183149
aaaaajrf_s001_t000,power_line,0.0,naive,1,20.440587,0.999853,14.567527
aaaaajrf_s002_t000,power_line,0.0,naive,1,20.694854,0.999869,7.133524
aaaaajrf_s003_t002,power_line,0.0,naive,1,14.063928,0.997456,19.009181
aaaaajrf_s004_t000,power_line,0.0,naive,1,2.908600,0.725935,2.539476
aaaaajso_s001_t000,power_line,0.0,naive,1,8.418788,0.969010,5.547620
aaaaajtg_s001_t000,power_line,0.0,naive,0,-0.721897,0.342462,18.870991
aaaaajtu_s001_t000,power_line,0.0,naive,0,-2.244435,0.208428,8.420187
aaaaajuh_s001_t000,power_line,0.0,naive,1,5.783556,0.905685,12.376840
aaaaajun_s001_t000,power_line,0.0,naive,0,6.069413,0.916070,8.807947
aaaaajvh_s001_t001,power_line,0.0,naive,0,-1.531627,0.265984,13.768592
aaaaajxp_s001_t000,power_line,0.0,naive,0,2.320349,0.670525,3.772829
aaaaakck_s001_t001,power_line,0.0,naive,1,2.406240,0.678969,3.642311
aaaaakcx_s001_t001,power_line,0.0,naive,1,7.346907,0.950847,5.068106
aaaaakcy_s005_t001,power_line,0.0,naive,1,14.166034,0.997570,10.786177
aaaaakdj_s001_t000,power_line,0.0,naive,1,0.198747,0.440311,5.889626
aaaaakdo_s001_t000,power_line,0.0,naive,1,0.298033,0.451299,9.297612
aaaaakeq_s001_t000,power_line,0.0,naive,1,5.495904,0.894087,19.674746
aaaaakeq_s002_t000,power_line,0.0,naive,1,6.508541,0.930010,10.627825
aaaaakeq_s003_t000,power_line,0.0,naive,1,6.145257,0.918646,19.059580
aaaaakev_s001_t001,power_line,0.0,naive,1,19.539225,0.999781,43.721619
aaaaakev_s002_t000,power_line,0.0,naive,1,14.644615,0.998038,12.853549
aaaaakft_s001_t000,power_line,0.0,naive,0,-2.706674,0.176316,7.961435
aaaaakgp_s001_t001,power_line,0.0,naive,0,2.523990,0.690357,2.366151
aaaaakgu_s001_t000,power_line,0.0,naive,1,-0.513673,0.363765,1.074850
aaaaakjk_s002_t002,power_line,0.0,naive,1,1.839849,0.621354,13.583789
aaaaakjk_s003_t000,power_line,0.0,naive,1,3.350775,0.763540,0.876319
aaaaakka_s001_t001,power_line,0.0,naive,0,-0.180343,0.398977,11.171774
aaaaakmg_s003_t001,power_line,0.0,naive,1,5.585111,0.897812,3.166332
aaaaakmh_s001_t000,power_line,0.0,naive,1,-2.443388,0.194104,3.451138
aaaaaknt_s001_t000,power_line,0.0,naive,1,2.103981,0.648768,5.954333
aaaaakoo_s001_t001,power_line,0.0,naive,1,16.159716,0.999004,10.610604
aaaaakqg_s001_t001,power_line,0.0,naive,0,-0.605164,0.354333,8.495553
aaaaakqr_s001_t000,power_line,0.0,naive,0,-0.247529,0.391782,7.128685
aaaaakrt_s001_t001,power_line,0.0,naive,1,7.288959,0.949620,1.582364
aaaaakrt_s002_t001,power_line,0.0,naive,1,5.670219,0.901258,3.654162
aaaaaksb_s001_t000,power_line,0.0,naive,0,-2.645835,0.180309,9.220853
aaaaaksu_s001_t001,power_line,0.0,naive,0,0.645302,0.490039,5.187647
aaaaakxz_s001_t001,power_line,0.0,naive,1,3.477208,0.773613,1.621418
aaaaakxz_s002_t001,power_line,0.0,naive,1,8.747876,0.973144,7.066471
aaaaalaf_s001_t000,power_line,0.0,naive,0,-0.101977,0.407424,2.591543
aaaaalau_s001_t000,power_line,0.0,naive,1,3.152247,0.747108,3.792456
aaaaalbh_s001_t000,power_line,0.0,naive,1,3.526871,0.777486,4.703390
aaaaalbt_s001_t001,power_line,0.0,naive,0,-1.243115,0.291968,7.012303
aaaaalbt_s002_t000,power_line,0.0,naive,0,-0.458712,0.369482,3.462612
aaaaalbz_s006_t000,power_line,0.0,naive,1,13.943059,0.997315,18.961517
aaaaalid_s001_t001,power_line,0.0,naive,0,6.077484,0.916348,17.657987
aaaaaljf_s001_t000,power_line,0.0,naive,1,2.378337,0.676239,12.086873
aaaaaljj_s001_t000,power_line,0.0,naive,0,-1.733232,0.248727,5.269398
aaaaallc_s001_t001,power_line,0.0,naive,0,2.567342,0.694494,8.517033
aaaaalle_s002_t000,power_line,0.0,naive,1,3.586529,0.782075,5.425728
aaaaalox_s001_t001,power_line,0.0,naive,0,3.033040,0.736885,8.242773
aaaaalpv_s001_t000,power_line,0.0,naive,0,0.963096,0.525608,10.431614
aaaaalqa_s001_t000,power_line,0.0,naive,0,-0.558227,0.359158,6.532253
aaaaalqr_s001_t001,power_line,0.0,naive,1,-0.750094,0.339623,1.481322
aaaaalqs_s001_t001,power_line,0.0,naive,0,-0.085258,0.409234,4.583157
aaaaalqx_s001_t000,power_line,0.0,naive,0,-2.683156,0.177852,7.940979
aaaaalrc_s002_t000,power_line,0.0,naive,1,22.476723,0.999941,3.595152
aaaaalsq_s001_t000,power_line,0.0,naive,0,-0.959154,0.318943,1.633604
aaaaalsx_s001_t000,power_line,0.0,naive,1,-0.278574,0.388473,3.901325
aaaaalsx_s004_t001,power_line,0.0,naive,1,3.055474,0.738829,1.570797
aaaaaluz_s001_t001,power_line,0.0,naive,0,-2.523935,0.188522,2.910696
aaaaalvw_s001_t000,power_line,0.0,naive,0,-4.077309,0.103814,3.779798
aaaaalvz_s001_t000,power_line,0.0,naive,1,19.551966,0.999782,21.925967
aaaaalxk_s001_t000,power_line,0.0,naive,0,-0.013147,0.417066,2.317114
aaaaalyr_s001_t000,power_line,0.0,naive,1,2.583225,0.696001,2.688639
aaaaalzk_s002_t001,power_line,0.0,naive,1,11.759286,0.992890,11.725106
aaaaamcb_s001_t001,power_line,0.0,naive,1,9.038820,0.976348,9.825292
aaaaamfe_s001_t001,power_line,0.0,naive,0,5.035054,0.872887,3.172492
aaaaamft_s001_t001,power_line,0.0,naive,1,-0.119659,0.405513,2.293746
aaaaamfu_s001_t000,power_line,0.0,naive,0,-0.669844,0.347732,3.719530
aaaaamhi_s001_t000,power_line,0.0,naive,1,10.237526,0.986039,19.887537
aaaaamhk_s001_t000,power_line,0.0,naive,1,4.085746,0.817790,5.680799
aaaaamjc_s001_t001,power_line,0.0,naive,1,7.703557,0.957799,7.490896
aaaaammh_s001_t001,power_line,0.0,naive,1,1.304620,0.563535,5.879279
aaaaamnq_s001_t000,power_line,0.0,naive,1,8.946149,0.975370,19.653452
aaaaamnq_s002_t000,power_line,0.0,naive,1,7.716369,0.958031,9.100375
aaaaamon_s001_t000,power_line,0.0,naive,0,0.612427,0.486359,13.012306
aaaaampz_s001_t000,power_line,0.0,naive,1,0.529174,0.477048,2.887575
aaaaamrj_s001_t000,power_line,0.0,naive,0,-0.111790,0.406363,4.038978
aaaaamsc_s001_t000,power_line,0.0,naive,1,5.013162,0.871795,1.314176
aaaaamtb_s001_t000,power_line,0.0,naive,0,1.135189,0.544784,4.176812
aaaaamuc_s001_t000,power_line,0.0,naive,0,0.947841,0.523904,2.070485
aaaaamxn_s001_t000,power_line,0.0,naive,1,1.264926,0.559156,5.301819
aaaaamyb_s001_t001,power_line,0.0,naive,0,-0.026831,0.415577,6.852923
aaaaamye_s001_t000,power_line,0.0,naive,1,11.143989,0.990655,6.630373
aaaaamzi_s001_t001,power_line,0.0,naive,1,7.327522,0.950440,6.941970
aaaaamzl_s001_t000,power_line,0.0,naive,0,-0.737782,0.340861,5.803884
aaaaamzx_s001_t000,power_line,0.0,naive,0,-5.512086,0.057415,5.415379
aaaaanbq_s001_t000,power_line,0.0,naive,0,-0.168200,0.400282,4.251944
aaaaanek_s001_t000,power_line,0.0,naive,0,-4.502498,0.087382,2.299409
aaaaangp_s001_t000,power_line,0.0,naive,0,0.950804,0.524235,3.540022
aaaaanhb_s001_t003,power_line,0.0,naive,1,5.132078,0.877632,12.454801
aaaaanhb_s003_t001,power_line,0.0,naive,1,3.676854,0.788893,3.592805
aaaaanhb_s005_t000,power_line,0.0,naive,1,6.373321,0.925963,3.895067
aaaaankf_s001_t000,power_line,0.0,naive,1,5.382504,0.889179,2.741923
aaaaanlp_s001_t000,power_line,0.0,naive,0,-0.955305,0.319318,2.512143
aaaaanmc_s001_t000,power_line,0.0,naive,1,7.289541,0.949632,7.599604
aaaaanop_s001_t000,power_line,0.0,naive,0,-2.507817,0.189629,6.003969
aaaaanoz_s001_t000,power_line,0.0,naive,1,-1.450080,0.273177,6.366135
aaaaanpr_s001_t002,power_line,0.0,naive,1,4.963495,0.869287,6.348877
aaaaanqe_s001_t000,power_line,0.0,naive,0,-2.103024,0.219073,2.540199
aaaaanro_s001_t000,power_line,0.0,naive,1,2.921701,0.727101,3.435514
aaaaansj_s001_t000,power_line,0.0,naive,1,3.932734,0.807352,8.057858
aaaaanta_s001_t000,power_line,0.0,naive,1,7.552395,0.954975,7.104561
aaaaanum_s001_t000,power_line,0.0,naive,0,0.772395,0.504272,2.575234
aaaaanvb_s002_t000,power_line,0.0,naive,0,-2.123193,0.217531,10.227799
aaaaanvg_s001_t002,power_line,0.0,naive,0,4.871207,0.864517,4.646493
aaaaanvw_s001_t000,power_line,0.0,naive,0,-4.074215,0.103943,6.978605
aaaaanwc_s001_t001,power_line,0.0,naive,1,10.643349,0.988332,65.865070
aaaaanxl_s001_t000,power_line,0.0,naive,1,7.416958,0.952293,4.630524
aaaaanyb_s001_t001,power_line,0.0,naive,0,0.034231,0.422235,3.549735
aaaaanyt_s002_t000,power_line,0.0,naive,1,-1.175139,0.298303,5.595660
aaaaanyw_s001_t000,power_line,0.0,naive,1,5.451507,0.892189,2.926596
aaaaanyw_s002_t000,power_line,0.0,naive,1,3.967731,0.809779,9.544641
aaaaanzh_s001_t000,power_line,0.0,naive,1,2.632786,0.700678,9.690955
aaaaanzu_s001_t003,power_line,0.0,naive,1,4.817813,0.861691,11.559145
aaaaaoav_s001_t000,power_line,0.0,naive,0,-2.046780,0.223414,6.610588
aaaaaoav_s002_t000,power_line,0.0,naive,0,-3.480332,0.131461,4.900391
aaaaaobi_s001_t000,power_line,0.0,naive,1,-2.869599,0.165965,9.893408
aaaaaobl_s001_t000,power_line,0.0,naive,0,-1.417042,0.276126,2.318049
aaaaaoby_s001_t000,power_line,0.0,naive,0,0.202722,0.440750,4.985541
aaaaaoda_s001_t000,power_line,0.0,naive,1,9.204234,0.978000,5.586938
aaaaaoeg_s001_t000,power_line,0.0,naive,0,-2.068131,0.221759,7.901376
aaaaaofj_s001_t000,power_line,0.0,naive,0,-0.095648,0.408109,2.612759
aaaaaofr_s001_t000,power_line,0.0,naive,0,3.036399,0.737177,3.026208
aaaaaofz_s001_t000,power_line,0.0,naive,0,0.295866,0.451059,12.938644
aaaaaohb_s001_t000,power_line,0.0,naive,1,4.346449,0.834552,3.957965
aaaaaohr_s002_t001,power_line,0.0,naive,1,7.106116,0.945553,4.230247
aaaaaoiq_s001_t000,power_line,0.0,naive,1,3.159080,0.747686,6.876832
aaaaaoiv_s001_t000,power_line,0.0,naive,1,-2.760816,0.172821,1.165474
aaaaaoiv_s002_t001,power_line,0.0,naive,1,12.747963,0.995423,8.693456
aaaaaoiv_s003_t003,power_line,0.0,naive,1,8.975880,0.975688,0.926751
aaaaaojd_s001_t002,power_line,0.0,naive,0,0.715721,0.497925,5.534734
aaaaaokg_s001_t000,power_line,0.0,naive,0,4.442336,0.840398,13.469512
aaaaaoly_s001_t000,power_line,0.0,naive,0,-1.564349,0.263132,8.053724
aaaaaome_s001_t000,power_line,0.0,naive,0,-2.905804,0.163732,4.169390
aaaaaomx_s001_t000,power_line,0.0,naive,0,-4.770796,0.078261,16.510837
aaaaaomy_s001_t000,power_line,0.0,naive,1,6.492786,0.929549,24.583196
aaaaaonb_s001_t000,power_line,0.0,naive,0,1.080132,0.538661,10.865806
aaaaaons_s002_t002,power_line,0.0,naive,1,4.969731,0.869604,5.127509
aaaaaopd_s001_t000,power_line,0.0,naive,0,-1.343208,0.282786,8.220760
aaaaaopo_s001_t000,power_line,0.0,naive,0,1.830994,0.620421,13.562116
aaaaaora_s002_t000,power_line,0.0,naive,1,3.771619,0.795877,5.597284
aaaaaord_s001_t000,power_line,0.0,naive,1,1.457439,0.580295,2.900876
aaaaaosh_s001_t000,power_line,0.0,naive,1,-0.036640,0.414510,0.841038
aaaaaosw_s001_t000,power_line,0.0,naive,0,0.295907,0.451064,8.100683
aaaaaote_s001_t000,power_line,0.0,naive,0,1.746366,0.611452,4.520408
aaaaaout_s001_t000,power_line,0.0,naive,1,3.209824,0.751950,4.204667
aaaaaovl_s001_t000,power_line,0.0,naive,1,11.027176,0.990158,5.246840
aaaaaovo_s001_t000,power_line,0.0,naive,1,8.333279,0.967839,7.357240
aaaaaowb_s001_t000,power_line,0.0,naive,0,1.928453,0.630647,6.014769
aaaaaoxf_s001_t000,power_line,0.0,naive,0,-3.245540,0.143943,4.585502
aaaaaozf_s001_t001,power_line,0.0,naive,0,0.659726,0.491654,11.804126
aaaaapag_s001_t000,power_line,0.0,naive,0,-2.071636,0.221488,23.075816
aaaaapar_s001_t000,power_line,0.0,naive,1,23.693805,0.999966,13.908178
aaaaapcb_s001_t000,power_line,0.0,naive,0,4.558990,0.847284,2.217943
aaaaapcy_s001_t002,power_line,0.0,naive,0,-2.556126,0.186326,5.566777
aaaaapdg_s001_t000,power_line,0.0,naive,0,-3.183719,0.147390,6.380574
aaaaaphs_s001_t000,power_line,0.0,naive,1,6.986149,0.942719,3.262376
aaaaaphw_s001_t000,power_line,0.0,naive,0,1.390799,0.573007,4.234680
aaaaapij_s001_t000,power_line,0.0,naive,0,1.029803,0.533053,4.399086
aaaaapjc_s001_t001,power_line,0.0,naive,0,-1.583883,0.261438,5.766098
aaaaapka_s001_t000,power_line,0.0,naive,0,-1.182554,0.297608,1.294607
aaaaapkx_s001_t001,power_line,0.0,naive,1,-1.361944,0.281086,16.985099
aaaaaply_s001_t001,power_line,0.0,naive,1,7.891081,0.961067,16.908528
aaaaapmb_s002_t001,power_line,0.0,naive,1,5.843687,0.907961,2.346296
aaaaapmp_s001_t000,power_line,0.0,naive,1,1.365432,0.570224,7.410454
aaaaapnr_s001_t000,power_line,0.0,naive,1,-3.362985,0.137581,7.891492
aaaaapoc_s001_t000,power_line,0.0,naive,1,6.247211,0.921995,6.286682
aaaaapof_s001_t000,power_line,0.0,naive,0,-3.521775,0.129356,8.060072
aaaaapoo_s001_t000,power_line,0.0,naive,0,0.420666,0.464937,10.509708
aaaaapoq_s001_t000,power_line,0.0,naive,0,3.013775,0.735208,1.577958
aaaaappb_s001_t000,power_line,0.0,naive,0,-0.879776,0.326717,4.528055
aaaaapqd_s001_t000,power_line,0.0,naive,1,5.115449,0.876830,4.563865
aaaaapqv_s001_t000,power_line,0.0,naive,0,0.823942,0.510044,13.702621
aaaaapta_s001_t000,power_line,0.0,naive,1,0.963348,0.525636,22.644238
aaaaapth_s001_t000,power_line,0.0,naive,1,3.238986,0.754379,3.281923
aaaaapua_s001_t001,power_line,0.0,naive,0,-7.479249,0.024612,7.573308
aaaaapuu_s001_t000,power_line,0.0,naive,0,0.850056,0.512967,5.874071
aaaaapvw_s001_t001,power_line,0.0,naive,1,6.372487,0.925937,4.914057
aaaaapvy_s001_t000,power_line,0.0,naive,1,0.842936,0.512170,8.681796
aaaaapwn_s001_t001,power_line,0.0,naive,0,0.829015,0.510612,7.535963
aaaaapwo_s001_t001,power_line,0.0,naive,1,10.299481,0.986416,3.260936
aaaaapxm_s001_t001,power_line,0.0,naive,0,-1.437695,0.274280,10.611378
aaaaapys_s001_t001,power_line,0.0,naive,1,12.933863,0.995787,5.032381
aaaaapys_s002_t001,power_line,0.0,naive,1,6.922974,0.941172,3.699277
aaaaaayx_s002_t000,power_line,15.0,canonicalized,0,0.790031,0.506247,6.002127
aaaaabdo_s003_t000,power_line,15.0,canonicalized,1,10.248231,0.986104,5.490521
aaaaabsk_s007_t000,power_line,15.0,canonicalized,1,1.810376,0.618243,10.302671
aaaaabuv_s002_t000,power_line,15.0,canonicalized,1,3.161710,0.747908,3.227543
aaaaacad_s003_t000,power_line,15.0,canonicalized,0,1.559845,0.591425,2.901996
aaaaacby_s004_t000,power_line,15.0,canonicalized,0,1.092412,0.540028,1.244919
aaaaaddm_s006_t000,power_line,15.0,canonicalized,1,5.313179,0.886082,7.953836
aaaaadeu_s002_t000,power_line,15.0,canonicalized,1,4.886449,0.865315,5.673526
aaaaadjk_s002_t000,power_line,15.0,canonicalized,0,-0.091893,0.408516,2.818313
aaaaadkb_s002_t000,power_line,15.0,canonicalized,1,8.972783,0.975655,3.895728
aaaaadsm_s002_t001,power_line,15.0,canonicalized,0,-3.164324,0.148485,3.709158
aaaaaeab_s003_t000,power_line,15.0,canonicalized,0,0.892549,0.517722,3.602601
aaaaaejc_s003_t001,power_line,15.0,canonicalized,0,0.627967,0.488099,7.175054
aaaaaezn_s003_t001,power_line,15.0,canonicalized,1,0.202496,0.440725,12.830759
aaaaafhl_s003_t000,power_line,15.0,canonicalized,1,3.229373,0.753580,5.176422
aaaaagfk_s003_t000,power_line,15.0,canonicalized,0,-0.887930,0.325914,1.888304
aaaaagsc_s003_t001,power_line,15.0,canonicalized,1,6.292169,0.923431,13.335887
aaaaagsc_s006_t001,power_line,15.0,canonicalized,1,0.610828,0.486181,2.024398
aaaaaguk_s002_t001,power_line,15.0,canonicalized,0,-4.055588,0.104723,14.540944
aaaaagvx_s002_t000,power_line,15.0,canonicalized,1,2.091278,0.647470,6.639658
aaaaagvx_s003_t001,power_line,15.0,canonicalized,1,2.369602,0.675381,1.675782
aaaaagyr_s002_t000,power_line,15.0,canonicalized,1,0.327668,0.454589,2.477258
aaaaahie_s005_t001,power_line,15.0,canonicalized,1,8.406565,0.968845,3.348284
aaaaahsv_s002_t000,power_line,15.0,canonicalized,0,-0.665672,0.348156,4.838984
aaaaahte_s002_t000,power_line,15.0,canonicalized,1,7.407882,0.952108,8.943510
aaaaahte_s003_t000,power_line,15.0,canonicalized,1,9.692036,0.982242,5.702582
aaaaahuy_s002_t000,power_line,15.0,canonicalized,1,0.396854,0.462284,2.076018
aaaaahzi_s001_t000,power_line,15.0,canonicalized,0,1.323945,0.565663,2.256021
aaaaahzm_s001_t001,power_line,15.0,canonicalized,0,1.636680,0.599716,1.987403
aaaaahzq_s001_t000,power_line,15.0,canonicalized,0,-4.586550,0.084426,4.591116
aaaaahzs_s001_t001,power_line,15.0,canonicalized,0,1.167481,0.548369,2.293050
aaaaaiae_s001_t000,power_line,15.0,canonicalized,0,2.179462,0.656434,3.471367
aaaaaibx_s001_t000,power_line,15.0,canonicalized,0,-2.642850,0.180507,4.861619
aaaaaiby_s001_t000,power_line,15.0,canonicalized,0,-0.648566,0.349897,7.310029
aaaaaici_s001_t000,power_line,15.0,canonicalized,0,-2.843697,0.167578,14.705890
aaaaaicn_s001_t000,power_line,15.0,canonicalized,0,1.406403,0.574716,4.288094
aaaaaijh_s002_t000,power_line,15.0,canonicalized,1,-4.413752,0.090605,6.545184
aaaaaijn_s001_t001,power_line,15.0,canonicalized,0,-0.342754,0.381664,3.036471
aaaaairb_s001_t001,power_line,15.0,canonicalized,0,3.432642,0.770097,3.619453
aaaaairo_s001_t000,power_line,15.0,canonicalized,0,-4.266711,0.096181,9.918452
aaaaaitt_s001_t000,power_line,15.0,canonicalized,0,-1.161471,0.299586,5.027148
aaaaaiue_s004_t000,power_line,15.0,canonicalized,1,1.963650,0.634312,2.388697
aaaaaiuo_s002_t000,power_line,15.0,canonicalized,0,1.287949,0.561697,5.585857
aaaaaiwz_s001_t001,power_line,15.0,canonicalized,0,-0.789457,0.335679,2.333062
aaaaaiyy_s001_t001,power_line,15.0,canonicalized,0,-1.791783,0.243858,7.322752
aaaaaizd_s001_t001,power_line,15.0,canonicalized,0,0.718487,0.498235,10.462798
aaaaaizs_s001_t000,power_line,15.0,canonicalized,0,0.335451,0.455454,2.844267
aaaaajae_s001_t001,power_line,15.0,canonicalized,0,3.374529,0.765456,1.358813
aaaaajah_s002_t001,power_line,15.0,canonicalized,1,-0.241662,0.392408,5.674486
aaaaajah_s004_t000,power_line,15.0,canonicalized,1,1.581088,0.593723,3.265662
aaaaajal_s001_t001,power_line,15.0,canonicalized,0,-2.751242,0.173435,0.595600
aaaaajam_s001_t000,power_line,15.0,canonicalized,1,1.664022,0.602653,0.788745
aaaaajar_s001_t001,power_line,15.0,canonicalized,0,-1.637403,0.256835,9.915666
aaaaajbb_s001_t000,power_line,15.0,canonicalized,0,2.383528,0.676748,5.798996
aaaaajbh_s002_t000,power_line,15.0,canonicalized,0,1.586519,0.594310,3.167570
aaaaajce_s001_t000,power_line,15.0,canonicalized,0,-0.968506,0.318034,3.754185
aaaaajci_s001_t000,power_line,15.0,canonicalized,0,1.744421,0.611245,2.273386
aaaaajck_s001_t000,power_line,15.0,canonicalized,0,-3.391573,0.136068,4.562484
aaaaajct_s001_t000,power_line,15.0,canonicalized,0,1.318811,0.565098,1.503896
aaaaajcu_s001_t000,power_line,15.0,canonicalized,0,-0.887477,0.325959,3.273157
aaaaajda_s001_t000,power_line,15.0,canonicalized,0,-2.507272,0.189667,3.489275
aaaaajdb_s001_t000,power_line,15.0,canonicalized,0,-2.674723,0.178405,9.909373
aaaaajdv_s001_t000,power_line,15.0,canonicalized,0,0.531989,0.477363,11.611403
aaaaajdy_s001_t000,power_line,15.0,canonicalized,0,-2.323363,0.202654,6.509500
aaaaajdz_s001_t000,power_line,15.0,canonicalized,0,-0.977275,0.317183,4.047299
aaaaajea_s001_t000,power_line,15.0,canonicalized,0,3.815892,0.799080,2.761798
aaaaajen_s001_t000,power_line,15.0,canonicalized,0,-0.687754,0.345914,3.002462
aaaaajey_s001_t000,power_line,15.0,canonicalized,0,-0.608564,0.353984,10.351671
aaaaajfb_s001_t000,power_line,15.0,canonicalized,0,-3.254165,0.143468,10.316127
aaaaajfe_s001_t000,power_line,15.0,canonicalized,0,-0.640478,0.350722,2.363642
aaaaajff_s001_t000,power_line,15.0,canonicalized,0,-3.141188,0.149800,0.759673
aaaaajfi_s001_t001,power_line,15.0,canonicalized,0,-1.315004,0.285355,1.746337
aaaaajfn_s001_t001,power_line,15.0,canonicalized,0,-1.967699,0.229621,7.905128
aaaaajfy_s001_t000,power_line,15.0,canonicalized,0,-4.037523,0.105484,10.232159
aaaaajga_s001_t001,power_line,15.0,canonicalized,0,1.143909,0.545753,9.193783
aaaaajhy_s001_t000,power_line,15.0,canonicalized,0,-4.003783,0.106919,7.419274
aaaaajit_s001_t001,power_line,15.0,canonicalized,0,-0.411653,0.374407,4.140795
aaaaajiu_s001_t000,power_line,15.0,canonicalized,0,0.017720,0.420432,8.860214
aaaaajiy_s001_t001,power_line,15.0,canonicalized,0,-1.295827,0.287111,6.976221
aaaaajiz_s001_t000,power_line,15.0,canonicalized,0,-0.630996,0.351690,10.204692
aaaaajjb_s001_t001,power_line,15.0,canonicalized,0,0.916056,0.520351,5.219934
aaaaajje_s001_t000,power_line,15.0,canonicalized,0,-2.965760,0.160088,13.757818
aaaaajjk_s001_t000,power_line,15.0,canonicalized,0,2.264701,0.664994,5.529372
aaaaajna_s001_t000,power_line,15.0,canonicalized,0,-4.666301,0.081705,6.320736
aaaaajnu_s001_t000,power_line,15.0,canonicalized,0,-3.140693,0.149829,6.024160
aaaaajon_s001_t000,power_line,15.0,canonicalized,0,-0.540694,0.360968,14.611300
aaaaajoo_s002_t001,power_line,15.0,canonicalized,1,0.751981,0.501986,8.543861
aaaaajpg_s001_t001,power_line,15.0,canonicalized,0,-3.046865,0.155262,4.392631
aaaaajqh_s004_t000,power_line,15.0,canonicalized,1,10.831383,0.989265,10.493331
aaaaajqk_s003_t001,power_line,15.0,canonicalized,1,7.087225,0.945116,5.059181
aaaaajrf_s001_t000,power_line,15.0,canonicalized,1,20.514946,0.999858,13.770502
aaaaajrf_s002_t000,power_line,15.0,canonicalized,1,21.548510,0.999911,5.541316
aaaaajrf_s003_t002,power_line,15.0,canonicalized,1,17.125220,0.999353,13.001996
aaaaajrf_s004_t000,power_line,15.0,canonicalized,1,2.936790,0.728440,2.730197
aaaaajso_s001_t000,power_line,15.0,canonicalized,1,8.422258,0.969057,5.772463
aaaaajtg_s001_t000,power_line,15.0,canonicalized,0,-0.608014,0.354041,19.106207
aaaaajtu_s001_t000,power_line,15.0,canonicalized,0,-2.247945,0.208169,7.742637
aaaaajuh_s001_t000,power_line,15.0,canonicalized,1,5.419246,0.890791,9.071215
aaaaajun_s001_t000,power_line,15.0,canonicalized,0,5.857693,0.908484,9.669033
aaaaajvh_s001_t001,power_line,15.0,canonicalized,0,-1.456158,0.272637,12.817320
aaaaajxp_s001_t000,power_line,15.0,canonicalized,0,2.223485,0.660868,3.834905
aaaaakck_s001_t001,power_line,15.0,canonicalized,1,2.732714,0.709982,4.219104
aaaaakcx_s001_t001,power_line,15.0,canonicalized,1,7.478251,0.953526,5.290884
aaaaakcy_s005_t001,power_line,15.0,canonicalized,1,14.202523,0.997609,9.019783
aaaaakdj_s001_t000,power_line,15.0,canonicalized,1,0.546450,0.478979,5.783238
aaaaakdo_s001_t000,power_line,15.0,canonicalized,1,0.347096,0.456748,8.358924
aaaaakeq_s001_t000,power_line,15.0,canonicalized,1,5.730516,0.903636,21.093051
aaaaakeq_s002_t000,power_line,15.0,canonicalized,1,6.693651,0.935219,11.277395
aaaaakeq_s003_t000,power_line,15.0,canonicalized,1,6.406739,0.926982,16.086965
aaaaakev_s001_t001,power_line,15.0,canonicalized,1,19.646245,0.999791,44.608558
aaaaakev_s002_t000,power_line,15.0,canonicalized,1,16.581266,0.999175,15.150315
aaaaakft_s001_t000,power_line,15.0,canonicalized,0,-1.999576,0.227105,9.689864
aaaaakgp_s001_t001,power_line,15.0,canonicalized,0,2.738187,0.710487,2.421513
aaaaakgu_s001_t000,power_line,15.0,canonicalized,1,-0.593973,0.355481,1.100106
aaaaakjk_s002_t002,power_line,15.0,canonicalized,1,3.526104,0.777426,7.253714
aaaaakjk_s003_t000,power_line,15.0,canonicalized,1,3.373145,0.765344,1.057986
aaaaakka_s001_t001,power_line,15.0,canonicalized,0,-0.200216,0.396844,10.481319
aaaaakmg_s003_t001,power_line,15.0,canonicalized,1,8.495037,0.970020,3.242787
aaaaakmh_s001_t000,power_line,15.0,canonicalized,1,0.242898,0.445191,5.163997
aaaaaknt_s001_t000,power_line,15.0,canonicalized,1,2.209626,0.659476,5.992481
aaaaakoo_s001_t001,power_line,15.0,canonicalized,1,19.131005,0.999737,11.731011
aaaaakqg_s001_t001,power_line,15.0,canonicalized,0,-0.146633,0.402604,10.508411
aaaaakqr_s001_t000,power_line,15.0,canonicalized,0,-0.362041,0.379627,7.404929
aaaaakrt_s001_t001,power_line,15.0,canonicalized,1,7.359148,0.951103,1.792774
aaaaakrt_s002_t001,power_line,15.0,canonicalized,1,5.745964,0.904237,3.619505
aaaaaksb_s001_t000,power_line,15.0,canonicalized,0,-2.771350,0.172148,8.689646
aaaaaksu_s001_t001,power_line,15.0,canonicalized,0,0.694952,0.495599,5.158838
aaaaakxz_s001_t001,power_line,15.0,canonicalized,1,3.873379,0.803183,1.620061
aaaaakxz_s002_t001,power_line,15.0,canonicalized,1,9.227509,0.978224,7.070193
aaaaalaf_s001_t000,power_line,15.0,canonicalized,0,-0.163883,0.400746,2.339724
aaaaalau_s001_t000,power_line,15.0,canonicalized,1,3.008530,0.734751,3.705085
aaaaalbh_s001_t000,power_line,15.0,canonicalized,1,3.459053,0.772185,5.228153
aaaaalbt_s001_t001,power_line,15.0,canonicalized,0,-1.260856,0.290328,7.001823
aaaaalbt_s002_t000,power_line,15.0,canonicalized,0,-0.703984,0.344271,4.455170
aaaaalbz_s006_t000,power_line,15.0,canonicalized,1,13.905053,0.997269,18.818786
aaaaalid_s001_t001,power_line,15.0,canonicalized,0,6.685952,0.935010,14.744351
aaaaaljf_s001_t000,power_line,15.0,canonicalized,1,2.654248,0.702691,10.683025
aaaaaljj_s001_t000,power_line,15.0,canonicalized,0,-1.739459,0.248206,4.668668
aaaaallc_s001_t001,power_line,15.0,canonicalized,0,2.725194,0.709288,8.549122
aaaaalle_s002_t000,power_line,15.0,canonicalized,1,3.519067,0.776880,5.163662
aaaaalox_s001_t001,power_line,15.0,canonicalized,0,3.063214,0.739498,8.878399
aaaaalpv_s001_t000,power_line,15.0,canonicalized,0,0.995860,0.529266,11.001327
aaaaalqa_s001_t000,power_line,15.0,canonicalized,0,-0.396487,0.376000,5.907703
aaaaalqr_s001_t001,power_line,15.0,canonicalized,1,3.912127,0.805912,5.732260
aaaaalqs_s001_t001,power_line,15.0,canonicalized,0,0.019109,0.420584,4.066935
aaaaalqx_s001_t000,power_line,15.0,canonicalized,0,-2.865358,0.166228,7.995597
aaaaalrc_s002_t000,power_line,15.0,canonicalized,1,22.612649,0.999945,2.786909
aaaaalsq_s001_t000,power_line,15.0,canonicalized,0,-0.757024,0.338927,1.569288
aaaaalsx_s001_t000,power_line,15.0,canonicalized,1,-0.323923,0.383657,3.778253
aaaaalsx_s004_t001,power_line,15.0,canonicalized,1,3.937764,0.807703,1.400615
aaaaaluz_s001_t001,power_line,15.0,canonicalized,0,-2.479950,0.191555,2.810004
aaaaalvw_s001_t000,power_line,15.0,canonicalized,0,-4.072802,0.104002,3.537915
aaaaalvz_s001_t000,power_line,15.0,canonicalized,1,17.743783,0.999510,16.856944
aaaaalxk_s001_t000,power_line,15.0,canonicalized,0,0.052145,0.424195,2.090808
aaaaalyr_s001_t000,power_line,15.0,canonicalized,1,2.664621,0.703661,2.275515
aaaaalzk_s002_t001,power_line,15.0,canonicalized,1,11.657793,0.992562,11.205006
aaaaamcb_s001_t001,power_line,15.0,canonicalized,1,8.583828,0.971155,8.100313
aaaaamfe_s001_t001,power_line,15.0,canonicalized,0,4.923640,0.867245,3.492150
aaaaamft_s001_t001,power_line,15.0,canonicalized,1,4.521525,0.845099,12.280070
aaaaamfu_s001_t000,power_line,15.0,canonicalized,0,-0.638185,0.350956,3.722037
aaaaamhi_s001_t000,power_line,15.0,canonicalized,1,13.322775,0.996458,22.641557
aaaaamhk_s001_t000,power_line,15.0,canonicalized,1,3.968691,0.809845,5.796697
aaaaamjc_s001_t001,power_line,15.0,canonicalized,1,9.988142,0.984414,7.866862
aaaaammh_s001_t001,power_line,15.0,canonicalized,1,2.873129,0.722762,8.648095
aaaaamnq_s001_t000,power_line,15.0,canonicalized,1,9.235669,0.978301,20.062518
aaaaamnq_s002_t000,power_line,15.0,canonicalized,1,8.082579,0.964153,8.483355
aaaaamon_s001_t000,power_line,15.0,canonicalized,0,0.949117,0.524046,14.266880
aaaaampz_s001_t000,power_line,15.0,canonicalized,1,2.899288,0.725104,3.196126
aaaaamrj_s001_t000,power_line,15.0,canonicalized,0,-0.294366,0.386793,4.904189
aaaaamsc_s001_t000,power_line,15.0,canonicalized,1,4.890085,0.865505,1.226581
aaaaamtb_s001_t000,power_line,15.0,canonicalized,0,1.337410,0.567145,4.123820
aaaaamuc_s001_t000,power_line,15.0,canonicalized,0,0.867894,0.514963,2.216650
aaaaamxn_s001_t000,power_line,15.0,canonicalized,1,1.410300,0.575143,6.158370
aaaaamyb_s001_t001,power_line,15.0,canonicalized,0,-0.219065,0.394824,6.475431
aaaaamye_s001_t000,power_line,15.0,canonicalized,1,15.266060,0.998514,16.856265
aaaaamzi_s001_t001,power_line,15.0,canonicalized,1,7.906417,0.961323,9.258437
aaaaamzl_s001_t000,power_line,15.0,canonicalized,0,-0.513285,0.363805,5.534341
aaaaamzx_s001_t000,power_line,15.0,canonicalized,0,-5.498473,0.057746,5.114976
aaaaanbq_s001_t000,power_line,15.0,canonicalized,0,-0.361608,0.379673,4.012438
aaaaanek_s001_t000,power_line,15.0,canonicalized,0,-4.509803,0.087122,2.140921
aaaaangp_s001_t000,power_line,15.0,canonicalized,0,0.852088,0.513195,3.513988
aaaaanhb_s001_t003,power_line,15.0,canonicalized,1,5.425325,0.891055,13.164515
aaaaanhb_s003_t001,power_line,15.0,canonicalized,1,3.558865,0.779955,3.713084
aaaaanhb_s005_t000,power_line,15.0,canonicalized,1,6.183440,0.919915,4.055900
aaaaankf_s001_t000,power_line,15.0,canonicalized,1,5.858275,0.908506,2.073132
aaaaanlp_s001_t000,power_line,15.0,canonicalized,0,-1.358020,0.281442,2.455026
aaaaanmc_s001_t000,power_line,15.0,canonicalized,1,7.281872,0.949468,7.233380
aaaaanop_s001_t000,power_line,15.0,canonicalized,0,-0.576207,0.357306,16.149563
aaaaanoz_s001_t000,power_line,15.0,canonicalized,1,-1.486319,0.269965,5.696230
aaaaanpr_s001_t002,power_line,15.0,canonicalized,1,5.440364,0.891708,6.809369
aaaaanqe_s001_t000,power_line,15.0,canonicalized,0,-1.918922,0.233509,2.861494
aaaaanro_s001_t000,power_line,15.0,canonicalized,1,2.870901,0.722562,4.933883
aaaaansj_s001_t000,power_line,15.0,canonicalized,1,3.949945,0.808549,8.569941
aaaaanta_s001_t000,power_line,15.0,canonicalized,1,7.601157,0.955905,7.612663
aaaaanum_s001_t000,power_line,15.0,canonicalized,0,0.717362,0.498109,2.479572
aaaaanvb_s002_t000,power_line,15.0,canonicalized,0,-1.617709,0.258523,10.415889
aaaaanvg_s001_t002,power_line,15.0,canonicalized,0,5.550587,0.896385,4.113097
aaaaanvw_s001_t000,power_line,15.0,canonicalized,0,-4.087035,0.103410,7.093947
aaaaanwc_s001_t001,power_line,15.0,canonicalized,1,9.831334,0.983299,48.447140
aaaaanxl_s001_t000,power_line,15.0,canonicalized,1,7.434672,0.952653,4.260821
aaaaanyb_s001_t001,power_line,15.0,canonicalized,0,0.055514,0.424563,3.919159
aaaaanyt_s002_t000,power_line,15.0,canonicalized,1,2.705066,0.707425,34.841680
aaaaanyw_s001_t000,power_line,15.0,canonicalized,1,5.523872,0.895268,2.848166
aaaaanyw_s002_t000,power_line,15.0,canonicalized,1,3.989613,0.811285,9.055217
aaaaanzh_s001_t000,power_line,15.0,canonicalized,1,2.701594,0.707103,9.852527
aaaaanzu_s001_t003,power_line,15.0,canonicalized,1,4.214103,0.826202,12.431115
aaaaaoav_s001_t000,power_line,15.0,canonicalized,0,-1.955228,0.230611,6.844174
aaaaaoav_s002_t000,power_line,15.0,canonicalized,0,-3.371590,0.137124,4.571445
aaaaaobi_s001_t000,power_line,15.0,canonicalized,1,-2.567657,0.185544,10.844051
aaaaaobl_s001_t000,power_line,15.0,canonicalized,0,-1.384701,0.279031,1.869617
aaaaaoby_s001_t000,power_line,15.0,canonicalized,0,0.682753,0.494233,5.327085
aaaaaoda_s001_t000,power_line,15.0,canonicalized,1,9.126928,0.977243,5.555463
aaaaaoeg_s001_t000,power_line,15.0,canonicalized,0,-2.238977,0.208832,7.815138
aaaaaofj_s001_t000,power_line,15.0,canonicalized,0,-0.133489,0.404021,2.936261
aaaaaofr_s001_t000,power_line,15.0,canonicalized,0,2.953942,0.729957,2.988549
aaaaaofz_s001_t000,power_line,15.0,canonicalized,0,0.223540,0.443050,13.067116
aaaaaohb_s001_t000,power_line,15.0,canonicalized,1,6.729066,0.936174,2.452737
aaaaaohr_s002_t001,power_line,15.0,canonicalized,1,7.158583,0.946751,4.616515
aaaaaoiq_s001_t000,power_line,15.0,canonicalized,1,2.999064,0.733923,6.481379
aaaaaoiv_s001_t000,power_line,15.0,canonicalized,1,-2.690844,0.177348,1.154925
aaaaaoiv_s002_t001,power_line,15.0,canonicalized,1,12.650900,0.995220,7.746519
aaaaaoiv_s003_t003,power_line,15.0,canonicalized,1,9.362585,0.979476,1.197715
aaaaaojd_s001_t002,power_line,15.0,canonicalized,0,0.579519,0.482677,5.673687
aaaaaokg_s001_t000,power_line,15.0,canonicalized,0,4.549976,0.846761,14.611345
aaaaaoly_s001_t000,power_line,15.0,canonicalized,0,-1.541748,0.265100,8.533948
aaaaaome_s001_t000,power_line,15.0,canonicalized,0,-2.982143,0.159103,3.822264
aaaaaomx_s001_t000,power_line,15.0,canonicalized,0,-2.424207,0.195452,6.429061
aaaaaomy_s001_t000,power_line,15.0,canonicalized,1,6.693872,0.935225,21.815061
aaaaaonb_s001_t000,power_line,15.0,canonicalized,0,1.233522,0.555686,10.195519
aaaaaons_s002_t002,power_line,15.0,canonicalized,1,5.123540,0.877221,4.605360
aaaaaopd_s001_t000,power_line,15.0,canonicalized,0,-1.217765,0.294321,8.271337
aaaaaopo_s001_t000,power_line,15.0,canonicalized,0,1.898836,0.627551,13.213654
aaaaaora_s002_t000,power_line,15.0,canonicalized,1,3.804899,0.798288,5.217201
aaaaaord_s001_t000,power_line,15.0,canonicalized,1,1.542947,0.589595,2.701433
aaaaaosh_s001_t000,power_line,15.0,canonicalized,1,0.210121,0.441567,0.795806
aaaaaosw_s001_t000,power_line,15.0,canonicalized,0,0.290000,0.450408,8.782862
aaaaaote_s001_t000,power_line,15.0,canonicalized,0,1.510862,0.586112,4.462364
aaaaaout_s001_t000,power_line,15.0,canonicalized,1,3.149559,0.746880,4.104915
aaaaaovl_s001_t000,power_line,15.0,canonicalized,1,11.220600,0.990967,5.884919
aaaaaovo_s001_t000,power_line,15.0,canonicalized,1,8.242703,0.966552,7.689895
aaaaaowb_s001_t000,power_line,15.0,canonicalized,0,1.976642,0.635662,5.944512
aaaaaoxf_s001_t000,power_line,15.0,canonicalized,0,-3.178481,0.147685,4.336284
aaaaaozf_s001_t001,power_line,15.0,canonicalized,0,0.846817,0.512605,12.339472
aaaaapag_s001_t000,power_line,15.0,canonicalized,0,-2.067705,0.221792,22.826382
aaaaapar_s001_t000,power_line,15.0,canonicalized,1,22.179426,0.999933,7.823187
aaaaapcb_s001_t000,power_line,15.0,canonicalized,0,4.716768,0.856207,2.002704
aaaaapcy_s001_t002,power_line,15.0,canonicalized,0,-2.606539,0.182926,5.183428
aaaaapdg_s001_t000,power_line,15.0,canonicalized,0,-3.112974,0.151417,5.870257
aaaaaphs_s001_t000,power_line,15.0,canonicalized,1,7.249335,0.948764,4.037885
aaaaaphw_s001_t000,power_line,15.0,canonicalized,0,1.556650,0.591079,4.426138
aaaaapij_s001_t000,power_line,15.0,canonicalized,0,0.879272,0.516237,4.538979
aaaaapjc_s001_t001,power_line,15.0,canonicalized,0,-1.652440,0.255552,5.404330
aaaaapka_s001_t000,power_line,15.0,canonicalized,0,-1.041283,0.311005,1.337240
aaaaapkx_s001_t001,power_line,15.0,canonicalized,1,-1.261767,0.290244,17.482538
aaaaaply_s001_t001,power_line,15.0,canonicalized,1,7.458427,0.953130,16.389743
aaaaapmb_s002_t001,power_line,15.0,canonicalized,1,5.670755,0.901279,2.402779
aaaaapmp_s001_t000,power_line,15.0,canonicalized,1,1.436059,0.577960,7.160423
aaaaapnr_s001_t000,power_line,15.0,canonicalized,1,-3.437848,0.133650,7.720366
aaaaapoc_s001_t000,power_line,15.0,canonicalized,1,6.217832,0.921043,6.318939
aaaaapof_s001_t000,power_line,15.0,canonicalized,0,-3.451590,0.132938,8.268776
aaaaapoo_s001_t000,power_line,15.0,canonicalized,0,0.457144,0.469005,10.342626
aaaaapoq_s001_t000,power_line,15.0,canonicalized,0,2.877691,0.723171,1.887301
aaaaappb_s001_t000,power_line,15.0,canonicalized,0,-1.098524,0.305537,5.560746
aaaaapqd_s001_t000,power_line,15.0,canonicalized,1,4.917071,0.866906,4.724493
aaaaapqv_s001_t000,power_line,15.0,canonicalized,0,0.714990,0.497843,14.623428
aaaaapta_s001_t000,power_line,15.0,canonicalized,1,0.386389,0.461119,19.958810
aaaaapth_s001_t000,power_line,15.0,canonicalized,1,3.473466,0.773319,3.694746
aaaaapua_s001_t001,power_line,15.0,canonicalized,0,-7.468775,0.024725,7.617777
aaaaapuu_s001_t000,power_line,15.0,canonicalized,0,0.739207,0.500555,5.927778
aaaaapvw_s001_t001,power_line,15.0,canonicalized,1,6.431191,0.927720,5.184394
aaaaapvy_s001_t000,power_line,15.0,canonicalized,1,2.715046,0.708350,8.006188
aaaaapwn_s001_t001,power_line,15.0,canonicalized,0,0.911900,0.519886,7.831017
aaaaapwo_s001_t001,power_line,15.0,canonicalized,1,10.374128,0.986856,3.358086
aaaaapxm_s001_t001,power_line,15.0,canonicalized,0,-1.266143,0.289840,9.829286
aaaaapys_s001_t001,power_line,15.0,canonicalized,1,13.634446,0.996918,3.670048
aaaaapys_s002_t001,power_line,15.0,canonicalized,1,8.371427,0.968367,3.885678
aaaaaayx_s002_t000,power_line,15.0,naive,0,-10.536312,0.006374,43.394287
aaaaabdo_s003_t000,power_line,15.0,naive,1,4.980602,0.870156,23.577600
aaaaabsk_s007_t000,power_line,15.0,naive,1,-9.174394,0.011670,25.904950
aaaaabuv_s002_t000,power_line,15.0,naive,1,-0.187618,0.398195,6.524759
aaaaacad_s003_t000,power_line,15.0,naive,0,-1.654010,0.255418,3.792682
aaaaacby_s004_t000,power_line,15.0,naive,0,-1.154615,0.300231,1.381019
aaaaaddm_s006_t000,power_line,15.0,naive,1,3.599114,0.783034,6.880665
aaaaadeu_s002_t000,power_line,15.0,naive,1,3.071257,0.740191,4.699674
aaaaadjk_s002_t000,power_line,15.0,naive,0,-4.451881,0.089208,1.796581
aaaaadkb_s002_t000,power_line,15.0,naive,1,7.460935,0.953181,8.174296
aaaaadsm_s002_t001,power_line,15.0,naive,0,-1.996083,0.227379,2.189216
aaaaaeab_s003_t000,power_line,15.0,naive,0,-0.280377,0.388281,3.391478
aaaaaejc_s003_t001,power_line,15.0,naive,0,-2.206347,0.211257,6.369361
aaaaaezn_s003_t001,power_line,15.0,naive,1,-7.654898,0.022792,6.179864
aaaaafhl_s003_t000,power_line,15.0,naive,1,-1.020855,0.312969,5.701494
aaaaagfk_s003_t000,power_line,15.0,naive,0,-4.094684,0.103093,7.406919
aaaaagsc_s003_t001,power_line,15.0,naive,1,-3.159237,0.148774,56.487494
aaaaagsc_s006_t001,power_line,15.0,naive,1,-5.393584,0.060357,2.656511
aaaaaguk_s002_t001,power_line,15.0,naive,0,-7.617279,0.023171,11.232872
aaaaagvx_s002_t000,power_line,15.0,naive,1,-0.666715,0.348050,5.159652
aaaaagvx_s003_t001,power_line,15.0,naive,1,-3.093081,0.152566,9.656694
aaaaagyr_s002_t000,power_line,15.0,naive,1,-1.312803,0.285556,5.802008
aaaaahie_s005_t001,power_line,15.0,naive,1,7.650871,0.956835,9.049253
aaaaahsv_s002_t000,power_line,15.0,naive,0,-0.171609,0.399915,14.488992
aaaaahte_s002_t000,power_line,15.0,naive,1,1.497823,0.584695,16.804550
aaaaahte_s003_t000,power_line,15.0,naive,1,5.187311,0.880265,8.816162
aaaaahuy_s002_t000,power_line,15.0,naive,1,-1.950505,0.230986,1.182438
aaaaahzi_s001_t000,power_line,15.0,naive,0,-5.999921,0.046670,9.719428
aaaaahzm_s001_t001,power_line,15.0,naive,0,1.149855,0.546413,1.779277
aaaaahzq_s001_t000,power_line,15.0,naive,0,-9.730910,0.009118,4.844016
aaaaahzs_s001_t001,power_line,15.0,naive,0,-1.345815,0.282549,3.622831
aaaaaiae_s001_t000,power_line,15.0,naive,0,0.678200,0.493723,5.707092
aaaaaibx_s001_t000,power_line,15.0,naive,0,-4.616540,0.083393,5.193201
aaaaaiby_s001_t000,power_line,15.0,naive,0,-14.752577,0.000969,2.450627
aaaaaici_s001_t000,power_line,15.0,naive,0,-3.644724,0.123278,6.964504
aaaaaicn_s001_t000,power_line,15.0,naive,0,-3.821107,0.114989,1.723190
aaaaaijh_s002_t000,power_line,15.0,naive,1,-6.234756,0.042206,19.899167
aaaaaijn_s001_t001,power_line,15.0,naive,0,-1.604175,0.259687,4.945393
aaaaairb_s001_t001,power_line,15.0,naive,0,2.415458,0.679869,2.429383
aaaaairo_s001_t000,power_line,15.0,naive,0,-7.463282,0.024785,7.898885
aaaaaitt_s001_t000,power_line,15.0,naive,0,-12.148772,0.003105,10.267768
aaaaaiue_s004_t000,power_line,15.0,naive,1,-6.174606,0.043309,10.038913
aaaaaiuo_s002_t000,power_line,15.0,naive,0,-1.034452,0.311661,12.296251
aaaaaiwz_s001_t001,power_line,15.0,naive,0,-0.383273,0.377390,1.551904
aaaaaiyy_s001_t001,power_line,15.0,naive,0,-4.785717,0.077780,3.446124
aaaaaizd_s001_t001,power_line,15.0,naive,0,-4.533828,0.086270,22.376531
aaaaaizs_s001_t000,power_line,15.0,naive,0,-2.191504,0.212367,3.965229
aaaaajae_s001_t001,power_line,15.0,naive,0,1.561005,0.591551,2.831233
aaaaajah_s002_t001,power_line,15.0,naive,1,-8.991711,0.012653,4.192918
aaaaajah_s004_t000,power_line,15.0,naive,1,-5.830814,0.050159,17.901095
aaaaajal_s001_t001,power_line,15.0,naive,0,-4.169615,0.100030,8.384257
aaaaajam_s001_t000,power_line,15.0,naive,1,-0.717293,0.342926,7.732979
aaaaajar_s001_t001,power_line,15.0,naive,0,-2.884407,0.165049,3.697515
aaaaajbb_s001_t000,power_line,15.0,naive,0,-0.235484,0.393068,3.957954
aaaaajbh_s002_t000,power_line,15.0,naive,0,0.451287,0.468351,2.674924
aaaaajce_s001_t000,power_line,15.0,naive,0,-11.198710,0.004745,14.851711
aaaaajci_s001_t000,power_line,15.0,naive,0,-0.625575,0.352244,3.123466
aaaaajck_s001_t000,power_line,15.0,naive,0,-3.561584,0.127360,3.266552
aaaaajct_s001_t000,power_line,15.0,naive,0,-5.083895,0.068722,27.445901
aaaaajcu_s001_t000,power_line,15.0,naive,0,-5.463497,0.058605,7.304491
aaaaajda_s001_t000,power_line,15.0,naive,0,-3.017091,0.157020,1.846077
aaaaajdb_s001_t000,power_line,15.0,naive,0,-7.546715,0.023897,24.098096
aaaaajdv_s001_t000,power_line,15.0,naive,0,-6.040626,0.045865,7.356408
aaaaajdy_s001_t000,power_line,15.0,naive,0,-6.499786,0.037659,11.887192
aaaaajdz_s001_t000,power_line,15.0,naive,0,-6.375041,0.039738,5.420682
aaaaajea_s001_t000,power_line,15.0,naive,0,-5.523276,0.057145,49.534446
aaaaajen_s001_t000,power_line,15.0,naive,0,-3.455878,0.132717,6.766005
aaaaajey_s001_t000,power_line,15.0,naive,0,-2.901444,0.164000,9.142353
aaaaajfb_s001_t000,power_line,15.0,naive,0,-6.826835,0.032694,5.209778
aaaaajfe_s001_t000,power_line,15.0,naive,0,-5.526666,0.057063,2.850711
aaaaajff_s001_t000,power_line,15.0,naive,0,-0.321848,0.383877,2.915167
aaaaajfi_s001_t001,power_line,15.0,naive,0,-9.075595,0.012192,12.475159
aaaaajfn_s001_t001,power_line,15.0,naive,0,-8.366895,0.016671,25.569696
aaaaajfy_s001_t000,power_line,15.0,naive,0,-9.554854,0.009859,7.233861
aaaaajga_s001_t001,power_line,15.0,naive,0,-12.278208,0.002931,23.463536
aaaaajhy_s001_t000,power_line,15.0,naive,0,-6.609366,0.035920,5.018169
aaaaajit_s001_t001,power_line,15.0,naive,0,-2.641338,0.180607,15.304406
aaaaajiu_s001_t000,power_line,15.0,naive,0,-6.736311,0.034002,12.127939
aaaaajiy_s001_t001,power_line,15.0,naive,0,-0.398661,0.375771,3.385574
aaaaajiz_s001_t000,power_line,15.0,naive,0,-8.054857,0.019125,9.568310
aaaaajjb_s001_t001,power_line,15.0,naive,0,-3.852320,0.113573,10.440184
aaaaajje_s001_t000,power_line,15.0,naive,0,-11.563457,0.004033,17.984760
aaaaajjk_s001_t000,power_line,15.0,naive,0,-1.326198,0.284334,5.493293
aaaaajna_s001_t000,power_line,15.0,naive,0,-7.107973,0.028937,6.264891
aaaaajnu_s001_t000,power_line,15.0,naive,0,-4.505122,0.087289,5.306866
aaaaajon_s001_t000,power_line,15.0,naive,0,-9.543403,0.009909,11.090142
aaaaajoo_s002_t001,power_line,15.0,naive,1,-6.202300,0.042798,14.542711
aaaaajpg_s001_t001,power_line,15.0,naive,0,-2.482452,0.191382,9.195857
aaaaajqh_s004_t000,power_line,15.0,naive,1,4.594994,0.849359,9.024873
aaaaajqk_s003_t001,power_line,15.0,naive,1,6.133127,0.918239,1.722181
aaaaajrf_s001_t000,power_line,15.0,naive,1,16.800586,0.999252,20.992035
aaaaajrf_s002_t000,power_line,15.0,naive,1,17.960390,0.999555,9.448217
aaaaajrf_s003_t002,power_line,15.0,naive,1,9.726932,0.982513,25.918053
aaaaajrf_s004_t000,power_line,15.0,naive,1,0.064450,0.425542,1.508203
aaaaajso_s001_t000,power_line,15.0,naive,1,2.668821,0.704053,9.949184
aaaaajtg_s001_t000,power_line,15.0,naive,0,-5.884111,0.049033,20.147650
aaaaajtu_s001_t000,power_line,15.0,naive,0,-8.145487,0.018378,8.705912
aaaaajuh_s001_t000,power_line,15.0,naive,1,0.964589,0.525775,5.372208
aaaaajun_s001_t000,power_line,15.0,naive,0,0.718946,0.498286,10.584924
aaaaajvh_s001_t001,power_line,15.0,naive,0,-4.214459,0.098236,10.549575
aaaaajxp_s001_t000,power_line,15.0,naive,0,-0.426256,0.372876,5.743543
aaaaakck_s001_t001,power_line,15.0,naive,1,0.152749,0.435239,1.861880
aaaaakcx_s001_t001,power_line,15.0,naive,1,1.653788,0.601554,7.481955
aaaaakcy_s005_t001,power_line,15.0,naive,1,4.397008,0.837656,14.241956
aaaaakdj_s001_t000,power_line,15.0,naive,1,1.816690,0.618910,6.265842
aaaaakdo_s001_t000,power_line,15.0,naive,1,-0.953327,0.319511,7.532942
aaaaakeq_s001_t000,power_line,15.0,naive,1,-6.000801,0.046653,3.957300
aaaaakeq_s002_t000,power_line,15.0,naive,1,-2.243672,0.208484,3.055066
aaaaakeq_s003_t000,power_line,15.0,naive,1,-0.866185,0.328058,12.670323
aaaaakev_s001_t001,power_line,15.0,naive,1,7.079807,0.944943,32.567557
aaaaakev_s002_t000,power_line,15.0,naive,1,0.241618,0.445049,22.755568
aaaaakft_s001_t000,power_line,15.0,naive,0,-6.791462,0.033199,10.890798
aaaaakgp_s001_t001,power_line,15.0,naive,0,-5.282400,0.063245,12.723845
aaaaakgu_s001_t000,power_line,15.0,naive,1,-3.324344,0.139648,4.172784
aaaaakjk_s002_t002,power_line,15.0,naive,1,-4.184869,0.099416,19.395514
aaaaakjk_s003_t000,power_line,15.0,naive,1,-8.819696,0.013652,2.610506
aaaaakka_s001_t001,power_line,15.0,naive,0,-0.989825,0.315966,7.454980
aaaaakmg_s003_t001,power_line,15.0,naive,1,-5.983272,0.047003,3.879696
aaaaakmh_s001_t000,power_line,15.0,naive,1,-6.531044,0.037155,2.758705
aaaaaknt_s001_t000,power_line,15.0,naive,1,-5.126727,0.067504,9.039458
aaaaakoo_s001_t001,power_line,15.0,naive,1,3.865803,0.802646,2.744182
aaaaakqg_s001_t001,power_line,15.0,naive,0,-10.958678,0.005281,7.268063
aaaaakqr_s001_t000,power_line,15.0,naive,0,-3.470557,0.131962,2.348044
aaaaakrt_s001_t001,power_line,15.0,naive,1,2.298064,0.668316,5.969683
aaaaakrt_s002_t001,power_line,15.0,naive,1,0.684626,0.494443,8.786743
aaaaaksb_s001_t000,power_line,15.0,naive,0,-10.031447,0.007979,36.956587
aaaaaksu_s001_t001,power_line,15.0,naive,0,-8.181930,0.018086,13.025510
aaaaakxz_s001_t001,power_line,15.0,naive,1,2.398819,0.678244,0.422120
aaaaakxz_s002_t001,power_line,15.0,naive,1,3.124273,0.744732,8.723703
aaaaalaf_s001_t000,power_line,15.0,naive,0,-4.853881,0.075617,11.678212
aaaaalau_s001_t000,power_line,15.0,naive,1,-1.071697,0.308093,10.934110
aaaaalbh_s001_t000,power_line,15.0,naive,1,0.100857,0.429533,2.399403
aaaaalbt_s001_t001,power_line,15.0,naive,0,-7.022434,0.030034,7.825569
aaaaalbt_s002_t000,power_line,15.0,naive,0,-7.344915,0.026099,21.479946
aaaaalbz_s006_t000,power_line,15.0,naive,1,9.575942,0.981312,33.235649
aaaaalid_s001_t001,power_line,15.0,naive,0,0.837949,0.511612,13.143016
aaaaaljf_s001_t000,power_line,15.0,naive,1,-1.038968,0.311227,4.595477
aaaaaljj_s001_t000,power_line,15.0,naive,0,-8.268120,0.017413,8.885417
aaaaallc_s001_t001,power_line,15.0,naive,0,-2.503549,0.189923,5.102613
aaaaalle_s002_t000,power_line,15.0,naive,1,-0.989844,0.315964,3.494860
aaaaalox_s001_t001,power_line,15.0,naive,0,-2.952946,0.160861,18.783674
aaaaalpv_s001_t000,power_line,15.0,naive,0,-1.056713,0.309526,14.019298
aaaaalqa_s001_t000,power_line,15.0,naive,0,-5.176972,0.066101,8.863574
aaaaalqr_s001_t001,power_line,15.0,naive,1,-13.870181,0.001439,4.709017
aaaaalqs_s001_t001,power_line,15.0,naive,0,-1.521577,0.266864,3.435563
aaaaalqx_s001_t000,power_line,15.0,naive,0,-3.830150,0.114577,4.133988
aaaaalrc_s002_t000,power_line,15.0,naive,1,19.098384,0.999733,1.425841
aaaaalsq_s001_t000,power_line,15.0,naive,0,-7.567153,0.023684,15.513605
aaaaalsx_s001_t000,power_line,15.0,naive,1,-7.508614,0.024299,10.051177
aaaaalsx_s004_t001,power_line,15.0,naive,1,-1.424587,0.275450,1.883451
aaaaaluz_s001_t001,power_line,15.0,naive,0,-6.793737,0.033167,1.775194
aaaaalvw_s001_t000,power_line,15.0,naive,0,-9.571333,0.009787,4.464847
aaaaalvz_s001_t000,power_line,15.0,naive,1,19.750470,0.999800,25.047423
aaaaalxk_s001_t000,power_line,15.0,naive,0,-3.723919,0.119494,5.690132
aaaaalyr_s001_t000,power_line,15.0,naive,1,-1.582206,0.261583,2.529906
aaaaalzk_s002_t001,power_line,15.0,naive,1,8.607358,0.971449,9.450913
aaaaamcb_s001_t001,power_line,15.0,naive,1,7.181691,0.947270,5.326087
aaaaamfe_s001_t001,power_line,15.0,naive,0,-1.407355,0.276994,14.041541
aaaaamft_s001_t001,power_line,15.0,naive,1,-14.726918,0.000980,1.755571
aaaaamfu_s001_t000,power_line,15.0,naive,0,-0.651510,0.349597,5.024708
aaaaamhi_s001_t000,power_line,15.0,naive,1,-0.992755,0.315682,7.280943
aaaaamhk_s001_t000,power_line,15.0,naive,1,-0.283763,0.387920,1.560304
aaaaamjc_s001_t001,power_line,15.0,naive,1,4.013425,0.812912,3.915774
aaaaammh_s001_t001,power_line,15.0,naive,1,1.411916,0.575320,6.230424
aaaaamnq_s001_t000,power_line,15.0,naive,1,6.338716,0.924893,21.324951
aaaaamnq_s002_t000,power_line,15.0,naive,1,0.213530,0.441944,11.767727
aaaaamon_s001_t000,power_line,15.0,naive,0,-5.248033,0.064163,11.426218
aaaaampz_s001_t000,power_line,15.0,naive,1,-20.116285,0.000088,16.950982
aaaaamrj_s001_t000,power_line,15.0,naive,0,-5.487383,0.058017,30.838503
aaaaamsc_s001_t000,power_line,15.0,naive,1,2.325274,0.671012,2.095198
aaaaamtb_s001_t000,power_line,15.0,naive,0,-7.661011,0.022731,13.990365
aaaaamuc_s001_t000,power_line,15.0,naive,0,-1.661399,0.254789,5.664103
aaaaamxn_s001_t000,power_line,15.0,naive,1,-9.788031,0.008890,9.954967
aaaaamyb_s001_t001,power_line,15.0,naive,0,-8.811968,0.013699,4.981144
aaaaamye_s001_t000,power_line,15.0,naive,1,1.903539,0.628044,18.883183
aaaaamzi_s001_t001,power_line,15.0,naive,1,2.525072,0.690461,10.512166
aaaaamzl_s001_t000,power_line,15.0,naive,0,-7.127426,0.028693,1.617040
aaaaamzx_s001_t000,power_line,15.0,naive,0,-7.091545,0.029145,10.051233
aaaaanbq_s001_t000,power_line,15.0,naive,0,-1.730011,0.248997,6.256311
aaaaanek_s001_t000,power_line,15.0,naive,0,-3.505418,0.130183,7.277547
aaaaangp_s001_t000,power_line,15.0,naive,0,-1.397169,0.277909,5.189033
aaaaanhb_s001_t003,power_line,15.0,naive,1,0.402150,0.462874,6.995574
aaaaanhb_s003_t001,power_line,15.0,naive,1,2.709910,0.707874,3.107678
aaaaanhb_s005_t000,power_line,15.0,naive,1,4.023356,0.813588,3.275608
aaaaankf_s001_t000,power_line,15.0,naive,1,-3.336684,0.138985,5.699629
aaaaanlp_s001_t000,power_line,15.0,naive,0,-6.353592,0.040106,4.924969
aaaaanmc_s001_t000,power_line,15.0,naive,1,6.000883,0.913680,6.594301
aaaaanop_s001_t000,power_line,15.0,naive,0,-11.443311,0.004255,8.333877
aaaaanoz_s001_t000,power_line,15.0,naive,1,-7.372748,0.025784,10.254695
aaaaanpr_s001_t002,power_line,15.0,naive,1,-0.431519,0.372325,4.619085
aaaaanqe_s001_t000,power_line,15.0,naive,0,-7.186647,0.027963,5.773158
aaaaanro_s001_t000,power_line,15.0,naive,1,-1.810205,0.242339,9.452081
aaaaansj_s001_t000,power_line,15.0,naive,1,0.602539,0.485253,1.785775
aaaaanta_s001_t000,power_line,15.0,naive,1,4.884504,0.865213,25.679124
aaaaanum_s001_t000,power_line,15.0,naive,0,-0.886993,0.326006,9.551971
aaaaanvb_s002_t000,power_line,15.0,naive,0,-0.913449,0.323407,9.775651
aaaaanvg_s001_t002,power_line,15.0,naive,0,-0.363197,0.379505,3.239689
aaaaanvw_s001_t000,power_line,15.0,naive,0,-9.320978,0.010936,3.048377
aaaaanwc_s001_t001,power_line,15.0,naive,1,5.095622,0.875867,23.501971
aaaaanxl_s001_t000,power_line,15.0,naive,1,2.038383,0.642043,6.410250
aaaaanyb_s001_t001,power_line,15.0,naive,0,-1.918401,0.233551,9.474800
aaaaanyt_s002_t000,power_line,15.0,naive,1,-18.457830,0.000184,10.750802
aaaaanyw_s001_t000,power_line,15.0,naive,1,0.266041,0.447753,0.935875
aaaaanyw_s002_t000,power_line,15.0,naive,1,0.374723,0.459821,3.923943
aaaaanzh_s001_t000,power_line,15.0,naive,1,-2.398834,0.197246,13.521635
aaaaanzu_s001_t003,power_line,15.0,naive,1,2.619023,0.699384,5.123605
aaaaaoav_s001_t000,power_line,15.0,naive,0,-7.443001,0.025005,8.595448
aaaaaoav_s002_t000,power_line,15.0,naive,0,-13.276433,0.001876,14.693553
aaaaaobi_s001_t000,power_line,15.0,naive,1,-5.439771,0.059194,11.737959
aaaaaobl_s001_t000,power_line,15.0,naive,0,-7.615719,0.023187,41.277447
aaaaaoby_s001_t000,power_line,15.0,naive,0,-9.090133,0.012113,38.236392
aaaaaoda_s001_t000,power_line,15.0,naive,1,7.484535,0.953650,5.055782
aaaaaoeg_s001_t000,power_line,15.0,naive,0,-3.555921,0.127643,20.129710
aaaaaofj_s001_t000,power_line,15.0,naive,0,-2.151807,0.215357,3.011304
aaaaaofr_s001_t000,power_line,15.0,naive,0,1.883406,0.625934,2.431527
aaaaaofz_s001_t000,power_line,15.0,naive,0,-4.092302,0.103191,19.043856
aaaaaohb_s001_t000,power_line,15.0,naive,1,-4.653536,0.082135,9.073403
aaaaaohr_s002_t001,power_line,15.0,naive,1,7.746736,0.958574,6.213369
aaaaaoiq_s001_t000,power_line,15.0,naive,1,-0.016196,0.416734,4.873849
aaaaaoiv_s001_t000,power_line,15.0,naive,1,2.002035,0.638292,4.792874
aaaaaoiv_s002_t001,power_line,15.0,naive,1,7.600007,0.955884,11.928716
aaaaaoiv_s003_t003,power_line,15.0,naive,1,6.599864,0.932626,5.715781
aaaaaojd_s001_t002,power_line,15.0,naive,0,-4.804066,0.077192,6.444543
aaaaaokg_s001_t000,power_line,15.0,naive,0,-1.811471,0.242235,6.238638
aaaaaoly_s001_t000,power_line,15.0,naive,0,-7.427213,0.025178,6.256134
aaaaaome_s001_t000,power_line,15.0,naive,0,-5.245710,0.064225,2.992395
aaaaaomx_s001_t000,power_line,15.0,naive,0,-17.108621,0.000338,16.324589
aaaaaomy_s001_t000,power_line,15.0,naive,1,8.116396,0.964673,49.137077
aaaaaonb_s001_t000,power_line,15.0,naive,0,-6.837745,0.032540,17.052356
aaaaaons_s002_t002,power_line,15.0,naive,1,-2.906290,0.163702,5.522735
aaaaaopd_s001_t000,power_line,15.0,naive,0,1.316936,0.564892,11.724758
aaaaaopo_s001_t000,power_line,15.0,naive,0,-4.169404,0.100038,6.329689
aaaaaora_s002_t000,power_line,15.0,naive,1,-0.733741,0.341268,18.252626
aaaaaord_s001_t000,power_line,15.0,naive,1,-0.834334,0.331211,5.855148
aaaaaosh_s001_t000,power_line,15.0,naive,1,0.242163,0.445109,7.056779
aaaaaosw_s001_t000,power_line,15.0,naive,0,-3.564570,0.127212,15.972895
aaaaaote_s001_t000,power_line,15.0,naive,0,-1.415723,0.276244,1.718699
aaaaaout_s001_t000,power_line,15.0,naive,1,0.071683,0.426334,7.860063
aaaaaovl_s001_t000,power_line,15.0,naive,1,-6.347779,0.040206,5.507217
aaaaaovo_s001_t000,power_line,15.0,naive,1,6.088337,0.916720,9.598520
aaaaaowb_s001_t000,power_line,15.0,naive,0,-2.739596,0.174184,6.119392
aaaaaoxf_s001_t000,power_line,15.0,naive,0,-5.852941,0.049689,3.420771
aaaaaozf_s001_t001,power_line,15.0,naive,0,-5.604949,0.055205,2.364944
aaaaapag_s001_t000,power_line,15.0,naive,0,-8.243852,0.017600,15.670101
aaaaapar_s001_t000,power_line,15.0,naive,1,17.674708,0.999494,13.608941
aaaaapcb_s001_t000,power_line,15.0,naive,0,0.668049,0.492586,1.869251
aaaaapcy_s001_t002,power_line,15.0,naive,0,-8.282068,0.017306,11.025821
aaaaapdg_s001_t000,power_line,15.0,naive,0,-7.619138,0.023152,3.304455
aaaaaphs_s001_t000,power_line,15.0,naive,1,1.072122,0.537769,5.499532
aaaaaphw_s001_t000,power_line,15.0,naive,0,-2.430720,0.194994,9.050393
aaaaapij_s001_t000,power_line,15.0,naive,0,-6.370441,0.039816,8.637074
aaaaapjc_s001_t001,power_line,15.0,naive,0,-2.133118,0.216775,7.056306
aaaaapka_s001_t000,power_line,15.0,naive,0,-13.440828,0.001743,12.445073
aaaaapkx_s001_t001,power_line,15.0,naive,1,-7.509276,0.024291,29.836576
aaaaaply_s001_t001,power_line,15.0,naive,1,4.397042,0.837658,3.246820
aaaaapmb_s002_t001,power_line,15.0,naive,1,3.990148,0.811321,2.286796
aaaaapmp_s001_t000,power_line,15.0,naive,1,1.435706,0.577922,11.847305
aaaaapnr_s001_t000,power_line,15.0,naive,1,-11.027774,0.005121,47.704706
aaaaapoc_s001_t000,power_line,15.0,naive,1,0.188939,0.439228,4.136421
aaaaapof_s001_t000,power_line,15.0,naive,0,-3.158021,0.148843,2.509154
aaaaapoo_s001_t000,power_line,15.0,naive,0,-6.204120,0.042765,21.128849
aaaaapoq_s001_t000,power_line,15.0,naive,0,1.939438,0.631793,12.163461
aaaaappb_s001_t000,power_line,15.0,naive,0,-8.525625,0.015545,13.910612
aaaaapqd_s001_t000,power_line,15.0,naive,1,2.155941,0.654054,10.095571
aaaaapqv_s001_t000,power_line,15.0,naive,0,-4.542784,0.085954,7.655261
aaaaapta_s001_t000,power_line,15.0,naive,1,0.068453,0.425980,26.292470
aaaaapth_s001_t000,power_line,15.0,naive,1,-1.717767,0.250024,15.458890
aaaaapua_s001_t001,power_line,15.0,naive,0,-10.535938,0.006375,11.115127
aaaaapuu_s001_t000,power_line,15.0,naive,0,-4.274611,0.095874,2.043533
aaaaapvw_s001_t001,power_line,15.0,naive,1,-3.124616,0.150748,3.577988
aaaaapvy_s001_t000,power_line,15.0,naive,1,0.072507,0.426424,12.161625
aaaaapwn_s001_t001,power_line,15.0,naive,0,-2.545288,0.187063,7.918205
aaaaapwo_s001_t001,power_line,15.0,naive,1,9.604764,0.981547,5.575067
aaaaapxm_s001_t001,power_line,15.0,naive,0,-1.918650,0.233531,28.171324
aaaaapys_s001_t001,power_line,15.0,naive,1,7.939692,0.961874,11.648444
aaaaapys_s002_t001,power_line,15.0,naive,1,4.964586,0.869343,10.152805
aaaaaayx_s002_t000,power_line,30.0,canonicalized,0,0.800270,0.507394,6.027636
aaaaabdo_s003_t000,power_line,30.0,canonicalized,1,10.222413,0.985945,5.573153
aaaaabsk_s007_t000,power_line,30.0,canonicalized,1,1.793811,0.616490,10.270710
aaaaabuv_s002_t000,power_line,30.0,canonicalized,1,3.182270,0.749640,3.305659
aaaaacad_s003_t000,power_line,30.0,canonicalized,0,1.558939,0.591327,2.898279
aaaaacby_s004_t000,power_line,30.0,canonicalized,0,1.097935,0.540642,1.228377
aaaaaddm_s006_t000,power_line,30.0,canonicalized,1,5.314951,0.886162,7.956509
aaaaadeu_s002_t000,power_line,30.0,canonicalized,1,4.854053,0.863615,5.916642
aaaaadjk_s002_t000,power_line,30.0,canonicalized,0,-0.091628,0.408544,2.816910
aaaaadkb_s002_t000,power_line,30.0,canonicalized,1,8.999538,0.975939,3.711889
aaaaadsm_s002_t001,power_line,30.0,canonicalized,0,-3.146649,0.149489,3.596605
aaaaaeab_s003_t000,power_line,30.0,canonicalized,0,0.906130,0.519241,3.535053
aaaaaejc_s003_t001,power_line,30.0,canonicalized,0,0.603131,0.485319,7.136326
aaaaaezn_s003_t001,power_line,30.0,canonicalized,1,0.208320,0.441368,12.829404
aaaaafhl_s003_t000,power_line,30.0,canonicalized,1,3.234892,0.754039,5.224513
aaaaagfk_s003_t000,power_line,30.0,canonicalized,0,-0.884789,0.326223,1.877463
aaaaagsc_s003_t001,power_line,30.0,canonicalized,1,6.184869,0.919962,13.323873
aaaaagsc_s006_t001,power_line,30.0,canonicalized,1,0.601116,0.485094,1.967842
aaaaaguk_s002_t001,power_line,30.0,canonicalized,0,-4.062783,0.104421,14.554527
aaaaagvx_s002_t000,power_line,30.0,canonicalized,1,2.084067,0.646733,6.646799
aaaaagvx_s003_t001,power_line,30.0,canonicalized,1,2.334486,0.671923,1.571374
aaaaagyr_s002_t000,power_line,30.0,canonicalized,1,0.327734,0.454596,2.476904
aaaaahie_s005_t001,power_line,30.0,canonicalized,1,8.437689,0.969263,3.337651
aaaaahsv_s002_t000,power_line,30.0,canonicalized,0,-0.634247,0.351358,4.848653
aaaaahte_s002_t000,power_line,30.0,canonicalized,1,7.430909,0.952577,9.096331
aaaaahte_s003_t000,power_line,30.0,canonicalized,1,9.712005,0.982398,5.691734
aaaaahuy_s002_t000,power_line,30.0,canonicalized,1,0.411029,0.463863,2.109109
aaaaahzi_s001_t000,power_line,30.0,canonicalized,0,1.321902,0.565438,2.255495
aaaaahzm_s001_t001,power_line,30.0,canonicalized,0,1.638895,0.599954,1.984574
aaaaahzq_s001_t000,power_line,30.0,canonicalized,0,-4.557921,0.085423,4.702986
aaaaahzs_s001_t001,power_line,30.0,canonicalized,0,1.164644,0.548055,2.295189
aaaaaiae_s001_t000,power_line,30.0,canonicalized,0,2.195807,0.658084,3.475863
aaaaaibx_s001_t000,power_line,30.0,canonicalized,0,-2.618617,0.182119,4.997083
aaaaaiby_s001_t000,power_line,30.0,canonicalized,0,-0.663206,0.348407,7.420600
aaaaaici_s001_t000,power_line,30.0,canonicalized,0,-2.838821,0.167883,14.689012
aaaaaicn_s001_t000,power_line,30.0,canonicalized,0,1.426951,0.576965,4.269227
aaaaaijh_s002_t000,power_line,30.0,canonicalized,1,-4.418167,0.090442,6.534658
aaaaaijn_s001_t001,power_line,30.0,canonicalized,0,-0.340670,0.381885,3.046402
aaaaairb_s001_t001,power_line,30.0,canonicalized,0,3.411760,0.768437,3.538689
aaaaairo_s001_t000,power_line,30.0,canonicalized,0,-4.267658,0.096145,9.918872
aaaaaitt_s001_t000,power_line,30.0,canonicalized,0,-1.160511,0.299677,5.027610
aaaaaiue_s004_t000,power_line,30.0,canonicalized,1,1.964041,0.634353,2.385425
aaaaaiuo_s002_t000,power_line,30.0,canonicalized,0,1.344976,0.567977,5.360389
aaaaaiwz_s001_t001,power_line,30.0,canonicalized,0,-0.808862,0.333743,2.193779
aaaaaiyy_s001_t001,power_line,30.0,canonicalized,0,-1.742076,0.247987,7.298078
aaaaaizd_s001_t001,power_line,30.0,canonicalized,0,0.713754,0.497705,10.500794
aaaaaizs_s001_t000,power_line,30.0,canonicalized,0,0.351001,0.457182,2.808024
aaaaajae_s001_t001,power_line,30.0,canonicalized,0,3.376009,0.765574,1.358703
aaaaajah_s002_t001,power_line,30.0,canonicalized,1,-0.203023,0.396543,5.961246
aaaaajah_s004_t000,power_line,30.0,canonicalized,1,1.580598,0.593670,3.267297
aaaaajal_s001_t001,power_line,30.0,canonicalized,0,-2.685016,0.177730,0.645937
aaaaajam_s001_t000,power_line,30.0,canonicalized,1,1.622257,0.598164,0.868924
aaaaajar_s001_t001,power_line,30.0,canonicalized,0,-1.573283,0.262356,9.650609
aaaaajbb_s001_t000,power_line,30.0,canonicalized,0,2.388901,0.677274,5.818647
aaaaajbh_s002_t000,power_line,30.0,canonicalized,0,1.600235,0.595790,3.054496
aaaaajce_s001_t000,power_line,30.0,canonicalized,0,-0.970023,0.317887,3.747534
aaaaajci_s001_t000,power_line,30.0,canonicalized,0,1.711768,0.607764,2.253782
aaaaajck_s001_t000,power_line,30.0,canonicalized,0,-3.389078,0.136200,4.557130
aaaaajct_s001_t000,power_line,30.0,canonicalized,0,1.334205,0.566792,1.436781
aaaaajcu_s001_t000,power_line,30.0,canonicalized,0,-0.885882,0.326116,3.268631
aaaaajda_s001_t000,power_line,30.0,canonicalized,0,-2.508534,0.189580,3.492716
aaaaajdb_s001_t000,power_line,30.0,canonicalized,0,-2.681655,0.177950,9.940867
aaaaajdv_s001_t000,power_line,30.0,canonicalized,0,0.533595,0.477542,11.595326
aaaaajdy_s001_t000,power_line,30.0,canonicalized,0,-2.323692,0.202630,6.513836
aaaaajdz_s001_t000,power_line,30.0,canonicalized,0,-0.977678,0.317143,4.054497
aaaaajea_s001_t000,power_line,30.0,canonicalized,0,3.882287,0.803813,2.724980
aaaaajen_s001_t000,power_line,30.0,canonicalized,0,-0.687436,0.345947,3.000979
aaaaajey_s001_t000,power_line,30.0,canonicalized,0,-0.632695,0.351516,10.564615
aaaaajfb_s001_t000,power_line,30.0,canonicalized,0,-3.253389,0.143511,10.321158
aaaaajfe_s001_t000,power_line,30.0,canonicalized,0,-0.640972,0.350671,2.367306
aaaaajff_s001_t000,power_line,30.0,canonicalized,0,-3.132571,0.150293,0.735087
aaaaajfi_s001_t001,power_line,30.0,canonicalized,0,-1.346934,0.282447,1.848970
aaaaajfn_s001_t001,power_line,30.0,canonicalized,0,-1.960578,0.230186,7.863717
aaaaajfy_s001_t000,power_line,30.0,canonicalized,0,-4.019149,0.106264,10.196374
aaaaajga_s001_t001,power_line,30.0,canonicalized,0,1.075375,0.538131,8.871586
aaaaajhy_s001_t000,power_line,30.0,canonicalized,0,-4.025170,0.106008,7.342394
aaaaajit_s001_t001,power_line,30.0,canonicalized,0,-0.402949,0.375321,4.152341
aaaaajiu_s001_t000,power_line,30.0,canonicalized,0,0.017870,0.420448,8.860294
aaaaajiy_s001_t001,power_line,30.0,canonicalized,0,-1.286859,0.287934,6.937967
aaaaajiz_s001_t000,power_line,30.0,canonicalized,0,-0.631161,0.351673,10.195344
aaaaajjb_s001_t001,power_line,30.0,canonicalized,0,0.904844,0.519097,5.235145
aaaaajje_s001_t000,power_line,30.0,canonicalized,0,-2.965981,0.160074,13.757598
aaaaajjk_s001_t000,power_line,30.0,canonicalized,0,2.265176,0.665042,5.532940
aaaaajna_s001_t000,power_line,30.0,canonicalized,0,-4.668493,0.081631,6.310113
aaaaajnu_s001_t000,power_line,30.0,canonicalized,0,-3.217269,0.145511,6.205705
aaaaajon_s001_t000,power_line,30.0,canonicalized,0,-0.539320,0.361110,14.616165
aaaaajoo_s002_t001,power_line,30.0,canonicalized,1,0.746574,0.501380,8.611808
aaaaajpg_s001_t001,power_line,30.0,canonicalized,0,-3.041148,0.155598,4.377001
aaaaajqh_s004_t000,power_line,30.0,canonicalized,1,10.829621,0.989256,10.483397
aaaaajqk_s003_t001,power_line,30.0,canonicalized,1,7.038114,0.943964,5.460757
aaaaajrf_s001_t000,power_line,30.0,canonicalized,1,20.517636,0.999858,13.754917
aaaaajrf_s002_t000,power_line,30.0,canonicalized,1,21.548277,0.999911,5.552199
aaaaajrf_s003_t002,power_line,30.0,canonicalized,1,17.149789,0.999360,13.188173
aaaaajrf_s004_t000,power_line,30.0,canonicalized,1,2.923724,0.727280,2.772764
aaaaajso_s001_t000,power_line,30.0,canonicalized,1,8.422519,0.969060,5.776369
aaaaajtg_s001_t000,power_line,30.0,canonicalized,0,-0.608047,0.354038,19.108318
aaaaajtu_s001_t000,power_line,30.0,canonicalized,0,-2.248710,0.208112,7.731871
aaaaajuh_s001_t000,power_line,30.0,canonicalized,1,5.525562,0.895339,9.670242
aaaaajun_s001_t000,power_line,30.0,canonicalized,0,5.857205,0.908466,9.667759
aaaaajvh_s001_t001,power_line,30.0,canonicalized,0,-1.371012,0.280266,12.767645
aaaaajxp_s001_t000,power_line,30.0,canonicalized,0,2.213691,0.659884,3.871784
aaaaakck_s001_t001,power_line,30.0,canonicalized,1,2.736974,0.710375,4.190015
aaaaakcx_s001_t001,power_line,30.0,canonicalized,1,7.536551,0.954669,5.246963
aaaaakcy_s005_t001,power_line,30.0,canonicalized,1,14.298123,0.997709,8.745992
aaaaakdj_s001_t000,power_line,30.0,canonicalized,1,0.576093,0.482294,5.779576
aaaaakdo_s001_t000,power_line,30.0,canonicalized,1,0.401072,0.462754,8.323043
aaaaakeq_s001_t000,power_line,30.0,canonicalized,1,5.534569,0.895716,21.975765
aaaaakeq_s002_t000,power_line,30.0,canonicalized,1,6.692176,0.935179,11.286680
aaaaakeq_s003_t000,power_line,30.0,canonicalized,1,6.457107,0.928495,15.602434
aaaaakev_s001_t001,power_line,30.0,canonicalized,1,19.699782,0.999796,44.298858
aaaaakev_s002_t000,power_line,30.0,canonicalized,1,16.580147,0.999175,15.167053
aaaaakft_s001_t000,power_line,30.0,canonicalized,0,-2.008374,0.226413,9.684949
aaaaakgp_s001_t001,power_line,30.0,canonicalized,0,2.709134,0.707802,2.330210
aaaaakgu_s001_t000,power_line,30.0,canonicalized,1,-0.579666,0.356951,1.118761
aaaaakjk_s002_t002,power_line,30.0,canonicalized,1,3.513297,0.776432,7.188715
aaaaakjk_s003_t000,power_line,30.0,canonicalized,1,3.396977,0.767256,0.988524
aaaaakka_s001_t001,power_line,30.0,canonicalized,0,-0.187386,0.398220,10.493411
aaaaakmg_s003_t001,power_line,30.0,canonicalized,1,8.496676,0.970041,3.249858
aaaaakmh_s001_t000,power_line,30.0,canonicalized,1,0.243526,0.445260,5.160095
aaaaaknt_s001_t000,power_line,30.0,canonicalized,1,2.219180,0.660436,5.919018
aaaaakoo_s001_t001,power_line,30.0,canonicalized,1,18.949362,0.999714,12.869374
aaaaakqg_s001_t001,power_line,30.0,canonicalized,0,-0.123437,0.405105,10.282231
aaaaakqr_s001_t000,power_line,30.0,canonicalized,0,-0.361570,0.379677,7.407405
aaaaakrt_s001_t001,power_line,30.0,canonicalized,1,7.305092,0.949964,1.737508
aaaaakrt_s002_t001,power_line,30.0,canonicalized,1,5.791217,0.905978,3.356631
aaaaaksb_s001_t000,power_line,30.0,canonicalized,0,-2.727059,0.174994,8.912281
aaaaaksu_s001_t001,power_line,30.0,canonicalized,0,0.709690,0.497249,5.171233
aaaaakxz_s001_t001,power_line,30.0,canonicalized,1,3.869992,0.802943,1.622848
aaaaakxz_s002_t001,power_line,30.0,canonicalized,1,9.228233,0.978231,7.067234
aaaaalaf_s001_t000,power_line,30.0,canonicalized,0,-0.190447,0.397892,2.440750
aaaaalau_s001_t000,power_line,30.0,canonicalized,1,2.999199,0.733935,3.756423
aaaaalbh_s001_t000,power_line,30.0,canonicalized,1,3.451446,0.771585,5.262071
aaaaalbt_s001_t001,power_line,30.0,canonicalized,0,-1.179434,0.297900,7.151867
aaaaalbt_s002_t000,power_line,30.0,canonicalized,0,-0.703878,0.344282,4.454896
aaaaalbz_s006_t000,power_line,30.0,canonicalized,1,13.905879,0.997270,18.803443
aaaaalid_s001_t001,power_line,30.0,canonicalized,0,6.681490,0.934888,14.694597
aaaaaljf_s001_t000,power_line,30.0,canonicalized,1,2.656783,0.702928,10.661733
aaaaaljj_s001_t000,power_line,30.0,canonicalized,0,-1.540506,0.265208,4.806271
aaaaallc_s001_t001,power_line,30.0,canonicalized,0,2.705425,0.707458,8.706099
aaaaalle_s002_t000,power_line,30.0,canonicalized,1,3.522358,0.777136,5.171231
aaaaalox_s001_t001,power_line,30.0,canonicalized,0,3.051303,0.738468,8.940301
aaaaalpv_s001_t000,power_line,30.0,canonicalized,0,0.996869,0.529379,11.009697
aaaaalqa_s001_t000,power_line,30.0,canonicalized,0,-0.391292,0.376546,5.989838
aaaaalqr_s001_t001,power_line,30.0,canonicalized,1,3.961481,0.809347,5.435448
aaaaalqs_s001_t001,power_line,30.0,canonicalized,0,0.040611,0.422933,3.955647
aaaaalqx_s001_t000,power_line,30.0,canonicalized,0,-2.871628,0.165839,8.043302
aaaaalrc_s002_t000,power_line,30.0,canonicalized,1,22.654856,0.999946,2.663380
aaaaalsq_s001_t000,power_line,30.0,canonicalized,0,-0.750129,0.339620,1.561853
aaaaalsx_s001_t000,power_line,30.0,canonicalized,1,-0.418719,0.373666,3.620007
aaaaalsx_s004_t001,power_line,30.0,canonicalized,1,3.937192,0.807663,1.400980
aaaaaluz_s001_t001,power_line,30.0,canonicalized,0,-2.462086,0.192797,2.811272
aaaaalvw_s001_t000,power_line,30.0,canonicalized,0,-4.072438,0.104018,3.537548
aaaaalvz_s001_t000,power_line,30.0,canonicalized,1,17.728550,0.999506,16.793389
aaaaalxk_s001_t000,power_line,30.0,canonicalized,0,0.050817,0.424049,2.089189
aaaaalyr_s001_t000,power_line,30.0,canonicalized,1,2.701440,0.707089,2.158753
aaaaalzk_s002_t001,power_line,30.0,canonicalized,1,11.619582,0.992434,11.173587
aaaaamcb_s001_t001,power_line,30.0,canonicalized,1,8.620762,0.971615,8.272782
aaaaamfe_s001_t001,power_line,30.0,canonicalized,0,4.912994,0.866695,3.475579
aaaaamft_s001_t001,power_line,30.0,canonicalized,1,4.621522,0.850874,10.514247
aaaaamfu_s001_t000,power_line,30.0,canonicalized,0,-0.619251,0.352890,3.832001
aaaaamhi_s001_t000,power_line,30.0,canonicalized,1,13.328844,0.996468,22.626402
aaaaamhk_s001_t000,power_line,30.0,canonicalized,1,4.027586,0.813875,5.293111
aaaaamjc_s001_t001,power_line,30.0,canonicalized,1,9.960391,0.984222,7.919157
aaaaammh_s001_t001,power_line,30.0,canonicalized,1,2.696328,0.706614,8.504972
aaaaamnq_s001_t000,power_line,30.0,canonicalized,1,9.224873,0.978199,20.015705
aaaaamnq_s002_t000,power_line,30.0,canonicalized,1,8.083316,0.964165,8.535014
aaaaamon_s001_t000,power_line,30.0,canonicalized,0,0.996358,0.529322,14.617727
aaaaampz_s001_t000,power_line,30.0,canonicalized,1,2.898027,0.724991,3.193409
aaaaamrj_s001_t000,power_line,30.0,canonicalized,0,-0.261075,0.390337,5.183404
aaaaamsc_s001_t000,power_line,30.0,canonicalized,1,4.921264,0.867122,1.323276
aaaaamtb_s001_t000,power_line,30.0,canonicalized,0,1.351490,0.568693,4.188269
aaaaamuc_s001_t000,power_line,30.0,canonicalized,0,0.884577,0.516830,2.151928
aaaaamxn_s001_t000,power_line,30.0,canonicalized,1,1.426585,0.576925,6.209256
aaaaamyb_s001_t001,power_line,30.0,canonicalized,0,-0.228834,0.393779,6.486713
aaaaamye_s001_t000,power_line,30.0,canonicalized,1,15.280980,0.998524,16.675492
aaaaamzi_s001_t001,power_line,30.0,canonicalized,1,7.892601,0.961093,9.393190
aaaaamzl_s001_t000,power_line,30.0,canonicalized,0,-0.511593,0.363981,5.542562
aaaaamzx_s001_t000,power_line,30.0,canonicalized,0,-5.450986,0.058915,4.739579
aaaaanbq_s001_t000,power_line,30.0,canonicalized,0,-0.340193,0.381935,3.955025
aaaaanek_s001_t000,power_line,30.0,canonicalized,0,-4.470193,0.088543,2.297520
aaaaangp_s001_t000,power_line,30.0,canonicalized,0,0.886652,0.517062,3.393150
aaaaanhb_s001_t003,power_line,30.0,canonicalized,1,5.416029,0.890650,13.225702
aaaaanhb_s003_t001,power_line,30.0,canonicalized,1,3.560363,0.780071,3.701946
aaaaanhb_s005_t000,power_line,30.0,canonicalized,1,6.207988,0.920722,4.052768
aaaaankf_s001_t000,power_line,30.0,canonicalized,1,5.884982,0.909495,2.240927
aaaaanlp_s001_t000,power_line,30.0,canonicalized,0,-1.378604,0.279581,2.497214
aaaaanmc_s001_t000,power_line,30.0,canonicalized,1,7.284494,0.949524,7.231629
aaaaanop_s001_t000,power_line,30.0,canonicalized,0,-0.563994,0.358564,16.100207
aaaaanoz_s001_t000,power_line,30.0,canonicalized,1,-1.494740,0.269223,5.658490
aaaaanpr_s001_t002,power_line,30.0,canonicalized,1,5.473026,0.893113,7.031269
aaaaanqe_s001_t000,power_line,30.0,canonicalized,0,-1.918223,0.233565,2.859230
aaaaanro_s001_t000,power_line,30.0,canonicalized,1,2.891653,0.724422,4.777080
aaaaansj_s001_t000,power_line,30.0,canonicalized,1,3.951528,0.808658,8.568330
aaaaanta_s001_t000,power_line,30.0,canonicalized,1,7.600913,0.955901,7.614902
aaaaanum_s001_t000,power_line,30.0,canonicalized,0,0.674109,0.493265,2.511409
aaaaanvb_s002_t000,power_line,30.0,canonicalized,0,-1.644998,0.256186,10.682251
aaaaanvg_s001_t002,power_line,30.0,canonicalized,0,5.539752,0.895933,4.210059
aaaaanvw_s001_t000,power_line,30.0,canonicalized,0,-4.072911,0.103998,7.054281
aaaaanwc_s001_t001,power_line,30.0,canonicalized,1,9.843282,0.983386,48.304380
aaaaanxl_s001_t000,power_line,30.0,canonicalized,1,7.437923,0.952718,4.243026
aaaaanyb_s001_t001,power_line,30.0,canonicalized,0,0.041964,0.423081,3.998613
aaaaanyt_s002_t000,power_line,30.0,canonicalized,1,2.054181,0.643668,36.603776
aaaaanyw_s001_t000,power_line,30.0,canonicalized,1,5.520770,0.895137,2.832916
aaaaanyw_s002_t000,power_line,30.0,canonicalized,1,3.980909,0.810687,9.129415
aaaaanzh_s001_t000,power_line,30.0,canonicalized,1,2.702076,0.707148,9.850736
aaaaanzu_s001_t003,power_line,30.0,canonicalized,1,4.203043,0.825490,12.476248
aaaaaoav_s001_t000,power_line,30.0,canonicalized,0,-1.965613,0.229786,6.928988
aaaaaoav_s002_t000,power_line,30.0,canonicalized,0,-3.058384,0.154587,4.527099
aaaaaobi_s001_t000,power_line,30.0,canonicalized,1,-2.568155,0.185510,10.846336
aaaaaobl_s001_t000,power_line,30.0,canonicalized,0,-1.383178,0.279168,1.867477
aaaaaoby_s001_t000,power_line,30.0,canonicalized,0,0.501232,0.473926,6.478636
aaaaaoda_s001_t000,power_line,30.0,canonicalized,1,9.120741,0.977181,5.518353
aaaaaoeg_s001_t000,power_line,30.0,canonicalized,0,-2.226520,0.209755,7.791982
aaaaaofj_s001_t000,power_line,30.0,canonicalized,0,-0.107681,0.406808,3.006039
aaaaaofr_s001_t000,power_line,30.0,canonicalized,0,2.958102,0.730324,2.983452
aaaaaofz_s001_t000,power_line,30.0,canonicalized,0,0.249505,0.445922,12.867763
aaaaaohb_s001_t000,power_line,30.0,canonicalized,1,6.737201,0.936391,2.465686
aaaaaohr_s002_t001,power_line,30.0,canonicalized,1,7.120917,0.945894,4.298092
aaaaaoiq_s001_t000,power_line,30.0,canonicalized,1,3.035641,0.737111,6.502355
aaaaaoiv_s001_t000,power_line,30.0,canonicalized,1,-2.685142,0.177721,1.165109
aaaaaoiv_s002_t001,power_line,30.0,canonicalized,1,12.637244,0.995191,7.780371
aaaaaoiv_s003_t003,power_line,30.0,canonicalized,1,9.336774,0.979242,1.243532
aaaaaojd_s001_t002,power_line,30.0,canonicalized,0,0.603354,0.485344,5.651276
aaaaaokg_s001_t000,power_line,30.0,canonicalized,0,4.546512,0.846559,14.614687
aaaaaoly_s001_t000,power_line,30.0,canonicalized,0,-1.545192,0.264799,8.539476
aaaaaome_s001_t000,power_line,30.0,canonicalized,0,-2.960973,0.160376,3.897452
aaaaaomx_s001_t000,power_line,30.0,canonicalized,0,-2.438446,0.194451,6.566032
aaaaaomy_s001_t000,power_line,30.0,canonicalized,1,6.663741,0.934402,21.828981
aaaaaonb_s001_t000,power_line,30.0,canonicalized,0,1.280340,0.560858,10.277586
aaaaaons_s002_t002,power_line,30.0,canonicalized,1,5.141328,0.878076,4.561134
aaaaaopd_s001_t000,power_line,30.0,canonicalized,0,-1.201600,0.295828,8.399404
aaaaaopo_s001_t000,power_line,30.0,canonicalized,0,1.984567,0.636483,13.794044
aaaaaora_s002_t000,power_line,30.0,canonicalized,1,3.906953,0.805550,4.993958
aaaaaord_s001_t000,power_line,30.0,canonicalized,1,1.581907,0.593811,2.492435
aaaaaosh_s001_t000,power_line,30.0,canonicalized,1,0.218554,0.442499,0.786496
aaaaaosw_s001_t000,power_line,30.0,canonicalized,0,0.297299,0.451218,8.678328
aaaaaote_s001_t000,power_line,30.0,canonicalized,0,1.504642,0.585436,4.457055
aaaaaout_s001_t000,power_line,30.0,canonicalized,1,3.158917,0.747672,4.080134
aaaaaovl_s001_t000,power_line,30.0,canonicalized,1,11.365881,0.991531,5.843017
aaaaaovo_s001_t000,power_line,30.0,canonicalized,1,8.214996,0.966148,7.674309
aaaaaowb_s001_t000,power_line,30.0,canonicalized,0,1.975158,0.635508,5.954615
aaaaaoxf_s001_t000,power_line,30.0,canonicalized,0,-3.172497,0.148023,4.363391
aaaaaozf_s001_t001,power_line,30.0,canonicalized,0,0.851835,0.513166,12.345371
aaaaapag_s001_t000,power_line,30.0,canonicalized,0,-2.035796,0.224269,22.252442
aaaaapar_s001_t000,power_line,30.0,canonicalized,1,22.161334,0.999932,7.765523
aaaaapcb_s001_t000,power_line,30.0,canonicalized,0,4.728024,0.856827,1.998703
aaaaapcy_s001_t002,power_line,30.0,canonicalized,0,-2.588265,0.184153,5.093252
aaaaapdg_s001_t000,power_line,30.0,canonicalized,0,-3.122089,0.150893,5.894611
aaaaaphs_s001_t000,power_line,30.0,canonicalized,1,7.249580,0.948769,4.037298
aaaaaphw_s001_t000,power_line,30.0,canonicalized,0,1.563242,0.591793,4.407109
aaaaapij_s001_t000,power_line,30.0,canonicalized,0,1.069392,0.537465,3.568052
aaaaapjc_s001_t001,power_line,30.0,canonicalized,0,-1.648385,0.255897,5.458351
aaaaapka_s001_t000,power_line,30.0,canonicalized,0,-0.973876,0.317512,1.559317
aaaaapkx_s001_t001,power_line,30.0,canonicalized,1,-1.248226,0.291495,17.402178
aaaaaply_s001_t001,power_line,30.0,canonicalized,1,7.596451,0.955817,16.666960
aaaaapmb_s002_t001,power_line,30.0,canonicalized,1,5.666511,0.901110,2.386935
aaaaapmp_s001_t000,power_line,30.0,canonicalized,1,1.437130,0.578077,7.158613
aaaaapnr_s001_t000,power_line,30.0,canonicalized,1,-3.438901,0.133595,7.724704
aaaaapoc_s001_t000,power_line,30.0,canonicalized,1,6.205336,0.920635,6.284131
aaaaapof_s001_t000,power_line,30.0,canonicalized,0,-3.452123,0.132911,8.269739
aaaaapoo_s001_t000,power_line,30.0,canonicalized,0,0.458330,0.469137,10.330247
aaaaapoq_s001_t000,power_line,30.0,canonicalized,0,2.876271,0.723044,1.884786
aaaaappb_s001_t000,power_line,30.0,canonicalized,0,-1.100862,0.305315,5.577993
aaaaapqd_s001_t000,power_line,30.0,canonicalized,1,4.912928,0.866691,4.769291
aaaaapqv_s001_t000,power_line,30.0,canonicalized,0,0.714549,0.497794,14.625169
aaaaapta_s001_t000,power_line,30.0,canonicalized,1,0.418607,0.464707,20.315978
aaaaapth_s001_t000,power_line,30.0,canonicalized,1,3.328235,0.761712,3.337040
aaaaapua_s001_t001,power_line,30.0,canonicalized,0,-7.465650,0.024759,7.604316
aaaaapuu_s001_t000,power_line,30.0,canonicalized,0,0.740397,0.500689,5.919807
aaaaapvw_s001_t001,power_line,30.0,canonicalized,1,6.431188,0.927720,5.184984
aaaaapvy_s001_t000,power_line,30.0,canonicalized,1,2.715228,0.708367,8.004575
aaaaapwn_s001_t001,power_line,30.0,canonicalized,0,0.920183,0.520812,7.695447
aaaaapwo_s001_t001,power_line,30.0,canonicalized,1,10.378715,0.986883,3.362660
aaaaapxm_s001_t001,power_line,30.0,canonicalized,0,-1.276015,0.288931,9.790019
aaaaapys_s001_t001,power_line,30.0,canonicalized,1,13.622391,0.996902,3.729683
aaaaapys_s002_t001,power_line,30.0,canonicalized,1,7.890434,0.961056,5.846196
aaaaaayx_s002_t000,power_line,30.0,naive,0,-10.534242,0.006380,32.475746
aaaaabdo_s003_t000,power_line,30.0,naive,1,-0.039788,0.414168,113.044925
aaaaabsk_s007_t000,power_line,30.0,naive,1,-13.056603,0.002070,10.877434
aaaaabuv_s002_t000,power_line,30.0,naive,1,-4.088836,0.103335,8.525942
aaaaacad_s003_t000,power_line,30.0,naive,0,-0.986812,0.316258,3.631982
aaaaacby_s004_t000,power_line,30.0,naive,0,-3.690007,0.121102,2.204200
aaaaaddm_s006_t000,power_line,30.0,naive,1,-5.294148,0.062933,5.116290
aaaaadeu_s002_t000,power_line,30.0,naive,1,-2.208560,0.211092,12.698383
aaaaadjk_s002_t000,power_line,30.0,naive,0,-4.362453,0.092517,3.804333
aaaaadkb_s002_t000,power_line,30.0,naive,1,3.531438,0.777839,16.781842
aaaaadsm_s002_t001,power_line,30.0,naive,0,-10.785514,0.005705,2.594462
aaaaaeab_s003_t000,power_line,30.0,naive,0,-12.960745,0.002160,11.700045
aaaaaejc_s003_t001,power_line,30.0,naive,0,-14.814918,0.000943,7.547369
aaaaaezn_s003_t001,power_line,30.0,naive,1,-14.842839,0.000931,39.744678
aaaaafhl_s003_t000,power_line,30.0,naive,1,-1.253218,0.291033,8.883936
aaaaagfk_s003_t000,power_line,30.0,naive,0,-7.820613,0.021196,32.442494
aaaaagsc_s003_t001,power_line,30.0,naive,1,-2.017292,0.225714,47.858089
aaaaagsc_s006_t001,power_line,30.0,naive,1,-14.148325,0.001270,3.303635
aaaaaguk_s002_t001,power_line,30.0,naive,0,-15.368529,0.000736,11.898176
aaaaagvx_s002_t000,power_line,30.0,naive,1,-6.382000,0.039619,20.406931
aaaaagvx_s003_t001,power_line,30.0,naive,1,-0.866864,0.327991,2.272326
aaaaagyr_s002_t000,power_line,30.0,naive,1,-15.484066,0.000699,7.243916
aaaaahie_s005_t001,power_line,30.0,naive,1,7.519773,0.954343,3.586190
aaaaahsv_s002_t000,power_line,30.0,naive,0,-13.839511,0.001458,5.739497
aaaaahte_s002_t000,power_line,30.0,naive,1,-1.258554,0.290540,96.322911
aaaaahte_s003_t000,power_line,30.0,naive,1,-4.326780,0.093867,8.264590
aaaaahuy_s002_t000,power_line,30.0,naive,1,-7.238396,0.027340,4.205379
aaaaahzi_s001_t000,power_line,30.0,naive,0,-5.536193,0.056834,3.931745
aaaaahzm_s001_t001,power_line,30.0,naive,0,-1.381144,0.279352,1.621645
aaaaahzq_s001_t000,power_line,30.0,naive,0,-13.421863,0.001758,5.979525
aaaaahzs_s001_t001,power_line,30.0,naive,0,-12.135307,0.003124,13.912038
aaaaaiae_s001_t000,power_line,30.0,naive,0,2.229725,0.661495,3.866281
aaaaaibx_s001_t000,power_line,30.0,naive,0,-5.895997,0.048786,1.791826
aaaaaiby_s001_t000,power_line,30.0,naive,0,-25.212333,0.000009,3.700925
aaaaaici_s001_t000,power_line,30.0,naive,0,-18.164994,0.000210,17.470353
aaaaaicn_s001_t000,power_line,30.0,naive,0,-13.014506,0.002109,8.538965
aaaaaijh_s002_t000,power_line,30.0,naive,1,-18.157517,0.000211,20.403067
aaaaaijn_s001_t001,power_line,30.0,naive,0,-10.894542,0.005434,5.221929
aaaaairb_s001_t001,power_line,30.0,naive,0,-1.766919,0.245918,11.510903
aaaaairo_s001_t000,power_line,30.0,naive,0,-15.126163,0.000820,14.418767
aaaaaitt_s001_t000,power_line,30.0,naive,0,-22.457662,0.000031,12.885563
aaaaaiue_s004_t000,power_line,30.0,naive,1,-11.474408,0.004196,4.849942
aaaaaiuo_s002_t000,power_line,30.0,naive,0,-11.023339,0.005131,29.455969
aaaaaiwz_s001_t001,power_line,30.0,naive,0,-3.165348,0.148427,0.681438
aaaaaiyy_s001_t001,power_line,30.0,naive,0,-7.673610,0.022606,31.781210
aaaaaizd_s001_t001,power_line,30.0,naive,0,-6.326143,0.040582,7.700791
aaaaaizs_s001_t000,power_line,30.0,naive,0,-7.231398,0.027423,36.281042
aaaaajae_s001_t001,power_line,30.0,naive,0,1.576495,0.593227,6.695244
aaaaajah_s002_t001,power_line,30.0,naive,1,-4.883156,0.074706,8.088517
aaaaajah_s004_t000,power_line,30.0,naive,1,-11.461926,0.004220,25.096635
aaaaajal_s001_t001,power_line,30.0,naive,0,-18.745153,0.000162,24.061539
aaaaajam_s001_t000,power_line,30.0,naive,1,-15.564216,0.000674,1.731484
aaaaajar_s001_t001,power_line,30.0,naive,0,-10.716411,0.005883,18.738368
aaaaajbb_s001_t000,power_line,30.0,naive,0,-10.813151,0.005635,4.473747
aaaaajbh_s002_t000,power_line,30.0,naive,0,-0.640116,0.350759,7.917672
aaaaajce_s001_t000,power_line,30.0,naive,0,-14.725818,0.000981,10.552103
aaaaajci_s001_t000,power_line,30.0,naive,0,-5.364301,0.061105,13.737923
aaaaajck_s001_t000,power_line,30.0,naive,0,-10.332711,0.006979,3.787455
aaaaajct_s001_t000,power_line,30.0,naive,0,-15.791389,0.000609,11.193500
aaaaajcu_s001_t000,power_line,30.0,naive,0,-20.893989,0.000062,7.541939
aaaaajda_s001_t000,power_line,30.0,naive,0,-11.600967,0.003966,7.173846
aaaaajdb_s001_t000,power_line,30.0,naive,0,-13.237751,0.001909,10.724836
aaaaajdv_s001_t000,power_line,30.0,naive,0,-5.936213,0.047956,32.598963
aaaaajdy_s001_t000,power_line,30.0,naive,0,-11.235525,0.004668,15.176274
aaaaajdz_s001_t000,power_line,30.0,naive,0,-5.071575,0.069076,15.682054
aaaaajea_s001_t000,power_line,30.0,naive,0,-9.247288,0.011299,38.984532
aaaaajen_s001_t000,power_line,30.0,naive,0,-13.269779,0.001882,2.732330
aaaaajey_s001_t000,power_line,30.0,naive,0,-3.761583,0.117731,16.766753
aaaaajfb_s001_t000,power_line,30.0,naive,0,-9.001396,0.012599,15.247894
aaaaajfe_s001_t000,power_line,30.0,naive,0,-5.472833,0.058375,9.840299
aaaaajff_s001_t000,power_line,30.0,naive,0,-4.521186,0.086717,3.563782
aaaaajfi_s001_t001,power_line,30.0,naive,0,-21.202899,0.000054,6.107141
aaaaajfn_s001_t001,power_line,30.0,naive,0,-13.701229,0.001551,10.006752
aaaaajfy_s001_t000,power_line,30.0,naive,0,-16.100292,0.000530,17.508189
aaaaajga_s001_t001,power_line,30.0,naive,0,-19.025849,0.000143,7.884832
aaaaajhy_s001_t000,power_line,30.0,naive,0,-6.053622,0.045611,1.679282
aaaaajit_s001_t001,power_line,30.0,naive,0,-13.161437,0.001975,1.560591
aaaaajiu_s001_t000,power_line,30.0,naive,0,-12.882412,0.002237,11.375104
aaaaajiy_s001_t001,power_line,30.0,naive,0,-15.140529,0.000815,7.990662
aaaaajiz_s001_t000,power_line,30.0,naive,0,-13.652399,0.001586,16.777044
aaaaajjb_s001_t001,power_line,30.0,naive,0,-13.022647,0.002102,36.738049
aaaaajje_s001_t000,power_line,30.0,naive,0,-16.794828,0.000388,29.622095
aaaaajjk_s001_t000,power_line,30.0,naive,0,-4.752394,0.078857,4.177400
aaaaajna_s001_t000,power_line,30.0,naive,0,-12.766198,0.002357,11.237307
aaaaajnu_s001_t000,power_line,30.0,naive,0,-13.714549,0.001542,13.515678
aaaaajon_s001_t000,power_line,30.0,naive,0,-20.407604,0.000077,15.223569
aaaaajoo_s002_t001,power_line,30.0,naive,1,-5.921131,0.048266,28.020377
aaaaajpg_s001_t001,power_line,30.0,naive,0,-9.247085,0.011300,5.662569
aaaaajqh_s004_t000,power_line,30.0,naive,1,0.649399,0.490498,7.294309
aaaaajqk_s003_t001,power_line,30.0,naive,1,-7.295768,0.026665,7.124905
aaaaajrf_s001_t000,power_line,30.0,naive,1,13.939836,0.997311,33.645438
aaaaajrf_s002_t000,power_line,30.0,naive,1,14.237623,0.997646,15.620765
aaaaajrf_s003_t002,power_line,30.0,naive,1,4.745930,0.857808,30.430441
aaaaajrf_s004_t000,power_line,30.0,naive,1,-3.675899,0.121777,10.114142
aaaaajso_s001_t000,power_line,30.0,naive,1,-6.288907,0.041236,24.055883
aaaaajtg_s001_t000,power_line,30.0,naive,0,-11.994829,0.003326,23.980889
aaaaajtu_s001_t000,power_line,30.0,naive,0,-13.565835,0.001648,10.977017
aaaaajuh_s001_t000,power_line,30.0,naive,1,-1.943126,0.231574,30.561458
aaaaajun_s001_t000,power_line,30.0,naive,0,0.276047,0.448862,3.417167
aaaaajvh_s001_t001,power_line,30.0,naive,0,-12.915872,0.002204,9.034900
aaaaajxp_s001_t000,power_line,30.0,naive,0,-3.381751,0.136586,3.822868
aaaaakck_s001_t001,power_line,30.0,naive,1,-10.867803,0.005499,2.746622
aaaaakcx_s001_t001,power_line,30.0,naive,1,1.187459,0.550585,5.816071
aaaaakcy_s005_t001,power_line,30.0,naive,1,2.546863,0.692544,17.517821
aaaaakdj_s001_t000,power_line,30.0,naive,1,-9.421757,0.010459,3.445219
aaaaakdo_s001_t000,power_line,30.0,naive,1,-11.599858,0.003968,4.036662
aaaaakeq_s001_t000,power_line,30.0,naive,1,-9.846353,0.008663,16.050342
aaaaakeq_s002_t000,power_line,30.0,naive,1,-10.533106,0.006383,18.522881
aaaaakeq_s003_t000,power_line,30.0,naive,1,-6.453257,0.038422,12.848777
aaaaakev_s001_t001,power_line,30.0,naive,1,-0.284115,0.387883,25.074208
aaaaakev_s002_t000,power_line,30.0,naive,1,-2.528073,0.188239,39.341940
aaaaakft_s001_t000,power_line,30.0,naive,0,-16.845181,0.000380,7.322200
aaaaakgp_s001_t001,power_line,30.0,naive,0,-10.831563,0.005589,16.643352
aaaaakgu_s001_t000,power_line,30.0,naive,1,-6.252014,0.041895,10.302988
aaaaakjk_s002_t002,power_line,30.0,naive,1,-7.973518,0.019821,44.707301
aaaaakjk_s003_t000,power_line,30.0,naive,1,-12.519084,0.002632,8.587282
aaaaakka_s001_t001,power_line,30.0,naive,0,-13.046754,0.002079,20.388161
aaaaakmg_s003_t001,power_line,30.0,naive,1,-12.481467,0.002677,1.079091
aaaaakmh_s001_t000,power_line,30.0,naive,1,-18.422849,0.000187,12.009178
aaaaaknt_s001_t000,power_line,30.0,naive,1,-4.530605,0.086383,8.090640
aaaaakoo_s001_t001,power_line,30.0,naive,1,4.516960,0.844832,5.406410
aaaaakqg_s001_t001,power_line,30.0,naive,0,-14.234318,0.001222,2.906513
aaaaakqr_s001_t000,power_line,30.0,naive,0,-3.029951,0.156259,3.507601
aaaaakrt_s001_t001,power_line,30.0,naive,1,-8.164182,0.018227,8.701559
aaaaakrt_s002_t001,power_line,30.0,naive,1,-3.541763,0.128351,17.917293
aaaaaksb_s001_t000,power_line,30.0,naive,0,-16.252534,0.000495,16.687235
aaaaaksu_s001_t001,power_line,30.0,naive,0,-15.288132,0.000763,45.049177
aaaaakxz_s001_t001,power_line,30.0,naive,1,-1.054984,0.309691,0.627818
aaaaakxz_s002_t001,power_line,30.0,naive,1,-2.497731,0.190324,31.058597
aaaaalaf_s001_t000,power_line,30.0,naive,0,-10.942957,0.005318,21.099419
aaaaalau_s001_t000,power_line,30.0,naive,1,-3.701192,0.120570,21.138475
aaaaalbh_s001_t000,power_line,30.0,naive,1,-2.022842,0.225280,2.463290
aaaaalbt_s001_t001,power_line,30.0,naive,0,-21.176898,0.000055,1.427152
aaaaalbt_s002_t000,power_line,30.0,naive,0,-17.847572,0.000242,1.994837
aaaaalbz_s006_t000,power_line,30.0,naive,1,-5.907459,0.048548,20.690555
aaaaalid_s001_t001,power_line,30.0,naive,0,-2.521257,0.188706,23.128387
aaaaaljf_s001_t000,power_line,30.0,naive,1,-8.487356,0.015809,9.530902
aaaaaljj_s001_t000,power_line,30.0,naive,0,-9.932366,0.008338,7.077979
aaaaallc_s001_t001,power_line,30.0,naive,0,-4.675366,0.081401,7.849320
aaaaalle_s002_t000,power_line,30.0,naive,1,-0.935626,0.321237,8.329410
aaaaalox_s001_t001,power_line,30.0,naive,0,-9.912378,0.008412,17.364052
aaaaalpv_s001_t000,power_line,30.0,naive,0,-8.495539,0.015753,5.327482
aaaaalqa_s001_t000,power_line,30.0,naive,0,-9.258883,0.011241,6.048960
aaaaalqr_s001_t001,power_line,30.0,naive,1,-9.240465,0.011333,5.819465
aaaaalqs_s001_t001,power_line,30.0,naive,0,-2.172339,0.213807,6.849733
aaaaalqx_s001_t000,power_line,30.0,naive,0,-11.188209,0.004767,12.226887
aaaaalrc_s002_t000,power_line,30.0,naive,1,16.823993,0.999260,6.101976
aaaaalsq_s001_t000,power_line,30.0,naive,0,-11.741973,0.003724,8.454277
aaaaalsx_s001_t000,power_line,30.0,naive,1,-12.242471,0.002978,25.911979
aaaaalsx_s004_t001,power_line,30.0,naive,1,-1.380378,0.279421,1.572419
aaaaaluz_s001_t001,power_line,30.0,naive,0,-12.024473,0.003283,4.668818
aaaaalvw_s001_t000,power_line,30.0,naive,0,-14.146437,0.001271,6.538950
aaaaalvz_s001_t000,power_line,30.0,naive,1,17.749539,0.999511,53.265299
aaaaalxk_s001_t000,power_line,30.0,naive,0,-13.698749,0.001553,15.694031
aaaaalyr_s001_t000,power_line,30.0,naive,1,-7.169409,0.028174,1.560720
aaaaalzk_s002_t001,power_line,30.0,naive,1,4.249808,0.828487,9.752697
aaaaamcb_s001_t001,power_line,30.0,naive,1,-5.196399,0.065566,7.086990
aaaaamfe_s001_t001,power_line,30.0,naive,0,-10.089023,0.007777,10.966906
aaaaamft_s001_t001,power_line,30.0,naive,1,-4.482783,0.088089,1.029840
aaaaamfu_s001_t000,power_line,30.0,naive,0,-7.075997,0.029343,3.595403
aaaaamhi_s001_t000,power_line,30.0,naive,1,-1.695809,0.251873,33.659892
aaaaamhk_s001_t000,power_line,30.0,naive,1,-5.121155,0.067662,4.634254
aaaaamjc_s001_t001,power_line,30.0,naive,1,-7.411053,0.025357,6.029116
aaaaammh_s001_t001,power_line,30.0,naive,1,-14.374021,0.001148,1.681549
aaaaamnq_s001_t000,power_line,30.0,naive,1,0.228834,0.443635,18.972059
aaaaamnq_s002_t000,power_line,30.0,naive,1,-1.856301,0.238568,7.384013
aaaaamon_s001_t000,power_line,30.0,naive,0,-16.583144,0.000427,10.546147
aaaaampz_s001_t000,power_line,30.0,naive,1,-17.471726,0.000287,4.162517
aaaaamrj_s001_t000,power_line,30.0,naive,0,-19.422920,0.000120,15.447042
aaaaamsc_s001_t000,power_line,30.0,naive,1,1.655243,0.601711,22.930591
aaaaamtb_s001_t000,power_line,30.0,naive,0,-14.164289,0.001261,27.729891
aaaaamuc_s001_t000,power_line,30.0,naive,0,-6.754996,0.033728,10.660103
aaaaamxn_s001_t000,power_line,30.0,naive,1,-17.607255,0.000270,6.091979
aaaaamyb_s001_t001,power_line,30.0,naive,0,-8.271688,0.017385,4.104460
aaaaamye_s001_t000,power_line,30.0,naive,1,-8.234722,0.017670,46.808285
aaaaamzi_s001_t001,power_line,30.0,naive,1,-4.271057,0.096012,21.790457
aaaaamzl_s001_t000,power_line,30.0,naive,0,-15.557542,0.000676,12.302927
aaaaamzx_s001_t000,power_line,30.0,naive,0,-17.010873,0.000353,34.067890
aaaaanbq_s001_t000,power_line,30.0,naive,0,0.546435,0.478978,11.700970
aaaaanek_s001_t000,power_line,30.0,naive,0,-17.293980,0.000311,9.222725
aaaaangp_s001_t000,power_line,30.0,naive,0,-5.100045,0.068261,13.607734
aaaaanhb_s001_t003,power_line,30.0,naive,1,-4.357453,0.092705,6.277597
aaaaanhb_s003_t001,power_line,30.0,naive,1,1.288597,0.561769,6.294162
aaaaanhb_s005_t000,power_line,30.0,naive,1,3.932701,0.807350,3.301483
aaaaankf_s001_t000,power_line,30.0,naive,1,-16.046431,0.000543,5.415166
aaaaanlp_s001_t000,power_line,30.0,naive,0,-6.581375,0.036357,9.822251
aaaaanmc_s001_t000,power_line,30.0,naive,1,4.319234,0.832862,20.227700
aaaaanop_s001_t000,power_line,30.0,naive,0,-9.340701,0.010841,9.672883
aaaaanoz_s001_t000,power_line,30.0,naive,1,-16.719132,0.000402,8.777433
aaaaanpr_s001_t002,power_line,30.0,naive,1,0.119423,0.431573,13.907367
aaaaanqe_s001_t000,power_line,30.0,naive,0,-16.953604,0.000362,19.713870
aaaaanro_s001_t000,power_line,30.0,naive,1,-16.484806,0.000446,17.531293
aaaaansj_s001_t000,power_line,30.0,naive,1,-7.367996,0.025838,4.837554
aaaaanta_s001_t000,power_line,30.0,naive,1,5.811265,0.906740,22.354507
aaaaanum_s001_t000,power_line,30.0,naive,0,-11.269351,0.004598,7.115063
aaaaanvb_s002_t000,power_line,30.0,naive,0,-8.156103,0.018292,16.100687
aaaaanvg_s001_t002,power_line,30.0,naive,0,0.133877,0.433162,8.190810
aaaaanvw_s001_t000,power_line,30.0,naive,0,-15.221566,0.000786,7.604072
aaaaanwc_s001_t001,power_line,30.0,naive,1,0.413620,0.464152,10.701164
aaaaanxl_s001_t000,power_line,30.0,naive,1,-1.011321,0.313889,10.587854
aaaaanyb_s001_t001,power_line,30.0,naive,0,-9.512881,0.010044,12.871023
aaaaanyt_s002_t000,power_line,30.0,naive,1,-2.346689,0.200971,5.411068
aaaaanyw_s001_t000,power_line,30.0,naive,1,-8.861528,0.013402,5.761470
aaaaanyw_s002_t000,power_line,30.0,naive,1,-1.235000,0.292720,7.362391
aaaaanzh_s001_t000,power_line,30.0,naive,1,-15.078691,0.000838,26.497459
aaaaanzu_s001_t003,power_line,30.0,naive,1,-7.116718,0.028827,8.985138
aaaaaoav_s001_t000,power_line,30.0,naive,0,-11.766877,0.003683,17.045566
aaaaaoav_s002_t000,power_line,30.0,naive,0,-17.608460,0.000270,22.793870
aaaaaobi_s001_t000,power_line,30.0,naive,1,-13.333060,0.001829,11.757260
aaaaaobl_s001_t000,power_line,30.0,naive,0,-13.832421,0.001463,45.823104
aaaaaoby_s001_t000,power_line,30.0,naive,0,-12.380259,0.002800,30.989113
aaaaaoda_s001_t000,power_line,30.0,naive,1,-2.663432,0.179147,17.895974
aaaaaoeg_s001_t000,power_line,30.0,naive,0,-6.345647,0.040243,12.541729
aaaaaofj_s001_t000,power_line,30.0,naive,0,-0.989008,0.316045,2.780185
aaaaaofr_s001_t000,power_line,30.0,naive,0,-4.623204,0.083165,15.368786
aaaaaofz_s001_t000,power_line,30.0,naive,0,-8.309885,0.017095,28.499932
aaaaaohb_s001_t000,power_line,30.0,naive,1,-8.877633,0.013307,4.276696
aaaaaohr_s002_t001,power_line,30.0,naive,1,-5.780049,0.051254,12.830101
aaaaaoiq_s001_t000,power_line,30.0,naive,1,-2.794513,0.170674,2.189012
aaaaaoiv_s001_t000,power_line,30.0,naive,1,-12.268635,0.002944,5.013670
aaaaaoiv_s002_t001,power_line,30.0,naive,1,2.143801,0.652822,29.494075
aaaaaoiv_s003_t003,power_line,30.0,naive,1,-2.414002,0.196172,9.418545
aaaaaojd_s001_t002,power_line,30.0,naive,0,-6.913721,0.031486,13.116219
aaaaaokg_s001_t000,power_line,30.0,naive,0,-16.112982,0.000527,13.873280
aaaaaoly_s001_t000,power_line,30.0,naive,0,-12.715937,0.002410,9.368729
aaaaaome_s001_t000,power_line,30.0,naive,0,-13.845447,0.001455,12.135440
aaaaaomx_s001_t000,power_line,30.0,naive,0,-20.303427,0.000081,4.593182
aaaaaomy_s001_t000,power_line,30.0,naive,1,8.256045,0.966744,32.203408
aaaaaonb_s001_t000,power_line,30.0,naive,0,-12.418516,0.002753,12.961283
aaaaaons_s002_t002,power_line,30.0,naive,1,-2.965248,0.160118,7.987628
aaaaaopd_s001_t000,power_line,30.0,naive,0,-7.691114,0.022434,10.299831
aaaaaopo_s001_t000,power_line,30.0,naive,0,-15.011683,0.000863,3.804467
aaaaaora_s002_t000,power_line,30.0,naive,1,-8.996877,0.012624,17.352439
aaaaaord_s001_t000,power_line,30.0,naive,1,-0.991223,0.315831,4.223541
aaaaaosh_s001_t000,power_line,30.0,naive,1,-10.714655,0.005887,6.274042
aaaaaosw_s001_t000,power_line,30.0,naive,0,-11.138103,0.004875,28.482316
aaaaaote_s001_t000,power_line,30.0,naive,0,-2.009426,0.226331,3.626332
aaaaaout_s001_t000,power_line,30.0,naive,1,-6.758989,0.033669,8.472560
aaaaaovl_s001_t000,power_line,30.0,naive,1,-17.928339,0.000234,2.221680
aaaaaovo_s001_t000,power_line,30.0,naive,1,4.108542,0.819307,7.752585
aaaaaowb_s001_t000,power_line,30.0,naive,0,-11.114084,0.004928,1.558515
aaaaaoxf_s001_t000,power_line,30.0,naive,0,-12.796215,0.002325,10.177029
aaaaaozf_s001_t001,power_line,30.0,naive,0,-22.333942,0.000032,7.016447
aaaaapag_s001_t000,power_line,30.0,naive,0,-14.796707,0.000950,24.236141
aaaaapar_s001_t000,power_line,30.0,naive,1,22.232492,0.999934,49.584633
aaaaapcb_s001_t000,power_line,30.0,naive,0,-0.594247,0.355453,12.422316
aaaaapcy_s001_t002,power_line,30.0,naive,0,-11.501478,0.004146,41.904037
aaaaapdg_s001_t000,power_line,30.0,naive,0,-20.462400,0.000075,6.516978
aaaaaphs_s001_t000,power_line,30.0,naive,1,-4.213879,0.098259,22.610253
aaaaaphw_s001_t000,power_line,30.0,naive,0,-11.434355,0.004272,7.234742
aaaaapij_s001_t000,power_line,30.0,naive,0,-13.523693,0.001680,9.261212
aaaaapjc_s001_t001,power_line,30.0,naive,0,-6.070924,0.045275,9.480329
aaaaapka_s001_t000,power_line,30.0,naive,0,-18.217948,0.000205,4.475307
aaaaapkx_s001_t001,power_line,30.0,naive,1,-13.864955,0.001442,18.134192
aaaaaply_s001_t001,power_line,30.0,naive,1,1.785752,0.615636,5.999649
aaaaapmb_s002_t001,power_line,30.0,naive,1,2.213663,0.659882,0.885186
aaaaapmp_s001_t000,power_line,30.0,naive,1,-7.015001,0.030131,13.218407
aaaaapnr_s001_t000,power_line,30.0,naive,1,-11.691067,0.003809,18.349272
aaaaapoc_s001_t000,power_line,30.0,naive,1,-13.053277,0.002073,16.220152
aaaaapof_s001_t000,power_line,30.0,naive,0,-12.637707,0.002496,8.796883
aaaaapoo_s001_t000,power_line,30.0,naive,0,-13.069776,0.002058,36.505357
aaaaapoq_s001_t000,power_line,30.0,naive,0,-10.853264,0.005535,10.212519
aaaaappb_s001_t000,power_line,30.0,naive,0,-16.617850,0.000421,12.034446
aaaaapqd_s001_t000,power_line,30.0,naive,1,-3.940428,0.109660,20.933644
aaaaapqv_s001_t000,power_line,30.0,naive,0,-5.654966,0.054048,13.277759
aaaaapta_s001_t000,power_line,30.0,naive,1,0.970589,0.526445,33.415087
aaaaapth_s001_t000,power_line,30.0,naive,1,-6.647733,0.035329,22.562915
aaaaapua_s001_t001,power_line,30.0,naive,0,-20.193961,0.000085,6.434387
aaaaapuu_s001_t000,power_line,30.0,naive,0,-14.847840,0.000929,10.733699
aaaaapvw_s001_t001,power_line,30.0,naive,1,-15.366012,0.000737,7.374206
aaaaapvy_s001_t000,power_line,30.0,naive,1,-6.651101,0.035278,24.950871
aaaaapwn_s001_t001,power_line,30.0,naive,0,0.031001,0.421883,15.177855
aaaaapwo_s001_t001,power_line,30.0,naive,1,5.989640,0.913281,7.579516
aaaaapxm_s001_t001,power_line,30.0,naive,0,-2.354432,0.200414,42.500737
aaaaapys_s001_t001,power_line,30.0,naive,1,6.983327,0.942651,6.372500
aaaaapys_s002_t001,power_line,30.0,naive,1,-2.862410,0.166411,8.492417
aaaaaayx_s002_t000,power_line,5.0,canonicalized,0,0.797720,0.507108,6.027438
aaaaabdo_s003_t000,power_line,5.0,canonicalized,1,10.242540,0.986069,5.507004
aaaaabsk_s007_t000,power_line,5.0,canonicalized,1,1.757370,0.612623,10.215213
aaaaabuv_s002_t000,power_line,5.0,canonicalized,1,3.153657,0.747227,3.197250
aaaaacad_s003_t000,power_line,5.0,canonicalized,0,1.559697,0.591409,2.900729
aaaaacby_s004_t000,power_line,5.0,canonicalized,0,1.071139,0.537660,1.313057
aaaaaddm_s006_t000,power_line,5.0,canonicalized,1,5.313618,0.886101,7.953270
aaaaadeu_s002_t000,power_line,5.0,canonicalized,1,4.889378,0.865468,5.653685
aaaaadjk_s002_t000,power_line,5.0,canonicalized,0,-0.091773,0.408529,2.816551
aaaaadkb_s002_t000,power_line,5.0,canonicalized,1,8.991321,0.975852,3.767014
aaaaadsm_s002_t001,power_line,5.0,canonicalized,0,-3.157778,0.148856,3.667129
aaaaaeab_s003_t000,power_line,5.0,canonicalized,0,0.877434,0.516031,3.684031
aaaaaejc_s003_t001,power_line,5.0,canonicalized,0,0.615806,0.486738,7.154847
aaaaaezn_s003_t001,power_line,5.0,canonicalized,1,0.205030,0.441005,12.859572
aaaaafhl_s003_t000,power_line,5.0,canonicalized,1,3.232718,0.753858,5.206853
aaaaagfk_s003_t000,power_line,5.0,canonicalized,0,-0.887560,0.325950,1.887115
aaaaagsc_s003_t001,power_line,5.0,canonicalized,1,6.124335,0.917943,13.384674
aaaaagsc_s006_t001,power_line,5.0,canonicalized,1,0.553421,0.479759,1.718956
aaaaaguk_s002_t001,power_line,5.0,canonicalized,0,-4.080385,0.103686,14.591507
aaaaagvx_s002_t000,power_line,5.0,canonicalized,1,2.105137,0.648886,6.624797
aaaaagvx_s003_t001,power_line,5.0,canonicalized,1,2.358255,0.674266,1.639768
aaaaagyr_s002_t000,power_line,5.0,canonicalized,1,0.327860,0.454610,2.478061
aaaaahie_s005_t001,power_line,5.0,canonicalized,1,8.423863,0.969078,3.340254
aaaaahsv_s002_t000,power_line,5.0,canonicalized,0,-0.642425,0.350523,4.842521
aaaaahte_s002_t000,power_line,5.0,canonicalized,1,7.483098,0.953622,9.450298
aaaaahte_s003_t000,power_line,5.0,canonicalized,1,9.694889,0.982265,5.703436
aaaaahuy_s002_t000,power_line,5.0,canonicalized,1,0.388864,0.461394,2.058171
aaaaahzi_s001_t000,power_line,5.0,canonicalized,0,1.323579,0.565623,2.256298
aaaaahzm_s001_t001,power_line,5.0,canonicalized,0,1.633123,0.599334,1.996761
aaaaahzq_s001_t000,power_line,5.0,canonicalized,0,-4.600375,0.083948,4.535546
aaaaahzs_s001_t001,power_line,5.0,canonicalized,0,1.162207,0.547784,2.295677
aaaaaiae_s001_t000,power_line,5.0,canonicalized,0,2.168886,0.655365,3.479843
aaaaaibx_s001_t000,power_line,5.0,canonicalized,0,-2.623825,0.181771,4.968032
aaaaaiby_s001_t000,power_line,5.0,canonicalized,0,-0.642409,0.350525,7.268943
aaaaaici_s001_t000,power_line,5.0,canonicalized,0,-2.831181,0.168361,14.666035
aaaaaicn_s001_t000,power_line,5.0,canonicalized,0,1.404466,0.574504,4.290311
aaaaaijh_s002_t000,power_line,5.0,canonicalized,1,-4.416560,0.090502,6.554230
aaaaaijn_s001_t001,power_line,5.0,canonicalized,0,-0.333602,0.382632,3.079570
aaaaairb_s001_t001,power_line,5.0,canonicalized,0,3.405702,0.767953,3.517284
aaaaairo_s001_t000,power_line,5.0,canonicalized,0,-4.266792,0.096178,9.916987
aaaaaitt_s001_t000,power_line,5.0,canonicalized,0,-1.160398,0.299687,5.031474
aaaaaiue_s004_t000,power_line,5.0,canonicalized,1,1.951362,0.633035,2.453847
aaaaaiuo_s002_t000,power_line,5.0,canonicalized,0,1.282725,0.561121,5.607730
aaaaaiwz_s001_t001,power_line,5.0,canonicalized,0,-0.788148,0.335810,2.381465
aaaaaiyy_s001_t001,power_line,5.0,canonicalized,0,-1.795159,0.243579,7.326489
aaaaaizd_s001_t001,power_line,5.0,canonicalized,0,0.716946,0.498062,10.475260
aaaaaizs_s001_t000,power_line,5.0,canonicalized,0,0.362039,0.458410,2.785815
aaaaajae_s001_t001,power_line,5.0,canonicalized,0,3.367070,0.764855,1.360614
aaaaajah_s002_t001,power_line,5.0,canonicalized,1,-0.246040,0.391941,5.648601
aaaaajah_s004_t000,power_line,5.0,canonicalized,1,1.581048,0.593719,3.266543
aaaaajal_s001_t001,power_line,5.0,canonicalized,0,-2.756589,0.173092,0.594190
aaaaajam_s001_t000,power_line,5.0,canonicalized,1,1.615353,0.597420,0.960316
aaaaajar_s001_t001,power_line,5.0,canonicalized,0,-1.600350,0.260016,9.755517
aaaaajbb_s001_t000,power_line,5.0,canonicalized,0,2.378032,0.676209,5.780247
aaaaajbh_s002_t000,power_line,5.0,canonicalized,0,1.594239,0.595143,3.097646
aaaaajce_s001_t000,power_line,5.0,canonicalized,0,-0.969219,0.317965,3.751193
aaaaajci_s001_t000,power_line,5.0,canonicalized,0,1.751290,0.611976,2.299139
aaaaajck_s001_t000,power_line,5.0,canonicalized,0,-3.391600,0.136067,4.562352
aaaaajct_s001_t000,power_line,5.0,canonicalized,0,1.326984,0.565998,1.470343
aaaaajcu_s001_t000,power_line,5.0,canonicalized,0,-0.886477,0.326057,3.270452
aaaaajda_s001_t000,power_line,5.0,canonicalized,0,-2.506616,0.189712,3.485402
aaaaajdb_s001_t000,power_line,5.0,canonicalized,0,-2.669979,0.178716,9.888225
aaaaajdv_s001_t000,power_line,5.0,canonicalized,0,0.531748,0.477336,11.613022
aaaaajdy_s001_t000,power_line,5.0,canonicalized,0,-2.321647,0.202778,6.496180
aaaaajdz_s001_t000,power_line,5.0,canonicalized,0,-0.976779,0.317231,4.046731
aaaaajea_s001_t000,power_line,5.0,canonicalized,0,3.854100,0.801814,2.732628
aaaaajen_s001_t000,power_line,5.0,canonicalized,0,-0.687154,0.345975,2.998878
aaaaajey_s001_t000,power_line,5.0,canonicalized,0,-0.615787,0.353245,10.427508
aaaaajfb_s001_t000,power_line,5.0,canonicalized,0,-3.252847,0.143541,10.319172
aaaaajfe_s001_t000,power_line,5.0,canonicalized,0,-0.640965,0.350672,2.366576
aaaaajff_s001_t000,power_line,5.0,canonicalized,0,-3.123151,0.150833,0.710923
aaaaajfi_s001_t001,power_line,5.0,canonicalized,0,-1.365450,0.280769,1.916643
aaaaajfn_s001_t001,power_line,5.0,canonicalized,0,-1.968701,0.229542,7.910886
aaaaajfy_s001_t000,power_line,5.0,canonicalized,0,-4.010490,0.106633,10.204306
aaaaajga_s001_t001,power_line,5.0,canonicalized,0,1.044148,0.534652,8.746952
aaaaajhy_s001_t000,power_line,5.0,canonicalized,0,-4.031677,0.105732,7.320226
aaaaajit_s001_t001,power_line,5.0,canonicalized,0,-0.426143,0.372888,4.162297
aaaaajiu_s001_t000,power_line,5.0,canonicalized,0,0.018627,0.420531,8.865426
aaaaajiy_s001_t001,power_line,5.0,canonicalized,0,-1.296619,0.287038,6.979987
aaaaajiz_s001_t000,power_line,5.0,canonicalized,0,-0.630632,0.351727,10.206913
aaaaajjb_s001_t001,power_line,5.0,canonicalized,0,0.905715,0.519194,5.234077
aaaaajje_s001_t000,power_line,5.0,canonicalized,0,-2.965671,0.160093,13.756756
aaaaajjk_s001_t000,power_line,5.0,canonicalized,0,2.265358,0.665060,5.533905
aaaaajna_s001_t000,power_line,5.0,canonicalized,0,-4.666243,0.081707,6.324721
aaaaajnu_s001_t000,power_line,5.0,canonicalized,0,-3.116335,0.151224,5.983336
aaaaajon_s001_t000,power_line,5.0,canonicalized,0,-0.533681,0.361693,14.606024
aaaaajoo_s002_t001,power_line,5.0,canonicalized,1,0.748543,0.501601,8.588593
aaaaajpg_s001_t001,power_line,5.0,canonicalized,0,-3.057014,0.154667,4.419954
aaaaajqh_s004_t000,power_line,5.0,canonicalized,1,10.831109,0.989264,10.492188
aaaaajqk_s003_t001,power_line,5.0,canonicalized,1,7.156037,0.946693,4.552973
aaaaajrf_s001_t000,power_line,5.0,canonicalized,1,20.514093,0.999858,13.776027
aaaaajrf_s002_t000,power_line,5.0,canonicalized,1,21.548596,0.999911,5.532644
aaaaajrf_s003_t002,power_line,5.0,canonicalized,1,17.145373,0.999359,13.154018
aaaaajrf_s004_t000,power_line,5.0,canonicalized,1,2.943599,0.729043,2.709300
aaaaajso_s001_t000,power_line,5.0,canonicalized,1,8.422179,0.969056,5.772958
aaaaajtg_s001_t000,power_line,5.0,canonicalized,0,-0.608509,0.353990,19.106858
aaaaajtu_s001_t000,power_line,5.0,canonicalized,0,-2.249056,0.208086,7.729182
aaaaajuh_s001_t000,power_line,5.0,canonicalized,1,5.465159,0.892776,9.309345
aaaaajun_s001_t000,power_line,5.0,canonicalized,0,5.856933,0.908456,9.672780
aaaaajvh_s001_t001,power_line,5.0,canonicalized,0,-1.484657,0.270112,12.859760
aaaaajxp_s001_t000,power_line,5.0,canonicalized,0,2.217812,0.660299,3.853315
aaaaakck_s001_t001,power_line,5.0,canonicalized,1,2.727262,0.709479,4.236815
aaaaakcx_s001_t001,power_line,5.0,canonicalized,1,7.483574,0.953631,5.283272
aaaaakcy_s005_t001,power_line,5.0,canonicalized,1,14.156971,0.997560,9.192327
aaaaakdj_s001_t000,power_line,5.0,canonicalized,1,0.535056,0.477705,5.744044
aaaaakdo_s001_t000,power_line,5.0,canonicalized,1,0.439623,0.467050,8.325677
aaaaakeq_s001_t000,power_line,5.0,canonicalized,1,5.732410,0.903710,20.389510
aaaaakeq_s002_t000,power_line,5.0,canonicalized,1,6.693515,0.935215,11.278250
aaaaakeq_s003_t000,power_line,5.0,canonicalized,1,6.353579,0.925354,16.634622
aaaaakev_s001_t001,power_line,5.0,canonicalized,1,19.669916,0.999793,44.473642
aaaaakev_s002_t000,power_line,5.0,canonicalized,1,16.580162,0.999175,15.168250
aaaaakft_s001_t000,power_line,5.0,canonicalized,0,-1.969007,0.229517,9.721420
aaaaakgp_s001_t001,power_line,5.0,canonicalized,0,2.714823,0.708329,2.348278
aaaaakgu_s001_t000,power_line,5.0,canonicalized,1,-0.596166,0.355256,1.097368
aaaaakjk_s002_t002,power_line,5.0,canonicalized,1,3.526769,0.777478,7.260357
aaaaakjk_s003_t000,power_line,5.0,canonicalized,1,3.372957,0.765329,1.058671
aaaaakka_s001_t001,power_line,5.0,canonicalized,0,-0.209414,0.395858,10.466846
aaaaakmg_s003_t001,power_line,5.0,canonicalized,1,8.491544,0.969974,3.223904
aaaaakmh_s001_t000,power_line,5.0,canonicalized,1,0.241354,0.445020,5.172862
aaaaaknt_s001_t000,power_line,5.0,canonicalized,1,2.196694,0.658173,6.095853
aaaaakoo_s001_t001,power_line,5.0,canonicalized,1,19.139847,0.999738,11.690188
aaaaakqg_s001_t001,power_line,5.0,canonicalized,0,-0.134033,0.403962,10.387763
aaaaakqr_s001_t000,power_line,5.0,canonicalized,0,-0.354939,0.380377,7.425594
aaaaakrt_s001_t001,power_line,5.0,canonicalized,1,7.385489,0.951649,1.834092
aaaaakrt_s002_t001,power_line,5.0,canonicalized,1,5.744614,0.904184,3.628266
aaaaaksb_s001_t000,power_line,5.0,canonicalized,0,-2.776921,0.171792,8.665475
aaaaaksu_s001_t001,power_line,5.0,canonicalized,0,0.712083,0.497517,5.172853
aaaaakxz_s001_t001,power_line,5.0,canonicalized,1,3.871418,0.803044,1.628247
aaaaakxz_s002_t001,power_line,5.0,canonicalized,1,9.222629,0.978177,7.089275
aaaaalaf_s001_t000,power_line,5.0,canonicalized,0,-0.196010,0.397295,2.474300
aaaaalau_s001_t000,power_line,5.0,canonicalized,1,2.994544,0.733528,3.783466
aaaaalbh_s001_t000,power_line,5.0,canonicalized,1,3.443903,0.770989,5.295638
aaaaalbt_s001_t001,power_line,5.0,canonicalized,0,-1.295553,0.287136,6.965815
aaaaalbt_s002_t000,power_line,5.0,canonicalized,0,-0.704067,0.344263,4.454686
aaaaalbz_s006_t000,power_line,5.0,canonicalized,1,13.905542,0.997270,18.809958
aaaaalid_s001_t001,power_line,5.0,canonicalized,0,6.640014,0.933748,14.232984
aaaaaljf_s001_t000,power_line,5.0,canonicalized,1,2.654859,0.702748,10.682128
aaaaaljj_s001_t000,power_line,5.0,canonicalized,0,-1.529968,0.266129,4.936276
aaaaallc_s001_t001,power_line,5.0,canonicalized,0,2.672627,0.704408,8.972800
aaaaalle_s002_t000,power_line,5.0,canonicalized,1,3.519032,0.776878,5.164399
aaaaalox_s001_t001,power_line,5.0,canonicalized,0,3.036529,0.737188,9.020042
aaaaalpv_s001_t000,power_line,5.0,canonicalized,0,0.995406,0.529216,10.995789
aaaaalqa_s001_t000,power_line,5.0,canonicalized,0,-0.411311,0.374443,5.871716
aaaaalqr_s001_t001,power_line,5.0,canonicalized,1,3.901130,0.805141,5.847761
aaaaalqs_s001_t001,power_line,5.0,canonicalized,0,-0.003938,0.418070,4.193496
aaaaalqx_s001_t000,power_line,5.0,canonicalized,0,-2.866784,0.166140,8.006232
aaaaalrc_s002_t000,power_line,5.0,canonicalized,1,22.631734,0.999945,2.726282
aaaaalsq_s001_t000,power_line,5.0,canonicalized,0,-0.727580,0.341889,1.539979
aaaaalsx_s001_t000,power_line,5.0,canonicalized,1,-0.355215,0.380348,3.716943
aaaaalsx_s004_t001,power_line,5.0,canonicalized,1,3.941244,0.807945,1.399252
aaaaaluz_s001_t001,power_line,5.0,canonicalized,0,-2.484838,0.191216,2.810243
aaaaalvw_s001_t000,power_line,5.0,canonicalized,0,-4.072406,0.104019,3.538027
aaaaalvz_s001_t000,power_line,5.0,canonicalized,1,17.723214,0.999505,16.774522
aaaaalxk_s001_t000,power_line,5.0,canonicalized,0,0.050902,0.424059,2.088613
aaaaalyr_s001_t000,power_line,5.0,canonicalized,1,2.664862,0.703683,2.277501
aaaaalzk_s002_t001,power_line,5.0,canonicalized,1,11.662553,0.992578,11.212524
aaaaamcb_s001_t001,power_line,5.0,canonicalized,1,8.565725,0.970927,8.023315
aaaaamfe_s001_t001,power_line,5.0,canonicalized,0,4.937448,0.867956,3.509547
aaaaamft_s001_t001,power_line,5.0,canonicalized,1,4.679067,0.854115,9.565063
aaaaamfu_s001_t000,power_line,5.0,canonicalized,0,-0.637811,0.350994,3.725503
aaaaamhi_s001_t000,power_line,5.0,canonicalized,1,13.325842,0.996463,22.633807
aaaaamhk_s001_t000,power_line,5.0,canonicalized,1,3.977332,0.810441,5.727384
aaaaamjc_s001_t001,power_line,5.0,canonicalized,1,9.985181,0.984394,7.875401
aaaaammh_s001_t001,power_line,5.0,canonicalized,1,2.870992,0.722570,8.643596
aaaaamnq_s001_t000,power_line,5.0,canonicalized,1,9.220894,0.978160,20.000015
aaaaamnq_s002_t000,power_line,5.0,canonicalized,1,8.077282,0.964071,8.549474
aaaaamon_s001_t000,power_line,5.0,canonicalized,0,0.944089,0.523484,14.228114
aaaaampz_s001_t000,power_line,5.0,canonicalized,1,2.882057,0.723562,3.179164
aaaaamrj_s001_t000,power_line,5.0,canonicalized,0,-0.315665,0.384533,4.735113
aaaaamsc_s001_t000,power_line,5.0,canonicalized,1,4.878638,0.864907,1.194193
aaaaamtb_s001_t000,power_line,5.0,canonicalized,0,1.300729,0.563106,4.231709
aaaaamuc_s001_t000,power_line,5.0,canonicalized,0,0.875121,0.515772,2.188366
aaaaamxn_s001_t000,power_line,5.0,canonicalized,1,1.387205,0.572613,6.090313
aaaaamyb_s001_t001,power_line,5.0,canonicalized,0,-0.167609,0.400345,6.618555
aaaaamye_s001_t000,power_line,5.0,canonicalized,1,15.270278,0.998517,16.804728
aaaaamzi_s001_t001,power_line,5.0,canonicalized,1,7.900492,0.961225,9.318096
aaaaamzl_s001_t000,power_line,5.0,canonicalized,0,-0.541165,0.360919,5.443023
aaaaamzx_s001_t000,power_line,5.0,canonicalized,0,-5.534149,0.056883,5.418902
aaaaanbq_s001_t000,power_line,5.0,canonicalized,0,-0.360574,0.379782,4.007471
aaaaanek_s001_t000,power_line,5.0,canonicalized,0,-4.496280,0.087605,2.193682
aaaaangp_s001_t000,power_line,5.0,canonicalized,0,0.867816,0.514955,3.457066
aaaaanhb_s001_t003,power_line,5.0,canonicalized,1,5.427017,0.891129,13.155634
aaaaanhb_s003_t001,power_line,5.0,canonicalized,1,3.561411,0.780151,3.694407
aaaaanhb_s005_t000,power_line,5.0,canonicalized,1,6.174357,0.919615,4.059381
aaaaankf_s001_t000,power_line,5.0,canonicalized,1,5.857625,0.908482,2.069309
aaaaanlp_s001_t000,power_line,5.0,canonicalized,0,-1.349728,0.282194,2.439061
aaaaanmc_s001_t000,power_line,5.0,canonicalized,1,7.285802,0.949552,7.230319
aaaaanop_s001_t000,power_line,5.0,canonicalized,0,-0.584258,0.356478,16.184936
aaaaanoz_s001_t000,power_line,5.0,canonicalized,1,-1.495357,0.269168,5.656336
aaaaanpr_s001_t002,power_line,5.0,canonicalized,1,5.406725,0.890244,6.598356
aaaaanqe_s001_t000,power_line,5.0,canonicalized,0,-1.919584,0.233456,2.863738
aaaaanro_s001_t000,power_line,5.0,canonicalized,1,2.840666,0.719838,5.172514
aaaaansj_s001_t000,power_line,5.0,canonicalized,1,3.956499,0.809003,8.581479
aaaaanta_s001_t000,power_line,5.0,canonicalized,1,7.601631,0.955914,7.607866
aaaaanum_s001_t000,power_line,5.0,canonicalized,0,0.741777,0.500843,2.473445
aaaaanvb_s002_t000,power_line,5.0,canonicalized,0,-1.656220,0.255230,10.792171
aaaaanvg_s001_t002,power_line,5.0,canonicalized,0,5.553760,0.896517,4.084628
aaaaanvw_s001_t000,power_line,5.0,canonicalized,0,-4.126171,0.101795,7.226499
aaaaanwc_s001_t001,power_line,5.0,canonicalized,1,9.835403,0.983329,48.407716
aaaaanxl_s001_t000,power_line,5.0,canonicalized,1,7.435308,0.952666,4.260293
aaaaanyb_s001_t001,power_line,5.0,canonicalized,0,0.050945,0.424063,3.954450
aaaaanyt_s002_t000,power_line,5.0,canonicalized,1,2.843500,0.720094,36.340762
aaaaanyw_s001_t000,power_line,5.0,canonicalized,1,5.505858,0.894509,2.762413
aaaaanyw_s002_t000,power_line,5.0,canonicalized,1,3.958142,0.809117,9.330904
aaaaanzh_s001_t000,power_line,5.0,canonicalized,1,2.700320,0.706985,9.854506
aaaaanzu_s001_t003,power_line,5.0,canonicalized,1,4.155191,0.822380,12.719552
aaaaaoav_s001_t000,power_line,5.0,canonicalized,0,-1.968454,0.229561,6.950171
aaaaaoav_s002_t000,power_line,5.0,canonicalized,0,-3.390017,0.136150,4.852495
aaaaaobi_s001_t000,power_line,5.0,canonicalized,1,-2.567130,0.185579,10.843295
aaaaaobl_s001_t000,power_line,5.0,canonicalized,0,-1.384535,0.279046,1.868897
aaaaaoby_s001_t000,power_line,5.0,canonicalized,0,0.434388,0.466467,5.439153
aaaaaoda_s001_t000,power_line,5.0,canonicalized,1,9.126766,0.977241,5.549551
aaaaaoeg_s001_t000,power_line,5.0,canonicalized,0,-2.237343,0.208952,7.809853
aaaaaofj_s001_t000,power_line,5.0,canonicalized,0,-0.132024,0.404179,2.939142
aaaaaofr_s001_t000,power_line,5.0,canonicalized,0,2.945736,0.729232,2.997551
aaaaaofz_s001_t000,power_line,5.0,canonicalized,0,0.228508,0.443599,13.030798
aaaaaohb_s001_t000,power_line,5.0,canonicalized,1,6.699860,0.935387,2.415985
aaaaaohr_s002_t001,power_line,5.0,canonicalized,1,7.137238,0.946267,4.423435
aaaaaoiq_s001_t000,power_line,5.0,canonicalized,1,3.053000,0.738615,6.521109
aaaaaoiv_s001_t000,power_line,5.0,canonicalized,1,-2.679005,0.178124,1.177781
aaaaaoiv_s002_t001,power_line,5.0,canonicalized,1,12.615172,0.995143,7.795093
aaaaaoiv_s003_t003,power_line,5.0,canonicalized,1,9.356415,0.979421,1.207667
aaaaaojd_s001_t002,power_line,5.0,canonicalized,0,0.574181,0.482080,5.678480
aaaaaokg_s001_t000,power_line,5.0,canonicalized,0,4.557378,0.847190,14.587204
aaaaaoly_s001_t000,power_line,5.0,canonicalized,0,-1.545574,0.264766,8.541583
aaaaaome_s001_t000,power_line,5.0,canonicalized,0,-2.977940,0.159355,3.841802
aaaaaomx_s001_t000,power_line,5.0,canonicalized,0,-2.443075,0.194126,6.609946
aaaaaomy_s001_t000,power_line,5.0,canonicalized,1,6.666666,0.934483,21.825096
aaaaaonb_s001_t000,power_line,5.0,canonicalized,0,1.223346,0.554560,10.180690
aaaaaons_s002_t002,power_line,5.0,canonicalized,1,5.123416,0.877215,4.605819
aaaaaopd_s001_t000,power_line,5.0,canonicalized,0,-1.225601,0.293593,8.208189
aaaaaopo_s001_t000,power_line,5.0,canonicalized,0,1.914994,0.629242,13.315577
aaaaaora_s002_t000,power_line,5.0,canonicalized,1,3.787084,0.797000,5.250131
aaaaaord_s001_t000,power_line,5.0,canonicalized,1,1.561435,0.591597,2.599513
aaaaaosh_s001_t000,power_line,5.0,canonicalized,1,0.209324,0.441479,0.796460
aaaaaosw_s001_t000,power_line,5.0,canonicalized,0,0.276942,0.448961,8.843635
aaaaaote_s001_t000,power_line,5.0,canonicalized,0,1.514078,0.586462,4.465080
aaaaaout_s001_t000,power_line,5.0,canonicalized,1,3.165211,0.748203,4.080288
aaaaaovl_s001_t000,power_line,5.0,canonicalized,1,11.213695,0.990939,5.653183
aaaaaovo_s001_t000,power_line,5.0,canonicalized,1,8.247759,0.966625,7.693735
aaaaaowb_s001_t000,power_line,5.0,canonicalized,0,1.970466,0.635020,5.995519
aaaaaoxf_s001_t000,power_line,5.0,canonicalized,0,-3.188707,0.147109,4.290092
aaaaaozf_s001_t001,power_line,5.0,canonicalized,0,0.871933,0.515415,12.372877
aaaaapag_s001_t000,power_line,5.0,canonicalized,0,-2.080444,0.220808,23.116676
aaaaapar_s001_t000,power_line,5.0,canonicalized,1,22.220760,0.999934,7.977751
aaaaapcb_s001_t000,power_line,5.0,canonicalized,0,4.724238,0.856619,1.999649
aaaaapcy_s001_t002,power_line,5.0,canonicalized,0,-2.617290,0.182207,5.289413
aaaaapdg_s001_t000,power_line,5.0,canonicalized,0,-3.100557,0.152134,5.840553
aaaaaphs_s001_t000,power_line,5.0,canonicalized,1,7.249235,0.948761,4.039850
aaaaaphw_s001_t000,power_line,5.0,canonicalized,0,1.576714,0.593250,4.370776
aaaaapij_s001_t000,power_line,5.0,canonicalized,0,0.906042,0.519231,4.371815
aaaaapjc_s001_t001,power_line,5.0,canonicalized,0,-1.652879,0.255514,5.407223
aaaaapka_s001_t000,power_line,5.0,canonicalized,0,-1.030394,0.312051,1.364534
aaaaapkx_s001_t001,power_line,5.0,canonicalized,1,-1.262024,0.290220,17.483922
aaaaaply_s001_t001,power_line,5.0,canonicalized,1,7.527976,0.954503,16.589466
aaaaapmb_s002_t001,power_line,5.0,canonicalized,1,5.672611,0.901353,2.409065
aaaaapmp_s001_t000,power_line,5.0,canonicalized,1,1.436143,0.577969,7.161064
aaaaapnr_s001_t000,power_line,5.0,canonicalized,1,-3.437774,0.133653,7.719911
aaaaapoc_s001_t000,power_line,5.0,canonicalized,1,6.214244,0.920926,6.308752
aaaaapof_s001_t000,power_line,5.0,canonicalized,0,-3.451328,0.132952,8.267368
aaaaapoo_s001_t000,power_line,5.0,canonicalized,0,0.457840,0.469082,10.335659
aaaaapoq_s001_t000,power_line,5.0,canonicalized,0,2.878380,0.723233,1.891613
aaaaappb_s001_t000,power_line,5.0,canonicalized,0,-1.099827,0.305413,5.570724
aaaaapqd_s001_t000,power_line,5.0,canonicalized,1,4.914562,0.866776,4.752750
aaaaapqv_s001_t000,power_line,5.0,canonicalized,0,0.714706,0.497811,14.623008
aaaaapta_s001_t000,power_line,5.0,canonicalized,1,0.329988,0.454847,19.999439
aaaaapth_s001_t000,power_line,5.0,canonicalized,1,3.502229,0.775570,3.775979
aaaaapua_s001_t001,power_line,5.0,canonicalized,0,-7.432851,0.025116,7.670388
aaaaapuu_s001_t000,power_line,5.0,canonicalized,0,0.739415,0.500579,5.928331
aaaaapvw_s001_t001,power_line,5.0,canonicalized,1,6.431326,0.927724,5.183208
aaaaapvy_s001_t000,power_line,5.0,canonicalized,1,2.716327,0.708468,8.003612
aaaaapwn_s001_t001,power_line,5.0,canonicalized,0,0.888111,0.517225,8.055546
aaaaapwo_s001_t001,power_line,5.0,canonicalized,1,10.375307,0.986863,3.360123
aaaaapxm_s001_t001,power_line,5.0,canonicalized,0,-1.247195,0.291590,9.902313
aaaaapys_s001_t001,power_line,5.0,canonicalized,1,13.636354,0.996921,3.660176
aaaaapys_s002_t001,power_line,5.0,canonicalized,1,8.473354,0.969736,3.477736
aaaaaayx_s002_t000,power_line,5.0,naive,0,-1.443033,0.273804,5.919702
aaaaabdo_s003_t000,power_line,5.0,naive,1,10.421239,0.987127,15.948305
aaaaabsk_s007_t000,power_line,5.0,naive,1,2.496713,0.687739,11.846850
aaaaabuv_s002_t000,power_line,5.0,naive,1,2.821016,0.718059,9.414188
aaaaacad_s003_t000,power_line,5.0,naive,0,1.121076,0.543216,2.954488
aaaaacby_s004_t000,power_line,5.0,naive,0,0.447347,0.467912,2.477387
aaaaaddm_s006_t000,power_line,5.0,naive,1,5.021275,0.872200,6.345843
aaaaadeu_s002_t000,power_line,5.0,naive,1,3.901552,0.805170,4.154013
aaaaadjk_s002_t000,power_line,5.0,naive,0,-2.823470,0.168846,2.728884
aaaaadkb_s002_t000,power_line,5.0,naive,1,9.854234,0.983466,5.446042
aaaaadsm_s002_t001,power_line,5.0,naive,0,-2.483064,0.191339,2.543256
aaaaaeab_s003_t000,power_line,5.0,naive,0,1.344809,0.567958,3.502336
aaaaaejc_s003_t001,power_line,5.0,naive,0,0.411510,0.463917,7.607219
aaaaaezn_s003_t001,power_line,5.0,naive,1,-1.844796,0.239505,5.966095
aaaaafhl_s003_t000,power_line,5.0,naive,1,2.628093,0.700237,7.103027
aaaaagfk_s003_t000,power_line,5.0,naive,0,-1.214595,0.294616,5.054367
aaaaagsc_s003_t001,power_line,5.0,naive,1,3.923426,0.806703,44.460632
aaaaagsc_s006_t001,power_line,5.0,naive,1,-1.237668,0.292473,2.007445
aaaaaguk_s002_t001,power_line,5.0,naive,0,-4.608033,0.083685,12.796123
aaaaagvx_s002_t000,power_line,5.0,naive,1,1.181762,0.549953,7.068350
aaaaagvx_s003_t001,power_line,5.0,naive,1,2.546467,0.692506,1.747331
aaaaagyr_s002_t000,power_line,5.0,naive,1,-0.791084,0.335517,3.534766
aaaaahie_s005_t001,power_line,5.0,naive,1,8.492975,0.969993,3.859605
aaaaahsv_s002_t000,power_line,5.0,naive,0,-0.412105,0.374360,7.214174
aaaaahte_s002_t000,power_line,5.0,naive,1,8.289787,0.967227,16.815545
aaaaahte_s003_t000,power_line,5.0,naive,1,7.934904,0.961795,5.273240
aaaaahuy_s002_t000,power_line,5.0,naive,1,0.624766,0.487741,1.584316
aaaaahzi_s001_t000,power_line,5.0,naive,0,2.528326,0.690772,6.200496
aaaaahzm_s001_t001,power_line,5.0,naive,0,1.576993,0.593280,2.126366
aaaaahzq_s001_t000,power_line,5.0,naive,0,-6.415288,0.039055,4.589629
aaaaahzs_s001_t001,power_line,5.0,naive,0,-1.600119,0.260036,3.618723
aaaaaiae_s001_t000,power_line,5.0,naive,0,1.434375,0.577776,4.277546
aaaaaibx_s001_t000,power_line,5.0,naive,0,-2.980991,0.159172,1.961374
aaaaaiby_s001_t000,power_line,5.0,naive,0,0.919202,0.520703,3.320174
aaaaaici_s001_t000,power_line,5.0,naive,0,-3.743798,0.118561,7.375027
aaaaaicn_s001_t000,power_line,5.0,naive,0,-0.497994,0.365392,4.592212
aaaaaijh_s002_t000,power_line,5.0,naive,1,-8.628168,0.014857,8.232082
aaaaaijn_s001_t001,power_line,5.0,naive,0,-2.893269,0.164503,5.369921
aaaaairb_s001_t001,power_line,5.0,naive,0,1.360683,0.569703,3.955854
aaaaairo_s001_t000,power_line,5.0,naive,0,-4.358459,0.092667,14.784139
aaaaaitt_s001_t000,power_line,5.0,naive,0,-1.296667,0.287034,6.216596
aaaaaiue_s004_t000,power_line,5.0,naive,1,-1.988907,0.227945,3.676361
aaaaaiuo_s002_t000,power_line,5.0,naive,0,-0.014334,0.416937,6.888427
aaaaaiwz_s001_t001,power_line,5.0,naive,0,-0.700918,0.344581,1.303066
aaaaaiyy_s001_t001,power_line,5.0,naive,0,-1.649226,0.255826,4.378099
aaaaaizd_s001_t001,power_line,5.0,naive,0,-1.979968,0.228650,7.986755
aaaaaizs_s001_t000,power_line,5.0,naive,0,-0.920024,0.322763,3.024167
aaaaajae_s001_t001,power_line,5.0,naive,0,-0.059202,0.412059,0.995286
aaaaajah_s002_t001,power_line,5.0,naive,1,-0.089932,0.408728,4.473116
aaaaajah_s004_t000,power_line,5.0,naive,1,-1.776252,0.245143,4.807178
aaaaajal_s001_t001,power_line,5.0,naive,0,-3.839677,0.114145,1.817542
aaaaajam_s001_t000,power_line,5.0,naive,1,-0.901751,0.324555,0.872815
aaaaajar_s001_t001,power_line,5.0,naive,0,-1.955568,0.230584,9.805768
aaaaajbb_s001_t000,power_line,5.0,naive,0,2.554453,0.693267,3.413541
aaaaajbh_s002_t000,power_line,5.0,naive,0,0.225985,0.443320,2.258820
aaaaajce_s001_t000,power_line,5.0,naive,0,-2.721926,0.175326,2.560776
aaaaajci_s001_t000,power_line,5.0,naive,0,0.199699,0.440416,2.911218
aaaaajck_s001_t000,power_line,5.0,naive,0,-5.407162,0.060013,2.435244
aaaaajct_s001_t000,power_line,5.0,naive,0,0.574294,0.482093,4.844575
aaaaajcu_s001_t000,power_line,5.0,naive,0,-0.726987,0.341948,3.057705
aaaaajda_s001_t000,power_line,5.0,naive,0,-4.718249,0.079976,3.720760
aaaaajdb_s001_t000,power_line,5.0,naive,0,-1.637386,0.256837,6.494096
aaaaajdv_s001_t000,power_line,5.0,naive,0,1.358039,0.569412,10.521548
aaaaajdy_s001_t000,power_line,5.0,naive,0,-1.244137,0.291874,6.590730
aaaaajdz_s001_t000,power_line,5.0,naive,0,-0.146704,0.402596,9.073366
aaaaajea_s001_t000,power_line,5.0,naive,0,1.745488,0.611359,1.751969
aaaaajen_s001_t000,power_line,5.0,naive,0,-2.949299,0.161082,2.415522
aaaaajey_s001_t000,power_line,5.0,naive,0,-0.027925,0.415458,6.531505
aaaaajfb_s001_t000,power_line,5.0,naive,0,-4.426405,0.090139,6.335566
aaaaajfe_s001_t000,power_line,5.0,naive,0,-1.114676,0.304004,3.817224
aaaaajff_s001_t000,power_line,5.0,naive,0,-2.580621,0.184668,2.093217
aaaaajfi_s001_t001,power_line,5.0,naive,0,-3.754372,0.118066,5.773283
aaaaajfn_s001_t001,power_line,5.0,naive,0,-3.147594,0.149435,4.762403
aaaaajfy_s001_t000,power_line,5.0,naive,0,-6.015646,0.046358,9.603948
aaaaajga_s001_t001,power_line,5.0,naive,0,-0.527581,0.362324,5.508085
aaaaajhy_s001_t000,power_line,5.0,naive,0,-5.834500,0.050080,10.380060
aaaaajit_s001_t001,power_line,5.0,naive,0,-3.326489,0.139532,6.012027
aaaaajiu_s001_t000,power_line,5.0,naive,0,-2.838050,0.167931,8.086117
aaaaajiy_s001_t001,power_line,5.0,naive,0,-2.979153,0.159282,5.923893
aaaaajiz_s001_t000,power_line,5.0,naive,0,-1.224056,0.293736,8.210742
aaaaajjb_s001_t001,power_line,5.0,naive,0,0.732172,0.499767,3.599969
aaaaajje_s001_t000,power_line,5.0,naive,0,-3.845923,0.113862,15.127687
aaaaajjk_s001_t000,power_line,5.0,naive,0,1.101459,0.541034,5.485685
aaaaajna_s001_t000,power_line,5.0,naive,0,-4.654611,0.082099,8.126703
aaaaajnu_s001_t000,power_line,5.0,naive,0,-4.080737,0.103672,4.449345
aaaaajon_s001_t000,power_line,5.0,naive,0,-2.490323,0.190836,9.366485
aaaaajoo_s002_t001,power_line,5.0,naive,1,-1.822517,0.241328,9.180769
aaaaajpg_s001_t001,power_line,5.0,naive,0,-4.502079,0.087397,5.017971
aaaaajqh_s004_t000,power_line,5.0,naive,1,9.001777,0.975962,10.194220
aaaaajqk_s003_t001,power_line,5.0,naive,1,6.329383,0.924602,1.939167
aaaaajrf_s001_t000,power_line,5.0,naive,1,19.972348,0.999819,17.114349
aaaaajrf_s002_t000,power_line,5.0,naive,1,20.466278,0.999855,11.364476
aaaaajrf_s003_t002,power_line,5.0,naive,1,12.893675,0.995711,27.040565
aaaaajrf_s004_t000,power_line,5.0,naive,1,1.490837,0.583934,1.755152
aaaaajso_s001_t000,power_line,5.0,naive,1,6.059742,0.915737,6.544692
aaaaajtg_s001_t000,power_line,5.0,naive,0,-1.278095,0.288739,22.081113
aaaaajtu_s001_t000,power_line,5.0,naive,0,-1.697039,0.251769,11.888415
aaaaajuh_s001_t000,power_line,5.0,naive,1,8.455778,0.969504,30.882436
aaaaajun_s001_t000,power_line,5.0,naive,0,7.700341,0.957741,9.401155
aaaaajvh_s001_t001,power_line,5.0,naive,0,-0.724981,0.342151,12.775168
aaaaajxp_s001_t000,power_line,5.0,naive,0,2.234695,0.661993,5.258436
aaaaakck_s001_t001,power_line,5.0,naive,1,0.963434,0.525646,3.369380
aaaaakcx_s001_t001,power_line,5.0,naive,1,5.206459,0.881166,5.776018
aaaaakcy_s005_t001,power_line,5.0,naive,1,11.853294,0.993181,10.560095
aaaaakdj_s001_t000,power_line,5.0,naive,1,0.659145,0.491589,10.279655
aaaaakdo_s001_t000,power_line,5.0,naive,1,-0.446591,0.370748,12.081916
aaaaakeq_s001_t000,power_line,5.0,naive,1,2.391116,0.677491,19.031274
aaaaakeq_s002_t000,power_line,5.0,naive,1,6.539192,0.930898,13.740893
aaaaakeq_s003_t000,power_line,5.0,naive,1,5.288975,0.884982,12.848419
aaaaakev_s001_t001,power_line,5.0,naive,1,15.879302,0.998871,31.342458
aaaaakev_s002_t000,power_line,5.0,naive,1,10.899846,0.989586,20.282535
aaaaakft_s001_t000,power_line,5.0,naive,0,-4.598897,0.083999,6.811604
aaaaakgp_s001_t001,power_line,5.0,naive,0,2.321879,0.670676,7.470650
aaaaakgu_s001_t000,power_line,5.0,naive,1,-0.902903,0.324442,1.980421
aaaaakjk_s002_t002,power_line,5.0,naive,1,-0.423525,0.373162,8.673772
aaaaakjk_s003_t000,power_line,5.0,naive,1,2.164924,0.654964,5.936097
aaaaakka_s001_t001,power_line,5.0,naive,0,-2.047335,0.223371,7.950527
aaaaakmg_s003_t001,power_line,5.0,naive,1,-3.212504,0.145777,6.911412
aaaaakmh_s001_t000,power_line,5.0,naive,1,-2.201575,0.211613,2.762645
aaaaaknt_s001_t000,power_line,5.0,naive,1,0.878757,0.516179,6.502866
aaaaakoo_s001_t001,power_line,5.0,naive,1,10.872596,0.989459,12.814468
aaaaakqg_s001_t001,power_line,5.0,naive,0,-1.455853,0.272664,7.742172
aaaaakqr_s001_t000,power_line,5.0,naive,0,-0.796504,0.334976,4.975981
aaaaakrt_s001_t001,power_line,5.0,naive,1,5.125966,0.877338,3.768099
aaaaakrt_s002_t001,power_line,5.0,naive,1,3.788266,0.797085,3.491690
aaaaaksb_s001_t000,power_line,5.0,naive,0,-3.891734,0.111808,6.200517
aaaaaksu_s001_t001,power_line,5.0,naive,0,-1.405339,0.277175,6.882433
aaaaakxz_s001_t001,power_line,5.0,naive,1,2.673918,0.704529,1.108802
aaaaakxz_s002_t001,power_line,5.0,naive,1,7.155863,0.946689,8.099091
aaaaalaf_s001_t000,power_line,5.0,naive,0,-0.871603,0.327523,3.879621
aaaaalau_s001_t000,power_line,5.0,naive,1,1.853767,0.622820,6.960967
aaaaalbh_s001_t000,power_line,5.0,naive,1,2.074001,0.645702,4.270621
aaaaalbt_s001_t001,power_line,5.0,naive,0,-1.995941,0.227391,6.102477
aaaaalbt_s002_t000,power_line,5.0,naive,0,-2.219030,0.210312,3.889619
aaaaalbz_s006_t000,power_line,5.0,naive,1,12.328155,0.994481,36.379000
aaaaalid_s001_t001,power_line,5.0,naive,0,6.133579,0.918254,18.167517
aaaaaljf_s001_t000,power_line,5.0,naive,1,0.647188,0.490251,18.293449
aaaaaljj_s001_t000,power_line,5.0,naive,0,-4.258738,0.096492,8.219867
aaaaallc_s001_t001,power_line,5.0,naive,0,2.618921,0.699374,14.932495
aaaaalle_s002_t000,power_line,5.0,naive,1,3.183120,0.749712,3.765641
aaaaalox_s001_t001,power_line,5.0,naive,0,0.694397,0.495537,9.027994
aaaaalpv_s001_t000,power_line,5.0,naive,0,0.101111,0.429561,11.135688
aaaaalqa_s001_t000,power_line,5.0,naive,0,0.049148,0.423867,10.415489
aaaaalqr_s001_t001,power_line,5.0,naive,1,-5.785037,0.051145,2.757536
aaaaalqs_s001_t001,power_line,5.0,naive,0,-1.631631,0.257329,3.886492
aaaaalqx_s001_t000,power_line,5.0,naive,0,-4.649251,0.082280,3.846623
aaaaalrc_s002_t000,power_line,5.0,naive,1,22.034056,0.999928,5.423359
aaaaalsq_s001_t000,power_line,5.0,naive,0,-2.767597,0.172387,4.814605
aaaaalsx_s001_t000,power_line,5.0,naive,1,-3.383973,0.136469,3.846390
aaaaalsx_s004_t001,power_line,5.0,naive,1,0.713476,0.497673,3.669893
aaaaaluz_s001_t001,power_line,5.0,naive,0,-3.178128,0.147705,1.403822
aaaaalvw_s001_t000,power_line,5.0,naive,0,-4.630075,0.082931,2.587022
aaaaalvz_s001_t000,power_line,5.0,naive,1,20.953978,0.999884,19.805160
aaaaalxk_s001_t000,power_line,5.0,naive,0,0.082036,0.427469,2.554024
aaaaalyr_s001_t000,power_line,5.0,naive,1,1.193723,0.551279,3.450449
aaaaalzk_s002_t001,power_line,5.0,naive,1,10.072598,0.984984,14.055554
aaaaamcb_s001_t001,power_line,5.0,naive,1,9.885983,0.983696,11.549736
aaaaamfe_s001_t001,power_line,5.0,naive,0,4.321463,0.833001,8.092239
aaaaamft_s001_t001,power_line,5.0,naive,1,-10.660662,0.006031,0.777841
aaaaamfu_s001_t000,power_line,5.0,naive,0,-2.119025,0.217849,4.815746
aaaaamhi_s001_t000,power_line,5.0,naive,1,3.439407,0.770633,6.846680
aaaaamhk_s001_t000,power_line,5.0,naive,1,2.798824,0.716042,2.527686
aaaaamjc_s001_t001,power_line,5.0,naive,1,5.071543,0.874690,4.175553
aaaaammh_s001_t001,power_line,5.0,naive,1,3.168650,0.748493,7.974373
aaaaamnq_s001_t000,power_line,5.0,naive,1,9.912439,0.983885,19.222282
aaaaamnq_s002_t000,power_line,5.0,naive,1,6.436948,0.927893,5.012443
aaaaamon_s001_t000,power_line,5.0,naive,0,-2.789510,0.170991,9.019343
aaaaampz_s001_t000,power_line,5.0,naive,1,-3.977116,0.108065,7.358885
aaaaamrj_s001_t000,power_line,5.0,naive,0,-1.946364,0.231316,4.140130
aaaaamsc_s001_t000,power_line,5.0,naive,1,3.450755,0.771531,1.743225
aaaaamtb_s001_t000,power_line,5.0,naive,0,0.510562,0.474968,6.484000
aaaaamuc_s001_t000,power_line,5.0,naive,0,-2.124870,0.217403,1.888350
aaaaamxn_s001_t000,power_line,5.0,naive,1,1.240048,0.556407,5.597207
aaaaamyb_s001_t001,power_line,5.0,naive,0,0.232772,0.444071,7.565775
aaaaamye_s001_t000,power_line,5.0,naive,1,6.804280,0.938158,3.616809
aaaaamzi_s001_t001,power_line,5.0,naive,1,4.979740,0.870112,10.090872
aaaaamzl_s001_t000,power_line,5.0,naive,0,-1.190209,0.296892,5.871696
aaaaamzx_s001_t000,power_line,5.0,naive,0,-6.341350,0.040318,7.002251
aaaaanbq_s001_t000,power_line,5.0,naive,0,-0.491438,0.366074,5.985950
aaaaanek_s001_t000,power_line,5.0,naive,0,-2.139272,0.216307,3.962699
aaaaangp_s001_t000,power_line,5.0,naive,0,-0.353389,0.380541,4.605058
aaaaanhb_s001_t003,power_line,5.0,naive,1,4.224211,0.826852,8.045375
aaaaanhb_s003_t001,power_line,5.0,naive,1,2.250284,0.663554,4.020215
aaaaanhb_s005_t000,power_line,5.0,naive,1,5.817742,0.906985,3.915638
aaaaankf_s001_t000,power_line,5.0,naive,1,3.437001,0.770443,4.254847
aaaaanlp_s001_t000,power_line,5.0,naive,0,-1.591803,0.260754,4.055945
aaaaanmc_s001_t000,power_line,5.0,naive,1,7.828757,0.960009,5.680016
aaaaanop_s001_t000,power_line,5.0,naive,0,-5.127529,0.067482,7.477254
aaaaanoz_s001_t000,power_line,5.0,naive,1,-2.414982,0.196103,6.220250
aaaaanpr_s001_t002,power_line,5.0,naive,1,2.741803,0.710820,7.444602
aaaaanqe_s001_t000,power_line,5.0,naive,0,-1.905049,0.234623,6.630849
aaaaanro_s001_t000,power_line,5.0,naive,1,1.736538,0.610406,3.229069
aaaaansj_s001_t000,power_line,5.0,naive,1,1.717378,0.608362,4.705435
aaaaanta_s001_t000,power_line,5.0,naive,1,6.353193,0.925342,11.029361
aaaaanum_s001_t000,power_line,5.0,naive,0,0.051477,0.424121,2.836836
aaaaanvb_s002_t000,power_line,5.0,naive,0,-2.565955,0.185659,10.111638
aaaaanvg_s001_t002,power_line,5.0,naive,0,3.679502,0.789090,5.239240
aaaaanvw_s001_t000,power_line,5.0,naive,0,-3.949631,0.109258,5.165726
aaaaanwc_s001_t001,power_line,5.0,naive,1,9.838108,0.983348,65.466523
aaaaanxl_s001_t000,power_line,5.0,naive,1,5.223374,0.881957,6.210166
aaaaanyb_s001_t001,power_line,5.0,naive,0,-1.094149,0.305953,1.257727
aaaaanyt_s002_t000,power_line,5.0,naive,1,-13.060877,0.002066,9.012926
aaaaanyw_s001_t000,power_line,5.0,naive,1,4.129435,0.820688,0.823022
aaaaanyw_s002_t000,power_line,5.0,naive,1,2.285111,0.667028,9.740383
aaaaanzh_s001_t000,power_line,5.0,naive,1,1.872721,0.624813,13.356163
aaaaanzu_s001_t003,power_line,5.0,naive,1,4.650169,0.852495,8.406426
aaaaaoav_s001_t000,power_line,5.0,naive,0,-4.510971,0.087080,5.857334
aaaaaoav_s002_t000,power_line,5.0,naive,0,-5.151345,0.066813,6.233497
aaaaaobi_s001_t000,power_line,5.0,naive,1,-2.757117,0.173058,9.622452
aaaaaobl_s001_t000,power_line,5.0,naive,0,-3.719651,0.119696,11.486601
aaaaaoby_s001_t000,power_line,5.0,naive,0,-2.410936,0.196389,6.092528
aaaaaoda_s001_t000,power_line,5.0,naive,1,9.106040,0.977034,5.495493
aaaaaoeg_s001_t000,power_line,5.0,naive,0,-0.242823,0.392284,5.824940
aaaaaofj_s001_t000,power_line,5.0,naive,0,-2.108495,0.218654,2.939426
aaaaaofr_s001_t000,power_line,5.0,naive,0,2.506615,0.688691,5.148562
aaaaaofz_s001_t000,power_line,5.0,naive,0,-0.356241,0.380240,15.429751
aaaaaohb_s001_t000,power_line,5.0,naive,1,0.697511,0.495886,2.860628
aaaaaohr_s002_t001,power_line,5.0,naive,1,5.850214,0.908205,4.404291
aaaaaoiq_s001_t000,power_line,5.0,naive,1,2.878878,0.723277,10.444606
aaaaaoiv_s001_t000,power_line,5.0,naive,1,-3.373212,0.137038,0.947865
aaaaaoiv_s002_t001,power_line,5.0,naive,1,11.346151,0.991457,12.562556
aaaaaoiv_s003_t003,power_line,5.0,naive,1,7.022506,0.943593,1.438912
aaaaaojd_s001_t002,power_line,5.0,naive,0,-0.057571,0.412236,6.584795
aaaaaokg_s001_t000,power_line,5.0,naive,0,3.569464,0.780769,10.549143
aaaaaoly_s001_t000,power_line,5.0,naive,0,-4.319688,0.094138,10.387844
aaaaaome_s001_t000,power_line,5.0,naive,0,-2.995017,0.158333,3.934343
aaaaaomx_s001_t000,power_line,5.0,naive,0,-6.317990,0.040724,14.955132
aaaaaomy_s001_t000,power_line,5.0,naive,1,9.470116,0.980423,44.304453
aaaaaonb_s001_t000,power_line,5.0,naive,0,0.821002,0.509715,18.747688
aaaaaons_s002_t002,power_line,5.0,naive,1,6.689815,0.935115,8.542653
aaaaaopd_s001_t000,power_line,5.0,naive,0,-3.626266,0.124175,9.072355
aaaaaopo_s001_t000,power_line,5.0,naive,0,0.342641,0.456253,14.365337
aaaaaora_s002_t000,power_line,5.0,naive,1,0.301798,0.451717,12.078214
aaaaaord_s001_t000,power_line,5.0,naive,1,2.588339,0.696486,4.705169
aaaaaosh_s001_t000,power_line,5.0,naive,1,0.231777,0.443961,2.953870
aaaaaosw_s001_t000,power_line,5.0,naive,0,-0.679501,0.346751,6.559926
aaaaaote_s001_t000,power_line,5.0,naive,0,-0.184254,0.398557,2.243292
aaaaaout_s001_t000,power_line,5.0,naive,1,1.689939,0.605430,5.856599
aaaaaovl_s001_t000,power_line,5.0,naive,1,8.303269,0.967418,5.141735
aaaaaovo_s001_t000,power_line,5.0,naive,1,6.274159,0.922859,6.149895
aaaaaowb_s001_t000,power_line,5.0,naive,0,1.579707,0.593574,5.049965
aaaaaoxf_s001_t000,power_line,5.0,naive,0,-2.469590,0.192275,4.958317
aaaaaozf_s001_t001,power_line,5.0,naive,0,-2.098894,0.219390,7.219163
aaaaapag_s001_t000,power_line,5.0,naive,0,-4.647799,0.082329,25.810475
aaaaapar_s001_t000,power_line,5.0,naive,1,22.400247,0.999939,14.507376
aaaaapcb_s001_t000,power_line,5.0,naive,0,3.610233,0.783880,0.936302
aaaaapcy_s001_t002,power_line,5.0,naive,0,-3.912737,0.110877,5.270157
aaaaapdg_s001_t000,power_line,5.0,naive,0,-4.940655,0.072944,4.501154
aaaaaphs_s001_t000,power_line,5.0,naive,1,6.323125,0.924406,4.521396
aaaaaphw_s001_t000,power_line,5.0,naive,0,2.216034,0.660120,3.515161
aaaaapij_s001_t000,power_line,5.0,naive,0,0.401288,0.462778,2.380932
aaaaapjc_s001_t001,power_line,5.0,naive,0,-3.981781,0.107864,8.525784
aaaaapka_s001_t000,power_line,5.0,naive,0,-0.735888,0.341052,6.035052
aaaaapkx_s001_t001,power_line,5.0,naive,1,-3.887307,0.112005,19.769374
aaaaaply_s001_t001,power_line,5.0,naive,1,7.461496,0.953192,8.096407
aaaaapmb_s002_t001,power_line,5.0,naive,1,4.965729,0.869401,2.456383
aaaaapmp_s001_t000,power_line,5.0,naive,1,0.848533,0.512797,7.297374
aaaaapnr_s001_t000,power_line,5.0,naive,1,-5.221351,0.064884,8.836431
aaaaapoc_s001_t000,power_line,5.0,naive,1,4.254761,0.828802,4.395581
aaaaapof_s001_t000,power_line,5.0,naive,0,-4.186649,0.099345,5.835742
aaaaapoo_s001_t000,power_line,5.0,naive,0,-2.523835,0.188529,9.357652
aaaaapoq_s001_t000,power_line,5.0,naive,0,2.525256,0.690479,1.921248
aaaaappb_s001_t000,power_line,5.0,naive,0,-1.096580,0.305722,6.330291
aaaaapqd_s001_t000,power_line,5.0,naive,1,3.381352,0.766004,8.270409
aaaaapqv_s001_t000,power_line,5.0,naive,0,-0.262143,0.390223,7.724089
aaaaapta_s001_t000,power_line,5.0,naive,1,0.294538,0.450912,27.152458
aaaaapth_s001_t000,power_line,5.0,naive,1,1.369458,0.570666,2.229078
aaaaapua_s001_t001,power_line,5.0,naive,0,-7.654488,0.022796,6.498645
aaaaapuu_s001_t000,power_line,5.0,naive,0,-1.732569,0.248783,2.322066
aaaaapvw_s001_t001,power_line,5.0,naive,1,4.048053,0.815260,9.101324
aaaaapvy_s001_t000,power_line,5.0,naive,1,0.187911,0.439115,10.798359
aaaaapwn_s001_t001,power_line,5.0,naive,0,-0.983329,0.316595,5.666464
aaaaapwo_s001_t001,power_line,5.0,naive,1,9.710585,0.982387,5.544800
aaaaapxm_s001_t001,power_line,5.0,naive,0,0.017045,0.420358,8.473235
aaaaapys_s001_t001,power_line,5.0,naive,1,13.371261,0.996534,4.354657
aaaaapys_s002_t001,power_line,5.0,naive,1,7.038366,0.943969,7.520450
aaaaaayx_s002_t000,power_line,60.0,canonicalized,0,0.802613,0.507656,5.965186
aaaaabdo_s003_t000,power_line,60.0,canonicalized,1,10.189424,0.985739,5.691986
aaaaabsk_s007_t000,power_line,60.0,canonicalized,1,1.838951,0.621260,10.369994
aaaaabuv_s002_t000,power_line,60.0,canonicalized,1,3.208719,0.751858,3.417995
aaaaacad_s003_t000,power_line,60.0,canonicalized,0,1.557381,0.591159,2.895682
aaaaacby_s004_t000,power_line,60.0,canonicalized,0,1.091449,0.539921,1.247612
aaaaaddm_s006_t000,power_line,60.0,canonicalized,1,5.315196,0.886173,7.957666
aaaaadeu_s002_t000,power_line,60.0,canonicalized,1,4.864449,0.864162,5.835264
aaaaadjk_s002_t000,power_line,60.0,canonicalized,0,-0.090902,0.408623,2.814510
aaaaadkb_s002_t000,power_line,60.0,canonicalized,1,8.984056,0.975775,3.816076
aaaaadsm_s002_t001,power_line,60.0,canonicalized,0,-3.177038,0.147766,3.791492
aaaaaeab_s003_t000,power_line,60.0,canonicalized,0,0.933336,0.522283,3.408485
aaaaaejc_s003_t001,power_line,60.0,canonicalized,0,0.539636,0.478217,7.075922
aaaaaezn_s003_t001,power_line,60.0,canonicalized,1,0.219683,0.442623,12.838612
aaaaafhl_s003_t000,power_line,60.0,canonicalized,1,3.238393,0.754329,5.255581
aaaaagfk_s003_t000,power_line,60.0,canonicalized,0,-0.885225,0.326180,1.879380
aaaaagsc_s003_t001,power_line,60.0,canonicalized,1,6.159476,0.919121,13.345392
aaaaagsc_s006_t001,power_line,60.0,canonicalized,1,0.563751,0.480914,1.777426
aaaaaguk_s002_t001,power_line,60.0,canonicalized,0,-4.097721,0.102967,14.633895
aaaaagvx_s002_t000,power_line,60.0,canonicalized,1,1.909897,0.628709,7.052206
aaaaagvx_s003_t001,power_line,60.0,canonicalized,1,2.388731,0.677257,1.739800
aaaaagyr_s002_t000,power_line,60.0,canonicalized,1,0.328196,0.454648,2.477883
aaaaahie_s005_t001,power_line,60.0,canonicalized,1,8.284896,0.967157,3.525241
aaaaahsv_s002_t000,power_line,60.0,canonicalized,0,-0.669727,0.347744,4.835876
aaaaahte_s002_t000,power_line,60.0,canonicalized,1,7.302816,0.949916,8.416554
aaaaahte_s003_t000,power_line,60.0,canonicalized,1,9.729022,0.982529,5.754026
aaaaahuy_s002_t000,power_line,60.0,canonicalized,1,0.443754,0.467511,2.185375
aaaaahzi_s001_t000,power_line,60.0,canonicalized,0,1.318826,0.565100,2.254431
aaaaahzm_s001_t001,power_line,60.0,canonicalized,0,1.646563,0.600778,1.963804
aaaaahzq_s001_t000,power_line,60.0,canonicalized,0,-4.664574,0.081763,4.313014
aaaaahzs_s001_t001,power_line,60.0,canonicalized,0,1.230194,0.555318,2.320044
aaaaaiae_s001_t000,power_line,60.0,canonicalized,0,2.220323,0.660551,3.460313
aaaaaibx_s001_t000,power_line,60.0,canonicalized,0,-2.577891,0.184852,5.241096
aaaaaiby_s001_t000,power_line,60.0,canonicalized,0,-0.692158,0.345468,7.602772
aaaaaici_s001_t000,power_line,60.0,canonicalized,0,-2.855186,0.166861,14.744259
aaaaaicn_s001_t000,power_line,60.0,canonicalized,0,1.350685,0.568604,4.369264
aaaaaijh_s002_t000,power_line,60.0,canonicalized,1,-4.448683,0.089324,6.699253
aaaaaijn_s001_t001,power_line,60.0,canonicalized,0,-0.382103,0.377513,2.865674
aaaaairb_s001_t001,power_line,60.0,canonicalized,0,3.408583,0.768183,3.527764
aaaaairo_s001_t000,power_line,60.0,canonicalized,0,-4.261347,0.096390,9.912170
aaaaaitt_s001_t000,power_line,60.0,canonicalized,0,-1.156501,0.300054,5.052439
aaaaaiue_s004_t000,power_line,60.0,canonicalized,1,1.938848,0.631731,2.521843
aaaaaiuo_s002_t000,power_line,60.0,canonicalized,0,1.353759,0.568942,5.334139
aaaaaiwz_s001_t001,power_line,60.0,canonicalized,0,-0.783220,0.336303,2.161953
aaaaaiyy_s001_t001,power_line,60.0,canonicalized,0,-1.726269,0.249310,7.296853
aaaaaizd_s001_t001,power_line,60.0,canonicalized,0,0.718850,0.498275,10.469652
aaaaaizs_s001_t000,power_line,60.0,canonicalized,0,0.391657,0.461706,2.732554
aaaaajae_s001_t001,power_line,60.0,canonicalized,0,3.373860,0.765402,1.358782
aaaaajah_s002_t001,power_line,60.0,canonicalized,1,-0.220262,0.394696,5.833935
aaaaajah_s004_t000,power_line,60.0,canonicalized,1,1.583602,0.593995,3.260572
aaaaajal_s001_t001,power_line,60.0,canonicalized,0,-2.793615,0.170731,0.595331
aaaaajam_s001_t000,power_line,60.0,canonicalized,1,1.550269,0.590388,1.200859
aaaaajar_s001_t001,power_line,60.0,canonicalized,0,-1.572669,0.262410,9.647447
aaaaajbb_s001_t000,power_line,60.0,canonicalized,0,2.406553,0.679000,5.887783
aaaaajbh_s002_t000,power_line,60.0,canonicalized,0,1.590006,0.594686,3.136989
aaaaajce_s001_t000,power_line,60.0,canonicalized,0,-0.970503,0.317840,3.745894
aaaaajci_s001_t000,power_line,60.0,canonicalized,0,1.653752,0.601551,2.541982
aaaaajck_s001_t000,power_line,60.0,canonicalized,0,-3.388576,0.136226,4.555880
aaaaajct_s001_t000,power_line,60.0,canonicalized,0,1.338894,0.567308,1.421263
aaaaajcu_s001_t000,power_line,60.0,canonicalized,0,-0.885643,0.326139,3.272475
aaaaajda_s001_t000,power_line,60.0,canonicalized,0,-2.523300,0.188566,3.551380
aaaaajdb_s001_t000,power_line,60.0,canonicalized,0,-2.685084,0.177725,9.956333
aaaaajdv_s001_t000,power_line,60.0,canonicalized,0,0.531317,0.477288,11.618969
aaaaajdy_s001_t000,power_line,60.0,canonicalized,0,-2.326315,0.202441,6.534980
aaaaajdz_s001_t000,power_line,60.0,canonicalized,0,-0.977891,0.317123,4.055761
aaaaajea_s001_t000,power_line,60.0,canonicalized,0,3.826398,0.799834,2.751534
aaaaajen_s001_t000,power_line,60.0,canonicalized,0,-0.688825,0.345806,3.009184
aaaaajey_s001_t000,power_line,60.0,canonicalized,0,-0.579927,0.356924,9.999126
aaaaajfb_s001_t000,power_line,60.0,canonicalized,0,-3.253509,0.143504,10.317909
aaaaajfe_s001_t000,power_line,60.0,canonicalized,0,-0.638589,0.350915,2.350617
aaaaajff_s001_t000,power_line,60.0,canonicalized,0,-3.108787,0.151659,0.674083
aaaaajfi_s001_t001,power_line,60.0,canonicalized,0,-1.401033,0.277561,2.057353
aaaaajfn_s001_t001,power_line,60.0,canonicalized,0,-1.965278,0.229813,7.890677
aaaaajfy_s001_t000,power_line,60.0,canonicalized,0,-4.007160,0.106775,10.197243
aaaaajga_s001_t001,power_line,60.0,canonicalized,0,1.078280,0.538455,8.883702
aaaaajhy_s001_t000,power_line,60.0,canonicalized,0,-4.111431,0.102401,7.097168
aaaaajit_s001_t001,power_line,60.0,canonicalized,0,-0.327085,0.383322,4.117202
aaaaajiu_s001_t000,power_line,60.0,canonicalized,0,0.019484,0.420625,8.871120
aaaaajiy_s001_t001,power_line,60.0,canonicalized,0,-1.337120,0.283339,7.172460
aaaaajiz_s001_t000,power_line,60.0,canonicalized,0,-0.630727,0.351717,10.199648
aaaaajjb_s001_t001,power_line,60.0,canonicalized,0,0.960756,0.525347,5.177901
aaaaajje_s001_t000,power_line,60.0,canonicalized,0,-2.970319,0.159813,13.746073
aaaaajjk_s001_t000,power_line,60.0,canonicalized,0,2.263390,0.664863,5.529980
aaaaajna_s001_t000,power_line,60.0,canonicalized,0,-4.666324,0.081704,6.311572
aaaaajnu_s001_t000,power_line,60.0,canonicalized,0,-3.258995,0.143202,6.331672
aaaaajon_s001_t000,power_line,60.0,canonicalized,0,-0.540315,0.361007,14.608606
aaaaajoo_s002_t001,power_line,60.0,canonicalized,1,0.749900,0.501753,8.561798
aaaaajpg_s001_t001,power_line,60.0,canonicalized,0,-3.013324,0.157243,4.314644
aaaaajqh_s004_t000,power_line,60.0,canonicalized,1,10.830861,0.989262,10.490508
aaaaajqk_s003_t001,power_line,60.0,canonicalized,1,6.996220,0.942962,5.829272
aaaaajrf_s001_t000,power_line,60.0,canonicalized,1,20.516477,0.999858,13.762128
aaaaajrf_s002_t000,power_line,60.0,canonicalized,1,21.545975,0.999911,5.520991
aaaaajrf_s003_t002,power_line,60.0,canonicalized,1,17.139896,0.999358,13.113512
aaaaajrf_s004_t000,power_line,60.0,canonicalized,1,2.903845,0.725511,2.836834
aaaaajso_s001_t000,power_line,60.0,canonicalized,1,8.422370,0.969058,5.775038
aaaaajtg_s001_t000,power_line,60.0,canonicalized,0,-0.610290,0.353808,19.107263
aaaaajtu_s001_t000,power_line,60.0,canonicalized,0,-2.247704,0.208186,7.748451
aaaaajuh_s001_t000,power_line,60.0,canonicalized,1,5.519977,0.895104,9.634179
aaaaajun_s001_t000,power_line,60.0,canonicalized,0,5.863687,0.908707,9.635038
aaaaajvh_s001_t001,power_line,60.0,canonicalized,0,-1.088061,0.306532,13.311527
aaaaajxp_s001_t000,power_line,60.0,canonicalized,0,2.197620,0.658267,3.936333
aaaaakck_s001_t001,power_line,60.0,canonicalized,1,2.713913,0.708245,4.330643
aaaaakcx_s001_t001,power_line,60.0,canonicalized,1,7.555553,0.955036,5.242526
aaaaakcy_s005_t001,power_line,60.0,canonicalized,1,14.257386,0.997667,8.824573
aaaaakdj_s001_t000,power_line,60.0,canonicalized,1,0.614413,0.486582,5.351325
aaaaakdo_s001_t000,power_line,60.0,canonicalized,1,0.313148,0.452977,8.398835
aaaaakeq_s001_t000,power_line,60.0,canonicalized,1,5.407427,0.890275,21.357614
aaaaakeq_s002_t000,power_line,60.0,canonicalized,1,6.691232,0.935153,11.299466
aaaaakeq_s003_t000,power_line,60.0,canonicalized,1,6.288128,0.923303,17.374598
aaaaakev_s001_t001,power_line,60.0,canonicalized,1,19.634793,0.999790,44.684928
aaaaakev_s002_t000,power_line,60.0,canonicalized,1,16.578589,0.999174,15.184792
aaaaakft_s001_t000,power_line,60.0,canonicalized,0,-2.098377,0.219429,9.700410
aaaaakgp_s001_t001,power_line,60.0,canonicalized,0,2.715079,0.708353,2.348720
aaaaakgu_s001_t000,power_line,60.0,canonicalized,1,-0.579238,0.356995,1.119298
aaaaakjk_s002_t002,power_line,60.0,canonicalized,1,3.522322,0.777133,7.234906
aaaaakjk_s003_t000,power_line,60.0,canonicalized,1,3.339350,0.762614,1.171917
aaaaakka_s001_t001,power_line,60.0,canonicalized,0,-0.164556,0.400674,10.518531
aaaaakmg_s003_t001,power_line,60.0,canonicalized,1,8.161784,0.965360,2.111761
aaaaakmh_s001_t000,power_line,60.0,canonicalized,1,0.239206,0.444782,5.183620
aaaaaknt_s001_t000,power_line,60.0,canonicalized,1,2.229623,0.661484,5.838806
aaaaakoo_s001_t001,power_line,60.0,canonicalized,1,19.034604,0.999725,12.278984
aaaaakqg_s001_t001,power_line,60.0,canonicalized,0,-0.113345,0.406195,10.188320
aaaaakqr_s001_t000,power_line,60.0,canonicalized,0,-0.378459,0.377897,7.359360
aaaaakrt_s001_t001,power_line,60.0,canonicalized,1,7.114179,0.945739,1.873125
aaaaakrt_s002_t001,power_line,60.0,canonicalized,1,5.697192,0.902328,3.935703
aaaaaksb_s001_t000,power_line,60.0,canonicalized,0,-2.695410,0.177050,9.082416
aaaaaksu_s001_t001,power_line,60.0,canonicalized,0,0.534023,0.477590,5.226098
aaaaakxz_s001_t001,power_line,60.0,canonicalized,1,3.876782,0.803424,1.596248
aaaaakxz_s002_t001,power_line,60.0,canonicalized,1,9.245192,0.978392,7.000346
aaaaalaf_s001_t000,power_line,60.0,canonicalized,0,-0.143895,0.402899,2.245604
aaaaalau_s001_t000,power_line,60.0,canonicalized,1,3.038203,0.737333,3.557917
aaaaalbh_s001_t000,power_line,60.0,canonicalized,1,3.429621,0.769857,5.364990
aaaaalbt_s001_t001,power_line,60.0,canonicalized,0,-1.243878,0.291897,7.023951
aaaaalbt_s002_t000,power_line,60.0,canonicalized,0,-0.704525,0.344216,4.454659
aaaaalbz_s006_t000,power_line,60.0,canonicalized,1,13.903347,0.997267,18.857487
aaaaalid_s001_t001,power_line,60.0,canonicalized,0,6.755641,0.936881,15.574151
aaaaaljf_s001_t000,power_line,60.0,canonicalized,1,2.657116,0.702959,10.655692
aaaaaljj_s001_t000,power_line,60.0,canonicalized,0,-1.550529,0.264334,4.816285
aaaaallc_s001_t001,power_line,60.0,canonicalized,0,2.566017,0.694368,9.951230
aaaaalle_s002_t000,power_line,60.0,canonicalized,1,3.512036,0.776334,5.148936
aaaaalox_s001_t001,power_line,60.0,canonicalized,0,3.031414,0.736744,9.047644
aaaaalpv_s001_t000,power_line,60.0,canonicalized,0,0.993970,0.529055,10.986384
aaaaalqa_s001_t000,power_line,60.0,canonicalized,0,-0.422968,0.373221,5.929001
aaaaalqr_s001_t001,power_line,60.0,canonicalized,1,4.024323,0.813654,4.679684
aaaaalqs_s001_t001,power_line,60.0,canonicalized,0,0.070461,0.426200,3.814131
aaaaalqx_s001_t000,power_line,60.0,canonicalized,0,-2.852262,0.167043,7.893868
aaaaalrc_s002_t000,power_line,60.0,canonicalized,1,22.650643,0.999946,2.672658
aaaaalsq_s001_t000,power_line,60.0,canonicalized,0,-0.739920,0.340646,1.548586
aaaaalsx_s001_t000,power_line,60.0,canonicalized,1,-0.490869,0.366133,3.587694
aaaaalsx_s004_t001,power_line,60.0,canonicalized,1,3.921955,0.806600,1.409596
aaaaaluz_s001_t001,power_line,60.0,canonicalized,0,-2.452617,0.193459,2.815008
aaaaalvw_s001_t000,power_line,60.0,canonicalized,0,-4.072744,0.104005,3.537641
aaaaalvz_s001_t000,power_line,60.0,canonicalized,1,17.666082,0.999492,16.584828
aaaaalxk_s001_t000,power_line,60.0,canonicalized,0,0.051118,0.424082,2.089516
aaaaalyr_s001_t000,power_line,60.0,canonicalized,1,2.631321,0.700541,2.411332
aaaaalzk_s002_t001,power_line,60.0,canonicalized,1,11.657380,0.992560,11.203936
aaaaamcb_s001_t001,power_line,60.0,canonicalized,1,8.528490,0.970452,7.879218
aaaaamfe_s001_t001,power_line,60.0,canonicalized,0,4.869571,0.864431,3.455794
aaaaamft_s001_t001,power_line,60.0,canonicalized,1,4.687461,0.854583,9.431976
aaaaamfu_s001_t000,power_line,60.0,canonicalized,0,-0.597843,0.355084,3.962307
aaaaamhi_s001_t000,power_line,60.0,canonicalized,1,13.702942,0.997011,22.579359
aaaaamhk_s001_t000,power_line,60.0,canonicalized,1,4.076559,0.817176,4.963213
aaaaamjc_s001_t001,power_line,60.0,canonicalized,1,9.892803,0.983745,8.099707
aaaaammh_s001_t001,power_line,60.0,canonicalized,1,2.712876,0.708149,8.498874
aaaaamnq_s001_t000,power_line,60.0,canonicalized,1,9.255699,0.978491,20.158704
aaaaamnq_s002_t000,power_line,60.0,canonicalized,1,8.043687,0.963546,8.988776
aaaaamon_s001_t000,power_line,60.0,canonicalized,0,0.872537,0.515483,13.757603
aaaaampz_s001_t000,power_line,60.0,canonicalized,1,2.890178,0.724290,3.180706
aaaaamrj_s001_t000,power_line,60.0,canonicalized,0,-0.303170,0.385858,4.832756
aaaaamsc_s001_t000,power_line,60.0,canonicalized,1,4.947948,0.868494,1.417110
aaaaamtb_s001_t000,power_line,60.0,canonicalized,0,1.357083,0.569307,4.009138
aaaaamuc_s001_t000,power_line,60.0,canonicalized,0,0.870169,0.515218,2.207718
aaaaamxn_s001_t000,power_line,60.0,canonicalized,1,1.397150,0.573703,6.118704
aaaaamyb_s001_t001,power_line,60.0,canonicalized,0,-0.402420,0.375377,6.512497
aaaaamye_s001_t000,power_line,60.0,canonicalized,1,15.280360,0.998523,16.629530
aaaaamzi_s001_t001,power_line,60.0,canonicalized,1,7.898330,0.961189,9.337527
aaaaamzl_s001_t000,power_line,60.0,canonicalized,0,-0.595589,0.355315,5.291804
aaaaamzx_s001_t000,power_line,60.0,canonicalized,0,-5.493248,0.057874,5.084171
aaaaanbq_s001_t000,power_line,60.0,canonicalized,0,-0.342804,0.381659,3.963882
aaaaanek_s001_t000,power_line,60.0,canonicalized,0,-4.445523,0.089439,2.404264
aaaaangp_s001_t000,power_line,60.0,canonicalized,0,0.896664,0.518182,3.360733
aaaaanhb_s001_t003,power_line,60.0,canonicalized,1,5.422510,0.890933,13.187014
aaaaanhb_s003_t001,power_line,60.0,canonicalized,1,3.586478,0.782071,3.509869
aaaaanhb_s005_t000,power_line,60.0,canonicalized,1,6.225601,0.921296,4.055525
aaaaankf_s001_t000,power_line,60.0,canonicalized,1,5.896797,0.909930,2.321932
aaaaanlp_s001_t000,power_line,60.0,canonicalized,0,-1.371013,0.280266,2.481346
aaaaanmc_s001_t000,power_line,60.0,canonicalized,1,7.280711,0.949443,7.235353
aaaaanop_s001_t000,power_line,60.0,canonicalized,0,-0.564128,0.358550,16.102865
aaaaanoz_s001_t000,power_line,60.0,canonicalized,1,-1.490384,0.269607,5.677720
aaaaanpr_s001_t002,power_line,60.0,canonicalized,1,5.434450,0.891452,6.770501
aaaaanqe_s001_t000,power_line,60.0,canonicalized,0,-1.923317,0.233157,2.872122
aaaaanro_s001_t000,power_line,60.0,canonicalized,1,2.922934,0.727210,4.529164
aaaaansj_s001_t000,power_line,60.0,canonicalized,1,3.938508,0.807754,8.561837
aaaaanta_s001_t000,power_line,60.0,canonicalized,1,7.597697,0.955840,7.648565
aaaaanum_s001_t000,power_line,60.0,canonicalized,0,0.721663,0.498590,2.477862
aaaaanvb_s002_t000,power_line,60.0,canonicalized,0,-1.617912,0.258505,10.418918
aaaaanvg_s001_t002,power_line,60.0,canonicalized,0,5.557786,0.896684,4.048671
aaaaanvw_s001_t000,power_line,60.0,canonicalized,0,-4.027908,0.105892,6.943742
aaaaanwc_s001_t001,power_line,60.0,canonicalized,1,9.840552,0.983366,48.343061
aaaaanxl_s001_t000,power_line,60.0,canonicalized,1,7.442559,0.952812,4.210730
aaaaanyb_s001_t001,power_line,60.0,canonicalized,0,0.052247,0.424206,4.017276
aaaaanyt_s002_t000,power_line,60.0,canonicalized,1,2.234001,0.661923,36.050072
aaaaanyw_s001_t000,power_line,60.0,canonicalized,1,5.466491,0.892833,2.590696
aaaaanyw_s002_t000,power_line,60.0,canonicalized,1,3.990187,0.811324,9.047642
aaaaanzh_s001_t000,power_line,60.0,canonicalized,1,2.695998,0.706584,9.856763
aaaaanzu_s001_t003,power_line,60.0,canonicalized,1,4.368950,0.835939,11.907990
aaaaaoav_s001_t000,power_line,60.0,canonicalized,0,-1.971136,0.229349,6.970898
aaaaaoav_s002_t000,power_line,60.0,canonicalized,0,-2.521204,0.188709,4.148645
aaaaaobi_s001_t000,power_line,60.0,canonicalized,1,-2.567928,0.185526,10.845550
aaaaaobl_s001_t000,power_line,60.0,canonicalized,0,-1.382993,0.279185,1.866278
aaaaaoby_s001_t000,power_line,60.0,canonicalized,0,1.705307,0.607073,5.065652
aaaaaoda_s001_t000,power_line,60.0,canonicalized,1,9.124537,0.977219,5.537982
aaaaaoeg_s001_t000,power_line,60.0,canonicalized,0,-2.239167,0.208817,7.813937
aaaaaofj_s001_t000,power_line,60.0,canonicalized,0,-0.111511,0.406394,2.994955
aaaaaofr_s001_t000,power_line,60.0,canonicalized,0,2.994925,0.733561,2.952799
aaaaaofz_s001_t000,power_line,60.0,canonicalized,0,0.220405,0.442703,13.090552
aaaaaohb_s001_t000,power_line,60.0,canonicalized,1,6.810704,0.938324,2.618106
aaaaaohr_s002_t001,power_line,60.0,canonicalized,1,7.108318,0.945604,4.215240
aaaaaoiq_s001_t000,power_line,60.0,canonicalized,1,2.913523,0.726373,6.503645
aaaaaoiv_s001_t000,power_line,60.0,canonicalized,1,-2.735745,0.174433,1.085484
aaaaaoiv_s002_t001,power_line,60.0,canonicalized,1,12.829274,0.995586,7.777528
aaaaaoiv_s003_t003,power_line,60.0,canonicalized,1,9.278951,0.978709,1.381574
aaaaaojd_s001_t002,power_line,60.0,canonicalized,0,0.612652,0.486385,5.644505
aaaaaokg_s001_t000,power_line,60.0,canonicalized,0,4.531560,0.845687,14.692530
aaaaaoly_s001_t000,power_line,60.0,canonicalized,0,-1.558750,0.263618,8.580330
aaaaaome_s001_t000,power_line,60.0,canonicalized,0,-2.992868,0.158461,3.774183
aaaaaomx_s001_t000,power_line,60.0,canonicalized,0,-2.402361,0.196996,6.226596
aaaaaomy_s001_t000,power_line,60.0,canonicalized,1,6.548026,0.931152,21.997184
aaaaaonb_s001_t000,power_line,60.0,canonicalized,0,1.292587,0.562209,10.304960
aaaaaons_s002_t002,power_line,60.0,canonicalized,1,5.202303,0.880971,4.443321
aaaaaopd_s001_t000,power_line,60.0,canonicalized,0,-1.140171,0.301592,8.918553
aaaaaopo_s001_t000,power_line,60.0,canonicalized,0,1.987123,0.636748,13.814459
aaaaaora_s002_t000,power_line,60.0,canonicalized,1,3.698392,0.790495,5.343579
aaaaaord_s001_t000,power_line,60.0,canonicalized,1,1.569267,0.592445,2.558302
aaaaaosh_s001_t000,power_line,60.0,canonicalized,1,0.176197,0.437823,0.841639
aaaaaosw_s001_t000,power_line,60.0,canonicalized,0,0.295884,0.451061,8.681807
aaaaaote_s001_t000,power_line,60.0,canonicalized,0,1.501993,0.585148,4.454767
aaaaaout_s001_t000,power_line,60.0,canonicalized,1,3.094404,0.742180,4.158106
aaaaaovl_s001_t000,power_line,60.0,canonicalized,1,11.197059,0.990872,6.226434
aaaaaovo_s001_t000,power_line,60.0,canonicalized,1,8.251081,0.966673,7.694101
aaaaaowb_s001_t000,power_line,60.0,canonicalized,0,1.944988,0.632371,6.206897
aaaaaoxf_s001_t000,power_line,60.0,canonicalized,0,-3.162521,0.148587,4.411465
aaaaaozf_s001_t001,power_line,60.0,canonicalized,0,0.816855,0.509251,12.310740
aaaaapag_s001_t000,power_line,60.0,canonicalized,0,-2.088618,0.220179,21.858813
aaaaapar_s001_t000,power_line,60.0,canonicalized,1,22.218269,0.999934,7.968208
aaaaapcb_s001_t000,power_line,60.0,canonicalized,0,4.723262,0.856565,2.000091
aaaaapcy_s001_t002,power_line,60.0,canonicalized,0,-2.706759,0.176311,6.017791
aaaaapdg_s001_t000,power_line,60.0,canonicalized,0,-3.177407,0.147746,6.058534
aaaaaphs_s001_t000,power_line,60.0,canonicalized,1,7.251095,0.948802,4.028716
aaaaaphw_s001_t000,power_line,60.0,canonicalized,0,1.674161,0.603740,4.184512
aaaaapij_s001_t000,power_line,60.0,canonicalized,0,1.138146,0.545113,3.341893
aaaaapjc_s001_t001,power_line,60.0,canonicalized,0,-1.678048,0.253375,5.108024
aaaaapka_s001_t000,power_line,60.0,canonicalized,0,-0.984577,0.316474,1.495464
aaaaapkx_s001_t001,power_line,60.0,canonicalized,1,-1.171907,0.298606,16.999881
aaaaaply_s001_t001,power_line,60.0,canonicalized,1,7.755081,0.958722,16.199994
aaaaapmb_s002_t001,power_line,60.0,canonicalized,1,5.677705,0.901556,2.428921
aaaaapmp_s001_t000,power_line,60.0,canonicalized,1,1.437842,0.578155,7.157324
aaaaapnr_s001_t000,power_line,60.0,canonicalized,1,-3.437148,0.133686,7.717342
aaaaapoc_s001_t000,power_line,60.0,canonicalized,1,6.211051,0.920822,6.303403
aaaaapof_s001_t000,power_line,60.0,canonicalized,0,-3.450629,0.132988,8.258371
aaaaapoo_s001_t000,power_line,60.0,canonicalized,0,0.453079,0.468551,10.382171
aaaaapoq_s001_t000,power_line,60.0,canonicalized,0,2.876767,0.723088,1.883654
aaaaappb_s001_t000,power_line,60.0,canonicalized,0,-1.098837,0.305507,5.563903
aaaaapqd_s001_t000,power_line,60.0,canonicalized,1,4.920564,0.867086,4.683657
aaaaapqv_s001_t000,power_line,60.0,canonicalized,0,0.714646,0.497804,14.625285
aaaaapta_s001_t000,power_line,60.0,canonicalized,1,1.208527,0.552919,25.116740
aaaaapth_s001_t000,power_line,60.0,canonicalized,1,3.131873,0.745379,3.516898
aaaaapua_s001_t001,power_line,60.0,canonicalized,0,-7.617118,0.023172,7.371334
aaaaapuu_s001_t000,power_line,60.0,canonicalized,0,0.739395,0.500576,5.928780
aaaaapvw_s001_t001,power_line,60.0,canonicalized,1,6.430356,0.927695,5.192966
aaaaapvy_s001_t000,power_line,60.0,canonicalized,1,2.700645,0.707015,8.035016
aaaaapwn_s001_t001,power_line,60.0,canonicalized,0,0.938313,0.522839,7.587376
aaaaapwo_s001_t001,power_line,60.0,canonicalized,1,10.382641,0.986906,3.365457
aaaaapxm_s001_t001,power_line,60.0,canonicalized,0,-1.248367,0.291482,9.897906
aaaaapys_s001_t001,power_line,60.0,canonicalized,1,13.615501,0.996892,3.769451
aaaaapys_s002_t001,power_line,60.0,canonicalized,1,8.227311,0.966328,4.027510
aaaaaayx_s002_t000,power_line,60.0,naive,0,-5.924754,0.048191,42.301064
aaaaabdo_s003_t000,power_line,60.0,naive,1,-0.092170,0.408486,134.493722
aaaaabsk_s007_t000,power_line,60.0,naive,1,-17.622220,0.000268,14.839265
aaaaabuv_s002_t000,power_line,60.0,naive,1,-9.920728,0.008381,9.258441
aaaaacad_s003_t000,power_line,60.0,naive,0,0.089613,0.428300,4.722702
aaaaacby_s004_t000,power_line,60.0,naive,0,-15.337817,0.000746,1.702515
aaaaaddm_s006_t000,power_line,60.0,naive,1,-8.204303,0.017909,3.974739
aaaaadeu_s002_t000,power_line,60.0,naive,1,-14.253788,0.001212,6.727816
aaaaadjk_s002_t000,power_line,60.0,naive,0,-6.808053,0.032962,2.661481
aaaaadkb_s002_t000,power_line,60.0,naive,1,-3.664651,0.122316,31.596732
aaaaadsm_s002_t001,power_line,60.0,naive,0,-8.518327,0.015595,2.708095
aaaaaeab_s003_t000,power_line,60.0,naive,0,-19.585503,0.000111,7.883844
aaaaaejc_s003_t001,power_line,60.0,naive,0,-9.587195,0.009719,24.749307
aaaaaezn_s003_t001,power_line,60.0,naive,1,-19.309453,0.000126,47.268643
aaaaafhl_s003_t000,power_line,60.0,naive,1,-2.959905,0.160441,11.689771
aaaaagfk_s003_t000,power_line,60.0,naive,0,-10.586518,0.006233,9.139624
aaaaagsc_s003_t001,power_line,60.0,naive,1,-5.049763,0.069707,36.650035
aaaaagsc_s006_t001,power_line,60.0,naive,1,-17.621670,0.000268,6.096105
aaaaaguk_s002_t001,power_line,60.0,naive,0,-19.844163,0.000099,3.179445
aaaaagvx_s002_t000,power_line,60.0,naive,1,-15.174032,0.000803,1.412913
aaaaagvx_s003_t001,power_line,60.0,naive,1,-19.046965,0.000142,11.667084
aaaaagyr_s002_t000,power_line,60.0,naive,1,-20.615595,0.000070,6.431090
aaaaahie_s005_t001,power_line,60.0,naive,1,1.658432,0.602053,6.356871
aaaaahsv_s002_t000,power_line,60.0,naive,0,-15.069553,0.000841,4.871298
aaaaahte_s002_t000,power_line,60.0,naive,1,-10.563243,0.006298,97.598497
aaaaahte_s003_t000,power_line,60.0,naive,1,-2.348572,0.200835,3.491893
aaaaahuy_s002_t000,power_line,60.0,naive,1,-14.660542,0.001010,7.364598
aaaaahzi_s001_t000,power_line,60.0,naive,0,-16.415268,0.000460,4.457179
aaaaahzm_s001_t001,power_line,60.0,naive,0,-0.825534,0.332085,0.726909
aaaaahzq_s001_t000,power_line,60.0,naive,0,-27.112487,0.000004,8.545093
aaaaahzs_s001_t001,power_line,60.0,naive,0,-14.855651,0.000926,8.118684
aaaaaiae_s001_t000,power_line,60.0,naive,0,-4.521276,0.086714,17.421133
aaaaaibx_s001_t000,power_line,60.0,naive,0,-15.786464,0.000610,19.423082
aaaaaiby_s001_t000,power_line,60.0,naive,0,-12.508323,0.002645,12.620792
aaaaaici_s001_t000,power_line,60.0,naive,0,-23.493230,0.000019,8.540975
aaaaaicn_s001_t000,power_line,60.0,naive,0,-14.154908,0.001266,5.346142
aaaaaijh_s002_t000,power_line,60.0,naive,1,-13.335022,0.001828,13.951938
aaaaaijn_s001_t001,power_line,60.0,naive,0,-15.582374,0.000669,3.260835
aaaaairb_s001_t001,power_line,60.0,naive,0,-16.235492,0.000499,35.900236
aaaaairo_s001_t000,power_line,60.0,naive,0,-8.498744,0.015730,27.388181
aaaaaitt_s001_t000,power_line,60.0,naive,0,-15.576008,0.000670,27.110385
aaaaaiue_s004_t000,power_line,60.0,naive,1,-16.883326,0.000373,6.112266
aaaaaiuo_s002_t000,power_line,60.0,naive,0,-11.257298,0.004623,12.354494
aaaaaiwz_s001_t001,power_line,60.0,naive,0,-13.395149,0.001779,21.593102
aaaaaiyy_s001_t001,power_line,60.0,naive,0,-14.928758,0.000896,16.646407
aaaaaizd_s001_t001,power_line,60.0,naive,0,-18.443846,0.000186,4.717057
aaaaaizs_s001_t000,power_line,60.0,naive,0,-4.553477,0.085578,20.155724
aaaaajae_s001_t001,power_line,60.0,naive,0,-5.903347,0.048633,26.138880
aaaaajah_s002_t001,power_line,60.0,naive,1,-7.710111,0.022248,27.031206
aaaaajah_s004_t000,power_line,60.0,naive,1,-16.366183,0.000471,20.192548
aaaaajal_s001_t001,power_line,60.0,naive,0,-15.333119,0.000747,2.505023
aaaaajam_s001_t000,power_line,60.0,naive,1,-11.362787,0.004410,4.153809
aaaaajar_s001_t001,power_line,60.0,naive,0,-23.647554,0.000018,2.598354
aaaaajbb_s001_t000,power_line,60.0,naive,0,-14.089831,0.001304,2.506840
aaaaajbh_s002_t000,power_line,60.0,naive,0,-0.905487,0.324188,2.983276
aaaaajce_s001_t000,power_line,60.0,naive,0,-13.392569,0.001781,20.600316
aaaaajci_s001_t000,power_line,60.0,naive,0,-15.271353,0.000768,4.373301
aaaaajck_s001_t000,power_line,60.0,naive,0,-12.362983,0.002822,5.939029
aaaaajct_s001_t000,power_line,60.0,naive,0,-18.272439,0.000200,2.673445
aaaaajcu_s001_t000,power_line,60.0,naive,0,-14.333388,0.001169,11.328091
aaaaajda_s001_t000,power_line,60.0,naive,0,-24.134783,0.000015,19.278967
aaaaajdb_s001_t000,power_line,60.0,naive,0,-8.782090,0.013881,8.942870
aaaaajdv_s001_t000,power_line,60.0,naive,0,-6.051733,0.045648,17.674237
aaaaajdy_s001_t000,power_line,60.0,naive,0,-23.099148,0.000023,16.327680
aaaaajdz_s001_t000,power_line,60.0,naive,0,-12.948950,0.002172,10.448875
aaaaajea_s001_t000,power_line,60.0,naive,0,-21.870753,0.000040,15.678778
aaaaajen_s001_t000,power_line,60.0,naive,0,-18.661682,0.000168,2.235983
aaaaajey_s001_t000,power_line,60.0,naive,0,-6.312246,0.040825,11.883430
aaaaajfb_s001_t000,power_line,60.0,naive,0,-15.009057,0.000864,14.121916
aaaaajfe_s001_t000,power_line,60.0,naive,0,-16.703745,0.000405,44.726441
aaaaajff_s001_t000,power_line,60.0,naive,0,-14.651426,0.001014,7.917215
aaaaajfi_s001_t001,power_line,60.0,naive,0,-9.470545,0.010235,3.244707
aaaaajfn_s001_t001,power_line,60.0,naive,0,-12.605537,0.002532,13.452000
aaaaajfy_s001_t000,power_line,60.0,naive,0,-20.246999,0.000083,7.096324
aaaaajga_s001_t001,power_line,60.0,naive,0,-16.323468,0.000480,10.455708
aaaaajhy_s001_t000,power_line,60.0,naive,0,-18.234081,0.000204,4.928181
aaaaajit_s001_t001,power_line,60.0,naive,0,-10.529321,0.006394,5.651589
aaaaajiu_s001_t000,power_line,60.0,naive,0,-10.696189,0.005936,12.344071
aaaaajiy_s001_t001,power_line,60.0,naive,0,-19.013457,0.000144,3.036648
aaaaajiz_s001_t000,power_line,60.0,naive,0,-11.694656,0.003803,42.822054
aaaaajjb_s001_t001,power_line,60.0,naive,0,-13.984538,0.001367,10.426416
aaaaajje_s001_t000,power_line,60.0,naive,0,-20.990673,0.000059,5.286306
aaaaajjk_s001_t000,power_line,60.0,naive,0,-12.978323,0.002144,5.923179
aaaaajna_s001_t000,power_line,60.0,naive,0,-14.927197,0.000896,9.731008
aaaaajnu_s001_t000,power_line,60.0,naive,0,-5.468113,0.058491,21.666783
aaaaajon_s001_t000,power_line,60.0,naive,0,-14.065498,0.001318,18.500823
aaaaajoo_s002_t001,power_line,60.0,naive,1,-10.847045,0.005550,8.185665
aaaaajpg_s001_t001,power_line,60.0,naive,0,-20.367406,0.000078,5.003231
aaaaajqh_s004_t000,power_line,60.0,naive,1,-10.665979,0.006016,5.146589
aaaaajqk_s003_t001,power_line,60.0,naive,1,-15.572450,0.000672,1.599671
aaaaajrf_s001_t000,power_line,60.0,naive,1,3.719362,0.792047,44.638280
aaaaajrf_s002_t000,power_line,60.0,naive,1,4.000646,0.812040,21.553951
aaaaajrf_s003_t002,power_line,60.0,naive,1,-5.916277,0.048366,36.606608
aaaaajrf_s004_t000,power_line,60.0,naive,1,-10.210307,0.007369,12.930989
aaaaajso_s001_t000,power_line,60.0,naive,1,-12.617871,0.002518,15.281065
aaaaajtg_s001_t000,power_line,60.0,naive,0,-5.332315,0.061933,12.563137
aaaaajtu_s001_t000,power_line,60.0,naive,0,-15.189566,0.000797,16.509150
aaaaajuh_s001_t000,power_line,60.0,naive,1,-12.731474,0.002394,37.299796
aaaaajun_s001_t000,power_line,60.0,naive,0,-16.596565,0.000425,10.167575
aaaaajvh_s001_t001,power_line,60.0,naive,0,-12.983826,0.002138,1.826349
aaaaajxp_s001_t000,power_line,60.0,naive,0,-15.313383,0.000754,34.360844
aaaaakck_s001_t001,power_line,60.0,naive,1,-21.186537,0.000054,5.236647
aaaaakcx_s001_t001,power_line,60.0,naive,1,-12.698002,0.002430,10.752299
aaaaakcy_s005_t001,power_line,60.0,naive,1,-0.550503,0.359955,34.737176
aaaaakdj_s001_t000,power_line,60.0,naive,1,-6.512660,0.037451,11.641662
aaaaakdo_s001_t000,power_line,60.0,naive,1,-24.828800,0.000011,7.772037
aaaaakeq_s001_t000,power_line,60.0,naive,1,-16.885187,0.000373,35.821044
aaaaakeq_s002_t000,power_line,60.0,naive,1,-12.509061,0.002644,20.118679
aaaaakeq_s003_t000,power_line,60.0,naive,1,-10.796566,0.005677,47.634540
aaaaakev_s001_t001,power_line,60.0,naive,1,4.280765,0.830449,53.082042
aaaaakev_s002_t000,power_line,60.0,naive,1,-5.730431,0.052345,40.012665
aaaaakft_s001_t000,power_line,60.0,naive,0,-20.860235,0.000063,2.278950
aaaaakgp_s001_t001,power_line,60.0,naive,0,-7.258807,0.027098,14.940922
aaaaakgu_s001_t000,power_line,60.0,naive,1,-15.832223,0.000598,22.459830
aaaaakjk_s002_t002,power_line,60.0,naive,1,-7.377591,0.025730,23.198842
aaaaakjk_s003_t000,power_line,60.0,naive,1,-15.687242,0.000638,15.450378
aaaaakka_s001_t001,power_line,60.0,naive,0,-18.615565,0.000172,12.693456
aaaaakmg_s003_t001,power_line,60.0,naive,1,0.115865,0.431182,2.763922
aaaaakmh_s001_t000,power_line,60.0,naive,1,-20.916958,0.000061,10.534298
aaaaaknt_s001_t000,power_line,60.0,naive,1,-20.389816,0.000078,9.347597
aaaaakoo_s001_t001,power_line,60.0,naive,1,0.379790,0.460384,7.020815
aaaaakqg_s001_t001,power_line,60.0,naive,0,-17.605006,0.000270,3.157382
aaaaakqr_s001_t000,power_line,60.0,naive,0,-11.898165,0.003473,15.536759
aaaaakrt_s001_t001,power_line,60.0,naive,1,-19.269711,0.000128,4.827113
aaaaakrt_s002_t001,power_line,60.0,naive,1,-13.693338,0.001557,4.345012
aaaaaksb_s001_t000,power_line,60.0,naive,0,-20.100595,0.000088,11.397463
aaaaaksu_s001_t001,power_line,60.0,naive,0,-14.306565,0.001183,36.216582
aaaaakxz_s001_t001,power_line,60.0,naive,1,-2.493828,0.190594,2.024902
aaaaakxz_s002_t001,power_line,60.0,naive,1,-16.793964,0.000389,19.020610
aaaaalaf_s001_t000,power_line,60.0,naive,0,-14.677202,0.001003,5.691171
aaaaalau_s001_t000,power_line,60.0,naive,1,-11.016594,0.005146,34.390157
aaaaalbh_s001_t000,power_line,60.0,naive,1,-14.298110,0.001188,6.664070
aaaaalbt_s001_t001,power_line,60.0,naive,0,-17.604769,0.000270,1.537802
aaaaalbt_s002_t000,power_line,60.0,naive,0,-16.557725,0.000432,7.187229
aaaaalbz_s006_t000,power_line,60.0,naive,1,-2.479123,0.191612,68.832385
aaaaalid_s001_t001,power_line,60.0,naive,0,-6.026216,0.046149,35.995038
aaaaaljf_s001_t000,power_line,60.0,naive,1,-17.915349,0.000235,6.916314
aaaaaljj_s001_t000,power_line,60.0,naive,0,-9.760446,0.009000,25.102147
aaaaallc_s001_t001,power_line,60.0,naive,0,-12.715858,0.002410,18.765164
aaaaalle_s002_t000,power_line,60.0,naive,1,-6.889179,0.031823,26.913407
aaaaalox_s001_t001,power_line,60.0,naive,0,-20.379362,0.000078,17.079458
aaaaalpv_s001_t000,power_line,60.0,naive,0,-10.516380,0.006431,11.534348
aaaaalqa_s001_t000,power_line,60.0,naive,0,-18.508045,0.000180,7.580108
aaaaalqr_s001_t001,power_line,60.0,naive,1,-2.736524,0.174382,2.763619
aaaaalqs_s001_t001,power_line,60.0,naive,0,-13.006324,0.002117,1.889183
aaaaalqx_s001_t000,power_line,60.0,naive,0,-18.914054,0.000150,17.881881
aaaaalrc_s002_t000,power_line,60.0,naive,1,8.019683,0.963167,25.197213
aaaaalsq_s001_t000,power_line,60.0,naive,0,-16.973810,0.000359,3.208659
aaaaalsx_s001_t000,power_line,60.0,naive,1,-13.685231,0.001563,24.066524
aaaaalsx_s004_t001,power_line,60.0,naive,1,-1.913668,0.233931,2.050424
aaaaaluz_s001_t001,power_line,60.0,naive,0,-20.009230,0.000092,2.220214
aaaaalvw_s001_t000,power_line,60.0,naive,0,-19.088060,0.000139,10.832946
aaaaalvz_s001_t000,power_line,60.0,naive,1,15.504830,0.998664,73.217107
aaaaalxk_s001_t000,power_line,60.0,naive,0,-9.695843,0.009261,3.602588
aaaaalyr_s001_t000,power_line,60.0,naive,1,-18.681875,0.000167,15.533363
aaaaalzk_s002_t001,power_line,60.0,naive,1,-4.168859,0.100060,22.178424
aaaaamcb_s001_t001,power_line,60.0,naive,1,-12.328060,0.002866,16.520936
aaaaamfe_s001_t001,power_line,60.0,naive,0,-10.556022,0.006318,29.199993
aaaaamft_s001_t001,power_line,60.0,naive,1,1.166289,0.548237,0.259811
aaaaamfu_s001_t000,power_line,60.0,naive,0,-8.292014,0.017230,7.208259
aaaaamhi_s001_t000,power_line,60.0,naive,1,-0.185096,0.398466,19.835583
aaaaamhk_s001_t000,power_line,60.0,naive,1,-10.671187,0.006003,1.372854
aaaaamjc_s001_t001,power_line,60.0,naive,1,-25.279344,0.000009,1.410756
aaaaammh_s001_t001,power_line,60.0,naive,1,-16.810242,0.000386,2.671037
aaaaamnq_s001_t000,power_line,60.0,naive,1,-4.379515,0.091877,21.528109
aaaaamnq_s002_t000,power_line,60.0,naive,1,-11.556880,0.004045,12.109047
aaaaamon_s001_t000,power_line,60.0,naive,0,-13.526737,0.001677,16.037936
aaaaampz_s001_t000,power_line,60.0,naive,1,-11.418189,0.004303,4.004301
aaaaamrj_s001_t000,power_line,60.0,naive,0,-18.724832,0.000164,10.435631
aaaaamsc_s001_t000,power_line,60.0,naive,1,-10.683814,0.005969,27.027608
aaaaamtb_s001_t000,power_line,60.0,naive,0,-12.190865,0.003048,26.590639
aaaaamuc_s001_t000,power_line,60.0,naive,0,-15.818529,0.000601,11.176007
aaaaamxn_s001_t000,power_line,60.0,naive,1,-22.571631,0.000029,3.726332
aaaaamyb_s001_t001,power_line,60.0,naive,0,-18.949955,0.000148,8.515571
aaaaamye_s001_t000,power_line,60.0,naive,1,-3.522499,0.129319,32.201247
aaaaamzi_s001_t001,power_line,60.0,naive,1,-13.347727,0.001817,10.820024
aaaaamzl_s001_t000,power_line,60.0,naive,0,-12.482247,0.002676,9.759348
aaaaamzx_s001_t000,power_line,60.0,naive,0,-21.252776,0.000053,30.767990
aaaaanbq_s001_t000,power_line,60.0,naive,0,-15.038057,0.000853,6.572830
aaaaanek_s001_t000,power_line,60.0,naive,0,-15.148116,0.000812,4.369235
aaaaangp_s001_t000,power_line,60.0,naive,0,-17.435971,0.000292,25.312671
aaaaanhb_s001_t003,power_line,60.0,naive,1,-3.333184,0.139173,5.839406
aaaaanhb_s003_t001,power_line,60.0,naive,1,-1.518999,0.267090,7.718221
aaaaanhb_s005_t000,power_line,60.0,naive,1,-0.932721,0.321521,9.163635
aaaaankf_s001_t000,power_line,60.0,naive,1,-10.399646,0.006774,12.762234
aaaaanlp_s001_t000,power_line,60.0,naive,0,-12.755277,0.002368,10.834008
aaaaanmc_s001_t000,power_line,60.0,naive,1,-7.399825,0.025481,34.715613
aaaaanop_s001_t000,power_line,60.0,naive,0,-11.747244,0.003715,9.963244
aaaaanoz_s001_t000,power_line,60.0,naive,1,-15.561843,0.000675,11.409088
aaaaanpr_s001_t002,power_line,60.0,naive,1,-11.605291,0.003958,12.812324
aaaaanqe_s001_t000,power_line,60.0,naive,0,-16.484311,0.000446,20.064572
aaaaanro_s001_t000,power_line,60.0,naive,1,-5.713857,0.052715,13.541816
aaaaansj_s001_t000,power_line,60.0,naive,1,-10.707449,0.005906,12.215116
aaaaanta_s001_t000,power_line,60.0,naive,1,-12.124229,0.003140,14.462061
aaaaanum_s001_t000,power_line,60.0,naive,0,-14.992231,0.000871,6.594084
aaaaanvb_s002_t000,power_line,60.0,naive,0,-4.627278,0.083026,11.207754
aaaaanvg_s001_t002,power_line,60.0,naive,0,-7.328485,0.026287,10.883011
aaaaanvw_s001_t000,power_line,60.0,naive,0,-15.380638,0.000732,18.904536
aaaaanwc_s001_t001,power_line,60.0,naive,1,1.253572,0.557902,88.386410
aaaaanxl_s001_t000,power_line,60.0,naive,1,-4.742572,0.079177,33.925772
aaaaanyb_s001_t001,power_line,60.0,naive,0,-18.656789,0.000169,4.701287
aaaaanyt_s002_t000,power_line,60.0,naive,1,-4.259973,0.096444,11.462467
aaaaanyw_s001_t000,power_line,60.0,naive,1,-22.288500,0.000033,1.448465
aaaaanyw_s002_t000,power_line,60.0,naive,1,-16.043407,0.000544,20.453409
aaaaanzh_s001_t000,power_line,60.0,naive,1,-22.198373,0.000035,25.535232
aaaaanzu_s001_t003,power_line,60.0,naive,1,-11.306325,0.004523,21.344297
aaaaaoav_s001_t000,power_line,60.0,naive,0,-17.256129,0.000316,4.503118
aaaaaoav_s002_t000,power_line,60.0,naive,0,-17.148613,0.000332,42.224886
aaaaaobi_s001_t000,power_line,60.0,naive,1,-6.561842,0.036664,21.329398
aaaaaobl_s001_t000,power_line,60.0,naive,0,-11.460071,0.004223,18.221048
aaaaaoby_s001_t000,power_line,60.0,naive,0,-7.630528,0.023037,56.694606
aaaaaoda_s001_t000,power_line,60.0,naive,1,-10.449676,0.006625,10.336372
aaaaaoeg_s001_t000,power_line,60.0,naive,0,-5.218013,0.064975,24.583427
aaaaaofj_s001_t000,power_line,60.0,naive,0,-5.714357,0.052704,4.240576
aaaaaofr_s001_t000,power_line,60.0,naive,0,-5.838915,0.049986,8.655720
aaaaaofz_s001_t000,power_line,60.0,naive,0,-11.672230,0.003842,11.811657
aaaaaohb_s001_t000,power_line,60.0,naive,1,-3.641447,0.123437,3.283171
aaaaaohr_s002_t001,power_line,60.0,naive,1,-10.099870,0.007740,10.824978
aaaaaoiq_s001_t000,power_line,60.0,naive,1,-15.909312,0.000578,4.732910
aaaaaoiv_s001_t000,power_line,60.0,naive,1,-22.291019,0.000033,3.919471
aaaaaoiv_s002_t001,power_line,60.0,naive,1,-4.547943,0.085772,53.215178
aaaaaoiv_s003_t003,power_line,60.0,naive,1,-6.075453,0.045187,2.416315
aaaaaojd_s001_t002,power_line,60.0,naive,0,-11.737261,0.003732,10.297200
aaaaaokg_s001_t000,power_line,60.0,naive,0,-21.596761,0.000045,8.306496
aaaaaoly_s001_t000,power_line,60.0,naive,0,-18.260185,0.000202,8.252929
aaaaaome_s001_t000,power_line,60.0,naive,0,-17.551923,0.000277,1.194041
aaaaaomx_s001_t000,power_line,60.0,naive,0,-14.224346,0.001228,9.020969
aaaaaomy_s001_t000,power_line,60.0,naive,1,0.544049,0.478711,49.961965
aaaaaonb_s001_t000,power_line,60.0,naive,0,-7.038797,0.029821,37.599074
aaaaaons_s002_t002,power_line,60.0,naive,1,-7.645416,0.022887,8.423748
aaaaaopd_s001_t000,power_line,60.0,naive,0,-13.748456,0.001519,30.601351
aaaaaopo_s001_t000,power_line,60.0,naive,0,-15.936855,0.000570,11.177002
aaaaaora_s002_t000,power_line,60.0,naive,1,-14.270869,0.001202,15.820724
aaaaaord_s001_t000,power_line,60.0,naive,1,-13.892947,0.001424,9.623831
aaaaaosh_s001_t000,power_line,60.0,naive,1,-15.400585,0.000725,11.634912
aaaaaosw_s001_t000,power_line,60.0,naive,0,-15.290373,0.000762,6.370042
aaaaaote_s001_t000,power_line,60.0,naive,0,-15.675895,0.000641,10.211496
aaaaaout_s001_t000,power_line,60.0,naive,1,-12.397130,0.002779,8.072342
aaaaaovl_s001_t000,power_line,60.0,naive,1,-16.469026,0.000449,3.127472
aaaaaovo_s001_t000,power_line,60.0,naive,1,-4.184962,0.099412,4.623397
aaaaaowb_s001_t000,power_line,60.0,naive,0,-15.337435,0.000746,5.708627
aaaaaoxf_s001_t000,power_line,60.0,naive,0,-22.196218,0.000035,10.079381
aaaaaozf_s001_t001,power_line,60.0,naive,0,-23.544766,0.000019,4.335600
aaaaapag_s001_t000,power_line,60.0,naive,0,-14.594279,0.001040,33.501632
aaaaapar_s001_t000,power_line,60.0,naive,1,14.788913,0.998160,43.416621
aaaaapcb_s001_t000,power_line,60.0,naive,0,-3.035424,0.155936,17.842833
aaaaapcy_s001_t002,power_line,60.0,naive,0,-6.829923,0.032651,12.205261
aaaaapdg_s001_t000,power_line,60.0,naive,0,-10.620797,0.006139,5.141666
aaaaaphs_s001_t000,power_line,60.0,naive,1,-18.914472,0.000150,18.660770
aaaaaphw_s001_t000,power_line,60.0,naive,0,-20.735500,0.000066,4.265154
aaaaapij_s001_t000,power_line,60.0,naive,0,-12.901473,0.002219,1.938676
aaaaapjc_s001_t001,power_line,60.0,naive,0,-17.179570,0.000327,21.586200
aaaaapka_s001_t000,power_line,60.0,naive,0,-11.531051,0.004091,5.023644
aaaaapkx_s001_t001,power_line,60.0,naive,1,-13.505214,0.001694,12.798063
aaaaaply_s001_t001,power_line,60.0,naive,1,-6.027536,0.046123,6.746852
aaaaapmb_s002_t001,power_line,60.0,naive,1,-0.185304,0.398444,1.943800
aaaaapmp_s001_t000,power_line,60.0,naive,1,-19.396985,0.000121,8.458194
aaaaapnr_s001_t000,power_line,60.0,naive,1,-16.388206,0.000466,6.218670
aaaaapoc_s001_t000,power_line,60.0,naive,1,-13.428058,0.001753,12.751480
aaaaapof_s001_t000,power_line,60.0,naive,0,-14.362345,0.001154,6.707114
aaaaapoo_s001_t000,power_line,60.0,naive,0,-9.052112,0.012319,39.876524
aaaaapoq_s001_t000,power_line,60.0,naive,0,-13.085764,0.002043,5.260558
aaaaappb_s001_t000,power_line,60.0,naive,0,-17.775351,0.000250,6.991096
aaaaapqd_s001_t000,power_line,60.0,naive,1,-2.474656,0.191923,24.138754
aaaaapqv_s001_t000,power_line,60.0,naive,0,-10.924955,0.005361,12.201207
aaaaapta_s001_t000,power_line,60.0,naive,1,-5.227533,0.064716,30.167772
aaaaapth_s001_t000,power_line,60.0,naive,1,-14.264757,0.001206,17.389558
aaaaapua_s001_t001,power_line,60.0,naive,0,-18.173666,0.000209,15.517507
aaaaapuu_s001_t000,power_line,60.0,naive,0,-25.378942,0.000008,3.410001
aaaaapvw_s001_t001,power_line,60.0,naive,1,-15.051644,0.000848,21.808029
aaaaapvy_s001_t000,power_line,60.0,naive,1,-11.717965,0.003764,9.367954
aaaaapwn_s001_t001,power_line,60.0,naive,0,-20.632957,0.000070,41.508430
aaaaapwo_s001_t001,power_line,60.0,naive,1,1.851165,0.622546,30.965519
aaaaapxm_s001_t001,power_line,60.0,naive,0,-13.996952,0.001359,21.024283
aaaaapys_s001_t001,power_line,60.0,naive,1,-8.576830,0.015198,6.768850
aaaaapys_s002_t001,power_line,60.0,naive,1,-10.030844,0.007981,4.781774
aaaaaayx_s002_t000,sampling_rate,128,canonicalized,0,11.345288,0.991454,25.370695
aaaaabdo_s003_t000,sampling_rate,128,canonicalized,1,17.245381,0.999387,25.991739
aaaaabsk_s007_t000,sampling_rate,128,canonicalized,1,14.079802,0.997474,9.809526
aaaaabuv_s002_t000,sampling_rate,128,canonicalized,1,7.550837,0.954945,7.713276
aaaaacad_s003_t000,sampling_rate,128,canonicalized,0,14.033248,0.997421,5.546905
aaaaacby_s004_t000,sampling_rate,128,canonicalized,0,10.333807,0.986620,5.823126
aaaaaddm_s006_t000,sampling_rate,128,canonicalized,1,11.409846,0.991695,38.743717
aaaaadeu_s002_t000,sampling_rate,128,canonicalized,1,12.228888,0.994231,12.710564
aaaaadjk_s002_t000,sampling_rate,128,canonicalized,0,8.014492,0.963084,6.323799
aaaaadkb_s002_t000,sampling_rate,128,canonicalized,1,14.103560,0.997501,5.230281
aaaaadsm_s002_t001,sampling_rate,128,canonicalized,0,12.343964,0.994520,12.556966
aaaaaeab_s003_t000,sampling_rate,128,canonicalized,0,11.094703,0.990448,4.340176
aaaaaejc_s003_t001,sampling_rate,128,canonicalized,0,9.086657,0.976838,4.967725
aaaaaezn_s003_t001,sampling_rate,128,canonicalized,1,14.998696,0.998325,29.074760
aaaaafhl_s003_t000,sampling_rate,128,canonicalized,1,13.126834,0.996134,2.875795
aaaaagfk_s003_t000,sampling_rate,128,canonicalized,0,7.641870,0.956668,14.207910
aaaaagsc_s003_t001,sampling_rate,128,canonicalized,1,16.928651,0.999294,25.566096
aaaaagsc_s006_t001,sampling_rate,128,canonicalized,1,13.688283,0.996992,5.407359
aaaaaguk_s002_t001,sampling_rate,128,canonicalized,0,9.601160,0.981518,2.290262
aaaaagvx_s002_t000,sampling_rate,128,canonicalized,1,5.855435,0.908400,19.843501
aaaaagvx_s003_t001,sampling_rate,128,canonicalized,1,8.517208,0.970307,37.329866
aaaaagyr_s002_t000,sampling_rate,128,canonicalized,1,5.953014,0.911973,35.310615
aaaaahie_s005_t001,sampling_rate,128,canonicalized,1,20.902334,0.999881,2.764250
aaaaahsv_s002_t000,sampling_rate,128,canonicalized,0,5.107044,0.876422,13.695523
aaaaahte_s002_t000,sampling_rate,128,canonicalized,1,15.567370,0.998701,14.238962
aaaaahte_s003_t000,sampling_rate,128,canonicalized,1,20.773665,0.999874,6.778586
aaaaahuy_s002_t000,sampling_rate,128,canonicalized,1,14.853431,0.998213,4.934809
aaaaahzi_s001_t000,sampling_rate,128,canonicalized,0,10.324035,0.986562,8.836344
aaaaahzm_s001_t001,sampling_rate,128,canonicalized,0,6.760345,0.937006,3.935132
aaaaahzq_s001_t000,sampling_rate,128,canonicalized,0,0.472637,0.470733,4.954834
aaaaahzs_s001_t001,sampling_rate,128,canonicalized,0,15.048412,0.998362,16.826356
aaaaaiae_s001_t000,sampling_rate,128,canonicalized,0,5.861794,0.908637,23.830814
aaaaaibx_s001_t000,sampling_rate,128,canonicalized,0,9.998163,0.984483,3.545799
aaaaaiby_s001_t000,sampling_rate,128,canonicalized,0,17.775181,0.999517,6.493360
aaaaaici_s001_t000,sampling_rate,128,canonicalized,0,14.757401,0.998134,11.806760
aaaaaicn_s001_t000,sampling_rate,128,canonicalized,0,10.329134,0.986592,6.894034
aaaaaijh_s002_t000,sampling_rate,128,canonicalized,1,10.963536,0.989876,13.745509
aaaaaijn_s001_t001,sampling_rate,128,canonicalized,0,11.462939,0.991889,4.599420
aaaaairb_s001_t001,sampling_rate,128,canonicalized,0,12.124504,0.993957,14.140201
aaaaairo_s001_t000,sampling_rate,128,canonicalized,0,9.395772,0.979773,6.174942
aaaaaitt_s001_t000,sampling_rate,128,canonicalized,0,14.642296,0.998036,18.490554
aaaaaiue_s004_t000,sampling_rate,128,canonicalized,1,16.439959,0.999121,15.371296
aaaaaiuo_s002_t000,sampling_rate,128,canonicalized,0,10.485378,0.987487,19.913285
aaaaaiwz_s001_t001,sampling_rate,128,canonicalized,0,6.674870,0.934707,9.714781
aaaaaiyy_s001_t001,sampling_rate,128,canonicalized,0,12.956889,0.995830,9.830189
aaaaaizd_s001_t001,sampling_rate,128,canonicalized,0,6.447214,0.928200,25.943519
aaaaaizs_s001_t000,sampling_rate,128,canonicalized,0,9.044844,0.976411,11.730665
aaaaajae_s001_t001,sampling_rate,128,canonicalized,0,13.695768,0.997002,12.019155
aaaaajah_s002_t001,sampling_rate,128,canonicalized,1,8.378852,0.968468,14.632230
aaaaajah_s004_t000,sampling_rate,128,canonicalized,1,7.564800,0.955214,21.775148
aaaaajal_s001_t001,sampling_rate,128,canonicalized,0,15.761599,0.998809,17.835770
aaaaajam_s001_t000,sampling_rate,128,canonicalized,1,10.616181,0.988191,3.677653
aaaaajar_s001_t001,sampling_rate,128,canonicalized,0,8.977375,0.975704,3.747305
aaaaajbb_s001_t000,sampling_rate,128,canonicalized,0,8.916342,0.975048,12.635894
aaaaajbh_s002_t000,sampling_rate,128,canonicalized,0,8.499967,0.970084,5.381591
aaaaajce_s001_t000,sampling_rate,128,canonicalized,0,12.678722,0.995279,10.182133
aaaaajci_s001_t000,sampling_rate,128,canonicalized,0,14.900620,0.998250,8.607282
aaaaajck_s001_t000,sampling_rate,128,canonicalized,0,14.676370,0.998065,11.564255
aaaaajct_s001_t000,sampling_rate,128,canonicalized,0,13.038192,0.995979,24.421343
aaaaajcu_s001_t000,sampling_rate,128,canonicalized,0,10.125869,0.985333,26.509009
aaaaajda_s001_t000,sampling_rate,128,canonicalized,0,13.751960,0.997076,17.118181
aaaaajdb_s001_t000,sampling_rate,128,canonicalized,0,10.045015,0.984800,10.041086
aaaaajdv_s001_t000,sampling_rate,128,canonicalized,0,5.078138,0.875013,14.344153
aaaaajdy_s001_t000,sampling_rate,128,canonicalized,0,10.090924,0.985105,20.008145
aaaaajdz_s001_t000,sampling_rate,128,canonicalized,0,7.999163,0.962839,2.762186
aaaaajea_s001_t000,sampling_rate,128,canonicalized,0,11.731153,0.992801,19.986065
aaaaajen_s001_t000,sampling_rate,128,canonicalized,0,11.424100,0.991748,4.532602
aaaaajey_s001_t000,sampling_rate,128,canonicalized,0,11.159673,0.990719,4.798872
aaaaajfb_s001_t000,sampling_rate,128,canonicalized,0,12.080822,0.993838,8.194059
aaaaajfe_s001_t000,sampling_rate,128,canonicalized,0,7.201185,0.947705,7.568455
aaaaajff_s001_t000,sampling_rate,128,canonicalized,0,6.778179,0.937476,3.395457
aaaaajfi_s001_t001,sampling_rate,128,canonicalized,0,14.122805,0.997522,12.314618
aaaaajfn_s001_t001,sampling_rate,128,canonicalized,0,11.140358,0.990640,5.795600
aaaaajfy_s001_t000,sampling_rate,128,canonicalized,0,15.909856,0.998886,12.749148
aaaaajga_s001_t001,sampling_rate,128,canonicalized,0,15.831187,0.998846,13.526397
aaaaajhy_s001_t000,sampling_rate,128,canonicalized,0,17.108275,0.999348,6.248095
aaaaajit_s001_t001,sampling_rate,128,canonicalized,0,19.224512,0.999747,16.948491
aaaaajiu_s001_t000,sampling_rate,128,canonicalized,0,7.116943,0.945803,25.613709
aaaaajiy_s001_t001,sampling_rate,128,canonicalized,0,8.774734,0.973457,3.920870
aaaaajiz_s001_t000,sampling_rate,128,canonicalized,0,12.862043,0.995650,13.475516
aaaaajjb_s001_t001,sampling_rate,128,canonicalized,0,11.082818,0.990397,9.656629
aaaaajje_s001_t000,sampling_rate,128,canonicalized,0,9.680303,0.982150,14.434694
aaaaajjk_s001_t000,sampling_rate,128,canonicalized,0,15.065601,0.998375,10.173525
aaaaajna_s001_t000,sampling_rate,128,canonicalized,0,7.668297,0.957156,10.055168
aaaaajnu_s001_t000,sampling_rate,128,canonicalized,0,13.998127,0.997380,9.040210
aaaaajon_s001_t000,sampling_rate,128,canonicalized,0,12.933531,0.995786,26.892538
aaaaajoo_s002_t001,sampling_rate,128,canonicalized,1,8.791400,0.973649,11.950361
aaaaajpg_s001_t001,sampling_rate,128,canonicalized,0,9.747311,0.982669,7.820377
aaaaajqh_s004_t000,sampling_rate,128,canonicalized,1,18.448689,0.999642,13.939892
aaaaajqk_s003_t001,sampling_rate,128,canonicalized,1,14.176096,0.997581,1.864491
aaaaajrf_s001_t000,sampling_rate,128,canonicalized,1,29.419688,0.999997,33.448080
aaaaajrf_s002_t000,sampling_rate,128,canonicalized,1,32.321914,0.999999,27.474412
aaaaajrf_s003_t002,sampling_rate,128,canonicalized,1,29.352386,0.999997,29.242485
aaaaajrf_s004_t000,sampling_rate,128,canonicalized,1,16.641943,0.999197,3.934896
aaaaajso_s001_t000,sampling_rate,128,canonicalized,1,16.965557,0.999305,14.249113
aaaaajtg_s001_t000,sampling_rate,128,canonicalized,0,15.513529,0.998670,17.950222
aaaaajtu_s001_t000,sampling_rate,128,canonicalized,0,12.290884,0.994388,16.153972
aaaaajuh_s001_t000,sampling_rate,128,canonicalized,1,11.573767,0.992279,18.095134
aaaaajun_s001_t000,sampling_rate,128,canonicalized,0,11.394219,0.991637,9.329738
aaaaajvh_s001_t001,sampling_rate,128,canonicalized,0,15.640020,0.998743,12.915819
aaaaajxp_s001_t000,sampling_rate,128,canonicalized,0,9.067438,0.976643,6.632036
aaaaakck_s001_t001,sampling_rate,128,canonicalized,1,19.336099,0.999760,16.322621
aaaaakcx_s001_t001,sampling_rate,128,canonicalized,1,22.485529,0.999941,11.367725
aaaaakcy_s005_t001,sampling_rate,128,canonicalized,1,26.743569,0.999991,5.149593
aaaaakdj_s001_t000,sampling_rate,128,canonicalized,1,12.953983,0.995825,2.571669
aaaaakdo_s001_t000,sampling_rate,128,canonicalized,1,6.416367,0.927274,5.222215
aaaaakeq_s001_t000,sampling_rate,128,canonicalized,1,17.669312,0.999493,45.766188
aaaaakeq_s002_t000,sampling_rate,128,canonicalized,1,15.775614,0.998817,31.361973
aaaaakeq_s003_t000,sampling_rate,128,canonicalized,1,19.548315,0.999782,5.333961
aaaaakev_s001_t001,sampling_rate,128,canonicalized,1,27.620534,0.999994,44.171343
aaaaakev_s002_t000,sampling_rate,128,canonicalized,1,29.007042,0.999997,43.926228
aaaaakft_s001_t000,sampling_rate,128,canonicalized,0,16.920540,0.999291,12.739978
aaaaakgp_s001_t001,sampling_rate,128,canonicalized,0,14.055499,0.997447,17.425947
aaaaakgu_s001_t000,sampling_rate,128,canonicalized,1,7.725769,0.958200,2.750490
aaaaakjk_s002_t002,sampling_rate,128,canonicalized,1,17.644975,0.999488,7.837491
aaaaakjk_s003_t000,sampling_rate,128,canonicalized,1,14.519187,0.997925,4.522815
aaaaakka_s001_t001,sampling_rate,128,canonicalized,0,5.601248,0.898474,2.924243
aaaaakmg_s003_t001,sampling_rate,128,canonicalized,1,21.009813,0.999886,7.690719
aaaaakmh_s001_t000,sampling_rate,128,canonicalized,1,11.113259,0.990526,8.283177
aaaaaknt_s001_t000,sampling_rate,128,canonicalized,1,10.446939,0.987273,10.548894
aaaaakoo_s001_t001,sampling_rate,128,canonicalized,1,29.835386,0.999998,17.816961
aaaaakqg_s001_t001,sampling_rate,128,canonicalized,0,17.046996,0.999330,3.659124
aaaaakqr_s001_t000,sampling_rate,128,canonicalized,0,8.275737,0.967027,13.905955
aaaaakrt_s001_t001,sampling_rate,128,canonicalized,1,11.918201,0.993375,7.494977
aaaaakrt_s002_t001,sampling_rate,128,canonicalized,1,13.687456,0.996990,8.942057
aaaaaksb_s001_t000,sampling_rate,128,canonicalized,0,9.892898,0.983746,8.849614
aaaaaksu_s001_t001,sampling_rate,128,canonicalized,0,15.254174,0.998506,9.711571
aaaaakxz_s001_t001,sampling_rate,128,canonicalized,1,11.233881,0.991020,11.590711
aaaaakxz_s002_t001,sampling_rate,128,canonicalized,1,13.656451,0.996948,12.561527
aaaaalaf_s001_t000,sampling_rate,128,canonicalized,0,15.734081,0.998795,17.359410
aaaaalau_s001_t000,sampling_rate,128,canonicalized,1,19.611105,0.999788,19.404477
aaaaalbh_s001_t000,sampling_rate,128,canonicalized,1,16.060755,0.998959,22.064290
aaaaalbt_s001_t001,sampling_rate,128,canonicalized,0,10.944934,0.989792,2.500838
aaaaalbt_s002_t000,sampling_rate,128,canonicalized,0,7.953733,0.962104,25.651704
aaaaalbz_s006_t000,sampling_rate,128,canonicalized,1,20.979557,0.999885,79.810368
aaaaalid_s001_t001,sampling_rate,128,canonicalized,0,17.820864,0.999526,17.321773
aaaaaljf_s001_t000,sampling_rate,128,canonicalized,1,11.439190,0.991803,10.843626
aaaaaljj_s001_t000,sampling_rate,128,canonicalized,0,16.299784,0.999064,8.272541
aaaaallc_s001_t001,sampling_rate,128,canonicalized,0,13.056274,0.996011,16.771757
aaaaalle_s002_t000,sampling_rate,128,canonicalized,1,9.234986,0.978295,2.717633
aaaaalox_s001_t001,sampling_rate,128,canonicalized,0,19.030424,0.999724,37.507116
aaaaalpv_s001_t000,sampling_rate,128,canonicalized,0,13.736402,0.997055,7.333287
aaaaalqa_s001_t000,sampling_rate,128,canonicalized,0,13.886788,0.997247,7.356396
aaaaalqr_s001_t001,sampling_rate,128,canonicalized,1,14.282162,0.997693,12.295330
aaaaalqs_s001_t001,sampling_rate,128,canonicalized,0,10.388377,0.986939,4.294270
aaaaalqx_s001_t000,sampling_rate,128,canonicalized,0,15.086250,0.998389,11.357264
aaaaalrc_s002_t000,sampling_rate,128,canonicalized,1,33.853612,1.000000,3.782971
aaaaalsq_s001_t000,sampling_rate,128,canonicalized,0,12.854130,0.995634,4.571098
aaaaalsx_s001_t000,sampling_rate,128,canonicalized,1,13.175988,0.996218,12.637846
aaaaalsx_s004_t001,sampling_rate,128,canonicalized,1,4.109665,0.819381,20.529417
aaaaaluz_s001_t001,sampling_rate,128,canonicalized,0,18.696886,0.999680,12.844540
aaaaalvw_s001_t000,sampling_rate,128,canonicalized,0,14.073393,0.997467,9.115331
aaaaalvz_s001_t000,sampling_rate,128,canonicalized,1,31.186251,0.999999,2.191420
aaaaalxk_s001_t000,sampling_rate,128,canonicalized,0,7.745193,0.958547,19.032576
aaaaalyr_s001_t000,sampling_rate,128,canonicalized,1,14.807789,0.998176,5.909225
aaaaalzk_s002_t001,sampling_rate,128,canonicalized,1,21.515552,0.999909,29.172008
aaaaamcb_s001_t001,sampling_rate,128,canonicalized,1,12.794078,0.995516,6.373433
aaaaamfe_s001_t001,sampling_rate,128,canonicalized,0,17.946291,0.999552,14.522583
aaaaamft_s001_t001,sampling_rate,128,canonicalized,1,23.375315,0.999961,39.550022
aaaaamfu_s001_t000,sampling_rate,128,canonicalized,0,21.666347,0.999915,11.903019
aaaaamhi_s001_t000,sampling_rate,128,canonicalized,1,25.170513,0.999982,42.113659
aaaaamhk_s001_t000,sampling_rate,128,canonicalized,1,8.973999,0.975668,8.175593
aaaaamjc_s001_t001,sampling_rate,128,canonicalized,1,29.031841,0.999997,13.277735
aaaaammh_s001_t001,sampling_rate,128,canonicalized,1,14.447677,0.997857,23.113831
aaaaamnq_s001_t000,sampling_rate,128,canonicalized,1,19.513585,0.999778,14.204174
aaaaamnq_s002_t000,sampling_rate,128,canonicalized,1,21.416685,0.999905,9.329984
aaaaamon_s001_t000,sampling_rate,128,canonicalized,0,13.065927,0.996028,20.850554
aaaaampz_s001_t000,sampling_rate,128,canonicalized,1,17.767316,0.999515,19.418816
aaaaamrj_s001_t000,sampling_rate,128,canonicalized,0,10.639516,0.988313,7.253749
aaaaamsc_s001_t000,sampling_rate,128,canonicalized,1,7.305496,0.949973,7.289716
aaaaamtb_s001_t000,sampling_rate,128,canonicalized,0,18.454769,0.999643,13.488787
aaaaamuc_s001_t000,sampling_rate,128,canonicalized,0,6.597735,0.932566,2.569484
aaaaamxn_s001_t000,sampling_rate,128,canonicalized,1,14.493125,0.997900,8.882465
aaaaamyb_s001_t001,sampling_rate,128,canonicalized,0,7.656543,0.956940,14.825001
aaaaamye_s001_t000,sampling_rate,128,canonicalized,1,26.981654,0.999992,11.631862
aaaaamzi_s001_t001,sampling_rate,128,canonicalized,1,26.485533,0.999990,52.351394
aaaaamzl_s001_t000,sampling_rate,128,canonicalized,0,9.260855,0.978540,24.681584
aaaaamzx_s001_t000,sampling_rate,128,canonicalized,0,9.923762,0.983965,16.474942
aaaaanbq_s001_t000,sampling_rate,128,canonicalized,0,4.805897,0.861054,16.546005
aaaaanek_s001_t000,sampling_rate,128,canonicalized,0,13.132883,0.996145,10.522135
aaaaangp_s001_t000,sampling_rate,128,canonicalized,0,11.791482,0.992991,12.263617
aaaaanhb_s001_t003,sampling_rate,128,canonicalized,1,15.668735,0.998759,24.846659
aaaaanhb_s003_t001,sampling_rate,128,canonicalized,1,13.815134,0.997157,8.572738
aaaaanhb_s005_t000,sampling_rate,128,canonicalized,1,15.413543,0.998609,8.055834
aaaaankf_s001_t000,sampling_rate,128,canonicalized,1,22.129756,0.999931,4.771606
aaaaanlp_s001_t000,sampling_rate,128,canonicalized,0,10.674139,0.988490,11.263898
aaaaanmc_s001_t000,sampling_rate,128,canonicalized,1,15.884925,0.998873,20.985817
aaaaanop_s001_t000,sampling_rate,128,canonicalized,0,10.378858,0.986884,20.718504
aaaaanoz_s001_t000,sampling_rate,128,canonicalized,1,9.767303,0.982821,12.103411
aaaaanpr_s001_t002,sampling_rate,128,canonicalized,1,14.284950,0.997696,13.628801
aaaaanqe_s001_t000,sampling_rate,128,canonicalized,0,5.005076,0.871389,12.851661
aaaaanro_s001_t000,sampling_rate,128,canonicalized,1,15.861031,0.998861,21.339606
aaaaansj_s001_t000,sampling_rate,128,canonicalized,1,10.173765,0.985640,21.627649
aaaaanta_s001_t000,sampling_rate,128,canonicalized,1,14.691233,0.998078,36.701695
aaaaanum_s001_t000,sampling_rate,128,canonicalized,0,8.765391,0.973348,7.231690
aaaaanvb_s002_t000,sampling_rate,128,canonicalized,0,9.141337,0.977386,8.862390
aaaaanvg_s001_t002,sampling_rate,128,canonicalized,0,11.369286,0.991544,11.902123
aaaaanvw_s001_t000,sampling_rate,128,canonicalized,0,11.065813,0.990325,15.872331
aaaaanwc_s001_t001,sampling_rate,128,canonicalized,1,13.428412,0.996621,68.401658
aaaaanxl_s001_t000,sampling_rate,128,canonicalized,1,20.821197,0.999876,36.214479
aaaaanyb_s001_t001,sampling_rate,128,canonicalized,0,8.881726,0.974668,11.219091
aaaaanyt_s002_t000,sampling_rate,128,canonicalized,1,26.110669,0.999988,59.718299
aaaaanyw_s001_t000,sampling_rate,128,canonicalized,1,15.212380,0.998478,4.733904
aaaaanyw_s002_t000,sampling_rate,128,canonicalized,1,12.617952,0.995149,11.435187
aaaaanzh_s001_t000,sampling_rate,128,canonicalized,1,12.126391,0.993962,33.082727
aaaaanzu_s001_t003,sampling_rate,128,canonicalized,1,14.626427,0.998022,25.545537
aaaaaoav_s001_t000,sampling_rate,128,canonicalized,0,5.489575,0.893818,11.581014
aaaaaoav_s002_t000,sampling_rate,128,canonicalized,0,7.645506,0.956735,17.311545
aaaaaobi_s001_t000,sampling_rate,128,canonicalized,1,12.264269,0.994321,29.101607
aaaaaobl_s001_t000,sampling_rate,128,canonicalized,0,8.345101,0.968003,11.925222
aaaaaoby_s001_t000,sampling_rate,128,canonicalized,0,11.464517,0.991895,23.596643
aaaaaoda_s001_t000,sampling_rate,128,canonicalized,1,14.896059,0.998246,18.430749
aaaaaoeg_s001_t000,sampling_rate,128,canonicalized,0,5.880434,0.909328,3.035319
aaaaaofj_s001_t000,sampling_rate,128,canonicalized,0,6.437817,0.927919,12.549197
aaaaaofr_s001_t000,sampling_rate,128,canonicalized,0,9.595770,0.981474,7.566771
aaaaaofz_s001_t000,sampling_rate,128,canonicalized,0,8.726618,0.972894,10.492378
aaaaaohb_s001_t000,sampling_rate,128,canonicalized,1,23.039401,0.999954,5.753620
aaaaaohr_s002_t001,sampling_rate,128,canonicalized,1,10.375628,0.986865,3.691950
aaaaaoiq_s001_t000,sampling_rate,128,canonicalized,1,5.917907,0.910702,6.779568
aaaaaoiv_s001_t000,sampling_rate,128,canonicalized,1,8.700992,0.972590,2.420734
aaaaaoiv_s002_t001,sampling_rate,128,canonicalized,1,26.244727,0.999989,22.019611
aaaaaoiv_s003_t003,sampling_rate,128,canonicalized,1,25.853365,0.999987,4.957666
aaaaaojd_s001_t002,sampling_rate,128,canonicalized,0,15.062101,0.998372,18.261912
aaaaaokg_s001_t000,sampling_rate,128,canonicalized,0,20.261056,0.999841,37.966461
aaaaaoly_s001_t000,sampling_rate,128,canonicalized,0,11.623876,0.992449,49.160513
aaaaaome_s001_t000,sampling_rate,128,canonicalized,0,9.636725,0.981805,15.725449
aaaaaomx_s001_t000,sampling_rate,128,canonicalized,0,9.697594,0.982286,14.993695
aaaaaomy_s001_t000,sampling_rate,128,canonicalized,1,17.097923,0.999345,16.987888
aaaaaonb_s001_t000,sampling_rate,128,canonicalized,0,15.625824,0.998735,15.367695
aaaaaons_s002_t002,sampling_rate,128,canonicalized,1,12.782895,0.995493,9.970710
aaaaaopd_s001_t000,sampling_rate,128,canonicalized,0,12.442157,0.994754,21.987358
aaaaaopo_s001_t000,sampling_rate,128,canonicalized,0,12.770135,0.995468,10.667361
aaaaaora_s002_t000,sampling_rate,128,canonicalized,1,6.617310,0.933116,8.711380
aaaaaord_s001_t000,sampling_rate,128,canonicalized,1,9.740980,0.982621,15.567973
aaaaaosh_s001_t000,sampling_rate,128,canonicalized,1,8.746374,0.973126,9.326417
aaaaaosw_s001_t000,sampling_rate,128,canonicalized,0,11.194822,0.990863,24.469173
aaaaaote_s001_t000,sampling_rate,128,canonicalized,0,7.269659,0.949204,3.658425
aaaaaout_s001_t000,sampling_rate,128,canonicalized,1,13.198327,0.996256,5.639929
aaaaaovl_s001_t000,sampling_rate,128,canonicalized,1,25.433050,0.999984,5.852431
aaaaaovo_s001_t000,sampling_rate,128,canonicalized,1,23.179076,0.999957,22.314267
aaaaaowb_s001_t000,sampling_rate,128,canonicalized,0,10.263255,0.986196,14.699395
aaaaaoxf_s001_t000,sampling_rate,128,canonicalized,0,12.854739,0.995636,10.571308
aaaaaozf_s001_t001,sampling_rate,128,canonicalized,0,16.772166,0.999243,4.181601
aaaaapag_s001_t000,sampling_rate,128,canonicalized,0,15.697159,0.998775,26.557368
aaaaapar_s001_t000,sampling_rate,128,canonicalized,1,27.518814,0.999994,2.143641
aaaaapcb_s001_t000,sampling_rate,128,canonicalized,0,8.683674,0.972382,10.002774
aaaaapcy_s001_t002,sampling_rate,128,canonicalized,0,8.601979,0.971382,17.393927
aaaaapdg_s001_t000,sampling_rate,128,canonicalized,0,8.379737,0.968480,4.868939
aaaaaphs_s001_t000,sampling_rate,128,canonicalized,1,18.570081,0.999661,45.170466
aaaaaphw_s001_t000,sampling_rate,128,canonicalized,0,10.409121,0.987058,5.594045
aaaaapij_s001_t000,sampling_rate,128,canonicalized,0,9.706618,0.982356,8.163965
aaaaapjc_s001_t001,sampling_rate,128,canonicalized,0,14.831886,0.998195,3.096779
aaaaapka_s001_t000,sampling_rate,128,canonicalized,0,12.136010,0.993988,10.541604
aaaaapkx_s001_t001,sampling_rate,128,canonicalized,1,15.629350,0.998737,18.005455
aaaaaply_s001_t001,sampling_rate,128,canonicalized,1,20.512425,0.999858,6.598722
aaaaapmb_s002_t001,sampling_rate,128,canonicalized,1,10.888251,0.989532,5.093177
aaaaapmp_s001_t000,sampling_rate,128,canonicalized,1,11.990726,0.993586,5.289308
aaaaapnr_s001_t000,sampling_rate,128,canonicalized,1,7.902013,0.961250,17.364793
aaaaapoc_s001_t000,sampling_rate,128,canonicalized,1,12.042879,0.993733,40.486553
aaaaapof_s001_t000,sampling_rate,128,canonicalized,0,13.276154,0.996384,24.731388
aaaaapoo_s001_t000,sampling_rate,128,canonicalized,0,14.991532,0.998320,30.079569
aaaaapoq_s001_t000,sampling_rate,128,canonicalized,0,14.074208,0.997468,18.595823
aaaaappb_s001_t000,sampling_rate,128,canonicalized,0,5.167585,0.879330,6.402703
aaaaapqd_s001_t000,sampling_rate,128,canonicalized,1,7.447712,0.952915,13.926403
aaaaapqv_s001_t000,sampling_rate,128,canonicalized,0,8.712479,0.972727,10.892988
aaaaapta_s001_t000,sampling_rate,128,canonicalized,1,9.814933,0.983178,49.670042
aaaaapth_s001_t000,sampling_rate,128,canonicalized,1,10.665475,0.988446,5.336499
aaaaapua_s001_t001,sampling_rate,128,canonicalized,0,12.009533,0.993639,3.598359
aaaaapuu_s001_t000,sampling_rate,128,canonicalized,0,15.669429,0.998759,29.293667
aaaaapvw_s001_t001,sampling_rate,128,canonicalized,1,13.081063,0.996055,5.810102
aaaaapvy_s001_t000,sampling_rate,128,canonicalized,1,10.633705,0.988282,14.068084
aaaaapwn_s001_t001,sampling_rate,128,canonicalized,0,11.865204,0.993217,10.979108
aaaaapwo_s001_t001,sampling_rate,128,canonicalized,1,12.126144,0.993961,5.449355
aaaaapxm_s001_t001,sampling_rate,128,canonicalized,0,12.171517,0.994082,1.174930
aaaaapys_s001_t001,sampling_rate,128,canonicalized,1,20.968808,0.999884,4.406694
aaaaapys_s002_t001,sampling_rate,128,canonicalized,1,18.731763,0.999685,15.506805
aaaaaayx_s002_t000,sampling_rate,128,naive,0,0.260545,0.447144,21.497869
aaaaabdo_s003_t000,sampling_rate,128,naive,1,12.771691,0.995471,32.914150
aaaaabsk_s007_t000,sampling_rate,128,naive,1,4.306010,0.832035,8.243497
aaaaabuv_s002_t000,sampling_rate,128,naive,1,2.357764,0.674217,7.230890
aaaaacad_s003_t000,sampling_rate,128,naive,0,-0.402795,0.375337,11.385764
aaaaacby_s004_t000,sampling_rate,128,naive,0,4.988291,0.870544,1.098185
aaaaaddm_s006_t000,sampling_rate,128,naive,1,5.898790,0.910003,11.556067
aaaaadeu_s002_t000,sampling_rate,128,naive,1,2.933499,0.728148,10.978799
aaaaadjk_s002_t000,sampling_rate,128,naive,0,1.563048,0.591772,3.198719
aaaaadkb_s002_t000,sampling_rate,128,naive,1,6.947805,0.941785,9.410560
aaaaadsm_s002_t001,sampling_rate,128,naive,0,1.770893,0.614060,10.369028
aaaaaeab_s003_t000,sampling_rate,128,naive,0,0.070918,0.426250,3.291350
aaaaaejc_s003_t001,sampling_rate,128,naive,0,0.889639,0.517396,11.772233
aaaaaezn_s003_t001,sampling_rate,128,naive,1,3.815630,0.799061,13.676608
aaaaafhl_s003_t000,sampling_rate,128,naive,1,5.777775,0.905464,2.778648
aaaaagfk_s003_t000,sampling_rate,128,naive,0,-0.316145,0.384482,10.041586
aaaaagsc_s003_t001,sampling_rate,128,naive,1,5.284649,0.884785,17.747297
aaaaagsc_s006_t001,sampling_rate,128,naive,1,0.673707,0.493220,7.376439
aaaaaguk_s002_t001,sampling_rate,128,naive,0,1.607168,0.596538,11.843410
aaaaagvx_s002_t000,sampling_rate,128,naive,1,2.619310,0.699411,3.580630
aaaaagvx_s003_t001,sampling_rate,128,naive,1,3.997903,0.811853,13.735843
aaaaagyr_s002_t000,sampling_rate,128,naive,1,1.134633,0.544722,6.553210
aaaaahie_s005_t001,sampling_rate,128,naive,1,12.191558,0.994135,5.846769
aaaaahsv_s002_t000,sampling_rate,128,naive,0,1.021343,0.532110,7.222471
aaaaahte_s002_t000,sampling_rate,128,naive,1,8.879592,0.974644,17.602883
aaaaahte_s003_t000,sampling_rate,128,naive,1,13.264406,0.996365,7.865495
aaaaahuy_s002_t000,sampling_rate,128,naive,1,-1.417758,0.276061,1.689516
aaaaahzi_s001_t000,sampling_rate,128,naive,0,1.174811,0.549183,10.940048
aaaaahzm_s001_t001,sampling_rate,128,naive,0,3.540099,0.778509,9.097442
aaaaahzq_s001_t000,sampling_rate,128,naive,0,0.978111,0.527285,8.544133
aaaaahzs_s001_t001,sampling_rate,128,naive,0,4.771285,0.859188,12.659308
aaaaaiae_s001_t000,sampling_rate,128,naive,0,2.838422,0.719635,8.051747
aaaaaibx_s001_t000,sampling_rate,128,naive,0,-0.190936,0.397839,20.900328
aaaaaiby_s001_t000,sampling_rate,128,naive,0,-0.746867,0.339947,7.024794
aaaaaici_s001_t000,sampling_rate,128,naive,0,0.216122,0.442230,6.306758
aaaaaicn_s001_t000,sampling_rate,128,naive,0,1.704376,0.606974,4.961217
aaaaaijh_s002_t000,sampling_rate,128,naive,1,-3.514402,0.129728,5.154313
aaaaaijn_s001_t001,sampling_rate,128,naive,0,3.016036,0.735405,3.070055
aaaaairb_s001_t001,sampling_rate,128,naive,0,1.496234,0.584522,4.926878
aaaaairo_s001_t000,sampling_rate,128,naive,0,-1.252749,0.291077,16.736762
aaaaaitt_s001_t000,sampling_rate,128,naive,0,0.284631,0.449813,5.003801
aaaaaiue_s004_t000,sampling_rate,128,naive,1,2.855180,0.721148,2.294981
aaaaaiuo_s002_t000,sampling_rate,128,naive,0,2.630084,0.700424,8.163432
aaaaaiwz_s001_t001,sampling_rate,128,naive,0,1.698852,0.606383,5.762912
aaaaaiyy_s001_t001,sampling_rate,128,naive,0,0.994980,0.529168,3.009182
aaaaaizd_s001_t001,sampling_rate,128,naive,0,1.671238,0.603427,2.169886
aaaaaizs_s001_t000,sampling_rate,128,naive,0,2.391354,0.677514,3.676217
aaaaajae_s001_t001,sampling_rate,128,naive,0,3.583368,0.781834,4.284549
aaaaajah_s002_t001,sampling_rate,128,naive,1,1.118225,0.542899,3.396032
aaaaajah_s004_t000,sampling_rate,128,naive,1,0.233780,0.444182,14.925331
aaaaajal_s001_t001,sampling_rate,128,naive,0,2.292541,0.667767,5.684682
aaaaajam_s001_t000,sampling_rate,128,naive,1,3.813568,0.798913,3.018298
aaaaajar_s001_t001,sampling_rate,128,naive,0,-2.860810,0.166511,3.589638
aaaaajbb_s001_t000,sampling_rate,128,naive,0,3.954347,0.808854,3.320072
aaaaajbh_s002_t000,sampling_rate,128,naive,0,0.272545,0.448474,2.982726
aaaaajce_s001_t000,sampling_rate,128,naive,0,-3.414140,0.134884,4.875323
aaaaajci_s001_t000,sampling_rate,128,naive,0,-1.314601,0.285392,6.344796
aaaaajck_s001_t000,sampling_rate,128,naive,0,-1.786087,0.244329,8.850087
aaaaajct_s001_t000,sampling_rate,128,naive,0,2.513913,0.689392,8.170607
aaaaajcu_s001_t000,sampling_rate,128,naive,0,2.689617,0.705991,2.326592
aaaaajda_s001_t000,sampling_rate,128,naive,0,-0.559062,0.359072,7.179456
aaaaajdb_s001_t000,sampling_rate,128,naive,0,-1.794724,0.243615,4.941913
aaaaajdv_s001_t000,sampling_rate,128,naive,0,1.490909,0.583942,7.047661
aaaaajdy_s001_t000,sampling_rate,128,naive,0,-0.245611,0.391986,2.782597
aaaaajdz_s001_t000,sampling_rate,128,naive,0,0.122848,0.431949,8.847465
aaaaajea_s001_t000,sampling_rate,128,naive,0,2.954682,0.730023,7.399943
aaaaajen_s001_t000,sampling_rate,128,naive,0,0.944099,0.523486,1.296291
aaaaajey_s001_t000,sampling_rate,128,naive,0,2.274043,0.665926,7.009908
aaaaajfb_s001_t000,sampling_rate,128,naive,0,-0.130714,0.404320,3.789303
aaaaajfe_s001_t000,sampling_rate,128,naive,0,2.223272,0.660847,4.740519
aaaaajff_s001_t000,sampling_rate,128,naive,0,-0.814983,0.333134,8.353636
aaaaajfi_s001_t001,sampling_rate,128,naive,0,1.920104,0.629776,3.347212
aaaaajfn_s001_t001,sampling_rate,128,naive,0,0.961633,0.525445,3.981710
aaaaajfy_s001_t000,sampling_rate,128,naive,0,-2.491416,0.190761,3.838704
aaaaajga_s001_t001,sampling_rate,128,naive,0,4.591479,0.849158,5.775526
aaaaajhy_s001_t000,sampling_rate,128,naive,0,-1.830916,0.240640,8.850564
aaaaajit_s001_t001,sampling_rate,128,naive,0,0.532857,0.477460,14.907186
aaaaajiu_s001_t000,sampling_rate,128,naive,0,0.642169,0.489689,18.240139
aaaaajiy_s001_t001,sampling_rate,128,naive,0,-0.888567,0.325851,10.706435
aaaaajiz_s001_t000,sampling_rate,128,naive,0,0.684803,0.494462,8.512993
aaaaajjb_s001_t001,sampling_rate,128,naive,0,3.701816,0.790749,10.360606
aaaaajje_s001_t000,sampling_rate,128,naive,0,1.341222,0.567564,12.398362
aaaaajjk_s001_t000,sampling_rate,128,naive,0,4.447183,0.840689,8.028569
aaaaajna_s001_t000,sampling_rate,128,naive,0,-0.907103,0.324030,6.649898
aaaaajnu_s001_t000,sampling_rate,128,naive,0,-0.905256,0.324211,6.447195
aaaaajon_s001_t000,sampling_rate,128,naive,0,3.157657,0.747565,6.556597
aaaaajoo_s002_t001,sampling_rate,128,naive,1,-0.304184,0.385751,11.248411
aaaaajpg_s001_t001,sampling_rate,128,naive,0,-1.181788,0.297680,2.676296
aaaaajqh_s004_t000,sampling_rate,128,naive,1,8.349791,0.968068,14.886458
aaaaajqk_s003_t001,sampling_rate,128,naive,1,6.186486,0.920016,12.390926
aaaaajrf_s001_t000,sampling_rate,128,naive,1,23.188510,0.999957,16.284271
aaaaajrf_s002_t000,sampling_rate,128,naive,1,25.951523,0.999988,8.640861
aaaaajrf_s003_t002,sampling_rate,128,naive,1,22.607776,0.999945,33.134340
aaaaajrf_s004_t000,sampling_rate,128,naive,1,4.913661,0.866729,6.216074
aaaaajso_s001_t000,sampling_rate,128,naive,1,7.170340,0.947016,6.109731
aaaaajtg_s001_t000,sampling_rate,128,naive,0,2.322542,0.670742,7.550639
aaaaajtu_s001_t000,sampling_rate,128,naive,0,-0.728878,0.341758,4.595362
aaaaajuh_s001_t000,sampling_rate,128,naive,1,10.185656,0.985715,28.554585
aaaaajun_s001_t000,sampling_rate,128,naive,0,1.695249,0.605998,9.036958
aaaaajvh_s001_t001,sampling_rate,128,naive,0,7.505386,0.954061,6.777466
aaaaajxp_s001_t000,sampling_rate,128,naive,0,-0.792623,0.335363,12.405847
aaaaakck_s001_t001,sampling_rate,128,naive,1,-0.004396,0.418020,3.485910
aaaaakcx_s001_t001,sampling_rate,128,naive,1,6.005736,0.913851,12.882101
aaaaakcy_s005_t001,sampling_rate,128,naive,1,16.130112,0.998990,6.206713
aaaaakdj_s001_t000,sampling_rate,128,naive,1,1.369591,0.570681,7.397882
aaaaakdo_s001_t000,sampling_rate,128,naive,1,0.181291,0.438384,5.733099
aaaaakeq_s001_t000,sampling_rate,128,naive,1,7.236111,0.948475,14.579768
aaaaakeq_s002_t000,sampling_rate,128,naive,1,3.513175,0.776422,14.006781
aaaaakeq_s003_t000,sampling_rate,128,naive,1,4.686151,0.854510,19.125052
aaaaakev_s001_t001,sampling_rate,128,naive,1,21.119389,0.999892,85.041701
aaaaakev_s002_t000,sampling_rate,128,naive,1,20.705762,0.999870,6.714759
aaaaakft_s001_t000,sampling_rate,128,naive,0,3.165758,0.748249,10.963318
aaaaakgp_s001_t001,sampling_rate,128,naive,0,1.350294,0.568561,15.309438
aaaaakgu_s001_t000,sampling_rate,128,naive,1,-0.239601,0.392628,4.473136
aaaaakjk_s002_t002,sampling_rate,128,naive,1,5.769483,0.905145,16.750165
aaaaakjk_s003_t000,sampling_rate,128,naive,1,2.494598,0.687536,3.743546
aaaaakka_s001_t001,sampling_rate,128,naive,0,-2.375895,0.198878,11.615429
aaaaakmg_s003_t001,sampling_rate,128,naive,1,15.819702,0.998840,11.602602
aaaaakmh_s001_t000,sampling_rate,128,naive,1,1.149986,0.546428,25.103808
aaaaaknt_s001_t000,sampling_rate,128,naive,1,1.177647,0.549497,4.119720
aaaaakoo_s001_t001,sampling_rate,128,naive,1,25.390074,0.999984,25.625620
aaaaakqg_s001_t001,sampling_rate,128,naive,0,2.221888,0.660708,10.694971
aaaaakqr_s001_t000,sampling_rate,128,naive,0,-1.147756,0.300877,7.433473
aaaaakrt_s001_t001,sampling_rate,128,naive,1,3.556242,0.779754,3.525864
aaaaakrt_s002_t001,sampling_rate,128,naive,1,5.731292,0.903666,8.038365
aaaaaksb_s001_t000,sampling_rate,128,naive,0,-2.156332,0.215015,3.787916
aaaaaksu_s001_t001,sampling_rate,128,naive,0,3.577185,0.781361,3.350285
aaaaakxz_s001_t001,sampling_rate,128,naive,1,7.286791,0.949573,1.255139
aaaaakxz_s002_t001,sampling_rate,128,naive,1,12.621122,0.995156,14.363958
aaaaalaf_s001_t000,sampling_rate,128,naive,0,0.958023,0.525041,1.973144
aaaaalau_s001_t000,sampling_rate,128,naive,1,5.623601,0.899383,3.223914
aaaaalbh_s001_t000,sampling_rate,128,naive,1,3.553320,0.779529,7.390240
aaaaalbt_s001_t001,sampling_rate,128,naive,0,0.319456,0.453677,10.446110
aaaaalbt_s002_t000,sampling_rate,128,naive,0,0.091121,0.428465,18.184536
aaaaalbz_s006_t000,sampling_rate,128,naive,1,16.668982,0.999207,10.805475
aaaaalid_s001_t001,sampling_rate,128,naive,0,18.820189,0.999697,10.732748
aaaaaljf_s001_t000,sampling_rate,128,naive,1,3.636225,0.785846,14.165654
aaaaaljj_s001_t000,sampling_rate,128,naive,0,0.036880,0.422525,16.010782
aaaaallc_s001_t001,sampling_rate,128,naive,0,0.061862,0.425258,3.349838
aaaaalle_s002_t000,sampling_rate,128,naive,1,2.125891,0.651002,8.145499
aaaaalox_s001_t001,sampling_rate,128,naive,0,2.587574,0.696413,12.822887
aaaaalpv_s001_t000,sampling_rate,128,naive,0,1.069940,0.537526,4.512321
aaaaalqa_s001_t000,sampling_rate,128,naive,0,0.408194,0.463547,8.447807
aaaaalqr_s001_t001,sampling_rate,128,naive,1,3.577050,0.781350,3.108387
aaaaalqs_s001_t001,sampling_rate,128,naive,0,-0.599506,0.354913,8.961109
aaaaalqx_s001_t000,sampling_rate,128,naive,0,1.370645,0.570796,5.528508
aaaaalrc_s002_t000,sampling_rate,128,naive,1,24.206847,0.999973,14.957597
aaaaalsq_s001_t000,sampling_rate,128,naive,0,2.002957,0.638387,14.493524
aaaaalsx_s001_t000,sampling_rate,128,naive,1,-0.196437,0.397249,5.546638
aaaaalsx_s004_t001,sampling_rate,128,naive,1,3.991443,0.811410,2.875404
aaaaaluz_s001_t001,sampling_rate,128,naive,0,2.295525,0.668064,2.064701
aaaaalvw_s001_t000,sampling_rate,128,naive,0,-2.639024,0.180761,9.555824
aaaaalvz_s001_t000,sampling_rate,128,naive,1,19.428478,0.999769,22.562798
aaaaalxk_s001_t000,sampling_rate,128,naive,0,1.774047,0.614394,8.430485
aaaaalyr_s001_t000,sampling_rate,128,naive,1,6.392020,0.926535,22.292173
aaaaalzk_s002_t001,sampling_rate,128,naive,1,13.449592,0.996653,4.131240
aaaaamcb_s001_t001,sampling_rate,128,naive,1,9.480604,0.980512,15.095359
aaaaamfe_s001_t001,sampling_rate,128,naive,0,3.523026,0.777188,1.623410
aaaaamft_s001_t001,sampling_rate,128,naive,1,8.061827,0.963831,2.075917
aaaaamfu_s001_t000,sampling_rate,128,naive,0,2.927676,0.727631,11.492329
aaaaamhi_s001_t000,sampling_rate,128,naive,1,16.705015,0.999219,19.624195
aaaaamhk_s001_t000,sampling_rate,128,naive,1,1.037096,0.533866,13.766770
aaaaamjc_s001_t001,sampling_rate,128,naive,1,12.482154,0.994847,7.920333
aaaaammh_s001_t001,sampling_rate,128,naive,1,1.018313,0.531772,11.940197
aaaaamnq_s001_t000,sampling_rate,128,naive,1,10.443430,0.987253,8.523906
aaaaamnq_s002_t000,sampling_rate,128,naive,1,8.352272,0.968103,26.011061
aaaaamon_s001_t000,sampling_rate,128,naive,0,0.398346,0.462450,1.824278
aaaaampz_s001_t000,sampling_rate,128,naive,1,5.917826,0.910699,10.298216
aaaaamrj_s001_t000,sampling_rate,128,naive,0,0.164118,0.436491,10.512626
aaaaamsc_s001_t000,sampling_rate,128,naive,1,2.041150,0.642328,6.132359
aaaaamtb_s001_t000,sampling_rate,128,naive,0,1.550991,0.590467,11.543598
aaaaamuc_s001_t000,sampling_rate,128,naive,0,0.789932,0.506236,6.610663
aaaaamxn_s001_t000,sampling_rate,128,naive,1,3.571261,0.780907,6.270546
aaaaamyb_s001_t001,sampling_rate,128,naive,0,-0.004325,0.418028,9.861056
aaaaamye_s001_t000,sampling_rate,128,naive,1,14.487764,0.997895,5.208001
aaaaamzi_s001_t001,sampling_rate,128,naive,1,11.242674,0.991055,16.071632
aaaaamzl_s001_t000,sampling_rate,128,naive,0,-1.565328,0.263047,5.302798
aaaaamzx_s001_t000,sampling_rate,128,naive,0,-1.280729,0.288497,3.210596
aaaaanbq_s001_t000,sampling_rate,128,naive,0,1.711912,0.607779,5.923209
aaaaanek_s001_t000,sampling_rate,128,naive,0,-2.438352,0.194458,4.524403
aaaaangp_s001_t000,sampling_rate,128,naive,0,2.239641,0.662489,10.680180
aaaaanhb_s001_t003,sampling_rate,128,naive,1,8.649242,0.971965,18.491956
aaaaanhb_s003_t001,sampling_rate,128,naive,1,4.251787,0.828613,8.356822
aaaaanhb_s005_t000,sampling_rate,128,naive,1,8.553879,0.970777,4.979487
aaaaankf_s001_t000,sampling_rate,128,naive,1,8.445580,0.969369,8.375691
aaaaanlp_s001_t000,sampling_rate,128,naive,0,0.426525,0.465590,6.898808
aaaaanmc_s001_t000,sampling_rate,128,naive,1,6.228212,0.921381,15.063733
aaaaanop_s001_t000,sampling_rate,128,naive,0,4.587872,0.848951,14.240559
aaaaanoz_s001_t000,sampling_rate,128,naive,1,1.008709,0.530700,7.181615
aaaaanpr_s001_t002,sampling_rate,128,naive,1,6.368435,0.925812,18.187042
aaaaanqe_s001_t000,sampling_rate,128,naive,0,-1.369712,0.280384,9.319920
aaaaanro_s001_t000,sampling_rate,128,naive,1,5.613047,0.898955,27.323079
aaaaansj_s001_t000,sampling_rate,128,naive,1,5.368858,0.888575,9.517415
aaaaanta_s001_t000,sampling_rate,128,naive,1,6.372011,0.925922,11.315173
aaaaanum_s001_t000,sampling_rate,128,naive,0,-2.768811,0.172310,4.741706
aaaaanvb_s002_t000,sampling_rate,128,naive,0,0.084241,0.427710,8.127944
aaaaanvg_s001_t002,sampling_rate,128,naive,0,4.854743,0.863651,11.414556
aaaaanvw_s001_t000,sampling_rate,128,naive,0,-1.121914,0.303318,9.538898
aaaaanwc_s001_t001,sampling_rate,128,naive,1,11.782412,0.992963,89.271101
aaaaanxl_s001_t000,sampling_rate,128,naive,1,8.499756,0.970081,10.893888
aaaaanyb_s001_t001,sampling_rate,128,naive,0,1.801906,0.617347,4.551788
aaaaanyt_s002_t000,sampling_rate,128,naive,1,8.176593,0.965581,5.327726
aaaaanyw_s001_t000,sampling_rate,128,naive,1,4.366442,0.835785,4.220537
aaaaanyw_s002_t000,sampling_rate,128,naive,1,4.579635,0.848477,19.595531
aaaaanzh_s001_t000,sampling_rate,128,naive,1,2.897763,0.724968,8.974538
aaaaanzu_s001_t003,sampling_rate,128,naive,1,7.028312,0.943731,9.405495
aaaaaoav_s001_t000,sampling_rate,128,naive,0,-3.362593,0.137602,16.279222
aaaaaoav_s002_t000,sampling_rate,128,naive,0,-3.333790,0.139140,7.259457
aaaaaobi_s001_t000,sampling_rate,128,naive,1,-0.048850,0.413183,7.918438
aaaaaobl_s001_t000,sampling_rate,128,naive,0,0.428971,0.465863,4.758997
aaaaaoby_s001_t000,sampling_rate,128,naive,0,-0.456787,0.369683,15.264298
aaaaaoda_s001_t000,sampling_rate,128,naive,1,10.144856,0.985455,6.361192
aaaaaoeg_s001_t000,sampling_rate,128,naive,0,1.789395,0.616022,4.588032
aaaaaofj_s001_t000,sampling_rate,128,naive,0,3.058424,0.739084,6.866620
aaaaaofr_s001_t000,sampling_rate,128,naive,0,2.138296,0.652263,3.788235
aaaaaofz_s001_t000,sampling_rate,128,naive,0,-0.429980,0.372486,6.433180
aaaaaohb_s001_t000,sampling_rate,128,naive,1,15.765244,0.998811,6.925711
aaaaaohr_s002_t001,sampling_rate,128,naive,1,10.023686,0.984656,6.977283
aaaaaoiq_s001_t000,sampling_rate,128,naive,1,3.868237,0.802818,12.247054
aaaaaoiv_s001_t000,sampling_rate,128,naive,1,2.259446,0.664470,9.450666
aaaaaoiv_s002_t001,sampling_rate,128,naive,1,14.070975,0.997464,8.639601
aaaaaoiv_s003_t003,sampling_rate,128,naive,1,9.606090,0.981558,16.604428
aaaaaojd_s001_t002,sampling_rate,128,naive,0,6.190755,0.920156,3.641125
aaaaaokg_s001_t000,sampling_rate,128,naive,0,4.428619,0.839572,9.610948
aaaaaoly_s001_t000,sampling_rate,128,naive,0,0.229099,0.443664,6.239867
aaaaaome_s001_t000,sampling_rate,128,naive,0,-4.918265,0.073626,5.240255
aaaaaomx_s001_t000,sampling_rate,128,naive,0,2.504994,0.688535,13.049508
aaaaaomy_s001_t000,sampling_rate,128,naive,1,5.071997,0.874712,18.005510
aaaaaonb_s001_t000,sampling_rate,128,naive,0,3.589010,0.782264,16.849435
aaaaaons_s002_t002,sampling_rate,128,naive,1,7.065405,0.944607,2.024788
aaaaaopd_s001_t000,sampling_rate,128,naive,0,1.425214,0.576775,11.248327
aaaaaopo_s001_t000,sampling_rate,128,naive,0,1.468247,0.581474,10.763318
aaaaaora_s002_t000,sampling_rate,128,naive,1,2.264641,0.664988,27.673327
aaaaaord_s001_t000,sampling_rate,128,naive,1,-2.713404,0.175879,7.480223
aaaaaosh_s001_t000,sampling_rate,128,naive,1,1.420830,0.576295,1.661010
aaaaaosw_s001_t000,sampling_rate,128,naive,0,1.858406,0.623308,7.679902
aaaaaote_s001_t000,sampling_rate,128,naive,0,1.211243,0.553220,6.267731
aaaaaout_s001_t000,sampling_rate,128,naive,1,9.194387,0.977905,11.990291
aaaaaovl_s001_t000,sampling_rate,128,naive,1,12.202348,0.994163,7.074713
aaaaaovo_s001_t000,sampling_rate,128,naive,1,10.345803,0.986691,4.753656
aaaaaowb_s001_t000,sampling_rate,128,naive,0,-0.363859,0.379436,9.984791
aaaaaoxf_s001_t000,sampling_rate,128,naive,0,-0.036693,0.414504,5.795221
aaaaaozf_s001_t001,sampling_rate,128,naive,0,1.543912,0.589699,7.841675
aaaaapag_s001_t000,sampling_rate,128,naive,0,-0.486007,0.366638,8.305426
aaaaapar_s001_t000,sampling_rate,128,naive,1,18.908184,0.999709,12.198424
aaaaapcb_s001_t000,sampling_rate,128,naive,0,5.520572,0.895129,12.585783
aaaaapcy_s001_t002,sampling_rate,128,naive,0,-0.041394,0.413993,4.975978
aaaaapdg_s001_t000,sampling_rate,128,naive,0,-0.213275,0.395444,15.409750
aaaaaphs_s001_t000,sampling_rate,128,naive,1,7.412026,0.952193,12.485490
aaaaaphw_s001_t000,sampling_rate,128,naive,0,3.431732,0.770025,13.705381
aaaaapij_s001_t000,sampling_rate,128,naive,0,1.535096,0.588743,6.838171
aaaaapjc_s001_t001,sampling_rate,128,naive,0,1.230251,0.555324,6.689777
aaaaapka_s001_t000,sampling_rate,128,naive,0,-2.132981,0.216786,12.396702
aaaaapkx_s001_t001,sampling_rate,128,naive,1,5.348925,0.887688,48.792922
aaaaaply_s001_t001,sampling_rate,128,naive,1,4.254804,0.828805,11.816458
aaaaapmb_s002_t001,sampling_rate,128,naive,1,5.168310,0.879365,1.901159
aaaaapmp_s001_t000,sampling_rate,128,naive,1,1.316064,0.564796,9.795429
aaaaapnr_s001_t000,sampling_rate,128,naive,1,-1.176217,0.298202,11.653574
aaaaapoc_s001_t000,sampling_rate,128,naive,1,3.821437,0.799478,9.503627
aaaaapof_s001_t000,sampling_rate,128,naive,0,-2.678140,0.178180,14.773078
aaaaapoo_s001_t000,sampling_rate,128,naive,0,3.675611,0.788800,12.935377
aaaaapoq_s001_t000,sampling_rate,128,naive,0,1.860267,0.623504,9.926687
aaaaappb_s001_t000,sampling_rate,128,naive,0,-0.133427,0.404027,5.249024
aaaaapqd_s001_t000,sampling_rate,128,naive,1,5.651509,0.900509,8.440722
aaaaapqv_s001_t000,sampling_rate,128,naive,0,4.635189,0.851649,23.849726
aaaaapta_s001_t000,sampling_rate,128,naive,1,2.829816,0.718857,7.856670
aaaaapth_s001_t000,sampling_rate,128,naive,1,10.207730,0.985854,6.497817
aaaaapua_s001_t001,sampling_rate,128,naive,0,-0.712482,0.343412,3.029009
aaaaapuu_s001_t000,sampling_rate,128,naive,0,2.258468,0.664372,9.014658
aaaaapvw_s001_t001,sampling_rate,128,naive,1,8.294489,0.967294,7.342875
aaaaapvy_s001_t000,sampling_rate,128,naive,1,6.017769,0.914274,2.073636
aaaaapwn_s001_t001,sampling_rate,128,naive,0,-0.793916,0.335234,7.691218
aaaaapwo_s001_t001,sampling_rate,128,naive,1,7.608307,0.956040,5.304077
aaaaapxm_s001_t001,sampling_rate,128,naive,0,0.347301,0.456771,1.928702
aaaaapys_s001_t001,sampling_rate,128,naive,1,11.914602,0.993365,9.384195
aaaaapys_s002_t001,sampling_rate,128,naive,1,6.143221,0.918578,4.178991
aaaaaayx_s002_t000,sampling_rate,200,canonicalized,0,0.841908,0.512055,8.888749
aaaaabdo_s003_t000,sampling_rate,200,canonicalized,1,9.632699,0.981773,9.998713
aaaaabsk_s007_t000,sampling_rate,200,canonicalized,1,1.712698,0.607863,11.148923
aaaaabuv_s002_t000,sampling_rate,200,canonicalized,1,2.219594,0.660478,4.045728
aaaaacad_s003_t000,sampling_rate,200,canonicalized,0,1.012713,0.531147,4.049556
aaaaacby_s004_t000,sampling_rate,200,canonicalized,0,-0.756508,0.338979,3.245832
aaaaaddm_s006_t000,sampling_rate,200,canonicalized,1,5.548019,0.896278,7.625900
aaaaadeu_s002_t000,sampling_rate,200,canonicalized,1,4.574027,0.848154,6.896585
aaaaadjk_s002_t000,sampling_rate,200,canonicalized,0,-0.102489,0.407369,1.933323
aaaaadkb_s002_t000,sampling_rate,200,canonicalized,1,8.955649,0.975472,2.345169
aaaaadsm_s002_t001,sampling_rate,200,canonicalized,0,-3.530376,0.128922,4.352888
aaaaaeab_s003_t000,sampling_rate,200,canonicalized,0,0.403159,0.462986,4.178995
aaaaaejc_s003_t001,sampling_rate,200,canonicalized,0,0.704799,0.496702,8.099536
aaaaaezn_s003_t001,sampling_rate,200,canonicalized,1,-0.837442,0.330903,13.352254
aaaaafhl_s003_t000,sampling_rate,200,canonicalized,1,3.370476,0.765129,3.945004
aaaaagfk_s003_t000,sampling_rate,200,canonicalized,0,-1.085676,0.306760,3.108400
aaaaagsc_s003_t001,sampling_rate,200,canonicalized,1,6.012879,0.914102,15.582838
aaaaagsc_s006_t001,sampling_rate,200,canonicalized,1,0.286927,0.450068,1.666326
aaaaaguk_s002_t001,sampling_rate,200,canonicalized,0,-4.409406,0.090766,21.714198
aaaaagvx_s002_t000,sampling_rate,200,canonicalized,1,1.495832,0.584478,8.626987
aaaaagvx_s003_t001,sampling_rate,200,canonicalized,1,2.510465,0.689061,1.657941
aaaaagyr_s002_t000,sampling_rate,200,canonicalized,1,0.258593,0.446928,4.986984
aaaaahie_s005_t001,sampling_rate,200,canonicalized,1,8.828814,0.974076,5.017156
aaaaahsv_s002_t000,sampling_rate,200,canonicalized,0,-1.085681,0.306759,9.824245
aaaaahte_s002_t000,sampling_rate,200,canonicalized,1,6.943273,0.941673,12.835831
aaaaahte_s003_t000,sampling_rate,200,canonicalized,1,10.326660,0.986578,5.768041
aaaaahuy_s002_t000,sampling_rate,200,canonicalized,1,-1.305632,0.286212,2.303057
aaaaahzi_s001_t000,sampling_rate,200,canonicalized,0,0.831115,0.510847,3.312253
aaaaahzm_s001_t001,sampling_rate,200,canonicalized,0,0.901101,0.518678,2.464152
aaaaahzq_s001_t000,sampling_rate,200,canonicalized,0,-4.977632,0.071832,3.782616
aaaaahzs_s001_t001,sampling_rate,200,canonicalized,0,0.365514,0.458796,1.874631
aaaaaiae_s001_t000,sampling_rate,200,canonicalized,0,2.180968,0.656587,1.916982
aaaaaibx_s001_t000,sampling_rate,200,canonicalized,0,-3.116131,0.151236,4.299714
aaaaaiby_s001_t000,sampling_rate,200,canonicalized,0,-1.149332,0.300729,5.746739
aaaaaici_s001_t000,sampling_rate,200,canonicalized,0,-3.578823,0.126505,13.890678
aaaaaicn_s001_t000,sampling_rate,200,canonicalized,0,0.990062,0.528619,3.570815
aaaaaijh_s002_t000,sampling_rate,200,canonicalized,1,-4.422913,0.090268,4.850978
aaaaaijn_s001_t001,sampling_rate,200,canonicalized,0,-0.791511,0.335474,3.444302
aaaaairb_s001_t001,sampling_rate,200,canonicalized,0,2.517033,0.689691,3.777938
aaaaairo_s001_t000,sampling_rate,200,canonicalized,0,-3.109849,0.151597,15.638987
aaaaaitt_s001_t000,sampling_rate,200,canonicalized,0,-1.358964,0.281356,4.039917
aaaaaiue_s004_t000,sampling_rate,200,canonicalized,1,1.047044,0.534975,1.759040
aaaaaiuo_s002_t000,sampling_rate,200,canonicalized,0,1.059478,0.536361,7.061101
aaaaaiwz_s001_t001,sampling_rate,200,canonicalized,0,-1.512034,0.267701,3.583974
aaaaaiyy_s001_t001,sampling_rate,200,canonicalized,0,-2.611357,0.182604,6.755579
aaaaaizd_s001_t001,sampling_rate,200,canonicalized,0,0.923016,0.521129,15.439218
aaaaaizs_s001_t000,sampling_rate,200,canonicalized,0,0.029901,0.421762,4.468709
aaaaajae_s001_t001,sampling_rate,200,canonicalized,0,2.589060,0.696554,2.590574
aaaaajah_s002_t001,sampling_rate,200,canonicalized,1,-0.286253,0.387656,6.867092
aaaaajah_s004_t000,sampling_rate,200,canonicalized,1,0.539465,0.478198,3.299050
aaaaajal_s001_t001,sampling_rate,200,canonicalized,0,-2.908739,0.163552,2.072768
aaaaajam_s001_t000,sampling_rate,200,canonicalized,1,0.439076,0.466989,1.383718
aaaaajar_s001_t001,sampling_rate,200,canonicalized,0,-1.586931,0.261175,9.706750
aaaaajbb_s001_t000,sampling_rate,200,canonicalized,0,2.518998,0.689879,7.636821
aaaaajbh_s002_t000,sampling_rate,200,canonicalized,0,0.653940,0.491007,3.443845
aaaaajce_s001_t000,sampling_rate,200,canonicalized,0,-1.309947,0.285818,6.694204
aaaaajci_s001_t000,sampling_rate,200,canonicalized,0,1.695260,0.605999,2.481081
aaaaajck_s001_t000,sampling_rate,200,canonicalized,0,-3.222189,0.145237,4.137044
aaaaajct_s001_t000,sampling_rate,200,canonicalized,0,0.605634,0.485599,1.798461
aaaaajcu_s001_t000,sampling_rate,200,canonicalized,0,-1.183575,0.297513,2.012382
aaaaajda_s001_t000,sampling_rate,200,canonicalized,0,-2.543238,0.187203,6.214480
aaaaajdb_s001_t000,sampling_rate,200,canonicalized,0,-1.812030,0.242189,15.183654
aaaaajdv_s001_t000,sampling_rate,200,canonicalized,0,0.100607,0.429506,10.488231
aaaaajdy_s001_t000,sampling_rate,200,canonicalized,0,-3.212210,0.145793,9.331691
aaaaajdz_s001_t000,sampling_rate,200,canonicalized,0,-1.129096,0.302639,5.011340
aaaaajea_s001_t000,sampling_rate,200,canonicalized,0,3.491859,0.774760,3.150719
aaaaajen_s001_t000,sampling_rate,200,canonicalized,0,-1.747906,0.247501,2.409724
aaaaajey_s001_t000,sampling_rate,200,canonicalized,0,-0.399539,0.375679,9.244552
aaaaajfb_s001_t000,sampling_rate,200,canonicalized,0,-3.831131,0.114533,11.978828
aaaaajfe_s001_t000,sampling_rate,200,canonicalized,0,-1.450637,0.273127,3.108820
aaaaajff_s001_t000,sampling_rate,200,canonicalized,0,-3.089617,0.152767,1.507038
aaaaajfi_s001_t001,sampling_rate,200,canonicalized,0,-1.123348,0.303182,1.692740
aaaaajfn_s001_t001,sampling_rate,200,canonicalized,0,-1.618125,0.258487,12.107940
aaaaajfy_s001_t000,sampling_rate,200,canonicalized,0,-3.778463,0.116947,6.629726
aaaaajga_s001_t001,sampling_rate,200,canonicalized,0,1.236126,0.555974,10.753968
aaaaajhy_s001_t000,sampling_rate,200,canonicalized,0,-4.691947,0.080847,7.300157
aaaaajit_s001_t001,sampling_rate,200,canonicalized,0,0.075603,0.426763,3.983065
aaaaajiu_s001_t000,sampling_rate,200,canonicalized,0,-0.008901,0.417529,6.398672
aaaaajiy_s001_t001,sampling_rate,200,canonicalized,0,-2.092735,0.219862,5.784664
aaaaajiz_s001_t000,sampling_rate,200,canonicalized,0,-1.344557,0.282663,12.775819
aaaaajjb_s001_t001,sampling_rate,200,canonicalized,0,0.410108,0.463760,9.465956
aaaaajje_s001_t000,sampling_rate,200,canonicalized,0,-3.616413,0.124655,17.490970
aaaaajjk_s001_t000,sampling_rate,200,canonicalized,0,1.640265,0.600102,4.171179
aaaaajna_s001_t000,sampling_rate,200,canonicalized,0,-5.186311,0.065843,7.542309
aaaaajnu_s001_t000,sampling_rate,200,canonicalized,0,-4.043280,0.105241,4.533267
aaaaajon_s001_t000,sampling_rate,200,canonicalized,0,-0.366625,0.379144,16.001770
aaaaajoo_s002_t001,sampling_rate,200,canonicalized,1,-0.705303,0.344138,6.575883
aaaaajpg_s001_t001,sampling_rate,200,canonicalized,0,-3.181202,0.147532,4.231892
aaaaajqh_s004_t000,sampling_rate,200,canonicalized,1,9.172832,0.977696,8.224516
aaaaajqk_s003_t001,sampling_rate,200,canonicalized,1,6.241331,0.921805,3.873389
aaaaajrf_s001_t000,sampling_rate,200,canonicalized,1,22.031339,0.999928,19.897528
aaaaajrf_s002_t000,sampling_rate,200,canonicalized,1,21.856083,0.999922,5.371398
aaaaajrf_s003_t002,sampling_rate,200,canonicalized,1,17.979879,0.999559,10.135790
aaaaajrf_s004_t000,sampling_rate,200,canonicalized,1,1.906900,0.628395,2.191843
aaaaajso_s001_t000,sampling_rate,200,canonicalized,1,8.163405,0.965384,7.071484
aaaaajtg_s001_t000,sampling_rate,200,canonicalized,0,0.129254,0.432653,17.850324
aaaaajtu_s001_t000,sampling_rate,200,canonicalized,0,-2.021601,0.225377,8.942941
aaaaajuh_s001_t000,sampling_rate,200,canonicalized,1,5.299918,0.885481,9.848875
aaaaajun_s001_t000,sampling_rate,200,canonicalized,0,4.910452,0.866563,8.250185
aaaaajvh_s001_t001,sampling_rate,200,canonicalized,0,-0.379425,0.377795,10.857953
aaaaajxp_s001_t000,sampling_rate,200,canonicalized,0,2.116860,0.650082,4.891449
aaaaakck_s001_t001,sampling_rate,200,canonicalized,1,2.564299,0.694204,4.773883
aaaaakcx_s001_t001,sampling_rate,200,canonicalized,1,7.728134,0.958242,6.438583
aaaaakcy_s005_t001,sampling_rate,200,canonicalized,1,13.236164,0.996319,7.970328
aaaaakdj_s001_t000,sampling_rate,200,canonicalized,1,0.353707,0.457483,4.950936
aaaaakdo_s001_t000,sampling_rate,200,canonicalized,1,0.100378,0.429481,5.284652
aaaaakeq_s001_t000,sampling_rate,200,canonicalized,1,6.610028,0.932912,23.261201
aaaaakeq_s002_t000,sampling_rate,200,canonicalized,1,7.263933,0.949081,18.039921
aaaaakeq_s003_t000,sampling_rate,200,canonicalized,1,7.248128,0.948737,15.502809
aaaaakev_s001_t001,sampling_rate,200,canonicalized,1,20.048377,0.999825,47.912206
aaaaakev_s002_t000,sampling_rate,200,canonicalized,1,17.226452,0.999382,11.676687
aaaaakft_s001_t000,sampling_rate,200,canonicalized,0,-2.212201,0.210820,6.573819
aaaaakgp_s001_t001,sampling_rate,200,canonicalized,0,2.906151,0.725716,2.329769
aaaaakgu_s001_t000,sampling_rate,200,canonicalized,1,-1.184442,0.297431,1.115416
aaaaakjk_s002_t002,sampling_rate,200,canonicalized,1,2.834789,0.719307,12.477572
aaaaakjk_s003_t000,sampling_rate,200,canonicalized,1,3.913554,0.806012,4.652452
aaaaakka_s001_t001,sampling_rate,200,canonicalized,0,-0.688605,0.345828,12.603247
aaaaakmg_s003_t001,sampling_rate,200,canonicalized,1,9.476025,0.980473,4.109562
aaaaakmh_s001_t000,sampling_rate,200,canonicalized,1,0.440109,0.467104,4.785456
aaaaaknt_s001_t000,sampling_rate,200,canonicalized,1,1.764565,0.613387,8.392137
aaaaakoo_s001_t001,sampling_rate,200,canonicalized,1,19.272508,0.999753,10.840328
aaaaakqg_s001_t001,sampling_rate,200,canonicalized,0,-0.666486,0.348073,12.703002
aaaaakqr_s001_t000,sampling_rate,200,canonicalized,0,-1.441924,0.273903,7.836894
aaaaakrt_s001_t001,sampling_rate,200,canonicalized,1,7.182088,0.947279,2.830966
aaaaakrt_s002_t001,sampling_rate,200,canonicalized,1,5.132988,0.877676,6.585856
aaaaaksb_s001_t000,sampling_rate,200,canonicalized,0,-2.901433,0.164000,9.260341
aaaaaksu_s001_t001,sampling_rate,200,canonicalized,0,0.362233,0.458431,6.585320
aaaaakxz_s001_t001,sampling_rate,200,canonicalized,1,3.073678,0.740400,2.346095
aaaaakxz_s002_t001,sampling_rate,200,canonicalized,1,8.165996,0.965423,8.570406
aaaaalaf_s001_t000,sampling_rate,200,canonicalized,0,-0.279949,0.388326,1.219766
aaaaalau_s001_t000,sampling_rate,200,canonicalized,1,2.060912,0.644359,3.260738
aaaaalbh_s001_t000,sampling_rate,200,canonicalized,1,3.566546,0.780545,3.211533
aaaaalbt_s001_t001,sampling_rate,200,canonicalized,0,-1.408408,0.276899,6.818340
aaaaalbt_s002_t000,sampling_rate,200,canonicalized,0,-0.842118,0.330439,6.868452
aaaaalbz_s006_t000,sampling_rate,200,canonicalized,1,13.740906,0.997061,17.030353
aaaaalid_s001_t001,sampling_rate,200,canonicalized,0,6.277811,0.922975,13.237500
aaaaaljf_s001_t000,sampling_rate,200,canonicalized,1,2.069198,0.645209,6.930554
aaaaaljj_s001_t000,sampling_rate,200,canonicalized,0,-1.078733,0.307421,3.124529
aaaaallc_s001_t001,sampling_rate,200,canonicalized,0,3.390760,0.766758,14.302674
aaaaalle_s002_t000,sampling_rate,200,canonicalized,1,3.360506,0.764326,6.360608
aaaaalox_s001_t001,sampling_rate,200,canonicalized,0,2.885935,0.723910,11.531968
aaaaalpv_s001_t000,sampling_rate,200,canonicalized,0,1.037614,0.533924,9.003120
aaaaalqa_s001_t000,sampling_rate,200,canonicalized,0,-0.817781,0.332856,5.610579
aaaaalqr_s001_t001,sampling_rate,200,canonicalized,1,3.248870,0.755198,3.667401
aaaaalqs_s001_t001,sampling_rate,200,canonicalized,0,-0.908243,0.323918,6.366867
aaaaalqx_s001_t000,sampling_rate,200,canonicalized,0,-3.316042,0.140095,6.283501
aaaaalrc_s002_t000,sampling_rate,200,canonicalized,1,23.253097,0.999958,3.755396
aaaaalsq_s001_t000,sampling_rate,200,canonicalized,0,-1.031896,0.311907,2.061098
aaaaalsx_s001_t000,sampling_rate,200,canonicalized,1,-1.048538,0.310309,3.694535
aaaaalsx_s004_t001,sampling_rate,200,canonicalized,1,2.632450,0.700647,3.043480
aaaaaluz_s001_t001,sampling_rate,200,canonicalized,0,-2.544481,0.187118,4.592732
aaaaalvw_s001_t000,sampling_rate,200,canonicalized,0,-4.363963,0.092460,3.933460
aaaaalvz_s001_t000,sampling_rate,200,canonicalized,1,18.686447,0.999679,24.148295
aaaaalxk_s001_t000,sampling_rate,200,canonicalized,0,-0.770422,0.337584,2.417000
aaaaalyr_s001_t000,sampling_rate,200,canonicalized,1,1.909834,0.628702,3.420962
aaaaalzk_s002_t001,sampling_rate,200,canonicalized,1,11.231566,0.991011,10.981794
aaaaamcb_s001_t001,sampling_rate,200,canonicalized,1,8.529403,0.970464,5.896802
aaaaamfe_s001_t001,sampling_rate,200,canonicalized,0,5.078365,0.875024,7.323204
aaaaamft_s001_t001,sampling_rate,200,canonicalized,1,2.933547,0.728152,7.433924
aaaaamfu_s001_t000,sampling_rate,200,canonicalized,0,-0.501499,0.365028,4.172624
aaaaamhi_s001_t000,sampling_rate,200,canonicalized,1,13.103796,0.996095,25.293203
aaaaamhk_s001_t000,sampling_rate,200,canonicalized,1,3.684988,0.789499,4.842128
aaaaamjc_s001_t001,sampling_rate,200,canonicalized,1,10.061508,0.984910,6.196336
aaaaammh_s001_t001,sampling_rate,200,canonicalized,1,2.657625,0.703007,11.181827
aaaaamnq_s001_t000,sampling_rate,200,canonicalized,1,8.865107,0.974483,23.869024
aaaaamnq_s002_t000,sampling_rate,200,canonicalized,1,8.063271,0.963853,8.187130
aaaaamon_s001_t000,sampling_rate,200,canonicalized,0,1.473226,0.582016,14.894746
aaaaampz_s001_t000,sampling_rate,200,canonicalized,1,3.310262,0.760247,4.821419
aaaaamrj_s001_t000,sampling_rate,200,canonicalized,0,-1.096431,0.305736,4.636773
aaaaamsc_s001_t000,sampling_rate,200,canonicalized,1,4.033532,0.814278,1.781035
aaaaamtb_s001_t000,sampling_rate,200,canonicalized,0,0.902952,0.518885,6.783125
aaaaamuc_s001_t000,sampling_rate,200,canonicalized,0,0.155586,0.435551,3.819257
aaaaamxn_s001_t000,sampling_rate,200,canonicalized,1,1.650654,0.601218,9.636536
aaaaamyb_s001_t001,sampling_rate,200,canonicalized,0,-1.204180,0.295587,3.925019
aaaaamye_s001_t000,sampling_rate,200,canonicalized,1,16.238964,0.999038,20.230532
aaaaamzi_s001_t001,sampling_rate,200,canonicalized,1,7.446472,0.952891,11.512069
aaaaamzl_s001_t000,sampling_rate,200,canonicalized,0,-0.620792,0.352733,5.666169
aaaaamzx_s001_t000,sampling_rate,200,canonicalized,0,-6.303478,0.040979,3.685046
aaaaanbq_s001_t000,sampling_rate,200,canonicalized,0,-1.353948,0.281811,4.300760
aaaaanek_s001_t000,sampling_rate,200,canonicalized,0,-4.831092,0.076334,1.519952
aaaaangp_s001_t000,sampling_rate,200,canonicalized,0,-0.004296,0.418031,2.704935
aaaaanhb_s001_t003,sampling_rate,200,canonicalized,1,4.049182,0.815336,13.979517
aaaaanhb_s003_t001,sampling_rate,200,canonicalized,1,3.545826,0.778951,4.409499
aaaaanhb_s005_t000,sampling_rate,200,canonicalized,1,6.032840,0.914802,4.530300
aaaaankf_s001_t000,sampling_rate,200,canonicalized,1,6.163344,0.919250,3.452225
aaaaanlp_s001_t000,sampling_rate,200,canonicalized,0,-1.530228,0.266106,1.613641
aaaaanmc_s001_t000,sampling_rate,200,canonicalized,1,7.351648,0.950946,5.451813
aaaaanop_s001_t000,sampling_rate,200,canonicalized,0,-0.016823,0.416666,21.056130
aaaaanoz_s001_t000,sampling_rate,200,canonicalized,1,-2.064868,0.222011,5.061842
aaaaanpr_s001_t002,sampling_rate,200,canonicalized,1,5.500407,0.894278,7.193445
aaaaanqe_s001_t000,sampling_rate,200,canonicalized,0,-1.917209,0.233647,6.337958
aaaaanro_s001_t000,sampling_rate,200,canonicalized,1,2.581159,0.695805,4.653288
aaaaansj_s001_t000,sampling_rate,200,canonicalized,1,3.677784,0.788962,8.756941
aaaaanta_s001_t000,sampling_rate,200,canonicalized,1,7.412265,0.952198,4.611742
aaaaanum_s001_t000,sampling_rate,200,canonicalized,0,-0.134681,0.403892,3.581762
aaaaanvb_s002_t000,sampling_rate,200,canonicalized,0,-0.816082,0.333025,14.442784
aaaaanvg_s001_t002,sampling_rate,200,canonicalized,0,4.874596,0.864695,2.786026
aaaaanvw_s001_t000,sampling_rate,200,canonicalized,0,-4.218622,0.098071,8.585892
aaaaanwc_s001_t001,sampling_rate,200,canonicalized,1,9.899417,0.983792,67.117728
aaaaanxl_s001_t000,sampling_rate,200,canonicalized,1,7.419067,0.952336,4.953804
aaaaanyb_s001_t001,sampling_rate,200,canonicalized,0,0.134802,0.433264,2.723773
aaaaanyt_s002_t000,sampling_rate,200,canonicalized,1,1.468746,0.581528,29.582031
aaaaanyw_s001_t000,sampling_rate,200,canonicalized,1,5.920184,0.910785,2.088682
aaaaanyw_s002_t000,sampling_rate,200,canonicalized,1,3.253919,0.755616,8.390533
aaaaanzh_s001_t000,sampling_rate,200,canonicalized,1,2.876224,0.723039,9.739767
aaaaanzu_s001_t003,sampling_rate,200,canonicalized,1,3.964148,0.809532,10.427323
aaaaaoav_s001_t000,sampling_rate,200,canonicalized,0,-2.692374,0.177248,6.293577
aaaaaoav_s002_t000,sampling_rate,200,canonicalized,0,-3.873549,0.112619,5.631478
aaaaaobi_s001_t000,sampling_rate,200,canonicalized,1,-2.465511,0.192559,12.793947
aaaaaobl_s001_t000,sampling_rate,200,canonicalized,0,-1.382687,0.279212,2.498050
aaaaaoby_s001_t000,sampling_rate,200,canonicalized,0,0.783761,0.505545,8.131426
aaaaaoda_s001_t000,sampling_rate,200,canonicalized,1,8.204639,0.965996,4.919186
aaaaaoeg_s001_t000,sampling_rate,200,canonicalized,0,-3.153226,0.149115,7.666610
aaaaaofj_s001_t000,sampling_rate,200,canonicalized,0,-0.655615,0.349179,2.622407
aaaaaofr_s001_t000,sampling_rate,200,canonicalized,0,1.991089,0.637159,6.108466
aaaaaofz_s001_t000,sampling_rate,200,canonicalized,0,-0.629328,0.351860,13.402125
aaaaaohb_s001_t000,sampling_rate,200,canonicalized,1,6.984597,0.942682,1.328151
aaaaaohr_s002_t001,sampling_rate,200,canonicalized,1,6.383951,0.926288,4.877600
aaaaaoiq_s001_t000,sampling_rate,200,canonicalized,1,2.759125,0.712412,7.999067
aaaaaoiv_s001_t000,sampling_rate,200,canonicalized,1,-3.729311,0.119241,1.848616
aaaaaoiv_s002_t001,sampling_rate,200,canonicalized,1,12.173647,0.994088,4.598466
aaaaaoiv_s003_t003,sampling_rate,200,canonicalized,1,9.818504,0.983204,0.863012
aaaaaojd_s001_t002,sampling_rate,200,canonicalized,0,-0.014872,0.416878,6.544201
aaaaaokg_s001_t000,sampling_rate,200,canonicalized,0,4.725427,0.856684,17.306843
aaaaaoly_s001_t000,sampling_rate,200,canonicalized,0,-1.407843,0.276950,11.126503
aaaaaome_s001_t000,sampling_rate,200,canonicalized,0,-3.498334,0.130543,2.145158
aaaaaomx_s001_t000,sampling_rate,200,canonicalized,0,-2.736743,0.174368,7.356869
aaaaaomy_s001_t000,sampling_rate,200,canonicalized,1,7.132781,0.946165,23.220493
aaaaaonb_s001_t000,sampling_rate,200,canonicalized,0,1.667264,0.603001,13.913235
aaaaaons_s002_t002,sampling_rate,200,canonicalized,1,5.055643,0.873907,5.546506
aaaaaopd_s001_t000,sampling_rate,200,canonicalized,0,-1.323129,0.284614,10.058150
aaaaaopo_s001_t000,sampling_rate,200,canonicalized,0,1.529812,0.588170,12.136708
aaaaaora_s002_t000,sampling_rate,200,canonicalized,1,3.224174,0.753147,3.487494
aaaaaord_s001_t000,sampling_rate,200,canonicalized,1,2.001520,0.638239,2.492214
aaaaaosh_s001_t000,sampling_rate,200,canonicalized,1,0.700383,0.496207,1.194582
aaaaaosw_s001_t000,sampling_rate,200,canonicalized,0,-0.217230,0.395021,9.444428
aaaaaote_s001_t000,sampling_rate,200,canonicalized,0,0.451050,0.468325,4.154320
aaaaaout_s001_t000,sampling_rate,200,canonicalized,1,2.713776,0.708232,2.338239
aaaaaovl_s001_t000,sampling_rate,200,canonicalized,1,12.043994,0.993736,8.631254
aaaaaovo_s001_t000,sampling_rate,200,canonicalized,1,8.678928,0.972325,9.057773
aaaaaowb_s001_t000,sampling_rate,200,canonicalized,0,1.390665,0.572992,4.966386
aaaaaoxf_s001_t000,sampling_rate,200,canonicalized,0,-3.526562,0.129114,2.959997
aaaaaozf_s001_t001,sampling_rate,200,canonicalized,0,1.381836,0.572024,16.046403
aaaaapag_s001_t000,sampling_rate,200,canonicalized,0,-1.893010,0.235593,21.242417
aaaaapar_s001_t000,sampling_rate,200,canonicalized,1,23.160106,0.999957,5.379207
aaaaapcb_s001_t000,sampling_rate,200,canonicalized,0,4.375739,0.836356,3.068185
aaaaapcy_s001_t002,sampling_rate,200,canonicalized,0,-3.062672,0.154336,5.686633
aaaaapdg_s001_t000,sampling_rate,200,canonicalized,0,-3.618867,0.124536,5.982751
aaaaaphs_s001_t000,sampling_rate,200,canonicalized,1,8.256073,0.966745,7.270954
aaaaaphw_s001_t000,sampling_rate,200,canonicalized,0,1.512488,0.586289,4.484747
aaaaapij_s001_t000,sampling_rate,200,canonicalized,0,-0.052466,0.412790,3.888829
aaaaapjc_s001_t001,sampling_rate,200,canonicalized,0,-2.728956,0.174871,6.217950
aaaaapka_s001_t000,sampling_rate,200,canonicalized,0,-1.334240,0.283601,2.343132
aaaaapkx_s001_t001,sampling_rate,200,canonicalized,1,-1.914438,0.233869,16.265996
aaaaaply_s001_t001,sampling_rate,200,canonicalized,1,8.013701,0.963071,13.630245
aaaaapmb_s002_t001,sampling_rate,200,canonicalized,1,6.240910,0.921792,1.628140
aaaaapmp_s001_t000,sampling_rate,200,canonicalized,1,1.947091,0.632590,7.715568
aaaaapnr_s001_t000,sampling_rate,200,canonicalized,1,-4.085221,0.103485,7.851751
aaaaapoc_s001_t000,sampling_rate,200,canonicalized,1,5.704834,0.902629,8.107907
aaaaapof_s001_t000,sampling_rate,200,canonicalized,0,-3.695675,0.120832,9.631312
aaaaapoo_s001_t000,sampling_rate,200,canonicalized,0,0.367072,0.458969,10.833812
aaaaapoq_s001_t000,sampling_rate,200,canonicalized,0,2.490814,0.687171,1.754324
aaaaappb_s001_t000,sampling_rate,200,canonicalized,0,-1.240930,0.292170,3.753282
aaaaapqd_s001_t000,sampling_rate,200,canonicalized,1,3.599258,0.783045,4.014497
aaaaapqv_s001_t000,sampling_rate,200,canonicalized,0,-0.508705,0.364280,17.172295
aaaaapta_s001_t000,sampling_rate,200,canonicalized,1,0.006578,0.419216,25.474133
aaaaapth_s001_t000,sampling_rate,200,canonicalized,1,2.281103,0.666629,5.505846
aaaaapua_s001_t001,sampling_rate,200,canonicalized,0,-7.781409,0.021564,6.026735
aaaaapuu_s001_t000,sampling_rate,200,canonicalized,0,-0.091480,0.408560,4.366302
aaaaapvw_s001_t001,sampling_rate,200,canonicalized,1,6.626375,0.933369,7.537788
aaaaapvy_s001_t000,sampling_rate,200,canonicalized,1,3.048689,0.738242,7.398980
aaaaapwn_s001_t001,sampling_rate,200,canonicalized,0,0.530193,0.477162,9.008727
aaaaapwo_s001_t001,sampling_rate,200,canonicalized,1,10.505077,0.987596,4.900778
aaaaapxm_s001_t001,sampling_rate,200,canonicalized,0,-1.348042,0.282347,5.623149
aaaaapys_s001_t001,sampling_rate,200,canonicalized,1,15.084724,0.998388,3.753877
aaaaapys_s002_t001,sampling_rate,200,canonicalized,1,9.170314,0.977671,4.357483
aaaaaayx_s002_t000,sampling_rate,200,naive,0,1.186207,0.550446,16.728147
aaaaabdo_s003_t000,sampling_rate,200,naive,1,9.646793,0.981885,23.099546
aaaaabsk_s007_t000,sampling_rate,200,naive,1,1.622330,0.598172,4.263165
aaaaabuv_s002_t000,sampling_rate,200,naive,1,1.282322,0.561077,7.864742
aaaaacad_s003_t000,sampling_rate,200,naive,0,-0.513632,0.363769,6.072220
aaaaacby_s004_t000,sampling_rate,200,naive,0,0.660900,0.491786,1.341963
aaaaaddm_s006_t000,sampling_rate,200,naive,1,4.263397,0.829351,2.776240
aaaaadeu_s002_t000,sampling_rate,200,naive,1,3.492179,0.774785,2.366639
aaaaadjk_s002_t000,sampling_rate,200,naive,0,0.123143,0.431982,4.913712
aaaaadkb_s002_t000,sampling_rate,200,naive,1,7.581596,0.955535,13.004001
aaaaadsm_s002_t001,sampling_rate,200,naive,0,-2.568727,0.185471,8.808853
aaaaaeab_s003_t000,sampling_rate,200,naive,0,-1.276643,0.288873,1.960168
aaaaaejc_s003_t001,sampling_rate,200,naive,0,0.450043,0.468212,1.902536
aaaaaezn_s003_t001,sampling_rate,200,naive,1,-0.043734,0.413739,11.476703
aaaaafhl_s003_t000,sampling_rate,200,naive,1,3.422449,0.769288,3.760122
aaaaagfk_s003_t000,sampling_rate,200,naive,0,0.136344,0.433433,4.684130
aaaaagsc_s003_t001,sampling_rate,200,naive,1,5.172565,0.879567,19.754000
aaaaagsc_s006_t001,sampling_rate,200,naive,1,-0.595945,0.355278,2.961314
aaaaaguk_s002_t001,sampling_rate,200,naive,0,-1.562917,0.263256,14.077016
aaaaagvx_s002_t000,sampling_rate,200,naive,1,0.396999,0.462300,5.074518
aaaaagvx_s003_t001,sampling_rate,200,naive,1,2.229495,0.661472,9.037610
aaaaagyr_s002_t000,sampling_rate,200,naive,1,-0.992991,0.315660,4.492873
aaaaahie_s005_t001,sampling_rate,200,naive,1,8.422027,0.969054,5.672598
aaaaahsv_s002_t000,sampling_rate,200,naive,0,-1.296478,0.287051,4.858582
aaaaahte_s002_t000,sampling_rate,200,naive,1,5.598637,0.898367,9.428729
aaaaahte_s003_t000,sampling_rate,200,naive,1,9.311552,0.979011,2.394330
aaaaahuy_s002_t000,sampling_rate,200,naive,1,2.509046,0.688924,4.147602
aaaaahzi_s001_t000,sampling_rate,200,naive,0,-2.695570,0.177040,6.549570
aaaaahzm_s001_t001,sampling_rate,200,naive,0,2.923556,0.727266,2.757175
aaaaahzq_s001_t000,sampling_rate,200,naive,0,-3.680921,0.121536,2.322070
aaaaahzs_s001_t001,sampling_rate,200,naive,0,1.486368,0.583448,5.379367
aaaaaiae_s001_t000,sampling_rate,200,naive,0,1.766576,0.613601,6.431682
aaaaaibx_s001_t000,sampling_rate,200,naive,0,-2.610501,0.182661,5.703888
aaaaaiby_s001_t000,sampling_rate,200,naive,0,0.222192,0.442901,10.078145
aaaaaici_s001_t000,sampling_rate,200,naive,0,-1.599809,0.260063,8.864361
aaaaaicn_s001_t000,sampling_rate,200,naive,0,-0.231644,0.393479,1.795885
aaaaaijh_s002_t000,sampling_rate,200,naive,1,-4.244180,0.097062,8.296416
aaaaaijn_s001_t001,sampling_rate,200,naive,0,0.250573,0.446040,4.572745
aaaaairb_s001_t001,sampling_rate,200,naive,0,0.540720,0.478339,2.521714
aaaaairo_s001_t000,sampling_rate,200,naive,0,-1.274096,0.289107,27.640233
aaaaaitt_s001_t000,sampling_rate,200,naive,0,0.453399,0.468587,8.674623
aaaaaiue_s004_t000,sampling_rate,200,naive,1,1.381463,0.571983,6.304987
aaaaaiuo_s002_t000,sampling_rate,200,naive,0,0.716979,0.498066,5.762899
aaaaaiwz_s001_t001,sampling_rate,200,naive,0,-0.343905,0.381543,3.854865
aaaaaiyy_s001_t001,sampling_rate,200,naive,0,-1.352917,0.281904,13.625823
aaaaaizd_s001_t001,sampling_rate,200,naive,0,0.082574,0.427528,4.020489
aaaaaizs_s001_t000,sampling_rate,200,naive,0,0.482402,0.471823,4.905127
aaaaajae_s001_t001,sampling_rate,200,naive,0,0.916531,0.520404,5.318029
aaaaajah_s002_t001,sampling_rate,200,naive,1,0.100890,0.429537,2.576039
aaaaajah_s004_t000,sampling_rate,200,naive,1,0.606605,0.485708,8.876524
aaaaajal_s001_t001,sampling_rate,200,naive,0,-1.161399,0.299593,4.070411
aaaaajam_s001_t000,sampling_rate,200,naive,1,1.543357,0.589639,2.185722
aaaaajar_s001_t001,sampling_rate,200,naive,0,-3.862586,0.113111,2.893249
aaaaajbb_s001_t000,sampling_rate,200,naive,0,0.912568,0.519961,2.935267
aaaaajbh_s002_t000,sampling_rate,200,naive,0,1.173282,0.549013,1.336509
aaaaajce_s001_t000,sampling_rate,200,naive,0,0.830050,0.510728,5.811741
aaaaajci_s001_t000,sampling_rate,200,naive,0,1.929266,0.630732,14.626713
aaaaajck_s001_t000,sampling_rate,200,naive,0,-2.153019,0.215265,9.328335
aaaaajct_s001_t000,sampling_rate,200,naive,0,2.005468,0.638647,3.773298
aaaaajcu_s001_t000,sampling_rate,200,naive,0,-4.014108,0.106478,7.764620
aaaaajda_s001_t000,sampling_rate,200,naive,0,-0.461331,0.369209,4.871907
aaaaajdb_s001_t000,sampling_rate,200,naive,0,-1.735441,0.248542,5.786440
aaaaajdv_s001_t000,sampling_rate,200,naive,0,0.169238,0.437056,9.922968
aaaaajdy_s001_t000,sampling_rate,200,naive,0,-4.150802,0.100791,3.504938
aaaaajdz_s001_t000,sampling_rate,200,naive,0,-0.326663,0.383367,4.373679
aaaaajea_s001_t000,sampling_rate,200,naive,0,4.293969,0.831280,2.229417
aaaaajen_s001_t000,sampling_rate,200,naive,0,-1.291808,0.287479,8.199707
aaaaajey_s001_t000,sampling_rate,200,naive,0,2.460458,0.684240,6.476376
aaaaajfb_s001_t000,sampling_rate,200,naive,0,-3.494486,0.130739,3.802833
aaaaajfe_s001_t000,sampling_rate,200,naive,0,-0.974765,0.317426,3.256880
aaaaajff_s001_t000,sampling_rate,200,naive,0,-0.106032,0.406986,7.182018
aaaaajfi_s001_t001,sampling_rate,200,naive,0,-0.831582,0.331484,11.382189
aaaaajfn_s001_t001,sampling_rate,200,naive,0,-2.480101,0.191545,4.627483
aaaaajfy_s001_t000,sampling_rate,200,naive,0,-3.338735,0.138875,3.865955
aaaaajga_s001_t001,sampling_rate,200,naive,0,0.137785,0.433592,11.518492
aaaaajhy_s001_t000,sampling_rate,200,naive,0,-1.846446,0.239371,6.169958
aaaaajit_s001_t001,sampling_rate,200,naive,0,0.996945,0.529388,6.144462
aaaaajiu_s001_t000,sampling_rate,200,naive,0,-0.065745,0.411349,8.907075
aaaaajiy_s001_t001,sampling_rate,200,naive,0,-2.253167,0.207783,11.820941
aaaaajiz_s001_t000,sampling_rate,200,naive,0,0.405024,0.463194,18.579055
aaaaajjb_s001_t001,sampling_rate,200,naive,0,-0.387575,0.376937,5.694442
aaaaajje_s001_t000,sampling_rate,200,naive,0,-2.699278,0.176798,15.962140
aaaaajjk_s001_t000,sampling_rate,200,naive,0,0.861389,0.514236,4.972343
aaaaajna_s001_t000,sampling_rate,200,naive,0,-3.069020,0.153965,6.031720
aaaaajnu_s001_t000,sampling_rate,200,naive,0,-1.729937,0.249003,6.198726
aaaaajon_s001_t000,sampling_rate,200,naive,0,-1.064168,0.308812,9.679434
aaaaajoo_s002_t001,sampling_rate,200,naive,1,-1.777618,0.245030,9.715811
aaaaajpg_s001_t001,sampling_rate,200,naive,0,-3.276643,0.142235,5.514698
aaaaajqh_s004_t000,sampling_rate,200,naive,1,9.481325,0.980519,6.285173
aaaaajqk_s003_t001,sampling_rate,200,naive,1,4.020010,0.813361,4.693236
aaaaajrf_s001_t000,sampling_rate,200,naive,1,19.387216,0.999765,8.272014
aaaaajrf_s002_t000,sampling_rate,200,naive,1,22.015150,0.999928,8.937737
aaaaajrf_s003_t002,sampling_rate,200,naive,1,16.586854,0.999177,17.746146
aaaaajrf_s004_t000,sampling_rate,200,naive,1,3.485971,0.774300,7.939887
aaaaajso_s001_t000,sampling_rate,200,naive,1,7.534482,0.954629,3.327089
aaaaajtg_s001_t000,sampling_rate,200,naive,0,0.999979,0.529726,8.390987
aaaaajtu_s001_t000,sampling_rate,200,naive,0,-1.045903,0.310562,4.057420
aaaaajuh_s001_t000,sampling_rate,200,naive,1,7.788220,0.959306,19.434316
aaaaajun_s001_t000,sampling_rate,200,naive,0,4.238174,0.827745,2.103489
aaaaajvh_s001_t001,sampling_rate,200,naive,0,0.965383,0.525863,6.306390
aaaaajxp_s001_t000,sampling_rate,200,naive,0,-1.313044,0.285534,4.462725
aaaaakck_s001_t001,sampling_rate,200,naive,1,1.748692,0.611700,7.022047
aaaaakcx_s001_t001,sampling_rate,200,naive,1,8.394156,0.968677,3.996887
aaaaakcy_s005_t001,sampling_rate,200,naive,1,15.928427,0.998895,11.916320
aaaaakdj_s001_t000,sampling_rate,200,naive,1,0.835002,0.511282,3.662926
aaaaakdo_s001_t000,sampling_rate,200,naive,1,-2.326791,0.202406,10.323387
aaaaakeq_s001_t000,sampling_rate,200,naive,1,6.415445,0.927246,27.513115
aaaaakeq_s002_t000,sampling_rate,200,naive,1,6.104217,0.917261,13.797649
aaaaakeq_s003_t000,sampling_rate,200,naive,1,6.743366,0.936555,12.701918
aaaaakev_s001_t001,sampling_rate,200,naive,1,19.650715,0.999791,44.879737
aaaaakev_s002_t000,sampling_rate,200,naive,1,14.373559,0.997785,12.595609
aaaaakft_s001_t000,sampling_rate,200,naive,0,-3.260772,0.143105,4.878450
aaaaakgp_s001_t001,sampling_rate,200,naive,0,2.040745,0.642286,8.899461
aaaaakgu_s001_t000,sampling_rate,200,naive,1,-0.784345,0.336190,6.654698
aaaaakjk_s002_t002,sampling_rate,200,naive,1,1.207649,0.552822,7.950905
aaaaakjk_s003_t000,sampling_rate,200,naive,1,1.395089,0.573477,5.057999
aaaaakka_s001_t001,sampling_rate,200,naive,0,-2.531645,0.187994,4.249588
aaaaakmg_s003_t001,sampling_rate,200,naive,1,8.700351,0.972582,7.435475
aaaaakmh_s001_t000,sampling_rate,200,naive,1,-2.604300,0.183076,9.802781
aaaaaknt_s001_t000,sampling_rate,200,naive,1,0.761636,0.503067,3.044861
aaaaakoo_s001_t001,sampling_rate,200,naive,1,11.771956,0.992930,25.200787
aaaaakqg_s001_t001,sampling_rate,200,naive,0,1.231998,0.555517,6.553937
aaaaakqr_s001_t000,sampling_rate,200,naive,0,-1.653314,0.255477,6.048997
aaaaakrt_s001_t001,sampling_rate,200,naive,1,3.785876,0.796912,2.240522
aaaaakrt_s002_t001,sampling_rate,200,naive,1,4.621955,0.850898,2.239726
aaaaaksb_s001_t000,sampling_rate,200,naive,0,-4.156298,0.100568,2.526747
aaaaaksu_s001_t001,sampling_rate,200,naive,0,-0.577307,0.357193,7.049624
aaaaakxz_s001_t001,sampling_rate,200,naive,1,5.301026,0.885531,3.167939
aaaaakxz_s002_t001,sampling_rate,200,naive,1,9.896972,0.983775,8.012028
aaaaalaf_s001_t000,sampling_rate,200,naive,0,2.598559,0.697453,7.934274
aaaaalau_s001_t000,sampling_rate,200,naive,1,2.794841,0.715679,4.578661
aaaaalbh_s001_t000,sampling_rate,200,naive,1,3.783611,0.796748,7.566327
aaaaalbt_s001_t001,sampling_rate,200,naive,0,-2.819304,0.169108,16.269554
aaaaalbt_s002_t000,sampling_rate,200,naive,0,-2.211672,0.210860,6.499873
aaaaalbz_s006_t000,sampling_rate,200,naive,1,14.518898,0.997924,19.102208
aaaaalid_s001_t001,sampling_rate,200,naive,0,9.108611,0.977060,13.745666
aaaaaljf_s001_t000,sampling_rate,200,naive,1,3.086251,0.741481,4.913677
aaaaaljj_s001_t000,sampling_rate,200,naive,0,1.224717,0.554712,9.382134
aaaaallc_s001_t001,sampling_rate,200,naive,0,-0.495767,0.365624,4.015412
aaaaalle_s002_t000,sampling_rate,200,naive,1,2.190122,0.657511,3.218885
aaaaalox_s001_t001,sampling_rate,200,naive,0,2.939771,0.728704,6.230120
aaaaalpv_s001_t000,sampling_rate,200,naive,0,1.080864,0.538742,5.247751
aaaaalqa_s001_t000,sampling_rate,200,naive,0,0.424142,0.465324,8.326571
aaaaalqr_s001_t001,sampling_rate,200,naive,1,-12.640519,0.002493,12.240553
aaaaalqs_s001_t001,sampling_rate,200,naive,0,-1.265032,0.289943,7.728884
aaaaalqx_s001_t000,sampling_rate,200,naive,0,-0.558812,0.359098,6.722065
aaaaalrc_s002_t000,sampling_rate,200,naive,1,23.649459,0.999965,9.322369
aaaaalsq_s001_t000,sampling_rate,200,naive,0,-1.993365,0.227593,12.157090
aaaaalsx_s001_t000,sampling_rate,200,naive,1,-1.313008,0.285538,3.657530
aaaaalsx_s004_t001,sampling_rate,200,naive,1,1.503376,0.585299,1.516603
aaaaaluz_s001_t001,sampling_rate,200,naive,0,-0.535973,0.361456,7.175230
aaaaalvw_s001_t000,sampling_rate,200,naive,0,-1.067337,0.308509,6.275192
aaaaalvz_s001_t000,sampling_rate,200,naive,1,21.974262,0.999926,13.989535
aaaaalxk_s001_t000,sampling_rate,200,naive,0,-1.574880,0.262218,7.756113
aaaaalyr_s001_t000,sampling_rate,200,naive,1,3.809838,0.798644,3.246771
aaaaalzk_s002_t001,sampling_rate,200,naive,1,10.308551,0.986470,16.239395
aaaaamcb_s001_t001,sampling_rate,200,naive,1,8.108768,0.964557,8.434987
aaaaamfe_s001_t001,sampling_rate,200,naive,0,3.560126,0.780052,14.746294
aaaaamft_s001_t001,sampling_rate,200,naive,1,1.504120,0.585379,1.331261
aaaaamfu_s001_t000,sampling_rate,200,naive,0,-0.042940,0.413825,4.140185
aaaaamhi_s001_t000,sampling_rate,200,naive,1,3.981528,0.810729,22.028997
aaaaamhk_s001_t000,sampling_rate,200,naive,1,-0.038572,0.414300,3.658755
aaaaamjc_s001_t001,sampling_rate,200,naive,1,7.495489,0.953867,8.194019
aaaaammh_s001_t001,sampling_rate,200,naive,1,-3.521524,0.129368,11.059161
aaaaamnq_s001_t000,sampling_rate,200,naive,1,11.084980,0.990407,11.304472
aaaaamnq_s002_t000,sampling_rate,200,naive,1,6.247989,0.922020,15.001935
aaaaamon_s001_t000,sampling_rate,200,naive,0,-0.249743,0.391545,16.772566
aaaaampz_s001_t000,sampling_rate,200,naive,1,0.184407,0.438728,4.975845
aaaaamrj_s001_t000,sampling_rate,200,naive,0,-2.034999,0.224331,5.928864
aaaaamsc_s001_t000,sampling_rate,200,naive,1,2.398833,0.678246,10.832301
aaaaamtb_s001_t000,sampling_rate,200,naive,0,0.517945,0.475793,9.389081
aaaaamuc_s001_t000,sampling_rate,200,naive,0,0.158722,0.435897,4.150289
aaaaamxn_s001_t000,sampling_rate,200,naive,1,-1.161981,0.299538,3.629340
aaaaamyb_s001_t001,sampling_rate,200,naive,0,-2.019482,0.225543,2.209812
aaaaamye_s001_t000,sampling_rate,200,naive,1,8.713560,0.972739,19.183615
aaaaamzi_s001_t001,sampling_rate,200,naive,1,9.246836,0.978407,13.882490
aaaaamzl_s001_t000,sampling_rate,200,naive,0,2.592321,0.696863,7.680769
aaaaamzx_s001_t000,sampling_rate,200,naive,0,-3.351442,0.138196,6.771246
aaaaanbq_s001_t000,sampling_rate,200,naive,0,-2.563518,0.185824,2.243447
aaaaanek_s001_t000,sampling_rate,200,naive,0,-1.321017,0.284806,4.223658
aaaaangp_s001_t000,sampling_rate,200,naive,0,0.547947,0.479147,6.437872
aaaaanhb_s001_t003,sampling_rate,200,naive,1,3.754528,0.794630,3.958321
aaaaanhb_s003_t001,sampling_rate,200,naive,1,2.785322,0.714811,5.615815
aaaaanhb_s005_t000,sampling_rate,200,naive,1,6.854233,0.939443,1.844486
aaaaankf_s001_t000,sampling_rate,200,naive,1,7.387777,0.951696,8.265226
aaaaanlp_s001_t000,sampling_rate,200,naive,0,-2.295910,0.204649,4.717376
aaaaanmc_s001_t000,sampling_rate,200,naive,1,5.366830,0.888485,5.117108
aaaaanop_s001_t000,sampling_rate,200,naive,0,-4.858310,0.075479,11.022499
aaaaanoz_s001_t000,sampling_rate,200,naive,1,-2.984130,0.158984,3.580221
aaaaanpr_s001_t002,sampling_rate,200,naive,1,1.971209,0.635098,7.566470
aaaaanqe_s001_t000,sampling_rate,200,naive,0,-2.305873,0.203923,8.720122
aaaaanro_s001_t000,sampling_rate,200,naive,1,2.540465,0.691933,10.442989
aaaaansj_s001_t000,sampling_rate,200,naive,1,3.507794,0.776004,7.820615
aaaaanta_s001_t000,sampling_rate,200,naive,1,7.208218,0.947861,17.612761
aaaaanum_s001_t000,sampling_rate,200,naive,0,-1.513998,0.267529,0.877477
aaaaanvb_s002_t000,sampling_rate,200,naive,0,1.167599,0.548382,10.230627
aaaaanvg_s001_t002,sampling_rate,200,naive,0,-0.037350,0.414433,5.580842
aaaaanvw_s001_t000,sampling_rate,200,naive,0,-3.522886,0.129300,4.482028
aaaaanwc_s001_t001,sampling_rate,200,naive,1,10.469952,0.987402,70.702662
aaaaanxl_s001_t000,sampling_rate,200,naive,1,8.074914,0.964034,5.948969
aaaaanyb_s001_t001,sampling_rate,200,naive,0,-1.348699,0.282287,9.473045
aaaaanyt_s002_t000,sampling_rate,200,naive,1,-4.257938,0.096524,9.002060
aaaaanyw_s001_t000,sampling_rate,200,naive,1,7.037914,0.943959,5.488465
aaaaanyw_s002_t000,sampling_rate,200,naive,1,2.494286,0.687506,15.967926
aaaaanzh_s001_t000,sampling_rate,200,naive,1,3.548431,0.779152,3.961732
aaaaanzu_s001_t003,sampling_rate,200,naive,1,5.973882,0.912721,4.396404
aaaaaoav_s001_t000,sampling_rate,200,naive,0,-2.339716,0.201473,8.117889
aaaaaoav_s002_t000,sampling_rate,200,naive,0,-2.977109,0.159405,10.965466
aaaaaobi_s001_t000,sampling_rate,200,naive,1,0.133112,0.433078,8.014924
aaaaaobl_s001_t000,sampling_rate,200,naive,0,-2.240589,0.208712,4.522117
aaaaaoby_s001_t000,sampling_rate,200,naive,0,-0.222936,0.394410,8.137644
aaaaaoda_s001_t000,sampling_rate,200,naive,1,7.500857,0.953972,2.077576
aaaaaoeg_s001_t000,sampling_rate,200,naive,0,1.667580,0.603035,8.168692
aaaaaofj_s001_t000,sampling_rate,200,naive,0,1.409451,0.575050,3.412865
aaaaaofr_s001_t000,sampling_rate,200,naive,0,1.585669,0.594218,6.286220
aaaaaofz_s001_t000,sampling_rate,200,naive,0,-0.181609,0.398841,6.083299
aaaaaohb_s001_t000,sampling_rate,200,naive,1,10.897989,0.989577,3.106248
aaaaaohr_s002_t001,sampling_rate,200,naive,1,1.957139,0.633636,10.067507
aaaaaoiq_s001_t000,sampling_rate,200,naive,1,3.335358,0.762290,1.900092
aaaaaoiv_s001_t000,sampling_rate,200,naive,1,-3.763935,0.117621,2.154120
aaaaaoiv_s002_t001,sampling_rate,200,naive,1,11.588415,0.992329,11.576681
aaaaaoiv_s003_t003,sampling_rate,200,naive,1,6.584798,0.932201,5.484132
aaaaaojd_s001_t002,sampling_rate,200,naive,0,2.206848,0.659196,5.107345
aaaaaokg_s001_t000,sampling_rate,200,naive,0,3.542267,0.778677,4.575070
aaaaaoly_s001_t000,sampling_rate,200,naive,0,0.100394,0.429483,7.208779
aaaaaome_s001_t000,sampling_rate,200,naive,0,-2.586289,0.184286,5.701447
aaaaaomx_s001_t000,sampling_rate,200,naive,0,-8.852611,0.013455,13.720294
aaaaaomy_s001_t000,sampling_rate,200,naive,1,5.010279,0.871650,22.382479
aaaaaonb_s001_t000,sampling_rate,200,naive,0,1.943896,0.632257,20.748909
aaaaaons_s002_t002,sampling_rate,200,naive,1,4.468588,0.841970,6.977618
aaaaaopd_s001_t000,sampling_rate,200,naive,0,5.629930,0.899640,28.018883
aaaaaopo_s001_t000,sampling_rate,200,naive,0,3.962465,0.809415,5.584520
aaaaaora_s002_t000,sampling_rate,200,naive,1,1.779316,0.614953,20.895246
aaaaaord_s001_t000,sampling_rate,200,naive,1,0.036877,0.422525,3.913556
aaaaaosh_s001_t000,sampling_rate,200,naive,1,1.622269,0.598165,4.596925
aaaaaosw_s001_t000,sampling_rate,200,naive,0,1.759386,0.612837,9.364826
aaaaaote_s001_t000,sampling_rate,200,naive,0,-0.090464,0.408670,11.752161
aaaaaout_s001_t000,sampling_rate,200,naive,1,2.448936,0.683124,6.208377
aaaaaovl_s001_t000,sampling_rate,200,naive,1,11.770877,0.992927,1.206350
aaaaaovo_s001_t000,sampling_rate,200,naive,1,8.321316,0.967672,12.742884
aaaaaowb_s001_t000,sampling_rate,200,naive,0,1.579746,0.593578,5.629876
aaaaaoxf_s001_t000,sampling_rate,200,naive,0,-2.249468,0.208056,2.855081
aaaaaozf_s001_t001,sampling_rate,200,naive,0,0.756286,0.502468,11.748554
aaaaapag_s001_t000,sampling_rate,200,naive,0,0.637166,0.489129,11.083716
aaaaapar_s001_t000,sampling_rate,200,naive,1,22.265464,0.999935,8.537815
aaaaapcb_s001_t000,sampling_rate,200,naive,0,0.519446,0.475961,2.299958
aaaaapcy_s001_t002,sampling_rate,200,naive,0,-1.061753,0.309043,9.392264
aaaaapdg_s001_t000,sampling_rate,200,naive,0,-2.205082,0.211351,5.603929
aaaaaphs_s001_t000,sampling_rate,200,naive,1,6.905710,0.940742,3.899526
aaaaaphw_s001_t000,sampling_rate,200,naive,0,-0.262022,0.390236,8.377166
aaaaapij_s001_t000,sampling_rate,200,naive,0,-1.716934,0.250094,2.296062
aaaaapjc_s001_t001,sampling_rate,200,naive,0,0.582260,0.482984,4.838239
aaaaapka_s001_t000,sampling_rate,200,naive,0,-1.323191,0.284608,2.892588
aaaaapkx_s001_t001,sampling_rate,200,naive,1,2.296992,0.668209,4.550677
aaaaaply_s001_t001,sampling_rate,200,naive,1,6.092848,0.916874,8.967380
aaaaapmb_s002_t001,sampling_rate,200,naive,1,4.964051,0.869315,2.449651
aaaaapmp_s001_t000,sampling_rate,200,naive,1,0.319071,0.453634,5.540356
aaaaapnr_s001_t000,sampling_rate,200,naive,1,-4.347637,0.093076,10.688890
aaaaapoc_s001_t000,sampling_rate,200,naive,1,4.697806,0.855158,9.563463
aaaaapof_s001_t000,sampling_rate,200,naive,0,-2.348068,0.200872,8.216446
aaaaapoo_s001_t000,sampling_rate,200,naive,0,-0.815391,0.333093,15.219746
aaaaapoq_s001_t000,sampling_rate,200,naive,0,5.054909,0.873871,2.175160
aaaaappb_s001_t000,sampling_rate,200,naive,0,-2.808683,0.169777,4.167079
aaaaapqd_s001_t000,sampling_rate,200,naive,1,2.868730,0.722367,14.968228
aaaaapqv_s001_t000,sampling_rate,200,naive,0,2.441277,0.682381,9.737764
aaaaapta_s001_t000,sampling_rate,200,naive,1,1.941858,0.632045,12.787831
aaaaapth_s001_t000,sampling_rate,200,naive,1,3.000894,0.734083,7.471081
aaaaapua_s001_t001,sampling_rate,200,naive,0,-5.632983,0.054554,4.458913
aaaaapuu_s001_t000,sampling_rate,200,naive,0,0.211646,0.441735,6.350910
aaaaapvw_s001_t001,sampling_rate,200,naive,1,5.889691,0.909669,11.379329
aaaaapvy_s001_t000,sampling_rate,200,naive,1,1.557669,0.591190,3.332132
aaaaapwn_s001_t001,sampling_rate,200,naive,0,1.713206,0.607917,16.290125
aaaaapwo_s001_t001,sampling_rate,200,naive,1,10.443930,0.987256,7.478374
aaaaapxm_s001_t001,sampling_rate,200,naive,0,0.240391,0.444913,9.243837
aaaaapys_s001_t001,sampling_rate,200,naive,1,14.546015,0.997949,3.311411
aaaaapys_s002_t001,sampling_rate,200,naive,1,7.569277,0.955300,9.772423
aaaaaayx_s002_t000,sampling_rate,250,canonicalized,0,0.797363,0.507068,6.033919
aaaaabdo_s003_t000,sampling_rate,250,canonicalized,1,10.243760,0.986077,5.504928
aaaaabsk_s007_t000,sampling_rate,250,canonicalized,1,1.747691,0.611593,10.203362
aaaaabuv_s002_t000,sampling_rate,250,canonicalized,1,3.151274,0.747025,3.189991
aaaaacad_s003_t000,sampling_rate,250,canonicalized,0,1.559729,0.591413,2.900265
aaaaacby_s004_t000,sampling_rate,250,canonicalized,0,1.079388,0.538578,1.285323
aaaaaddm_s006_t000,sampling_rate,250,canonicalized,1,5.313769,0.886108,7.955435
aaaaadeu_s002_t000,sampling_rate,250,canonicalized,1,4.882767,0.865123,5.700261
aaaaadjk_s002_t000,sampling_rate,250,canonicalized,0,-0.091694,0.408537,2.816257
aaaaadkb_s002_t000,sampling_rate,250,canonicalized,1,8.988334,0.975820,3.786852
aaaaadsm_s002_t001,sampling_rate,250,canonicalized,0,-3.165178,0.148437,3.714667
aaaaaeab_s003_t000,sampling_rate,250,canonicalized,0,0.876839,0.515964,3.683766
aaaaaejc_s003_t001,sampling_rate,250,canonicalized,0,0.618804,0.487073,7.160816
aaaaaezn_s003_t001,sampling_rate,250,canonicalized,1,0.203856,0.440875,12.863887
aaaaafhl_s003_t000,sampling_rate,250,canonicalized,1,3.231133,0.753726,5.191281
aaaaagfk_s003_t000,sampling_rate,250,canonicalized,0,-0.887473,0.325959,1.886640
aaaaagsc_s003_t001,sampling_rate,250,canonicalized,1,6.129944,0.918132,13.377104
aaaaagsc_s006_t001,sampling_rate,250,canonicalized,1,0.567169,0.481296,1.787220
aaaaaguk_s002_t001,sampling_rate,250,canonicalized,0,-4.080843,0.103667,14.594594
aaaaagvx_s002_t000,sampling_rate,250,canonicalized,1,2.097799,0.648137,6.631718
aaaaagvx_s003_t001,sampling_rate,250,canonicalized,1,2.357708,0.674212,1.638047
aaaaagyr_s002_t000,sampling_rate,250,canonicalized,1,0.327556,0.454577,2.476656
aaaaahie_s005_t001,sampling_rate,250,canonicalized,1,8.422357,0.969058,3.342462
aaaaahsv_s002_t000,sampling_rate,250,canonicalized,0,-0.644346,0.350327,4.840308
aaaaahte_s002_t000,sampling_rate,250,canonicalized,1,7.489285,0.953744,9.496447
aaaaahte_s003_t000,sampling_rate,250,canonicalized,1,9.697431,0.982284,5.704443
aaaaahuy_s002_t000,sampling_rate,250,canonicalized,1,0.396623,0.462258,2.074379
aaaaahzi_s001_t000,sampling_rate,250,canonicalized,0,1.323592,0.565625,2.256042
aaaaahzm_s001_t001,sampling_rate,250,canonicalized,0,1.632966,0.599317,1.996099
aaaaahzq_s001_t000,sampling_rate,250,canonicalized,0,-4.605544,0.083770,4.517608
aaaaahzs_s001_t001,sampling_rate,250,canonicalized,0,1.152116,0.546664,2.295641
aaaaaiae_s001_t000,sampling_rate,250,canonicalized,0,2.169543,0.655431,3.481947
aaaaaibx_s001_t000,sampling_rate,250,canonicalized,0,-2.618305,0.182139,5.000594
aaaaaiby_s001_t000,sampling_rate,250,canonicalized,0,-0.637928,0.350982,7.243094
aaaaaici_s001_t000,sampling_rate,250,canonicalized,0,-2.830939,0.168376,14.665339
aaaaaicn_s001_t000,sampling_rate,250,canonicalized,0,1.398285,0.573827,4.297848
aaaaaijh_s002_t000,sampling_rate,250,canonicalized,1,-4.418956,0.090413,6.587883
aaaaaijn_s001_t001,sampling_rate,250,canonicalized,0,-0.336075,0.382371,3.067377
aaaaairb_s001_t001,sampling_rate,250,canonicalized,0,3.406926,0.768051,3.521896
aaaaairo_s001_t000,sampling_rate,250,canonicalized,0,-4.265995,0.096209,9.917638
aaaaaitt_s001_t000,sampling_rate,250,canonicalized,0,-1.160600,0.299668,5.031238
aaaaaiue_s004_t000,sampling_rate,250,canonicalized,1,1.953797,0.633288,2.440909
aaaaaiuo_s002_t000,sampling_rate,250,canonicalized,0,1.290934,0.562026,5.571756
aaaaaiwz_s001_t001,sampling_rate,250,canonicalized,0,-0.788990,0.335726,2.398023
aaaaaiyy_s001_t001,sampling_rate,250,canonicalized,0,-1.794851,0.243605,7.325446
aaaaaizd_s001_t001,sampling_rate,250,canonicalized,0,0.716805,0.498046,10.481077
aaaaaizs_s001_t000,sampling_rate,250,canonicalized,0,0.374293,0.459773,2.762528
aaaaajae_s001_t001,sampling_rate,250,canonicalized,0,3.367557,0.764894,1.360164
aaaaajah_s002_t001,sampling_rate,250,canonicalized,1,-0.245127,0.392038,5.647690
aaaaajah_s004_t000,sampling_rate,250,canonicalized,1,1.580817,0.593694,3.266650
aaaaajal_s001_t001,sampling_rate,250,canonicalized,0,-2.771730,0.172123,0.592492
aaaaajam_s001_t000,sampling_rate,250,canonicalized,1,1.607907,0.596618,0.992104
aaaaajar_s001_t001,sampling_rate,250,canonicalized,0,-1.615194,0.258739,9.817386
aaaaajbb_s001_t000,sampling_rate,250,canonicalized,0,2.384440,0.676837,5.803892
aaaaajbh_s002_t000,sampling_rate,250,canonicalized,0,1.596701,0.595409,3.078843
aaaaajce_s001_t000,sampling_rate,250,canonicalized,0,-0.969570,0.317931,3.750174
aaaaajci_s001_t000,sampling_rate,250,canonicalized,0,1.755122,0.612384,2.301428
aaaaajck_s001_t000,sampling_rate,250,canonicalized,0,-3.391644,0.136064,4.563148
aaaaajct_s001_t000,sampling_rate,250,canonicalized,0,1.326665,0.565963,1.471760
aaaaajcu_s001_t000,sampling_rate,250,canonicalized,0,-0.886652,0.326040,3.272210
aaaaajda_s001_t000,sampling_rate,250,canonicalized,0,-2.506925,0.189691,3.486992
aaaaajdb_s001_t000,sampling_rate,250,canonicalized,0,-2.674760,0.178402,9.910069
aaaaajdv_s001_t000,sampling_rate,250,canonicalized,0,0.531838,0.477346,11.612101
aaaaajdy_s001_t000,sampling_rate,250,canonicalized,0,-2.322340,0.202728,6.500485
aaaaajdz_s001_t000,sampling_rate,250,canonicalized,0,-0.977186,0.317191,4.046065
aaaaajea_s001_t000,sampling_rate,250,canonicalized,0,3.834979,0.800449,2.742921
aaaaajen_s001_t000,sampling_rate,250,canonicalized,0,-0.687329,0.345958,2.999646
aaaaajey_s001_t000,sampling_rate,250,canonicalized,0,-0.615418,0.353283,10.423932
aaaaajfb_s001_t000,sampling_rate,250,canonicalized,0,-3.252866,0.143540,10.318708
aaaaajfe_s001_t000,sampling_rate,250,canonicalized,0,-0.640931,0.350676,2.367006
aaaaajff_s001_t000,sampling_rate,250,canonicalized,0,-3.125008,0.150726,0.715046
aaaaajfi_s001_t001,sampling_rate,250,canonicalized,0,-1.349611,0.282204,1.858922
aaaaajfn_s001_t001,sampling_rate,250,canonicalized,0,-1.967354,0.229648,7.901354
aaaaajfy_s001_t000,sampling_rate,250,canonicalized,0,-4.020249,0.106217,10.210926
aaaaajga_s001_t001,sampling_rate,250,canonicalized,0,1.042095,0.534424,8.738846
aaaaajhy_s001_t000,sampling_rate,250,canonicalized,0,-4.033483,0.105655,7.314921
aaaaajit_s001_t001,sampling_rate,250,canonicalized,0,-0.428493,0.372642,4.163789
aaaaajiu_s001_t000,sampling_rate,250,canonicalized,0,0.018804,0.420551,8.866284
aaaaajiy_s001_t001,sampling_rate,250,canonicalized,0,-1.296031,0.287092,6.977927
aaaaajiz_s001_t000,sampling_rate,250,canonicalized,0,-0.629719,0.351820,10.209442
aaaaajjb_s001_t001,sampling_rate,250,canonicalized,0,0.904583,0.519068,5.236742
aaaaajje_s001_t000,sampling_rate,250,canonicalized,0,-2.965992,0.160074,13.755704
aaaaajjk_s001_t000,sampling_rate,250,canonicalized,0,2.264640,0.664988,5.533590
aaaaajna_s001_t000,sampling_rate,250,canonicalized,0,-4.666064,0.081713,6.324950
aaaaajnu_s001_t000,sampling_rate,250,canonicalized,0,-3.119920,0.151018,5.988591
aaaaajon_s001_t000,sampling_rate,250,canonicalized,0,-0.534415,0.361617,14.607711
aaaaajoo_s002_t001,sampling_rate,250,canonicalized,1,0.748415,0.501587,8.589482
aaaaajpg_s001_t001,sampling_rate,250,canonicalized,0,-3.061309,0.154415,4.429345
aaaaajqh_s004_t000,sampling_rate,250,canonicalized,1,10.831127,0.989264,10.490657
aaaaajqk_s003_t001,sampling_rate,250,canonicalized,1,7.147909,0.946509,4.609452
aaaaajrf_s001_t000,sampling_rate,250,canonicalized,1,20.514970,0.999858,13.771175
aaaaajrf_s002_t000,sampling_rate,250,canonicalized,1,21.548406,0.999911,5.535489
aaaaajrf_s003_t002,sampling_rate,250,canonicalized,1,17.142748,0.999358,13.133788
aaaaajrf_s004_t000,sampling_rate,250,canonicalized,1,2.945075,0.729174,2.705297
aaaaajso_s001_t000,sampling_rate,250,canonicalized,1,8.421894,0.969052,5.771308
aaaaajtg_s001_t000,sampling_rate,250,canonicalized,0,-0.608514,0.353990,19.104759
aaaaajtu_s001_t000,sampling_rate,250,canonicalized,0,-2.249361,0.208064,7.727638
aaaaajuh_s001_t000,sampling_rate,250,canonicalized,1,5.446912,0.891991,9.209607
aaaaajun_s001_t000,sampling_rate,250,canonicalized,0,5.856901,0.908455,9.669546
aaaaajvh_s001_t001,sampling_rate,250,canonicalized,0,-1.478463,0.270660,12.851650
aaaaajxp_s001_t000,sampling_rate,250,canonicalized,0,2.228463,0.661368,3.813481
aaaaakck_s001_t001,sampling_rate,250,canonicalized,1,2.725800,0.709344,4.250269
aaaaakcx_s001_t001,sampling_rate,250,canonicalized,1,7.483310,0.953626,5.284796
aaaaakcy_s005_t001,sampling_rate,250,canonicalized,1,14.157079,0.997560,9.192248
aaaaakdj_s001_t000,sampling_rate,250,canonicalized,1,0.533208,0.477499,5.810711
aaaaakdo_s001_t000,sampling_rate,250,canonicalized,1,0.446762,0.467846,8.328431
aaaaakeq_s001_t000,sampling_rate,250,canonicalized,1,5.712423,0.902928,20.391148
aaaaakeq_s002_t000,sampling_rate,250,canonicalized,1,6.693277,0.935209,11.281011
aaaaakeq_s003_t000,sampling_rate,250,canonicalized,1,6.341355,0.924975,16.767918
aaaaakev_s001_t001,sampling_rate,250,canonicalized,1,19.659818,0.999792,44.535682
aaaaakev_s002_t000,sampling_rate,250,canonicalized,1,16.580000,0.999175,15.170171
aaaaakft_s001_t000,sampling_rate,250,canonicalized,0,-1.961806,0.230088,9.728431
aaaaakgp_s001_t001,sampling_rate,250,canonicalized,0,2.702607,0.707197,2.311369
aaaaakgu_s001_t000,sampling_rate,250,canonicalized,1,-0.598081,0.355059,1.095352
aaaaakjk_s002_t002,sampling_rate,250,canonicalized,1,3.524477,0.777300,7.246524
aaaaakjk_s003_t000,sampling_rate,250,canonicalized,1,3.363101,0.764535,1.089623
aaaaakka_s001_t001,sampling_rate,250,canonicalized,0,-0.206549,0.396165,10.468703
aaaaakmg_s003_t001,sampling_rate,250,canonicalized,1,8.534802,0.970533,3.481621
aaaaakmh_s001_t000,sampling_rate,250,canonicalized,1,0.241736,0.445062,5.171302
aaaaaknt_s001_t000,sampling_rate,250,canonicalized,1,2.207687,0.659280,6.008289
aaaaakoo_s001_t001,sampling_rate,250,canonicalized,1,19.131838,0.999737,11.727810
aaaaakqg_s001_t001,sampling_rate,250,canonicalized,0,-0.134822,0.403877,10.397045
aaaaakqr_s001_t000,sampling_rate,250,canonicalized,0,-0.353060,0.380575,7.430804
aaaaakrt_s001_t001,sampling_rate,250,canonicalized,1,7.381646,0.951570,1.827545
aaaaakrt_s002_t001,sampling_rate,250,canonicalized,1,5.744653,0.904186,3.627863
aaaaaksb_s001_t000,sampling_rate,250,canonicalized,0,-2.766765,0.172441,8.713288
aaaaaksu_s001_t001,sampling_rate,250,canonicalized,0,0.713212,0.497644,5.174269
aaaaakxz_s001_t001,sampling_rate,250,canonicalized,1,3.872232,0.803102,1.624910
aaaaakxz_s002_t001,sampling_rate,250,canonicalized,1,9.226237,0.978212,7.075196
aaaaalaf_s001_t000,sampling_rate,250,canonicalized,0,-0.197631,0.397121,2.481178
aaaaalau_s001_t000,sampling_rate,250,canonicalized,1,2.999851,0.733992,3.754263
aaaaalbh_s001_t000,sampling_rate,250,canonicalized,1,3.440179,0.770694,5.315219
aaaaalbt_s001_t001,sampling_rate,250,canonicalized,0,-1.310537,0.285764,6.955658
aaaaalbt_s002_t000,sampling_rate,250,canonicalized,0,-0.703984,0.344271,4.455107
aaaaalbz_s006_t000,sampling_rate,250,canonicalized,1,13.905689,0.997270,18.805310
aaaaalid_s001_t001,sampling_rate,250,canonicalized,0,6.635639,0.933627,14.185534
aaaaaljf_s001_t000,sampling_rate,250,canonicalized,1,2.654102,0.702677,10.685194
aaaaaljj_s001_t000,sampling_rate,250,canonicalized,0,-1.509034,0.267965,4.963453
aaaaallc_s001_t001,sampling_rate,250,canonicalized,0,2.678532,0.704959,8.924561
aaaaalle_s002_t000,sampling_rate,250,canonicalized,1,3.518226,0.776815,5.162187
aaaaalox_s001_t001,sampling_rate,250,canonicalized,0,3.038209,0.737334,9.008457
aaaaalpv_s001_t000,sampling_rate,250,canonicalized,0,0.995904,0.529271,11.002436
aaaaalqa_s001_t000,sampling_rate,250,canonicalized,0,-0.405395,0.375064,5.897599
aaaaalqr_s001_t001,sampling_rate,250,canonicalized,1,3.904756,0.805395,5.800461
aaaaalqs_s001_t001,sampling_rate,250,canonicalized,0,-0.005799,0.417867,4.204326
aaaaalqx_s001_t000,sampling_rate,250,canonicalized,0,-2.867199,0.166114,8.009615
aaaaalrc_s002_t000,sampling_rate,250,canonicalized,1,22.618965,0.999945,2.769320
aaaaalsq_s001_t000,sampling_rate,250,canonicalized,0,-0.707694,0.343896,1.526571
aaaaalsx_s001_t000,sampling_rate,250,canonicalized,1,-0.357215,0.380137,3.713354
aaaaalsx_s004_t001,sampling_rate,250,canonicalized,1,3.938301,0.807740,1.400399
aaaaaluz_s001_t001,sampling_rate,250,canonicalized,0,-2.483453,0.191312,2.810538
aaaaalvw_s001_t000,sampling_rate,250,canonicalized,0,-4.073008,0.103994,3.536792
aaaaalvz_s001_t000,sampling_rate,250,canonicalized,1,17.764677,0.999514,16.941523
aaaaalxk_s001_t000,sampling_rate,250,canonicalized,0,0.051607,0.424136,2.090371
aaaaalyr_s001_t000,sampling_rate,250,canonicalized,1,2.666429,0.703830,2.269750
aaaaalzk_s002_t001,sampling_rate,250,canonicalized,1,11.658154,0.992563,11.206143
aaaaamcb_s001_t001,sampling_rate,250,canonicalized,1,8.565190,0.970920,8.022186
aaaaamfe_s001_t001,sampling_rate,250,canonicalized,0,4.938168,0.867992,3.509773
aaaaamft_s001_t001,sampling_rate,250,canonicalized,1,4.672989,0.853776,9.662042
aaaaamfu_s001_t000,sampling_rate,250,canonicalized,0,-0.643773,0.350386,3.689763
aaaaamhi_s001_t000,sampling_rate,250,canonicalized,1,13.332243,0.996473,22.615031
aaaaamhk_s001_t000,sampling_rate,250,canonicalized,1,3.990063,0.811315,5.637254
aaaaamjc_s001_t001,sampling_rate,250,canonicalized,1,9.978611,0.984348,7.887620
aaaaammh_s001_t001,sampling_rate,250,canonicalized,1,2.855662,0.721191,8.614485
aaaaamnq_s001_t000,sampling_rate,250,canonicalized,1,9.227658,0.978225,20.027415
aaaaamnq_s002_t000,sampling_rate,250,canonicalized,1,8.071270,0.963978,8.629158
aaaaamon_s001_t000,sampling_rate,250,canonicalized,0,0.952471,0.524421,14.289837
aaaaampz_s001_t000,sampling_rate,250,canonicalized,1,2.893401,0.724578,3.189890
aaaaamrj_s001_t000,sampling_rate,250,canonicalized,0,-0.318583,0.384223,4.711849
aaaaamsc_s001_t000,sampling_rate,250,canonicalized,1,4.882581,0.865113,1.205345
aaaaamtb_s001_t000,sampling_rate,250,canonicalized,0,1.295231,0.562500,4.248883
aaaaamuc_s001_t000,sampling_rate,250,canonicalized,0,0.869908,0.515189,2.209446
aaaaamxn_s001_t000,sampling_rate,250,canonicalized,1,1.396920,0.573678,6.117829
aaaaamyb_s001_t001,sampling_rate,250,canonicalized,0,-0.170939,0.399987,6.584206
aaaaamye_s001_t000,sampling_rate,250,canonicalized,1,15.272586,0.998518,16.778440
aaaaamzi_s001_t001,sampling_rate,250,canonicalized,1,7.900810,0.961230,9.314416
aaaaamzl_s001_t000,sampling_rate,250,canonicalized,0,-0.553381,0.359658,5.405245
aaaaamzx_s001_t000,sampling_rate,250,canonicalized,0,-5.533333,0.056903,5.413579
aaaaanbq_s001_t000,sampling_rate,250,canonicalized,0,-0.364630,0.379354,4.020804
aaaaanek_s001_t000,sampling_rate,250,canonicalized,0,-4.499028,0.087506,2.180840
aaaaangp_s001_t000,sampling_rate,250,canonicalized,0,0.853977,0.513406,3.506725
aaaaanhb_s001_t003,sampling_rate,250,canonicalized,1,5.425770,0.891075,13.164268
aaaaanhb_s003_t001,sampling_rate,250,canonicalized,1,3.561047,0.780123,3.697322
aaaaanhb_s005_t000,sampling_rate,250,canonicalized,1,6.173139,0.919575,4.059844
aaaaankf_s001_t000,sampling_rate,250,canonicalized,1,5.847988,0.908122,2.012679
aaaaanlp_s001_t000,sampling_rate,250,canonicalized,0,-1.349310,0.282232,2.438744
aaaaanmc_s001_t000,sampling_rate,250,canonicalized,1,7.285056,0.949536,7.229926
aaaaanop_s001_t000,sampling_rate,250,canonicalized,0,-0.586134,0.356286,16.192117
aaaaanoz_s001_t000,sampling_rate,250,canonicalized,1,-1.496990,0.269024,5.650957
aaaaanpr_s001_t002,sampling_rate,250,canonicalized,1,5.407794,0.890291,6.605126
aaaaanqe_s001_t000,sampling_rate,250,canonicalized,0,-1.919488,0.233464,2.862462
aaaaanro_s001_t000,sampling_rate,250,canonicalized,1,2.839075,0.719694,5.189558
aaaaansj_s001_t000,sampling_rate,250,canonicalized,1,3.954428,0.808859,8.577586
aaaaanta_s001_t000,sampling_rate,250,canonicalized,1,7.601535,0.955913,7.609046
aaaaanum_s001_t000,sampling_rate,250,canonicalized,0,0.735740,0.500167,2.474124
aaaaanvb_s002_t000,sampling_rate,250,canonicalized,0,-1.660222,0.254889,10.832060
aaaaanvg_s001_t002,sampling_rate,250,canonicalized,0,5.552675,0.896471,4.093875
aaaaanvw_s001_t000,sampling_rate,250,canonicalized,0,-4.134913,0.101438,7.257923
aaaaanwc_s001_t001,sampling_rate,250,canonicalized,1,9.835313,0.983328,48.405863
aaaaanxl_s001_t000,sampling_rate,250,canonicalized,1,7.435235,0.952664,4.262538
aaaaanyb_s001_t001,sampling_rate,250,canonicalized,0,0.050773,0.424044,3.993414
aaaaanyt_s002_t000,sampling_rate,250,canonicalized,1,2.827298,0.718629,36.242691
aaaaanyw_s001_t000,sampling_rate,250,canonicalized,1,5.500300,0.894273,2.737350
aaaaanyw_s002_t000,sampling_rate,250,canonicalized,1,3.968852,0.809856,9.235895
aaaaanzh_s001_t000,sampling_rate,250,canonicalized,1,2.700188,0.706973,9.851526
aaaaanzu_s001_t003,sampling_rate,250,canonicalized,1,4.153697,0.822282,12.725394
aaaaaoav_s001_t000,sampling_rate,250,canonicalized,0,-1.967876,0.229607,6.947698
aaaaaoav_s002_t000,sampling_rate,250,canonicalized,0,-3.422988,0.134422,4.818957
aaaaaobi_s001_t000,sampling_rate,250,canonicalized,1,-2.567307,0.185568,10.844073
aaaaaobl_s001_t000,sampling_rate,250,canonicalized,0,-1.383990,0.279095,1.868077
aaaaaoby_s001_t000,sampling_rate,250,canonicalized,0,0.400443,0.462684,5.523182
aaaaaoda_s001_t000,sampling_rate,250,canonicalized,1,9.125612,0.977230,5.550229
aaaaaoeg_s001_t000,sampling_rate,250,canonicalized,0,-2.234970,0.209128,7.807271
aaaaaofj_s001_t000,sampling_rate,250,canonicalized,0,-0.132354,0.404143,2.938008
aaaaaofr_s001_t000,sampling_rate,250,canonicalized,0,2.946187,0.729272,2.997448
aaaaaofz_s001_t000,sampling_rate,250,canonicalized,0,0.233812,0.444186,12.989346
aaaaaohb_s001_t000,sampling_rate,250,canonicalized,1,6.711127,0.935692,2.428585
aaaaaohr_s002_t001,sampling_rate,250,canonicalized,1,7.147548,0.946501,4.516088
aaaaaoiq_s001_t000,sampling_rate,250,canonicalized,1,3.056725,0.738937,6.523420
aaaaaoiv_s001_t000,sampling_rate,250,canonicalized,1,-2.679578,0.178086,1.175779
aaaaaoiv_s002_t001,sampling_rate,250,canonicalized,1,12.630059,0.995176,7.772590
aaaaaoiv_s003_t003,sampling_rate,250,canonicalized,1,9.358502,0.979439,1.203771
aaaaaojd_s001_t002,sampling_rate,250,canonicalized,0,0.584864,0.483275,5.666768
aaaaaokg_s001_t000,sampling_rate,250,canonicalized,0,4.550533,0.846793,14.606122
aaaaaoly_s001_t000,sampling_rate,250,canonicalized,0,-1.545298,0.264790,8.541213
aaaaaome_s001_t000,sampling_rate,250,canonicalized,0,-2.975545,0.159499,3.848016
aaaaaomx_s001_t000,sampling_rate,250,canonicalized,0,-2.443573,0.194091,6.615391
aaaaaomy_s001_t000,sampling_rate,250,canonicalized,1,6.681880,0.934899,21.820216
aaaaaonb_s001_t000,sampling_rate,250,canonicalized,0,1.219001,0.554079,10.175941
aaaaaons_s002_t002,sampling_rate,250,canonicalized,1,5.126382,0.877358,4.598037
aaaaaopd_s001_t000,sampling_rate,250,canonicalized,0,-1.224043,0.293738,8.222712
aaaaaopo_s001_t000,sampling_rate,250,canonicalized,0,1.910596,0.628782,13.289598
aaaaaora_s002_t000,sampling_rate,250,canonicalized,1,3.793770,0.797484,5.244489
aaaaaord_s001_t000,sampling_rate,250,canonicalized,1,1.557399,0.591161,2.620991
aaaaaosh_s001_t000,sampling_rate,250,canonicalized,1,0.212571,0.441837,0.793028
aaaaaosw_s001_t000,sampling_rate,250,canonicalized,0,0.278387,0.449121,8.815111
aaaaaote_s001_t000,sampling_rate,250,canonicalized,0,1.513181,0.586364,4.464127
aaaaaout_s001_t000,sampling_rate,250,canonicalized,1,3.170092,0.748615,4.062187
aaaaaovl_s001_t000,sampling_rate,250,canonicalized,1,11.210625,0.990927,5.738850
aaaaaovo_s001_t000,sampling_rate,250,canonicalized,1,8.249483,0.966650,7.693040
aaaaaowb_s001_t000,sampling_rate,250,canonicalized,0,1.970834,0.635059,5.991671
aaaaaoxf_s001_t000,sampling_rate,250,canonicalized,0,-3.184175,0.147364,4.310300
aaaaaozf_s001_t001,sampling_rate,250,canonicalized,0,0.858175,0.513876,12.355434
aaaaapag_s001_t000,sampling_rate,250,canonicalized,0,-2.069661,0.221641,23.064646
aaaaapar_s001_t000,sampling_rate,250,canonicalized,1,22.234383,0.999934,8.034200
aaaaapcb_s001_t000,sampling_rate,250,canonicalized,0,4.724863,0.856653,1.999351
aaaaapcy_s001_t002,sampling_rate,250,canonicalized,0,-2.619368,0.182069,5.302472
aaaaapdg_s001_t000,sampling_rate,250,canonicalized,0,-3.055649,0.154747,5.751585
aaaaaphs_s001_t000,sampling_rate,250,canonicalized,1,7.249133,0.948759,4.037976
aaaaaphw_s001_t000,sampling_rate,250,canonicalized,0,1.584185,0.594058,4.351695
aaaaapij_s001_t000,sampling_rate,250,canonicalized,0,0.925259,0.521380,4.257375
aaaaapjc_s001_t001,sampling_rate,250,canonicalized,0,-1.653541,0.255458,5.392464
aaaaapka_s001_t000,sampling_rate,250,canonicalized,0,-1.035298,0.311580,1.353806
aaaaapkx_s001_t001,sampling_rate,250,canonicalized,1,-1.252446,0.291105,17.427785
aaaaaply_s001_t001,sampling_rate,250,canonicalized,1,7.542123,0.954777,16.690844
aaaaapmb_s002_t001,sampling_rate,250,canonicalized,1,5.670852,0.901283,2.402243
aaaaapmp_s001_t000,sampling_rate,250,canonicalized,1,1.436509,0.578009,7.159549
aaaaapnr_s001_t000,sampling_rate,250,canonicalized,1,-3.437481,0.133669,7.717813
aaaaapoc_s001_t000,sampling_rate,250,canonicalized,1,6.213612,0.920905,6.305291
aaaaapof_s001_t000,sampling_rate,250,canonicalized,0,-3.450676,0.132986,8.263158
aaaaapoo_s001_t000,sampling_rate,250,canonicalized,0,0.458092,0.469110,10.332569
aaaaapoq_s001_t000,sampling_rate,250,canonicalized,0,2.877797,0.723181,1.891007
aaaaappb_s001_t000,sampling_rate,250,canonicalized,0,-1.099876,0.305408,5.571034
aaaaapqd_s001_t000,sampling_rate,250,canonicalized,1,4.915547,0.866827,4.741676
aaaaapqv_s001_t000,sampling_rate,250,canonicalized,0,0.714970,0.497841,14.622424
aaaaapta_s001_t000,sampling_rate,250,canonicalized,1,0.344809,0.456494,19.927437
aaaaapth_s001_t000,sampling_rate,250,canonicalized,1,3.416950,0.768850,3.481814
aaaaapua_s001_t001,sampling_rate,250,canonicalized,0,-7.426538,0.025186,7.684413
aaaaapuu_s001_t000,sampling_rate,250,canonicalized,0,0.739423,0.500579,5.927943
aaaaapvw_s001_t001,sampling_rate,250,canonicalized,1,6.431457,0.927728,5.183188
aaaaapvy_s001_t000,sampling_rate,250,canonicalized,1,2.715342,0.708377,8.005881
aaaaapwn_s001_t001,sampling_rate,250,canonicalized,0,0.913355,0.520049,7.804805
aaaaapwo_s001_t001,sampling_rate,250,canonicalized,1,10.376740,0.986872,3.361413
aaaaapxm_s001_t001,sampling_rate,250,canonicalized,0,-1.249463,0.291381,9.896285
aaaaapys_s001_t001,sampling_rate,250,canonicalized,1,13.636601,0.996921,3.659078
aaaaapys_s002_t001,sampling_rate,250,canonicalized,1,8.313733,0.967565,3.907614
aaaaaayx_s002_t000,sampling_rate,250,naive,0,0.797363,0.507068,6.033919
aaaaabdo_s003_t000,sampling_rate,250,naive,1,10.243760,0.986077,5.504928
aaaaabsk_s007_t000,sampling_rate,250,naive,1,1.747691,0.611593,10.203362
aaaaabuv_s002_t000,sampling_rate,250,naive,1,3.151274,0.747025,3.189991
aaaaacad_s003_t000,sampling_rate,250,naive,0,1.559729,0.591413,2.900265
aaaaacby_s004_t000,sampling_rate,250,naive,0,1.079388,0.538578,1.285323
aaaaaddm_s006_t000,sampling_rate,250,naive,1,5.313769,0.886108,7.955435
aaaaadeu_s002_t000,sampling_rate,250,naive,1,4.882767,0.865123,5.700261
aaaaadjk_s002_t000,sampling_rate,250,naive,0,-0.091694,0.408537,2.816257
aaaaadkb_s002_t000,sampling_rate,250,naive,1,8.988334,0.975820,3.786852
aaaaadsm_s002_t001,sampling_rate,250,naive,0,-3.165178,0.148437,3.714667
aaaaaeab_s003_t000,sampling_rate,250,naive,0,0.876839,0.515964,3.683766
aaaaaejc_s003_t001,sampling_rate,250,naive,0,0.618804,0.487073,7.160816
aaaaaezn_s003_t001,sampling_rate,250,naive,1,0.203856,0.440875,12.863887
aaaaafhl_s003_t000,sampling_rate,250,naive,1,3.231133,0.753726,5.191281
aaaaagfk_s003_t000,sampling_rate,250,naive,0,-0.887473,0.325959,1.886640
aaaaagsc_s003_t001,sampling_rate,250,naive,1,6.129944,0.918132,13.377104
aaaaagsc_s006_t001,sampling_rate,250,naive,1,0.567169,0.481296,1.787220
aaaaaguk_s002_t001,sampling_rate,250,naive,0,-4.080843,0.103667,14.594594
aaaaagvx_s002_t000,sampling_rate,250,naive,1,2.097799,0.648137,6.631718
aaaaagvx_s003_t001,sampling_rate,250,naive,1,2.357708,0.674212,1.638047
aaaaagyr_s002_t000,sampling_rate,250,naive,1,0.327556,0.454577,2.476656
aaaaahie_s005_t001,sampling_rate,250,naive,1,8.422357,0.969058,3.342462
aaaaahsv_s002_t000,sampling_rate,250,naive,0,-0.644346,0.350327,4.840308
aaaaahte_s002_t000,sampling_rate,250,naive,1,7.489285,0.953744,9.496447
aaaaahte_s003_t000,sampling_rate,250,naive,1,9.697431,0.982284,5.704443
aaaaahuy_s002_t000,sampling_rate,250,naive,1,0.396623,0.462258,2.074379
aaaaahzi_s001_t000,sampling_rate,250,naive,0,1.323592,0.565625,2.256042
aaaaahzm_s001_t001,sampling_rate,250,naive,0,1.632966,0.599317,1.996099
aaaaahzq_s001_t000,sampling_rate,250,naive,0,-4.605544,0.083770,4.517608
aaaaahzs_s001_t001,sampling_rate,250,naive,0,1.152116,0.546664,2.295641
aaaaaiae_s001_t000,sampling_rate,250,naive,0,2.169543,0.655431,3.481947
aaaaaibx_s001_t000,sampling_rate,250,naive,0,-2.618305,0.182139,5.000594
aaaaaiby_s001_t000,sampling_rate,250,naive,0,-0.637928,0.350982,7.243094
aaaaaici_s001_t000,sampling_rate,250,naive,0,-2.830939,0.168376,14.665339
aaaaaicn_s001_t000,sampling_rate,250,naive,0,1.398285,0.573827,4.297848
aaaaaijh_s002_t000,sampling_rate,250,naive,1,-4.418956,0.090413,6.587883
aaaaaijn_s001_t001,sampling_rate,250,naive,0,-0.336075,0.382371,3.067377
aaaaairb_s001_t001,sampling_rate,250,naive,0,3.406926,0.768051,3.521896
aaaaairo_s001_t000,sampling_rate,250,naive,0,-4.265995,0.096209,9.917638
aaaaaitt_s001_t000,sampling_rate,250,naive,0,-1.160600,0.299668,5.031238
aaaaaiue_s004_t000,sampling_rate,250,naive,1,1.953797,0.633288,2.440909
aaaaaiuo_s002_t000,sampling_rate,250,naive,0,1.290934,0.562026,5.571756
aaaaaiwz_s001_t001,sampling_rate,250,naive,0,-0.788990,0.335726,2.398023
aaaaaiyy_s001_t001,sampling_rate,250,naive,0,-1.794851,0.243605,7.325446
aaaaaizd_s001_t001,sampling_rate,250,naive,0,0.716805,0.498046,10.481077
aaaaaizs_s001_t000,sampling_rate,250,naive,0,0.374293,0.459773,2.762528
aaaaajae_s001_t001,sampling_rate,250,naive,0,3.367557,0.764894,1.360164
aaaaajah_s002_t001,sampling_rate,250,naive,1,-0.245127,0.392038,5.647690
aaaaajah_s004_t000,sampling_rate,250,naive,1,1.580817,0.593694,3.266650
aaaaajal_s001_t001,sampling_rate,250,naive,0,-2.771730,0.172123,0.592492
aaaaajam_s001_t000,sampling_rate,250,naive,1,1.607907,0.596618,0.992104
aaaaajar_s001_t001,sampling_rate,250,naive,0,-1.615194,0.258739,9.817386
aaaaajbb_s001_t000,sampling_rate,250,naive,0,2.384440,0.676837,5.803892
aaaaajbh_s002_t000,sampling_rate,250,naive,0,1.596701,0.595409,3.078843
aaaaajce_s001_t000,sampling_rate,250,naive,0,-0.969570,0.317931,3.750174
aaaaajci_s001_t000,sampling_rate,250,naive,0,1.755122,0.612384,2.301428
aaaaajck_s001_t000,sampling_rate,250,naive,0,-3.391644,0.136064,4.563148
aaaaajct_s001_t000,sampling_rate,250,naive,0,1.326665,0.565963,1.471760
aaaaajcu_s001_t000,sampling_rate,250,naive,0,-0.886652,0.326040,3.272210
aaaaajda_s001_t000,sampling_rate,250,naive,0,-2.506925,0.189691,3.486992
aaaaajdb_s001_t000,sampling_rate,250,naive,0,-2.674760,0.178402,9.910069
aaaaajdv_s001_t000,sampling_rate,250,naive,0,0.531838,0.477346,11.612101
aaaaajdy_s001_t000,sampling_rate,250,naive,0,-2.322340,0.202728,6.500485
aaaaajdz_s001_t000,sampling_rate,250,naive,0,-0.977186,0.317191,4.046065
aaaaajea_s001_t000,sampling_rate,250,naive,0,3.834979,0.800449,2.742921
aaaaajen_s001_t000,sampling_rate,250,naive,0,-0.687329,0.345958,2.999646
aaaaajey_s001_t000,sampling_rate,250,naive,0,-0.615418,0.353283,10.423932
aaaaajfb_s001_t000,sampling_rate,250,naive,0,-3.252866,0.143540,10.318708
aaaaajfe_s001_t000,sampling_rate,250,naive,0,-0.640931,0.350676,2.367006
aaaaajff_s001_t000,sampling_rate,250,naive,0,-3.125008,0.150726,0.715046
aaaaajfi_s001_t001,sampling_rate,250,naive,0,-1.349611,0.282204,1.858922
aaaaajfn_s001_t001,sampling_rate,250,naive,0,-1.967354,0.229648,7.901354
aaaaajfy_s001_t000,sampling_rate,250,naive,0,-4.020249,0.106217,10.210926
aaaaajga_s001_t001,sampling_rate,250,naive,0,1.042095,0.534424,8.738846
aaaaajhy_s001_t000,sampling_rate,250,naive,0,-4.033483,0.105655,7.314921
aaaaajit_s001_t001,sampling_rate,250,naive,0,-0.428493,0.372642,4.163789
aaaaajiu_s001_t000,sampling_rate,250,naive,0,0.018804,0.420551,8.866284
aaaaajiy_s001_t001,sampling_rate,250,naive,0,-1.296031,0.287092,6.977927
aaaaajiz_s001_t000,sampling_rate,250,naive,0,-0.629719,0.351820,10.209442
aaaaajjb_s001_t001,sampling_rate,250,naive,0,0.904583,0.519068,5.236742
aaaaajje_s001_t000,sampling_rate,250,naive,0,-2.965992,0.160074,13.755704
aaaaajjk_s001_t000,sampling_rate,250,naive,0,2.264640,0.664988,5.533590
aaaaajna_s001_t000,sampling_rate,250,naive,0,-4.666064,0.081713,6.324950
aaaaajnu_s001_t000,sampling_rate,250,naive,0,-3.119920,0.151018,5.988591
aaaaajon_s001_t000,sampling_rate,250,naive,0,-0.534415,0.361617,14.607711
aaaaajoo_s002_t001,sampling_rate,250,naive,1,0.748415,0.501587,8.589482
aaaaajpg_s001_t001,sampling_rate,250,naive,0,-3.061309,0.154415,4.429345
aaaaajqh_s004_t000,sampling_rate,250,naive,1,10.831127,0.989264,10.490657
aaaaajqk_s003_t001,sampling_rate,250,naive,1,7.147909,0.946509,4.609452
aaaaajrf_s001_t000,sampling_rate,250,naive,1,20.514970,0.999858,13.771175
aaaaajrf_s002_t000,sampling_rate,250,naive,1,21.548406,0.999911,5.535489
aaaaajrf_s003_t002,sampling_rate,250,naive,1,17.142748,0.999358,13.133788
aaaaajrf_s004_t000,sampling_rate,250,naive,1,2.945075,0.729174,2.705297
aaaaajso_s001_t000,sampling_rate,250,naive,1,8.421894,0.969052,5.771308
aaaaajtg_s001_t000,sampling_rate,250,naive,0,-0.608514,0.353990,19.104759
aaaaajtu_s001_t000,sampling_rate,250,naive,0,-2.249361,0.208064,7.727638
aaaaajuh_s001_t000,sampling_rate,250,naive,1,5.446912,0.891991,9.209607
aaaaajun_s001_t000,sampling_rate,250,naive,0,5.856901,0.908455,9.669546
aaaaajvh_s001_t001,sampling_rate,250,naive,0,-1.478463,0.270660,12.851650
aaaaajxp_s001_t000,sampling_rate,250,naive,0,2.228463,0.661368,3.813481
aaaaakck_s001_t001,sampling_rate,250,naive,1,2.725800,0.709344,4.250269
aaaaakcx_s001_t001,sampling_rate,250,naive,1,7.483310,0.953626,5.284796
aaaaakcy_s005_t001,sampling_rate,250,naive,1,14.157079,0.997560,9.192248
aaaaakdj_s001_t000,sampling_rate,250,naive,1,0.533208,0.477499,5.810711
aaaaakdo_s001_t000,sampling_rate,250,naive,1,0.446762,0.467846,8.328431
aaaaakeq_s001_t000,sampling_rate,250,naive,1,5.712423,0.902928,20.391148
aaaaakeq_s002_t000,sampling_rate,250,naive,1,6.693277,0.935209,11.281011
aaaaakeq_s003_t000,sampling_rate,250,naive,1,6.341355,0.924975,16.767918
aaaaakev_s001_t001,sampling_rate,250,naive,1,19.659818,0.999792,44.535682
aaaaakev_s002_t000,sampling_rate,250,naive,1,16.580000,0.999175,15.170171
aaaaakft_s001_t000,sampling_rate,250,naive,0,-1.961806,0.230088,9.728431
aaaaakgp_s001_t001,sampling_rate,250,naive,0,2.702607,0.707197,2.311369
aaaaakgu_s001_t000,sampling_rate,250,naive,1,-0.598081,0.355059,1.095352
aaaaakjk_s002_t002,sampling_rate,250,naive,1,3.524477,0.777300,7.246524
aaaaakjk_s003_t000,sampling_rate,250,naive,1,3.363101,0.764535,1.089623
aaaaakka_s001_t001,sampling_rate,250,naive,0,-0.206549,0.396165,10.468703
aaaaakmg_s003_t001,sampling_rate,250,naive,1,8.534802,0.970533,3.481621
aaaaakmh_s001_t000,sampling_rate,250,naive,1,0.241736,0.445062,5.171302
aaaaaknt_s001_t000,sampling_rate,250,naive,1,2.207687,0.659280,6.008289
aaaaakoo_s001_t001,sampling_rate,250,naive,1,19.131838,0.999737,11.727810
aaaaakqg_s001_t001,sampling_rate,250,naive,0,-0.134822,0.403877,10.397045
aaaaakqr_s001_t000,sampling_rate,250,naive,0,-0.353060,0.380575,7.430804
aaaaakrt_s001_t001,sampling_rate,250,naive,1,7.381646,0.951570,1.827545
aaaaakrt_s002_t001,sampling_rate,250,naive,1,5.744653,0.904186,3.627863
aaaaaksb_s001_t000,sampling_rate,250,naive,0,-2.766765,0.172441,8.713288
aaaaaksu_s001_t001,sampling_rate,250,naive,0,0.713212,0.497644,5.174269
aaaaakxz_s001_t001,sampling_rate,250,naive,1,3.872232,0.803102,1.624910
aaaaakxz_s002_t001,sampling_rate,250,naive,1,9.226237,0.978212,7.075196
aaaaalaf_s001_t000,sampling_rate,250,naive,0,-0.197631,0.397121,2.481178
aaaaalau_s001_t000,sampling_rate,250,naive,1,2.999851,0.733992,3.754263
aaaaalbh_s001_t000,sampling_rate,250,naive,1,3.440179,0.770694,5.315219
aaaaalbt_s001_t001,sampling_rate,250,naive,0,-1.310537,0.285764,6.955658
aaaaalbt_s002_t000,sampling_rate,250,naive,0,-0.703984,0.344271,4.455107
aaaaalbz_s006_t000,sampling_rate,250,naive,1,13.905689,0.997270,18.805310
aaaaalid_s001_t001,sampling_rate,250,naive,0,6.635639,0.933627,14.185534
aaaaaljf_s001_t000,sampling_rate,250,naive,1,2.654102,0.702677,10.685194
aaaaaljj_s001_t000,sampling_rate,250,naive,0,-1.509034,0.267965,4.963453
aaaaallc_s001_t001,sampling_rate,250,naive,0,2.678532,0.704959,8.924561
aaaaalle_s002_t000,sampling_rate,250,naive,1,3.518226,0.776815,5.162187
aaaaalox_s001_t001,sampling_rate,250,naive,0,3.038209,0.737334,9.008457
aaaaalpv_s001_t000,sampling_rate,250,naive,0,0.995904,0.529271,11.002436
aaaaalqa_s001_t000,sampling_rate,250,naive,0,-0.405395,0.375064,5.897599
aaaaalqr_s001_t001,sampling_rate,250,naive,1,3.904756,0.805395,5.800461
aaaaalqs_s001_t001,sampling_rate,250,naive,0,-0.005799,0.417867,4.204326
aaaaalqx_s001_t000,sampling_rate,250,naive,0,-2.867199,0.166114,8.009615
aaaaalrc_s002_t000,sampling_rate,250,naive,1,22.618965,0.999945,2.769320
aaaaalsq_s001_t000,sampling_rate,250,naive,0,-0.707694,0.343896,1.526571
aaaaalsx_s001_t000,sampling_rate,250,naive,1,-0.357215,0.380137,3.713354
aaaaalsx_s004_t001,sampling_rate,250,naive,1,3.938301,0.807740,1.400399
aaaaaluz_s001_t001,sampling_rate,250,naive,0,-2.483453,0.191312,2.810538
aaaaalvw_s001_t000,sampling_rate,250,naive,0,-4.073008,0.103994,3.536792
aaaaalvz_s001_t000,sampling_rate,250,naive,1,17.764677,0.999514,16.941523
aaaaalxk_s001_t000,sampling_rate,250,naive,0,0.051607,0.424136,2.090371
aaaaalyr_s001_t000,sampling_rate,250,naive,1,2.666429,0.703830,2.269750
aaaaalzk_s002_t001,sampling_rate,250,naive,1,11.658154,0.992563,11.206143
aaaaamcb_s001_t001,sampling_rate,250,naive,1,8.565190,0.970920,8.022186
aaaaamfe_s001_t001,sampling_rate,250,naive,0,4.938168,0.867992,3.509773
aaaaamft_s001_t001,sampling_rate,250,naive,1,4.672989,0.853776,9.662042
aaaaamfu_s001_t000,sampling_rate,250,naive,0,-0.643773,0.350386,3.689763
aaaaamhi_s001_t000,sampling_rate,250,naive,1,13.332243,0.996473,22.615031
aaaaamhk_s001_t000,sampling_rate,250,naive,1,3.990063,0.811315,5.637254
aaaaamjc_s001_t001,sampling_rate,250,naive,1,9.978611,0.984348,7.887620
aaaaammh_s001_t001,sampling_rate,250,naive,1,2.855662,0.721191,8.614485
aaaaamnq_s001_t000,sampling_rate,250,naive,1,9.227658,0.978225,20.027415
aaaaamnq_s002_t000,sampling_rate,250,naive,1,8.071270,0.963978,8.629158
aaaaamon_s001_t000,sampling_rate,250,naive,0,0.952471,0.524421,14.289837
aaaaampz_s001_t000,sampling_rate,250,naive,1,2.893401,0.724578,3.189890
aaaaamrj_s001_t000,sampling_rate,250,naive,0,-0.318583,0.384223,4.711849
aaaaamsc_s001_t000,sampling_rate,250,naive,1,4.882581,0.865113,1.205345
aaaaamtb_s001_t000,sampling_rate,250,naive,0,1.295231,0.562500,4.248883
aaaaamuc_s001_t000,sampling_rate,250,naive,0,0.869908,0.515189,2.209446
aaaaamxn_s001_t000,sampling_rate,250,naive,1,1.396920,0.573678,6.117829
aaaaamyb_s001_t001,sampling_rate,250,naive,0,-0.170939,0.399987,6.584206
aaaaamye_s001_t000,sampling_rate,250,naive,1,15.272586,0.998518,16.778440
aaaaamzi_s001_t001,sampling_rate,250,naive,1,7.900810,0.961230,9.314416
aaaaamzl_s001_t000,sampling_rate,250,naive,0,-0.553381,0.359658,5.405245
aaaaamzx_s001_t000,sampling_rate,250,naive,0,-5.533333,0.056903,5.413579
aaaaanbq_s001_t000,sampling_rate,250,naive,0,-0.364630,0.379354,4.020804
aaaaanek_s001_t000,sampling_rate,250,naive,0,-4.499028,0.087506,2.180840
aaaaangp_s001_t000,sampling_rate,250,naive,0,0.853977,0.513406,3.506725
aaaaanhb_s001_t003,sampling_rate,250,naive,1,5.425770,0.891075,13.164268
aaaaanhb_s003_t001,sampling_rate,250,naive,1,3.561047,0.780123,3.697322
aaaaanhb_s005_t000,sampling_rate,250,naive,1,6.173139,0.919575,4.059844
aaaaankf_s001_t000,sampling_rate,250,naive,1,5.847988,0.908122,2.012679
aaaaanlp_s001_t000,sampling_rate,250,naive,0,-1.349310,0.282232,2.438744
aaaaanmc_s001_t000,sampling_rate,250,naive,1,7.285056,0.949536,7.229926
aaaaanop_s001_t000,sampling_rate,250,naive,0,-0.586134,0.356286,16.192117
aaaaanoz_s001_t000,sampling_rate,250,naive,1,-1.496990,0.269024,5.650957
aaaaanpr_s001_t002,sampling_rate,250,naive,1,5.407794,0.890291,6.605126
aaaaanqe_s001_t000,sampling_rate,250,naive,0,-1.919488,0.233464,2.862462
aaaaanro_s001_t000,sampling_rate,250,naive,1,2.839075,0.719694,5.189558
aaaaansj_s001_t000,sampling_rate,250,naive,1,3.954428,0.808859,8.577586
aaaaanta_s001_t000,sampling_rate,250,naive,1,7.601535,0.955913,7.609046
aaaaanum_s001_t000,sampling_rate,250,naive,0,0.735740,0.500167,2.474124
aaaaanvb_s002_t000,sampling_rate,250,naive,0,-1.660222,0.254889,10.832060
aaaaanvg_s001_t002,sampling_rate,250,naive,0,5.552675,0.896471,4.093875
aaaaanvw_s001_t000,sampling_rate,250,naive,0,-4.134913,0.101438,7.257923
aaaaanwc_s001_t001,sampling_rate,250,naive,1,9.835313,0.983328,48.405863
aaaaanxl_s001_t000,sampling_rate,250,naive,1,7.435235,0.952664,4.262538
aaaaanyb_s001_t001,sampling_rate,250,naive,0,0.050773,0.424044,3.993414
aaaaanyt_s002_t000,sampling_rate,250,naive,1,2.827298,0.718629,36.242691
aaaaanyw_s001_t000,sampling_rate,250,naive,1,5.500300,0.894273,2.737350
aaaaanyw_s002_t000,sampling_rate,250,naive,1,3.968852,0.809856,9.235895
aaaaanzh_s001_t000,sampling_rate,250,naive,1,2.700188,0.706973,9.851526
aaaaanzu_s001_t003,sampling_rate,250,naive,1,4.153697,0.822282,12.725394
aaaaaoav_s001_t000,sampling_rate,250,naive,0,-1.967876,0.229607,6.947698
aaaaaoav_s002_t000,sampling_rate,250,naive,0,-3.422988,0.134422,4.818957
aaaaaobi_s001_t000,sampling_rate,250,naive,1,-2.567307,0.185568,10.844073
aaaaaobl_s001_t000,sampling_rate,250,naive,0,-1.383990,0.279095,1.868077
aaaaaoby_s001_t000,sampling_rate,250,naive,0,0.400443,0.462684,5.523182
aaaaaoda_s001_t000,sampling_rate,250,naive,1,9.125612,0.977230,5.550229
aaaaaoeg_s001_t000,sampling_rate,250,naive,0,-2.234970,0.209128,7.807271
aaaaaofj_s001_t000,sampling_rate,250,naive,0,-0.132354,0.404143,2.938008
aaaaaofr_s001_t000,sampling_rate,250,naive,0,2.946187,0.729272,2.997448
aaaaaofz_s001_t000,sampling_rate,250,naive,0,0.233812,0.444186,12.989346
aaaaaohb_s001_t000,sampling_rate,250,naive,1,6.711127,0.935692,2.428585
aaaaaohr_s002_t001,sampling_rate,250,naive,1,7.147548,0.946501,4.516088
aaaaaoiq_s001_t000,sampling_rate,250,naive,1,3.056725,0.738937,6.523420
aaaaaoiv_s001_t000,sampling_rate,250,naive,1,-2.679578,0.178086,1.175779
aaaaaoiv_s002_t001,sampling_rate,250,naive,1,12.630059,0.995176,7.772590
aaaaaoiv_s003_t003,sampling_rate,250,naive,1,9.358502,0.979439,1.203771
aaaaaojd_s001_t002,sampling_rate,250,naive,0,0.584864,0.483275,5.666768
aaaaaokg_s001_t000,sampling_rate,250,naive,0,4.550533,0.846793,14.606122
aaaaaoly_s001_t000,sampling_rate,250,naive,0,-1.545298,0.264790,8.541213
aaaaaome_s001_t000,sampling_rate,250,naive,0,-2.975545,0.159499,3.848016
aaaaaomx_s001_t000,sampling_rate,250,naive,0,-2.443573,0.194091,6.615391
aaaaaomy_s001_t000,sampling_rate,250,naive,1,6.681880,0.934899,21.820216
aaaaaonb_s001_t000,sampling_rate,250,naive,0,1.219001,0.554079,10.175941
aaaaaons_s002_t002,sampling_rate,250,naive,1,5.126382,0.877358,4.598037
aaaaaopd_s001_t000,sampling_rate,250,naive,0,-1.224043,0.293738,8.222712
aaaaaopo_s001_t000,sampling_rate,250,naive,0,1.910596,0.628782,13.289598
aaaaaora_s002_t000,sampling_rate,250,naive,1,3.793770,0.797484,5.244489
aaaaaord_s001_t000,sampling_rate,250,naive,1,1.557399,0.591161,2.620991
aaaaaosh_s001_t000,sampling_rate,250,naive,1,0.212571,0.441837,0.793028
aaaaaosw_s001_t000,sampling_rate,250,naive,0,0.278387,0.449121,8.815111
aaaaaote_s001_t000,sampling_rate,250,naive,0,1.513181,0.586364,4.464127
aaaaaout_s001_t000,sampling_rate,250,naive,1,3.170092,0.748615,4.062187
aaaaaovl_s001_t000,sampling_rate,250,naive,1,11.210625,0.990927,5.738850
aaaaaovo_s001_t000,sampling_rate,250,naive,1,8.249483,0.966650,7.693040
aaaaaowb_s001_t000,sampling_rate,250,naive,0,1.970834,0.635059,5.991671
aaaaaoxf_s001_t000,sampling_rate,250,naive,0,-3.184175,0.147364,4.310300
aaaaaozf_s001_t001,sampling_rate,250,naive,0,0.858175,0.513876,12.355434
aaaaapag_s001_t000,sampling_rate,250,naive,0,-2.069661,0.221641,23.064646
aaaaapar_s001_t000,sampling_rate,250,naive,1,22.234383,0.999934,8.034200
aaaaapcb_s001_t000,sampling_rate,250,naive,0,4.724863,0.856653,1.999351
aaaaapcy_s001_t002,sampling_rate,250,naive,0,-2.619368,0.182069,5.302472
aaaaapdg_s001_t000,sampling_rate,250,naive,0,-3.055649,0.154747,5.751585
aaaaaphs_s001_t000,sampling_rate,250,naive,1,7.249133,0.948759,4.037976
aaaaaphw_s001_t000,sampling_rate,250,naive,0,1.584185,0.594058,4.351695
aaaaapij_s001_t000,sampling_rate,250,naive,0,0.925259,0.521380,4.257375
aaaaapjc_s001_t001,sampling_rate,250,naive,0,-1.653541,0.255458,5.392464
aaaaapka_s001_t000,sampling_rate,250,naive,0,-1.035298,0.311580,1.353806
aaaaapkx_s001_t001,sampling_rate,250,naive,1,-1.252446,0.291105,17.427785
aaaaaply_s001_t001,sampling_rate,250,naive,1,7.542123,0.954777,16.690844
aaaaapmb_s002_t001,sampling_rate,250,naive,1,5.670852,0.901283,2.402243
aaaaapmp_s001_t000,sampling_rate,250,naive,1,1.436509,0.578009,7.159549
aaaaapnr_s001_t000,sampling_rate,250,naive,1,-3.437481,0.133669,7.717813
aaaaapoc_s001_t000,sampling_rate,250,naive,1,6.213612,0.920905,6.305291
aaaaapof_s001_t000,sampling_rate,250,naive,0,-3.450676,0.132986,8.263158
aaaaapoo_s001_t000,sampling_rate,250,naive,0,0.458092,0.469110,10.332569
aaaaapoq_s001_t000,sampling_rate,250,naive,0,2.877797,0.723181,1.891007
aaaaappb_s001_t000,sampling_rate,250,naive,0,-1.099876,0.305408,5.571034
aaaaapqd_s001_t000,sampling_rate,250,naive,1,4.915547,0.866827,4.741676
aaaaapqv_s001_t000,sampling_rate,250,naive,0,0.714970,0.497841,14.622424
aaaaapta_s001_t000,sampling_rate,250,naive,1,0.344809,0.456494,19.927437
aaaaapth_s001_t000,sampling_rate,250,naive,1,3.416950,0.768850,3.481814
aaaaapua_s001_t001,sampling_rate,250,naive,0,-7.426538,0.025186,7.684413
aaaaapuu_s001_t000,sampling_rate,250,naive,0,0.739423,0.500579,5.927943
aaaaapvw_s001_t001,sampling_rate,250,naive,1,6.431457,0.927728,5.183188
aaaaapvy_s001_t000,sampling_rate,250,naive,1,2.715342,0.708377,8.005881
aaaaapwn_s001_t001,sampling_rate,250,naive,0,0.913355,0.520049,7.804805
aaaaapwo_s001_t001,sampling_rate,250,naive,1,10.376740,0.986872,3.361413
aaaaapxm_s001_t001,sampling_rate,250,naive,0,-1.249463,0.291381,9.896285
aaaaapys_s001_t001,sampling_rate,250,naive,1,13.636601,0.996921,3.659078
aaaaapys_s002_t001,sampling_rate,250,naive,1,8.313733,0.967565,3.907614
aaaaaayx_s002_t000,sampling_rate,256,canonicalized,0,0.790870,0.506341,6.025702
aaaaabdo_s003_t000,sampling_rate,256,canonicalized,1,10.256881,0.986157,5.560878
aaaaabsk_s007_t000,sampling_rate,256,canonicalized,1,1.748291,0.611657,10.187366
aaaaabuv_s002_t000,sampling_rate,256,canonicalized,1,3.148652,0.746803,3.206303
aaaaacad_s003_t000,sampling_rate,256,canonicalized,0,1.544570,0.589771,2.922572
aaaaacby_s004_t000,sampling_rate,256,canonicalized,0,1.056815,0.536064,1.283602
aaaaaddm_s006_t000,sampling_rate,256,canonicalized,1,5.306636,0.885785,8.020701
aaaaadeu_s002_t000,sampling_rate,256,canonicalized,1,4.866117,0.864250,5.733841
aaaaadjk_s002_t000,sampling_rate,256,canonicalized,0,-0.100746,0.407558,2.812384
aaaaadkb_s002_t000,sampling_rate,256,canonicalized,1,8.986927,0.975806,3.788238
aaaaadsm_s002_t001,sampling_rate,256,canonicalized,0,-3.188541,0.147119,3.714206
aaaaaeab_s003_t000,sampling_rate,256,canonicalized,0,0.858869,0.513954,3.688088
aaaaaejc_s003_t001,sampling_rate,256,canonicalized,0,0.605762,0.485614,7.242200
aaaaaezn_s003_t001,sampling_rate,256,canonicalized,1,0.183014,0.438574,12.897238
aaaaafhl_s003_t000,sampling_rate,256,canonicalized,1,3.186607,0.750005,5.182737
aaaaagfk_s003_t000,sampling_rate,256,canonicalized,0,-0.910153,0.323731,1.904959
aaaaagsc_s003_t001,sampling_rate,256,canonicalized,1,6.132533,0.918219,13.458050
aaaaagsc_s006_t001,sampling_rate,256,canonicalized,1,0.571914,0.481827,1.766768
aaaaaguk_s002_t001,sampling_rate,256,canonicalized,0,-4.085133,0.103489,14.564875
aaaaagvx_s002_t000,sampling_rate,256,canonicalized,1,2.103268,0.648696,6.621547
aaaaagvx_s003_t001,sampling_rate,256,canonicalized,1,2.362351,0.674669,1.632291
aaaaagyr_s002_t000,sampling_rate,256,canonicalized,1,0.332308,0.455105,2.461067
aaaaahie_s005_t001,sampling_rate,256,canonicalized,1,8.421311,0.969044,3.359942
aaaaahsv_s002_t000,sampling_rate,256,canonicalized,0,-0.647819,0.349973,4.902365
aaaaahte_s002_t000,sampling_rate,256,canonicalized,1,7.486424,0.953687,9.494900
aaaaahte_s003_t000,sampling_rate,256,canonicalized,1,9.686615,0.982200,5.726995
aaaaahuy_s002_t000,sampling_rate,256,canonicalized,1,0.384856,0.460948,2.070613
aaaaahzi_s001_t000,sampling_rate,256,canonicalized,0,1.331492,0.566494,2.218964
aaaaahzm_s001_t001,sampling_rate,256,canonicalized,0,1.579466,0.593548,2.006579
aaaaahzq_s001_t000,sampling_rate,256,canonicalized,0,-4.604116,0.083820,4.491994
aaaaahzs_s001_t001,sampling_rate,256,canonicalized,0,1.132855,0.544525,2.268847
aaaaaiae_s001_t000,sampling_rate,256,canonicalized,0,2.122128,0.650619,3.477858
aaaaaibx_s001_t000,sampling_rate,256,canonicalized,0,-2.646133,0.180290,5.046989
aaaaaiby_s001_t000,sampling_rate,256,canonicalized,0,-0.647552,0.350001,7.217379
aaaaaici_s001_t000,sampling_rate,256,canonicalized,0,-2.855880,0.166818,14.710099
aaaaaicn_s001_t000,sampling_rate,256,canonicalized,0,1.375787,0.571361,4.312888
aaaaaijh_s002_t000,sampling_rate,256,canonicalized,1,-4.426602,0.090132,6.577426
aaaaaijn_s001_t001,sampling_rate,256,canonicalized,0,-0.355857,0.380280,3.083201
aaaaairb_s001_t001,sampling_rate,256,canonicalized,0,3.385970,0.766374,3.516105
aaaaairo_s001_t000,sampling_rate,256,canonicalized,0,-4.266111,0.096205,9.851599
aaaaaitt_s001_t000,sampling_rate,256,canonicalized,0,-1.166538,0.299110,5.024074
aaaaaiue_s004_t000,sampling_rate,256,canonicalized,1,1.929914,0.630800,2.431806
aaaaaiuo_s002_t000,sampling_rate,256,canonicalized,0,1.268873,0.559592,5.573482
aaaaaiwz_s001_t001,sampling_rate,256,canonicalized,0,-0.821943,0.332442,2.406822
aaaaaiyy_s001_t001,sampling_rate,256,canonicalized,0,-1.822784,0.241306,7.339026
aaaaaizd_s001_t001,sampling_rate,256,canonicalized,0,0.714644,0.497804,10.493937
aaaaaizs_s001_t000,sampling_rate,256,canonicalized,0,0.353030,0.457408,2.719713
aaaaajae_s001_t001,sampling_rate,256,canonicalized,0,3.338307,0.762530,1.386564
aaaaajah_s002_t001,sampling_rate,256,canonicalized,1,-0.239867,0.392600,5.748566
aaaaajah_s004_t000,sampling_rate,256,canonicalized,1,1.576616,0.593240,3.224043
aaaaajal_s001_t001,sampling_rate,256,canonicalized,0,-2.774389,0.171954,0.601776
aaaaajam_s001_t000,sampling_rate,256,canonicalized,1,1.579794,0.593583,1.010359
aaaaajar_s001_t001,sampling_rate,256,canonicalized,0,-1.619597,0.258361,9.800142
aaaaajbb_s001_t000,sampling_rate,256,canonicalized,0,2.378410,0.676246,5.816195
aaaaajbh_s002_t000,sampling_rate,256,canonicalized,0,1.545182,0.589837,3.051921
aaaaajce_s001_t000,sampling_rate,256,canonicalized,0,-0.964679,0.318406,3.689957
aaaaajci_s001_t000,sampling_rate,256,canonicalized,0,1.760401,0.612945,2.299570
aaaaajck_s001_t000,sampling_rate,256,canonicalized,0,-3.384361,0.136448,4.497059
aaaaajct_s001_t000,sampling_rate,256,canonicalized,0,1.305809,0.563666,1.473284
aaaaajcu_s001_t000,sampling_rate,256,canonicalized,0,-0.881399,0.326557,3.247416
aaaaajda_s001_t000,sampling_rate,256,canonicalized,0,-2.519825,0.188804,3.523781
aaaaajdb_s001_t000,sampling_rate,256,canonicalized,0,-2.666378,0.178953,9.974358
aaaaajdv_s001_t000,sampling_rate,256,canonicalized,0,0.542964,0.478589,11.516691
aaaaajdy_s001_t000,sampling_rate,256,canonicalized,0,-2.338084,0.201591,6.578757
aaaaajdz_s001_t000,sampling_rate,256,canonicalized,0,-0.979514,0.316965,4.059721
aaaaajea_s001_t000,sampling_rate,256,canonicalized,0,3.834491,0.800414,2.721785
aaaaajen_s001_t000,sampling_rate,256,canonicalized,0,-0.702276,0.344444,2.978086
aaaaajey_s001_t000,sampling_rate,256,canonicalized,0,-0.586911,0.356206,10.360769
aaaaajfb_s001_t000,sampling_rate,256,canonicalized,0,-3.257964,0.143259,10.290484
aaaaajfe_s001_t000,sampling_rate,256,canonicalized,0,-0.652660,0.349480,2.360350
aaaaajff_s001_t000,sampling_rate,256,canonicalized,0,-3.147362,0.149449,0.711520
aaaaajfi_s001_t001,sampling_rate,256,canonicalized,0,-1.360726,0.281197,1.874625
aaaaajfn_s001_t001,sampling_rate,256,canonicalized,0,-1.966634,0.229705,7.999888
aaaaajfy_s001_t000,sampling_rate,256,canonicalized,0,-4.024433,0.106039,10.235213
aaaaajga_s001_t001,sampling_rate,256,canonicalized,0,1.040420,0.534237,8.775997
aaaaajhy_s001_t000,sampling_rate,256,canonicalized,0,-4.054423,0.104772,7.281731
aaaaajit_s001_t001,sampling_rate,256,canonicalized,0,-0.408045,0.374786,4.178939
aaaaajiu_s001_t000,sampling_rate,256,canonicalized,0,0.019922,0.420673,8.872624
aaaaajiy_s001_t001,sampling_rate,256,canonicalized,0,-1.311477,0.285678,6.960784
aaaaajiz_s001_t000,sampling_rate,256,canonicalized,0,-0.646242,0.350134,10.212792
aaaaajjb_s001_t001,sampling_rate,256,canonicalized,0,0.892204,0.517683,5.243501
aaaaajje_s001_t000,sampling_rate,256,canonicalized,0,-2.972982,0.159653,13.719766
aaaaajjk_s001_t000,sampling_rate,256,canonicalized,0,2.244014,0.662927,5.543083
aaaaajna_s001_t000,sampling_rate,256,canonicalized,0,-4.671718,0.081523,6.326486
aaaaajnu_s001_t000,sampling_rate,256,canonicalized,0,-3.137969,0.149984,5.947576
aaaaajon_s001_t000,sampling_rate,256,canonicalized,0,-0.532608,0.361804,14.665051
aaaaajoo_s002_t001,sampling_rate,256,canonicalized,1,0.723416,0.498787,8.605607
aaaaajpg_s001_t001,sampling_rate,256,canonicalized,0,-3.063181,0.154306,4.451720
aaaaajqh_s004_t000,sampling_rate,256,canonicalized,1,10.851598,0.989361,10.548094
aaaaajqk_s003_t001,sampling_rate,256,canonicalized,1,7.132155,0.946151,4.629901
aaaaajrf_s001_t000,sampling_rate,256,canonicalized,1,20.528000,0.999859,13.859104
aaaaajrf_s002_t000,sampling_rate,256,canonicalized,1,21.560969,0.999911,5.530213
aaaaajrf_s003_t002,sampling_rate,256,canonicalized,1,17.151509,0.999361,13.122676
aaaaajrf_s004_t000,sampling_rate,256,canonicalized,1,2.927251,0.727594,2.720151
aaaaajso_s001_t000,sampling_rate,256,canonicalized,1,8.414275,0.968949,5.810422
aaaaajtg_s001_t000,sampling_rate,256,canonicalized,0,-0.597006,0.355169,19.153734
aaaaajtu_s001_t000,sampling_rate,256,canonicalized,0,-2.249499,0.208054,7.759734
aaaaajuh_s001_t000,sampling_rate,256,canonicalized,1,5.451343,0.892182,9.232045
aaaaajun_s001_t000,sampling_rate,256,canonicalized,0,5.866284,0.908804,9.658897
aaaaajvh_s001_t001,sampling_rate,256,canonicalized,0,-1.458127,0.272462,12.934222
aaaaajxp_s001_t000,sampling_rate,256,canonicalized,0,2.202870,0.658795,3.831332
aaaaakck_s001_t001,sampling_rate,256,canonicalized,1,2.732773,0.709988,4.260143
aaaaakcx_s001_t001,sampling_rate,256,canonicalized,1,7.472510,0.953411,5.264066
aaaaakcy_s005_t001,sampling_rate,256,canonicalized,1,14.186014,0.997591,9.206781
aaaaakdj_s001_t000,sampling_rate,256,canonicalized,1,0.557709,0.480238,5.798253
aaaaakdo_s001_t000,sampling_rate,256,canonicalized,1,0.457511,0.469045,8.310331
aaaaakeq_s001_t000,sampling_rate,256,canonicalized,1,5.712891,0.902946,20.390647
aaaaakeq_s002_t000,sampling_rate,256,canonicalized,1,6.703847,0.935495,11.318351
aaaaakeq_s003_t000,sampling_rate,256,canonicalized,1,6.354653,0.925387,16.834193
aaaaakev_s001_t001,sampling_rate,256,canonicalized,1,19.676631,0.999794,44.756592
aaaaakev_s002_t000,sampling_rate,256,canonicalized,1,16.602512,0.999183,15.251746
aaaaakft_s001_t000,sampling_rate,256,canonicalized,0,-1.985048,0.228249,9.788746
aaaaakgp_s001_t001,sampling_rate,256,canonicalized,0,2.716098,0.708447,2.307707
aaaaakgu_s001_t000,sampling_rate,256,canonicalized,1,-0.629845,0.351807,1.096415
aaaaakjk_s002_t002,sampling_rate,256,canonicalized,1,3.531616,0.777853,7.250429
aaaaakjk_s003_t000,sampling_rate,256,canonicalized,1,3.361065,0.764371,1.104503
aaaaakka_s001_t001,sampling_rate,256,canonicalized,0,-0.210315,0.395761,10.451049
aaaaakmg_s003_t001,sampling_rate,256,canonicalized,1,8.536689,0.970558,3.486051
aaaaakmh_s001_t000,sampling_rate,256,canonicalized,1,0.243615,0.445270,5.173498
aaaaaknt_s001_t000,sampling_rate,256,canonicalized,1,2.204802,0.658990,6.048367
aaaaakoo_s001_t001,sampling_rate,256,canonicalized,1,19.147706,0.999739,11.775048
aaaaakqg_s001_t001,sampling_rate,256,canonicalized,0,-0.133716,0.403996,10.444366
aaaaakqr_s001_t000,sampling_rate,256,canonicalized,0,-0.375465,0.378212,7.382369
aaaaakrt_s001_t001,sampling_rate,256,canonicalized,1,7.378983,0.951515,1.849966
aaaaakrt_s002_t001,sampling_rate,256,canonicalized,1,5.726049,0.903461,3.681341
aaaaaksb_s001_t000,sampling_rate,256,canonicalized,0,-2.784145,0.171332,8.689846
aaaaaksu_s001_t001,sampling_rate,256,canonicalized,0,0.689754,0.495017,5.162566
aaaaakxz_s001_t001,sampling_rate,256,canonicalized,1,3.864487,0.802552,1.628959
aaaaakxz_s002_t001,sampling_rate,256,canonicalized,1,9.203418,0.977993,7.116919
aaaaalaf_s001_t000,sampling_rate,256,canonicalized,0,-0.203360,0.396507,2.492549
aaaaalau_s001_t000,sampling_rate,256,canonicalized,1,2.985488,0.732734,3.721072
aaaaalbh_s001_t000,sampling_rate,256,canonicalized,1,3.437627,0.770492,5.300002
aaaaalbt_s001_t001,sampling_rate,256,canonicalized,0,-1.324553,0.284484,7.020064
aaaaalbt_s002_t000,sampling_rate,256,canonicalized,0,-0.728103,0.341836,4.434100
aaaaalbz_s006_t000,sampling_rate,256,canonicalized,1,13.913068,0.997279,18.839791
aaaaalid_s001_t001,sampling_rate,256,canonicalized,0,6.641469,0.933788,14.228024
aaaaaljf_s001_t000,sampling_rate,256,canonicalized,1,2.637469,0.701118,10.754003
aaaaaljj_s001_t000,sampling_rate,256,canonicalized,0,-1.484586,0.270118,4.976168
aaaaallc_s001_t001,sampling_rate,256,canonicalized,0,2.682883,0.705364,8.904158
aaaaalle_s002_t000,sampling_rate,256,canonicalized,1,3.495518,0.775046,5.155755
aaaaalox_s001_t001,sampling_rate,256,canonicalized,0,3.046283,0.738034,9.118571
aaaaalpv_s001_t000,sampling_rate,256,canonicalized,0,0.998634,0.529576,11.006137
aaaaalqa_s001_t000,sampling_rate,256,canonicalized,0,-0.397667,0.375876,5.888145
aaaaalqr_s001_t001,sampling_rate,256,canonicalized,1,3.868106,0.802809,5.793017
aaaaalqs_s001_t001,sampling_rate,256,canonicalized,0,-0.010598,0.417344,4.193092
aaaaalqx_s001_t000,sampling_rate,256,canonicalized,0,-2.891603,0.164605,7.948517
aaaaalrc_s002_t000,sampling_rate,256,canonicalized,1,22.641505,0.999945,2.761741
aaaaalsq_s001_t000,sampling_rate,256,canonicalized,0,-0.704693,0.344199,1.522287
aaaaalsx_s001_t000,sampling_rate,256,canonicalized,1,-0.377185,0.378031,3.701976
aaaaalsx_s004_t001,sampling_rate,256,canonicalized,1,3.914028,0.806046,1.401039
aaaaaluz_s001_t001,sampling_rate,256,canonicalized,0,-2.475872,0.191838,2.801088
aaaaalvw_s001_t000,sampling_rate,256,canonicalized,0,-4.077805,0.103794,3.550367
aaaaalvz_s001_t000,sampling_rate,256,canonicalized,1,17.785066,0.999519,16.933765
aaaaalxk_s001_t000,sampling_rate,256,canonicalized,0,0.042685,0.423160,2.095280
aaaaalyr_s001_t000,sampling_rate,256,canonicalized,1,2.640967,0.701446,2.268646
aaaaalzk_s002_t001,sampling_rate,256,canonicalized,1,11.651711,0.992542,11.270437
aaaaamcb_s001_t001,sampling_rate,256,canonicalized,1,8.564961,0.970917,8.020156
aaaaamfe_s001_t001,sampling_rate,256,canonicalized,0,4.958395,0.869027,3.520411
aaaaamft_s001_t001,sampling_rate,256,canonicalized,1,4.652094,0.852603,9.675068
aaaaamfu_s001_t000,sampling_rate,256,canonicalized,0,-0.659084,0.348826,3.698427
aaaaamhi_s001_t000,sampling_rate,256,canonicalized,1,13.349575,0.996500,22.689155
aaaaamhk_s001_t000,sampling_rate,256,canonicalized,1,3.964703,0.809570,5.630919
aaaaamjc_s001_t001,sampling_rate,256,canonicalized,1,9.988647,0.984417,7.876453
aaaaammh_s001_t001,sampling_rate,256,canonicalized,1,2.856553,0.721271,8.605673
aaaaamnq_s001_t000,sampling_rate,256,canonicalized,1,9.240066,0.978343,20.145605
aaaaamnq_s002_t000,sampling_rate,256,canonicalized,1,8.100619,0.964432,8.667971
aaaaamon_s001_t000,sampling_rate,256,canonicalized,0,0.969982,0.526377,14.268176
aaaaampz_s001_t000,sampling_rate,256,canonicalized,1,2.888194,0.724112,3.234814
aaaaamrj_s001_t000,sampling_rate,256,canonicalized,0,-0.323167,0.383737,4.727287
aaaaamsc_s001_t000,sampling_rate,256,canonicalized,1,4.878781,0.864914,1.208157
aaaaamtb_s001_t000,sampling_rate,256,canonicalized,0,1.297674,0.562770,4.269974
aaaaamuc_s001_t000,sampling_rate,256,canonicalized,0,0.844240,0.512316,2.202823
aaaaamxn_s001_t000,sampling_rate,256,canonicalized,1,1.389130,0.572824,6.107372
aaaaamyb_s001_t001,sampling_rate,256,canonicalized,0,-0.192681,0.397652,6.564235
aaaaamye_s001_t000,sampling_rate,256,canonicalized,1,15.284759,0.998526,16.803892
aaaaamzi_s001_t001,sampling_rate,256,canonicalized,1,7.894940,0.961132,9.386423
aaaaamzl_s001_t000,sampling_rate,256,canonicalized,0,-0.561600,0.358810,5.415133
aaaaamzx_s001_t000,sampling_rate,256,canonicalized,0,-5.554340,0.056400,5.378910
aaaaanbq_s001_t000,sampling_rate,256,canonicalized,0,-0.387658,0.376928,4.054743
aaaaanek_s001_t000,sampling_rate,256,canonicalized,0,-4.495418,0.087636,2.162724
aaaaangp_s001_t000,sampling_rate,256,canonicalized,0,0.819887,0.509590,3.510574
aaaaanhb_s001_t003,sampling_rate,256,canonicalized,1,5.423997,0.890998,13.178141
aaaaanhb_s003_t001,sampling_rate,256,canonicalized,1,3.534033,0.778040,3.737999
aaaaanhb_s005_t000,sampling_rate,256,canonicalized,1,6.162034,0.919206,4.060092
aaaaankf_s001_t000,sampling_rate,256,canonicalized,1,5.860021,0.908571,2.042883
aaaaanlp_s001_t000,sampling_rate,256,canonicalized,0,-1.375154,0.279892,2.434155
aaaaanmc_s001_t000,sampling_rate,256,canonicalized,1,7.281372,0.949457,7.251645
aaaaanop_s001_t000,sampling_rate,256,canonicalized,0,-0.577917,0.357130,16.324526
aaaaanoz_s001_t000,sampling_rate,256,canonicalized,1,-1.521416,0.266878,5.683225
aaaaanpr_s001_t002,sampling_rate,256,canonicalized,1,5.390425,0.889528,6.600546
aaaaanqe_s001_t000,sampling_rate,256,canonicalized,0,-1.913802,0.233920,2.911941
aaaaanro_s001_t000,sampling_rate,256,canonicalized,1,2.839605,0.719742,5.200243
aaaaansj_s001_t000,sampling_rate,256,canonicalized,1,3.949177,0.808495,8.655586
aaaaanta_s001_t000,sampling_rate,256,canonicalized,1,7.608588,0.956046,7.670598
aaaaanum_s001_t000,sampling_rate,256,canonicalized,0,0.738038,0.500424,2.468687
aaaaanvb_s002_t000,sampling_rate,256,canonicalized,0,-1.646494,0.256059,10.865177
aaaaanvg_s001_t002,sampling_rate,256,canonicalized,0,5.539496,0.895922,4.133048
aaaaanvw_s001_t000,sampling_rate,256,canonicalized,0,-4.132408,0.101540,7.250619
aaaaanwc_s001_t001,sampling_rate,256,canonicalized,1,9.833220,0.983313,48.588779
aaaaanxl_s001_t000,sampling_rate,256,canonicalized,1,7.428766,0.952533,4.221227
aaaaanyb_s001_t001,sampling_rate,256,canonicalized,0,0.006282,0.419184,3.971655
aaaaanyt_s002_t000,sampling_rate,256,canonicalized,1,2.823623,0.718296,36.154009
aaaaanyw_s001_t000,sampling_rate,256,canonicalized,1,5.518147,0.895027,2.794247
aaaaanyw_s002_t000,sampling_rate,256,canonicalized,1,3.958700,0.809155,9.330141
aaaaanzh_s001_t000,sampling_rate,256,canonicalized,1,2.696907,0.706668,9.883738
aaaaanzu_s001_t003,sampling_rate,256,canonicalized,1,4.160908,0.822754,12.742511
aaaaaoav_s001_t000,sampling_rate,256,canonicalized,0,-1.972299,0.229257,6.881993
aaaaaoav_s002_t000,sampling_rate,256,canonicalized,0,-3.423249,0.134409,4.818868
aaaaaobi_s001_t000,sampling_rate,256,canonicalized,1,-2.541522,0.187320,10.867002
aaaaaobl_s001_t000,sampling_rate,256,canonicalized,0,-1.394335,0.278163,1.850106
aaaaaoby_s001_t000,sampling_rate,256,canonicalized,0,0.400355,0.462674,5.523662
aaaaaoda_s001_t000,sampling_rate,256,canonicalized,1,9.128697,0.977261,5.550976
aaaaaoeg_s001_t000,sampling_rate,256,canonicalized,0,-2.232106,0.209341,7.764108
aaaaaofj_s001_t000,sampling_rate,256,canonicalized,0,-0.165952,0.400524,2.937287
aaaaaofr_s001_t000,sampling_rate,256,canonicalized,0,2.922334,0.727157,3.011400
aaaaaofz_s001_t000,sampling_rate,256,canonicalized,0,0.225389,0.443254,13.026049
aaaaaohb_s001_t000,sampling_rate,256,canonicalized,1,6.720125,0.935934,2.413753
aaaaaohr_s002_t001,sampling_rate,256,canonicalized,1,7.149599,0.946548,4.515089
aaaaaoiq_s001_t000,sampling_rate,256,canonicalized,1,3.058929,0.739128,6.528275
aaaaaoiv_s001_t000,sampling_rate,256,canonicalized,1,-2.688666,0.177491,1.160111
aaaaaoiv_s002_t001,sampling_rate,256,canonicalized,1,12.641022,0.995199,7.772350
aaaaaoiv_s003_t003,sampling_rate,256,canonicalized,1,9.368135,0.979526,1.203158
aaaaaojd_s001_t002,sampling_rate,256,canonicalized,0,0.561536,0.480666,5.645363
aaaaaokg_s001_t000,sampling_rate,256,canonicalized,0,4.552615,0.846914,14.610927
aaaaaoly_s001_t000,sampling_rate,256,canonicalized,0,-1.568224,0.262795,8.609982
aaaaaome_s001_t000,sampling_rate,256,canonicalized,0,-2.966702,0.160031,3.881430
aaaaaomx_s001_t000,sampling_rate,256,canonicalized,0,-2.450810,0.193585,6.675484
aaaaaomy_s001_t000,sampling_rate,256,canonicalized,1,6.674895,0.934708,21.869612
aaaaaonb_s001_t000,sampling_rate,256,canonicalized,0,1.230499,0.555351,10.173220
aaaaaons_s002_t002,sampling_rate,256,canonicalized,1,5.129431,0.877505,4.619265
aaaaaopd_s001_t000,sampling_rate,256,canonicalized,0,-1.237584,0.292481,8.275895
aaaaaopo_s001_t000,sampling_rate,256,canonicalized,0,1.938615,0.631707,13.285557
aaaaaora_s002_t000,sampling_rate,256,canonicalized,1,3.793966,0.797498,5.244211
aaaaaord_s001_t000,sampling_rate,256,canonicalized,1,1.566782,0.592176,2.583729
aaaaaosh_s001_t000,sampling_rate,256,canonicalized,1,0.219113,0.442560,0.796722
aaaaaosw_s001_t000,sampling_rate,256,canonicalized,0,0.260215,0.447108,8.798810
aaaaaote_s001_t000,sampling_rate,256,canonicalized,0,1.494049,0.584284,4.460530
aaaaaout_s001_t000,sampling_rate,256,canonicalized,1,3.165652,0.748241,4.040927
aaaaaovl_s001_t000,sampling_rate,256,canonicalized,1,11.210764,0.990928,5.737111
aaaaaovo_s001_t000,sampling_rate,256,canonicalized,1,8.235404,0.966446,7.764354
aaaaaowb_s001_t000,sampling_rate,256,canonicalized,0,1.952281,0.633130,5.996719
aaaaaoxf_s001_t000,sampling_rate,256,canonicalized,0,-3.178440,0.147687,4.267826
aaaaaozf_s001_t001,sampling_rate,256,canonicalized,0,0.874396,0.515691,12.344708
aaaaapag_s001_t000,sampling_rate,256,canonicalized,0,-2.067035,0.221844,22.958947
aaaaapar_s001_t000,sampling_rate,256,canonicalized,1,22.248251,0.999935,8.020406
aaaaapcb_s001_t000,sampling_rate,256,canonicalized,0,4.694888,0.854996,2.009490
aaaaapcy_s001_t002,sampling_rate,256,canonicalized,0,-2.623287,0.181807,5.301515
aaaaapdg_s001_t000,sampling_rate,256,canonicalized,0,-3.042849,0.155498,5.712719
aaaaaphs_s001_t000,sampling_rate,256,canonicalized,1,7.260591,0.949008,4.077111
aaaaaphw_s001_t000,sampling_rate,256,canonicalized,0,1.587200,0.594383,4.338247
aaaaapij_s001_t000,sampling_rate,256,canonicalized,0,0.896873,0.518206,4.253422
aaaaapjc_s001_t001,sampling_rate,256,canonicalized,0,-1.660943,0.254828,5.378018
aaaaapka_s001_t000,sampling_rate,256,canonicalized,0,-1.049536,0.310213,1.364555
aaaaapkx_s001_t001,sampling_rate,256,canonicalized,1,-1.264563,0.289986,17.451231
aaaaaply_s001_t001,sampling_rate,256,canonicalized,1,7.542501,0.954785,16.690638
aaaaapmb_s002_t001,sampling_rate,256,canonicalized,1,5.611356,0.898886,2.394453
aaaaapmp_s001_t000,sampling_rate,256,canonicalized,1,1.453326,0.579846,7.189992
aaaaapnr_s001_t000,sampling_rate,256,canonicalized,1,-3.427742,0.134175,7.671107
aaaaapoc_s001_t000,sampling_rate,256,canonicalized,1,6.224309,0.921254,6.313507
aaaaapof_s001_t000,sampling_rate,256,canonicalized,0,-3.451754,0.132930,8.345339
aaaaapoo_s001_t000,sampling_rate,256,canonicalized,0,0.438618,0.466938,10.372674
aaaaapoq_s001_t000,sampling_rate,256,canonicalized,0,2.886383,0.723950,1.888874
aaaaappb_s001_t000,sampling_rate,256,canonicalized,0,-1.096017,0.305775,5.635722
aaaaapqd_s001_t000,sampling_rate,256,canonicalized,1,4.873148,0.864619,4.794405
aaaaapqv_s001_t000,sampling_rate,256,canonicalized,0,0.686205,0.494619,14.621498
aaaaapta_s001_t000,sampling_rate,256,canonicalized,1,0.344693,0.456481,19.929139
aaaaapth_s001_t000,sampling_rate,256,canonicalized,1,3.417056,0.768859,3.482275
aaaaapua_s001_t001,sampling_rate,256,canonicalized,0,-7.425329,0.025199,7.657244
aaaaapuu_s001_t000,sampling_rate,256,canonicalized,0,0.722917,0.498731,5.853418
aaaaapvw_s001_t001,sampling_rate,256,canonicalized,1,6.427834,0.927619,5.188201
aaaaapvy_s001_t000,sampling_rate,256,canonicalized,1,2.680241,0.705118,7.927223
aaaaapwn_s001_t001,sampling_rate,256,canonicalized,0,0.907552,0.519400,7.791576
aaaaapwo_s001_t001,sampling_rate,256,canonicalized,1,10.373447,0.986852,3.414229
aaaaapxm_s001_t001,sampling_rate,256,canonicalized,0,-1.218394,0.294263,9.898339
aaaaapys_s001_t001,sampling_rate,256,canonicalized,1,13.632921,0.996916,3.697102
aaaaapys_s002_t001,sampling_rate,256,canonicalized,1,8.313813,0.967566,3.907705
aaaaaayx_s002_t000,sampling_rate,256,naive,0,0.039534,0.422815,9.125978
aaaaabdo_s003_t000,sampling_rate,256,naive,1,11.467590,0.991906,5.718194
aaaaabsk_s007_t000,sampling_rate,256,naive,1,2.211434,0.659657,3.714466
aaaaabuv_s002_t000,sampling_rate,256,naive,1,2.299905,0.668499,3.987735
aaaaacad_s003_t000,sampling_rate,256,naive,0,2.117356,0.650132,0.648189
aaaaacby_s004_t000,sampling_rate,256,naive,0,0.996355,0.529322,1.260824
aaaaaddm_s006_t000,sampling_rate,256,naive,1,4.561800,0.847447,11.328750
aaaaadeu_s002_t000,sampling_rate,256,naive,1,6.107355,0.917368,4.648757
aaaaadjk_s002_t000,sampling_rate,256,naive,0,0.128641,0.432586,3.269096
aaaaadkb_s002_t000,sampling_rate,256,naive,1,8.456169,0.969509,5.573889
aaaaadsm_s002_t001,sampling_rate,256,naive,0,-3.176226,0.147812,2.982991
aaaaaeab_s003_t000,sampling_rate,256,naive,0,0.343216,0.456317,1.315172
aaaaaejc_s003_t001,sampling_rate,256,naive,0,0.634432,0.488823,2.451566
aaaaaezn_s003_t001,sampling_rate,256,naive,1,1.928549,0.630657,9.496710
aaaaafhl_s003_t000,sampling_rate,256,naive,1,3.382035,0.766059,1.846948
aaaaagfk_s003_t000,sampling_rate,256,naive,0,-0.299925,0.386203,4.344150
aaaaagsc_s003_t001,sampling_rate,256,naive,1,5.406022,0.890213,24.005535
aaaaagsc_s006_t001,sampling_rate,256,naive,1,-0.392390,0.376431,9.028800
aaaaaguk_s002_t001,sampling_rate,256,naive,0,-4.787543,0.077721,7.073756
aaaaagvx_s002_t000,sampling_rate,256,naive,1,1.982980,0.636319,3.559377
aaaaagvx_s003_t001,sampling_rate,256,naive,1,1.755535,0.612428,7.713729
aaaaagyr_s002_t000,sampling_rate,256,naive,1,-1.193675,0.296568,9.031515
aaaaahie_s005_t001,sampling_rate,256,naive,1,9.089214,0.976864,2.888247
aaaaahsv_s002_t000,sampling_rate,256,naive,0,-0.632706,0.351515,5.107071
aaaaahte_s002_t000,sampling_rate,256,naive,1,5.817424,0.906973,5.489075
aaaaahte_s003_t000,sampling_rate,256,naive,1,8.645620,0.971921,3.046994
aaaaahuy_s002_t000,sampling_rate,256,naive,1,0.214592,0.442061,5.560301
aaaaahzi_s001_t000,sampling_rate,256,naive,0,-1.429298,0.275029,4.535124
aaaaahzm_s001_t001,sampling_rate,256,naive,0,2.052551,0.643500,3.561197
aaaaahzq_s001_t000,sampling_rate,256,naive,0,-4.569544,0.085017,4.359343
aaaaahzs_s001_t001,sampling_rate,256,naive,0,0.517206,0.475711,3.115726
aaaaaiae_s001_t000,sampling_rate,256,naive,0,2.294422,0.667954,6.214395
aaaaaibx_s001_t000,sampling_rate,256,naive,0,-1.488787,0.269748,3.910136
aaaaaiby_s001_t000,sampling_rate,256,naive,0,-1.677431,0.253428,14.266396
aaaaaici_s001_t000,sampling_rate,256,naive,0,-2.313847,0.203344,17.373483
aaaaaicn_s001_t000,sampling_rate,256,naive,0,0.174272,0.437610,8.030879
aaaaaijh_s002_t000,sampling_rate,256,naive,1,-4.276419,0.095804,11.559021
aaaaaijn_s001_t001,sampling_rate,256,naive,0,-0.555355,0.359454,3.981824
aaaaairb_s001_t001,sampling_rate,256,naive,0,3.626826,0.785136,3.792067
aaaaairo_s001_t000,sampling_rate,256,naive,0,-3.006726,0.157635,8.872700
aaaaaitt_s001_t000,sampling_rate,256,naive,0,-1.803299,0.242908,15.593310
aaaaaiue_s004_t000,sampling_rate,256,naive,1,1.347024,0.568202,7.725404
aaaaaiuo_s002_t000,sampling_rate,256,naive,0,0.582548,0.483016,1.768016
aaaaaiwz_s001_t001,sampling_rate,256,naive,0,-0.783399,0.336285,3.250131
aaaaaiyy_s001_t001,sampling_rate,256,naive,0,-0.871118,0.327571,1.274533
aaaaaizd_s001_t001,sampling_rate,256,naive,0,0.526793,0.476782,5.283364
aaaaaizs_s001_t000,sampling_rate,256,naive,0,1.536715,0.588919,3.791605
aaaaajae_s001_t001,sampling_rate,256,naive,0,4.084365,0.817698,3.978720
aaaaajah_s002_t001,sampling_rate,256,naive,1,0.740851,0.500739,3.817036
aaaaajah_s004_t000,sampling_rate,256,naive,1,1.388068,0.572707,4.254624
aaaaajal_s001_t001,sampling_rate,256,naive,0,-2.562806,0.185872,8.381984
aaaaajam_s001_t000,sampling_rate,256,naive,1,1.667441,0.603020,0.726797
aaaaajar_s001_t001,sampling_rate,256,naive,0,-0.254822,0.391003,3.976160
aaaaajbb_s001_t000,sampling_rate,256,naive,0,1.913098,0.629043,2.600153
aaaaajbh_s002_t000,sampling_rate,256,naive,0,0.442105,0.467327,0.668038
aaaaajce_s001_t000,sampling_rate,256,naive,0,-1.427884,0.275156,9.621920
aaaaajci_s001_t000,sampling_rate,256,naive,0,1.008704,0.530700,8.425689
aaaaajck_s001_t000,sampling_rate,256,naive,0,-3.411218,0.135037,11.418969
aaaaajct_s001_t000,sampling_rate,256,naive,0,1.558722,0.591304,3.206551
aaaaajcu_s001_t000,sampling_rate,256,naive,0,-2.208196,0.211119,7.865401
aaaaajda_s001_t000,sampling_rate,256,naive,0,-2.659931,0.179378,7.161894
aaaaajdb_s001_t000,sampling_rate,256,naive,0,-2.135175,0.216619,15.355030
aaaaajdv_s001_t000,sampling_rate,256,naive,0,0.005266,0.419073,6.825656
aaaaajdy_s001_t000,sampling_rate,256,naive,0,-2.848873,0.167254,4.173840
aaaaajdz_s001_t000,sampling_rate,256,naive,0,-2.190193,0.212465,7.089524
aaaaajea_s001_t000,sampling_rate,256,naive,0,4.212997,0.826131,8.672564
aaaaajen_s001_t000,sampling_rate,256,naive,0,1.092787,0.540069,6.525267
aaaaajey_s001_t000,sampling_rate,256,naive,0,-0.728873,0.341758,6.451150
aaaaajfb_s001_t000,sampling_rate,256,naive,0,-3.512268,0.129836,8.885175
aaaaajfe_s001_t000,sampling_rate,256,naive,0,0.050293,0.423992,5.019232
aaaaajff_s001_t000,sampling_rate,256,naive,0,-1.940284,0.231801,3.306110
aaaaajfi_s001_t001,sampling_rate,256,naive,0,0.086044,0.427908,2.512461
aaaaajfn_s001_t001,sampling_rate,256,naive,0,-2.214256,0.210667,15.570135
aaaaajfy_s001_t000,sampling_rate,256,naive,0,-4.454458,0.089114,4.713825
aaaaajga_s001_t001,sampling_rate,256,naive,0,-0.423951,0.373118,14.923630
aaaaajhy_s001_t000,sampling_rate,256,naive,0,-2.595019,0.183699,10.159118
aaaaajit_s001_t001,sampling_rate,256,naive,0,-0.922536,0.322517,3.552111
aaaaajiu_s001_t000,sampling_rate,256,naive,0,0.134249,0.433203,14.484371
aaaaajiy_s001_t001,sampling_rate,256,naive,0,-1.147564,0.300895,8.302528
aaaaajiz_s001_t000,sampling_rate,256,naive,0,0.125105,0.432197,6.717227
aaaaajjb_s001_t001,sampling_rate,256,naive,0,1.491123,0.583966,2.070847
aaaaajje_s001_t000,sampling_rate,256,naive,0,-2.607555,0.182858,3.160841
aaaaajjk_s001_t000,sampling_rate,256,naive,0,2.191679,0.657668,7.425613
aaaaajna_s001_t000,sampling_rate,256,naive,0,-4.121272,0.101996,6.175780
aaaaajnu_s001_t000,sampling_rate,256,naive,0,-3.059522,0.154520,10.223431
aaaaajon_s001_t000,sampling_rate,256,naive,0,-2.973765,0.159606,9.229114
aaaaajoo_s002_t001,sampling_rate,256,naive,1,0.711387,0.497440,14.067630
aaaaajpg_s001_t001,sampling_rate,256,naive,0,-1.789568,0.244041,7.897964
aaaaajqh_s004_t000,sampling_rate,256,naive,1,12.025551,0.993685,8.358726
aaaaajqk_s003_t001,sampling_rate,256,naive,1,8.367575,0.968314,3.782732
aaaaajrf_s001_t000,sampling_rate,256,naive,1,19.845831,0.999809,14.185015
aaaaajrf_s002_t000,sampling_rate,256,naive,1,21.024135,0.999887,23.208228
aaaaajrf_s003_t002,sampling_rate,256,naive,1,20.849774,0.999878,21.114452
aaaaajrf_s004_t000,sampling_rate,256,naive,1,4.199844,0.825283,6.304096
aaaaajso_s001_t000,sampling_rate,256,naive,1,7.183478,0.947310,5.670909
aaaaajtg_s001_t000,sampling_rate,256,naive,0,-0.113663,0.406161,14.443449
aaaaajtu_s001_t000,sampling_rate,256,naive,0,-1.761357,0.246380,14.497773
aaaaajuh_s001_t000,sampling_rate,256,naive,1,4.552441,0.846904,13.828088
aaaaajun_s001_t000,sampling_rate,256,naive,0,5.894051,0.909829,5.126354
aaaaajvh_s001_t001,sampling_rate,256,naive,0,0.476623,0.471178,11.295954
aaaaajxp_s001_t000,sampling_rate,256,naive,0,2.240138,0.662538,2.450870
aaaaakck_s001_t001,sampling_rate,256,naive,1,2.932619,0.728070,3.377755
aaaaakcx_s001_t001,sampling_rate,256,naive,1,7.082288,0.945001,4.591583
aaaaakcy_s005_t001,sampling_rate,256,naive,1,14.197343,0.997604,6.898094
aaaaakdj_s001_t000,sampling_rate,256,naive,1,0.237980,0.444647,4.983736
aaaaakdo_s001_t000,sampling_rate,256,naive,1,0.317594,0.453470,5.409346
aaaaakeq_s001_t000,sampling_rate,256,naive,1,5.369801,0.888617,7.080114
aaaaakeq_s002_t000,sampling_rate,256,naive,1,5.739696,0.903993,8.633287
aaaaakeq_s003_t000,sampling_rate,256,naive,1,5.764502,0.904953,16.113083
aaaaakev_s001_t001,sampling_rate,256,naive,1,17.814027,0.999525,27.545581
aaaaakev_s002_t000,sampling_rate,256,naive,1,21.291573,0.999900,6.727891
aaaaakft_s001_t000,sampling_rate,256,naive,0,-0.596734,0.355197,9.133732
aaaaakgp_s001_t001,sampling_rate,256,naive,0,0.906699,0.519304,2.252870
aaaaakgu_s001_t000,sampling_rate,256,naive,1,0.571105,0.481736,3.332308
aaaaakjk_s002_t002,sampling_rate,256,naive,1,3.502573,0.775597,6.051507
aaaaakjk_s003_t000,sampling_rate,256,naive,1,3.838201,0.800680,4.009633
aaaaakka_s001_t001,sampling_rate,256,naive,0,-1.827239,0.240941,6.286385
aaaaakmg_s003_t001,sampling_rate,256,naive,1,11.982139,0.993561,12.189836
aaaaakmh_s001_t000,sampling_rate,256,naive,1,0.728059,0.499307,6.944913
aaaaaknt_s001_t000,sampling_rate,256,naive,1,0.897592,0.518286,4.901896
aaaaakoo_s001_t001,sampling_rate,256,naive,1,28.076940,0.999995,32.926096
aaaaakqg_s001_t001,sampling_rate,256,naive,0,1.298017,0.562807,11.494359
aaaaakqr_s001_t000,sampling_rate,256,naive,0,-1.129972,0.302556,5.993412
aaaaakrt_s001_t001,sampling_rate,256,naive,1,7.526486,0.954474,3.901658
aaaaakrt_s002_t001,sampling_rate,256,naive,1,6.216768,0.921008,8.086343
aaaaaksb_s001_t000,sampling_rate,256,naive,0,-2.002031,0.226912,7.338488
aaaaaksu_s001_t001,sampling_rate,256,naive,0,0.364292,0.458660,5.583153
aaaaakxz_s001_t001,sampling_rate,256,naive,1,4.547152,0.846596,0.694815
aaaaakxz_s002_t001,sampling_rate,256,naive,1,9.056982,0.976535,4.517259
aaaaalaf_s001_t000,sampling_rate,256,naive,0,-0.764935,0.338133,4.317393
aaaaalau_s001_t000,sampling_rate,256,naive,1,3.116846,0.744099,5.402313
aaaaalbh_s001_t000,sampling_rate,256,naive,1,2.576108,0.695326,4.350754
aaaaalbt_s001_t001,sampling_rate,256,naive,0,-0.787670,0.335858,3.935938
aaaaalbt_s002_t000,sampling_rate,256,naive,0,-0.984232,0.316508,11.081093
aaaaalbz_s006_t000,sampling_rate,256,naive,1,13.273367,0.996379,17.028808
aaaaalid_s001_t001,sampling_rate,256,naive,0,7.336572,0.950630,8.418328
aaaaaljf_s001_t000,sampling_rate,256,naive,1,3.078689,0.740831,6.664121
aaaaaljj_s001_t000,sampling_rate,256,naive,0,-0.864038,0.328270,5.363178
aaaaallc_s001_t001,sampling_rate,256,naive,0,0.965391,0.525864,7.612333
aaaaalle_s002_t000,sampling_rate,256,naive,1,3.902340,0.805226,2.004352
aaaaalox_s001_t001,sampling_rate,256,naive,0,3.665878,0.788073,20.321110
aaaaalpv_s001_t000,sampling_rate,256,naive,0,0.721801,0.498606,6.625673
aaaaalqa_s001_t000,sampling_rate,256,naive,0,-0.683219,0.346374,3.018736
aaaaalqr_s001_t001,sampling_rate,256,naive,1,36.934107,1.000000,40.631727
aaaaalqs_s001_t001,sampling_rate,256,naive,0,-0.144604,0.402822,7.981444
aaaaalqx_s001_t000,sampling_rate,256,naive,0,-2.469612,0.192273,1.667436
aaaaalrc_s002_t000,sampling_rate,256,naive,1,22.776216,0.999949,1.992666
aaaaalsq_s001_t000,sampling_rate,256,naive,0,-0.295374,0.386686,10.119556
aaaaalsx_s001_t000,sampling_rate,256,naive,1,-0.718946,0.342760,4.318086
aaaaalsx_s004_t001,sampling_rate,256,naive,1,3.647829,0.786719,0.754710
aaaaaluz_s001_t001,sampling_rate,256,naive,0,-1.821949,0.241375,3.177687
aaaaalvw_s001_t000,sampling_rate,256,naive,0,-5.452633,0.058874,3.010151
aaaaalvz_s001_t000,sampling_rate,256,naive,1,18.420106,0.999638,23.606126
aaaaalxk_s001_t000,sampling_rate,256,naive,0,0.721577,0.498581,6.855835
aaaaalyr_s001_t000,sampling_rate,256,naive,1,1.949860,0.632878,6.364299
aaaaalzk_s002_t001,sampling_rate,256,naive,1,10.463768,0.987367,18.065005
aaaaamcb_s001_t001,sampling_rate,256,naive,1,7.891033,0.961066,11.191003
aaaaamfe_s001_t001,sampling_rate,256,naive,0,2.577250,0.695435,3.536476
aaaaamft_s001_t001,sampling_rate,256,naive,1,10.262331,0.986191,5.430775
aaaaamfu_s001_t000,sampling_rate,256,naive,0,0.302175,0.451759,7.287218
aaaaamhi_s001_t000,sampling_rate,256,naive,1,20.602074,0.999864,55.429428
aaaaamhk_s001_t000,sampling_rate,256,naive,1,5.450179,0.892132,2.482051
aaaaamjc_s001_t001,sampling_rate,256,naive,1,11.878013,0.993256,10.064339
aaaaammh_s001_t001,sampling_rate,256,naive,1,1.467711,0.581415,1.932012
aaaaamnq_s001_t000,sampling_rate,256,naive,1,9.346018,0.979326,11.304892
aaaaamnq_s002_t000,sampling_rate,256,naive,1,8.272823,0.966985,11.025885
aaaaamon_s001_t000,sampling_rate,256,naive,0,-1.890105,0.235828,11.869602
aaaaampz_s001_t000,sampling_rate,256,naive,1,5.720168,0.903231,11.420510
aaaaamrj_s001_t000,sampling_rate,256,naive,0,0.528201,0.476939,16.648266
aaaaamsc_s001_t000,sampling_rate,256,naive,1,3.767464,0.795574,4.130760
aaaaamtb_s001_t000,sampling_rate,256,naive,0,0.189678,0.439310,12.334768
aaaaamuc_s001_t000,sampling_rate,256,naive,0,1.332736,0.566631,4.264400
aaaaamxn_s001_t000,sampling_rate,256,naive,1,1.419895,0.576193,0.594212
aaaaamyb_s001_t001,sampling_rate,256,naive,0,0.519581,0.475976,3.143431
aaaaamye_s001_t000,sampling_rate,256,naive,1,28.691798,0.999996,83.373306
aaaaamzi_s001_t001,sampling_rate,256,naive,1,7.938019,0.961846,5.189336
aaaaamzl_s001_t000,sampling_rate,256,naive,0,-2.373745,0.199032,3.055957
aaaaamzx_s001_t000,sampling_rate,256,naive,0,-4.479725,0.088199,7.408479
aaaaanbq_s001_t000,sampling_rate,256,naive,0,1.198754,0.551837,2.040146
aaaaanek_s001_t000,sampling_rate,256,naive,0,-4.145068,0.101024,3.171511
aaaaangp_s001_t000,sampling_rate,256,naive,0,1.516219,0.586694,5.043690
aaaaanhb_s001_t003,sampling_rate,256,naive,1,5.441178,0.891743,7.277789
aaaaanhb_s003_t001,sampling_rate,256,naive,1,3.437894,0.770513,1.424983
aaaaanhb_s005_t000,sampling_rate,256,naive,1,6.550495,0.931223,3.909116
aaaaankf_s001_t000,sampling_rate,256,naive,1,5.224644,0.882016,8.710614
aaaaanlp_s001_t000,sampling_rate,256,naive,0,-1.957464,0.230433,4.221222
aaaaanmc_s001_t000,sampling_rate,256,naive,1,7.890524,0.961058,17.013294
aaaaanop_s001_t000,sampling_rate,256,naive,0,23.024436,0.999954,99.597096
aaaaanoz_s001_t000,sampling_rate,256,naive,1,-1.434950,0.274525,5.743939
aaaaanpr_s001_t002,sampling_rate,256,naive,1,5.948333,0.911805,0.611887
aaaaanqe_s001_t000,sampling_rate,256,naive,0,-0.722990,0.342352,8.317910
aaaaanro_s001_t000,sampling_rate,256,naive,1,1.668964,0.603183,2.032750
aaaaansj_s001_t000,sampling_rate,256,naive,1,4.360801,0.835438,5.397503
aaaaanta_s001_t000,sampling_rate,256,naive,1,7.469514,0.953352,13.335494
aaaaanum_s001_t000,sampling_rate,256,naive,0,-0.135214,0.403835,5.033568
aaaaanvb_s002_t000,sampling_rate,256,naive,0,-1.451321,0.273067,5.218602
aaaaanvg_s001_t002,sampling_rate,256,naive,0,5.229307,0.882233,2.809427
aaaaanvw_s001_t000,sampling_rate,256,naive,0,-5.145841,0.066967,14.450982
aaaaanwc_s001_t001,sampling_rate,256,naive,1,9.134104,0.977314,44.374214
aaaaanxl_s001_t000,sampling_rate,256,naive,1,6.839192,0.939059,7.330803
aaaaanyb_s001_t001,sampling_rate,256,naive,0,0.538988,0.478145,1.548110
aaaaanyt_s002_t000,sampling_rate,256,naive,1,19.913583,0.999814,39.597182
aaaaanyw_s001_t000,sampling_rate,256,naive,1,6.330687,0.924642,2.598317
aaaaanyw_s002_t000,sampling_rate,256,naive,1,3.560238,0.780061,6.703096
aaaaanzh_s001_t000,sampling_rate,256,naive,1,1.314813,0.564658,3.014802
aaaaanzu_s001_t003,sampling_rate,256,naive,1,4.543129,0.846362,4.350506
aaaaaoav_s001_t000,sampling_rate,256,naive,0,-1.777997,0.244999,4.282543
aaaaaoav_s002_t000,sampling_rate,256,naive,0,-3.417103,0.134729,6.472144
aaaaaobi_s001_t000,sampling_rate,256,naive,1,-1.839143,0.239967,9.760983
aaaaaobl_s001_t000,sampling_rate,256,naive,0,-1.588004,0.261082,1.261392
aaaaaoby_s001_t000,sampling_rate,256,naive,0,-0.290786,0.387174,12.797438
aaaaaoda_s001_t000,sampling_rate,256,naive,1,9.322335,0.979111,6.042935
aaaaaoeg_s001_t000,sampling_rate,256,naive,0,-1.764780,0.246095,5.728189
aaaaaofj_s001_t000,sampling_rate,256,naive,0,-0.826404,0.331998,9.974845
aaaaaofr_s001_t000,sampling_rate,256,naive,0,2.936821,0.728443,2.787105
aaaaaofz_s001_t000,sampling_rate,256,naive,0,0.449689,0.468173,8.807683
aaaaaohb_s001_t000,sampling_rate,256,naive,1,8.500315,0.970088,4.973745
aaaaaohr_s002_t001,sampling_rate,256,naive,1,8.133787,0.964938,2.270549
aaaaaoiq_s001_t000,sampling_rate,256,naive,1,2.559379,0.693736,2.313390
aaaaaoiv_s001_t000,sampling_rate,256,naive,1,-0.853265,0.329335,3.671738
aaaaaoiv_s002_t001,sampling_rate,256,naive,1,10.371209,0.986839,5.197075
aaaaaoiv_s003_t003,sampling_rate,256,naive,1,11.135365,0.990619,7.332228
aaaaaojd_s001_t002,sampling_rate,256,naive,0,2.031071,0.641290,2.301458
aaaaaokg_s001_t000,sampling_rate,256,naive,0,3.671570,0.788498,6.987086
aaaaaoly_s001_t000,sampling_rate,256,naive,0,0.356449,0.457788,9.365511
aaaaaome_s001_t000,sampling_rate,256,naive,0,-3.060486,0.154464,4.069660
aaaaaomx_s001_t000,sampling_rate,256,naive,0,9.160491,0.977575,46.092968
aaaaaomy_s001_t000,sampling_rate,256,naive,1,3.901548,0.805170,11.936169
aaaaaonb_s001_t000,sampling_rate,256,naive,0,1.149456,0.546369,16.593513
aaaaaons_s002_t002,sampling_rate,256,naive,1,4.079777,0.817391,4.390791
aaaaaopd_s001_t000,sampling_rate,256,naive,0,-1.473779,0.271074,8.440073
aaaaaopo_s001_t000,sampling_rate,256,naive,0,0.373205,0.459652,2.664891
aaaaaora_s002_t000,sampling_rate,256,naive,1,4.456776,0.841264,6.231645
aaaaaord_s001_t000,sampling_rate,256,naive,1,1.337183,0.567120,1.398724
aaaaaosh_s001_t000,sampling_rate,256,naive,1,1.498536,0.584772,3.842647
aaaaaosw_s001_t000,sampling_rate,256,naive,0,1.036460,0.533795,7.551367
aaaaaote_s001_t000,sampling_rate,256,naive,0,0.014778,0.420111,4.306081
aaaaaout_s001_t000,sampling_rate,256,naive,1,2.888841,0.724170,4.248969
aaaaaovl_s001_t000,sampling_rate,256,naive,1,11.250299,0.991085,3.025108
aaaaaovo_s001_t000,sampling_rate,256,naive,1,7.976766,0.962478,8.186534
aaaaaowb_s001_t000,sampling_rate,256,naive,0,1.178146,0.549552,2.608185
aaaaaoxf_s001_t000,sampling_rate,256,naive,0,-2.979271,0.159275,6.044226
aaaaaozf_s001_t001,sampling_rate,256,naive,0,-0.546854,0.360332,17.584436
aaaaapag_s001_t000,sampling_rate,256,naive,0,-3.536392,0.128620,12.503584
aaaaapar_s001_t000,sampling_rate,256,naive,1,21.539724,0.999910,5.219847
aaaaapcb_s001_t000,sampling_rate,256,naive,0,9.354164,0.979400,1.590648
aaaaapcy_s001_t002,sampling_rate,256,naive,0,-2.147789,0.215661,5.305833
aaaaapdg_s001_t000,sampling_rate,256,naive,0,-1.902687,0.234814,3.825658
aaaaaphs_s001_t000,sampling_rate,256,naive,1,5.627575,0.899544,3.321331
aaaaaphw_s001_t000,sampling_rate,256,naive,0,0.550410,0.479422,5.693617
aaaaapij_s001_t000,sampling_rate,256,naive,0,1.860919,0.623573,4.270138
aaaaapjc_s001_t001,sampling_rate,256,naive,0,-2.566058,0.185652,0.920582
aaaaapka_s001_t000,sampling_rate,256,naive,0,-0.934224,0.321374,4.149512
aaaaapkx_s001_t001,sampling_rate,256,naive,1,-0.899496,0.324777,5.787981
aaaaaply_s001_t001,sampling_rate,256,naive,1,7.444831,0.952858,11.702732
aaaaapmb_s002_t001,sampling_rate,256,naive,1,5.148569,0.878423,1.043431
aaaaapmp_s001_t000,sampling_rate,256,naive,1,0.593193,0.484207,8.504929
aaaaapnr_s001_t000,sampling_rate,256,naive,1,-3.003737,0.157813,16.163471
aaaaapoc_s001_t000,sampling_rate,256,naive,1,5.444207,0.891874,10.954743
aaaaapof_s001_t000,sampling_rate,256,naive,0,-4.819364,0.076705,7.235785
aaaaapoo_s001_t000,sampling_rate,256,naive,0,-0.215116,0.395247,2.578904
aaaaapoq_s001_t000,sampling_rate,256,naive,0,4.152215,0.822185,1.249116
aaaaappb_s001_t000,sampling_rate,256,naive,0,-2.294793,0.204730,7.211016
aaaaapqd_s001_t000,sampling_rate,256,naive,1,3.109925,0.743509,3.844740
aaaaapqv_s001_t000,sampling_rate,256,naive,0,-0.156179,0.401575,11.834703
aaaaapta_s001_t000,sampling_rate,256,naive,1,0.355778,0.457713,19.769960
aaaaapth_s001_t000,sampling_rate,256,naive,1,4.592839,0.849236,3.261696
aaaaapua_s001_t001,sampling_rate,256,naive,0,-5.879991,0.049120,3.807380
aaaaapuu_s001_t000,sampling_rate,256,naive,0,2.155631,0.654023,1.266131
aaaaapvw_s001_t001,sampling_rate,256,naive,1,7.592585,0.955743,2.825763
aaaaapvy_s001_t000,sampling_rate,256,naive,1,4.152634,0.822213,7.172214
aaaaapwn_s001_t001,sampling_rate,256,naive,0,0.561212,0.480630,13.645926
aaaaapwo_s001_t001,sampling_rate,256,naive,1,9.337672,0.979251,8.302237
aaaaapxm_s001_t001,sampling_rate,256,naive,0,-0.505479,0.364615,11.035822
aaaaapys_s001_t001,sampling_rate,256,naive,1,12.589707,0.995088,2.952987
aaaaapys_s002_t001,sampling_rate,256,naive,1,10.119292,0.985290,3.388395
aaaaaayx_s002_t000,sampling_rate,512,canonicalized,0,0.800343,0.507402,6.042029
aaaaabdo_s003_t000,sampling_rate,512,canonicalized,1,10.240536,0.986057,5.547819
aaaaabsk_s007_t000,sampling_rate,512,canonicalized,1,1.783567,0.615404,10.219866
aaaaabuv_s002_t000,sampling_rate,512,canonicalized,1,3.149092,0.746840,3.184688
aaaaacad_s003_t000,sampling_rate,512,canonicalized,0,1.622168,0.598154,3.076122
aaaaacby_s004_t000,sampling_rate,512,canonicalized,0,1.067359,0.537239,1.293680
aaaaaddm_s006_t000,sampling_rate,512,canonicalized,1,5.282441,0.884684,7.939553
aaaaadeu_s002_t000,sampling_rate,512,canonicalized,1,4.904806,0.866271,5.544011
aaaaadjk_s002_t000,sampling_rate,512,canonicalized,0,-0.044976,0.413604,2.689758
aaaaadkb_s002_t000,sampling_rate,512,canonicalized,1,8.995354,0.975894,3.792514
aaaaadsm_s002_t001,sampling_rate,512,canonicalized,0,-3.171181,0.148097,3.721815
aaaaaeab_s003_t000,sampling_rate,512,canonicalized,0,0.873899,0.515635,3.667147
aaaaaejc_s003_t001,sampling_rate,512,canonicalized,0,0.622956,0.487538,7.194408
aaaaaezn_s003_t001,sampling_rate,512,canonicalized,1,0.193059,0.439683,12.895811
aaaaafhl_s003_t000,sampling_rate,512,canonicalized,1,3.209080,0.751888,5.156731
aaaaagfk_s003_t000,sampling_rate,512,canonicalized,0,-0.919314,0.322833,1.996529
aaaaagsc_s003_t001,sampling_rate,512,canonicalized,1,5.974813,0.912754,13.792062
aaaaagsc_s006_t001,sampling_rate,512,canonicalized,1,0.561730,0.480688,1.716153
aaaaaguk_s002_t001,sampling_rate,512,canonicalized,0,-4.055959,0.104708,14.531805
aaaaagvx_s002_t000,sampling_rate,512,canonicalized,1,2.105044,0.648877,6.626591
aaaaagvx_s003_t001,sampling_rate,512,canonicalized,1,2.372567,0.675672,1.631089
aaaaagyr_s002_t000,sampling_rate,512,canonicalized,1,0.335239,0.455430,2.463536
aaaaahie_s005_t001,sampling_rate,512,canonicalized,1,8.419901,0.969025,3.356840
aaaaahsv_s002_t000,sampling_rate,512,canonicalized,0,-0.654211,0.349322,4.864263
aaaaahte_s002_t000,sampling_rate,512,canonicalized,1,7.471810,0.953397,9.374170
aaaaahte_s003_t000,sampling_rate,512,canonicalized,1,9.687348,0.982206,5.725555
aaaaahuy_s002_t000,sampling_rate,512,canonicalized,1,0.347018,0.456739,1.997844
aaaaahzi_s001_t000,sampling_rate,512,canonicalized,0,1.318351,0.565048,2.237190
aaaaahzm_s001_t001,sampling_rate,512,canonicalized,0,1.614138,0.597289,1.999368
aaaaahzq_s001_t000,sampling_rate,512,canonicalized,0,-4.607432,0.083705,4.496195
aaaaahzs_s001_t001,sampling_rate,512,canonicalized,0,1.132962,0.544537,2.290632
aaaaaiae_s001_t000,sampling_rate,512,canonicalized,0,2.189580,0.657456,2.967974
aaaaaibx_s001_t000,sampling_rate,512,canonicalized,0,-2.629586,0.181388,5.006497
aaaaaiby_s001_t000,sampling_rate,512,canonicalized,0,-0.665937,0.348129,7.355576
aaaaaici_s001_t000,sampling_rate,512,canonicalized,0,-2.854972,0.166874,14.705716
aaaaaicn_s001_t000,sampling_rate,512,canonicalized,0,1.392988,0.573247,4.309701
aaaaaijh_s002_t000,sampling_rate,512,canonicalized,1,-4.421353,0.090325,6.573015
aaaaaijn_s001_t001,sampling_rate,512,canonicalized,0,-0.344314,0.381500,3.053971
aaaaairb_s001_t001,sampling_rate,512,canonicalized,0,3.413352,0.768564,3.575135
aaaaairo_s001_t000,sampling_rate,512,canonicalized,0,-4.333043,0.093629,10.023938
aaaaaitt_s001_t000,sampling_rate,512,canonicalized,0,-1.164357,0.299315,5.001843
aaaaaiue_s004_t000,sampling_rate,512,canonicalized,1,1.953416,0.633248,2.376417
aaaaaiuo_s002_t000,sampling_rate,512,canonicalized,0,1.278048,0.560605,5.598339
aaaaaiwz_s001_t001,sampling_rate,512,canonicalized,0,-0.797072,0.334919,2.388582
aaaaaiyy_s001_t001,sampling_rate,512,canonicalized,0,-1.791602,0.243873,7.328613
aaaaaizd_s001_t001,sampling_rate,512,canonicalized,0,0.438787,0.466957,13.700203
aaaaaizs_s001_t000,sampling_rate,512,canonicalized,0,0.366795,0.458939,2.746215
aaaaajae_s001_t001,sampling_rate,512,canonicalized,0,3.363529,0.764570,1.370764
aaaaajah_s002_t001,sampling_rate,512,canonicalized,1,-0.231581,0.393485,5.746552
aaaaajah_s004_t000,sampling_rate,512,canonicalized,1,1.603130,0.596103,3.197973
aaaaajal_s001_t001,sampling_rate,512,canonicalized,0,-2.768479,0.172331,0.591217
aaaaajam_s001_t000,sampling_rate,512,canonicalized,1,1.589086,0.594587,1.005582
aaaaajar_s001_t001,sampling_rate,512,canonicalized,0,-1.616145,0.258657,9.842060
aaaaajbb_s001_t000,sampling_rate,512,canonicalized,0,2.379232,0.676326,5.789420
aaaaajbh_s002_t000,sampling_rate,512,canonicalized,0,1.573800,0.592935,3.074110
aaaaajce_s001_t000,sampling_rate,512,canonicalized,0,-0.909064,0.323837,3.993455
aaaaajci_s001_t000,sampling_rate,512,canonicalized,0,1.765919,0.613531,2.300873
aaaaajck_s001_t000,sampling_rate,512,canonicalized,0,-3.357302,0.137883,4.496897
aaaaajct_s001_t000,sampling_rate,512,canonicalized,0,1.321617,0.565407,1.477025
aaaaajcu_s001_t000,sampling_rate,512,canonicalized,0,-0.778983,0.336726,2.991927
aaaaajda_s001_t000,sampling_rate,512,canonicalized,0,-2.529782,0.188122,3.577300
aaaaajdb_s001_t000,sampling_rate,512,canonicalized,0,-2.668062,0.178842,9.926228
aaaaajdv_s001_t000,sampling_rate,512,canonicalized,0,0.560278,0.480525,11.335584
aaaaajdy_s001_t000,sampling_rate,512,canonicalized,0,-2.322095,0.202746,6.474165
aaaaajdz_s001_t000,sampling_rate,512,canonicalized,0,-0.972350,0.317661,4.050752
aaaaajea_s001_t000,sampling_rate,512,canonicalized,0,3.830560,0.800133,2.728706
aaaaajen_s001_t000,sampling_rate,512,canonicalized,0,-0.725013,0.342148,3.222045
aaaaajey_s001_t000,sampling_rate,512,canonicalized,0,-0.593598,0.355519,10.328902
aaaaajfb_s001_t000,sampling_rate,512,canonicalized,0,-3.265280,0.142857,10.265539
aaaaajfe_s001_t000,sampling_rate,512,canonicalized,0,-0.605645,0.354284,2.104763
aaaaajff_s001_t000,sampling_rate,512,canonicalized,0,-3.125653,0.150689,0.709394
aaaaajfi_s001_t001,sampling_rate,512,canonicalized,0,-1.350589,0.282116,1.870558
aaaaajfn_s001_t001,sampling_rate,512,canonicalized,0,-1.956176,0.230535,7.884229
aaaaajfy_s001_t000,sampling_rate,512,canonicalized,0,-4.014676,0.106454,10.212077
aaaaajga_s001_t001,sampling_rate,512,canonicalized,0,1.046246,0.534886,8.741873
aaaaajhy_s001_t000,sampling_rate,512,canonicalized,0,-4.036315,0.105536,7.344281
aaaaajit_s001_t001,sampling_rate,512,canonicalized,0,-0.428629,0.372628,4.181014
aaaaajiu_s001_t000,sampling_rate,512,canonicalized,0,0.069153,0.426057,9.173965
aaaaajiy_s001_t001,sampling_rate,512,canonicalized,0,-1.294026,0.287276,6.958133
aaaaajiz_s001_t000,sampling_rate,512,canonicalized,0,-0.724100,0.342240,9.777026
aaaaajjb_s001_t001,sampling_rate,512,canonicalized,0,0.925019,0.521353,5.193084
aaaaajje_s001_t000,sampling_rate,512,canonicalized,0,-2.875702,0.165587,14.040237
aaaaajjk_s001_t000,sampling_rate,512,canonicalized,0,2.373395,0.675754,5.779939
aaaaajna_s001_t000,sampling_rate,512,canonicalized,0,-4.668638,0.081626,6.278476
aaaaajnu_s001_t000,sampling_rate,512,canonicalized,0,-3.129411,0.150474,5.956647
aaaaajon_s001_t000,sampling_rate,512,canonicalized,0,-0.558194,0.359162,14.702406
aaaaajoo_s002_t001,sampling_rate,512,canonicalized,1,0.737206,0.500331,8.582935
aaaaajpg_s001_t001,sampling_rate,512,canonicalized,0,-3.065730,0.154157,4.459172
aaaaajqh_s004_t000,sampling_rate,512,canonicalized,1,10.980635,0.989952,11.507236
aaaaajqk_s003_t001,sampling_rate,512,canonicalized,1,7.140764,0.946347,4.605338
aaaaajrf_s001_t000,sampling_rate,512,canonicalized,1,20.540723,0.999860,13.721267
aaaaajrf_s002_t000,sampling_rate,512,canonicalized,1,21.598234,0.999913,5.031586
aaaaajrf_s003_t002,sampling_rate,512,canonicalized,1,17.147064,0.999360,13.091559
aaaaajrf_s004_t000,sampling_rate,512,canonicalized,1,2.930820,0.727911,2.711330
aaaaajso_s001_t000,sampling_rate,512,canonicalized,1,8.412928,0.968931,5.761715
aaaaajtg_s001_t000,sampling_rate,512,canonicalized,0,-0.598002,0.355067,19.132613
aaaaajtu_s001_t000,sampling_rate,512,canonicalized,0,-2.242050,0.208604,7.775459
aaaaajuh_s001_t000,sampling_rate,512,canonicalized,1,5.447297,0.892007,9.227937
aaaaajun_s001_t000,sampling_rate,512,canonicalized,0,5.861630,0.908631,9.687883
aaaaajvh_s001_t001,sampling_rate,512,canonicalized,0,-1.435282,0.274495,12.832438
aaaaajxp_s001_t000,sampling_rate,512,canonicalized,0,2.223301,0.660850,3.797319
aaaaakck_s001_t001,sampling_rate,512,canonicalized,1,2.733086,0.710016,4.260774
aaaaakcx_s001_t001,sampling_rate,512,canonicalized,1,7.495592,0.953869,5.271244
aaaaakcy_s005_t001,sampling_rate,512,canonicalized,1,14.203476,0.997610,9.099358
aaaaakdj_s001_t000,sampling_rate,512,canonicalized,1,0.547286,0.479073,5.750787
aaaaakdo_s001_t000,sampling_rate,512,canonicalized,1,0.435728,0.466616,8.296054
aaaaakeq_s001_t000,sampling_rate,512,canonicalized,1,5.693444,0.902180,20.418661
aaaaakeq_s002_t000,sampling_rate,512,canonicalized,1,6.683481,0.934942,11.411644
aaaaakeq_s003_t000,sampling_rate,512,canonicalized,1,6.359306,0.925531,16.713939
aaaaakev_s001_t001,sampling_rate,512,canonicalized,1,19.674999,0.999794,44.626340
aaaaakev_s002_t000,sampling_rate,512,canonicalized,1,16.709597,0.999221,13.591860
aaaaakft_s001_t000,sampling_rate,512,canonicalized,0,-2.037542,0.224133,10.178065
aaaaakgp_s001_t001,sampling_rate,512,canonicalized,0,2.683658,0.705436,2.229939
aaaaakgu_s001_t000,sampling_rate,512,canonicalized,1,-0.606135,0.354233,1.102194
aaaaakjk_s002_t002,sampling_rate,512,canonicalized,1,3.536665,0.778244,7.302282
aaaaakjk_s003_t000,sampling_rate,512,canonicalized,1,3.360351,0.764313,1.111148
aaaaakka_s001_t001,sampling_rate,512,canonicalized,0,-0.211638,0.395620,10.438621
aaaaakmg_s003_t001,sampling_rate,512,canonicalized,1,8.501207,0.970100,3.264967
aaaaakmh_s001_t000,sampling_rate,512,canonicalized,1,0.323143,0.454087,4.771306
aaaaaknt_s001_t000,sampling_rate,512,canonicalized,1,2.210107,0.659524,6.035123
aaaaakoo_s001_t001,sampling_rate,512,canonicalized,1,19.149344,0.999739,11.689072
aaaaakqg_s001_t001,sampling_rate,512,canonicalized,0,-0.133176,0.404054,10.420474
aaaaakqr_s001_t000,sampling_rate,512,canonicalized,0,-0.377356,0.378013,7.358768
aaaaakrt_s001_t001,sampling_rate,512,canonicalized,1,7.376707,0.951467,1.813141
aaaaakrt_s002_t001,sampling_rate,512,canonicalized,1,5.738163,0.903934,3.660556
aaaaaksb_s001_t000,sampling_rate,512,canonicalized,0,-2.779829,0.171607,8.683608
aaaaaksu_s001_t001,sampling_rate,512,canonicalized,0,0.707573,0.497012,5.179283
aaaaakxz_s001_t001,sampling_rate,512,canonicalized,1,3.866084,0.802666,1.630852
aaaaakxz_s002_t001,sampling_rate,512,canonicalized,1,9.212673,0.978082,7.092457
aaaaalaf_s001_t000,sampling_rate,512,canonicalized,0,-0.190165,0.397922,2.447482
aaaaalau_s001_t000,sampling_rate,512,canonicalized,1,2.983849,0.732590,3.768614
aaaaalbh_s001_t000,sampling_rate,512,canonicalized,1,3.443478,0.770955,5.309894
aaaaalbt_s001_t001,sampling_rate,512,canonicalized,0,-1.318953,0.284995,6.992911
aaaaalbt_s002_t000,sampling_rate,512,canonicalized,0,-0.712963,0.343364,4.460911
aaaaalbz_s006_t000,sampling_rate,512,canonicalized,1,13.910995,0.997276,18.802181
aaaaalid_s001_t001,sampling_rate,512,canonicalized,0,6.661004,0.934327,14.522375
aaaaaljf_s001_t000,sampling_rate,512,canonicalized,1,2.638844,0.701247,10.803464
aaaaaljj_s001_t000,sampling_rate,512,canonicalized,0,-1.479676,0.270552,5.012329
aaaaallc_s001_t001,sampling_rate,512,canonicalized,0,2.681785,0.705262,8.898029
aaaaalle_s002_t000,sampling_rate,512,canonicalized,1,3.573073,0.781046,5.317729
aaaaalox_s001_t001,sampling_rate,512,canonicalized,0,3.037931,0.737310,9.070515
aaaaalpv_s001_t000,sampling_rate,512,canonicalized,0,0.985253,0.528082,10.938932
aaaaalqa_s001_t000,sampling_rate,512,canonicalized,0,-0.398645,0.375773,5.908085
aaaaalqr_s001_t001,sampling_rate,512,canonicalized,1,3.845061,0.801170,6.237515
aaaaalqs_s001_t001,sampling_rate,512,canonicalized,0,0.000689,0.418574,4.179199
aaaaalqx_s001_t000,sampling_rate,512,canonicalized,0,-2.785451,0.171249,7.330365
aaaaalrc_s002_t000,sampling_rate,512,canonicalized,1,22.647279,0.999945,2.718792
aaaaalsq_s001_t000,sampling_rate,512,canonicalized,0,-0.732360,0.341407,1.539329
aaaaalsx_s001_t000,sampling_rate,512,canonicalized,1,-0.370503,0.378735,3.706462
aaaaalsx_s004_t001,sampling_rate,512,canonicalized,1,3.917514,0.806290,1.400870
aaaaaluz_s001_t001,sampling_rate,512,canonicalized,0,-2.471388,0.192150,2.807838
aaaaalvw_s001_t000,sampling_rate,512,canonicalized,0,-4.093044,0.103160,3.525660
aaaaalvz_s001_t000,sampling_rate,512,canonicalized,1,17.773892,0.999516,16.972852
aaaaalxk_s001_t000,sampling_rate,512,canonicalized,0,0.061425,0.425210,2.108693
aaaaalyr_s001_t000,sampling_rate,512,canonicalized,1,2.663325,0.703540,2.244665
aaaaalzk_s002_t001,sampling_rate,512,canonicalized,1,11.652963,0.992546,11.226251
aaaaamcb_s001_t001,sampling_rate,512,canonicalized,1,8.581035,0.971120,8.073630
aaaaamfe_s001_t001,sampling_rate,512,canonicalized,0,4.953882,0.868797,3.509589
aaaaamft_s001_t001,sampling_rate,512,canonicalized,1,4.673173,0.853786,9.625229
aaaaamfu_s001_t000,sampling_rate,512,canonicalized,0,-0.651617,0.349586,3.685900
aaaaamhi_s001_t000,sampling_rate,512,canonicalized,1,13.348945,0.996499,22.636398
aaaaamhk_s001_t000,sampling_rate,512,canonicalized,1,3.985505,0.811003,5.600449
aaaaamjc_s001_t001,sampling_rate,512,canonicalized,1,9.983491,0.984382,7.895569
aaaaammh_s001_t001,sampling_rate,512,canonicalized,1,2.855577,0.721183,8.599490
aaaaamnq_s001_t000,sampling_rate,512,canonicalized,1,9.225106,0.978201,20.019883
aaaaamnq_s002_t000,sampling_rate,512,canonicalized,1,8.068861,0.963940,8.847148
aaaaamon_s001_t000,sampling_rate,512,canonicalized,0,0.959594,0.525217,14.297812
aaaaampz_s001_t000,sampling_rate,512,canonicalized,1,2.840651,0.719837,3.172852
aaaaamrj_s001_t000,sampling_rate,512,canonicalized,0,-0.321552,0.383909,4.690344
aaaaamsc_s001_t000,sampling_rate,512,canonicalized,1,4.880145,0.864985,1.204027
aaaaamtb_s001_t000,sampling_rate,512,canonicalized,0,1.305392,0.563620,4.268788
aaaaamuc_s001_t000,sampling_rate,512,canonicalized,0,0.858961,0.513964,2.210598
aaaaamxn_s001_t000,sampling_rate,512,canonicalized,1,1.409872,0.575096,6.154630
aaaaamyb_s001_t001,sampling_rate,512,canonicalized,0,-0.247424,0.391793,6.427343
aaaaamye_s001_t000,sampling_rate,512,canonicalized,1,15.278506,0.998522,16.778414
aaaaamzi_s001_t001,sampling_rate,512,canonicalized,1,7.903042,0.961267,9.301798
aaaaamzl_s001_t000,sampling_rate,512,canonicalized,0,-0.553203,0.359676,5.418881
aaaaamzx_s001_t000,sampling_rate,512,canonicalized,0,-5.527393,0.057045,5.229558
aaaaanbq_s001_t000,sampling_rate,512,canonicalized,0,-0.359707,0.379874,3.988627
aaaaanek_s001_t000,sampling_rate,512,canonicalized,0,-4.482720,0.088092,2.221038
aaaaangp_s001_t000,sampling_rate,512,canonicalized,0,0.839515,0.511787,3.506089
aaaaanhb_s001_t003,sampling_rate,512,canonicalized,1,5.430752,0.891291,13.128520
aaaaanhb_s003_t001,sampling_rate,512,canonicalized,1,3.548947,0.779192,3.701668
aaaaanhb_s005_t000,sampling_rate,512,canonicalized,1,6.168129,0.919409,4.058881
aaaaankf_s001_t000,sampling_rate,512,canonicalized,1,5.851563,0.908256,2.007323
aaaaanlp_s001_t000,sampling_rate,512,canonicalized,0,-1.355846,0.281639,2.419633
aaaaanmc_s001_t000,sampling_rate,512,canonicalized,1,7.286109,0.949559,7.228687
aaaaanop_s001_t000,sampling_rate,512,canonicalized,0,-0.572629,0.357675,16.179601
aaaaanoz_s001_t000,sampling_rate,512,canonicalized,1,-1.508269,0.268032,5.641229
aaaaanpr_s001_t002,sampling_rate,512,canonicalized,1,5.407006,0.890256,6.619012
aaaaanqe_s001_t000,sampling_rate,512,canonicalized,0,-1.866808,0.237714,2.761137
aaaaanro_s001_t000,sampling_rate,512,canonicalized,1,2.835001,0.719326,5.250581
aaaaansj_s001_t000,sampling_rate,512,canonicalized,1,3.963525,0.809489,8.581085
aaaaanta_s001_t000,sampling_rate,512,canonicalized,1,7.606138,0.955999,7.624919
aaaaanum_s001_t000,sampling_rate,512,canonicalized,0,0.725966,0.499072,2.490081
aaaaanvb_s002_t000,sampling_rate,512,canonicalized,0,-1.664011,0.254567,10.954016
aaaaanvg_s001_t002,sampling_rate,512,canonicalized,0,5.556015,0.896610,4.072107
aaaaanvw_s001_t000,sampling_rate,512,canonicalized,0,-4.134599,0.101451,7.280050
aaaaanwc_s001_t001,sampling_rate,512,canonicalized,1,9.836435,0.983336,48.496579
aaaaanxl_s001_t000,sampling_rate,512,canonicalized,1,7.497076,0.953898,3.882806
aaaaanyb_s001_t001,sampling_rate,512,canonicalized,0,0.034611,0.422277,4.007166
aaaaanyt_s002_t000,sampling_rate,512,canonicalized,1,2.829521,0.718830,36.326438
aaaaanyw_s001_t000,sampling_rate,512,canonicalized,1,5.508679,0.894628,2.745060
aaaaanyw_s002_t000,sampling_rate,512,canonicalized,1,3.963282,0.809472,9.281235
aaaaanzh_s001_t000,sampling_rate,512,canonicalized,1,2.701536,0.707098,9.887875
aaaaanzu_s001_t003,sampling_rate,512,canonicalized,1,4.154745,0.822351,12.723415
aaaaaoav_s001_t000,sampling_rate,512,canonicalized,0,-1.967754,0.229617,6.942736
aaaaaoav_s002_t000,sampling_rate,512,canonicalized,0,-3.418014,0.134682,4.808176
aaaaaobi_s001_t000,sampling_rate,512,canonicalized,1,-2.588941,0.184107,10.957518
aaaaaobl_s001_t000,sampling_rate,512,canonicalized,0,-1.388433,0.278695,1.851955
aaaaaoby_s001_t000,sampling_rate,512,canonicalized,0,0.401210,0.462769,5.490400
aaaaaoda_s001_t000,sampling_rate,512,canonicalized,1,9.120440,0.977178,5.534515
aaaaaoeg_s001_t000,sampling_rate,512,canonicalized,0,-2.233023,0.209273,7.805061
aaaaaofj_s001_t000,sampling_rate,512,canonicalized,0,-0.145289,0.402748,2.948217
aaaaaofr_s001_t000,sampling_rate,512,canonicalized,0,2.940085,0.728732,3.013522
aaaaaofz_s001_t000,sampling_rate,512,canonicalized,0,0.233254,0.444124,12.994887
aaaaaohb_s001_t000,sampling_rate,512,canonicalized,1,6.716301,0.935831,2.430402
aaaaaohr_s002_t001,sampling_rate,512,canonicalized,1,7.160338,0.946790,4.605443
aaaaaoiq_s001_t000,sampling_rate,512,canonicalized,1,3.057245,0.738982,6.521603
aaaaaoiv_s001_t000,sampling_rate,512,canonicalized,1,-2.685317,0.177710,1.157645
aaaaaoiv_s002_t001,sampling_rate,512,canonicalized,1,12.630423,0.995176,7.805085
aaaaaoiv_s003_t003,sampling_rate,512,canonicalized,1,9.378543,0.979619,1.174970
aaaaaojd_s001_t002,sampling_rate,512,canonicalized,0,0.573129,0.481963,5.665661
aaaaaokg_s001_t000,sampling_rate,512,canonicalized,0,4.540778,0.846225,14.615221
aaaaaoly_s001_t000,sampling_rate,512,canonicalized,0,-1.586479,0.261214,8.607167
aaaaaome_s001_t000,sampling_rate,512,canonicalized,0,-2.963487,0.160225,3.872119
aaaaaomx_s001_t000,sampling_rate,512,canonicalized,0,-2.456206,0.193208,6.655024
aaaaaomy_s001_t000,sampling_rate,512,canonicalized,1,6.663056,0.934384,21.886897
aaaaaonb_s001_t000,sampling_rate,512,canonicalized,0,1.226339,0.554891,10.194320
aaaaaons_s002_t002,sampling_rate,512,canonicalized,1,5.178628,0.879854,4.496088
aaaaaopd_s001_t000,sampling_rate,512,canonicalized,0,-1.232699,0.292934,8.184188
aaaaaopo_s001_t000,sampling_rate,512,canonicalized,0,1.920606,0.629828,13.258403
aaaaaora_s002_t000,sampling_rate,512,canonicalized,1,3.791049,0.797287,5.215529
aaaaaord_s001_t000,sampling_rate,512,canonicalized,1,1.568239,0.592334,2.570219
aaaaaosh_s001_t000,sampling_rate,512,canonicalized,1,0.218083,0.442447,0.801184
aaaaaosw_s001_t000,sampling_rate,512,canonicalized,0,0.264724,0.447607,8.781835
aaaaaote_s001_t000,sampling_rate,512,canonicalized,0,1.500354,0.584970,4.469697
aaaaaout_s001_t000,sampling_rate,512,canonicalized,1,3.177857,0.749269,4.035195
aaaaaovl_s001_t000,sampling_rate,512,canonicalized,1,11.198664,0.990879,5.743956
aaaaaovo_s001_t000,sampling_rate,512,canonicalized,1,8.239193,0.966501,7.712916
aaaaaowb_s001_t000,sampling_rate,512,canonicalized,0,1.958155,0.633741,6.020498
aaaaaoxf_s001_t000,sampling_rate,512,canonicalized,0,-3.166522,0.148361,4.333255
aaaaaozf_s001_t001,sampling_rate,512,canonicalized,0,0.872777,0.515510,12.343265
aaaaapag_s001_t000,sampling_rate,512,canonicalized,0,-2.066745,0.221866,22.941768
aaaaapar_s001_t000,sampling_rate,512,canonicalized,1,22.231398,0.999934,7.992770
aaaaapcb_s001_t000,sampling_rate,512,canonicalized,0,4.711250,0.855903,2.000575
aaaaapcy_s001_t002,sampling_rate,512,canonicalized,0,-2.618668,0.182115,5.318261
aaaaapdg_s001_t000,sampling_rate,512,canonicalized,0,-3.051616,0.154983,5.752167
aaaaaphs_s001_t000,sampling_rate,512,canonicalized,1,7.219311,0.948106,4.254866
aaaaaphw_s001_t000,sampling_rate,512,canonicalized,0,1.589288,0.594609,4.370785
aaaaapij_s001_t000,sampling_rate,512,canonicalized,0,0.904496,0.519058,4.297992
aaaaapjc_s001_t001,sampling_rate,512,canonicalized,0,-1.654452,0.255380,5.403175
aaaaapka_s001_t000,sampling_rate,512,canonicalized,0,-1.040191,0.311110,1.349011
aaaaapkx_s001_t001,sampling_rate,512,canonicalized,1,-1.258172,0.290576,17.436131
aaaaaply_s001_t001,sampling_rate,512,canonicalized,1,7.534869,0.954637,16.707080
aaaaapmb_s002_t001,sampling_rate,512,canonicalized,1,5.637762,0.899956,2.396493
aaaaapmp_s001_t000,sampling_rate,512,canonicalized,1,1.451276,0.579622,7.149418
aaaaapnr_s001_t000,sampling_rate,512,canonicalized,1,-3.459975,0.132506,7.876822
aaaaapoc_s001_t000,sampling_rate,512,canonicalized,1,6.229562,0.921424,6.296501
aaaaapof_s001_t000,sampling_rate,512,canonicalized,0,-3.510559,0.129923,8.628765
aaaaapoo_s001_t000,sampling_rate,512,canonicalized,0,0.453709,0.468621,10.317920
aaaaapoq_s001_t000,sampling_rate,512,canonicalized,0,2.883490,0.723691,1.891308
aaaaappb_s001_t000,sampling_rate,512,canonicalized,0,-1.084991,0.306825,5.515385
aaaaapqd_s001_t000,sampling_rate,512,canonicalized,1,4.829445,0.862311,5.486612
aaaaapqv_s001_t000,sampling_rate,512,canonicalized,0,0.694232,0.495518,14.667185
aaaaapta_s001_t000,sampling_rate,512,canonicalized,1,0.351499,0.457237,20.000836
aaaaapth_s001_t000,sampling_rate,512,canonicalized,1,3.415244,0.768714,3.476153
aaaaapua_s001_t001,sampling_rate,512,canonicalized,0,-7.425808,0.025194,7.666428
aaaaapuu_s001_t000,sampling_rate,512,canonicalized,0,0.733390,0.499904,5.905755
aaaaapvw_s001_t001,sampling_rate,512,canonicalized,1,6.431031,0.927716,5.195834
aaaaapvy_s001_t000,sampling_rate,512,canonicalized,1,2.567808,0.694538,8.276420
aaaaapwn_s001_t001,sampling_rate,512,canonicalized,0,0.917507,0.520513,7.754707
aaaaapwo_s001_t001,sampling_rate,512,canonicalized,1,10.375269,0.986863,3.377323
aaaaapxm_s001_t001,sampling_rate,512,canonicalized,0,-1.226240,0.293533,9.906656
aaaaapys_s001_t001,sampling_rate,512,canonicalized,1,13.631172,0.996914,3.720977
aaaaapys_s002_t001,sampling_rate,512,canonicalized,1,8.312549,0.967549,3.888689
aaaaaayx_s002_t000,sampling_rate,512,naive,0,15.594808,0.998717,26.436837
aaaaabdo_s003_t000,sampling_rate,512,naive,1,15.681945,0.998766,7.346888
aaaaabsk_s007_t000,sampling_rate,512,naive,1,25.821128,0.999987,5.554476
aaaaabuv_s002_t000,sampling_rate,512,naive,1,20.272766,0.999842,4.272069
aaaaacad_s003_t000,sampling_rate,512,naive,0,15.641127,0.998744,12.465469
aaaaacby_s004_t000,sampling_rate,512,naive,0,18.224783,0.999605,6.444091
aaaaaddm_s006_t000,sampling_rate,512,naive,1,14.833307,0.998197,26.720287
aaaaadeu_s002_t000,sampling_rate,512,naive,1,18.887961,0.999706,5.041510
aaaaadjk_s002_t000,sampling_rate,512,naive,0,11.527163,0.992117,9.173457
aaaaadkb_s002_t000,sampling_rate,512,naive,1,21.269879,0.999899,24.712800
aaaaadsm_s002_t001,sampling_rate,512,naive,0,15.602531,0.998722,8.085005
aaaaaeab_s003_t000,sampling_rate,512,naive,0,14.556917,0.997959,6.909842
aaaaaejc_s003_t001,sampling_rate,512,naive,0,19.599534,0.999786,10.030002
aaaaaezn_s003_t001,sampling_rate,512,naive,1,13.461470,0.996671,16.513527
aaaaafhl_s003_t000,sampling_rate,512,naive,1,18.393438,0.999634,0.980994
aaaaagfk_s003_t000,sampling_rate,512,naive,0,13.344405,0.996492,17.452716
aaaaagsc_s003_t001,sampling_rate,512,naive,1,16.682058,0.999211,15.425740
aaaaagsc_s006_t001,sampling_rate,512,naive,1,14.513028,0.997919,20.431044
aaaaaguk_s002_t001,sampling_rate,512,naive,0,13.468102,0.996681,10.357982
aaaaagvx_s002_t000,sampling_rate,512,naive,1,9.081810,0.976789,6.925882
aaaaagvx_s003_t001,sampling_rate,512,naive,1,7.721681,0.958126,17.408195
aaaaagyr_s002_t000,sampling_rate,512,naive,1,10.377458,0.986876,30.546125
aaaaahie_s005_t001,sampling_rate,512,naive,1,23.071571,0.999955,7.279776
aaaaahsv_s002_t000,sampling_rate,512,naive,0,15.615542,0.998729,17.366733
aaaaahte_s002_t000,sampling_rate,512,naive,1,15.715906,0.998785,17.340007
aaaaahte_s003_t000,sampling_rate,512,naive,1,17.080577,0.999340,10.351665
aaaaahuy_s002_t000,sampling_rate,512,naive,1,13.092635,0.996075,2.499534
aaaaahzi_s001_t000,sampling_rate,512,naive,0,19.883537,0.999812,48.006035
aaaaahzm_s001_t001,sampling_rate,512,naive,0,9.764399,0.982799,3.924595
aaaaahzq_s001_t000,sampling_rate,512,naive,0,14.321351,0.997733,11.333835
aaaaahzs_s001_t001,sampling_rate,512,naive,0,13.538841,0.996784,5.857965
aaaaaiae_s001_t000,sampling_rate,512,naive,0,9.899035,0.983790,15.607690
aaaaaibx_s001_t000,sampling_rate,512,naive,0,13.846983,0.997197,3.382753
aaaaaiby_s001_t000,sampling_rate,512,naive,0,19.758751,0.999801,22.780655
aaaaaici_s001_t000,sampling_rate,512,naive,0,19.143775,0.999738,7.372268
aaaaaicn_s001_t000,sampling_rate,512,naive,0,18.357622,0.999628,4.118752
aaaaaijh_s002_t000,sampling_rate,512,naive,1,14.605729,0.998003,20.029821
aaaaaijn_s001_t001,sampling_rate,512,naive,0,15.232896,0.998492,2.942434
aaaaairb_s001_t001,sampling_rate,512,naive,0,13.365312,0.996525,6.228383
aaaaairo_s001_t000,sampling_rate,512,naive,0,12.201523,0.994160,8.292282
aaaaaitt_s001_t000,sampling_rate,512,naive,0,12.475587,0.994832,22.564374
aaaaaiue_s004_t000,sampling_rate,512,naive,1,12.115970,0.993934,29.547577
aaaaaiuo_s002_t000,sampling_rate,512,naive,0,16.578322,0.999174,22.204695
aaaaaiwz_s001_t001,sampling_rate,512,naive,0,12.970451,0.995855,2.046230
aaaaaiyy_s001_t001,sampling_rate,512,naive,0,19.581380,0.999785,28.810183
aaaaaizd_s001_t001,sampling_rate,512,naive,0,17.093234,0.999344,43.317137
aaaaaizs_s001_t000,sampling_rate,512,naive,0,16.362718,0.999090,13.643444
aaaaajae_s001_t001,sampling_rate,512,naive,0,17.322255,0.999408,11.821472
aaaaajah_s002_t001,sampling_rate,512,naive,1,8.507526,0.970182,7.627231
aaaaajah_s004_t000,sampling_rate,512,naive,1,8.685116,0.972399,23.765335
aaaaajal_s001_t001,sampling_rate,512,naive,0,17.853629,0.999533,51.384115
aaaaajam_s001_t000,sampling_rate,512,naive,1,16.743434,0.999233,5.101313
aaaaajar_s001_t001,sampling_rate,512,naive,0,10.343278,0.986676,12.900772
aaaaajbb_s001_t000,sampling_rate,512,naive,0,18.603469,0.999666,9.356990
aaaaajbh_s002_t000,sampling_rate,512,naive,0,14.193939,0.997600,10.197553
aaaaajce_s001_t000,sampling_rate,512,naive,0,7.295296,0.949755,13.943534
aaaaajci_s001_t000,sampling_rate,512,naive,0,20.052473,0.999826,55.655621
aaaaajck_s001_t000,sampling_rate,512,naive,0,17.227612,0.999382,36.163875
aaaaajct_s001_t000,sampling_rate,512,naive,0,22.233345,0.999934,28.383907
aaaaajcu_s001_t000,sampling_rate,512,naive,0,12.457180,0.994789,32.543026
aaaaajda_s001_t000,sampling_rate,512,naive,0,13.570271,0.996829,46.361709
aaaaajdb_s001_t000,sampling_rate,512,naive,0,23.338697,0.999960,22.487284
aaaaajdv_s001_t000,sampling_rate,512,naive,0,16.509262,0.999148,29.491682
aaaaajdy_s001_t000,sampling_rate,512,naive,0,14.894178,0.998245,18.921985
aaaaajdz_s001_t000,sampling_rate,512,naive,0,14.503357,0.997910,9.334435
aaaaajea_s001_t000,sampling_rate,512,naive,0,12.754340,0.995436,26.086987
aaaaajen_s001_t000,sampling_rate,512,naive,0,11.940151,0.993440,10.606610
aaaaajey_s001_t000,sampling_rate,512,naive,0,18.092706,0.999581,14.672378
aaaaajfb_s001_t000,sampling_rate,512,naive,0,16.424921,0.999115,26.669969
aaaaajfe_s001_t000,sampling_rate,512,naive,0,16.225604,0.999033,44.463383
aaaaajff_s001_t000,sampling_rate,512,naive,0,15.716412,0.998785,10.675072
aaaaajfi_s001_t001,sampling_rate,512,naive,0,15.321882,0.998551,8.880269
aaaaajfn_s001_t001,sampling_rate,512,naive,0,12.345643,0.994524,10.432995
aaaaajfy_s001_t000,sampling_rate,512,naive,0,15.504635,0.998664,17.762094
aaaaajga_s001_t001,sampling_rate,512,naive,0,22.019328,0.999928,16.406160
aaaaajhy_s001_t000,sampling_rate,512,naive,0,15.908346,0.998885,2.679319
aaaaajit_s001_t001,sampling_rate,512,naive,0,16.162075,0.999005,17.477861
aaaaajiu_s001_t000,sampling_rate,512,naive,0,5.077412,0.874978,14.197757
aaaaajiy_s001_t001,sampling_rate,512,naive,0,12.406574,0.994670,9.161373
aaaaajiz_s001_t000,sampling_rate,512,naive,0,14.376636,0.997788,15.295945
aaaaajjb_s001_t001,sampling_rate,512,naive,0,11.103130,0.990484,4.121025
aaaaajje_s001_t000,sampling_rate,512,naive,0,11.548573,0.992192,35.746415
aaaaajjk_s001_t000,sampling_rate,512,naive,0,17.496110,0.999452,60.253068
aaaaajna_s001_t000,sampling_rate,512,naive,0,10.811441,0.989170,23.256390
aaaaajnu_s001_t000,sampling_rate,512,naive,0,19.288968,0.999755,10.745454
aaaaajon_s001_t000,sampling_rate,512,naive,0,13.635699,0.996920,18.787457
aaaaajoo_s002_t001,sampling_rate,512,naive,1,10.482010,0.987469,8.804674
aaaaajpg_s001_t001,sampling_rate,512,naive,0,13.991405,0.997373,14.416334
aaaaajqh_s004_t000,sampling_rate,512,naive,1,18.803506,0.999695,67.114721
aaaaajqk_s003_t001,sampling_rate,512,naive,1,23.033217,0.999954,2.593691
aaaaajrf_s001_t000,sampling_rate,512,naive,1,26.289322,0.999989,10.704086
aaaaajrf_s002_t000,sampling_rate,512,naive,1,27.965121,0.999995,61.079782
aaaaajrf_s003_t002,sampling_rate,512,naive,1,23.839693,0.999968,42.270001
aaaaajrf_s004_t000,sampling_rate,512,naive,1,14.732476,0.998113,4.978192
aaaaajso_s001_t000,sampling_rate,512,naive,1,17.396807,0.999427,48.327238
aaaaajtg_s001_t000,sampling_rate,512,naive,0,14.516215,0.997922,15.161919
aaaaajtu_s001_t000,sampling_rate,512,naive,0,14.112479,0.997511,42.592303
aaaaajuh_s001_t000,sampling_rate,512,naive,1,17.964917,0.999556,45.401457
aaaaajun_s001_t000,sampling_rate,512,naive,0,21.102413,0.999891,11.496369
aaaaajvh_s001_t001,sampling_rate,512,naive,0,19.687230,0.999795,9.696910
aaaaajxp_s001_t000,sampling_rate,512,naive,0,16.184871,0.999015,28.235051
aaaaakck_s001_t001,sampling_rate,512,naive,1,23.758208,0.999967,16.442719
aaaaakcx_s001_t001,sampling_rate,512,naive,1,20.678385,0.999868,9.554758
aaaaakcy_s005_t001,sampling_rate,512,naive,1,26.936918,0.999992,0.924426
aaaaakdj_s001_t000,sampling_rate,512,naive,1,19.222285,0.999747,6.390667
aaaaakdo_s001_t000,sampling_rate,512,naive,1,9.606724,0.981563,13.847289
aaaaakeq_s001_t000,sampling_rate,512,naive,1,12.417695,0.994697,12.012250
aaaaakeq_s002_t000,sampling_rate,512,naive,1,17.215207,0.999379,44.657810
aaaaakeq_s003_t000,sampling_rate,512,naive,1,17.529071,0.999460,10.354867
aaaaakev_s001_t001,sampling_rate,512,naive,1,31.033499,0.999999,62.203303
aaaaakev_s002_t000,sampling_rate,512,naive,1,27.282393,0.999993,50.870214
aaaaakft_s001_t000,sampling_rate,512,naive,0,13.820761,0.997164,23.967349
aaaaakgp_s001_t001,sampling_rate,512,naive,0,14.959115,0.998295,17.027276
aaaaakgu_s001_t000,sampling_rate,512,naive,1,6.713243,0.935749,29.325632
aaaaakjk_s002_t002,sampling_rate,512,naive,1,11.369412,0.991545,11.470951
aaaaakjk_s003_t000,sampling_rate,512,naive,1,16.997600,0.999315,3.585339
aaaaakka_s001_t001,sampling_rate,512,naive,0,15.345643,0.998566,19.454599
aaaaakmg_s003_t001,sampling_rate,512,naive,1,12.226277,0.994225,16.739250
aaaaakmh_s001_t000,sampling_rate,512,naive,1,5.335603,0.887092,8.748515
aaaaaknt_s001_t000,sampling_rate,512,naive,1,21.838337,0.999922,15.934598
aaaaakoo_s001_t001,sampling_rate,512,naive,1,13.826765,0.997172,64.964318
aaaaakqg_s001_t001,sampling_rate,512,naive,0,19.985079,0.999820,16.701547
aaaaakqr_s001_t000,sampling_rate,512,naive,0,10.504529,0.987593,7.884237
aaaaakrt_s001_t001,sampling_rate,512,naive,1,19.646036,0.999791,13.506370
aaaaakrt_s002_t001,sampling_rate,512,naive,1,14.417057,0.997828,12.598281
aaaaaksb_s001_t000,sampling_rate,512,naive,0,10.031109,0.984707,18.941016
aaaaaksu_s001_t001,sampling_rate,512,naive,0,14.542821,0.997946,7.122595
aaaaakxz_s001_t001,sampling_rate,512,naive,1,10.864721,0.989422,13.151573
aaaaakxz_s002_t001,sampling_rate,512,naive,1,13.138692,0.996155,1.899325
aaaaalaf_s001_t000,sampling_rate,512,naive,0,20.767515,0.999873,6.777017
aaaaalau_s001_t000,sampling_rate,512,naive,1,19.257650,0.999751,48.598941
aaaaalbh_s001_t000,sampling_rate,512,naive,1,17.562426,0.999468,44.067508
aaaaalbt_s001_t001,sampling_rate,512,naive,0,10.518539,0.987670,12.945324
aaaaalbt_s002_t000,sampling_rate,512,naive,0,11.432701,0.991779,12.199182
aaaaalbz_s006_t000,sampling_rate,512,naive,1,23.319247,0.999960,65.400990
aaaaalid_s001_t001,sampling_rate,512,naive,0,13.368560,0.996530,31.549528
aaaaaljf_s001_t000,sampling_rate,512,naive,1,14.975136,0.998307,14.827145
aaaaaljj_s001_t000,sampling_rate,512,naive,0,15.399775,0.998600,10.047072
aaaaallc_s001_t001,sampling_rate,512,naive,0,16.053475,0.998955,27.706257
aaaaalle_s002_t000,sampling_rate,512,naive,1,13.759296,0.997085,36.843760
aaaaalox_s001_t001,sampling_rate,512,naive,0,21.817994,0.999921,33.739549
aaaaalpv_s001_t000,sampling_rate,512,naive,0,16.370267,0.999093,19.896163
aaaaalqa_s001_t000,sampling_rate,512,naive,0,15.613990,0.998728,6.646708
aaaaalqr_s001_t001,sampling_rate,512,naive,1,-5.951730,0.047640,19.814231
aaaaalqs_s001_t001,sampling_rate,512,naive,0,14.583492,0.997983,4.872810
aaaaalqx_s001_t000,sampling_rate,512,naive,0,16.576224,0.999173,33.441756
aaaaalrc_s002_t000,sampling_rate,512,naive,1,41.851181,1.000000,5.450074
aaaaalsq_s001_t000,sampling_rate,512,naive,0,16.776761,0.999244,8.993205
aaaaalsx_s001_t000,sampling_rate,512,naive,1,16.602599,0.999183,42.272620
aaaaalsx_s004_t001,sampling_rate,512,naive,1,0.702994,0.496500,3.993753
aaaaaluz_s001_t001,sampling_rate,512,naive,0,17.903319,0.999544,6.257575
aaaaalvw_s001_t000,sampling_rate,512,naive,0,17.579535,0.999472,22.546869
aaaaalvz_s001_t000,sampling_rate,512,naive,1,28.958506,0.999997,15.203799
aaaaalxk_s001_t000,sampling_rate,512,naive,0,17.258432,0.999391,42.100738
aaaaalyr_s001_t000,sampling_rate,512,naive,1,14.534255,0.997939,9.228200
aaaaalzk_s002_t001,sampling_rate,512,naive,1,16.026929,0.998943,52.763772
aaaaamcb_s001_t001,sampling_rate,512,naive,1,24.211452,0.999973,33.601784
aaaaamfe_s001_t001,sampling_rate,512,naive,0,16.781267,0.999246,11.896234
aaaaamft_s001_t001,sampling_rate,512,naive,1,-2.157152,0.214953,3.198589
aaaaamfu_s001_t000,sampling_rate,512,naive,0,13.645502,0.996933,7.293684
aaaaamhi_s001_t000,sampling_rate,512,naive,1,18.291096,0.999616,4.597641
aaaaamhk_s001_t000,sampling_rate,512,naive,1,19.847217,0.999809,11.458468
aaaaamjc_s001_t001,sampling_rate,512,naive,1,25.400586,0.999984,7.267295
aaaaammh_s001_t001,sampling_rate,512,naive,1,16.024484,0.998942,11.852300
aaaaamnq_s001_t000,sampling_rate,512,naive,1,21.483625,0.999908,27.837736
aaaaamnq_s002_t000,sampling_rate,512,naive,1,19.966543,0.999819,3.027338
aaaaamon_s001_t000,sampling_rate,512,naive,0,16.836055,0.999264,12.605374
aaaaampz_s001_t000,sampling_rate,512,naive,1,6.231149,0.921476,11.054815
aaaaamrj_s001_t000,sampling_rate,512,naive,0,14.758247,0.998135,4.797869
aaaaamsc_s001_t000,sampling_rate,512,naive,1,17.937724,0.999551,20.549116
aaaaamtb_s001_t000,sampling_rate,512,naive,0,9.776929,0.982894,6.002162
aaaaamuc_s001_t000,sampling_rate,512,naive,0,12.085963,0.993852,6.410701
aaaaamxn_s001_t000,sampling_rate,512,naive,1,11.873268,0.993242,3.758860
aaaaamyb_s001_t001,sampling_rate,512,naive,0,9.388820,0.979711,23.758030
aaaaamye_s001_t000,sampling_rate,512,naive,1,17.437176,0.999438,12.185299
aaaaamzi_s001_t001,sampling_rate,512,naive,1,17.588245,0.999474,33.188602
aaaaamzl_s001_t000,sampling_rate,512,naive,0,8.855905,0.974380,16.957747
aaaaamzx_s001_t000,sampling_rate,512,naive,0,11.812489,0.993056,6.322949
aaaaanbq_s001_t000,sampling_rate,512,naive,0,15.186724,0.998460,7.821932
aaaaanek_s001_t000,sampling_rate,512,naive,0,21.604914,0.999913,10.188265
aaaaangp_s001_t000,sampling_rate,512,naive,0,14.782579,0.998155,10.868200
aaaaanhb_s001_t003,sampling_rate,512,naive,1,12.928421,0.995777,20.634432
aaaaanhb_s003_t001,sampling_rate,512,naive,1,12.714472,0.995354,13.282761
aaaaanhb_s005_t000,sampling_rate,512,naive,1,18.581728,0.999663,6.798263
aaaaankf_s001_t000,sampling_rate,512,naive,1,14.200794,0.997607,5.735418
aaaaanlp_s001_t000,sampling_rate,512,naive,0,14.927815,0.998271,5.855746
aaaaanmc_s001_t000,sampling_rate,512,naive,1,20.336508,0.999847,7.870397
aaaaanop_s001_t000,sampling_rate,512,naive,0,-7.894836,0.020517,7.602155
aaaaanoz_s001_t000,sampling_rate,512,naive,1,15.770512,0.998814,28.037882
aaaaanpr_s001_t002,sampling_rate,512,naive,1,13.140930,0.996159,11.362589
aaaaanqe_s001_t000,sampling_rate,512,naive,0,11.864712,0.993216,9.911966
aaaaanro_s001_t000,sampling_rate,512,naive,1,16.856007,0.999271,9.242033
aaaaansj_s001_t000,sampling_rate,512,naive,1,9.894152,0.983755,4.129980
aaaaanta_s001_t000,sampling_rate,512,naive,1,14.937863,0.998279,53.136029
aaaaanum_s001_t000,sampling_rate,512,naive,0,15.196301,0.998467,14.312910
aaaaanvb_s002_t000,sampling_rate,512,naive,0,10.164404,0.985580,5.212291
aaaaanvg_s001_t002,sampling_rate,512,naive,0,15.046218,0.998360,6.414934
aaaaanvw_s001_t000,sampling_rate,512,naive,0,15.073354,0.998380,13.703829
aaaaanwc_s001_t001,sampling_rate,512,naive,1,17.082931,0.999341,110.409501
aaaaanxl_s001_t000,sampling_rate,512,naive,1,20.388483,0.999850,34.820698
aaaaanyb_s001_t001,sampling_rate,512,naive,0,12.972541,0.995859,5.939789
aaaaanyt_s002_t000,sampling_rate,512,naive,1,-10.210647,0.007368,3.844798
aaaaanyw_s001_t000,sampling_rate,512,naive,1,15.930547,0.998896,4.003489
aaaaanyw_s002_t000,sampling_rate,512,naive,1,8.752772,0.973201,5.022062
aaaaanzh_s001_t000,sampling_rate,512,naive,1,13.553514,0.996805,23.746022
aaaaanzu_s001_t003,sampling_rate,512,naive,1,13.993440,0.997375,13.326454
aaaaaoav_s001_t000,sampling_rate,512,naive,0,8.285654,0.967168,24.444164
aaaaaoav_s002_t000,sampling_rate,512,naive,0,1.236347,0.555998,4.529737
aaaaaobi_s001_t000,sampling_rate,512,naive,1,11.109974,0.990512,14.589246
aaaaaobl_s001_t000,sampling_rate,512,naive,0,10.268824,0.986230,26.399305
aaaaaoby_s001_t000,sampling_rate,512,naive,0,14.933299,0.998275,47.350079
aaaaaoda_s001_t000,sampling_rate,512,naive,1,22.016120,0.999928,41.200105
aaaaaoeg_s001_t000,sampling_rate,512,naive,0,16.838428,0.999265,11.567940
aaaaaofj_s001_t000,sampling_rate,512,naive,0,10.933638,0.989741,27.048014
aaaaaofr_s001_t000,sampling_rate,512,naive,0,18.828641,0.999698,6.546910
aaaaaofz_s001_t000,sampling_rate,512,naive,0,10.803914,0.989133,11.404112
aaaaaohb_s001_t000,sampling_rate,512,naive,1,21.636103,0.999914,5.917276
aaaaaohr_s002_t001,sampling_rate,512,naive,1,20.097871,0.999829,10.450068
aaaaaoiq_s001_t000,sampling_rate,512,naive,1,24.802818,0.999979,15.671331
aaaaaoiv_s001_t000,sampling_rate,512,naive,1,16.669167,0.999207,4.960504
aaaaaoiv_s002_t001,sampling_rate,512,naive,1,29.164495,0.999997,12.001585
aaaaaoiv_s003_t003,sampling_rate,512,naive,1,28.081184,0.999995,1.963730
aaaaaojd_s001_t002,sampling_rate,512,naive,0,15.356509,0.998573,24.477783
aaaaaokg_s001_t000,sampling_rate,512,naive,0,20.630912,0.999865,7.806053
aaaaaoly_s001_t000,sampling_rate,512,naive,0,14.210950,0.997618,47.917390
aaaaaome_s001_t000,sampling_rate,512,naive,0,15.608080,0.998725,24.100485
aaaaaomx_s001_t000,sampling_rate,512,naive,0,-5.478216,0.058242,17.855058
aaaaaomy_s001_t000,sampling_rate,512,naive,1,11.832622,0.993118,15.797091
aaaaaonb_s001_t000,sampling_rate,512,naive,0,11.255673,0.991107,11.715712
aaaaaons_s002_t002,sampling_rate,512,naive,1,18.028568,0.999568,22.227873
aaaaaopd_s001_t000,sampling_rate,512,naive,0,9.061246,0.976579,15.770699
aaaaaopo_s001_t000,sampling_rate,512,naive,0,19.823760,0.999807,7.989434
aaaaaora_s002_t000,sampling_rate,512,naive,1,15.374038,0.998584,5.851249
aaaaaord_s001_t000,sampling_rate,512,naive,1,10.138593,0.985415,11.734266
aaaaaosh_s001_t000,sampling_rate,512,naive,1,15.970974,0.998916,14.682522
aaaaaosw_s001_t000,sampling_rate,512,naive,0,9.548930,0.981089,26.334108
aaaaaote_s001_t000,sampling_rate,512,naive,0,12.422356,0.994708,9.814025
aaaaaout_s001_t000,sampling_rate,512,naive,1,15.306523,0.998541,26.551883
aaaaaovl_s001_t000,sampling_rate,512,naive,1,23.844499,0.999968,3.469485
aaaaaovo_s001_t000,sampling_rate,512,naive,1,22.280827,0.999936,6.994692
aaaaaowb_s001_t000,sampling_rate,512,naive,0,17.699858,0.999500,7.269327
aaaaaoxf_s001_t000,sampling_rate,512,naive,0,8.861102,0.974438,8.307165
aaaaaozf_s001_t001,sampling_rate,512,naive,0,17.260768,0.999391,2.172516
aaaaapag_s001_t000,sampling_rate,512,naive,0,15.731654,0.998793,29.888145
aaaaapar_s001_t000,sampling_rate,512,naive,1,35.413973,1.000000,3.070858
aaaaapcb_s001_t000,sampling_rate,512,naive,0,-6.743751,0.033892,6.492219
aaaaapcy_s001_t002,sampling_rate,512,naive,0,14.383756,0.997795,38.842961
aaaaapdg_s001_t000,sampling_rate,512,naive,0,10.180731,0.985684,15.888559
aaaaaphs_s001_t000,sampling_rate,512,naive,1,18.238943,0.999607,27.577898
aaaaaphw_s001_t000,sampling_rate,512,naive,0,11.790225,0.992987,12.270213
aaaaapij_s001_t000,sampling_rate,512,naive,0,7.824212,0.959931,7.267573
aaaaapjc_s001_t001,sampling_rate,512,naive,0,16.147818,0.998998,8.927426
aaaaapka_s001_t000,sampling_rate,512,naive,0,8.616272,0.971559,8.631911
aaaaapkx_s001_t001,sampling_rate,512,naive,1,15.152378,0.998436,14.883213
aaaaaply_s001_t001,sampling_rate,512,naive,1,22.501987,0.999942,5.296881
aaaaapmb_s002_t001,sampling_rate,512,naive,1,1.331030,0.566443,4.801103
aaaaapmp_s001_t000,sampling_rate,512,naive,1,23.157853,0.999957,45.482860
aaaaapnr_s001_t000,sampling_rate,512,naive,1,12.285290,0.994374,13.783508
aaaaapoc_s001_t000,sampling_rate,512,naive,1,20.168369,0.999834,38.611469
aaaaapof_s001_t000,sampling_rate,512,naive,0,11.382537,0.991594,22.185415
aaaaapoo_s001_t000,sampling_rate,512,naive,0,15.162506,0.998443,31.124524
aaaaapoq_s001_t000,sampling_rate,512,naive,0,16.628834,0.999192,35.361902
aaaaappb_s001_t000,sampling_rate,512,naive,0,9.331097,0.979191,41.858070
aaaaapqd_s001_t000,sampling_rate,512,naive,1,8.972609,0.975654,10.958054
aaaaapqv_s001_t000,sampling_rate,512,naive,0,8.853705,0.974356,10.051148
aaaaapta_s001_t000,sampling_rate,512,naive,1,13.575665,0.996836,30.589940
aaaaapth_s001_t000,sampling_rate,512,naive,1,7.667266,0.957137,5.370905
aaaaapua_s001_t001,sampling_rate,512,naive,0,14.269131,0.997679,11.579375
aaaaapuu_s001_t000,sampling_rate,512,naive,0,10.453966,0.987312,35.734637
aaaaapvw_s001_t001,sampling_rate,512,naive,1,18.558254,0.999660,14.571200
aaaaapvy_s001_t000,sampling_rate,512,naive,1,-5.931951,0.048044,11.992306
aaaaapwn_s001_t001,sampling_rate,512,naive,0,10.907034,0.989619,8.495882
aaaaapwo_s001_t001,sampling_rate,512,naive,1,27.939809,0.999995,11.132443
aaaaapxm_s001_t001,sampling_rate,512,naive,0,17.324419,0.999409,4.097354
aaaaapys_s001_t001,sampling_rate,512,naive,1,30.655521,0.999998,4.915272
aaaaapys_s002_t001,sampling_rate,512,naive,1,14.902699,0.998252,15.269470
