rec_id,axis,severity,arm,label,logit,prob,var_logit
aaaaaayx_s002_t000,broadband,-5.0,canonicalized,0,1.843973,0.822298,0.123766
aaaaabdo_s003_t000,broadband,-5.0,canonicalized,1,2.409933,0.886588,0.038446
aaaaabsk_s007_t000,broadband,-5.0,canonicalized,1,2.091965,0.853430,0.078545
aaaaabuv_s002_t000,broadband,-5.0,canonicalized,1,2.983758,0.930085,0.113896
aaaaacad_s003_t000,broadband,-5.0,canonicalized,0,2.005146,0.843080,0.201309
aaaaacby_s004_t000,broadband,-5.0,canonicalized,0,1.767881,0.811762,0.047547
aaaaaddm_s006_t000,broadband,-5.0,canonicalized,1,1.658231,0.795745,0.086803
aaaaadeu_s002_t000,broadband,-5.0,canonicalized,1,2.278975,0.873805,0.043931
aaaaadjk_s002_t000,broadband,-5.0,canonicalized,0,1.220955,0.722074,0.299959
aaaaadkb_s002_t000,broadband,-5.0,canonicalized,1,3.120264,0.937875,0.146936
aaaaadsm_s002_t001,broadband,-5.0,canonicalized,0,1.236974,0.725043,0.107144
aaaaaeab_s003_t000,broadband,-5.0,canonicalized,0,1.578638,0.783497,0.064469
aaaaaejc_s003_t001,broadband,-5.0,canonicalized,0,2.829739,0.920217,0.091703
aaaaaezn_s003_t001,broadband,-5.0,canonicalized,1,1.723994,0.805469,0.190723
aaaaafhl_s003_t000,broadband,-5.0,canonicalized,1,1.643209,0.793473,0.045535
aaaaagfk_s003_t000,broadband,-5.0,canonicalized,0,1.437464,0.760490,0.142497
aaaaagsc_s003_t001,broadband,-5.0,canonicalized,1,2.745834,0.914320,0.144607
aaaaagsc_s006_t001,broadband,-5.0,canonicalized,1,2.182800,0.863647,0.024582
aaaaaguk_s002_t001,broadband,-5.0,canonicalized,0,1.222488,0.722359,0.044709
aaaaagvx_s002_t000,broadband,-5.0,canonicalized,1,2.170395,0.862288,0.078494
aaaaagvx_s003_t001,broadband,-5.0,canonicalized,1,1.866727,0.825358,0.031687
aaaaagyr_s002_t000,broadband,-5.0,canonicalized,1,1.117594,0.702454,0.158698
aaaaahie_s005_t001,broadband,-5.0,canonicalized,1,2.906827,0.925306,0.058029
aaaaahsv_s002_t000,broadband,-5.0,canonicalized,0,2.273512,0.873245,0.452581
aaaaahte_s002_t000,broadband,-5.0,canonicalized,1,2.278964,0.873803,0.071518
aaaaahte_s003_t000,broadband,-5.0,canonicalized,1,3.214307,0.942763,0.054263
aaaaahuy_s002_t000,broadband,-5.0,canonicalized,1,1.509238,0.772392,0.022712
aaaaahzi_s001_t000,broadband,-5.0,canonicalized,0,1.692292,0.800826,0.056111
aaaaahzm_s001_t001,broadband,-5.0,canonicalized,0,1.668620,0.797305,0.022997
aaaaahzq_s001_t000,broadband,-5.0,canonicalized,0,1.646998,0.794048,0.047398
aaaaahzs_s001_t001,broadband,-5.0,canonicalized,0,1.933016,0.834034,0.066531
aaaaaiae_s001_t000,broadband,-5.0,canonicalized,0,1.522882,0.774606,0.010221
aaaaaibx_s001_t000,broadband,-5.0,canonicalized,0,1.509381,0.772415,0.036387
aaaaaiby_s001_t000,broadband,-5.0,canonicalized,0,1.699788,0.801931,0.038832
aaaaaici_s001_t000,broadband,-5.0,canonicalized,0,0.869321,0.652259,0.602569
aaaaaicn_s001_t000,broadband,-5.0,canonicalized,0,1.682998,0.799449,0.052060
aaaaaijh_s002_t000,broadband,-5.0,canonicalized,1,1.422929,0.758028,0.068323
aaaaaijn_s001_t001,broadband,-5.0,canonicalized,0,1.800788,0.816376,0.019259
aaaaairb_s001_t001,broadband,-5.0,canonicalized,0,1.868419,0.825584,0.056058
aaaaairo_s001_t000,broadband,-5.0,canonicalized,0,1.231128,0.723961,0.203060
aaaaaitt_s001_t000,broadband,-5.0,canonicalized,0,1.383955,0.751344,0.090853
aaaaaiue_s004_t000,broadband,-5.0,canonicalized,1,1.693898,0.801063,0.022858
aaaaaiuo_s002_t000,broadband,-5.0,canonicalized,0,1.868189,0.825553,0.056663
aaaaaiwz_s001_t001,broadband,-5.0,canonicalized,0,1.711314,0.803622,0.084696
aaaaaiyy_s001_t001,broadband,-5.0,canonicalized,0,0.998647,0.678918,0.056596
aaaaaizd_s001_t001,broadband,-5.0,canonicalized,0,1.295562,0.735731,0.128663
aaaaaizs_s001_t000,broadband,-5.0,canonicalized,0,2.485860,0.893472,0.107380
aaaaajae_s001_t001,broadband,-5.0,canonicalized,0,2.417742,0.887314,0.064391
aaaaajah_s002_t001,broadband,-5.0,canonicalized,1,1.604140,0.787478,0.008322
aaaaajah_s004_t000,broadband,-5.0,canonicalized,1,1.745775,0.808612,0.159636
aaaaajal_s001_t001,broadband,-5.0,canonicalized,0,0.367337,0.540883,0.202125
aaaaajam_s001_t000,broadband,-5.0,canonicalized,1,1.494484,0.769980,0.084253
aaaaajar_s001_t001,broadband,-5.0,canonicalized,0,1.857943,0.824182,0.086186
aaaaajbb_s001_t000,broadband,-5.0,canonicalized,0,2.718537,0.912318,0.044351
aaaaajbh_s002_t000,broadband,-5.0,canonicalized,0,1.037289,0.686672,0.037804
aaaaajce_s001_t000,broadband,-5.0,canonicalized,0,1.430823,0.759367,0.161158
aaaaajci_s001_t000,broadband,-5.0,canonicalized,0,1.629555,0.791392,0.021228
aaaaajck_s001_t000,broadband,-5.0,canonicalized,0,0.932534,0.665422,0.154488
aaaaajct_s001_t000,broadband,-5.0,canonicalized,0,1.419906,0.757514,0.019797
aaaaajcu_s001_t000,broadband,-5.0,canonicalized,0,1.563895,0.781171,0.147236
aaaaajda_s001_t000,broadband,-5.0,canonicalized,0,1.812025,0.817932,0.156025
aaaaajdb_s001_t000,broadband,-5.0,canonicalized,0,1.574551,0.782854,0.051922
aaaaajdv_s001_t000,broadband,-5.0,canonicalized,0,1.146790,0.708076,0.272388
aaaaajdy_s001_t000,broadband,-5.0,canonicalized,0,1.381726,0.750958,0.062511
aaaaajdz_s001_t000,broadband,-5.0,canonicalized,0,1.344013,0.744366,0.155480
aaaaajea_s001_t000,broadband,-5.0,canonicalized,0,1.526715,0.775226,0.038463
aaaaajen_s001_t000,broadband,-5.0,canonicalized,0,1.465712,0.765224,0.022224
aaaaajey_s001_t000,broadband,-5.0,canonicalized,0,2.177518,0.863070,0.257172
aaaaajfb_s001_t000,broadband,-5.0,canonicalized,0,1.366087,0.748238,0.060918
aaaaajfe_s001_t000,broadband,-5.0,canonicalized,0,1.724681,0.805569,0.015480
aaaaajff_s001_t000,broadband,-5.0,canonicalized,0,1.808433,0.817436,0.016622
aaaaajfi_s001_t001,broadband,-5.0,canonicalized,0,1.445049,0.761767,0.011993
aaaaajfn_s001_t001,broadband,-5.0,canonicalized,0,0.891770,0.656962,0.450834
aaaaajfy_s001_t000,broadband,-5.0,canonicalized,0,1.314682,0.739161,0.005449
aaaaajga_s001_t001,broadband,-5.0,canonicalized,0,1.647718,0.794157,0.031807
aaaaajhy_s001_t000,broadband,-5.0,canonicalized,0,1.390955,0.752553,0.082666
aaaaajit_s001_t001,broadband,-5.0,canonicalized,0,-0.334359,0.380784,0.840190
aaaaajiu_s001_t000,broadband,-5.0,canonicalized,0,1.252219,0.727849,0.177315
aaaaajiy_s001_t001,broadband,-5.0,canonicalized,0,1.930022,0.833650,0.134751
aaaaajiz_s001_t000,broadband,-5.0,canonicalized,0,1.181501,0.714679,0.227740
aaaaajjb_s001_t001,broadband,-5.0,canonicalized,0,1.733976,0.806914,0.018904
aaaaajje_s001_t000,broadband,-5.0,canonicalized,0,1.457978,0.763935,0.246648
aaaaajjk_s001_t000,broadband,-5.0,canonicalized,0,1.448659,0.762374,0.111136
aaaaajna_s001_t000,broadband,-5.0,canonicalized,0,1.395177,0.753281,0.085846
aaaaajnu_s001_t000,broadband,-5.0,canonicalized,0,1.620322,0.789977,0.037555
aaaaajon_s001_t000,broadband,-5.0,canonicalized,0,1.480078,0.767607,0.098653
aaaaajoo_s002_t001,broadband,-5.0,canonicalized,1,1.467449,0.765513,0.039838
aaaaajpg_s001_t001,broadband,-5.0,canonicalized,0,2.635981,0.906004,0.064871
aaaaajqh_s004_t000,broadband,-5.0,canonicalized,1,1.541745,0.777643,0.037092
aaaaajqk_s003_t001,broadband,-5.0,canonicalized,1,3.205592,0.942325,0.096821
aaaaajrf_s001_t000,broadband,-5.0,canonicalized,1,1.590169,0.785304,0.095405
aaaaajrf_s002_t000,broadband,-5.0,canonicalized,1,1.633909,0.792058,0.195320
aaaaajrf_s003_t002,broadband,-5.0,canonicalized,1,2.617613,0.904544,0.092110
aaaaajrf_s004_t000,broadband,-5.0,canonicalized,1,1.777153,0.813071,0.010049
aaaaajso_s001_t000,broadband,-5.0,canonicalized,1,1.436637,0.760350,0.142066
aaaaajtg_s001_t000,broadband,-5.0,canonicalized,0,1.313205,0.738897,0.256541
aaaaajtu_s001_t000,broadband,-5.0,canonicalized,0,1.560646,0.780656,0.050644
aaaaajuh_s001_t000,broadband,-5.0,canonicalized,1,1.725712,0.805719,0.042028
aaaaajun_s001_t000,broadband,-5.0,canonicalized,0,1.570422,0.782203,0.129218
aaaaajvh_s001_t001,broadband,-5.0,canonicalized,0,1.687199,0.800072,0.045835
aaaaajxp_s001_t000,broadband,-5.0,canonicalized,0,2.621963,0.904892,0.102138
aaaaakck_s001_t001,broadband,-5.0,canonicalized,1,1.769451,0.811984,0.045001
aaaaakcx_s001_t001,broadband,-5.0,canonicalized,1,2.389980,0.884716,0.021520
aaaaakcy_s005_t001,broadband,-5.0,canonicalized,1,2.793767,0.917736,0.077776
aaaaakdj_s001_t000,broadband,-5.0,canonicalized,1,2.014195,0.844186,0.123830
aaaaakdo_s001_t000,broadband,-5.0,canonicalized,1,2.441282,0.889476,0.223323
aaaaakeq_s001_t000,broadband,-5.0,canonicalized,1,1.669771,0.797477,0.052881
aaaaakeq_s002_t000,broadband,-5.0,canonicalized,1,1.326784,0.741317,0.069822
aaaaakeq_s003_t000,broadband,-5.0,canonicalized,1,1.820281,0.819068,0.066835
aaaaakev_s001_t001,broadband,-5.0,canonicalized,1,2.035045,0.846710,0.032913
aaaaakev_s002_t000,broadband,-5.0,canonicalized,1,1.745068,0.808511,0.183016
aaaaakft_s001_t000,broadband,-5.0,canonicalized,0,1.386667,0.751813,0.068111
aaaaakgp_s001_t001,broadband,-5.0,canonicalized,0,1.835070,0.821090,0.150847
aaaaakgu_s001_t000,broadband,-5.0,canonicalized,1,1.501389,0.771111,0.104406
aaaaakjk_s002_t002,broadband,-5.0,canonicalized,1,1.540150,0.777387,0.049099
aaaaakjk_s003_t000,broadband,-5.0,canonicalized,1,2.186913,0.864095,0.045705
aaaaakka_s001_t001,broadband,-5.0,canonicalized,0,2.562770,0.900066,0.238312
aaaaakmg_s003_t001,broadband,-5.0,canonicalized,1,1.640722,0.793095,0.026696
aaaaakmh_s001_t000,broadband,-5.0,canonicalized,1,1.441286,0.761134,0.080073
aaaaaknt_s001_t000,broadband,-5.0,canonicalized,1,3.085196,0.935955,0.056011
aaaaakoo_s001_t001,broadband,-5.0,canonicalized,1,1.872658,0.826148,0.062835
aaaaakqg_s001_t001,broadband,-5.0,canonicalized,0,1.049611,0.689123,0.957252
aaaaakqr_s001_t000,broadband,-5.0,canonicalized,0,1.349097,0.745261,0.029928
aaaaakrt_s001_t001,broadband,-5.0,canonicalized,1,2.350338,0.880917,0.050668
aaaaakrt_s002_t001,broadband,-5.0,canonicalized,1,3.106329,0.937119,0.024494
aaaaaksb_s001_t000,broadband,-5.0,canonicalized,0,1.466060,0.765282,0.090925
aaaaaksu_s001_t001,broadband,-5.0,canonicalized,0,1.904207,0.830307,0.025923
aaaaakxz_s001_t001,broadband,-5.0,canonicalized,1,1.771351,0.812252,0.059200
aaaaakxz_s002_t001,broadband,-5.0,canonicalized,1,2.067195,0.850536,0.023173
aaaaalaf_s001_t000,broadband,-5.0,canonicalized,0,0.550341,0.582599,0.152787
aaaaalau_s001_t000,broadband,-5.0,canonicalized,1,1.815312,0.818385,0.045605
aaaaalbh_s001_t000,broadband,-5.0,canonicalized,1,1.287244,0.734230,0.304340
aaaaalbt_s001_t001,broadband,-5.0,canonicalized,0,1.874752,0.826427,0.099654
aaaaalbt_s002_t000,broadband,-5.0,canonicalized,0,1.429798,0.759194,0.223423
aaaaalbz_s006_t000,broadband,-5.0,canonicalized,1,1.609015,0.788233,0.056790
aaaaalid_s001_t001,broadband,-5.0,canonicalized,0,1.299948,0.736520,0.032020
aaaaaljf_s001_t000,broadband,-5.0,canonicalized,1,1.499192,0.770751,0.065474
aaaaaljj_s001_t000,broadband,-5.0,canonicalized,0,0.011300,0.458603,0.326297
aaaaallc_s001_t001,broadband,-5.0,canonicalized,0,2.013082,0.844050,0.117783
aaaaalle_s002_t000,broadband,-5.0,canonicalized,1,1.751548,0.809438,0.012493
aaaaalox_s001_t001,broadband,-5.0,canonicalized,0,1.725298,0.805659,0.051839
aaaaalpv_s001_t000,broadband,-5.0,canonicalized,0,1.487902,0.768898,0.132071
aaaaalqa_s001_t000,broadband,-5.0,canonicalized,0,1.595484,0.786133,0.115410
aaaaalqr_s001_t001,broadband,-5.0,canonicalized,1,1.366211,0.748260,0.106404
aaaaalqs_s001_t001,broadband,-5.0,canonicalized,0,0.827887,0.643502,0.114669
aaaaalqx_s001_t000,broadband,-5.0,canonicalized,0,1.547824,0.778615,0.148497
aaaaalrc_s002_t000,broadband,-5.0,canonicalized,1,3.413807,0.951958,0.024161
aaaaalsq_s001_t000,broadband,-5.0,canonicalized,0,1.415126,0.756700,0.031245
aaaaalsx_s001_t000,broadband,-5.0,canonicalized,1,1.883271,0.827556,0.053732
aaaaalsx_s004_t001,broadband,-5.0,canonicalized,1,1.510580,0.772610,0.030894
aaaaaluz_s001_t001,broadband,-5.0,canonicalized,0,-0.360494,0.375092,0.214520
aaaaalvw_s001_t000,broadband,-5.0,canonicalized,0,1.527975,0.775429,0.239792
aaaaalvz_s001_t000,broadband,-5.0,canonicalized,1,3.077713,0.935538,0.021033
aaaaalxk_s001_t000,broadband,-5.0,canonicalized,0,1.488772,0.769041,0.080573
aaaaalyr_s001_t000,broadband,-5.0,canonicalized,1,1.586517,0.784733,0.105888
aaaaalzk_s002_t001,broadband,-5.0,canonicalized,1,2.340255,0.879933,0.072477
aaaaamcb_s001_t001,broadband,-5.0,canonicalized,1,2.206947,0.866260,0.071505
aaaaamfe_s001_t001,broadband,-5.0,canonicalized,0,2.028571,0.845930,0.058548
aaaaamft_s001_t001,broadband,-5.0,canonicalized,1,1.719290,0.804786,0.336481
aaaaamfu_s001_t000,broadband,-5.0,canonicalized,0,2.153016,0.860365,0.046475
aaaaamhi_s001_t000,broadband,-5.0,canonicalized,1,1.995014,0.841834,0.032162
aaaaamhk_s001_t000,broadband,-5.0,canonicalized,1,2.608905,0.903846,0.044143
aaaaamjc_s001_t001,broadband,-5.0,canonicalized,1,3.181626,0.941107,0.021713
aaaaammh_s001_t001,broadband,-5.0,canonicalized,1,1.962473,0.837778,0.066016
aaaaamnq_s001_t000,broadband,-5.0,canonicalized,1,1.678023,0.798709,0.191671
aaaaamnq_s002_t000,broadband,-5.0,canonicalized,1,1.681387,0.799210,0.020079
aaaaamon_s001_t000,broadband,-5.0,canonicalized,0,1.825408,0.819771,0.093573
aaaaampz_s001_t000,broadband,-5.0,canonicalized,1,1.777015,0.813051,0.057113
aaaaamrj_s001_t000,broadband,-5.0,canonicalized,0,1.485641,0.768525,0.173357
aaaaamsc_s001_t000,broadband,-5.0,canonicalized,1,3.384692,0.950709,0.127190
aaaaamtb_s001_t000,broadband,-5.0,canonicalized,0,1.547462,0.778557,0.017877
aaaaamuc_s001_t000,broadband,-5.0,canonicalized,0,1.808375,0.817427,0.044934
aaaaamxn_s001_t000,broadband,-5.0,canonicalized,1,1.307600,0.737894,0.016770
aaaaamyb_s001_t001,broadband,-5.0,canonicalized,0,1.242984,0.726151,0.091347
aaaaamye_s001_t000,broadband,-5.0,canonicalized,1,2.373580,0.883157,0.076472
aaaaamzi_s001_t001,broadband,-5.0,canonicalized,1,2.034894,0.846691,0.055606
aaaaamzl_s001_t000,broadband,-5.0,canonicalized,0,1.062611,0.691698,0.136494
aaaaamzx_s001_t000,broadband,-5.0,canonicalized,0,1.122861,0.703472,0.070065
aaaaanbq_s001_t000,broadband,-5.0,canonicalized,0,1.899228,0.829656,0.085784
aaaaanek_s001_t000,broadband,-5.0,canonicalized,0,0.207446,0.503940,0.085389
aaaaangp_s001_t000,broadband,-5.0,canonicalized,0,1.784727,0.814135,0.014203
aaaaanhb_s001_t003,broadband,-5.0,canonicalized,1,1.933131,0.834049,0.023721
aaaaanhb_s003_t001,broadband,-5.0,canonicalized,1,1.510588,0.772612,0.035174
aaaaanhb_s005_t000,broadband,-5.0,canonicalized,1,1.840673,0.821851,0.041880
aaaaankf_s001_t000,broadband,-5.0,canonicalized,1,1.729374,0.806249,0.074328
aaaaanlp_s001_t000,broadband,-5.0,canonicalized,0,1.337518,0.743219,0.255745
aaaaanmc_s001_t000,broadband,-5.0,canonicalized,1,3.183914,0.941224,0.097983
aaaaanop_s001_t000,broadband,-5.0,canonicalized,0,1.545321,0.778215,0.031231
aaaaanoz_s001_t000,broadband,-5.0,canonicalized,1,1.539223,0.777239,0.016807
aaaaanpr_s001_t002,broadband,-5.0,canonicalized,1,2.342020,0.880106,0.052932
aaaaanqe_s001_t000,broadband,-5.0,canonicalized,0,1.385485,0.751608,0.212512
aaaaanro_s001_t000,broadband,-5.0,canonicalized,1,2.632102,0.905697,0.048601
aaaaansj_s001_t000,broadband,-5.0,canonicalized,1,1.671554,0.797744,0.026747
aaaaanta_s001_t000,broadband,-5.0,canonicalized,1,2.091178,0.853339,0.222495
aaaaanum_s001_t000,broadband,-5.0,canonicalized,0,2.361479,0.881995,0.214537
aaaaanvb_s002_t000,broadband,-5.0,canonicalized,0,1.143743,0.707492,0.047660
aaaaanvg_s001_t002,broadband,-5.0,canonicalized,0,3.107365,0.937175,0.155450
aaaaanvw_s001_t000,broadband,-5.0,canonicalized,0,0.373326,0.542261,0.226476
aaaaanwc_s001_t001,broadband,-5.0,canonicalized,1,1.927720,0.833354,0.074021
aaaaanxl_s001_t000,broadband,-5.0,canonicalized,1,1.423479,0.758122,0.167104
aaaaanyb_s001_t001,broadband,-5.0,canonicalized,0,0.979917,0.675124,0.144649
aaaaanyt_s002_t000,broadband,-5.0,canonicalized,1,0.862244,0.650771,0.564576
aaaaanyw_s001_t000,broadband,-5.0,canonicalized,1,2.280609,0.873971,0.049845
aaaaanyw_s002_t000,broadband,-5.0,canonicalized,1,1.828921,0.820251,0.018094
aaaaanzh_s001_t000,broadband,-5.0,canonicalized,1,1.389784,0.752351,0.428580
aaaaanzu_s001_t003,broadband,-5.0,canonicalized,1,2.251120,0.870931,0.028402
aaaaaoav_s001_t000,broadband,-5.0,canonicalized,0,1.058923,0.690968,0.127024
aaaaaoav_s002_t000,broadband,-5.0,canonicalized,0,1.245925,0.726693,0.026839
aaaaaobi_s001_t000,broadband,-5.0,canonicalized,1,1.502736,0.771331,0.094634
aaaaaobl_s001_t000,broadband,-5.0,canonicalized,0,1.340880,0.743813,0.106871
aaaaaoby_s001_t000,broadband,-5.0,canonicalized,0,1.773801,0.812598,0.030030
aaaaaoda_s001_t000,broadband,-5.0,canonicalized,1,1.532565,0.776169,0.167222
aaaaaoeg_s001_t000,broadband,-5.0,canonicalized,0,2.025950,0.845613,0.240825
aaaaaofj_s001_t000,broadband,-5.0,canonicalized,0,1.441647,0.761195,0.059219
aaaaaofr_s001_t000,broadband,-5.0,canonicalized,0,2.073336,0.851258,0.050923
aaaaaofz_s001_t000,broadband,-5.0,canonicalized,0,1.394363,0.753141,0.095213
aaaaaohb_s001_t000,broadband,-5.0,canonicalized,1,1.695954,0.801367,0.030246
aaaaaohr_s002_t001,broadband,-5.0,canonicalized,1,2.302600,0.876198,0.040872
aaaaaoiq_s001_t000,broadband,-5.0,canonicalized,1,4.247743,0.977226,0.055744
aaaaaoiv_s001_t000,broadband,-5.0,canonicalized,1,2.687905,0.910021,0.044074
aaaaaoiv_s002_t001,broadband,-5.0,canonicalized,1,2.687736,0.910009,0.016354
aaaaaoiv_s003_t003,broadband,-5.0,canonicalized,1,2.771680,0.916178,0.029397
aaaaaojd_s001_t002,broadband,-5.0,canonicalized,0,1.737132,0.807370,0.051659
aaaaaokg_s001_t000,broadband,-5.0,canonicalized,0,1.645943,0.793888,0.020522
aaaaaoly_s001_t000,broadband,-5.0,canonicalized,0,1.399339,0.753997,0.033713
aaaaaome_s001_t000,broadband,-5.0,canonicalized,0,1.061656,0.691509,0.500686
aaaaaomx_s001_t000,broadband,-5.0,canonicalized,0,1.456679,0.763717,0.046667
aaaaaomy_s001_t000,broadband,-5.0,canonicalized,1,1.539122,0.777222,0.100195
aaaaaonb_s001_t000,broadband,-5.0,canonicalized,0,1.836633,0.821302,0.040879
aaaaaons_s002_t002,broadband,-5.0,canonicalized,1,1.641776,0.793256,0.013992
aaaaaopd_s001_t000,broadband,-5.0,canonicalized,0,1.645421,0.793809,0.078406
aaaaaopo_s001_t000,broadband,-5.0,canonicalized,0,1.733326,0.806821,0.157450
aaaaaora_s002_t000,broadband,-5.0,canonicalized,1,2.448838,0.890162,0.189000
aaaaaord_s001_t000,broadband,-5.0,canonicalized,1,2.525720,0.896936,0.115991
aaaaaosh_s001_t000,broadband,-5.0,canonicalized,1,2.610467,0.903971,0.065173
aaaaaosw_s001_t000,broadband,-5.0,canonicalized,0,1.221353,0.722148,0.240506
aaaaaote_s001_t000,broadband,-5.0,canonicalized,0,1.988350,0.841010,0.032405
aaaaaout_s001_t000,broadband,-5.0,canonicalized,1,2.412743,0.886850,0.089996
aaaaaovl_s001_t000,broadband,-5.0,canonicalized,1,1.911444,0.831249,0.007111
aaaaaovo_s001_t000,broadband,-5.0,canonicalized,1,2.916869,0.925947,0.039035
aaaaaowb_s001_t000,broadband,-5.0,canonicalized,0,0.609773,0.595925,0.318030
aaaaaoxf_s001_t000,broadband,-5.0,canonicalized,0,1.232417,0.724200,0.021530
aaaaaozf_s001_t001,broadband,-5.0,canonicalized,0,1.483584,0.768186,0.098240
aaaaapag_s001_t000,broadband,-5.0,canonicalized,0,0.710083,0.618091,0.866148
aaaaapar_s001_t000,broadband,-5.0,canonicalized,1,3.591439,0.958949,0.069277
aaaaapcb_s001_t000,broadband,-5.0,canonicalized,0,1.728864,0.806176,0.027294
aaaaapcy_s001_t002,broadband,-5.0,canonicalized,0,1.168843,0.712282,0.062293
aaaaapdg_s001_t000,broadband,-5.0,canonicalized,0,1.701938,0.802248,0.021585
aaaaaphs_s001_t000,broadband,-5.0,canonicalized,1,1.527411,0.775338,0.292496
aaaaaphw_s001_t000,broadband,-5.0,canonicalized,0,2.009736,0.843641,0.073499
aaaaapij_s001_t000,broadband,-5.0,canonicalized,0,1.860948,0.824585,0.013696
aaaaapjc_s001_t001,broadband,-5.0,canonicalized,0,1.505852,0.771840,0.022841
aaaaapka_s001_t000,broadband,-5.0,canonicalized,0,1.384686,0.751470,0.061199
aaaaapkx_s001_t001,broadband,-5.0,canonicalized,1,1.583292,0.784228,0.062777
aaaaaply_s001_t001,broadband,-5.0,canonicalized,1,2.097767,0.854101,0.024643
aaaaapmb_s002_t001,broadband,-5.0,canonicalized,1,1.893941,0.828962,0.033048
aaaaapmp_s001_t000,broadband,-5.0,canonicalized,1,0.895599,0.657761,0.197325
aaaaapnr_s001_t000,broadband,-5.0,canonicalized,1,1.493412,0.769804,0.067771
aaaaapoc_s001_t000,broadband,-5.0,canonicalized,1,1.138469,0.706480,0.404382
aaaaapof_s001_t000,broadband,-5.0,canonicalized,0,1.129237,0.704703,0.097385
aaaaapoo_s001_t000,broadband,-5.0,canonicalized,0,1.240860,0.725760,0.160280
aaaaapoq_s001_t000,broadband,-5.0,canonicalized,0,1.796541,0.815786,0.118142
aaaaappb_s001_t000,broadband,-5.0,canonicalized,0,1.506564,0.771956,0.632155
aaaaapqd_s001_t000,broadband,-5.0,canonicalized,1,1.424198,0.758244,0.216505
aaaaapqv_s001_t000,broadband,-5.0,canonicalized,0,1.509113,0.772371,0.071526
aaaaapta_s001_t000,broadband,-5.0,canonicalized,1,1.545827,0.778296,0.023163
aaaaapth_s001_t000,broadband,-5.0,canonicalized,1,1.907205,0.830698,0.025351
aaaaapua_s001_t001,broadband,-5.0,canonicalized,0,0.015014,0.459457,0.154672
aaaaapuu_s001_t000,broadband,-5.0,canonicalized,0,1.289808,0.734693,0.267083
aaaaapvw_s001_t001,broadband,-5.0,canonicalized,1,1.665895,0.796896,0.171144
aaaaapvy_s001_t000,broadband,-5.0,canonicalized,1,1.542897,0.777827,0.073642
aaaaapwn_s001_t001,broadband,-5.0,canonicalized,0,1.344766,0.744499,0.092488
aaaaapwo_s001_t001,broadband,-5.0,canonicalized,1,4.024610,0.972141,0.180059
aaaaapxm_s001_t001,broadband,-5.0,canonicalized,0,1.458277,0.763985,0.102595
aaaaapys_s001_t001,broadband,-5.0,canonicalized,1,2.819364,0.919509,0.034470
aaaaapys_s002_t001,broadband,-5.0,canonicalized,1,2.668465,0.908536,0.046133
aaaaaayx_s002_t000,broadband,-5.0,naive,0,1.843973,0.822298,0.123766
aaaaabdo_s003_t000,broadband,-5.0,naive,1,2.409933,0.886588,0.038446
aaaaabsk_s007_t000,broadband,-5.0,naive,1,2.091965,0.853430,0.078545
aaaaabuv_s002_t000,broadband,-5.0,naive,1,2.983758,0.930085,0.113896
aaaaacad_s003_t000,broadband,-5.0,naive,0,2.005146,0.843080,0.201309
aaaaacby_s004_t000,broadband,-5.0,naive,0,1.767881,0.811762,0.047547
aaaaaddm_s006_t000,broadband,-5.0,naive,1,1.658231,0.795745,0.086803
aaaaadeu_s002_t000,broadband,-5.0,naive,1,2.278975,0.873805,0.043931
aaaaadjk_s002_t000,broadband,-5.0,naive,0,1.220955,0.722074,0.299959
aaaaadkb_s002_t000,broadband,-5.0,naive,1,3.120264,0.937875,0.146936
aaaaadsm_s002_t001,broadband,-5.0,naive,0,1.236974,0.725043,0.107144
aaaaaeab_s003_t000,broadband,-5.0,naive,0,1.578638,0.783497,0.064469
aaaaaejc_s003_t001,broadband,-5.0,naive,0,2.829739,0.920217,0.091703
aaaaaezn_s003_t001,broadband,-5.0,naive,1,1.723994,0.805469,0.190723
aaaaafhl_s003_t000,broadband,-5.0,naive,1,1.643209,0.793473,0.045535
aaaaagfk_s003_t000,broadband,-5.0,naive,0,1.437464,0.760490,0.142497
aaaaagsc_s003_t001,broadband,-5.0,naive,1,2.745834,0.914320,0.144607
aaaaagsc_s006_t001,broadband,-5.0,naive,1,2.182800,0.863647,0.024582
aaaaaguk_s002_t001,broadband,-5.0,naive,0,1.222488,0.722359,0.044709
aaaaagvx_s002_t000,broadband,-5.0,naive,1,2.170395,0.862288,0.078494
aaaaagvx_s003_t001,broadband,-5.0,naive,1,1.866727,0.825358,0.031687
aaaaagyr_s002_t000,broadband,-5.0,naive,1,1.117594,0.702454,0.158698
aaaaahie_s005_t001,broadband,-5.0,naive,1,2.906827,0.925306,0.058029
aaaaahsv_s002_t000,broadband,-5.0,naive,0,2.273512,0.873245,0.452581
aaaaahte_s002_t000,broadband,-5.0,naive,1,2.278964,0.873803,0.071518
aaaaahte_s003_t000,broadband,-5.0,naive,1,3.214307,0.942763,0.054263
aaaaahuy_s002_t000,broadband,-5.0,naive,1,1.509238,0.772392,0.022712
aaaaahzi_s001_t000,broadband,-5.0,naive,0,1.692292,0.800826,0.056111
aaaaahzm_s001_t001,broadband,-5.0,naive,0,1.668620,0.797305,0.022997
aaaaahzq_s001_t000,broadband,-5.0,naive,0,1.646998,0.794048,0.047398
aaaaahzs_s001_t001,broadband,-5.0,naive,0,1.933016,0.834034,0.066531
aaaaaiae_s001_t000,broadband,-5.0,naive,0,1.522882,0.774606,0.010221
aaaaaibx_s001_t000,broadband,-5.0,naive,0,1.509381,0.772415,0.036387
aaaaaiby_s001_t000,broadband,-5.0,naive,0,1.699788,0.801931,0.038832
aaaaaici_s001_t000,broadband,-5.0,naive,0,0.869321,0.652259,0.602569
aaaaaicn_s001_t000,broadband,-5.0,naive,0,1.682998,0.799449,0.052060
aaaaaijh_s002_t000,broadband,-5.0,naive,1,1.422929,0.758028,0.068323
aaaaaijn_s001_t001,broadband,-5.0,naive,0,1.800788,0.816376,0.019259
aaaaairb_s001_t001,broadband,-5.0,naive,0,1.868419,0.825584,0.056058
aaaaairo_s001_t000,broadband,-5.0,naive,0,1.231128,0.723961,0.203060
aaaaaitt_s001_t000,broadband,-5.0,naive,0,1.383955,0.751344,0.090853
aaaaaiue_s004_t000,broadband,-5.0,naive,1,1.693898,0.801063,0.022858
aaaaaiuo_s002_t000,broadband,-5.0,naive,0,1.868189,0.825553,0.056663
aaaaaiwz_s001_t001,broadband,-5.0,naive,0,1.711314,0.803622,0.084696
aaaaaiyy_s001_t001,broadband,-5.0,naive,0,0.998647,0.678918,0.056596
aaaaaizd_s001_t001,broadband,-5.0,naive,0,1.295562,0.735731,0.128663
aaaaaizs_s001_t000,broadband,-5.0,naive,0,2.485860,0.893472,0.107380
aaaaajae_s001_t001,broadband,-5.0,naive,0,2.417742,0.887314,0.064391
aaaaajah_s002_t001,broadband,-5.0,naive,1,1.604140,0.787478,0.008322
aaaaajah_s004_t000,broadband,-5.0,naive,1,1.745775,0.808612,0.159636
aaaaajal_s001_t001,broadband,-5.0,naive,0,0.367337,0.540883,0.202125
aaaaajam_s001_t000,broadband,-5.0,naive,1,1.494484,0.769980,0.084253
aaaaajar_s001_t001,broadband,-5.0,naive,0,1.857943,0.824182,0.086186
aaaaajbb_s001_t000,broadband,-5.0,naive,0,2.718537,0.912318,0.044351
aaaaajbh_s002_t000,broadband,-5.0,naive,0,1.037289,0.686672,0.037804
aaaaajce_s001_t000,broadband,-5.0,naive,0,1.430823,0.759367,0.161158
aaaaajci_s001_t000,broadband,-5.0,naive,0,1.629555,0.791392,0.021228
aaaaajck_s001_t000,broadband,-5.0,naive,0,0.932534,0.665422,0.154488
aaaaajct_s001_t000,broadband,-5.0,naive,0,1.419906,0.757514,0.019797
aaaaajcu_s001_t000,broadband,-5.0,naive,0,1.563895,0.781171,0.147236
aaaaajda_s001_t000,broadband,-5.0,naive,0,1.812025,0.817932,0.156025
aaaaajdb_s001_t000,broadband,-5.0,naive,0,1.574551,0.782854,0.051922
aaaaajdv_s001_t000,broadband,-5.0,naive,0,1.146790,0.708076,0.272388
aaaaajdy_s001_t000,broadband,-5.0,naive,0,1.381726,0.750958,0.062511
aaaaajdz_s001_t000,broadband,-5.0,naive,0,1.344013,0.744366,0.155480
aaaaajea_s001_t000,broadband,-5.0,naive,0,1.526715,0.775226,0.038463
aaaaajen_s001_t000,broadband,-5.0,naive,0,1.465712,0.765224,0.022224
aaaaajey_s001_t000,broadband,-5.0,naive,0,2.177518,0.863070,0.257172
aaaaajfb_s001_t000,broadband,-5.0,naive,0,1.366087,0.748238,0.060918
aaaaajfe_s001_t000,broadband,-5.0,naive,0,1.724681,0.805569,0.015480
aaaaajff_s001_t000,broadband,-5.0,naive,0,1.808433,0.817436,0.016622
aaaaajfi_s001_t001,broadband,-5.0,naive,0,1.445049,0.761767,0.011993
aaaaajfn_s001_t001,broadband,-5.0,naive,0,0.891770,0.656962,0.450834
aaaaajfy_s001_t000,broadband,-5.0,naive,0,1.314682,0.739161,0.005449
aaaaajga_s001_t001,broadband,-5.0,naive,0,1.647718,0.794157,0.031807
aaaaajhy_s001_t000,broadband,-5.0,naive,0,1.390955,0.752553,0.082666
aaaaajit_s001_t001,broadband,-5.0,naive,0,-0.334359,0.380784,0.840190
aaaaajiu_s001_t000,broadband,-5.0,naive,0,1.252219,0.727849,0.177315
aaaaajiy_s001_t001,broadband,-5.0,naive,0,1.930022,0.833650,0.134751
aaaaajiz_s001_t000,broadband,-5.0,naive,0,1.181501,0.714679,0.227740
aaaaajjb_s001_t001,broadband,-5.0,naive,0,1.733976,0.806914,0.018904
aaaaajje_s001_t000,broadband,-5.0,naive,0,1.457978,0.763935,0.246648
aaaaajjk_s001_t000,broadband,-5.0,naive,0,1.448659,0.762374,0.111136
aaaaajna_s001_t000,broadband,-5.0,naive,0,1.395177,0.753281,0.085846
aaaaajnu_s001_t000,broadband,-5.0,naive,0,1.620322,0.789977,0.037555
aaaaajon_s001_t000,broadband,-5.0,naive,0,1.480078,0.767607,0.098653
aaaaajoo_s002_t001,broadband,-5.0,naive,1,1.467449,0.765513,0.039838
aaaaajpg_s001_t001,broadband,-5.0,naive,0,2.635981,0.906004,0.064871
aaaaajqh_s004_t000,broadband,-5.0,naive,1,1.541745,0.777643,0.037092
aaaaajqk_s003_t001,broadband,-5.0,naive,1,3.205592,0.942325,0.096821
aaaaajrf_s001_t000,broadband,-5.0,naive,1,1.590169,0.785304,0.095405
aaaaajrf_s002_t000,broadband,-5.0,naive,1,1.633909,0.792058,0.195320
aaaaajrf_s003_t002,broadband,-5.0,naive,1,2.617613,0.904544,0.092110
aaaaajrf_s004_t000,broadband,-5.0,naive,1,1.777153,0.813071,0.010049
aaaaajso_s001_t000,broadband,-5.0,naive,1,1.436637,0.760350,0.142066
aaaaajtg_s001_t000,broadband,-5.0,naive,0,1.313205,0.738897,0.256541
aaaaajtu_s001_t000,broadband,-5.0,naive,0,1.560646,0.780656,0.050644
aaaaajuh_s001_t000,broadband,-5.0,naive,1,1.725712,0.805719,0.042028
aaaaajun_s001_t000,broadband,-5.0,naive,0,1.570422,0.782203,0.129218
aaaaajvh_s001_t001,broadband,-5.0,naive,0,1.687199,0.800072,0.045835
aaaaajxp_s001_t000,broadband,-5.0,naive,0,2.621963,0.904892,0.102138
aaaaakck_s001_t001,broadband,-5.0,naive,1,1.769451,0.811984,0.045001
aaaaakcx_s001_t001,broadband,-5.0,naive,1,2.389980,0.884716,0.021520
aaaaakcy_s005_t001,broadband,-5.0,naive,1,2.793767,0.917736,0.077776
aaaaakdj_s001_t000,broadband,-5.0,naive,1,2.014195,0.844186,0.123830
aaaaakdo_s001_t000,broadband,-5.0,naive,1,2.441282,0.889476,0.223323
aaaaakeq_s001_t000,broadband,-5.0,naive,1,1.669771,0.797477,0.052881
aaaaakeq_s002_t000,broadband,-5.0,naive,1,1.326784,0.741317,0.069822
aaaaakeq_s003_t000,broadband,-5.0,naive,1,1.820281,0.819068,0.066835
aaaaakev_s001_t001,broadband,-5.0,naive,1,2.035045,0.846710,0.032913
aaaaakev_s002_t000,broadband,-5.0,naive,1,1.745068,0.808511,0.183016
aaaaakft_s001_t000,broadband,-5.0,naive,0,1.386667,0.751813,0.068111
aaaaakgp_s001_t001,broadband,-5.0,naive,0,1.835070,0.821090,0.150847
aaaaakgu_s001_t000,broadband,-5.0,naive,1,1.501389,0.771111,0.104406
aaaaakjk_s002_t002,broadband,-5.0,naive,1,1.540150,0.777387,0.049099
aaaaakjk_s003_t000,broadband,-5.0,naive,1,2.186913,0.864095,0.045705
aaaaakka_s001_t001,broadband,-5.0,naive,0,2.562770,0.900066,0.238312
aaaaakmg_s003_t001,broadband,-5.0,naive,1,1.640722,0.793095,0.026696
aaaaakmh_s001_t000,broadband,-5.0,naive,1,1.441286,0.761134,0.080073
aaaaaknt_s001_t000,broadband,-5.0,naive,1,3.085196,0.935955,0.056011
aaaaakoo_s001_t001,broadband,-5.0,naive,1,1.872658,0.826148,0.062835
aaaaakqg_s001_t001,broadband,-5.0,naive,0,1.049611,0.689123,0.957252
aaaaakqr_s001_t000,broadband,-5.0,naive,0,1.349097,0.745261,0.029928
aaaaakrt_s001_t001,broadband,-5.0,naive,1,2.350338,0.880917,0.050668
aaaaakrt_s002_t001,broadband,-5.0,naive,1,3.106329,0.937119,0.024494
aaaaaksb_s001_t000,broadband,-5.0,naive,0,1.466060,0.765282,0.090925
aaaaaksu_s001_t001,broadband,-5.0,naive,0,1.904207,0.830307,0.025923
aaaaakxz_s001_t001,broadband,-5.0,naive,1,1.771351,0.812252,0.059200
aaaaakxz_s002_t001,broadband,-5.0,naive,1,2.067195,0.850536,0.023173
aaaaalaf_s001_t000,broadband,-5.0,naive,0,0.550341,0.582599,0.152787
aaaaalau_s001_t000,broadband,-5.0,naive,1,1.815312,0.818385,0.045605
aaaaalbh_s001_t000,broadband,-5.0,naive,1,1.287244,0.734230,0.304340
aaaaalbt_s001_t001,broadband,-5.0,naive,0,1.874752,0.826427,0.099654
aaaaalbt_s002_t000,broadband,-5.0,naive,0,1.429798,0.759194,0.223423
aaaaalbz_s006_t000,broadband,-5.0,naive,1,1.609015,0.788233,0.056790
aaaaalid_s001_t001,broadband,-5.0,naive,0,1.299948,0.736520,0.032020
aaaaaljf_s001_t000,broadband,-5.0,naive,1,1.499192,0.770751,0.065474
aaaaaljj_s001_t000,broadband,-5.0,naive,0,0.011300,0.458603,0.326297
aaaaallc_s001_t001,broadband,-5.0,naive,0,2.013082,0.844050,0.117783
aaaaalle_s002_t000,broadband,-5.0,naive,1,1.751548,0.809438,0.012493
aaaaalox_s001_t001,broadband,-5.0,naive,0,1.725298,0.805659,0.051839
aaaaalpv_s001_t000,broadband,-5.0,naive,0,1.487902,0.768898,0.132071
aaaaalqa_s001_t000,broadband,-5.0,naive,0,1.595484,0.786133,0.115410
aaaaalqr_s001_t001,broadband,-5.0,naive,1,1.366211,0.748260,0.106404
aaaaalqs_s001_t001,broadband,-5.0,naive,0,0.827887,0.643502,0.114669
aaaaalqx_s001_t000,broadband,-5.0,naive,0,1.547824,0.778615,0.148497
aaaaalrc_s002_t000,broadband,-5.0,naive,1,3.413807,0.951958,0.024161
aaaaalsq_s001_t000,broadband,-5.0,naive,0,1.415126,0.756700,0.031245
aaaaalsx_s001_t000,broadband,-5.0,naive,1,1.883271,0.827556,0.053732
aaaaalsx_s004_t001,broadband,-5.0,naive,1,1.510580,0.772610,0.030894
aaaaaluz_s001_t001,broadband,-5.0,naive,0,-0.360494,0.375092,0.214520
aaaaalvw_s001_t000,broadband,-5.0,naive,0,1.527975,0.775429,0.239792
aaaaalvz_s001_t000,broadband,-5.0,naive,1,3.077713,0.935538,0.021033
aaaaalxk_s001_t000,broadband,-5.0,naive,0,1.488772,0.769041,0.080573
aaaaalyr_s001_t000,broadband,-5.0,naive,1,1.586517,0.784733,0.105888
aaaaalzk_s002_t001,broadband,-5.0,naive,1,2.340255,0.879933,0.072477
aaaaamcb_s001_t001,broadband,-5.0,naive,1,2.206947,0.866260,0.071505
aaaaamfe_s001_t001,broadband,-5.0,naive,0,2.028571,0.845930,0.058548
aaaaamft_s001_t001,broadband,-5.0,naive,1,1.719290,0.804786,0.336481
aaaaamfu_s001_t000,broadband,-5.0,naive,0,2.153016,0.860365,0.046475
aaaaamhi_s001_t000,broadband,-5.0,naive,1,1.995014,0.841834,0.032162
aaaaamhk_s001_t000,broadband,-5.0,naive,1,2.608905,0.903846,0.044143
aaaaamjc_s001_t001,broadband,-5.0,naive,1,3.181626,0.941107,0.021713
aaaaammh_s001_t001,broadband,-5.0,naive,1,1.962473,0.837778,0.066016
aaaaamnq_s001_t000,broadband,-5.0,naive,1,1.678023,0.798709,0.191671
aaaaamnq_s002_t000,broadband,-5.0,naive,1,1.681387,0.799210,0.020079
aaaaamon_s001_t000,broadband,-5.0,naive,0,1.825408,0.819771,0.093573
aaaaampz_s001_t000,broadband,-5.0,naive,1,1.777015,0.813051,0.057113
aaaaamrj_s001_t000,broadband,-5.0,naive,0,1.485641,0.768525,0.173357
aaaaamsc_s001_t000,broadband,-5.0,naive,1,3.384692,0.950709,0.127190
aaaaamtb_s001_t000,broadband,-5.0,naive,0,1.547462,0.778557,0.017877
aaaaamuc_s001_t000,broadband,-5.0,naive,0,1.808375,0.817427,0.044934
aaaaamxn_s001_t000,broadband,-5.0,naive,1,1.307600,0.737894,0.016770
aaaaamyb_s001_t001,broadband,-5.0,naive,0,1.242984,0.726151,0.091347
aaaaamye_s001_t000,broadband,-5.0,naive,1,2.373580,0.883157,0.076472
aaaaamzi_s001_t001,broadband,-5.0,naive,1,2.034894,0.846691,0.055606
aaaaamzl_s001_t000,broadband,-5.0,naive,0,1.062611,0.691698,0.136494
aaaaamzx_s001_t000,broadband,-5.0,naive,0,1.122861,0.703472,0.070065
aaaaanbq_s001_t000,broadband,-5.0,naive,0,1.899228,0.829656,0.085784
aaaaanek_s001_t000,broadband,-5.0,naive,0,0.207446,0.503940,0.085389
aaaaangp_s001_t000,broadband,-5.0,naive,0,1.784727,0.814135,0.014203
aaaaanhb_s001_t003,broadband,-5.0,naive,1,1.933131,0.834049,0.023721
aaaaanhb_s003_t001,broadband,-5.0,naive,1,1.510588,0.772612,0.035174
aaaaanhb_s005_t000,broadband,-5.0,naive,1,1.840673,0.821851,0.041880
aaaaankf_s001_t000,broadband,-5.0,naive,1,1.729374,0.806249,0.074328
aaaaanlp_s001_t000,broadband,-5.0,naive,0,1.337518,0.743219,0.255745
aaaaanmc_s001_t000,broadband,-5.0,naive,1,3.183914,0.941224,0.097983
aaaaanop_s001_t000,broadband,-5.0,naive,0,1.545321,0.778215,0.031231
aaaaanoz_s001_t000,broadband,-5.0,naive,1,1.539223,0.777239,0.016807
aaaaanpr_s001_t002,broadband,-5.0,naive,1,2.342020,0.880106,0.052932
aaaaanqe_s001_t000,broadband,-5.0,naive,0,1.385485,0.751608,0.212512
aaaaanro_s001_t000,broadband,-5.0,naive,1,2.632102,0.905697,0.048601
aaaaansj_s001_t000,broadband,-5.0,naive,1,1.671554,0.797744,0.026747
aaaaanta_s001_t000,broadband,-5.0,naive,1,2.091178,0.853339,0.222495
aaaaanum_s001_t000,broadband,-5.0,naive,0,2.361479,0.881995,0.214537
aaaaanvb_s002_t000,broadband,-5.0,naive,0,1.143743,0.707492,0.047660
aaaaanvg_s001_t002,broadband,-5.0,naive,0,3.107365,0.937175,0.155450
aaaaanvw_s001_t000,broadband,-5.0,naive,0,0.373326,0.542261,0.226476
aaaaanwc_s001_t001,broadband,-5.0,naive,1,1.927720,0.833354,0.074021
aaaaanxl_s001_t000,broadband,-5.0,naive,1,1.423479,0.758122,0.167104
aaaaanyb_s001_t001,broadband,-5.0,naive,0,0.979917,0.675124,0.144649
aaaaanyt_s002_t000,broadband,-5.0,naive,1,0.862244,0.650771,0.564576
aaaaanyw_s001_t000,broadband,-5.0,naive,1,2.280609,0.873971,0.049845
aaaaanyw_s002_t000,broadband,-5.0,naive,1,1.828921,0.820251,0.018094
aaaaanzh_s001_t000,broadband,-5.0,naive,1,1.389784,0.752351,0.428580
aaaaanzu_s001_t003,broadband,-5.0,naive,1,2.251120,0.870931,0.028402
aaaaaoav_s001_t000,broadband,-5.0,naive,0,1.058923,0.690968,0.127024
aaaaaoav_s002_t000,broadband,-5.0,naive,0,1.245925,0.726693,0.026839
aaaaaobi_s001_t000,broadband,-5.0,naive,1,1.502736,0.771331,0.094634
aaaaaobl_s001_t000,broadband,-5.0,naive,0,1.340880,0.743813,0.106871
aaaaaoby_s001_t000,broadband,-5.0,naive,0,1.773801,0.812598,0.030030
aaaaaoda_s001_t000,broadband,-5.0,naive,1,1.532565,0.776169,0.167222
aaaaaoeg_s001_t000,broadband,-5.0,naive,0,2.025950,0.845613,0.240825
aaaaaofj_s001_t000,broadband,-5.0,naive,0,1.441647,0.761195,0.059219
aaaaaofr_s001_t000,broadband,-5.0,naive,0,2.073336,0.851258,0.050923
aaaaaofz_s001_t000,broadband,-5.0,naive,0,1.394363,0.753141,0.095213
aaaaaohb_s001_t000,broadband,-5.0,naive,1,1.695954,0.801367,0.030246
aaaaaohr_s002_t001,broadband,-5.0,naive,1,2.302600,0.876198,0.040872
aaaaaoiq_s001_t000,broadband,-5.0,naive,1,4.247743,0.977226,0.055744
aaaaaoiv_s001_t000,broadband,-5.0,naive,1,2.687905,0.910021,0.044074
aaaaaoiv_s002_t001,broadband,-5.0,naive,1,2.687736,0.910009,0.016354
aaaaaoiv_s003_t003,broadband,-5.0,naive,1,2.771680,0.916178,0.029397
aaaaaojd_s001_t002,broadband,-5.0,naive,0,1.737132,0.807370,0.051659
aaaaaokg_s001_t000,broadband,-5.0,naive,0,1.645943,0.793888,0.020522
aaaaaoly_s001_t000,broadband,-5.0,naive,0,1.399339,0.753997,0.033713
aaaaaome_s001_t000,broadband,-5.0,naive,0,1.061656,0.691509,0.500686
aaaaaomx_s001_t000,broadband,-5.0,naive,0,1.456679,0.763717,0.046667
aaaaaomy_s001_t000,broadband,-5.0,naive,1,1.539122,0.777222,0.100195
aaaaaonb_s001_t000,broadband,-5.0,naive,0,1.836633,0.821302,0.040879
aaaaaons_s002_t002,broadband,-5.0,naive,1,1.641776,0.793256,0.013992
aaaaaopd_s001_t000,broadband,-5.0,naive,0,1.645421,0.793809,0.078406
aaaaaopo_s001_t000,broadband,-5.0,naive,0,1.733326,0.806821,0.157450
aaaaaora_s002_t000,broadband,-5.0,naive,1,2.448838,0.890162,0.189000
aaaaaord_s001_t000,broadband,-5.0,naive,1,2.525720,0.896936,0.115991
aaaaaosh_s001_t000,broadband,-5.0,naive,1,2.610467,0.903971,0.065173
aaaaaosw_s001_t000,broadband,-5.0,naive,0,1.221353,0.722148,0.240506
aaaaaote_s001_t000,broadband,-5.0,naive,0,1.988350,0.841010,0.032405
aaaaaout_s001_t000,broadband,-5.0,naive,1,2.412743,0.886850,0.089996
aaaaaovl_s001_t000,broadband,-5.0,naive,1,1.911444,0.831249,0.007111
aaaaaovo_s001_t000,broadband,-5.0,naive,1,2.916869,0.925947,0.039035
aaaaaowb_s001_t000,broadband,-5.0,naive,0,0.609773,0.595925,0.318030
aaaaaoxf_s001_t000,broadband,-5.0,naive,0,1.232417,0.724200,0.021530
aaaaaozf_s001_t001,broadband,-5.0,naive,0,1.483584,0.768186,0.098240
aaaaapag_s001_t000,broadband,-5.0,naive,0,0.710083,0.618091,0.866148
aaaaapar_s001_t000,broadband,-5.0,naive,1,3.591439,0.958949,0.069277
aaaaapcb_s001_t000,broadband,-5.0,naive,0,1.728864,0.806176,0.027294
aaaaapcy_s001_t002,broadband,-5.0,naive,0,1.168843,0.712282,0.062293
aaaaapdg_s001_t000,broadband,-5.0,naive,0,1.701938,0.802248,0.021585
aaaaaphs_s001_t000,broadband,-5.0,naive,1,1.527411,0.775338,0.292496
aaaaaphw_s001_t000,broadband,-5.0,naive,0,2.009736,0.843641,0.073499
aaaaapij_s001_t000,broadband,-5.0,naive,0,1.860948,0.824585,0.013696
aaaaapjc_s001_t001,broadband,-5.0,naive,0,1.505852,0.771840,0.022841
aaaaapka_s001_t000,broadband,-5.0,naive,0,1.384686,0.751470,0.061199
aaaaapkx_s001_t001,broadband,-5.0,naive,1,1.583292,0.784228,0.062777
aaaaaply_s001_t001,broadband,-5.0,naive,1,2.097767,0.854101,0.024643
aaaaapmb_s002_t001,broadband,-5.0,naive,1,1.893941,0.828962,0.033048
aaaaapmp_s001_t000,broadband,-5.0,naive,1,0.895599,0.657761,0.197325
aaaaapnr_s001_t000,broadband,-5.0,naive,1,1.493412,0.769804,0.067771
aaaaapoc_s001_t000,broadband,-5.0,naive,1,1.138469,0.706480,0.404382
aaaaapof_s001_t000,broadband,-5.0,naive,0,1.129237,0.704703,0.097385
aaaaapoo_s001_t000,broadband,-5.0,naive,0,1.240860,0.725760,0.160280
aaaaapoq_s001_t000,broadband,-5.0,naive,0,1.796541,0.815786,0.118142
aaaaappb_s001_t000,broadband,-5.0,naive,0,1.506564,0.771956,0.632155
aaaaapqd_s001_t000,broadband,-5.0,naive,1,1.424198,0.758244,0.216505
aaaaapqv_s001_t000,broadband,-5.0,naive,0,1.509113,0.772371,0.071526
aaaaapta_s001_t000,broadband,-5.0,naive,1,1.545827,0.778296,0.023163
aaaaapth_s001_t000,broadband,-5.0,naive,1,1.907205,0.830698,0.025351
aaaaapua_s001_t001,broadband,-5.0,naive,0,0.015014,0.459457,0.154672
aaaaapuu_s001_t000,broadband,-5.0,naive,0,1.289808,0.734693,0.267083
aaaaapvw_s001_t001,broadband,-5.0,naive,1,1.665895,0.796896,0.171144
aaaaapvy_s001_t000,broadband,-5.0,naive,1,1.542897,0.777827,0.073642
aaaaapwn_s001_t001,broadband,-5.0,naive,0,1.344766,0.744499,0.092488
aaaaapwo_s001_t001,broadband,-5.0,naive,1,4.024610,0.972141,0.180059
aaaaapxm_s001_t001,broadband,-5.0,naive,0,1.458277,0.763985,0.102595
aaaaapys_s001_t001,broadband,-5.0,naive,1,2.819364,0.919509,0.034470
aaaaapys_s002_t001,broadband,-5.0,naive,1,2.668465,0.908536,0.046133
aaaaaayx_s002_t000,broadband,0.0,canonicalized,0,1.736432,0.807269,0.326995
aaaaabdo_s003_t000,broadband,0.0,canonicalized,1,3.206198,0.942356,0.026304
aaaaabsk_s007_t000,broadband,0.0,canonicalized,1,2.155989,0.860695,0.156409
aaaaabuv_s002_t000,broadband,0.0,canonicalized,1,3.555284,0.957610,0.469434
aaaaacad_s003_t000,broadband,0.0,canonicalized,0,1.824295,0.819619,0.668741
aaaaacby_s004_t000,broadband,0.0,canonicalized,0,1.640206,0.793017,0.059978
aaaaaddm_s006_t000,broadband,0.0,canonicalized,1,1.757859,0.810339,0.442746
aaaaadeu_s002_t000,broadband,0.0,canonicalized,1,3.093519,0.936416,0.078844
aaaaadjk_s002_t000,broadband,0.0,canonicalized,0,1.127117,0.704294,0.403192
aaaaadkb_s002_t000,broadband,0.0,canonicalized,1,4.659351,0.984333,0.526804
aaaaadsm_s002_t001,broadband,0.0,canonicalized,0,0.430207,0.555309,0.278879
aaaaaeab_s003_t000,broadband,0.0,canonicalized,0,1.095381,0.698134,0.187899
aaaaaejc_s003_t001,broadband,0.0,canonicalized,0,3.079264,0.935625,0.199814
aaaaaezn_s003_t001,broadband,0.0,canonicalized,1,1.671547,0.797743,0.481396
aaaaafhl_s003_t000,broadband,0.0,canonicalized,1,1.902855,0.830130,0.050651
aaaaagfk_s003_t000,broadband,0.0,canonicalized,0,1.344939,0.744529,0.301769
aaaaagsc_s003_t001,broadband,0.0,canonicalized,1,3.582064,0.958606,0.487050
aaaaagsc_s006_t001,broadband,0.0,canonicalized,1,2.227558,0.868457,0.214423
aaaaaguk_s002_t001,broadband,0.0,canonicalized,0,0.197425,0.501619,0.222625
aaaaagvx_s002_t000,broadband,0.0,canonicalized,1,1.832938,0.820799,0.126126
aaaaagvx_s003_t001,broadband,0.0,canonicalized,1,2.145747,0.859554,0.027169
aaaaagyr_s002_t000,broadband,0.0,canonicalized,1,1.254733,0.728311,0.336389
aaaaahie_s005_t001,broadband,0.0,canonicalized,1,4.524621,0.982287,0.225899
aaaaahsv_s002_t000,broadband,0.0,canonicalized,0,1.278838,0.732707,0.957743
aaaaahte_s002_t000,broadband,0.0,canonicalized,1,3.323740,0.947994,0.410589
aaaaahte_s003_t000,broadband,0.0,canonicalized,1,5.096881,0.989500,0.036603
aaaaahuy_s002_t000,broadband,0.0,canonicalized,1,1.462319,0.764659,0.056056
aaaaahzi_s001_t000,broadband,0.0,canonicalized,0,1.704484,0.802621,0.210153
aaaaahzm_s001_t001,broadband,0.0,canonicalized,0,1.406883,0.755291,0.023605
aaaaahzq_s001_t000,broadband,0.0,canonicalized,0,1.387429,0.751945,0.168737
aaaaahzs_s001_t001,broadband,0.0,canonicalized,0,1.399016,0.753942,0.425060
aaaaaiae_s001_t000,broadband,0.0,canonicalized,0,1.578468,0.783471,0.035925
aaaaaibx_s001_t000,broadband,0.0,canonicalized,0,1.804010,0.816823,0.045049
aaaaaiby_s001_t000,broadband,0.0,canonicalized,0,1.219640,0.721829,0.423748
aaaaaici_s001_t000,broadband,0.0,canonicalized,0,-0.294472,0.389535,3.236527
aaaaaicn_s001_t000,broadband,0.0,canonicalized,0,1.624355,0.790596,0.283752
aaaaaijh_s002_t000,broadband,0.0,canonicalized,1,1.325745,0.741132,0.070532
aaaaaijn_s001_t001,broadband,0.0,canonicalized,0,1.595535,0.786141,0.076188
aaaaairb_s001_t001,broadband,0.0,canonicalized,0,1.957429,0.837142,0.045461
aaaaairo_s001_t000,broadband,0.0,canonicalized,0,1.279538,0.732834,0.253043
aaaaaitt_s001_t000,broadband,0.0,canonicalized,0,1.444324,0.761646,0.218329
aaaaaiue_s004_t000,broadband,0.0,canonicalized,1,1.995020,0.841834,0.062278
aaaaaiuo_s002_t000,broadband,0.0,canonicalized,0,2.444994,0.889814,0.107879
aaaaaiwz_s001_t001,broadband,0.0,canonicalized,0,0.436099,0.556657,0.367660
aaaaaiyy_s001_t001,broadband,0.0,canonicalized,0,-0.192266,0.412274,0.186577
aaaaaizd_s001_t001,broadband,0.0,canonicalized,0,1.409886,0.755805,0.384828
aaaaaizs_s001_t000,broadband,0.0,canonicalized,0,2.370077,0.882822,0.061514
aaaaajae_s001_t001,broadband,0.0,canonicalized,0,3.302891,0.947034,0.162133
aaaaajah_s002_t001,broadband,0.0,canonicalized,1,1.611984,0.788692,0.060065
aaaaajah_s004_t000,broadband,0.0,canonicalized,1,1.688920,0.800327,0.327034
aaaaajal_s001_t001,broadband,0.0,canonicalized,0,-1.706644,0.147086,0.695732
aaaaajam_s001_t000,broadband,0.0,canonicalized,1,1.010842,0.681376,0.123668
aaaaajar_s001_t001,broadband,0.0,canonicalized,0,1.207038,0.719479,0.176001
aaaaajbb_s001_t000,broadband,0.0,canonicalized,0,3.025679,0.932569,0.175947
aaaaajbh_s002_t000,broadband,0.0,canonicalized,0,-0.106120,0.431739,0.149473
aaaaajce_s001_t000,broadband,0.0,canonicalized,0,1.115088,0.701968,0.397015
aaaaajci_s001_t000,broadband,0.0,canonicalized,0,1.510091,0.772531,0.096116
aaaaajck_s001_t000,broadband,0.0,canonicalized,0,0.018923,0.460357,0.184452
aaaaajct_s001_t000,broadband,0.0,canonicalized,0,1.534014,0.776402,0.033888
aaaaajcu_s001_t000,broadband,0.0,canonicalized,0,1.471320,0.766157,0.203041
aaaaajda_s001_t000,broadband,0.0,canonicalized,0,1.637208,0.792561,0.276276
aaaaajdb_s001_t000,broadband,0.0,canonicalized,0,1.584769,0.784459,0.043589
aaaaajdv_s001_t000,broadband,0.0,canonicalized,0,1.477565,0.767192,0.353232
aaaaajdy_s001_t000,broadband,0.0,canonicalized,0,1.148002,0.708308,0.113450
aaaaajdz_s001_t000,broadband,0.0,canonicalized,0,1.067672,0.692697,0.424268
aaaaajea_s001_t000,broadband,0.0,canonicalized,0,1.760646,0.810735,0.053807
aaaaajen_s001_t000,broadband,0.0,canonicalized,0,1.581739,0.783984,0.113225
aaaaajey_s001_t000,broadband,0.0,canonicalized,0,1.693974,0.801074,0.637140
aaaaajfb_s001_t000,broadband,0.0,canonicalized,0,1.278090,0.732571,0.264574
aaaaajfe_s001_t000,broadband,0.0,canonicalized,0,1.936158,0.834437,0.304084
aaaaajff_s001_t000,broadband,0.0,canonicalized,0,0.387003,0.545404,0.204755
aaaaajfi_s001_t001,broadband,0.0,canonicalized,0,0.971031,0.673315,0.210367
aaaaajfn_s001_t001,broadband,0.0,canonicalized,0,-0.279264,0.392891,1.297635
aaaaajfy_s001_t000,broadband,0.0,canonicalized,0,0.104375,0.480077,0.200315
aaaaajga_s001_t001,broadband,0.0,canonicalized,0,1.577080,0.783252,0.233005
aaaaajhy_s001_t000,broadband,0.0,canonicalized,0,1.121247,0.703160,0.179224
aaaaajit_s001_t001,broadband,0.0,canonicalized,0,-2.264631,0.093248,1.442158
aaaaajiu_s001_t000,broadband,0.0,canonicalized,0,1.119497,0.702822,0.617921
aaaaajiy_s001_t001,broadband,0.0,canonicalized,0,1.846403,0.822627,0.217619
aaaaajiz_s001_t000,broadband,0.0,canonicalized,0,0.962952,0.671667,0.546809
aaaaajjb_s001_t001,broadband,0.0,canonicalized,0,2.048259,0.848292,0.100888
aaaaajje_s001_t000,broadband,0.0,canonicalized,0,1.395944,0.753413,0.194594
aaaaajjk_s001_t000,broadband,0.0,canonicalized,0,1.338221,0.743343,0.429137
aaaaajna_s001_t000,broadband,0.0,canonicalized,0,1.428925,0.759046,0.145077
aaaaajnu_s001_t000,broadband,0.0,canonicalized,0,1.161098,0.710809,0.456299
aaaaajon_s001_t000,broadband,0.0,canonicalized,0,1.536552,0.776810,0.154651
aaaaajoo_s002_t001,broadband,0.0,canonicalized,1,1.479097,0.767445,0.080301
aaaaajpg_s001_t001,broadband,0.0,canonicalized,0,1.483315,0.768142,0.461196
aaaaajqh_s004_t000,broadband,0.0,canonicalized,1,1.597634,0.786468,0.261022
aaaaajqk_s003_t001,broadband,0.0,canonicalized,1,4.277128,0.977824,0.515706
aaaaajrf_s001_t000,broadband,0.0,canonicalized,1,1.621988,0.790233,0.150070
aaaaajrf_s002_t000,broadband,0.0,canonicalized,1,1.510822,0.772650,0.548797
aaaaajrf_s003_t002,broadband,0.0,canonicalized,1,3.996009,0.971414,0.483424
aaaaajrf_s004_t000,broadband,0.0,canonicalized,1,1.850660,0.823202,0.068244
aaaaajso_s001_t000,broadband,0.0,canonicalized,1,1.558788,0.780361,0.118060
aaaaajtg_s001_t000,broadband,0.0,canonicalized,0,1.357088,0.746664,0.289203
aaaaajtu_s001_t000,broadband,0.0,canonicalized,0,1.474191,0.766633,0.086371
aaaaajuh_s001_t000,broadband,0.0,canonicalized,1,2.011278,0.843830,0.087330
aaaaajun_s001_t000,broadband,0.0,canonicalized,0,1.661274,0.796202,0.174963
aaaaajvh_s001_t001,broadband,0.0,canonicalized,0,1.488136,0.768936,0.037717
aaaaajxp_s001_t000,broadband,0.0,canonicalized,0,2.937448,0.927243,0.381492
aaaaakck_s001_t001,broadband,0.0,canonicalized,1,2.247215,0.870524,0.072672
aaaaakcx_s001_t001,broadband,0.0,canonicalized,1,3.660819,0.961406,0.038784
aaaaakcy_s005_t001,broadband,0.0,canonicalized,1,4.373545,0.979680,0.264899
aaaaakdj_s001_t000,broadband,0.0,canonicalized,1,1.945625,0.835645,0.166867
aaaaakdo_s001_t000,broadband,0.0,canonicalized,1,1.879678,0.827081,1.092591
aaaaakeq_s001_t000,broadband,0.0,canonicalized,1,1.872916,0.826183,0.111505
aaaaakeq_s002_t000,broadband,0.0,canonicalized,1,1.529556,0.775684,0.090580
aaaaakeq_s003_t000,broadband,0.0,canonicalized,1,2.313416,0.877281,0.046090
aaaaakev_s001_t001,broadband,0.0,canonicalized,1,2.580184,0.901508,0.083591
aaaaakev_s002_t000,broadband,0.0,canonicalized,1,1.788298,0.814635,0.376702
aaaaakft_s001_t000,broadband,0.0,canonicalized,0,1.346918,0.744878,0.434176
aaaaakgp_s001_t001,broadband,0.0,canonicalized,0,1.770483,0.812130,0.809554
aaaaakgu_s001_t000,broadband,0.0,canonicalized,1,0.460503,0.562230,0.151058
aaaaakjk_s002_t002,broadband,0.0,canonicalized,1,1.427694,0.758837,0.282977
aaaaakjk_s003_t000,broadband,0.0,canonicalized,1,2.736190,0.913618,0.171038
aaaaakka_s001_t001,broadband,0.0,canonicalized,0,2.083909,0.852494,0.622552
aaaaakmg_s003_t001,broadband,0.0,canonicalized,1,1.988953,0.841085,0.046102
aaaaakmh_s001_t000,broadband,0.0,canonicalized,1,1.376312,0.750018,0.164929
aaaaaknt_s001_t000,broadband,0.0,canonicalized,1,3.932450,0.969733,0.313417
aaaaakoo_s001_t001,broadband,0.0,canonicalized,1,2.534788,0.897710,0.042683
aaaaakqg_s001_t001,broadband,0.0,canonicalized,0,0.015456,0.459559,2.346259
aaaaakqr_s001_t000,broadband,0.0,canonicalized,0,0.753733,0.627590,0.027296
aaaaakrt_s001_t001,broadband,0.0,canonicalized,1,3.592001,0.958969,0.052458
aaaaakrt_s002_t001,broadband,0.0,canonicalized,1,4.721641,0.985199,0.241151
aaaaaksb_s001_t000,broadband,0.0,canonicalized,0,1.142067,0.707171,0.179340
aaaaaksu_s001_t001,broadband,0.0,canonicalized,0,2.064883,0.850263,0.178995
aaaaakxz_s001_t001,broadband,0.0,canonicalized,1,2.282236,0.874137,0.191141
aaaaakxz_s002_t001,broadband,0.0,canonicalized,1,2.511550,0.895716,0.075084
aaaaalaf_s001_t000,broadband,0.0,canonicalized,0,-0.863998,0.273502,0.320451
aaaaalau_s001_t000,broadband,0.0,canonicalized,1,1.979680,0.839933,0.036458
aaaaalbh_s001_t000,broadband,0.0,canonicalized,1,1.370462,0.749001,0.514419
aaaaalbt_s001_t001,broadband,0.0,canonicalized,0,1.687670,0.800142,0.456672
aaaaalbt_s002_t000,broadband,0.0,canonicalized,0,1.426263,0.758595,0.263687
aaaaalbz_s006_t000,broadband,0.0,canonicalized,1,1.552415,0.779348,0.170681
aaaaalid_s001_t001,broadband,0.0,canonicalized,0,1.213700,0.720723,0.282168
aaaaaljf_s001_t000,broadband,0.0,canonicalized,1,1.471321,0.766157,0.551677
aaaaaljj_s001_t000,broadband,0.0,canonicalized,0,-1.573835,0.163202,0.946658
aaaaallc_s001_t001,broadband,0.0,canonicalized,0,2.059722,0.849654,0.309908
aaaaalle_s002_t000,broadband,0.0,canonicalized,1,1.592062,0.785599,0.045363
aaaaalox_s001_t001,broadband,0.0,canonicalized,0,2.035624,0.846779,0.061602
aaaaalpv_s001_t000,broadband,0.0,canonicalized,0,1.532539,0.776165,0.282535
aaaaalqa_s001_t000,broadband,0.0,canonicalized,0,1.202087,0.718552,0.612101
aaaaalqr_s001_t001,broadband,0.0,canonicalized,1,1.219735,0.721847,0.428792
aaaaalqs_s001_t001,broadband,0.0,canonicalized,0,-0.490875,0.347231,0.246931
aaaaalqx_s001_t000,broadband,0.0,canonicalized,0,1.372321,0.749324,0.325264
aaaaalrc_s002_t000,broadband,0.0,canonicalized,1,5.897988,0.994974,0.016620
aaaaalsq_s001_t000,broadband,0.0,canonicalized,0,1.503972,0.771533,0.082212
aaaaalsx_s001_t000,broadband,0.0,canonicalized,1,1.853559,0.823592,0.223077
aaaaalsx_s004_t001,broadband,0.0,canonicalized,1,1.520238,0.774178,0.080646
aaaaaluz_s001_t001,broadband,0.0,canonicalized,0,-2.577780,0.071442,0.152973
aaaaalvw_s001_t000,broadband,0.0,canonicalized,0,1.484426,0.768325,0.491239
aaaaalvz_s001_t000,broadband,0.0,canonicalized,1,4.555136,0.982773,0.022335
aaaaalxk_s001_t000,broadband,0.0,canonicalized,0,1.402222,0.754492,0.193973
aaaaalyr_s001_t000,broadband,0.0,canonicalized,1,1.673178,0.797986,0.089621
aaaaalzk_s002_t001,broadband,0.0,canonicalized,1,3.441373,0.953112,0.173666
aaaaamcb_s001_t001,broadband,0.0,canonicalized,1,3.344388,0.948929,0.080460
aaaaamfe_s001_t001,broadband,0.0,canonicalized,0,1.735860,0.807186,0.533971
aaaaamft_s001_t001,broadband,0.0,canonicalized,1,1.725738,0.805722,0.914036
aaaaamfu_s001_t000,broadband,0.0,canonicalized,0,2.343890,0.880289,0.149367
aaaaamhi_s001_t000,broadband,0.0,canonicalized,1,2.815392,0.919236,0.138856
aaaaamhk_s001_t000,broadband,0.0,canonicalized,1,3.911129,0.969148,0.070388
aaaaamjc_s001_t001,broadband,0.0,canonicalized,1,5.106320,0.989590,0.130554
aaaaammh_s001_t001,broadband,0.0,canonicalized,1,2.679250,0.909363,0.089830
aaaaamnq_s001_t000,broadband,0.0,canonicalized,1,2.360592,0.881910,0.468462
aaaaamnq_s002_t000,broadband,0.0,canonicalized,1,2.232809,0.869012,0.034964
aaaaamon_s001_t000,broadband,0.0,canonicalized,0,1.211393,0.720292,0.673144
aaaaampz_s001_t000,broadband,0.0,canonicalized,1,1.620301,0.789973,0.099139
aaaaamrj_s001_t000,broadband,0.0,canonicalized,0,1.760135,0.810663,0.180360
aaaaamsc_s001_t000,broadband,0.0,canonicalized,1,4.907377,0.987510,0.437493
aaaaamtb_s001_t000,broadband,0.0,canonicalized,0,1.707767,0.803103,0.033270
aaaaamuc_s001_t000,broadband,0.0,canonicalized,0,1.455190,0.763469,0.163080
aaaaamxn_s001_t000,broadband,0.0,canonicalized,1,1.274069,0.731841,0.083403
aaaaamyb_s001_t001,broadband,0.0,canonicalized,0,1.182349,0.714839,0.059930
aaaaamye_s001_t000,broadband,0.0,canonicalized,1,3.386078,0.950769,0.177664
aaaaamzi_s001_t001,broadband,0.0,canonicalized,1,2.992079,0.930585,0.121395
aaaaamzl_s001_t000,broadband,0.0,canonicalized,0,-0.087767,0.435916,0.546631
aaaaamzx_s001_t000,broadband,0.0,canonicalized,0,0.070553,0.472261,0.180111
aaaaanbq_s001_t000,broadband,0.0,canonicalized,0,2.120508,0.856707,0.245502
aaaaanek_s001_t000,broadband,0.0,canonicalized,0,-1.371055,0.190508,0.133098
aaaaangp_s001_t000,broadband,0.0,canonicalized,0,1.748176,0.808956,0.011539
aaaaanhb_s001_t003,broadband,0.0,canonicalized,1,2.139812,0.858889,0.185558
aaaaanhb_s003_t001,broadband,0.0,canonicalized,1,1.554784,0.779725,0.005457
aaaaanhb_s005_t000,broadband,0.0,canonicalized,1,2.470752,0.892132,0.067020
aaaaankf_s001_t000,broadband,0.0,canonicalized,1,2.344155,0.880315,0.124331
aaaaanlp_s001_t000,broadband,0.0,canonicalized,0,0.711034,0.618299,0.677532
aaaaanmc_s001_t000,broadband,0.0,canonicalized,1,4.977500,0.988286,0.501009
aaaaanop_s001_t000,broadband,0.0,canonicalized,0,1.604401,0.787519,0.107897
aaaaanoz_s001_t000,broadband,0.0,canonicalized,1,1.712555,0.803803,0.010059
aaaaanpr_s001_t002,broadband,0.0,canonicalized,1,3.031799,0.932925,0.262644
aaaaanqe_s001_t000,broadband,0.0,canonicalized,0,1.598333,0.786577,0.446760
aaaaanro_s001_t000,broadband,0.0,canonicalized,1,3.288339,0.946353,0.149551
aaaaansj_s001_t000,broadband,0.0,canonicalized,1,1.430511,0.759315,0.088993
aaaaanta_s001_t000,broadband,0.0,canonicalized,1,2.671828,0.908794,0.574965
aaaaanum_s001_t000,broadband,0.0,canonicalized,0,2.330425,0.878968,0.593166
aaaaanvb_s002_t000,broadband,0.0,canonicalized,0,0.406424,0.549862,0.092792
aaaaanvg_s001_t002,broadband,0.0,canonicalized,0,3.791192,0.965646,0.599187
aaaaanvw_s001_t000,broadband,0.0,canonicalized,0,-1.475652,0.176009,0.902000
aaaaanwc_s001_t001,broadband,0.0,canonicalized,1,2.740788,0.913954,0.263181
aaaaanxl_s001_t000,broadband,0.0,canonicalized,1,1.558373,0.780296,0.324203
aaaaanyb_s001_t001,broadband,0.0,canonicalized,0,1.186226,0.715571,0.275137
aaaaanyt_s002_t000,broadband,0.0,canonicalized,1,0.719522,0.620153,0.979464
aaaaanyw_s001_t000,broadband,0.0,canonicalized,1,2.564164,0.900182,0.062261
aaaaanyw_s002_t000,broadband,0.0,canonicalized,1,2.495079,0.894282,0.049714
aaaaanzh_s001_t000,broadband,0.0,canonicalized,1,1.190273,0.716333,0.908835
aaaaanzu_s001_t003,broadband,0.0,canonicalized,1,2.466683,0.891769,0.219243
aaaaaoav_s001_t000,broadband,0.0,canonicalized,0,0.105113,0.480248,0.109101
aaaaaoav_s002_t000,broadband,0.0,canonicalized,0,0.793980,0.636263,0.069771
aaaaaobi_s001_t000,broadband,0.0,canonicalized,1,1.546940,0.778474,0.263673
aaaaaobl_s001_t000,broadband,0.0,canonicalized,0,1.324094,0.740838,0.377121
aaaaaoby_s001_t000,broadband,0.0,canonicalized,0,1.629633,0.791404,0.151846
aaaaaoda_s001_t000,broadband,0.0,canonicalized,1,2.152234,0.860278,0.550746
aaaaaoeg_s001_t000,broadband,0.0,canonicalized,0,2.047094,0.848153,0.287899
aaaaaofj_s001_t000,broadband,0.0,canonicalized,0,1.398088,0.753782,0.310078
aaaaaofr_s001_t000,broadband,0.0,canonicalized,0,2.876770,0.923359,0.162475
aaaaaofz_s001_t000,broadband,0.0,canonicalized,0,1.583421,0.784248,0.546598
aaaaaohb_s001_t000,broadband,0.0,canonicalized,1,1.922961,0.832741,0.029517
aaaaaohr_s002_t001,broadband,0.0,canonicalized,1,3.827627,0.966749,0.015004
aaaaaoiq_s001_t000,broadband,0.0,canonicalized,1,4.136484,0.974815,0.234276
aaaaaoiv_s001_t000,broadband,0.0,canonicalized,1,2.525690,0.896933,0.078493
aaaaaoiv_s002_t001,broadband,0.0,canonicalized,1,4.034874,0.972398,0.177951
aaaaaoiv_s003_t003,broadband,0.0,canonicalized,1,3.912593,0.969188,0.062763
aaaaaojd_s001_t002,broadband,0.0,canonicalized,0,1.996430,0.842008,0.290095
aaaaaokg_s001_t000,broadband,0.0,canonicalized,0,1.806654,0.817189,0.095230
aaaaaoly_s001_t000,broadband,0.0,canonicalized,0,1.379171,0.750515,0.246945
aaaaaome_s001_t000,broadband,0.0,canonicalized,0,0.866919,0.651754,0.490483
aaaaaomx_s001_t000,broadband,0.0,canonicalized,0,1.241388,0.725857,0.035627
aaaaaomy_s001_t000,broadband,0.0,canonicalized,1,1.809832,0.817629,0.168927
aaaaaonb_s001_t000,broadband,0.0,canonicalized,0,2.092382,0.853478,0.119093
aaaaaons_s002_t002,broadband,0.0,canonicalized,1,1.639036,0.792839,0.035152
aaaaaopd_s001_t000,broadband,0.0,canonicalized,0,1.449961,0.762592,0.095090
aaaaaopo_s001_t000,broadband,0.0,canonicalized,0,0.785727,0.634492,0.140360
aaaaaora_s002_t000,broadband,0.0,canonicalized,1,3.294833,0.946658,0.135504
aaaaaord_s001_t000,broadband,0.0,canonicalized,1,2.976037,0.929619,0.267761
aaaaaosh_s001_t000,broadband,0.0,canonicalized,1,2.912378,0.925661,0.389769
aaaaaosw_s001_t000,broadband,0.0,canonicalized,0,1.105437,0.700094,0.611974
aaaaaote_s001_t000,broadband,0.0,canonicalized,0,1.755436,0.809993,0.059435
aaaaaout_s001_t000,broadband,0.0,canonicalized,1,2.935157,0.927100,0.400336
aaaaaovl_s001_t000,broadband,0.0,canonicalized,1,2.498729,0.894601,0.033488
aaaaaovo_s001_t000,broadband,0.0,canonicalized,1,4.434058,0.980767,0.114867
aaaaaowb_s001_t000,broadband,0.0,canonicalized,0,0.854465,0.649131,0.783747
aaaaaoxf_s001_t000,broadband,0.0,canonicalized,0,0.473095,0.565099,0.169197
aaaaaozf_s001_t001,broadband,0.0,canonicalized,0,1.376579,0.750065,0.444684
aaaaapag_s001_t000,broadband,0.0,canonicalized,0,-0.818984,0.281866,4.024828
aaaaapar_s001_t000,broadband,0.0,canonicalized,1,5.626482,0.993545,0.031371
aaaaapcb_s001_t000,broadband,0.0,canonicalized,0,1.852558,0.823457,0.046490
aaaaapcy_s001_t002,broadband,0.0,canonicalized,0,-0.106284,0.431702,0.372136
aaaaapdg_s001_t000,broadband,0.0,canonicalized,0,1.593717,0.785858,0.079934
aaaaaphs_s001_t000,broadband,0.0,canonicalized,1,1.656509,0.795485,0.363434
aaaaaphw_s001_t000,broadband,0.0,canonicalized,0,2.386189,0.884357,0.061013
aaaaapij_s001_t000,broadband,0.0,canonicalized,0,1.946724,0.835785,0.128006
aaaaapjc_s001_t001,broadband,0.0,canonicalized,0,1.422144,0.757895,0.025514
aaaaapka_s001_t000,broadband,0.0,canonicalized,0,0.778355,0.632906,0.089514
aaaaapkx_s001_t001,broadband,0.0,canonicalized,1,1.526601,0.775207,0.058322
aaaaaply_s001_t001,broadband,0.0,canonicalized,1,2.562492,0.900043,0.084077
aaaaapmb_s002_t001,broadband,0.0,canonicalized,1,2.104413,0.854867,0.025147
aaaaapmp_s001_t000,broadband,0.0,canonicalized,1,0.814839,0.640724,0.617018
aaaaapnr_s001_t000,broadband,0.0,canonicalized,1,1.510680,0.772626,0.048728
aaaaapoc_s001_t000,broadband,0.0,canonicalized,1,1.425518,0.758468,0.533709
aaaaapof_s001_t000,broadband,0.0,canonicalized,0,1.043961,0.688001,0.292088
aaaaapoo_s001_t000,broadband,0.0,canonicalized,0,1.236258,0.724910,0.476771
aaaaapoq_s001_t000,broadband,0.0,canonicalized,0,2.035337,0.846745,0.246322
aaaaappb_s001_t000,broadband,0.0,canonicalized,0,1.352669,0.745889,1.517641
aaaaapqd_s001_t000,broadband,0.0,canonicalized,1,1.412315,0.756220,1.067984
aaaaapqv_s001_t000,broadband,0.0,canonicalized,0,1.583623,0.784280,0.378906
aaaaapta_s001_t000,broadband,0.0,canonicalized,1,1.706508,0.802918,0.042398
aaaaapth_s001_t000,broadband,0.0,canonicalized,1,2.104037,0.854823,0.176698
aaaaapua_s001_t001,broadband,0.0,canonicalized,0,-2.214961,0.097212,0.290694
aaaaapuu_s001_t000,broadband,0.0,canonicalized,0,1.520641,0.774244,0.242031
aaaaapvw_s001_t001,broadband,0.0,canonicalized,1,1.662267,0.796352,0.301189
aaaaapvy_s001_t000,broadband,0.0,canonicalized,1,1.246396,0.726779,0.434192
aaaaapwn_s001_t001,broadband,0.0,canonicalized,0,0.697653,0.615368,0.273595
aaaaapwo_s001_t001,broadband,0.0,canonicalized,1,6.367718,0.996742,0.306122
aaaaapxm_s001_t001,broadband,0.0,canonicalized,0,0.551949,0.582961,0.168996
aaaaapys_s001_t001,broadband,0.0,canonicalized,1,4.770457,0.985844,0.058876
aaaaapys_s002_t001,broadband,0.0,canonicalized,1,4.076056,0.973403,0.059115
aaaaaayx_s002_t000,broadband,0.0,naive,0,1.736432,0.807269,0.326995
aaaaabdo_s003_t000,broadband,0.0,naive,1,3.206198,0.942356,0.026304
aaaaabsk_s007_t000,broadband,0.0,naive,1,2.155989,0.860695,0.156409
aaaaabuv_s002_t000,broadband,0.0,naive,1,3.555284,0.957610,0.469434
aaaaacad_s003_t000,broadband,0.0,naive,0,1.824295,0.819619,0.668741
aaaaacby_s004_t000,broadband,0.0,naive,0,1.640206,0.793017,0.059978
aaaaaddm_s006_t000,broadband,0.0,naive,1,1.757859,0.810339,0.442746
aaaaadeu_s002_t000,broadband,0.0,naive,1,3.093519,0.936416,0.078844
aaaaadjk_s002_t000,broadband,0.0,naive,0,1.127117,0.704294,0.403192
aaaaadkb_s002_t000,broadband,0.0,naive,1,4.659351,0.984333,0.526804
aaaaadsm_s002_t001,broadband,0.0,naive,0,0.430207,0.555309,0.278879
aaaaaeab_s003_t000,broadband,0.0,naive,0,1.095381,0.698134,0.187899
aaaaaejc_s003_t001,broadband,0.0,naive,0,3.079264,0.935625,0.199814
aaaaaezn_s003_t001,broadband,0.0,naive,1,1.671547,0.797743,0.481396
aaaaafhl_s003_t000,broadband,0.0,naive,1,1.902855,0.830130,0.050651
aaaaagfk_s003_t000,broadband,0.0,naive,0,1.344939,0.744529,0.301769
aaaaagsc_s003_t001,broadband,0.0,naive,1,3.582064,0.958606,0.487050
aaaaagsc_s006_t001,broadband,0.0,naive,1,2.227558,0.868457,0.214423
aaaaaguk_s002_t001,broadband,0.0,naive,0,0.197425,0.501619,0.222625
aaaaagvx_s002_t000,broadband,0.0,naive,1,1.832938,0.820799,0.126126
aaaaagvx_s003_t001,broadband,0.0,naive,1,2.145747,0.859554,0.027169
aaaaagyr_s002_t000,broadband,0.0,naive,1,1.254733,0.728311,0.336389
aaaaahie_s005_t001,broadband,0.0,naive,1,4.524621,0.982287,0.225899
aaaaahsv_s002_t000,broadband,0.0,naive,0,1.278838,0.732707,0.957743
aaaaahte_s002_t000,broadband,0.0,naive,1,3.323740,0.947994,0.410589
aaaaahte_s003_t000,broadband,0.0,naive,1,5.096881,0.989500,0.036603
aaaaahuy_s002_t000,broadband,0.0,naive,1,1.462319,0.764659,0.056056
aaaaahzi_s001_t000,broadband,0.0,naive,0,1.704484,0.802621,0.210153
aaaaahzm_s001_t001,broadband,0.0,naive,0,1.406883,0.755291,0.023605
aaaaahzq_s001_t000,broadband,0.0,naive,0,1.387429,0.751945,0.168737
aaaaahzs_s001_t001,broadband,0.0,naive,0,1.399016,0.753942,0.425060
aaaaaiae_s001_t000,broadband,0.0,naive,0,1.578468,0.783471,0.035925
aaaaaibx_s001_t000,broadband,0.0,naive,0,1.804010,0.816823,0.045049
aaaaaiby_s001_t000,broadband,0.0,naive,0,1.219640,0.721829,0.423748
aaaaaici_s001_t000,broadband,0.0,naive,0,-0.294472,0.389535,3.236527
aaaaaicn_s001_t000,broadband,0.0,naive,0,1.624355,0.790596,0.283752
aaaaaijh_s002_t000,broadband,0.0,naive,1,1.325745,0.741132,0.070532
aaaaaijn_s001_t001,broadband,0.0,naive,0,1.595535,0.786141,0.076188
aaaaairb_s001_t001,broadband,0.0,naive,0,1.957429,0.837142,0.045461
aaaaairo_s001_t000,broadband,0.0,naive,0,1.279538,0.732834,0.253043
aaaaaitt_s001_t000,broadband,0.0,naive,0,1.444324,0.761646,0.218329
aaaaaiue_s004_t000,broadband,0.0,naive,1,1.995020,0.841834,0.062278
aaaaaiuo_s002_t000,broadband,0.0,naive,0,2.444994,0.889814,0.107879
aaaaaiwz_s001_t001,broadband,0.0,naive,0,0.436099,0.556657,0.367660
aaaaaiyy_s001_t001,broadband,0.0,naive,0,-0.192266,0.412274,0.186577
aaaaaizd_s001_t001,broadband,0.0,naive,0,1.409886,0.755805,0.384828
aaaaaizs_s001_t000,broadband,0.0,naive,0,2.370077,0.882822,0.061514
aaaaajae_s001_t001,broadband,0.0,naive,0,3.302891,0.947034,0.162133
aaaaajah_s002_t001,broadband,0.0,naive,1,1.611984,0.788692,0.060065
aaaaajah_s004_t000,broadband,0.0,naive,1,1.688920,0.800327,0.327034
aaaaajal_s001_t001,broadband,0.0,naive,0,-1.706644,0.147086,0.695732
aaaaajam_s001_t000,broadband,0.0,naive,1,1.010842,0.681376,0.123668
aaaaajar_s001_t001,broadband,0.0,naive,0,1.207038,0.719479,0.176001
aaaaajbb_s001_t000,broadband,0.0,naive,0,3.025679,0.932569,0.175947
aaaaajbh_s002_t000,broadband,0.0,naive,0,-0.106120,0.431739,0.149473
aaaaajce_s001_t000,broadband,0.0,naive,0,1.115088,0.701968,0.397015
aaaaajci_s001_t000,broadband,0.0,naive,0,1.510091,0.772531,0.096116
aaaaajck_s001_t000,broadband,0.0,naive,0,0.018923,0.460357,0.184452
aaaaajct_s001_t000,broadband,0.0,naive,0,1.534014,0.776402,0.033888
aaaaajcu_s001_t000,broadband,0.0,naive,0,1.471320,0.766157,0.203041
aaaaajda_s001_t000,broadband,0.0,naive,0,1.637208,0.792561,0.276276
aaaaajdb_s001_t000,broadband,0.0,naive,0,1.584769,0.784459,0.043589
aaaaajdv_s001_t000,broadband,0.0,naive,0,1.477565,0.767192,0.353232
aaaaajdy_s001_t000,broadband,0.0,naive,0,1.148002,0.708308,0.113450
aaaaajdz_s001_t000,broadband,0.0,naive,0,1.067672,0.692697,0.424268
aaaaajea_s001_t000,broadband,0.0,naive,0,1.760646,0.810735,0.053807
aaaaajen_s001_t000,broadband,0.0,naive,0,1.581739,0.783984,0.113225
aaaaajey_s001_t000,broadband,0.0,naive,0,1.693974,0.801074,0.637140
aaaaajfb_s001_t000,broadband,0.0,naive,0,1.278090,0.732571,0.264574
aaaaajfe_s001_t000,broadband,0.0,naive,0,1.936158,0.834437,0.304084
aaaaajff_s001_t000,broadband,0.0,naive,0,0.387003,0.545404,0.204755
aaaaajfi_s001_t001,broadband,0.0,naive,0,0.971031,0.673315,0.210367
aaaaajfn_s001_t001,broadband,0.0,naive,0,-0.279264,0.392891,1.297635
aaaaajfy_s001_t000,broadband,0.0,naive,0,0.104375,0.480077,0.200315
aaaaajga_s001_t001,broadband,0.0,naive,0,1.577080,0.783252,0.233005
aaaaajhy_s001_t000,broadband,0.0,naive,0,1.121247,0.703160,0.179224
aaaaajit_s001_t001,broadband,0.0,naive,0,-2.264631,0.093248,1.442158
aaaaajiu_s001_t000,broadband,0.0,naive,0,1.119497,0.702822,0.617921
aaaaajiy_s001_t001,broadband,0.0,naive,0,1.846403,0.822627,0.217619
aaaaajiz_s001_t000,broadband,0.0,naive,0,0.962952,0.671667,0.546809
aaaaajjb_s001_t001,broadband,0.0,naive,0,2.048259,0.848292,0.100888
aaaaajje_s001_t000,broadband,0.0,naive,0,1.395944,0.753413,0.194594
aaaaajjk_s001_t000,broadband,0.0,naive,0,1.338221,0.743343,0.429137
aaaaajna_s001_t000,broadband,0.0,naive,0,1.428925,0.759046,0.145077
aaaaajnu_s001_t000,broadband,0.0,naive,0,1.161098,0.710809,0.456299
aaaaajon_s001_t000,broadband,0.0,naive,0,1.536552,0.776810,0.154651
aaaaajoo_s002_t001,broadband,0.0,naive,1,1.479097,0.767445,0.080301
aaaaajpg_s001_t001,broadband,0.0,naive,0,1.483315,0.768142,0.461196
aaaaajqh_s004_t000,broadband,0.0,naive,1,1.597634,0.786468,0.261022
aaaaajqk_s003_t001,broadband,0.0,naive,1,4.277128,0.977824,0.515706
aaaaajrf_s001_t000,broadband,0.0,naive,1,1.621988,0.790233,0.150070
aaaaajrf_s002_t000,broadband,0.0,naive,1,1.510822,0.772650,0.548797
aaaaajrf_s003_t002,broadband,0.0,naive,1,3.996009,0.971414,0.483424
aaaaajrf_s004_t000,broadband,0.0,naive,1,1.850660,0.823202,0.068244
aaaaajso_s001_t000,broadband,0.0,naive,1,1.558788,0.780361,0.118060
aaaaajtg_s001_t000,broadband,0.0,naive,0,1.357088,0.746664,0.289203
aaaaajtu_s001_t000,broadband,0.0,naive,0,1.474191,0.766633,0.086371
aaaaajuh_s001_t000,broadband,0.0,naive,1,2.011278,0.843830,0.087330
aaaaajun_s001_t000,broadband,0.0,naive,0,1.661274,0.796202,0.174963
aaaaajvh_s001_t001,broadband,0.0,naive,0,1.488136,0.768936,0.037717
aaaaajxp_s001_t000,broadband,0.0,naive,0,2.937448,0.927243,0.381492
aaaaakck_s001_t001,broadband,0.0,naive,1,2.247215,0.870524,0.072672
aaaaakcx_s001_t001,broadband,0.0,naive,1,3.660819,0.961406,0.038784
aaaaakcy_s005_t001,broadband,0.0,naive,1,4.373545,0.979680,0.264899
aaaaakdj_s001_t000,broadband,0.0,naive,1,1.945625,0.835645,0.166867
aaaaakdo_s001_t000,broadband,0.0,naive,1,1.879678,0.827081,1.092591
aaaaakeq_s001_t000,broadband,0.0,naive,1,1.872916,0.826183,0.111505
aaaaakeq_s002_t000,broadband,0.0,naive,1,1.529556,0.775684,0.090580
aaaaakeq_s003_t000,broadband,0.0,naive,1,2.313416,0.877281,0.046090
aaaaakev_s001_t001,broadband,0.0,naive,1,2.580184,0.901508,0.083591
aaaaakev_s002_t000,broadband,0.0,naive,1,1.788298,0.814635,0.376702
aaaaakft_s001_t000,broadband,0.0,naive,0,1.346918,0.744878,0.434176
aaaaakgp_s001_t001,broadband,0.0,naive,0,1.770483,0.812130,0.809554
aaaaakgu_s001_t000,broadband,0.0,naive,1,0.460503,0.562230,0.151058
aaaaakjk_s002_t002,broadband,0.0,naive,1,1.427694,0.758837,0.282977
aaaaakjk_s003_t000,broadband,0.0,naive,1,2.736190,0.913618,0.171038
aaaaakka_s001_t001,broadband,0.0,naive,0,2.083909,0.852494,0.622552
aaaaakmg_s003_t001,broadband,0.0,naive,1,1.988953,0.841085,0.046102
aaaaakmh_s001_t000,broadband,0.0,naive,1,1.376312,0.750018,0.164929
aaaaaknt_s001_t000,broadband,0.0,naive,1,3.932450,0.969733,0.313417
aaaaakoo_s001_t001,broadband,0.0,naive,1,2.534788,0.897710,0.042683
aaaaakqg_s001_t001,broadband,0.0,naive,0,0.015456,0.459559,2.346259
aaaaakqr_s001_t000,broadband,0.0,naive,0,0.753733,0.627590,0.027296
aaaaakrt_s001_t001,broadband,0.0,naive,1,3.592001,0.958969,0.052458
aaaaakrt_s002_t001,broadband,0.0,naive,1,4.721641,0.985199,0.241151
aaaaaksb_s001_t000,broadband,0.0,naive,0,1.142067,0.707171,0.179340
aaaaaksu_s001_t001,broadband,0.0,naive,0,2.064883,0.850263,0.178995
aaaaakxz_s001_t001,broadband,0.0,naive,1,2.282236,0.874137,0.191141
aaaaakxz_s002_t001,broadband,0.0,naive,1,2.511550,0.895716,0.075084
aaaaalaf_s001_t000,broadband,0.0,naive,0,-0.863998,0.273502,0.320451
aaaaalau_s001_t000,broadband,0.0,naive,1,1.979680,0.839933,0.036458
aaaaalbh_s001_t000,broadband,0.0,naive,1,1.370462,0.749001,0.514419
aaaaalbt_s001_t001,broadband,0.0,naive,0,1.687670,0.800142,0.456672
aaaaalbt_s002_t000,broadband,0.0,naive,0,1.426263,0.758595,0.263687
aaaaalbz_s006_t000,broadband,0.0,naive,1,1.552415,0.779348,0.170681
aaaaalid_s001_t001,broadband,0.0,naive,0,1.213700,0.720723,0.282168
aaaaaljf_s001_t000,broadband,0.0,naive,1,1.471321,0.766157,0.551677
aaaaaljj_s001_t000,broadband,0.0,naive,0,-1.573835,0.163202,0.946658
aaaaallc_s001_t001,broadband,0.0,naive,0,2.059722,0.849654,0.309908
aaaaalle_s002_t000,broadband,0.0,naive,1,1.592062,0.785599,0.045363
aaaaalox_s001_t001,broadband,0.0,naive,0,2.035624,0.846779,0.061602
aaaaalpv_s001_t000,broadband,0.0,naive,0,1.532539,0.776165,0.282535
aaaaalqa_s001_t000,broadband,0.0,naive,0,1.202087,0.718552,0.612101
aaaaalqr_s001_t001,broadband,0.0,naive,1,1.219735,0.721847,0.428792
aaaaalqs_s001_t001,broadband,0.0,naive,0,-0.490875,0.347231,0.246931
aaaaalqx_s001_t000,broadband,0.0,naive,0,1.372321,0.749324,0.325264
aaaaalrc_s002_t000,broadband,0.0,naive,1,5.897988,0.994974,0.016620
aaaaalsq_s001_t000,broadband,0.0,naive,0,1.503972,0.771533,0.082212
aaaaalsx_s001_t000,broadband,0.0,naive,1,1.853559,0.823592,0.223077
aaaaalsx_s004_t001,broadband,0.0,naive,1,1.520238,0.774178,0.080646
aaaaaluz_s001_t001,broadband,0.0,naive,0,-2.577780,0.071442,0.152973
aaaaalvw_s001_t000,broadband,0.0,naive,0,1.484426,0.768325,0.491239
aaaaalvz_s001_t000,broadband,0.0,naive,1,4.555136,0.982773,0.022335
aaaaalxk_s001_t000,broadband,0.0,naive,0,1.402222,0.754492,0.193973
aaaaalyr_s001_t000,broadband,0.0,naive,1,1.673178,0.797986,0.089621
aaaaalzk_s002_t001,broadband,0.0,naive,1,3.441373,0.953112,0.173666
aaaaamcb_s001_t001,broadband,0.0,naive,1,3.344388,0.948929,0.080460
aaaaamfe_s001_t001,broadband,0.0,naive,0,1.735860,0.807186,0.533971
aaaaamft_s001_t001,broadband,0.0,naive,1,1.725738,0.805722,0.914036
aaaaamfu_s001_t000,broadband,0.0,naive,0,2.343890,0.880289,0.149367
aaaaamhi_s001_t000,broadband,0.0,naive,1,2.815392,0.919236,0.138856
aaaaamhk_s001_t000,broadband,0.0,naive,1,3.911129,0.969148,0.070388
aaaaamjc_s001_t001,broadband,0.0,naive,1,5.106320,0.989590,0.130554
aaaaammh_s001_t001,broadband,0.0,naive,1,2.679250,0.909363,0.089830
aaaaamnq_s001_t000,broadband,0.0,naive,1,2.360592,0.881910,0.468462
aaaaamnq_s002_t000,broadband,0.0,naive,1,2.232809,0.869012,0.034964
aaaaamon_s001_t000,broadband,0.0,naive,0,1.211393,0.720292,0.673144
aaaaampz_s001_t000,broadband,0.0,naive,1,1.620301,0.789973,0.099139
aaaaamrj_s001_t000,broadband,0.0,naive,0,1.760135,0.810663,0.180360
aaaaamsc_s001_t000,broadband,0.0,naive,1,4.907377,0.987510,0.437493
aaaaamtb_s001_t000,broadband,0.0,naive,0,1.707767,0.803103,0.033270
aaaaamuc_s001_t000,broadband,0.0,naive,0,1.455190,0.763469,0.163080
aaaaamxn_s001_t000,broadband,0.0,naive,1,1.274069,0.731841,0.083403
aaaaamyb_s001_t001,broadband,0.0,naive,0,1.182349,0.714839,0.059930
aaaaamye_s001_t000,broadband,0.0,naive,1,3.386078,0.950769,0.177664
aaaaamzi_s001_t001,broadband,0.0,naive,1,2.992079,0.930585,0.121395
aaaaamzl_s001_t000,broadband,0.0,naive,0,-0.087767,0.435916,0.546631
aaaaamzx_s001_t000,broadband,0.0,naive,0,0.070553,0.472261,0.180111
aaaaanbq_s001_t000,broadband,0.0,naive,0,2.120508,0.856707,0.245502
aaaaanek_s001_t000,broadband,0.0,naive,0,-1.371055,0.190508,0.133098
aaaaangp_s001_t000,broadband,0.0,naive,0,1.748176,0.808956,0.011539
aaaaanhb_s001_t003,broadband,0.0,naive,1,2.139812,0.858889,0.185558
aaaaanhb_s003_t001,broadband,0.0,naive,1,1.554784,0.779725,0.005457
aaaaanhb_s005_t000,broadband,0.0,naive,1,2.470752,0.892132,0.067020
aaaaankf_s001_t000,broadband,0.0,naive,1,2.344155,0.880315,0.124331
aaaaanlp_s001_t000,broadband,0.0,naive,0,0.711034,0.618299,0.677532
aaaaanmc_s001_t000,broadband,0.0,naive,1,4.977500,0.988286,0.501009
aaaaanop_s001_t000,broadband,0.0,naive,0,1.604401,0.787519,0.107897
aaaaanoz_s001_t000,broadband,0.0,naive,1,1.712555,0.803803,0.010059
aaaaanpr_s001_t002,broadband,0.0,naive,1,3.031799,0.932925,0.262644
aaaaanqe_s001_t000,broadband,0.0,naive,0,1.598333,0.786577,0.446760
aaaaanro_s001_t000,broadband,0.0,naive,1,3.288339,0.946353,0.149551
aaaaansj_s001_t000,broadband,0.0,naive,1,1.430511,0.759315,0.088993
aaaaanta_s001_t000,broadband,0.0,naive,1,2.671828,0.908794,0.574965
aaaaanum_s001_t000,broadband,0.0,naive,0,2.330425,0.878968,0.593166
aaaaanvb_s002_t000,broadband,0.0,naive,0,0.406424,0.549862,0.092792
aaaaanvg_s001_t002,broadband,0.0,naive,0,3.791192,0.965646,0.599187
aaaaanvw_s001_t000,broadband,0.0,naive,0,-1.475652,0.176009,0.902000
aaaaanwc_s001_t001,broadband,0.0,naive,1,2.740788,0.913954,0.263181
aaaaanxl_s001_t000,broadband,0.0,naive,1,1.558373,0.780296,0.324203
aaaaanyb_s001_t001,broadband,0.0,naive,0,1.186226,0.715571,0.275137
aaaaanyt_s002_t000,broadband,0.0,naive,1,0.719522,0.620153,0.979464
aaaaanyw_s001_t000,broadband,0.0,naive,1,2.564164,0.900182,0.062261
aaaaanyw_s002_t000,broadband,0.0,naive,1,2.495079,0.894282,0.049714
aaaaanzh_s001_t000,broadband,0.0,naive,1,1.190273,0.716333,0.908835
aaaaanzu_s001_t003,broadband,0.0,naive,1,2.466683,0.891769,0.219243
aaaaaoav_s001_t000,broadband,0.0,naive,0,0.105113,0.480248,0.109101
aaaaaoav_s002_t000,broadband,0.0,naive,0,0.793980,0.636263,0.069771
aaaaaobi_s001_t000,broadband,0.0,naive,1,1.546940,0.778474,0.263673
aaaaaobl_s001_t000,broadband,0.0,naive,0,1.324094,0.740838,0.377121
aaaaaoby_s001_t000,broadband,0.0,naive,0,1.629633,0.791404,0.151846
aaaaaoda_s001_t000,broadband,0.0,naive,1,2.152234,0.860278,0.550746
aaaaaoeg_s001_t000,broadband,0.0,naive,0,2.047094,0.848153,0.287899
aaaaaofj_s001_t000,broadband,0.0,naive,0,1.398088,0.753782,0.310078
aaaaaofr_s001_t000,broadband,0.0,naive,0,2.876770,0.923359,0.162475
aaaaaofz_s001_t000,broadband,0.0,naive,0,1.583421,0.784248,0.546598
aaaaaohb_s001_t000,broadband,0.0,naive,1,1.922961,0.832741,0.029517
aaaaaohr_s002_t001,broadband,0.0,naive,1,3.827627,0.966749,0.015004
aaaaaoiq_s001_t000,broadband,0.0,naive,1,4.136484,0.974815,0.234276
aaaaaoiv_s001_t000,broadband,0.0,naive,1,2.525690,0.896933,0.078493
aaaaaoiv_s002_t001,broadband,0.0,naive,1,4.034874,0.972398,0.177951
aaaaaoiv_s003_t003,broadband,0.0,naive,1,3.912593,0.969188,0.062763
aaaaaojd_s001_t002,broadband,0.0,naive,0,1.996430,0.842008,0.290095
aaaaaokg_s001_t000,broadband,0.0,naive,0,1.806654,0.817189,0.095230
aaaaaoly_s001_t000,broadband,0.0,naive,0,1.379171,0.750515,0.246945
aaaaaome_s001_t000,broadband,0.0,naive,0,0.866919,0.651754,0.490483
aaaaaomx_s001_t000,broadband,0.0,naive,0,1.241388,0.725857,0.035627
aaaaaomy_s001_t000,broadband,0.0,naive,1,1.809832,0.817629,0.168927
aaaaaonb_s001_t000,broadband,0.0,naive,0,2.092382,0.853478,0.119093
aaaaaons_s002_t002,broadband,0.0,naive,1,1.639036,0.792839,0.035152
aaaaaopd_s001_t000,broadband,0.0,naive,0,1.449961,0.762592,0.095090
aaaaaopo_s001_t000,broadband,0.0,naive,0,0.785727,0.634492,0.140360
aaaaaora_s002_t000,broadband,0.0,naive,1,3.294833,0.946658,0.135504
aaaaaord_s001_t000,broadband,0.0,naive,1,2.976037,0.929619,0.267761
aaaaaosh_s001_t000,broadband,0.0,naive,1,2.912378,0.925661,0.389769
aaaaaosw_s001_t000,broadband,0.0,naive,0,1.105437,0.700094,0.611974
aaaaaote_s001_t000,broadband,0.0,naive,0,1.755436,0.809993,0.059435
aaaaaout_s001_t000,broadband,0.0,naive,1,2.935157,0.927100,0.400336
aaaaaovl_s001_t000,broadband,0.0,naive,1,2.498729,0.894601,0.033488
aaaaaovo_s001_t000,broadband,0.0,naive,1,4.434058,0.980767,0.114867
aaaaaowb_s001_t000,broadband,0.0,naive,0,0.854465,0.649131,0.783747
aaaaaoxf_s001_t000,broadband,0.0,naive,0,0.473095,0.565099,0.169197
aaaaaozf_s001_t001,broadband,0.0,naive,0,1.376579,0.750065,0.444684
aaaaapag_s001_t000,broadband,0.0,naive,0,-0.818984,0.281866,4.024828
aaaaapar_s001_t000,broadband,0.0,naive,1,5.626482,0.993545,0.031371
aaaaapcb_s001_t000,broadband,0.0,naive,0,1.852558,0.823457,0.046490
aaaaapcy_s001_t002,broadband,0.0,naive,0,-0.106284,0.431702,0.372136
aaaaapdg_s001_t000,broadband,0.0,naive,0,1.593717,0.785858,0.079934
aaaaaphs_s001_t000,broadband,0.0,naive,1,1.656509,0.795485,0.363434
aaaaaphw_s001_t000,broadband,0.0,naive,0,2.386189,0.884357,0.061013
aaaaapij_s001_t000,broadband,0.0,naive,0,1.946724,0.835785,0.128006
aaaaapjc_s001_t001,broadband,0.0,naive,0,1.422144,0.757895,0.025514
aaaaapka_s001_t000,broadband,0.0,naive,0,0.778355,0.632906,0.089514
aaaaapkx_s001_t001,broadband,0.0,naive,1,1.526601,0.775207,0.058322
aaaaaply_s001_t001,broadband,0.0,naive,1,2.562492,0.900043,0.084077
aaaaapmb_s002_t001,broadband,0.0,naive,1,2.104413,0.854867,0.025147
aaaaapmp_s001_t000,broadband,0.0,naive,1,0.814839,0.640724,0.617018
aaaaapnr_s001_t000,broadband,0.0,naive,1,1.510680,0.772626,0.048728
aaaaapoc_s001_t000,broadband,0.0,naive,1,1.425518,0.758468,0.533709
aaaaapof_s001_t000,broadband,0.0,naive,0,1.043961,0.688001,0.292088
aaaaapoo_s001_t000,broadband,0.0,naive,0,1.236258,0.724910,0.476771
aaaaapoq_s001_t000,broadband,0.0,naive,0,2.035337,0.846745,0.246322
aaaaappb_s001_t000,broadband,0.0,naive,0,1.352669,0.745889,1.517641
aaaaapqd_s001_t000,broadband,0.0,naive,1,1.412315,0.756220,1.067984
aaaaapqv_s001_t000,broadband,0.0,naive,0,1.583623,0.784280,0.378906
aaaaapta_s001_t000,broadband,0.0,naive,1,1.706508,0.802918,0.042398
aaaaapth_s001_t000,broadband,0.0,naive,1,2.104037,0.854823,0.176698
aaaaapua_s001_t001,broadband,0.0,naive,0,-2.214961,0.097212,0.290694
aaaaapuu_s001_t000,broadband,0.0,naive,0,1.520641,0.774244,0.242031
aaaaapvw_s001_t001,broadband,0.0,naive,1,1.662267,0.796352,0.301189
aaaaapvy_s001_t000,broadband,0.0,naive,1,1.246396,0.726779,0.434192
aaaaapwn_s001_t001,broadband,0.0,naive,0,0.697653,0.615368,0.273595
aaaaapwo_s001_t001,broadband,0.0,naive,1,6.367718,0.996742,0.306122
aaaaapxm_s001_t001,broadband,0.0,naive,0,0.551949,0.582961,0.168996
aaaaapys_s001_t001,broadband,0.0,naive,1,4.770457,0.985844,0.058876
aaaaapys_s002_t001,broadband,0.0,naive,1,4.076056,0.973403,0.059115
aaaaaayx_s002_t000,broadband,10.0,canonicalized,0,0.675462,0.610491,1.091730
aaaaabdo_s003_t000,broadband,10.0,canonicalized,1,6.123769,0.995919,1.005110
aaaaabsk_s007_t000,broadband,10.0,canonicalized,1,1.619215,0.789806,1.310977
aaaaabuv_s002_t000,broadband,10.0,canonicalized,1,2.722925,0.912643,1.158077
aaaaacad_s003_t000,broadband,10.0,canonicalized,0,1.408615,0.755588,1.149531
aaaaacby_s004_t000,broadband,10.0,canonicalized,0,0.940223,0.667006,0.260186
aaaaaddm_s006_t000,broadband,10.0,canonicalized,1,2.796050,0.917896,1.674326
aaaaadeu_s002_t000,broadband,10.0,canonicalized,1,3.124384,0.938097,0.725704
aaaaadjk_s002_t000,broadband,10.0,canonicalized,0,-0.761728,0.292727,0.424760
aaaaadkb_s002_t000,broadband,10.0,canonicalized,1,6.349382,0.996686,3.178249
aaaaadsm_s002_t001,broadband,10.0,canonicalized,0,-1.555514,0.165534,1.230113
aaaaaeab_s003_t000,broadband,10.0,canonicalized,0,-0.547718,0.335392,0.201206
aaaaaejc_s003_t001,broadband,10.0,canonicalized,0,2.379631,0.883735,0.430692
aaaaaezn_s003_t001,broadband,10.0,canonicalized,1,0.776516,0.632510,4.185700
aaaaafhl_s003_t000,broadband,10.0,canonicalized,1,2.407622,0.886373,0.133821
aaaaagfk_s003_t000,broadband,10.0,canonicalized,0,-0.076016,0.438595,2.013491
aaaaagsc_s003_t001,broadband,10.0,canonicalized,1,4.576331,0.983102,3.123931
aaaaagsc_s006_t001,broadband,10.0,canonicalized,1,1.225830,0.722979,1.251995
aaaaaguk_s002_t001,broadband,10.0,canonicalized,0,-3.387308,0.035068,0.197549
aaaaagvx_s002_t000,broadband,10.0,canonicalized,1,0.622136,0.598680,0.520081
aaaaagvx_s003_t001,broadband,10.0,canonicalized,1,2.838732,0.920827,0.296555
aaaaagyr_s002_t000,broadband,10.0,canonicalized,1,1.405777,0.755102,0.495741
aaaaahie_s005_t001,broadband,10.0,canonicalized,1,7.061581,0.998284,1.365545
aaaaahsv_s002_t000,broadband,10.0,canonicalized,0,-0.443547,0.357236,3.013982
aaaaahte_s002_t000,broadband,10.0,canonicalized,1,6.795837,0.997806,2.334761
aaaaahte_s003_t000,broadband,10.0,canonicalized,1,8.753165,0.999642,0.356099
aaaaahuy_s002_t000,broadband,10.0,canonicalized,1,-0.490629,0.347283,0.071106
aaaaahzi_s001_t000,broadband,10.0,canonicalized,0,1.500579,0.770978,0.776982
aaaaahzm_s001_t001,broadband,10.0,canonicalized,0,-0.230095,0.403809,0.234751
aaaaahzq_s001_t000,broadband,10.0,canonicalized,0,-2.072315,0.109444,0.159279
aaaaahzs_s001_t001,broadband,10.0,canonicalized,0,-0.331589,0.381390,1.138734
aaaaaiae_s001_t000,broadband,10.0,canonicalized,0,1.559533,0.780480,0.023365
aaaaaibx_s001_t000,broadband,10.0,canonicalized,0,1.576399,0.783145,0.141516
aaaaaiby_s001_t000,broadband,10.0,canonicalized,0,-1.216882,0.213514,1.530522
aaaaaici_s001_t000,broadband,10.0,canonicalized,0,-1.930658,0.122907,7.162092
aaaaaicn_s001_t000,broadband,10.0,canonicalized,0,1.043976,0.688003,1.279855
aaaaaijh_s002_t000,broadband,10.0,canonicalized,1,0.885390,0.655628,0.953203
aaaaaijn_s001_t001,broadband,10.0,canonicalized,0,0.151768,0.491045,0.504740
aaaaairb_s001_t001,broadband,10.0,canonicalized,0,1.390550,0.752483,0.310225
aaaaairo_s001_t000,broadband,10.0,canonicalized,0,0.536960,0.579581,1.429955
aaaaaitt_s001_t000,broadband,10.0,canonicalized,0,0.294383,0.524058,1.353976
aaaaaiue_s004_t000,broadband,10.0,canonicalized,1,1.002772,0.679751,1.632240
aaaaaiuo_s002_t000,broadband,10.0,canonicalized,0,2.736248,0.913622,0.658969
aaaaaiwz_s001_t001,broadband,10.0,canonicalized,0,-1.555625,0.165520,0.827929
aaaaaiyy_s001_t001,broadband,10.0,canonicalized,0,-2.669480,0.066007,0.588149
aaaaaizd_s001_t001,broadband,10.0,canonicalized,0,0.807389,0.639133,1.907534
aaaaaizs_s001_t000,broadband,10.0,canonicalized,0,1.427007,0.758721,1.157202
aaaaajae_s001_t001,broadband,10.0,canonicalized,0,5.159925,0.990090,1.999891
aaaaajah_s002_t001,broadband,10.0,canonicalized,1,0.636736,0.601926,1.127594
aaaaajah_s004_t000,broadband,10.0,canonicalized,1,1.421731,0.757825,1.681398
aaaaajal_s001_t001,broadband,10.0,canonicalized,0,-3.819362,0.023775,0.441473
aaaaajam_s001_t000,broadband,10.0,canonicalized,1,-0.764197,0.292254,0.235040
aaaaajar_s001_t001,broadband,10.0,canonicalized,0,-0.519798,0.341183,0.190658
aaaaajbb_s001_t000,broadband,10.0,canonicalized,0,2.464201,0.891546,0.350579
aaaaajbh_s002_t000,broadband,10.0,canonicalized,0,-3.125134,0.044283,0.494842
aaaaajce_s001_t000,broadband,10.0,canonicalized,0,0.293034,0.523746,0.892278
aaaaajci_s001_t000,broadband,10.0,canonicalized,0,1.469976,0.765933,0.129853
aaaaajck_s001_t000,broadband,10.0,canonicalized,0,-3.651181,0.027673,0.183188
aaaaajct_s001_t000,broadband,10.0,canonicalized,0,1.406744,0.755267,0.345662
aaaaajcu_s001_t000,broadband,10.0,canonicalized,0,1.753969,0.809784,1.631213
aaaaajda_s001_t000,broadband,10.0,canonicalized,0,-0.534754,0.338075,1.251071
aaaaajdb_s001_t000,broadband,10.0,canonicalized,0,1.575778,0.783047,0.055019
aaaaajdv_s001_t000,broadband,10.0,canonicalized,0,2.573804,0.900982,1.685524
aaaaajdy_s001_t000,broadband,10.0,canonicalized,0,-0.292033,0.390073,0.641236
aaaaajdz_s001_t000,broadband,10.0,canonicalized,0,-1.362235,0.191771,1.318164
aaaaajea_s001_t000,broadband,10.0,canonicalized,0,2.747801,0.914463,0.654057
aaaaajen_s001_t000,broadband,10.0,canonicalized,0,1.074229,0.693988,0.302084
aaaaajey_s001_t000,broadband,10.0,canonicalized,0,-0.405088,0.365458,0.551410
aaaaajfb_s001_t000,broadband,10.0,canonicalized,0,0.089589,0.476659,1.457485
aaaaajfe_s001_t000,broadband,10.0,canonicalized,0,0.719394,0.620125,0.788782
aaaaajff_s001_t000,broadband,10.0,canonicalized,0,-3.269055,0.038970,0.589481
aaaaajfi_s001_t001,broadband,10.0,canonicalized,0,-0.624674,0.319690,0.712645
aaaaajfn_s001_t001,broadband,10.0,canonicalized,0,-2.288034,0.091430,2.300809
aaaaajfy_s001_t000,broadband,10.0,canonicalized,0,-3.932580,0.021458,0.323011
aaaaajga_s001_t001,broadband,10.0,canonicalized,0,0.568186,0.586614,3.970865
aaaaajhy_s001_t000,broadband,10.0,canonicalized,0,-1.618588,0.157619,2.697025
aaaaajit_s001_t001,broadband,10.0,canonicalized,0,-3.821971,0.023719,0.837851
aaaaajiu_s001_t000,broadband,10.0,canonicalized,0,1.002870,0.679771,2.788230
aaaaajiy_s001_t001,broadband,10.0,canonicalized,0,0.236829,0.510744,1.172700
aaaaajiz_s001_t000,broadband,10.0,canonicalized,0,0.773375,0.631834,1.536870
aaaaajjb_s001_t001,broadband,10.0,canonicalized,0,1.714373,0.804069,2.328479
aaaaajje_s001_t000,broadband,10.0,canonicalized,0,0.424007,0.553891,2.235681
aaaaajjk_s001_t000,broadband,10.0,canonicalized,0,0.958073,0.670669,2.134961
aaaaajna_s001_t000,broadband,10.0,canonicalized,0,0.754239,0.627700,0.980016
aaaaajnu_s001_t000,broadband,10.0,canonicalized,0,-1.262622,0.206484,4.709388
aaaaajon_s001_t000,broadband,10.0,canonicalized,0,1.225566,0.722930,0.420291
aaaaajoo_s002_t001,broadband,10.0,canonicalized,1,1.149529,0.708600,0.746329
aaaaajpg_s001_t001,broadband,10.0,canonicalized,0,-2.232874,0.095765,0.298229
aaaaajqh_s004_t000,broadband,10.0,canonicalized,1,3.085143,0.935952,1.560064
aaaaajqk_s003_t001,broadband,10.0,canonicalized,1,4.868554,0.987058,0.622579
aaaaajrf_s001_t000,broadband,10.0,canonicalized,1,1.861784,0.824697,0.840889
aaaaajrf_s002_t000,broadband,10.0,canonicalized,1,3.244343,0.944246,0.885780
aaaaajrf_s003_t002,broadband,10.0,canonicalized,1,7.721943,0.999069,1.078781
aaaaajrf_s004_t000,broadband,10.0,canonicalized,1,1.792348,0.815201,0.094868
aaaaajso_s001_t000,broadband,10.0,canonicalized,1,1.875239,0.826492,0.640832
aaaaajtg_s001_t000,broadband,10.0,canonicalized,0,1.170528,0.712601,1.143340
aaaaajtu_s001_t000,broadband,10.0,canonicalized,0,1.235498,0.724770,0.961222
aaaaajuh_s001_t000,broadband,10.0,canonicalized,1,4.390944,0.979999,1.350176
aaaaajun_s001_t000,broadband,10.0,canonicalized,0,1.963595,0.837919,0.517905
aaaaajvh_s001_t001,broadband,10.0,canonicalized,0,0.294456,0.524075,0.543116
aaaaajxp_s001_t000,broadband,10.0,canonicalized,0,1.201758,0.718490,1.278080
aaaaakck_s001_t001,broadband,10.0,canonicalized,1,2.323794,0.878313,0.205556
aaaaakcx_s001_t001,broadband,10.0,canonicalized,1,7.980010,0.999267,0.993357
aaaaakcy_s005_t001,broadband,10.0,canonicalized,1,7.054377,0.998273,0.253035
aaaaakdj_s001_t000,broadband,10.0,canonicalized,1,1.162489,0.711074,1.144318
aaaaakdo_s001_t000,broadband,10.0,canonicalized,1,0.577597,0.588727,3.016175
aaaaakeq_s001_t000,broadband,10.0,canonicalized,1,1.808578,0.817456,0.940575
aaaaakeq_s002_t000,broadband,10.0,canonicalized,1,2.102665,0.854666,1.451812
aaaaakeq_s003_t000,broadband,10.0,canonicalized,1,2.998614,0.930975,1.387596
aaaaakev_s001_t001,broadband,10.0,canonicalized,1,5.902448,0.994994,0.714603
aaaaakev_s002_t000,broadband,10.0,canonicalized,1,3.317038,0.947687,1.719633
aaaaakft_s001_t000,broadband,10.0,canonicalized,0,0.373878,0.542388,1.947717
aaaaakgp_s001_t001,broadband,10.0,canonicalized,0,0.983019,0.675754,2.651787
aaaaakgu_s001_t000,broadband,10.0,canonicalized,1,-1.573993,0.163182,0.209248
aaaaakjk_s002_t002,broadband,10.0,canonicalized,1,1.967467,0.838406,0.833763
aaaaakjk_s003_t000,broadband,10.0,canonicalized,1,2.754348,0.914936,0.330693
aaaaakka_s001_t001,broadband,10.0,canonicalized,0,-0.852475,0.275628,0.725922
aaaaakmg_s003_t001,broadband,10.0,canonicalized,1,3.220838,0.943088,0.443718
aaaaakmh_s001_t000,broadband,10.0,canonicalized,1,1.385941,0.751687,0.807224
aaaaaknt_s001_t000,broadband,10.0,canonicalized,1,3.916846,0.969306,0.930519
aaaaakoo_s001_t001,broadband,10.0,canonicalized,1,5.546966,0.993055,0.311194
aaaaakqg_s001_t001,broadband,10.0,canonicalized,0,-1.450863,0.179365,2.087288
aaaaakqr_s001_t000,broadband,10.0,canonicalized,0,-1.864188,0.129701,0.220830
aaaaakrt_s001_t001,broadband,10.0,canonicalized,1,6.354618,0.996702,0.473137
aaaaakrt_s002_t001,broadband,10.0,canonicalized,1,7.012544,0.998204,0.748084
aaaaaksb_s001_t000,broadband,10.0,canonicalized,0,-1.249388,0.208500,0.682340
aaaaaksu_s001_t001,broadband,10.0,canonicalized,0,1.208691,0.719788,0.394393
aaaaakxz_s001_t001,broadband,10.0,canonicalized,1,3.684549,0.962213,1.026996
aaaaakxz_s002_t001,broadband,10.0,canonicalized,1,3.677672,0.961981,0.395200
aaaaalaf_s001_t000,broadband,10.0,canonicalized,0,-2.579202,0.071355,0.652941
aaaaalau_s001_t000,broadband,10.0,canonicalized,1,2.617692,0.904551,0.331273
aaaaalbh_s001_t000,broadband,10.0,canonicalized,1,2.177810,0.863102,0.804190
aaaaalbt_s001_t001,broadband,10.0,canonicalized,0,0.146533,0.489832,0.901454
aaaaalbt_s002_t000,broadband,10.0,canonicalized,0,1.415160,0.756706,0.409603
aaaaalbz_s006_t000,broadband,10.0,canonicalized,1,2.151517,0.860198,0.557493
aaaaalid_s001_t001,broadband,10.0,canonicalized,0,0.584626,0.590303,1.970651
aaaaaljf_s001_t000,broadband,10.0,canonicalized,1,2.536310,0.897839,1.399773
aaaaaljj_s001_t000,broadband,10.0,canonicalized,0,-3.031023,0.048123,1.268487
aaaaallc_s001_t001,broadband,10.0,canonicalized,0,0.800762,0.637716,0.738835
aaaaalle_s002_t000,broadband,10.0,canonicalized,1,1.748363,0.808983,0.390712
aaaaalox_s001_t001,broadband,10.0,canonicalized,0,3.575932,0.958379,0.925265
aaaaalpv_s001_t000,broadband,10.0,canonicalized,0,1.231968,0.724117,1.488741
aaaaalqa_s001_t000,broadband,10.0,canonicalized,0,-0.369430,0.373153,1.343753
aaaaalqr_s001_t001,broadband,10.0,canonicalized,1,0.759940,0.628933,1.234209
aaaaalqs_s001_t001,broadband,10.0,canonicalized,0,-2.033150,0.113031,0.594995
aaaaalqx_s001_t000,broadband,10.0,canonicalized,0,0.691855,0.614096,1.077917
aaaaalrc_s002_t000,broadband,10.0,canonicalized,1,10.808293,0.999947,0.161655
aaaaalsq_s001_t000,broadband,10.0,canonicalized,0,2.205657,0.866122,0.216094
aaaaalsx_s001_t000,broadband,10.0,canonicalized,1,0.728456,0.622101,0.978481
aaaaalsx_s004_t001,broadband,10.0,canonicalized,1,1.342046,0.744019,0.141540
aaaaaluz_s001_t001,broadband,10.0,canonicalized,0,-3.834015,0.023462,0.231722
aaaaalvw_s001_t000,broadband,10.0,canonicalized,0,0.632922,0.601079,0.894461
aaaaalvz_s001_t000,broadband,10.0,canonicalized,1,7.364921,0.998704,0.376366
aaaaalxk_s001_t000,broadband,10.0,canonicalized,0,1.828625,0.820211,0.451899
aaaaalyr_s001_t000,broadband,10.0,canonicalized,1,2.363408,0.882181,0.190844
aaaaalzk_s002_t001,broadband,10.0,canonicalized,1,7.545467,0.998903,1.356656
aaaaamcb_s001_t001,broadband,10.0,canonicalized,1,6.995113,0.998175,1.261189
aaaaamfe_s001_t001,broadband,10.0,canonicalized,0,0.307726,0.527141,0.764342
aaaaamft_s001_t001,broadband,10.0,canonicalized,1,2.278080,0.873713,1.267191
aaaaamfu_s001_t000,broadband,10.0,canonicalized,0,0.456320,0.561276,0.408228
aaaaamhi_s001_t000,broadband,10.0,canonicalized,1,4.379376,0.979788,4.548501
aaaaamhk_s001_t000,broadband,10.0,canonicalized,1,6.024301,0.995526,0.391168
aaaaamjc_s001_t001,broadband,10.0,canonicalized,1,7.687048,0.999038,0.455221
aaaaammh_s001_t001,broadband,10.0,canonicalized,1,3.298881,0.946847,0.308421
aaaaamnq_s001_t000,broadband,10.0,canonicalized,1,5.215779,0.990585,1.636689
aaaaamnq_s002_t000,broadband,10.0,canonicalized,1,3.729293,0.963692,0.052176
aaaaamon_s001_t000,broadband,10.0,canonicalized,0,-0.210850,0.408108,2.951059
aaaaampz_s001_t000,broadband,10.0,canonicalized,1,1.799460,0.816192,1.026575
aaaaamrj_s001_t000,broadband,10.0,canonicalized,0,2.178103,0.863134,0.561729
aaaaamsc_s001_t000,broadband,10.0,canonicalized,1,6.126596,0.995929,0.314722
aaaaamtb_s001_t000,broadband,10.0,canonicalized,0,2.309641,0.876904,0.095646
aaaaamuc_s001_t000,broadband,10.0,canonicalized,0,-0.343472,0.378795,0.307332
aaaaamxn_s001_t000,broadband,10.0,canonicalized,1,0.113977,0.482298,0.668667
aaaaamyb_s001_t001,broadband,10.0,canonicalized,0,1.024286,0.684074,0.166676
aaaaamye_s001_t000,broadband,10.0,canonicalized,1,7.473966,0.998828,0.239241
aaaaamzi_s001_t001,broadband,10.0,canonicalized,1,5.265472,0.991005,0.591573
aaaaamzl_s001_t000,broadband,10.0,canonicalized,0,-2.031368,0.113197,0.775234
aaaaamzx_s001_t000,broadband,10.0,canonicalized,0,-2.521834,0.074958,1.647711
aaaaanbq_s001_t000,broadband,10.0,canonicalized,0,0.831092,0.644183,0.411792
aaaaanek_s001_t000,broadband,10.0,canonicalized,0,-3.080539,0.046065,0.193309
aaaaangp_s001_t000,broadband,10.0,canonicalized,0,0.981113,0.675367,0.144141
aaaaanhb_s001_t003,broadband,10.0,canonicalized,1,2.786068,0.917196,0.731902
aaaaanhb_s003_t001,broadband,10.0,canonicalized,1,2.286990,0.874621,0.036853
aaaaanhb_s005_t000,broadband,10.0,canonicalized,1,4.723455,0.985223,0.262618
aaaaankf_s001_t000,broadband,10.0,canonicalized,1,3.708096,0.962999,0.566178
aaaaanlp_s001_t000,broadband,10.0,canonicalized,0,-0.841778,0.277611,0.733709
aaaaanmc_s001_t000,broadband,10.0,canonicalized,1,7.674068,0.999026,2.532953
aaaaanop_s001_t000,broadband,10.0,canonicalized,0,1.972457,0.839031,0.086371
aaaaanoz_s001_t000,broadband,10.0,canonicalized,1,1.848718,0.822940,0.253341
aaaaanpr_s001_t002,broadband,10.0,canonicalized,1,4.961022,0.988108,3.542546
aaaaanqe_s001_t000,broadband,10.0,canonicalized,0,-0.698696,0.304962,1.240346
aaaaanro_s001_t000,broadband,10.0,canonicalized,1,3.407809,0.951703,1.330833
aaaaansj_s001_t000,broadband,10.0,canonicalized,1,1.653718,0.795064,0.644277
aaaaanta_s001_t000,broadband,10.0,canonicalized,1,5.110992,0.989635,2.901777
aaaaanum_s001_t000,broadband,10.0,canonicalized,0,0.576627,0.588509,1.578834
aaaaanvb_s002_t000,broadband,10.0,canonicalized,0,-1.321348,0.197711,0.277899
aaaaanvg_s001_t002,broadband,10.0,canonicalized,0,3.554667,0.957586,1.053963
aaaaanvw_s001_t000,broadband,10.0,canonicalized,0,-3.288537,0.038300,1.280055
aaaaanwc_s001_t001,broadband,10.0,canonicalized,1,4.875919,0.987145,4.523589
aaaaanxl_s001_t000,broadband,10.0,canonicalized,1,2.486981,0.893570,0.973493
aaaaanyb_s001_t001,broadband,10.0,canonicalized,0,1.298789,0.736312,0.728358
aaaaanyt_s002_t000,broadband,10.0,canonicalized,1,0.250656,0.513945,2.411459
aaaaanyw_s001_t000,broadband,10.0,canonicalized,1,3.052819,0.934133,0.154515
aaaaanyw_s002_t000,broadband,10.0,canonicalized,1,3.500823,0.955513,1.271523
aaaaanzh_s001_t000,broadband,10.0,canonicalized,1,1.080827,0.695285,2.613592
aaaaanzu_s001_t003,broadband,10.0,canonicalized,1,2.064671,0.850238,3.098326
aaaaaoav_s001_t000,broadband,10.0,canonicalized,0,-2.699697,0.064302,0.120571
aaaaaoav_s002_t000,broadband,10.0,canonicalized,0,-1.898243,0.126181,0.256890
aaaaaobi_s001_t000,broadband,10.0,canonicalized,1,1.769083,0.811932,1.198046
aaaaaobl_s001_t000,broadband,10.0,canonicalized,0,1.117662,0.702467,0.654107
aaaaaoby_s001_t000,broadband,10.0,canonicalized,0,0.424772,0.554066,2.727670
aaaaaoda_s001_t000,broadband,10.0,canonicalized,1,5.670568,0.993802,2.371281
aaaaaoeg_s001_t000,broadband,10.0,canonicalized,0,1.795545,0.815647,0.505538
aaaaaofj_s001_t000,broadband,10.0,canonicalized,0,-0.238323,0.401975,0.938841
aaaaaofr_s001_t000,broadband,10.0,canonicalized,0,4.165947,0.975477,0.860507
aaaaaofz_s001_t000,broadband,10.0,canonicalized,0,1.415366,0.756741,1.022411
aaaaaohb_s001_t000,broadband,10.0,canonicalized,1,2.305316,0.876471,0.113250
aaaaaohr_s002_t001,broadband,10.0,canonicalized,1,6.507396,0.997136,0.161012
aaaaaoiq_s001_t000,broadband,10.0,canonicalized,1,2.332699,0.879192,0.228221
aaaaaoiv_s001_t000,broadband,10.0,canonicalized,1,1.430057,0.759238,0.098816
aaaaaoiv_s002_t001,broadband,10.0,canonicalized,1,7.496422,0.998852,0.573511
aaaaaoiv_s003_t003,broadband,10.0,canonicalized,1,6.702075,0.997607,0.085019
aaaaaojd_s001_t002,broadband,10.0,canonicalized,0,0.853702,0.648970,1.852599
aaaaaokg_s001_t000,broadband,10.0,canonicalized,0,2.525069,0.896880,0.373604
aaaaaoly_s001_t000,broadband,10.0,canonicalized,0,1.158270,0.710270,0.981539
aaaaaome_s001_t000,broadband,10.0,canonicalized,0,0.545243,0.581450,0.665788
aaaaaomx_s001_t000,broadband,10.0,canonicalized,0,1.280001,0.732918,0.376100
aaaaaomy_s001_t000,broadband,10.0,canonicalized,1,2.783619,0.917023,0.862838
aaaaaonb_s001_t000,broadband,10.0,canonicalized,0,1.749469,0.809141,1.319161
aaaaaons_s002_t002,broadband,10.0,canonicalized,1,2.562360,0.900032,0.069034
aaaaaopd_s001_t000,broadband,10.0,canonicalized,0,0.040926,0.465425,1.734327
aaaaaopo_s001_t000,broadband,10.0,canonicalized,0,-1.917785,0.124198,0.073403
aaaaaora_s002_t000,broadband,10.0,canonicalized,1,3.338810,0.948678,0.500007
aaaaaord_s001_t000,broadband,10.0,canonicalized,1,2.356784,0.881542,0.999775
aaaaaosh_s001_t000,broadband,10.0,canonicalized,1,2.281952,0.874108,1.048787
aaaaaosw_s001_t000,broadband,10.0,canonicalized,0,1.845340,0.822483,2.826241
aaaaaote_s001_t000,broadband,10.0,canonicalized,0,0.205803,0.503559,0.681014
aaaaaout_s001_t000,broadband,10.0,canonicalized,1,2.914218,0.925778,2.375282
aaaaaovl_s001_t000,broadband,10.0,canonicalized,1,3.939356,0.969920,0.109926
aaaaaovo_s001_t000,broadband,10.0,canonicalized,1,7.435044,0.998785,0.110342
aaaaaowb_s001_t000,broadband,10.0,canonicalized,0,1.348392,0.745137,1.900002
aaaaaoxf_s001_t000,broadband,10.0,canonicalized,0,-1.366296,0.191188,0.687793
aaaaaozf_s001_t001,broadband,10.0,canonicalized,0,0.271664,0.518806,2.643364
aaaaapag_s001_t000,broadband,10.0,canonicalized,0,-2.931368,0.052533,6.761574
aaaaapar_s001_t000,broadband,10.0,canonicalized,1,9.502886,0.999821,0.195726
aaaaapcb_s001_t000,broadband,10.0,canonicalized,0,3.014734,0.931929,0.273690
aaaaapcy_s001_t002,broadband,10.0,canonicalized,0,-3.009815,0.049031,0.491896
aaaaapdg_s001_t000,broadband,10.0,canonicalized,0,-0.148599,0.422111,0.485883
aaaaaphs_s001_t000,broadband,10.0,canonicalized,1,2.247586,0.870563,1.150230
aaaaaphw_s001_t000,broadband,10.0,canonicalized,0,2.390044,0.884722,0.697105
aaaaapij_s001_t000,broadband,10.0,canonicalized,0,0.998261,0.678840,0.520526
aaaaapjc_s001_t001,broadband,10.0,canonicalized,0,-1.843278,0.131904,0.119065
aaaaapka_s001_t000,broadband,10.0,canonicalized,0,-0.709365,0.302871,0.608764
aaaaapkx_s001_t001,broadband,10.0,canonicalized,1,-0.341247,0.379281,1.965716
aaaaaply_s001_t001,broadband,10.0,canonicalized,1,3.726751,0.963610,0.742411
aaaaapmb_s002_t001,broadband,10.0,canonicalized,1,4.445808,0.980971,0.078277
aaaaapmp_s001_t000,broadband,10.0,canonicalized,1,1.000787,0.679350,1.560164
aaaaapnr_s001_t000,broadband,10.0,canonicalized,1,1.011916,0.681592,0.365149
aaaaapoc_s001_t000,broadband,10.0,canonicalized,1,2.659242,0.907823,1.981553
aaaaapof_s001_t000,broadband,10.0,canonicalized,0,0.082793,0.475088,0.556030
aaaaapoo_s001_t000,broadband,10.0,canonicalized,0,0.549396,0.582386,0.781992
aaaaapoq_s001_t000,broadband,10.0,canonicalized,0,2.009917,0.843663,1.895245
aaaaappb_s001_t000,broadband,10.0,canonicalized,0,1.335511,0.742864,2.693845
aaaaapqd_s001_t000,broadband,10.0,canonicalized,1,1.107428,0.700481,1.769207
aaaaapqv_s001_t000,broadband,10.0,canonicalized,0,1.062846,0.691744,1.016063
aaaaapta_s001_t000,broadband,10.0,canonicalized,1,2.221800,0.867847,0.544940
aaaaapth_s001_t000,broadband,10.0,canonicalized,1,2.235072,0.869251,2.515049
aaaaapua_s001_t001,broadband,10.0,canonicalized,0,-4.283034,0.015602,0.289485
aaaaapuu_s001_t000,broadband,10.0,canonicalized,0,1.074935,0.694127,0.964848
aaaaapvw_s001_t001,broadband,10.0,canonicalized,1,3.474511,0.954466,1.295283
aaaaapvy_s001_t000,broadband,10.0,canonicalized,1,0.872650,0.652958,2.241896
aaaaapwn_s001_t001,broadband,10.0,canonicalized,0,-0.917351,0.263790,1.672774
aaaaapwo_s001_t001,broadband,10.0,canonicalized,1,8.600950,0.999587,0.394799
aaaaapxm_s001_t001,broadband,10.0,canonicalized,0,-1.667938,0.151642,0.129820
aaaaapys_s001_t001,broadband,10.0,canonicalized,1,10.129184,0.999900,0.068280
aaaaapys_s002_t001,broadband,10.0,canonicalized,1,7.663147,0.999017,1.327447
aaaaaayx_s002_t000,broadband,10.0,naive,0,0.675462,0.610491,1.091730
aaaaabdo_s003_t000,broadband,10.0,naive,1,6.123769,0.995919,1.005110
aaaaabsk_s007_t000,broadband,10.0,naive,1,1.619215,0.789806,1.310977
aaaaabuv_s002_t000,broadband,10.0,naive,1,2.722925,0.912643,1.158077
aaaaacad_s003_t000,broadband,10.0,naive,0,1.408615,0.755588,1.149531
aaaaacby_s004_t000,broadband,10.0,naive,0,0.940223,0.667006,0.260186
aaaaaddm_s006_t000,broadband,10.0,naive,1,2.796050,0.917896,1.674326
aaaaadeu_s002_t000,broadband,10.0,naive,1,3.124384,0.938097,0.725704
aaaaadjk_s002_t000,broadband,10.0,naive,0,-0.761728,0.292727,0.424760
aaaaadkb_s002_t000,broadband,10.0,naive,1,6.349382,0.996686,3.178249
aaaaadsm_s002_t001,broadband,10.0,naive,0,-1.555514,0.165534,1.230113
aaaaaeab_s003_t000,broadband,10.0,naive,0,-0.547718,0.335392,0.201206
aaaaaejc_s003_t001,broadband,10.0,naive,0,2.379631,0.883735,0.430692
aaaaaezn_s003_t001,broadband,10.0,naive,1,0.776516,0.632510,4.185700
aaaaafhl_s003_t000,broadband,10.0,naive,1,2.407622,0.886373,0.133821
aaaaagfk_s003_t000,broadband,10.0,naive,0,-0.076016,0.438595,2.013491
aaaaagsc_s003_t001,broadband,10.0,naive,1,4.576331,0.983102,3.123931
aaaaagsc_s006_t001,broadband,10.0,naive,1,1.225830,0.722979,1.251995
aaaaaguk_s002_t001,broadband,10.0,naive,0,-3.387308,0.035068,0.197549
aaaaagvx_s002_t000,broadband,10.0,naive,1,0.622136,0.598680,0.520081
aaaaagvx_s003_t001,broadband,10.0,naive,1,2.838732,0.920827,0.296555
aaaaagyr_s002_t000,broadband,10.0,naive,1,1.405777,0.755102,0.495741
aaaaahie_s005_t001,broadband,10.0,naive,1,7.061581,0.998284,1.365545
aaaaahsv_s002_t000,broadband,10.0,naive,0,-0.443547,0.357236,3.013982
aaaaahte_s002_t000,broadband,10.0,naive,1,6.795837,0.997806,2.334761
aaaaahte_s003_t000,broadband,10.0,naive,1,8.753165,0.999642,0.356099
aaaaahuy_s002_t000,broadband,10.0,naive,1,-0.490629,0.347283,0.071106
aaaaahzi_s001_t000,broadband,10.0,naive,0,1.500579,0.770978,0.776982
aaaaahzm_s001_t001,broadband,10.0,naive,0,-0.230095,0.403809,0.234751
aaaaahzq_s001_t000,broadband,10.0,naive,0,-2.072315,0.109444,0.159279
aaaaahzs_s001_t001,broadband,10.0,naive,0,-0.331589,0.381390,1.138734
aaaaaiae_s001_t000,broadband,10.0,naive,0,1.559533,0.780480,0.023365
aaaaaibx_s001_t000,broadband,10.0,naive,0,1.576399,0.783145,0.141516
aaaaaiby_s001_t000,broadband,10.0,naive,0,-1.216882,0.213514,1.530522
aaaaaici_s001_t000,broadband,10.0,naive,0,-1.930658,0.122907,7.162092
aaaaaicn_s001_t000,broadband,10.0,naive,0,1.043976,0.688003,1.279855
aaaaaijh_s002_t000,broadband,10.0,naive,1,0.885390,0.655628,0.953203
aaaaaijn_s001_t001,broadband,10.0,naive,0,0.151768,0.491045,0.504740
aaaaairb_s001_t001,broadband,10.0,naive,0,1.390550,0.752483,0.310225
aaaaairo_s001_t000,broadband,10.0,naive,0,0.536960,0.579581,1.429955
aaaaaitt_s001_t000,broadband,10.0,naive,0,0.294383,0.524058,1.353976
aaaaaiue_s004_t000,broadband,10.0,naive,1,1.002772,0.679751,1.632240
aaaaaiuo_s002_t000,broadband,10.0,naive,0,2.736248,0.913622,0.658969
aaaaaiwz_s001_t001,broadband,10.0,naive,0,-1.555625,0.165520,0.827929
aaaaaiyy_s001_t001,broadband,10.0,naive,0,-2.669480,0.066007,0.588149
aaaaaizd_s001_t001,broadband,10.0,naive,0,0.807389,0.639133,1.907534
aaaaaizs_s001_t000,broadband,10.0,naive,0,1.427007,0.758721,1.157202
aaaaajae_s001_t001,broadband,10.0,naive,0,5.159925,0.990090,1.999891
aaaaajah_s002_t001,broadband,10.0,naive,1,0.636736,0.601926,1.127594
aaaaajah_s004_t000,broadband,10.0,naive,1,1.421731,0.757825,1.681398
aaaaajal_s001_t001,broadband,10.0,naive,0,-3.819362,0.023775,0.441473
aaaaajam_s001_t000,broadband,10.0,naive,1,-0.764197,0.292254,0.235040
aaaaajar_s001_t001,broadband,10.0,naive,0,-0.519798,0.341183,0.190658
aaaaajbb_s001_t000,broadband,10.0,naive,0,2.464201,0.891546,0.350579
aaaaajbh_s002_t000,broadband,10.0,naive,0,-3.125134,0.044283,0.494842
aaaaajce_s001_t000,broadband,10.0,naive,0,0.293034,0.523746,0.892278
aaaaajci_s001_t000,broadband,10.0,naive,0,1.469976,0.765933,0.129853
aaaaajck_s001_t000,broadband,10.0,naive,0,-3.651181,0.027673,0.183188
aaaaajct_s001_t000,broadband,10.0,naive,0,1.406744,0.755267,0.345662
aaaaajcu_s001_t000,broadband,10.0,naive,0,1.753969,0.809784,1.631213
aaaaajda_s001_t000,broadband,10.0,naive,0,-0.534754,0.338075,1.251071
aaaaajdb_s001_t000,broadband,10.0,naive,0,1.575778,0.783047,0.055019
aaaaajdv_s001_t000,broadband,10.0,naive,0,2.573804,0.900982,1.685524
aaaaajdy_s001_t000,broadband,10.0,naive,0,-0.292033,0.390073,0.641236
aaaaajdz_s001_t000,broadband,10.0,naive,0,-1.362235,0.191771,1.318164
aaaaajea_s001_t000,broadband,10.0,naive,0,2.747801,0.914463,0.654057
aaaaajen_s001_t000,broadband,10.0,naive,0,1.074229,0.693988,0.302084
aaaaajey_s001_t000,broadband,10.0,naive,0,-0.405088,0.365458,0.551410
aaaaajfb_s001_t000,broadband,10.0,naive,0,0.089589,0.476659,1.457485
aaaaajfe_s001_t000,broadband,10.0,naive,0,0.719394,0.620125,0.788782
aaaaajff_s001_t000,broadband,10.0,naive,0,-3.269055,0.038970,0.589481
aaaaajfi_s001_t001,broadband,10.0,naive,0,-0.624674,0.319690,0.712645
aaaaajfn_s001_t001,broadband,10.0,naive,0,-2.288034,0.091430,2.300809
aaaaajfy_s001_t000,broadband,10.0,naive,0,-3.932580,0.021458,0.323011
aaaaajga_s001_t001,broadband,10.0,naive,0,0.568186,0.586614,3.970865
aaaaajhy_s001_t000,broadband,10.0,naive,0,-1.618588,0.157619,2.697025
aaaaajit_s001_t001,broadband,10.0,naive,0,-3.821971,0.023719,0.837851
aaaaajiu_s001_t000,broadband,10.0,naive,0,1.002870,0.679771,2.788230
aaaaajiy_s001_t001,broadband,10.0,naive,0,0.236829,0.510744,1.172700
aaaaajiz_s001_t000,broadband,10.0,naive,0,0.773375,0.631834,1.536870
aaaaajjb_s001_t001,broadband,10.0,naive,0,1.714373,0.804069,2.328479
aaaaajje_s001_t000,broadband,10.0,naive,0,0.424007,0.553891,2.235681
aaaaajjk_s001_t000,broadband,10.0,naive,0,0.958073,0.670669,2.134961
aaaaajna_s001_t000,broadband,10.0,naive,0,0.754239,0.627700,0.980016
aaaaajnu_s001_t000,broadband,10.0,naive,0,-1.262622,0.206484,4.709388
aaaaajon_s001_t000,broadband,10.0,naive,0,1.225566,0.722930,0.420291
aaaaajoo_s002_t001,broadband,10.0,naive,1,1.149529,0.708600,0.746329
aaaaajpg_s001_t001,broadband,10.0,naive,0,-2.232874,0.095765,0.298229
aaaaajqh_s004_t000,broadband,10.0,naive,1,3.085143,0.935952,1.560064
aaaaajqk_s003_t001,broadband,10.0,naive,1,4.868554,0.987058,0.622579
aaaaajrf_s001_t000,broadband,10.0,naive,1,1.861784,0.824697,0.840889
aaaaajrf_s002_t000,broadband,10.0,naive,1,3.244343,0.944246,0.885780
aaaaajrf_s003_t002,broadband,10.0,naive,1,7.721943,0.999069,1.078781
aaaaajrf_s004_t000,broadband,10.0,naive,1,1.792348,0.815201,0.094868
aaaaajso_s001_t000,broadband,10.0,naive,1,1.875239,0.826492,0.640832
aaaaajtg_s001_t000,broadband,10.0,naive,0,1.170528,0.712601,1.143340
aaaaajtu_s001_t000,broadband,10.0,naive,0,1.235498,0.724770,0.961222
aaaaajuh_s001_t000,broadband,10.0,naive,1,4.390944,0.979999,1.350176
aaaaajun_s001_t000,broadband,10.0,naive,0,1.963595,0.837919,0.517905
aaaaajvh_s001_t001,broadband,10.0,naive,0,0.294456,0.524075,0.543116
aaaaajxp_s001_t000,broadband,10.0,naive,0,1.201758,0.718490,1.278080
aaaaakck_s001_t001,broadband,10.0,naive,1,2.323794,0.878313,0.205556
aaaaakcx_s001_t001,broadband,10.0,naive,1,7.980010,0.999267,0.993357
aaaaakcy_s005_t001,broadband,10.0,naive,1,7.054377,0.998273,0.253035
aaaaakdj_s001_t000,broadband,10.0,naive,1,1.162489,0.711074,1.144318
aaaaakdo_s001_t000,broadband,10.0,naive,1,0.577597,0.588727,3.016175
aaaaakeq_s001_t000,broadband,10.0,naive,1,1.808578,0.817456,0.940575
aaaaakeq_s002_t000,broadband,10.0,naive,1,2.102665,0.854666,1.451812
aaaaakeq_s003_t000,broadband,10.0,naive,1,2.998614,0.930975,1.387596
aaaaakev_s001_t001,broadband,10.0,naive,1,5.902448,0.994994,0.714603
aaaaakev_s002_t000,broadband,10.0,naive,1,3.317038,0.947687,1.719633
aaaaakft_s001_t000,broadband,10.0,naive,0,0.373878,0.542388,1.947717
aaaaakgp_s001_t001,broadband,10.0,naive,0,0.983019,0.675754,2.651787
aaaaakgu_s001_t000,broadband,10.0,naive,1,-1.573993,0.163182,0.209248
aaaaakjk_s002_t002,broadband,10.0,naive,1,1.967467,0.838406,0.833763
aaaaakjk_s003_t000,broadband,10.0,naive,1,2.754348,0.914936,0.330693
aaaaakka_s001_t001,broadband,10.0,naive,0,-0.852475,0.275628,0.725922
aaaaakmg_s003_t001,broadband,10.0,naive,1,3.220838,0.943088,0.443718
aaaaakmh_s001_t000,broadband,10.0,naive,1,1.385941,0.751687,0.807224
aaaaaknt_s001_t000,broadband,10.0,naive,1,3.916846,0.969306,0.930519
aaaaakoo_s001_t001,broadband,10.0,naive,1,5.546966,0.993055,0.311194
aaaaakqg_s001_t001,broadband,10.0,naive,0,-1.450863,0.179365,2.087288
aaaaakqr_s001_t000,broadband,10.0,naive,0,-1.864188,0.129701,0.220830
aaaaakrt_s001_t001,broadband,10.0,naive,1,6.354618,0.996702,0.473137
aaaaakrt_s002_t001,broadband,10.0,naive,1,7.012544,0.998204,0.748084
aaaaaksb_s001_t000,broadband,10.0,naive,0,-1.249388,0.208500,0.682340
aaaaaksu_s001_t001,broadband,10.0,naive,0,1.208691,0.719788,0.394393
aaaaakxz_s001_t001,broadband,10.0,naive,1,3.684549,0.962213,1.026996
aaaaakxz_s002_t001,broadband,10.0,naive,1,3.677672,0.961981,0.395200
aaaaalaf_s001_t000,broadband,10.0,naive,0,-2.579202,0.071355,0.652941
aaaaalau_s001_t000,broadband,10.0,naive,1,2.617692,0.904551,0.331273
aaaaalbh_s001_t000,broadband,10.0,naive,1,2.177810,0.863102,0.804190
aaaaalbt_s001_t001,broadband,10.0,naive,0,0.146533,0.489832,0.901454
aaaaalbt_s002_t000,broadband,10.0,naive,0,1.415160,0.756706,0.409603
aaaaalbz_s006_t000,broadband,10.0,naive,1,2.151517,0.860198,0.557493
aaaaalid_s001_t001,broadband,10.0,naive,0,0.584626,0.590303,1.970651
aaaaaljf_s001_t000,broadband,10.0,naive,1,2.536310,0.897839,1.399773
aaaaaljj_s001_t000,broadband,10.0,naive,0,-3.031023,0.048123,1.268487
aaaaallc_s001_t001,broadband,10.0,naive,0,0.800762,0.637716,0.738835
aaaaalle_s002_t000,broadband,10.0,naive,1,1.748363,0.808983,0.390712
aaaaalox_s001_t001,broadband,10.0,naive,0,3.575932,0.958379,0.925265
aaaaalpv_s001_t000,broadband,10.0,naive,0,1.231968,0.724117,1.488741
aaaaalqa_s001_t000,broadband,10.0,naive,0,-0.369430,0.373153,1.343753
aaaaalqr_s001_t001,broadband,10.0,naive,1,0.759940,0.628933,1.234209
aaaaalqs_s001_t001,broadband,10.0,naive,0,-2.033150,0.113031,0.594995
aaaaalqx_s001_t000,broadband,10.0,naive,0,0.691855,0.614096,1.077917
aaaaalrc_s002_t000,broadband,10.0,naive,1,10.808293,0.999947,0.161655
aaaaalsq_s001_t000,broadband,10.0,naive,0,2.205657,0.866122,0.216094
aaaaalsx_s001_t000,broadband,10.0,naive,1,0.728456,0.622101,0.978481
aaaaalsx_s004_t001,broadband,10.0,naive,1,1.342046,0.744019,0.141540
aaaaaluz_s001_t001,broadband,10.0,naive,0,-3.834015,0.023462,0.231722
aaaaalvw_s001_t000,broadband,10.0,naive,0,0.632922,0.601079,0.894461
aaaaalvz_s001_t000,broadband,10.0,naive,1,7.364921,0.998704,0.376366
aaaaalxk_s001_t000,broadband,10.0,naive,0,1.828625,0.820211,0.451899
aaaaalyr_s001_t000,broadband,10.0,naive,1,2.363408,0.882181,0.190844
aaaaalzk_s002_t001,broadband,10.0,naive,1,7.545467,0.998903,1.356656
aaaaamcb_s001_t001,broadband,10.0,naive,1,6.995113,0.998175,1.261189
aaaaamfe_s001_t001,broadband,10.0,naive,0,0.307726,0.527141,0.764342
aaaaamft_s001_t001,broadband,10.0,naive,1,2.278080,0.873713,1.267191
aaaaamfu_s001_t000,broadband,10.0,naive,0,0.456320,0.561276,0.408228
aaaaamhi_s001_t000,broadband,10.0,naive,1,4.379376,0.979788,4.548501
aaaaamhk_s001_t000,broadband,10.0,naive,1,6.024301,0.995526,0.391168
aaaaamjc_s001_t001,broadband,10.0,naive,1,7.687048,0.999038,0.455221
aaaaammh_s001_t001,broadband,10.0,naive,1,3.298881,0.946847,0.308421
aaaaamnq_s001_t000,broadband,10.0,naive,1,5.215779,0.990585,1.636689
aaaaamnq_s002_t000,broadband,10.0,naive,1,3.729293,0.963692,0.052176
aaaaamon_s001_t000,broadband,10.0,naive,0,-0.210850,0.408108,2.951059
aaaaampz_s001_t000,broadband,10.0,naive,1,1.799460,0.816192,1.026575
aaaaamrj_s001_t000,broadband,10.0,naive,0,2.178103,0.863134,0.561729
aaaaamsc_s001_t000,broadband,10.0,naive,1,6.126596,0.995929,0.314722
aaaaamtb_s001_t000,broadband,10.0,naive,0,2.309641,0.876904,0.095646
aaaaamuc_s001_t000,broadband,10.0,naive,0,-0.343472,0.378795,0.307332
aaaaamxn_s001_t000,broadband,10.0,naive,1,0.113977,0.482298,0.668667
aaaaamyb_s001_t001,broadband,10.0,naive,0,1.024286,0.684074,0.166676
aaaaamye_s001_t000,broadband,10.0,naive,1,7.473966,0.998828,0.239241
aaaaamzi_s001_t001,broadband,10.0,naive,1,5.265472,0.991005,0.591573
aaaaamzl_s001_t000,broadband,10.0,naive,0,-2.031368,0.113197,0.775234
aaaaamzx_s001_t000,broadband,10.0,naive,0,-2.521834,0.074958,1.647711
aaaaanbq_s001_t000,broadband,10.0,naive,0,0.831092,0.644183,0.411792
aaaaanek_s001_t000,broadband,10.0,naive,0,-3.080539,0.046065,0.193309
aaaaangp_s001_t000,broadband,10.0,naive,0,0.981113,0.675367,0.144141
aaaaanhb_s001_t003,broadband,10.0,naive,1,2.786068,0.917196,0.731902
aaaaanhb_s003_t001,broadband,10.0,naive,1,2.286990,0.874621,0.036853
aaaaanhb_s005_t000,broadband,10.0,naive,1,4.723455,0.985223,0.262618
aaaaankf_s001_t000,broadband,10.0,naive,1,3.708096,0.962999,0.566178
aaaaanlp_s001_t000,broadband,10.0,naive,0,-0.841778,0.277611,0.733709
aaaaanmc_s001_t000,broadband,10.0,naive,1,7.674068,0.999026,2.532953
aaaaanop_s001_t000,broadband,10.0,naive,0,1.972457,0.839031,0.086371
aaaaanoz_s001_t000,broadband,10.0,naive,1,1.848718,0.822940,0.253341
aaaaanpr_s001_t002,broadband,10.0,naive,1,4.961022,0.988108,3.542546
aaaaanqe_s001_t000,broadband,10.0,naive,0,-0.698696,0.304962,1.240346
aaaaanro_s001_t000,broadband,10.0,naive,1,3.407809,0.951703,1.330833
aaaaansj_s001_t000,broadband,10.0,naive,1,1.653718,0.795064,0.644277
aaaaanta_s001_t000,broadband,10.0,naive,1,5.110992,0.989635,2.901777
aaaaanum_s001_t000,broadband,10.0,naive,0,0.576627,0.588509,1.578834
aaaaanvb_s002_t000,broadband,10.0,naive,0,-1.321348,0.197711,0.277899
aaaaanvg_s001_t002,broadband,10.0,naive,0,3.554667,0.957586,1.053963
aaaaanvw_s001_t000,broadband,10.0,naive,0,-3.288537,0.038300,1.280055
aaaaanwc_s001_t001,broadband,10.0,naive,1,4.875919,0.987145,4.523589
aaaaanxl_s001_t000,broadband,10.0,naive,1,2.486981,0.893570,0.973493
aaaaanyb_s001_t001,broadband,10.0,naive,0,1.298789,0.736312,0.728358
aaaaanyt_s002_t000,broadband,10.0,naive,1,0.250656,0.513945,2.411459
aaaaanyw_s001_t000,broadband,10.0,naive,1,3.052819,0.934133,0.154515
aaaaanyw_s002_t000,broadband,10.0,naive,1,3.500823,0.955513,1.271523
aaaaanzh_s001_t000,broadband,10.0,naive,1,1.080827,0.695285,2.613592
aaaaanzu_s001_t003,broadband,10.0,naive,1,2.064671,0.850238,3.098326
aaaaaoav_s001_t000,broadband,10.0,naive,0,-2.699697,0.064302,0.120571
aaaaaoav_s002_t000,broadband,10.0,naive,0,-1.898243,0.126181,0.256890
aaaaaobi_s001_t000,broadband,10.0,naive,1,1.769083,0.811932,1.198046
aaaaaobl_s001_t000,broadband,10.0,naive,0,1.117662,0.702467,0.654107
aaaaaoby_s001_t000,broadband,10.0,naive,0,0.424772,0.554066,2.727670
aaaaaoda_s001_t000,broadband,10.0,naive,1,5.670568,0.993802,2.371281
aaaaaoeg_s001_t000,broadband,10.0,naive,0,1.795545,0.815647,0.505538
aaaaaofj_s001_t000,broadband,10.0,naive,0,-0.238323,0.401975,0.938841
aaaaaofr_s001_t000,broadband,10.0,naive,0,4.165947,0.975477,0.860507
aaaaaofz_s001_t000,broadband,10.0,naive,0,1.415366,0.756741,1.022411
aaaaaohb_s001_t000,broadband,10.0,naive,1,2.305316,0.876471,0.113250
aaaaaohr_s002_t001,broadband,10.0,naive,1,6.507396,0.997136,0.161012
aaaaaoiq_s001_t000,broadband,10.0,naive,1,2.332699,0.879192,0.228221
aaaaaoiv_s001_t000,broadband,10.0,naive,1,1.430057,0.759238,0.098816
aaaaaoiv_s002_t001,broadband,10.0,naive,1,7.496422,0.998852,0.573511
aaaaaoiv_s003_t003,broadband,10.0,naive,1,6.702075,0.997607,0.085019
aaaaaojd_s001_t002,broadband,10.0,naive,0,0.853702,0.648970,1.852599
aaaaaokg_s001_t000,broadband,10.0,naive,0,2.525069,0.896880,0.373604
aaaaaoly_s001_t000,broadband,10.0,naive,0,1.158270,0.710270,0.981539
aaaaaome_s001_t000,broadband,10.0,naive,0,0.545243,0.581450,0.665788
aaaaaomx_s001_t000,broadband,10.0,naive,0,1.280001,0.732918,0.376100
aaaaaomy_s001_t000,broadband,10.0,naive,1,2.783619,0.917023,0.862838
aaaaaonb_s001_t000,broadband,10.0,naive,0,1.749469,0.809141,1.319161
aaaaaons_s002_t002,broadband,10.0,naive,1,2.562360,0.900032,0.069034
aaaaaopd_s001_t000,broadband,10.0,naive,0,0.040926,0.465425,1.734327
aaaaaopo_s001_t000,broadband,10.0,naive,0,-1.917785,0.124198,0.073403
aaaaaora_s002_t000,broadband,10.0,naive,1,3.338810,0.948678,0.500007
aaaaaord_s001_t000,broadband,10.0,naive,1,2.356784,0.881542,0.999775
aaaaaosh_s001_t000,broadband,10.0,naive,1,2.281952,0.874108,1.048787
aaaaaosw_s001_t000,broadband,10.0,naive,0,1.845340,0.822483,2.826241
aaaaaote_s001_t000,broadband,10.0,naive,0,0.205803,0.503559,0.681014
aaaaaout_s001_t000,broadband,10.0,naive,1,2.914218,0.925778,2.375282
aaaaaovl_s001_t000,broadband,10.0,naive,1,3.939356,0.969920,0.109926
aaaaaovo_s001_t000,broadband,10.0,naive,1,7.435044,0.998785,0.110342
aaaaaowb_s001_t000,broadband,10.0,naive,0,1.348392,0.745137,1.900002
aaaaaoxf_s001_t000,broadband,10.0,naive,0,-1.366296,0.191188,0.687793
aaaaaozf_s001_t001,broadband,10.0,naive,0,0.271664,0.518806,2.643364
aaaaapag_s001_t000,broadband,10.0,naive,0,-2.931368,0.052533,6.761574
aaaaapar_s001_t000,broadband,10.0,naive,1,9.502886,0.999821,0.195726
aaaaapcb_s001_t000,broadband,10.0,naive,0,3.014734,0.931929,0.273690
aaaaapcy_s001_t002,broadband,10.0,naive,0,-3.009815,0.049031,0.491896
aaaaapdg_s001_t000,broadband,10.0,naive,0,-0.148599,0.422111,0.485883
aaaaaphs_s001_t000,broadband,10.0,naive,1,2.247586,0.870563,1.150230
aaaaaphw_s001_t000,broadband,10.0,naive,0,2.390044,0.884722,0.697105
aaaaapij_s001_t000,broadband,10.0,naive,0,0.998261,0.678840,0.520526
aaaaapjc_s001_t001,broadband,10.0,naive,0,-1.843278,0.131904,0.119065
aaaaapka_s001_t000,broadband,10.0,naive,0,-0.709365,0.302871,0.608764
aaaaapkx_s001_t001,broadband,10.0,naive,1,-0.341247,0.379281,1.965716
aaaaaply_s001_t001,broadband,10.0,naive,1,3.726751,0.963610,0.742411
aaaaapmb_s002_t001,broadband,10.0,naive,1,4.445808,0.980971,0.078277
aaaaapmp_s001_t000,broadband,10.0,naive,1,1.000787,0.679350,1.560164
aaaaapnr_s001_t000,broadband,10.0,naive,1,1.011916,0.681592,0.365149
aaaaapoc_s001_t000,broadband,10.0,naive,1,2.659242,0.907823,1.981553
aaaaapof_s001_t000,broadband,10.0,naive,0,0.082793,0.475088,0.556030
aaaaapoo_s001_t000,broadband,10.0,naive,0,0.549396,0.582386,0.781992
aaaaapoq_s001_t000,broadband,10.0,naive,0,2.009917,0.843663,1.895245
aaaaappb_s001_t000,broadband,10.0,naive,0,1.335511,0.742864,2.693845
aaaaapqd_s001_t000,broadband,10.0,naive,1,1.107428,0.700481,1.769207
aaaaapqv_s001_t000,broadband,10.0,naive,0,1.062846,0.691744,1.016063
aaaaapta_s001_t000,broadband,10.0,naive,1,2.221800,0.867847,0.544940
aaaaapth_s001_t000,broadband,10.0,naive,1,2.235072,0.869251,2.515049
aaaaapua_s001_t001,broadband,10.0,naive,0,-4.283034,0.015602,0.289485
aaaaapuu_s001_t000,broadband,10.0,naive,0,1.074935,0.694127,0.964848
aaaaapvw_s001_t001,broadband,10.0,naive,1,3.474511,0.954466,1.295283
aaaaapvy_s001_t000,broadband,10.0,naive,1,0.872650,0.652958,2.241896
aaaaapwn_s001_t001,broadband,10.0,naive,0,-0.917351,0.263790,1.672774
aaaaapwo_s001_t001,broadband,10.0,naive,1,8.600950,0.999587,0.394799
aaaaapxm_s001_t001,broadband,10.0,naive,0,-1.667938,0.151642,0.129820
aaaaapys_s001_t001,broadband,10.0,naive,1,10.129184,0.999900,0.068280
aaaaapys_s002_t001,broadband,10.0,naive,1,7.663147,0.999017,1.327447
aaaaaayx_s002_t000,broadband,20.0,canonicalized,0,-0.161661,0.419161,1.174555
aaaaabdo_s003_t000,broadband,20.0,canonicalized,1,7.245464,0.998552,1.739329
aaaaabsk_s007_t000,broadband,20.0,canonicalized,1,1.378139,0.750336,1.385175
aaaaabuv_s002_t000,broadband,20.0,canonicalized,1,2.485951,0.893480,1.163463
aaaaacad_s003_t000,broadband,20.0,canonicalized,0,0.383894,0.544690,0.899330
aaaaacby_s004_t000,broadband,20.0,canonicalized,0,-0.104781,0.432044,0.309035
aaaaaddm_s006_t000,broadband,20.0,canonicalized,1,3.636004,0.960544,3.242060
aaaaadeu_s002_t000,broadband,20.0,canonicalized,1,2.824283,0.919846,1.194681
aaaaadjk_s002_t000,broadband,20.0,canonicalized,0,-2.478000,0.077823,0.414241
aaaaadkb_s002_t000,broadband,20.0,canonicalized,1,6.534791,0.997208,5.707827
aaaaadsm_s002_t001,broadband,20.0,canonicalized,0,-2.224813,0.096414,0.913772
aaaaaeab_s003_t000,broadband,20.0,canonicalized,0,-0.599510,0.324782,0.344405
aaaaaejc_s003_t001,broadband,20.0,canonicalized,0,2.634526,0.905889,0.663402
aaaaaezn_s003_t001,broadband,20.0,canonicalized,1,0.958902,0.670839,5.723126
aaaaafhl_s003_t000,broadband,20.0,canonicalized,1,2.748778,0.914534,0.200189
aaaaagfk_s003_t000,broadband,20.0,canonicalized,0,-1.008413,0.247735,1.483866
aaaaagsc_s003_t001,broadband,20.0,canonicalized,1,4.523599,0.982271,5.633943
aaaaagsc_s006_t001,broadband,20.0,canonicalized,1,1.097868,0.698619,1.198271
aaaaaguk_s002_t001,broadband,20.0,canonicalized,0,-4.134270,0.017866,0.301876
aaaaagvx_s002_t000,broadband,20.0,canonicalized,1,0.466422,0.563579,0.812329
aaaaagvx_s003_t001,broadband,20.0,canonicalized,1,2.040001,0.847305,0.557204
aaaaagyr_s002_t000,broadband,20.0,canonicalized,1,0.462838,0.562762,0.472228
aaaaahie_s005_t001,broadband,20.0,canonicalized,1,7.585766,0.998944,1.985224
aaaaahsv_s002_t000,broadband,20.0,canonicalized,0,-0.634830,0.317647,2.528511
aaaaahte_s002_t000,broadband,20.0,canonicalized,1,8.402817,0.999504,3.141893
aaaaahte_s003_t000,broadband,20.0,canonicalized,1,9.309244,0.999786,0.475618
aaaaahuy_s002_t000,broadband,20.0,canonicalized,1,-1.533550,0.168364,0.076499
aaaaahzi_s001_t000,broadband,20.0,canonicalized,0,-0.645312,0.315546,1.517483
aaaaahzm_s001_t001,broadband,20.0,canonicalized,0,-1.245494,0.209096,1.348082
aaaaahzq_s001_t000,broadband,20.0,canonicalized,0,-3.734187,0.025677,0.034718
aaaaahzs_s001_t001,broadband,20.0,canonicalized,0,-1.042787,0.241848,1.691934
aaaaaiae_s001_t000,broadband,20.0,canonicalized,0,1.202584,0.718645,0.240330
aaaaaibx_s001_t000,broadband,20.0,canonicalized,0,0.367881,0.541008,0.342597
aaaaaiby_s001_t000,broadband,20.0,canonicalized,0,-1.629163,0.156322,1.542496
aaaaaici_s001_t000,broadband,20.0,canonicalized,0,-2.338920,0.087589,5.033929
aaaaaicn_s001_t000,broadband,20.0,canonicalized,0,0.707060,0.617429,2.006447
aaaaaijh_s002_t000,broadband,20.0,canonicalized,1,-1.552414,0.165931,0.491850
aaaaaijn_s001_t001,broadband,20.0,canonicalized,0,-0.240367,0.401520,0.609858
aaaaairb_s001_t001,broadband,20.0,canonicalized,0,-0.070423,0.439871,0.668269
aaaaairo_s001_t000,broadband,20.0,canonicalized,0,-1.555642,0.165517,2.788047
aaaaaitt_s001_t000,broadband,20.0,canonicalized,0,-2.587266,0.070861,3.491334
aaaaaiue_s004_t000,broadband,20.0,canonicalized,1,0.397289,0.547766,4.183549
aaaaaiuo_s002_t000,broadband,20.0,canonicalized,0,2.859424,0.922213,1.111600
aaaaaiwz_s001_t001,broadband,20.0,canonicalized,0,-1.636050,0.155482,0.868738
aaaaaiyy_s001_t001,broadband,20.0,canonicalized,0,-3.128610,0.044147,0.330542
aaaaaizd_s001_t001,broadband,20.0,canonicalized,0,-0.046642,0.445307,4.424479
aaaaaizs_s001_t000,broadband,20.0,canonicalized,0,1.141037,0.706973,1.009080
aaaaajae_s001_t001,broadband,20.0,canonicalized,0,5.308434,0.991353,3.266186
aaaaajah_s002_t001,broadband,20.0,canonicalized,1,0.358472,0.538843,2.062521
aaaaajah_s004_t000,broadband,20.0,canonicalized,1,0.120022,0.483696,2.869357
aaaaajal_s001_t001,broadband,20.0,canonicalized,0,-3.518228,0.031187,0.380680
aaaaajam_s001_t000,broadband,20.0,canonicalized,1,-0.981523,0.252407,0.344999
aaaaajar_s001_t001,broadband,20.0,canonicalized,0,-0.812022,0.283173,0.188656
aaaaajbb_s001_t000,broadband,20.0,canonicalized,0,2.009579,0.843622,0.563443
aaaaajbh_s002_t000,broadband,20.0,canonicalized,0,-3.958034,0.020968,0.253594
aaaaajce_s001_t000,broadband,20.0,canonicalized,0,-1.127858,0.227691,0.358602
aaaaajci_s001_t000,broadband,20.0,canonicalized,0,-0.924214,0.262557,0.885633
aaaaajck_s001_t000,broadband,20.0,canonicalized,0,-4.358120,0.014568,0.033072
aaaaajct_s001_t000,broadband,20.0,canonicalized,0,1.515792,0.773457,2.125850
aaaaajcu_s001_t000,broadband,20.0,canonicalized,0,1.551272,0.779165,2.560341
aaaaajda_s001_t000,broadband,20.0,canonicalized,0,-3.641762,0.027909,0.766907
aaaaajdb_s001_t000,broadband,20.0,canonicalized,0,0.486920,0.568244,2.298094
aaaaajdv_s001_t000,broadband,20.0,canonicalized,0,2.631839,0.905676,3.266273
aaaaajdy_s001_t000,broadband,20.0,canonicalized,0,-2.306935,0.089986,0.440535
aaaaajdz_s001_t000,broadband,20.0,canonicalized,0,-2.005615,0.115614,0.672989
aaaaajea_s001_t000,broadband,20.0,canonicalized,0,2.618747,0.904635,2.348638
aaaaajen_s001_t000,broadband,20.0,canonicalized,0,-0.810279,0.283501,1.872349
aaaaajey_s001_t000,broadband,20.0,canonicalized,0,-0.596765,0.325340,0.494667
aaaaajfb_s001_t000,broadband,20.0,canonicalized,0,-2.802241,0.058817,3.131098
aaaaajfe_s001_t000,broadband,20.0,canonicalized,0,-1.555711,0.165509,0.785258
aaaaajff_s001_t000,broadband,20.0,canonicalized,0,-3.698701,0.026512,0.601322
aaaaajfi_s001_t001,broadband,20.0,canonicalized,0,-1.234480,0.210788,0.328481
aaaaajfn_s001_t001,broadband,20.0,canonicalized,0,-2.762747,0.060876,1.347070
aaaaajfy_s001_t000,broadband,20.0,canonicalized,0,-4.410573,0.013887,0.189030
aaaaajga_s001_t001,broadband,20.0,canonicalized,0,0.410717,0.550846,5.673465
aaaaajhy_s001_t000,broadband,20.0,canonicalized,0,-2.930565,0.052571,3.576068
aaaaajit_s001_t001,broadband,20.0,canonicalized,0,-3.758800,0.025113,0.382986
aaaaajiu_s001_t000,broadband,20.0,canonicalized,0,1.621139,0.790102,4.055957
aaaaajiy_s001_t001,broadband,20.0,canonicalized,0,-0.395843,0.367447,1.418820
aaaaajiz_s001_t000,broadband,20.0,canonicalized,0,-0.425786,0.361023,2.023954
aaaaajjb_s001_t001,broadband,20.0,canonicalized,0,1.500461,0.770959,3.851098
aaaaajje_s001_t000,broadband,20.0,canonicalized,0,-1.856318,0.130527,5.973129
aaaaajjk_s001_t000,broadband,20.0,canonicalized,0,-0.720903,0.300619,1.586595
aaaaajna_s001_t000,broadband,20.0,canonicalized,0,-0.752239,0.294550,2.527188
aaaaajnu_s001_t000,broadband,20.0,canonicalized,0,-2.632483,0.068152,4.452872
aaaaajon_s001_t000,broadband,20.0,canonicalized,0,0.106554,0.480581,1.985985
aaaaajoo_s002_t001,broadband,20.0,canonicalized,1,0.178156,0.497156,2.216620
aaaaajpg_s001_t001,broadband,20.0,canonicalized,0,-2.546829,0.073368,0.423938
aaaaajqh_s004_t000,broadband,20.0,canonicalized,1,6.406769,0.996857,6.289748
aaaaajqk_s003_t001,broadband,20.0,canonicalized,1,4.964554,0.988146,0.766291
aaaaajrf_s001_t000,broadband,20.0,canonicalized,1,4.212081,0.976479,2.601110
aaaaajrf_s002_t000,broadband,20.0,canonicalized,1,6.798581,0.997812,2.858269
aaaaajrf_s003_t002,broadband,20.0,canonicalized,1,9.540731,0.999827,2.376359
aaaaajrf_s004_t000,broadband,20.0,canonicalized,1,2.570692,0.900724,0.188760
aaaaajso_s001_t000,broadband,20.0,canonicalized,1,4.371516,0.979643,2.507615
aaaaajtg_s001_t000,broadband,20.0,canonicalized,0,0.713052,0.618740,3.241241
aaaaajtu_s001_t000,broadband,20.0,canonicalized,0,1.041239,0.687459,1.065416
aaaaajuh_s001_t000,broadband,20.0,canonicalized,1,5.670855,0.993804,3.241050
aaaaajun_s001_t000,broadband,20.0,canonicalized,0,4.063518,0.973101,1.788694
aaaaajvh_s001_t001,broadband,20.0,canonicalized,0,-2.659626,0.066572,0.654674
aaaaajxp_s001_t000,broadband,20.0,canonicalized,0,0.787113,0.634790,1.563295
aaaaakck_s001_t001,broadband,20.0,canonicalized,1,1.981673,0.840181,0.165627
aaaaakcx_s001_t001,broadband,20.0,canonicalized,1,9.172607,0.999757,1.314229
aaaaakcy_s005_t001,broadband,20.0,canonicalized,1,8.178444,0.999390,0.219854
aaaaakdj_s001_t000,broadband,20.0,canonicalized,1,0.495658,0.570229,0.694629
aaaaakdo_s001_t000,broadband,20.0,canonicalized,1,0.422516,0.553549,2.910653
aaaaakeq_s001_t000,broadband,20.0,canonicalized,1,1.470744,0.766061,1.130973
aaaaakeq_s002_t000,broadband,20.0,canonicalized,1,2.582092,0.901665,3.043796
aaaaakeq_s003_t000,broadband,20.0,canonicalized,1,3.422027,0.952305,1.980919
aaaaakev_s001_t001,broadband,20.0,canonicalized,1,7.830497,0.999158,1.896365
aaaaakev_s002_t000,broadband,20.0,canonicalized,1,6.153865,0.996030,3.850233
aaaaakft_s001_t000,broadband,20.0,canonicalized,0,-1.917521,0.124225,2.318981
aaaaakgp_s001_t001,broadband,20.0,canonicalized,0,0.718146,0.619852,2.145217
aaaaakgu_s001_t000,broadband,20.0,canonicalized,1,-1.847826,0.131422,0.254211
aaaaakjk_s002_t002,broadband,20.0,canonicalized,1,2.190113,0.864443,0.780155
aaaaakjk_s003_t000,broadband,20.0,canonicalized,1,2.423902,0.887883,0.350818
aaaaakka_s001_t001,broadband,20.0,canonicalized,0,-1.277505,0.204233,1.109384
aaaaakmg_s003_t001,broadband,20.0,canonicalized,1,5.631446,0.993575,0.996088
aaaaakmh_s001_t000,broadband,20.0,canonicalized,1,1.264758,0.730144,3.778925
aaaaaknt_s001_t000,broadband,20.0,canonicalized,1,3.596117,0.959119,0.648937
aaaaakoo_s001_t001,broadband,20.0,canonicalized,1,7.648227,0.999003,0.670300
aaaaakqg_s001_t001,broadband,20.0,canonicalized,0,-1.395963,0.186974,1.272259
aaaaakqr_s001_t000,broadband,20.0,canonicalized,0,-2.787928,0.059555,0.334538
aaaaakrt_s001_t001,broadband,20.0,canonicalized,1,6.916255,0.998037,0.536639
aaaaakrt_s002_t001,broadband,20.0,canonicalized,1,7.352430,0.998689,0.654537
aaaaaksb_s001_t000,broadband,20.0,canonicalized,0,-2.259653,0.093638,0.471082
aaaaaksu_s001_t001,broadband,20.0,canonicalized,0,0.611692,0.596353,0.809469
aaaaakxz_s001_t001,broadband,20.0,canonicalized,1,4.053940,0.972868,0.894221
aaaaakxz_s002_t001,broadband,20.0,canonicalized,1,4.402658,0.980210,0.551548
aaaaalaf_s001_t000,broadband,20.0,canonicalized,0,-2.427652,0.081238,0.398942
aaaaalau_s001_t000,broadband,20.0,canonicalized,1,4.074947,0.973377,3.322358
aaaaalbh_s001_t000,broadband,20.0,canonicalized,1,2.809646,0.918840,1.187074
aaaaalbt_s001_t001,broadband,20.0,canonicalized,0,-0.658491,0.312915,0.625314
aaaaalbt_s002_t000,broadband,20.0,canonicalized,0,1.077724,0.694675,1.450625
aaaaalbz_s006_t000,broadband,20.0,canonicalized,1,4.353829,0.979313,1.707234
aaaaalid_s001_t001,broadband,20.0,canonicalized,0,0.212368,0.505080,3.078154
aaaaaljf_s001_t000,broadband,20.0,canonicalized,1,4.114774,0.974316,3.293239
aaaaaljj_s001_t000,broadband,20.0,canonicalized,0,-2.946450,0.051842,1.010867
aaaaallc_s001_t001,broadband,20.0,canonicalized,0,-0.055824,0.443206,0.589841
aaaaalle_s002_t000,broadband,20.0,canonicalized,1,2.356996,0.881562,1.997794
aaaaalox_s001_t001,broadband,20.0,canonicalized,0,4.613798,0.983669,1.918448
aaaaalpv_s001_t000,broadband,20.0,canonicalized,0,0.553453,0.583300,3.277747
aaaaalqa_s001_t000,broadband,20.0,canonicalized,0,-0.630329,0.318552,0.824929
aaaaalqr_s001_t001,broadband,20.0,canonicalized,1,0.519415,0.575615,0.548151
aaaaalqs_s001_t001,broadband,20.0,canonicalized,0,-2.178026,0.100257,0.521947
aaaaalqx_s001_t000,broadband,20.0,canonicalized,0,-1.613957,0.158189,1.628791
aaaaalrc_s002_t000,broadband,20.0,canonicalized,1,12.335330,0.999987,0.089004
aaaaalsq_s001_t000,broadband,20.0,canonicalized,0,1.902437,0.830076,0.974375
aaaaalsx_s001_t000,broadband,20.0,canonicalized,1,0.163444,0.493748,1.184737
aaaaalsx_s004_t001,broadband,20.0,canonicalized,1,0.806575,0.638959,0.164604
aaaaaluz_s001_t001,broadband,20.0,canonicalized,0,-3.641003,0.027928,0.270807
aaaaalvw_s001_t000,broadband,20.0,canonicalized,0,-2.198855,0.098530,0.895123
aaaaalvz_s001_t000,broadband,20.0,canonicalized,1,8.634146,0.999600,1.252103
aaaaalxk_s001_t000,broadband,20.0,canonicalized,0,1.532750,0.776199,2.367938
aaaaalyr_s001_t000,broadband,20.0,canonicalized,1,2.160220,0.861165,0.534826
aaaaalzk_s002_t001,broadband,20.0,canonicalized,1,9.217995,0.999767,2.528069
aaaaamcb_s001_t001,broadband,20.0,canonicalized,1,7.956675,0.999251,2.364477
aaaaamfe_s001_t001,broadband,20.0,canonicalized,0,0.013561,0.459123,0.141348
aaaaamft_s001_t001,broadband,20.0,canonicalized,1,2.287265,0.874649,0.644219
aaaaamfu_s001_t000,broadband,20.0,canonicalized,0,-1.720145,0.145524,0.345048
aaaaamhi_s001_t000,broadband,20.0,canonicalized,1,4.564679,0.982922,4.939195
aaaaamhk_s001_t000,broadband,20.0,canonicalized,1,5.642504,0.993640,0.485512
aaaaamjc_s001_t001,broadband,20.0,canonicalized,1,8.520721,0.999555,0.396227
aaaaammh_s001_t001,broadband,20.0,canonicalized,1,3.004900,0.931349,0.517220
aaaaamnq_s001_t000,broadband,20.0,canonicalized,1,7.524750,0.998882,2.343165
aaaaamnq_s002_t000,broadband,20.0,canonicalized,1,4.956526,0.988059,0.357919
aaaaamon_s001_t000,broadband,20.0,canonicalized,0,-0.293001,0.389859,3.014922
aaaaampz_s001_t000,broadband,20.0,canonicalized,1,1.721072,0.805045,3.354054
aaaaamrj_s001_t000,broadband,20.0,canonicalized,0,1.910072,0.831071,0.732707
aaaaamsc_s001_t000,broadband,20.0,canonicalized,1,6.309378,0.996561,0.169101
aaaaamtb_s001_t000,broadband,20.0,canonicalized,0,2.217926,0.867434,0.754447
aaaaamuc_s001_t000,broadband,20.0,canonicalized,0,-1.657606,0.152878,0.224995
aaaaamxn_s001_t000,broadband,20.0,canonicalized,1,-0.204567,0.409515,0.600974
aaaaamyb_s001_t001,broadband,20.0,canonicalized,0,0.303864,0.526249,1.226639
aaaaamye_s001_t000,broadband,20.0,canonicalized,1,9.148736,0.999752,0.284281
aaaaamzi_s001_t001,broadband,20.0,canonicalized,1,6.077440,0.995740,0.711899
aaaaamzl_s001_t000,broadband,20.0,canonicalized,0,-2.332813,0.088042,0.604798
aaaaamzx_s001_t000,broadband,20.0,canonicalized,0,-2.807029,0.058572,2.354618
aaaaanbq_s001_t000,broadband,20.0,canonicalized,0,-0.774225,0.290335,0.362398
aaaaanek_s001_t000,broadband,20.0,canonicalized,0,-3.040265,0.047733,0.054371
aaaaangp_s001_t000,broadband,20.0,canonicalized,0,0.187788,0.499387,0.446541
aaaaanhb_s001_t003,broadband,20.0,canonicalized,1,3.034013,0.933053,1.450902
aaaaanhb_s003_t001,broadband,20.0,canonicalized,1,4.194108,0.976093,0.379304
aaaaanhb_s005_t000,broadband,20.0,canonicalized,1,8.081766,0.999332,0.482341
aaaaankf_s001_t000,broadband,20.0,canonicalized,1,3.722123,0.963459,1.813066
aaaaanlp_s001_t000,broadband,20.0,canonicalized,0,-1.507801,0.171731,0.447356
aaaaanmc_s001_t000,broadband,20.0,canonicalized,1,8.411736,0.999508,3.497083
aaaaanop_s001_t000,broadband,20.0,canonicalized,0,1.856418,0.823977,1.019995
aaaaanoz_s001_t000,broadband,20.0,canonicalized,1,1.276188,0.732226,0.485969
aaaaanpr_s001_t002,broadband,20.0,canonicalized,1,5.539182,0.993005,5.541636
aaaaanqe_s001_t000,broadband,20.0,canonicalized,0,-2.377835,0.084750,0.377931
aaaaanro_s001_t000,broadband,20.0,canonicalized,1,3.388514,0.950875,1.519158
aaaaansj_s001_t000,broadband,20.0,canonicalized,1,2.216446,0.867277,2.473668
aaaaanta_s001_t000,broadband,20.0,canonicalized,1,6.562941,0.997279,4.318415
aaaaanum_s001_t000,broadband,20.0,canonicalized,0,-0.067825,0.440464,1.304839
aaaaanvb_s002_t000,broadband,20.0,canonicalized,0,-1.505276,0.172064,0.193176
aaaaanvg_s001_t002,broadband,20.0,canonicalized,0,2.640408,0.906353,1.318528
aaaaanvw_s001_t000,broadband,20.0,canonicalized,0,-3.093996,0.045520,0.726304
aaaaanwc_s001_t001,broadband,20.0,canonicalized,1,6.268793,0.996430,10.742954
aaaaanxl_s001_t000,broadband,20.0,canonicalized,1,5.022797,0.988762,5.411288
aaaaanyb_s001_t001,broadband,20.0,canonicalized,0,0.990750,0.677321,1.084916
aaaaanyt_s002_t000,broadband,20.0,canonicalized,1,0.558339,0.584400,3.248574
aaaaanyw_s001_t000,broadband,20.0,canonicalized,1,2.673188,0.908899,0.116193
aaaaanyw_s002_t000,broadband,20.0,canonicalized,1,3.590534,0.958916,1.739022
aaaaanzh_s001_t000,broadband,20.0,canonicalized,1,0.011701,0.458695,3.147270
aaaaanzu_s001_t003,broadband,20.0,canonicalized,1,1.687747,0.800153,3.435186
aaaaaoav_s001_t000,broadband,20.0,canonicalized,0,-2.997272,0.049576,0.251738
aaaaaoav_s002_t000,broadband,20.0,canonicalized,0,-2.254373,0.094054,0.495759
aaaaaobi_s001_t000,broadband,20.0,canonicalized,1,1.002886,0.679774,5.295106
aaaaaobl_s001_t000,broadband,20.0,canonicalized,0,0.269160,0.518226,1.985526
aaaaaoby_s001_t000,broadband,20.0,canonicalized,0,-0.363831,0.374367,3.331551
aaaaaoda_s001_t000,broadband,20.0,canonicalized,1,8.292487,0.999451,5.727606
aaaaaoeg_s001_t000,broadband,20.0,canonicalized,0,1.494957,0.770057,0.705126
aaaaaofj_s001_t000,broadband,20.0,canonicalized,0,-2.527763,0.074578,0.364932
aaaaaofr_s001_t000,broadband,20.0,canonicalized,0,3.466890,0.954158,1.513682
aaaaaofz_s001_t000,broadband,20.0,canonicalized,0,0.625617,0.599455,1.181299
aaaaaohb_s001_t000,broadband,20.0,canonicalized,1,1.862550,0.824799,0.193201
aaaaaohr_s002_t001,broadband,20.0,canonicalized,1,6.509430,0.997141,0.352516
aaaaaoiq_s001_t000,broadband,20.0,canonicalized,1,2.140531,0.858969,0.383325
aaaaaoiv_s001_t000,broadband,20.0,canonicalized,1,0.871704,0.652760,0.104578
aaaaaoiv_s002_t001,broadband,20.0,canonicalized,1,8.645538,0.999604,0.969353
aaaaaoiv_s003_t003,broadband,20.0,canonicalized,1,6.836433,0.997887,0.063481
aaaaaojd_s001_t002,broadband,20.0,canonicalized,0,0.371664,0.541878,2.175735
aaaaaokg_s001_t000,broadband,20.0,canonicalized,0,3.933712,0.969767,2.175585
aaaaaoly_s001_t000,broadband,20.0,canonicalized,0,0.890998,0.656801,2.360612
aaaaaome_s001_t000,broadband,20.0,canonicalized,0,-1.531801,0.168591,0.486547
aaaaaomx_s001_t000,broadband,20.0,canonicalized,0,0.737854,0.624145,1.546496
aaaaaomy_s001_t000,broadband,20.0,canonicalized,1,4.158526,0.975312,4.021000
aaaaaonb_s001_t000,broadband,20.0,canonicalized,0,0.897463,0.658149,1.799958
aaaaaons_s002_t002,broadband,20.0,canonicalized,1,5.037958,0.988917,0.216970
aaaaaopd_s001_t000,broadband,20.0,canonicalized,0,-0.829641,0.279872,3.413281
aaaaaopo_s001_t000,broadband,20.0,canonicalized,0,-2.144904,0.103059,0.123960
aaaaaora_s002_t000,broadband,20.0,canonicalized,1,2.415893,0.887142,0.612275
aaaaaord_s001_t000,broadband,20.0,canonicalized,1,2.054598,0.849046,0.578725
aaaaaosh_s001_t000,broadband,20.0,canonicalized,1,1.533439,0.776309,1.193442
aaaaaosw_s001_t000,broadband,20.0,canonicalized,0,1.541140,0.777546,4.246213
aaaaaote_s001_t000,broadband,20.0,canonicalized,0,-0.857989,0.274609,0.870583
aaaaaout_s001_t000,broadband,20.0,canonicalized,1,2.712623,0.911879,2.336635
aaaaaovl_s001_t000,broadband,20.0,canonicalized,1,4.141596,0.974931,0.158794
aaaaaovo_s001_t000,broadband,20.0,canonicalized,1,8.341434,0.999475,0.193157
aaaaaowb_s001_t000,broadband,20.0,canonicalized,0,0.363134,0.539916,1.133696
aaaaaoxf_s001_t000,broadband,20.0,canonicalized,0,-1.513017,0.171044,0.689139
aaaaaozf_s001_t001,broadband,20.0,canonicalized,0,-0.501346,0.345035,1.977804
aaaaapag_s001_t000,broadband,20.0,canonicalized,0,-2.928082,0.052685,2.923666
aaaaapar_s001_t000,broadband,20.0,canonicalized,1,10.845665,0.999948,0.258668
aaaaapcb_s001_t000,broadband,20.0,canonicalized,0,3.270227,0.945495,0.195603
aaaaapcy_s001_t002,broadband,20.0,canonicalized,0,-3.290275,0.038241,0.288545
aaaaapdg_s001_t000,broadband,20.0,canonicalized,0,-2.448254,0.079824,0.272939
aaaaaphs_s001_t000,broadband,20.0,canonicalized,1,3.318552,0.947757,1.824863
aaaaaphw_s001_t000,broadband,20.0,canonicalized,0,1.864736,0.825092,0.955228
aaaaapij_s001_t000,broadband,20.0,canonicalized,0,0.389225,0.545915,1.056975
aaaaapjc_s001_t001,broadband,20.0,canonicalized,0,-4.994374,0.008133,0.310843
aaaaapka_s001_t000,broadband,20.0,canonicalized,0,-1.136426,0.226298,0.420451
aaaaapkx_s001_t001,broadband,20.0,canonicalized,1,-2.474468,0.078058,4.303790
aaaaaply_s001_t001,broadband,20.0,canonicalized,1,3.381466,0.950569,3.402431
aaaaapmb_s002_t001,broadband,20.0,canonicalized,1,6.256116,0.996388,0.435474
aaaaapmp_s001_t000,broadband,20.0,canonicalized,1,0.105889,0.480427,1.495356
aaaaapnr_s001_t000,broadband,20.0,canonicalized,1,-0.666664,0.311289,1.865532
aaaaapoc_s001_t000,broadband,20.0,canonicalized,1,5.096957,0.989501,3.310825
aaaaapof_s001_t000,broadband,20.0,canonicalized,0,-2.953063,0.051542,0.955856
aaaaapoo_s001_t000,broadband,20.0,canonicalized,0,-2.153124,0.102357,0.945916
aaaaapoq_s001_t000,broadband,20.0,canonicalized,0,1.840939,0.821887,2.394014
aaaaappb_s001_t000,broadband,20.0,canonicalized,0,1.118233,0.702577,3.319258
aaaaapqd_s001_t000,broadband,20.0,canonicalized,1,1.381308,0.750885,2.451936
aaaaapqv_s001_t000,broadband,20.0,canonicalized,0,-0.278698,0.393016,2.821165
aaaaapta_s001_t000,broadband,20.0,canonicalized,1,4.758112,0.985684,1.803218
aaaaapth_s001_t000,broadband,20.0,canonicalized,1,2.508966,0.895492,4.824354
aaaaapua_s001_t001,broadband,20.0,canonicalized,0,-4.040892,0.019449,0.368512
aaaaapuu_s001_t000,broadband,20.0,canonicalized,0,-0.199051,0.410752,1.158263
aaaaapvw_s001_t001,broadband,20.0,canonicalized,1,5.536467,0.992988,2.952340
aaaaapvy_s001_t000,broadband,20.0,canonicalized,1,1.019572,0.683130,3.579884
aaaaapwn_s001_t001,broadband,20.0,canonicalized,0,-1.291389,0.202151,1.755100
aaaaapwo_s001_t001,broadband,20.0,canonicalized,1,8.765570,0.999646,0.551996
aaaaapxm_s001_t001,broadband,20.0,canonicalized,0,-1.955725,0.120425,0.363967
aaaaapys_s001_t001,broadband,20.0,canonicalized,1,11.779016,0.999978,0.238389
aaaaapys_s002_t001,broadband,20.0,canonicalized,1,8.916811,0.999692,4.282664
aaaaaayx_s002_t000,broadband,20.0,naive,0,-0.161661,0.419161,1.174555
aaaaabdo_s003_t000,broadband,20.0,naive,1,7.245464,0.998552,1.739329
aaaaabsk_s007_t000,broadband,20.0,naive,1,1.378139,0.750336,1.385175
aaaaabuv_s002_t000,broadband,20.0,naive,1,2.485951,0.893480,1.163463
aaaaacad_s003_t000,broadband,20.0,naive,0,0.383894,0.544690,0.899330
aaaaacby_s004_t000,broadband,20.0,naive,0,-0.104781,0.432044,0.309035
aaaaaddm_s006_t000,broadband,20.0,naive,1,3.636004,0.960544,3.242060
aaaaadeu_s002_t000,broadband,20.0,naive,1,2.824283,0.919846,1.194681
aaaaadjk_s002_t000,broadband,20.0,naive,0,-2.478000,0.077823,0.414241
aaaaadkb_s002_t000,broadband,20.0,naive,1,6.534791,0.997208,5.707827
aaaaadsm_s002_t001,broadband,20.0,naive,0,-2.224813,0.096414,0.913772
aaaaaeab_s003_t000,broadband,20.0,naive,0,-0.599510,0.324782,0.344405
aaaaaejc_s003_t001,broadband,20.0,naive,0,2.634526,0.905889,0.663402
aaaaaezn_s003_t001,broadband,20.0,naive,1,0.958902,0.670839,5.723126
aaaaafhl_s003_t000,broadband,20.0,naive,1,2.748778,0.914534,0.200189
aaaaagfk_s003_t000,broadband,20.0,naive,0,-1.008413,0.247735,1.483866
aaaaagsc_s003_t001,broadband,20.0,naive,1,4.523599,0.982271,5.633943
aaaaagsc_s006_t001,broadband,20.0,naive,1,1.097868,0.698619,1.198271
aaaaaguk_s002_t001,broadband,20.0,naive,0,-4.134270,0.017866,0.301876
aaaaagvx_s002_t000,broadband,20.0,naive,1,0.466422,0.563579,0.812329
aaaaagvx_s003_t001,broadband,20.0,naive,1,2.040001,0.847305,0.557204
aaaaagyr_s002_t000,broadband,20.0,naive,1,0.462838,0.562762,0.472228
aaaaahie_s005_t001,broadband,20.0,naive,1,7.585766,0.998944,1.985224
aaaaahsv_s002_t000,broadband,20.0,naive,0,-0.634830,0.317647,2.528511
aaaaahte_s002_t000,broadband,20.0,naive,1,8.402817,0.999504,3.141893
aaaaahte_s003_t000,broadband,20.0,naive,1,9.309244,0.999786,0.475618
aaaaahuy_s002_t000,broadband,20.0,naive,1,-1.533550,0.168364,0.076499
aaaaahzi_s001_t000,broadband,20.0,naive,0,-0.645312,0.315546,1.517483
aaaaahzm_s001_t001,broadband,20.0,naive,0,-1.245494,0.209096,1.348082
aaaaahzq_s001_t000,broadband,20.0,naive,0,-3.734187,0.025677,0.034718
aaaaahzs_s001_t001,broadband,20.0,naive,0,-1.042787,0.241848,1.691934
aaaaaiae_s001_t000,broadband,20.0,naive,0,1.202584,0.718645,0.240330
aaaaaibx_s001_t000,broadband,20.0,naive,0,0.367881,0.541008,0.342597
aaaaaiby_s001_t000,broadband,20.0,naive,0,-1.629163,0.156322,1.542496
aaaaaici_s001_t000,broadband,20.0,naive,0,-2.338920,0.087589,5.033929
aaaaaicn_s001_t000,broadband,20.0,naive,0,0.707060,0.617429,2.006447
aaaaaijh_s002_t000,broadband,20.0,naive,1,-1.552414,0.165931,0.491850
aaaaaijn_s001_t001,broadband,20.0,naive,0,-0.240367,0.401520,0.609858
aaaaairb_s001_t001,broadband,20.0,naive,0,-0.070423,0.439871,0.668269
aaaaairo_s001_t000,broadband,20.0,naive,0,-1.555642,0.165517,2.788047
aaaaaitt_s001_t000,broadband,20.0,naive,0,-2.587266,0.070861,3.491334
aaaaaiue_s004_t000,broadband,20.0,naive,1,0.397289,0.547766,4.183549
aaaaaiuo_s002_t000,broadband,20.0,naive,0,2.859424,0.922213,1.111600
aaaaaiwz_s001_t001,broadband,20.0,naive,0,-1.636050,0.155482,0.868738
aaaaaiyy_s001_t001,broadband,20.0,naive,0,-3.128610,0.044147,0.330542
aaaaaizd_s001_t001,broadband,20.0,naive,0,-0.046642,0.445307,4.424479
aaaaaizs_s001_t000,broadband,20.0,naive,0,1.141037,0.706973,1.009080
aaaaajae_s001_t001,broadband,20.0,naive,0,5.308434,0.991353,3.266186
aaaaajah_s002_t001,broadband,20.0,naive,1,0.358472,0.538843,2.062521
aaaaajah_s004_t000,broadband,20.0,naive,1,0.120022,0.483696,2.869357
aaaaajal_s001_t001,broadband,20.0,naive,0,-3.518228,0.031187,0.380680
aaaaajam_s001_t000,broadband,20.0,naive,1,-0.981523,0.252407,0.344999
aaaaajar_s001_t001,broadband,20.0,naive,0,-0.812022,0.283173,0.188656
aaaaajbb_s001_t000,broadband,20.0,naive,0,2.009579,0.843622,0.563443
aaaaajbh_s002_t000,broadband,20.0,naive,0,-3.958034,0.020968,0.253594
aaaaajce_s001_t000,broadband,20.0,naive,0,-1.127858,0.227691,0.358602
aaaaajci_s001_t000,broadband,20.0,naive,0,-0.924214,0.262557,0.885633
aaaaajck_s001_t000,broadband,20.0,naive,0,-4.358120,0.014568,0.033072
aaaaajct_s001_t000,broadband,20.0,naive,0,1.515792,0.773457,2.125850
aaaaajcu_s001_t000,broadband,20.0,naive,0,1.551272,0.779165,2.560341
aaaaajda_s001_t000,broadband,20.0,naive,0,-3.641762,0.027909,0.766907
aaaaajdb_s001_t000,broadband,20.0,naive,0,0.486920,0.568244,2.298094
aaaaajdv_s001_t000,broadband,20.0,naive,0,2.631839,0.905676,3.266273
aaaaajdy_s001_t000,broadband,20.0,naive,0,-2.306935,0.089986,0.440535
aaaaajdz_s001_t000,broadband,20.0,naive,0,-2.005615,0.115614,0.672989
aaaaajea_s001_t000,broadband,20.0,naive,0,2.618747,0.904635,2.348638
aaaaajen_s001_t000,broadband,20.0,naive,0,-0.810279,0.283501,1.872349
aaaaajey_s001_t000,broadband,20.0,naive,0,-0.596765,0.325340,0.494667
aaaaajfb_s001_t000,broadband,20.0,naive,0,-2.802241,0.058817,3.131098
aaaaajfe_s001_t000,broadband,20.0,naive,0,-1.555711,0.165509,0.785258
aaaaajff_s001_t000,broadband,20.0,naive,0,-3.698701,0.026512,0.601322
aaaaajfi_s001_t001,broadband,20.0,naive,0,-1.234480,0.210788,0.328481
aaaaajfn_s001_t001,broadband,20.0,naive,0,-2.762747,0.060876,1.347070
aaaaajfy_s001_t000,broadband,20.0,naive,0,-4.410573,0.013887,0.189030
aaaaajga_s001_t001,broadband,20.0,naive,0,0.410717,0.550846,5.673465
aaaaajhy_s001_t000,broadband,20.0,naive,0,-2.930565,0.052571,3.576068
aaaaajit_s001_t001,broadband,20.0,naive,0,-3.758800,0.025113,0.382986
aaaaajiu_s001_t000,broadband,20.0,naive,0,1.621139,0.790102,4.055957
aaaaajiy_s001_t001,broadband,20.0,naive,0,-0.395843,0.367447,1.418820
aaaaajiz_s001_t000,broadband,20.0,naive,0,-0.425786,0.361023,2.023954
aaaaajjb_s001_t001,broadband,20.0,naive,0,1.500461,0.770959,3.851098
aaaaajje_s001_t000,broadband,20.0,naive,0,-1.856318,0.130527,5.973129
aaaaajjk_s001_t000,broadband,20.0,naive,0,-0.720903,0.300619,1.586595
aaaaajna_s001_t000,broadband,20.0,naive,0,-0.752239,0.294550,2.527188
aaaaajnu_s001_t000,broadband,20.0,naive,0,-2.632483,0.068152,4.452872
aaaaajon_s001_t000,broadband,20.0,naive,0,0.106554,0.480581,1.985985
aaaaajoo_s002_t001,broadband,20.0,naive,1,0.178156,0.497156,2.216620
aaaaajpg_s001_t001,broadband,20.0,naive,0,-2.546829,0.073368,0.423938
aaaaajqh_s004_t000,broadband,20.0,naive,1,6.406769,0.996857,6.289748
aaaaajqk_s003_t001,broadband,20.0,naive,1,4.964554,0.988146,0.766291
aaaaajrf_s001_t000,broadband,20.0,naive,1,4.212081,0.976479,2.601110
aaaaajrf_s002_t000,broadband,20.0,naive,1,6.798581,0.997812,2.858269
aaaaajrf_s003_t002,broadband,20.0,naive,1,9.540731,0.999827,2.376359
aaaaajrf_s004_t000,broadband,20.0,naive,1,2.570692,0.900724,0.188760
aaaaajso_s001_t000,broadband,20.0,naive,1,4.371516,0.979643,2.507615
aaaaajtg_s001_t000,broadband,20.0,naive,0,0.713052,0.618740,3.241241
aaaaajtu_s001_t000,broadband,20.0,naive,0,1.041239,0.687459,1.065416
aaaaajuh_s001_t000,broadband,20.0,naive,1,5.670855,0.993804,3.241050
aaaaajun_s001_t000,broadband,20.0,naive,0,4.063518,0.973101,1.788694
aaaaajvh_s001_t001,broadband,20.0,naive,0,-2.659626,0.066572,0.654674
aaaaajxp_s001_t000,broadband,20.0,naive,0,0.787113,0.634790,1.563295
aaaaakck_s001_t001,broadband,20.0,naive,1,1.981673,0.840181,0.165627
aaaaakcx_s001_t001,broadband,20.0,naive,1,9.172607,0.999757,1.314229
aaaaakcy_s005_t001,broadband,20.0,naive,1,8.178444,0.999390,0.219854
aaaaakdj_s001_t000,broadband,20.0,naive,1,0.495658,0.570229,0.694629
aaaaakdo_s001_t000,broadband,20.0,naive,1,0.422516,0.553549,2.910653
aaaaakeq_s001_t000,broadband,20.0,naive,1,1.470744,0.766061,1.130973
aaaaakeq_s002_t000,broadband,20.0,naive,1,2.582092,0.901665,3.043796
aaaaakeq_s003_t000,broadband,20.0,naive,1,3.422027,0.952305,1.980919
aaaaakev_s001_t001,broadband,20.0,naive,1,7.830497,0.999158,1.896365
aaaaakev_s002_t000,broadband,20.0,naive,1,6.153865,0.996030,3.850233
aaaaakft_s001_t000,broadband,20.0,naive,0,-1.917521,0.124225,2.318981
aaaaakgp_s001_t001,broadband,20.0,naive,0,0.718146,0.619852,2.145217
aaaaakgu_s001_t000,broadband,20.0,naive,1,-1.847826,0.131422,0.254211
aaaaakjk_s002_t002,broadband,20.0,naive,1,2.190113,0.864443,0.780155
aaaaakjk_s003_t000,broadband,20.0,naive,1,2.423902,0.887883,0.350818
aaaaakka_s001_t001,broadband,20.0,naive,0,-1.277505,0.204233,1.109384
aaaaakmg_s003_t001,broadband,20.0,naive,1,5.631446,0.993575,0.996088
aaaaakmh_s001_t000,broadband,20.0,naive,1,1.264758,0.730144,3.778925
aaaaaknt_s001_t000,broadband,20.0,naive,1,3.596117,0.959119,0.648937
aaaaakoo_s001_t001,broadband,20.0,naive,1,7.648227,0.999003,0.670300
aaaaakqg_s001_t001,broadband,20.0,naive,0,-1.395963,0.186974,1.272259
aaaaakqr_s001_t000,broadband,20.0,naive,0,-2.787928,0.059555,0.334538
aaaaakrt_s001_t001,broadband,20.0,naive,1,6.916255,0.998037,0.536639
aaaaakrt_s002_t001,broadband,20.0,naive,1,7.352430,0.998689,0.654537
aaaaaksb_s001_t000,broadband,20.0,naive,0,-2.259653,0.093638,0.471082
aaaaaksu_s001_t001,broadband,20.0,naive,0,0.611692,0.596353,0.809469
aaaaakxz_s001_t001,broadband,20.0,naive,1,4.053940,0.972868,0.894221
aaaaakxz_s002_t001,broadband,20.0,naive,1,4.402658,0.980210,0.551548
aaaaalaf_s001_t000,broadband,20.0,naive,0,-2.427652,0.081238,0.398942
aaaaalau_s001_t000,broadband,20.0,naive,1,4.074947,0.973377,3.322358
aaaaalbh_s001_t000,broadband,20.0,naive,1,2.809646,0.918840,1.187074
aaaaalbt_s001_t001,broadband,20.0,naive,0,-0.658491,0.312915,0.625314
aaaaalbt_s002_t000,broadband,20.0,naive,0,1.077724,0.694675,1.450625
aaaaalbz_s006_t000,broadband,20.0,naive,1,4.353829,0.979313,1.707234
aaaaalid_s001_t001,broadband,20.0,naive,0,0.212368,0.505080,3.078154
aaaaaljf_s001_t000,broadband,20.0,naive,1,4.114774,0.974316,3.293239
aaaaaljj_s001_t000,broadband,20.0,naive,0,-2.946450,0.051842,1.010867
aaaaallc_s001_t001,broadband,20.0,naive,0,-0.055824,0.443206,0.589841
aaaaalle_s002_t000,broadband,20.0,naive,1,2.356996,0.881562,1.997794
aaaaalox_s001_t001,broadband,20.0,naive,0,4.613798,0.983669,1.918448
aaaaalpv_s001_t000,broadband,20.0,naive,0,0.553453,0.583300,3.277747
aaaaalqa_s001_t000,broadband,20.0,naive,0,-0.630329,0.318552,0.824929
aaaaalqr_s001_t001,broadband,20.0,naive,1,0.519415,0.575615,0.548151
aaaaalqs_s001_t001,broadband,20.0,naive,0,-2.178026,0.100257,0.521947
aaaaalqx_s001_t000,broadband,20.0,naive,0,-1.613957,0.158189,1.628791
aaaaalrc_s002_t000,broadband,20.0,naive,1,12.335330,0.999987,0.089004
aaaaalsq_s001_t000,broadband,20.0,naive,0,1.902437,0.830076,0.974375
aaaaalsx_s001_t000,broadband,20.0,naive,1,0.163444,0.493748,1.184737
aaaaalsx_s004_t001,broadband,20.0,naive,1,0.806575,0.638959,0.164604
aaaaaluz_s001_t001,broadband,20.0,naive,0,-3.641003,0.027928,0.270807
aaaaalvw_s001_t000,broadband,20.0,naive,0,-2.198855,0.098530,0.895123
aaaaalvz_s001_t000,broadband,20.0,naive,1,8.634146,0.999600,1.252103
aaaaalxk_s001_t000,broadband,20.0,naive,0,1.532750,0.776199,2.367938
aaaaalyr_s001_t000,broadband,20.0,naive,1,2.160220,0.861165,0.534826
aaaaalzk_s002_t001,broadband,20.0,naive,1,9.217995,0.999767,2.528069
aaaaamcb_s001_t001,broadband,20.0,naive,1,7.956675,0.999251,2.364477
aaaaamfe_s001_t001,broadband,20.0,naive,0,0.013561,0.459123,0.141348
aaaaamft_s001_t001,broadband,20.0,naive,1,2.287265,0.874649,0.644219
aaaaamfu_s001_t000,broadband,20.0,naive,0,-1.720145,0.145524,0.345048
aaaaamhi_s001_t000,broadband,20.0,naive,1,4.564679,0.982922,4.939195
aaaaamhk_s001_t000,broadband,20.0,naive,1,5.642504,0.993640,0.485512
aaaaamjc_s001_t001,broadband,20.0,naive,1,8.520721,0.999555,0.396227
aaaaammh_s001_t001,broadband,20.0,naive,1,3.004900,0.931349,0.517220
aaaaamnq_s001_t000,broadband,20.0,naive,1,7.524750,0.998882,2.343165
aaaaamnq_s002_t000,broadband,20.0,naive,1,4.956526,0.988059,0.357919
aaaaamon_s001_t000,broadband,20.0,naive,0,-0.293001,0.389859,3.014922
aaaaampz_s001_t000,broadband,20.0,naive,1,1.721072,0.805045,3.354054
aaaaamrj_s001_t000,broadband,20.0,naive,0,1.910072,0.831071,0.732707
aaaaamsc_s001_t000,broadband,20.0,naive,1,6.309378,0.996561,0.169101
aaaaamtb_s001_t000,broadband,20.0,naive,0,2.217926,0.867434,0.754447
aaaaamuc_s001_t000,broadband,20.0,naive,0,-1.657606,0.152878,0.224995
aaaaamxn_s001_t000,broadband,20.0,naive,1,-0.204567,0.409515,0.600974
aaaaamyb_s001_t001,broadband,20.0,naive,0,0.303864,0.526249,1.226639
aaaaamye_s001_t000,broadband,20.0,naive,1,9.148736,0.999752,0.284281
aaaaamzi_s001_t001,broadband,20.0,naive,1,6.077440,0.995740,0.711899
aaaaamzl_s001_t000,broadband,20.0,naive,0,-2.332813,0.088042,0.604798
aaaaamzx_s001_t000,broadband,20.0,naive,0,-2.807029,0.058572,2.354618
aaaaanbq_s001_t000,broadband,20.0,naive,0,-0.774225,0.290335,0.362398
aaaaanek_s001_t000,broadband,20.0,naive,0,-3.040265,0.047733,0.054371
aaaaangp_s001_t000,broadband,20.0,naive,0,0.187788,0.499387,0.446541
aaaaanhb_s001_t003,broadband,20.0,naive,1,3.034013,0.933053,1.450902
aaaaanhb_s003_t001,broadband,20.0,naive,1,4.194108,0.976093,0.379304
aaaaanhb_s005_t000,broadband,20.0,naive,1,8.081766,0.999332,0.482341
aaaaankf_s001_t000,broadband,20.0,naive,1,3.722123,0.963459,1.813066
aaaaanlp_s001_t000,broadband,20.0,naive,0,-1.507801,0.171731,0.447356
aaaaanmc_s001_t000,broadband,20.0,naive,1,8.411736,0.999508,3.497083
aaaaanop_s001_t000,broadband,20.0,naive,0,1.856418,0.823977,1.019995
aaaaanoz_s001_t000,broadband,20.0,naive,1,1.276188,0.732226,0.485969
aaaaanpr_s001_t002,broadband,20.0,naive,1,5.539182,0.993005,5.541636
aaaaanqe_s001_t000,broadband,20.0,naive,0,-2.377835,0.084750,0.377931
aaaaanro_s001_t000,broadband,20.0,naive,1,3.388514,0.950875,1.519158
aaaaansj_s001_t000,broadband,20.0,naive,1,2.216446,0.867277,2.473668
aaaaanta_s001_t000,broadband,20.0,naive,1,6.562941,0.997279,4.318415
aaaaanum_s001_t000,broadband,20.0,naive,0,-0.067825,0.440464,1.304839
aaaaanvb_s002_t000,broadband,20.0,naive,0,-1.505276,0.172064,0.193176
aaaaanvg_s001_t002,broadband,20.0,naive,0,2.640408,0.906353,1.318528
aaaaanvw_s001_t000,broadband,20.0,naive,0,-3.093996,0.045520,0.726304
aaaaanwc_s001_t001,broadband,20.0,naive,1,6.268793,0.996430,10.742954
aaaaanxl_s001_t000,broadband,20.0,naive,1,5.022797,0.988762,5.411288
aaaaanyb_s001_t001,broadband,20.0,naive,0,0.990750,0.677321,1.084916
aaaaanyt_s002_t000,broadband,20.0,naive,1,0.558339,0.584400,3.248574
aaaaanyw_s001_t000,broadband,20.0,naive,1,2.673188,0.908899,0.116193
aaaaanyw_s002_t000,broadband,20.0,naive,1,3.590534,0.958916,1.739022
aaaaanzh_s001_t000,broadband,20.0,naive,1,0.011701,0.458695,3.147270
aaaaanzu_s001_t003,broadband,20.0,naive,1,1.687747,0.800153,3.435186
aaaaaoav_s001_t000,broadband,20.0,naive,0,-2.997272,0.049576,0.251738
aaaaaoav_s002_t000,broadband,20.0,naive,0,-2.254373,0.094054,0.495759
aaaaaobi_s001_t000,broadband,20.0,naive,1,1.002886,0.679774,5.295106
aaaaaobl_s001_t000,broadband,20.0,naive,0,0.269160,0.518226,1.985526
aaaaaoby_s001_t000,broadband,20.0,naive,0,-0.363831,0.374367,3.331551
aaaaaoda_s001_t000,broadband,20.0,naive,1,8.292487,0.999451,5.727606
aaaaaoeg_s001_t000,broadband,20.0,naive,0,1.494957,0.770057,0.705126
aaaaaofj_s001_t000,broadband,20.0,naive,0,-2.527763,0.074578,0.364932
aaaaaofr_s001_t000,broadband,20.0,naive,0,3.466890,0.954158,1.513682
aaaaaofz_s001_t000,broadband,20.0,naive,0,0.625617,0.599455,1.181299
aaaaaohb_s001_t000,broadband,20.0,naive,1,1.862550,0.824799,0.193201
aaaaaohr_s002_t001,broadband,20.0,naive,1,6.509430,0.997141,0.352516
aaaaaoiq_s001_t000,broadband,20.0,naive,1,2.140531,0.858969,0.383325
aaaaaoiv_s001_t000,broadband,20.0,naive,1,0.871704,0.652760,0.104578
aaaaaoiv_s002_t001,broadband,20.0,naive,1,8.645538,0.999604,0.969353
aaaaaoiv_s003_t003,broadband,20.0,naive,1,6.836433,0.997887,0.063481
aaaaaojd_s001_t002,broadband,20.0,naive,0,0.371664,0.541878,2.175735
aaaaaokg_s001_t000,broadband,20.0,naive,0,3.933712,0.969767,2.175585
aaaaaoly_s001_t000,broadband,20.0,naive,0,0.890998,0.656801,2.360612
aaaaaome_s001_t000,broadband,20.0,naive,0,-1.531801,0.168591,0.486547
aaaaaomx_s001_t000,broadband,20.0,naive,0,0.737854,0.624145,1.546496
aaaaaomy_s001_t000,broadband,20.0,naive,1,4.158526,0.975312,4.021000
aaaaaonb_s001_t000,broadband,20.0,naive,0,0.897463,0.658149,1.799958
aaaaaons_s002_t002,broadband,20.0,naive,1,5.037958,0.988917,0.216970
aaaaaopd_s001_t000,broadband,20.0,naive,0,-0.829641,0.279872,3.413281
aaaaaopo_s001_t000,broadband,20.0,naive,0,-2.144904,0.103059,0.123960
aaaaaora_s002_t000,broadband,20.0,naive,1,2.415893,0.887142,0.612275
aaaaaord_s001_t000,broadband,20.0,naive,1,2.054598,0.849046,0.578725
aaaaaosh_s001_t000,broadband,20.0,naive,1,1.533439,0.776309,1.193442
aaaaaosw_s001_t000,broadband,20.0,naive,0,1.541140,0.777546,4.246213
aaaaaote_s001_t000,broadband,20.0,naive,0,-0.857989,0.274609,0.870583
aaaaaout_s001_t000,broadband,20.0,naive,1,2.712623,0.911879,2.336635
aaaaaovl_s001_t000,broadband,20.0,naive,1,4.141596,0.974931,0.158794
aaaaaovo_s001_t000,broadband,20.0,naive,1,8.341434,0.999475,0.193157
aaaaaowb_s001_t000,broadband,20.0,naive,0,0.363134,0.539916,1.133696
aaaaaoxf_s001_t000,broadband,20.0,naive,0,-1.513017,0.171044,0.689139
aaaaaozf_s001_t001,broadband,20.0,naive,0,-0.501346,0.345035,1.977804
aaaaapag_s001_t000,broadband,20.0,naive,0,-2.928082,0.052685,2.923666
aaaaapar_s001_t000,broadband,20.0,naive,1,10.845665,0.999948,0.258668
aaaaapcb_s001_t000,broadband,20.0,naive,0,3.270227,0.945495,0.195603
aaaaapcy_s001_t002,broadband,20.0,naive,0,-3.290275,0.038241,0.288545
aaaaapdg_s001_t000,broadband,20.0,naive,0,-2.448254,0.079824,0.272939
aaaaaphs_s001_t000,broadband,20.0,naive,1,3.318552,0.947757,1.824863
aaaaaphw_s001_t000,broadband,20.0,naive,0,1.864736,0.825092,0.955228
aaaaapij_s001_t000,broadband,20.0,naive,0,0.389225,0.545915,1.056975
aaaaapjc_s001_t001,broadband,20.0,naive,0,-4.994374,0.008133,0.310843
aaaaapka_s001_t000,broadband,20.0,naive,0,-1.136426,0.226298,0.420451
aaaaapkx_s001_t001,broadband,20.0,naive,1,-2.474468,0.078058,4.303790
aaaaaply_s001_t001,broadband,20.0,naive,1,3.381466,0.950569,3.402431
aaaaapmb_s002_t001,broadband,20.0,naive,1,6.256116,0.996388,0.435474
aaaaapmp_s001_t000,broadband,20.0,naive,1,0.105889,0.480427,1.495356
aaaaapnr_s001_t000,broadband,20.0,naive,1,-0.666664,0.311289,1.865532
aaaaapoc_s001_t000,broadband,20.0,naive,1,5.096957,0.989501,3.310825
aaaaapof_s001_t000,broadband,20.0,naive,0,-2.953063,0.051542,0.955856
aaaaapoo_s001_t000,broadband,20.0,naive,0,-2.153124,0.102357,0.945916
aaaaapoq_s001_t000,broadband,20.0,naive,0,1.840939,0.821887,2.394014
aaaaappb_s001_t000,broadband,20.0,naive,0,1.118233,0.702577,3.319258
aaaaapqd_s001_t000,broadband,20.0,naive,1,1.381308,0.750885,2.451936
aaaaapqv_s001_t000,broadband,20.0,naive,0,-0.278698,0.393016,2.821165
aaaaapta_s001_t000,broadband,20.0,naive,1,4.758112,0.985684,1.803218
aaaaapth_s001_t000,broadband,20.0,naive,1,2.508966,0.895492,4.824354
aaaaapua_s001_t001,broadband,20.0,naive,0,-4.040892,0.019449,0.368512
aaaaapuu_s001_t000,broadband,20.0,naive,0,-0.199051,0.410752,1.158263
aaaaapvw_s001_t001,broadband,20.0,naive,1,5.536467,0.992988,2.952340
aaaaapvy_s001_t000,broadband,20.0,naive,1,1.019572,0.683130,3.579884
aaaaapwn_s001_t001,broadband,20.0,naive,0,-1.291389,0.202151,1.755100
aaaaapwo_s001_t001,broadband,20.0,naive,1,8.765570,0.999646,0.551996
aaaaapxm_s001_t001,broadband,20.0,naive,0,-1.955725,0.120425,0.363967
aaaaapys_s001_t001,broadband,20.0,naive,1,11.779016,0.999978,0.238389
aaaaapys_s002_t001,broadband,20.0,naive,1,8.916811,0.999692,4.282664
aaaaaayx_s002_t000,broadband,5.0,canonicalized,0,1.289957,0.734720,0.682617
aaaaabdo_s003_t000,broadband,5.0,canonicalized,1,4.938278,0.987858,0.301330
aaaaabsk_s007_t000,broadband,5.0,canonicalized,1,1.993965,0.841704,0.937801
aaaaabuv_s002_t000,broadband,5.0,canonicalized,1,3.520890,0.956297,0.902083
aaaaacad_s003_t000,broadband,5.0,canonicalized,0,1.782454,0.813816,0.805952
aaaaacby_s004_t000,broadband,5.0,canonicalized,0,1.460773,0.764401,0.181351
aaaaaddm_s006_t000,broadband,5.0,canonicalized,1,2.250936,0.870912,0.844704
aaaaadeu_s002_t000,broadband,5.0,canonicalized,1,3.289787,0.946421,0.432382
aaaaadjk_s002_t000,broadband,5.0,canonicalized,0,0.461552,0.562469,0.374797
aaaaadkb_s002_t000,broadband,5.0,canonicalized,1,5.701216,0.993975,1.657340
aaaaadsm_s002_t001,broadband,5.0,canonicalized,0,-0.587500,0.327227,0.995437
aaaaaeab_s003_t000,broadband,5.0,canonicalized,0,0.198022,0.501757,0.231199
aaaaaejc_s003_t001,broadband,5.0,canonicalized,0,2.626625,0.905263,0.263507
aaaaaezn_s003_t001,broadband,5.0,canonicalized,1,1.405193,0.755002,1.776783
aaaaafhl_s003_t000,broadband,5.0,canonicalized,1,2.364260,0.882263,0.158712
aaaaagfk_s003_t000,broadband,5.0,canonicalized,0,0.893694,0.657363,0.547685
aaaaagsc_s003_t001,broadband,5.0,canonicalized,1,4.127896,0.974619,1.682548
aaaaagsc_s006_t001,broadband,5.0,canonicalized,1,1.576613,0.783179,0.728104
aaaaaguk_s002_t001,broadband,5.0,canonicalized,0,-1.645072,0.154388,0.255654
aaaaagvx_s002_t000,broadband,5.0,canonicalized,1,1.190293,0.716337,0.488310
aaaaagvx_s003_t001,broadband,5.0,canonicalized,1,2.740803,0.913955,0.203018
aaaaagyr_s002_t000,broadband,5.0,canonicalized,1,1.282612,0.733391,0.378876
aaaaahie_s005_t001,broadband,5.0,canonicalized,1,6.278871,0.996463,0.400825
aaaaahsv_s002_t000,broadband,5.0,canonicalized,0,0.131225,0.486289,1.897692
aaaaahte_s002_t000,broadband,5.0,canonicalized,1,5.065921,0.989198,0.743632
aaaaahte_s003_t000,broadband,5.0,canonicalized,1,7.107706,0.998356,0.095672
aaaaahuy_s002_t000,broadband,5.0,canonicalized,1,0.444133,0.558493,0.048047
aaaaahzi_s001_t000,broadband,5.0,canonicalized,0,2.098144,0.854145,0.247091
aaaaahzm_s001_t001,broadband,5.0,canonicalized,0,0.803330,0.638266,0.050018
aaaaahzq_s001_t000,broadband,5.0,canonicalized,0,-0.006412,0.454531,0.356199
aaaaahzs_s001_t001,broadband,5.0,canonicalized,0,0.619961,0.598196,1.104441
aaaaaiae_s001_t000,broadband,5.0,canonicalized,0,1.533166,0.776266,0.131876
aaaaaibx_s001_t000,broadband,5.0,canonicalized,0,1.750395,0.809273,0.055486
aaaaaiby_s001_t000,broadband,5.0,canonicalized,0,-0.119268,0.428753,1.372277
aaaaaici_s001_t000,broadband,5.0,canonicalized,0,-1.415516,0.184236,5.775012
aaaaaicn_s001_t000,broadband,5.0,canonicalized,0,1.350587,0.745523,0.914094
aaaaaijh_s002_t000,broadband,5.0,canonicalized,1,1.216116,0.721173,0.583586
aaaaaijn_s001_t001,broadband,5.0,canonicalized,0,0.908736,0.660495,0.257912
aaaaairb_s001_t001,broadband,5.0,canonicalized,0,1.808568,0.817454,0.218173
aaaaairo_s001_t000,broadband,5.0,canonicalized,0,1.228400,0.723456,0.887590
aaaaaitt_s001_t000,broadband,5.0,canonicalized,0,1.208279,0.719711,0.437863
aaaaaiue_s004_t000,broadband,5.0,canonicalized,1,1.715225,0.804193,0.300272
aaaaaiuo_s002_t000,broadband,5.0,canonicalized,0,2.581484,0.901615,0.370313
aaaaaiwz_s001_t001,broadband,5.0,canonicalized,0,-0.695726,0.305546,0.672786
aaaaaiyy_s001_t001,broadband,5.0,canonicalized,0,-1.764301,0.140510,0.376781
aaaaaizd_s001_t001,broadband,5.0,canonicalized,0,1.329597,0.741816,0.886921
aaaaaizs_s001_t000,broadband,5.0,canonicalized,0,1.757762,0.810325,0.587328
aaaaajae_s001_t001,broadband,5.0,canonicalized,0,4.326336,0.978791,0.881504
aaaaajah_s002_t001,broadband,5.0,canonicalized,1,1.201169,0.718380,0.356920
aaaaajah_s004_t000,broadband,5.0,canonicalized,1,1.588054,0.784974,0.793321
aaaaajal_s001_t001,broadband,5.0,canonicalized,0,-3.296237,0.038038,0.630798
aaaaajam_s001_t000,broadband,5.0,canonicalized,1,-0.098964,0.433367,0.201125
aaaaajar_s001_t001,broadband,5.0,canonicalized,0,0.219407,0.506710,0.188452
aaaaajbb_s001_t000,broadband,5.0,canonicalized,0,2.864222,0.922532,0.330565
aaaaajbh_s002_t000,broadband,5.0,canonicalized,0,-1.768154,0.140080,0.303945
aaaaajce_s001_t000,broadband,5.0,canonicalized,0,0.960026,0.671069,0.455975
aaaaajci_s001_t000,broadband,5.0,canonicalized,0,1.559069,0.780406,0.048332
aaaaajck_s001_t000,broadband,5.0,canonicalized,0,-1.964567,0.119560,0.243574
aaaaajct_s001_t000,broadband,5.0,canonicalized,0,1.338714,0.743431,0.180052
aaaaajcu_s001_t000,broadband,5.0,canonicalized,0,1.552286,0.779327,0.833340
aaaaajda_s001_t000,broadband,5.0,canonicalized,0,1.027108,0.684639,0.754098
aaaaajdb_s001_t000,broadband,5.0,canonicalized,0,1.617076,0.789477,0.012486
aaaaajdv_s001_t000,broadband,5.0,canonicalized,0,1.954221,0.836736,1.229887
aaaaajdy_s001_t000,broadband,5.0,canonicalized,0,0.778569,0.632952,0.359668
aaaaajdz_s001_t000,broadband,5.0,canonicalized,0,0.089270,0.476585,1.174423
aaaaajea_s001_t000,broadband,5.0,canonicalized,0,2.180611,0.863408,0.183482
aaaaajen_s001_t000,broadband,5.0,canonicalized,0,1.443171,0.761452,0.182718
aaaaajey_s001_t000,broadband,5.0,canonicalized,0,0.398529,0.548051,0.483760
aaaaajfb_s001_t000,broadband,5.0,canonicalized,0,0.887286,0.656025,0.488681
aaaaajfe_s001_t000,broadband,5.0,canonicalized,0,1.793304,0.815334,0.401345
aaaaajff_s001_t000,broadband,5.0,canonicalized,0,-2.033027,0.113043,0.938492
aaaaajfi_s001_t001,broadband,5.0,canonicalized,0,0.165055,0.494121,0.500856
aaaaajfn_s001_t001,broadband,5.0,canonicalized,0,-1.475780,0.175992,2.713138
aaaaajfy_s001_t000,broadband,5.0,canonicalized,0,-2.307207,0.089965,0.282528
aaaaajga_s001_t001,broadband,5.0,canonicalized,0,1.003488,0.679895,1.682936
aaaaajhy_s001_t000,broadband,5.0,canonicalized,0,0.015397,0.459545,0.688480
aaaaajit_s001_t001,broadband,5.0,canonicalized,0,-3.412452,0.034288,1.682733
aaaaajiu_s001_t000,broadband,5.0,canonicalized,0,1.049023,0.689006,1.562019
aaaaajiy_s001_t001,broadband,5.0,canonicalized,0,1.097870,0.698620,0.485413
aaaaajiz_s001_t000,broadband,5.0,canonicalized,0,0.973180,0.673753,1.390392
aaaaajjb_s001_t001,broadband,5.0,canonicalized,0,1.913306,0.831491,0.644340
aaaaajje_s001_t000,broadband,5.0,canonicalized,0,1.266215,0.730410,0.971621
aaaaajjk_s001_t000,broadband,5.0,canonicalized,0,1.285692,0.733949,0.990966
aaaaajna_s001_t000,broadband,5.0,canonicalized,0,1.372110,0.749288,0.319352
aaaaajnu_s001_t000,broadband,5.0,canonicalized,0,0.061399,0.470148,1.832224
aaaaajon_s001_t000,broadband,5.0,canonicalized,0,1.419480,0.757442,0.323892
aaaaajoo_s002_t001,broadband,5.0,canonicalized,1,1.461658,0.764549,0.206964
aaaaajpg_s001_t001,broadband,5.0,canonicalized,0,-0.839968,0.277947,0.341574
aaaaajqh_s004_t000,broadband,5.0,canonicalized,1,1.787829,0.814569,0.586211
aaaaajqk_s003_t001,broadband,5.0,canonicalized,1,4.678718,0.984608,0.719417
aaaaajrf_s001_t000,broadband,5.0,canonicalized,1,1.664702,0.796717,0.405473
aaaaajrf_s002_t000,broadband,5.0,canonicalized,1,2.240901,0.869863,0.598225
aaaaajrf_s003_t002,broadband,5.0,canonicalized,1,6.216016,0.996252,1.414765
aaaaajrf_s004_t000,broadband,5.0,canonicalized,1,1.903459,0.830209,0.055066
aaaaajso_s001_t000,broadband,5.0,canonicalized,1,1.385672,0.751641,0.404706
aaaaajtg_s001_t000,broadband,5.0,canonicalized,0,1.269187,0.730952,0.466400
aaaaajtu_s001_t000,broadband,5.0,canonicalized,0,1.321380,0.740355,0.492853
aaaaajuh_s001_t000,broadband,5.0,canonicalized,1,3.117401,0.937721,0.509046
aaaaajun_s001_t000,broadband,5.0,canonicalized,0,1.559682,0.780503,0.292333
aaaaajvh_s001_t001,broadband,5.0,canonicalized,0,1.329533,0.741805,0.219103
aaaaajxp_s001_t000,broadband,5.0,canonicalized,0,2.269894,0.872874,0.991696
aaaaakck_s001_t001,broadband,5.0,canonicalized,1,2.326284,0.878559,0.200010
aaaaakcx_s001_t001,broadband,5.0,canonicalized,1,6.077376,0.995740,0.462714
aaaaakcy_s005_t001,broadband,5.0,canonicalized,1,6.043065,0.995603,0.258310
aaaaakdj_s001_t000,broadband,5.0,canonicalized,1,1.638011,0.792683,0.703055
aaaaakdo_s001_t000,broadband,5.0,canonicalized,1,1.094193,0.697902,2.385544
aaaaakeq_s001_t000,broadband,5.0,canonicalized,1,1.937343,0.834589,0.383830
aaaaakeq_s002_t000,broadband,5.0,canonicalized,1,1.557216,0.780112,0.535889
aaaaakeq_s003_t000,broadband,5.0,canonicalized,1,2.752932,0.914834,0.557312
aaaaakev_s001_t001,broadband,5.0,canonicalized,1,3.800725,0.965938,0.168152
aaaaakev_s002_t000,broadband,5.0,canonicalized,1,2.196156,0.865098,0.878290
aaaaakft_s001_t000,broadband,5.0,canonicalized,0,0.976833,0.674497,0.700281
aaaaakgp_s001_t001,broadband,5.0,canonicalized,0,1.309705,0.738270,1.665168
aaaaakgu_s001_t000,broadband,5.0,canonicalized,1,-0.790322,0.287272,0.412678
aaaaakjk_s002_t002,broadband,5.0,canonicalized,1,1.740699,0.807883,0.964682
aaaaakjk_s003_t000,broadband,5.0,canonicalized,1,3.083961,0.935887,0.339489
aaaaakka_s001_t001,broadband,5.0,canonicalized,0,0.414850,0.551793,0.847634
aaaaakmg_s003_t001,broadband,5.0,canonicalized,1,2.191645,0.864609,0.147019
aaaaakmh_s001_t000,broadband,5.0,canonicalized,1,1.338855,0.743455,0.528335
aaaaaknt_s001_t000,broadband,5.0,canonicalized,1,4.217002,0.976583,0.673931
aaaaakoo_s001_t001,broadband,5.0,canonicalized,1,3.802141,0.965981,0.196066
aaaaakqg_s001_t001,broadband,5.0,canonicalized,0,-0.918414,0.263599,2.641724
aaaaakqr_s001_t000,broadband,5.0,canonicalized,0,-0.498363,0.345660,0.081493
aaaaakrt_s001_t001,broadband,5.0,canonicalized,1,5.185762,0.990322,0.176497
aaaaakrt_s002_t001,broadband,5.0,canonicalized,1,6.039229,0.995587,0.239439
aaaaaksb_s001_t000,broadband,5.0,canonicalized,0,-0.001888,0.455571,0.278429
aaaaaksu_s001_t001,broadband,5.0,canonicalized,0,1.743812,0.808330,0.351946
aaaaakxz_s001_t001,broadband,5.0,canonicalized,1,2.936172,0.927164,0.340474
aaaaakxz_s002_t001,broadband,5.0,canonicalized,1,3.146624,0.939283,0.163365
aaaaalaf_s001_t000,broadband,5.0,canonicalized,0,-1.989180,0.117180,0.774072
aaaaalau_s001_t000,broadband,5.0,canonicalized,1,2.318923,0.877830,0.041774
aaaaalbh_s001_t000,broadband,5.0,canonicalized,1,1.738609,0.807582,0.598010
aaaaalbt_s001_t001,broadband,5.0,canonicalized,0,0.901226,0.658933,0.521700
aaaaalbt_s002_t000,broadband,5.0,canonicalized,0,1.612567,0.788782,0.332250
aaaaalbz_s006_t000,broadband,5.0,canonicalized,1,1.506674,0.771974,0.435758
aaaaalid_s001_t001,broadband,5.0,canonicalized,0,0.979077,0.674953,0.721273
aaaaaljf_s001_t000,broadband,5.0,canonicalized,1,1.668648,0.797309,0.754022
aaaaaljj_s001_t000,broadband,5.0,canonicalized,0,-2.580652,0.071266,1.155291
aaaaallc_s001_t001,broadband,5.0,canonicalized,0,1.426414,0.758620,0.448997
aaaaalle_s002_t000,broadband,5.0,canonicalized,1,1.665363,0.796816,0.106217
aaaaalox_s001_t001,broadband,5.0,canonicalized,0,2.657153,0.907661,0.281617
aaaaalpv_s001_t000,broadband,5.0,canonicalized,0,1.537421,0.776949,0.693086
aaaaalqa_s001_t000,broadband,5.0,canonicalized,0,0.193065,0.500609,1.302336
aaaaalqr_s001_t001,broadband,5.0,canonicalized,1,0.893954,0.657418,1.267372
aaaaalqs_s001_t001,broadband,5.0,canonicalized,0,-1.513251,0.171014,0.518767
aaaaalqx_s001_t000,broadband,5.0,canonicalized,0,1.102503,0.699523,0.828625
aaaaalrc_s002_t000,broadband,5.0,canonicalized,1,9.073856,0.999734,0.058425
aaaaalsq_s001_t000,broadband,5.0,canonicalized,0,1.812671,0.818021,0.031692
aaaaalsx_s001_t000,broadband,5.0,canonicalized,1,1.289098,0.734565,0.656305
aaaaalsx_s004_t001,broadband,5.0,canonicalized,1,1.439377,0.760813,0.102522
aaaaaluz_s001_t001,broadband,5.0,canonicalized,0,-3.701595,0.026443,0.334111
aaaaalvw_s001_t000,broadband,5.0,canonicalized,0,1.049074,0.689017,0.543983
aaaaalvz_s001_t000,broadband,5.0,canonicalized,1,6.358559,0.996714,0.094123
aaaaalxk_s001_t000,broadband,5.0,canonicalized,0,1.521998,0.774463,0.278890
aaaaalyr_s001_t000,broadband,5.0,canonicalized,1,2.014082,0.844172,0.214026
aaaaalzk_s002_t001,broadband,5.0,canonicalized,1,5.353525,0.991703,0.678451
aaaaamcb_s001_t001,broadband,5.0,canonicalized,1,5.129214,0.989807,0.562462
aaaaamfe_s001_t001,broadband,5.0,canonicalized,0,1.079815,0.695086,0.887116
aaaaamft_s001_t001,broadband,5.0,canonicalized,1,1.864640,0.825079,1.235222
aaaaamfu_s001_t000,broadband,5.0,canonicalized,0,1.724146,0.805491,0.219633
aaaaamhi_s001_t000,broadband,5.0,canonicalized,1,3.794792,0.965757,1.220892
aaaaamhk_s001_t000,broadband,5.0,canonicalized,1,5.157853,0.990071,0.193692
aaaaamjc_s001_t001,broadband,5.0,canonicalized,1,6.759741,0.997732,0.393853
aaaaammh_s001_t001,broadband,5.0,canonicalized,1,3.137717,0.938811,0.232469
aaaaamnq_s001_t000,broadband,5.0,canonicalized,1,3.367067,0.949938,1.395673
aaaaamnq_s002_t000,broadband,5.0,canonicalized,1,3.111916,0.937423,0.089671
aaaaamon_s001_t000,broadband,5.0,canonicalized,0,0.384735,0.544883,2.141230
aaaaampz_s001_t000,broadband,5.0,canonicalized,1,1.839189,0.821650,0.209511
aaaaamrj_s001_t000,broadband,5.0,canonicalized,0,1.978282,0.839759,0.245136
aaaaamsc_s001_t000,broadband,5.0,canonicalized,1,5.832397,0.994660,0.421741
aaaaamtb_s001_t000,broadband,5.0,canonicalized,0,1.906420,0.830595,0.017423
aaaaamuc_s001_t000,broadband,5.0,canonicalized,0,0.721255,0.620531,0.499176
aaaaamxn_s001_t000,broadband,5.0,canonicalized,1,0.726010,0.621568,0.338451
aaaaamyb_s001_t001,broadband,5.0,canonicalized,0,1.120248,0.702967,0.245481
aaaaamye_s001_t000,broadband,5.0,canonicalized,1,5.379743,0.991901,0.271725
aaaaamzi_s001_t001,broadband,5.0,canonicalized,1,4.232446,0.976908,0.253667
aaaaamzl_s001_t000,broadband,5.0,canonicalized,0,-1.307322,0.199780,1.102529
aaaaamzx_s001_t000,broadband,5.0,canonicalized,0,-1.364274,0.191478,0.853695
aaaaanbq_s001_t000,broadband,5.0,canonicalized,0,1.808427,0.817435,0.470474
aaaaanek_s001_t000,broadband,5.0,canonicalized,0,-2.687425,0.064990,0.162162
aaaaangp_s001_t000,broadband,5.0,canonicalized,0,1.418469,0.757270,0.056808
aaaaanhb_s001_t003,broadband,5.0,canonicalized,1,2.687835,0.910016,0.224124
aaaaanhb_s003_t001,broadband,5.0,canonicalized,1,1.826470,0.819916,0.015341
aaaaanhb_s005_t000,broadband,5.0,canonicalized,1,3.326448,0.948118,0.085249
aaaaankf_s001_t000,broadband,5.0,canonicalized,1,3.010481,0.931678,0.103272
aaaaanlp_s001_t000,broadband,5.0,canonicalized,0,-0.141206,0.423782,1.296239
aaaaanmc_s001_t000,broadband,5.0,canonicalized,1,6.753881,0.997719,1.752197
aaaaanop_s001_t000,broadband,5.0,canonicalized,0,1.711625,0.803668,0.032386
aaaaanoz_s001_t000,broadband,5.0,canonicalized,1,1.730503,0.806413,0.132677
aaaaanpr_s001_t002,broadband,5.0,canonicalized,1,4.115545,0.974334,1.318956
aaaaanqe_s001_t000,broadband,5.0,canonicalized,0,0.798648,0.637263,1.176847
aaaaanro_s001_t000,broadband,5.0,canonicalized,1,3.714814,0.963220,0.613511
aaaaansj_s001_t000,broadband,5.0,canonicalized,1,1.684344,0.799649,0.176845
aaaaanta_s001_t000,broadband,5.0,canonicalized,1,3.940744,0.969958,1.550169
aaaaanum_s001_t000,broadband,5.0,canonicalized,0,1.561873,0.780851,1.762501
aaaaanvb_s002_t000,broadband,5.0,canonicalized,0,-0.751683,0.294657,0.215259
aaaaanvg_s001_t002,broadband,5.0,canonicalized,0,3.914514,0.969241,1.098494
aaaaanvw_s001_t000,broadband,5.0,canonicalized,0,-2.854024,0.056217,1.345716
aaaaanwc_s001_t001,broadband,5.0,canonicalized,1,3.883345,0.968369,1.802297
aaaaanxl_s001_t000,broadband,5.0,canonicalized,1,1.840510,0.821829,0.670893
aaaaanyb_s001_t001,broadband,5.0,canonicalized,0,1.251876,0.727786,0.594139
aaaaanyt_s002_t000,broadband,5.0,canonicalized,1,0.849695,0.648124,1.620100
aaaaanyw_s001_t000,broadband,5.0,canonicalized,1,2.893037,0.924418,0.103558
aaaaanyw_s002_t000,broadband,5.0,canonicalized,1,3.010818,0.931698,0.298408
aaaaanzh_s001_t000,broadband,5.0,canonicalized,1,1.160985,0.710787,1.373846
aaaaanzu_s001_t003,broadband,5.0,canonicalized,1,2.677052,0.909195,1.188015
aaaaaoav_s001_t000,broadband,5.0,canonicalized,0,-1.550913,0.166123,0.242135
aaaaaoav_s002_t000,broadband,5.0,canonicalized,0,-0.635899,0.317433,0.313639
aaaaaobi_s001_t000,broadband,5.0,canonicalized,1,1.579492,0.783631,0.726523
aaaaaobl_s001_t000,broadband,5.0,canonicalized,0,1.442637,0.761362,0.461674
aaaaaoby_s001_t000,broadband,5.0,canonicalized,0,1.210446,0.720116,1.161358
aaaaaoda_s001_t000,broadband,5.0,canonicalized,1,3.646667,0.960916,1.287151
aaaaaoeg_s001_t000,broadband,5.0,canonicalized,0,1.864452,0.825054,0.238394
aaaaaofj_s001_t000,broadband,5.0,canonicalized,0,0.954728,0.669984,0.657271
aaaaaofr_s001_t000,broadband,5.0,canonicalized,0,3.761057,0.964708,0.484364
aaaaaofz_s001_t000,broadband,5.0,canonicalized,0,1.720357,0.804941,0.645079
aaaaaohb_s001_t000,broadband,5.0,canonicalized,1,2.118789,0.856511,0.119294
aaaaaohr_s002_t001,broadband,5.0,canonicalized,1,5.549452,0.993071,0.088389
aaaaaoiq_s001_t000,broadband,5.0,canonicalized,1,3.173701,0.940698,0.227849
aaaaaoiv_s001_t000,broadband,5.0,canonicalized,1,2.011853,0.843900,0.120066
aaaaaoiv_s002_t001,broadband,5.0,canonicalized,1,5.774268,0.994367,0.446836
aaaaaoiv_s003_t003,broadband,5.0,canonicalized,1,5.419380,0.992191,0.195841
aaaaaojd_s001_t002,broadband,5.0,canonicalized,0,1.529279,0.775639,1.394301
aaaaaokg_s001_t000,broadband,5.0,canonicalized,0,1.897519,0.829432,0.173380
aaaaaoly_s001_t000,broadband,5.0,canonicalized,0,1.181038,0.714592,0.540507
aaaaaome_s001_t000,broadband,5.0,canonicalized,0,0.835551,0.645129,0.697634
aaaaaomx_s001_t000,broadband,5.0,canonicalized,0,1.466952,0.765431,0.132054
aaaaaomy_s001_t000,broadband,5.0,canonicalized,1,2.379807,0.883751,0.362177
aaaaaonb_s001_t000,broadband,5.0,canonicalized,0,2.156350,0.860736,0.435135
aaaaaons_s002_t002,broadband,5.0,canonicalized,1,1.969573,0.838670,0.038830
aaaaaopd_s001_t000,broadband,5.0,canonicalized,0,0.735302,0.623591,0.567967
aaaaaopo_s001_t000,broadband,5.0,canonicalized,0,-0.484000,0.348676,0.072257
aaaaaora_s002_t000,broadband,5.0,canonicalized,1,3.470254,0.954294,0.263995
aaaaaord_s001_t000,broadband,5.0,canonicalized,1,2.827409,0.920059,0.688565
aaaaaosh_s001_t000,broadband,5.0,canonicalized,1,2.716312,0.912153,0.742270
aaaaaosw_s001_t000,broadband,5.0,canonicalized,0,1.509004,0.772354,1.452036
aaaaaote_s001_t000,broadband,5.0,canonicalized,0,1.201325,0.718409,0.217816
aaaaaout_s001_t000,broadband,5.0,canonicalized,1,2.802618,0.918353,0.815677
aaaaaovl_s001_t000,broadband,5.0,canonicalized,1,3.368362,0.949995,0.120104
aaaaaovo_s001_t000,broadband,5.0,canonicalized,1,6.195363,0.996179,0.042389
aaaaaowb_s001_t000,broadband,5.0,canonicalized,0,1.136081,0.706021,1.178099
aaaaaoxf_s001_t000,broadband,5.0,canonicalized,0,-0.589470,0.326825,0.305106
aaaaaozf_s001_t001,broadband,5.0,canonicalized,0,0.785910,0.634531,1.401424
aaaaapag_s001_t000,broadband,5.0,canonicalized,0,-2.210310,0.097591,8.066870
aaaaapar_s001_t000,broadband,5.0,canonicalized,1,7.993389,0.999276,0.082719
aaaaapcb_s001_t000,broadband,5.0,canonicalized,0,2.253133,0.871141,0.055116
aaaaapcy_s001_t002,broadband,5.0,canonicalized,0,-1.988629,0.117233,0.564123
aaaaapdg_s001_t000,broadband,5.0,canonicalized,0,1.237547,0.725148,0.160564
aaaaaphs_s001_t000,broadband,5.0,canonicalized,1,1.742861,0.808194,0.840487
aaaaaphw_s001_t000,broadband,5.0,canonicalized,0,2.714895,0.912048,0.185513
aaaaapij_s001_t000,broadband,5.0,canonicalized,0,1.625355,0.790749,0.195350
aaaaapjc_s001_t001,broadband,5.0,canonicalized,0,0.586714,0.590770,0.118789
aaaaapka_s001_t000,broadband,5.0,canonicalized,0,-0.089998,0.435408,0.509149
aaaaapkx_s001_t001,broadband,5.0,canonicalized,1,0.919246,0.662675,0.449542
aaaaaply_s001_t001,broadband,5.0,canonicalized,1,3.174245,0.940726,0.268352
aaaaapmb_s002_t001,broadband,5.0,canonicalized,1,3.247473,0.944398,0.096801
aaaaapmp_s001_t000,broadband,5.0,canonicalized,1,0.921412,0.663124,1.249461
aaaaapnr_s001_t000,broadband,5.0,canonicalized,1,1.307053,0.737796,0.237992
aaaaapoc_s001_t000,broadband,5.0,canonicalized,1,1.768760,0.811886,1.009014
aaaaapof_s001_t000,broadband,5.0,canonicalized,0,0.750539,0.626898,0.357063
aaaaapoo_s001_t000,broadband,5.0,canonicalized,0,1.008258,0.680856,0.444340
aaaaapoq_s001_t000,broadband,5.0,canonicalized,0,2.063276,0.850074,0.683653
aaaaappb_s001_t000,broadband,5.0,canonicalized,0,1.427757,0.758848,1.748641
aaaaapqd_s001_t000,broadband,5.0,canonicalized,1,1.264639,0.730123,1.425852
aaaaapqv_s001_t000,broadband,5.0,canonicalized,0,1.264474,0.730093,0.689128
aaaaapta_s001_t000,broadband,5.0,canonicalized,1,1.892411,0.828761,0.036575
aaaaapth_s001_t000,broadband,5.0,canonicalized,1,2.180649,0.863412,0.249438
aaaaapua_s001_t001,broadband,5.0,canonicalized,0,-3.702254,0.026428,0.248964
aaaaapuu_s001_t000,broadband,5.0,canonicalized,0,1.448479,0.762344,0.546859
aaaaapvw_s001_t001,broadband,5.0,canonicalized,1,2.329341,0.878861,0.636163
aaaaapvy_s001_t000,broadband,5.0,canonicalized,1,1.062198,0.691616,1.235513
aaaaapwn_s001_t001,broadband,5.0,canonicalized,0,-0.252885,0.398736,1.109654
aaaaapwo_s001_t001,broadband,5.0,canonicalized,1,7.863837,0.999183,0.391699
aaaaapxm_s001_t001,broadband,5.0,canonicalized,0,-0.690647,0.306545,0.205542
aaaaapys_s001_t001,broadband,5.0,canonicalized,1,7.726439,0.999072,0.124844
aaaaapys_s002_t001,broadband,5.0,canonicalized,1,5.949148,0.995205,0.399924
aaaaaayx_s002_t000,broadband,5.0,naive,0,1.289957,0.734720,0.682617
aaaaabdo_s003_t000,broadband,5.0,naive,1,4.938278,0.987858,0.301330
aaaaabsk_s007_t000,broadband,5.0,naive,1,1.993965,0.841704,0.937801
aaaaabuv_s002_t000,broadband,5.0,naive,1,3.520890,0.956297,0.902083
aaaaacad_s003_t000,broadband,5.0,naive,0,1.782454,0.813816,0.805952
aaaaacby_s004_t000,broadband,5.0,naive,0,1.460773,0.764401,0.181351
aaaaaddm_s006_t000,broadband,5.0,naive,1,2.250936,0.870912,0.844704
aaaaadeu_s002_t000,broadband,5.0,naive,1,3.289787,0.946421,0.432382
aaaaadjk_s002_t000,broadband,5.0,naive,0,0.461552,0.562469,0.374797
aaaaadkb_s002_t000,broadband,5.0,naive,1,5.701216,0.993975,1.657340
aaaaadsm_s002_t001,broadband,5.0,naive,0,-0.587500,0.327227,0.995437
aaaaaeab_s003_t000,broadband,5.0,naive,0,0.198022,0.501757,0.231199
aaaaaejc_s003_t001,broadband,5.0,naive,0,2.626625,0.905263,0.263507
aaaaaezn_s003_t001,broadband,5.0,naive,1,1.405193,0.755002,1.776783
aaaaafhl_s003_t000,broadband,5.0,naive,1,2.364260,0.882263,0.158712
aaaaagfk_s003_t000,broadband,5.0,naive,0,0.893694,0.657363,0.547685
aaaaagsc_s003_t001,broadband,5.0,naive,1,4.127896,0.974619,1.682548
aaaaagsc_s006_t001,broadband,5.0,naive,1,1.576613,0.783179,0.728104
aaaaaguk_s002_t001,broadband,5.0,naive,0,-1.645072,0.154388,0.255654
aaaaagvx_s002_t000,broadband,5.0,naive,1,1.190293,0.716337,0.488310
aaaaagvx_s003_t001,broadband,5.0,naive,1,2.740803,0.913955,0.203018
aaaaagyr_s002_t000,broadband,5.0,naive,1,1.282612,0.733391,0.378876
aaaaahie_s005_t001,broadband,5.0,naive,1,6.278871,0.996463,0.400825
aaaaahsv_s002_t000,broadband,5.0,naive,0,0.131225,0.486289,1.897692
aaaaahte_s002_t000,broadband,5.0,naive,1,5.065921,0.989198,0.743632
aaaaahte_s003_t000,broadband,5.0,naive,1,7.107706,0.998356,0.095672
aaaaahuy_s002_t000,broadband,5.0,naive,1,0.444133,0.558493,0.048047
aaaaahzi_s001_t000,broadband,5.0,naive,0,2.098144,0.854145,0.247091
aaaaahzm_s001_t001,broadband,5.0,naive,0,0.803330,0.638266,0.050018
aaaaahzq_s001_t000,broadband,5.0,naive,0,-0.006412,0.454531,0.356199
aaaaahzs_s001_t001,broadband,5.0,naive,0,0.619961,0.598196,1.104441
aaaaaiae_s001_t000,broadband,5.0,naive,0,1.533166,0.776266,0.131876
aaaaaibx_s001_t000,broadband,5.0,naive,0,1.750395,0.809273,0.055486
aaaaaiby_s001_t000,broadband,5.0,naive,0,-0.119268,0.428753,1.372277
aaaaaici_s001_t000,broadband,5.0,naive,0,-1.415516,0.184236,5.775012
aaaaaicn_s001_t000,broadband,5.0,naive,0,1.350587,0.745523,0.914094
aaaaaijh_s002_t000,broadband,5.0,naive,1,1.216116,0.721173,0.583586
aaaaaijn_s001_t001,broadband,5.0,naive,0,0.908736,0.660495,0.257912
aaaaairb_s001_t001,broadband,5.0,naive,0,1.808568,0.817454,0.218173
aaaaairo_s001_t000,broadband,5.0,naive,0,1.228400,0.723456,0.887590
aaaaaitt_s001_t000,broadband,5.0,naive,0,1.208279,0.719711,0.437863
aaaaaiue_s004_t000,broadband,5.0,naive,1,1.715225,0.804193,0.300272
aaaaaiuo_s002_t000,broadband,5.0,naive,0,2.581484,0.901615,0.370313
aaaaaiwz_s001_t001,broadband,5.0,naive,0,-0.695726,0.305546,0.672786
aaaaaiyy_s001_t001,broadband,5.0,naive,0,-1.764301,0.140510,0.376781
aaaaaizd_s001_t001,broadband,5.0,naive,0,1.329597,0.741816,0.886921
aaaaaizs_s001_t000,broadband,5.0,naive,0,1.757762,0.810325,0.587328
aaaaajae_s001_t001,broadband,5.0,naive,0,4.326336,0.978791,0.881504
aaaaajah_s002_t001,broadband,5.0,naive,1,1.201169,0.718380,0.356920
aaaaajah_s004_t000,broadband,5.0,naive,1,1.588054,0.784974,0.793321
aaaaajal_s001_t001,broadband,5.0,naive,0,-3.296237,0.038038,0.630798
aaaaajam_s001_t000,broadband,5.0,naive,1,-0.098964,0.433367,0.201125
aaaaajar_s001_t001,broadband,5.0,naive,0,0.219407,0.506710,0.188452
aaaaajbb_s001_t000,broadband,5.0,naive,0,2.864222,0.922532,0.330565
aaaaajbh_s002_t000,broadband,5.0,naive,0,-1.768154,0.140080,0.303945
aaaaajce_s001_t000,broadband,5.0,naive,0,0.960026,0.671069,0.455975
aaaaajci_s001_t000,broadband,5.0,naive,0,1.559069,0.780406,0.048332
aaaaajck_s001_t000,broadband,5.0,naive,0,-1.964567,0.119560,0.243574
aaaaajct_s001_t000,broadband,5.0,naive,0,1.338714,0.743431,0.180052
aaaaajcu_s001_t000,broadband,5.0,naive,0,1.552286,0.779327,0.833340
aaaaajda_s001_t000,broadband,5.0,naive,0,1.027108,0.684639,0.754098
aaaaajdb_s001_t000,broadband,5.0,naive,0,1.617076,0.789477,0.012486
aaaaajdv_s001_t000,broadband,5.0,naive,0,1.954221,0.836736,1.229887
aaaaajdy_s001_t000,broadband,5.0,naive,0,0.778569,0.632952,0.359668
aaaaajdz_s001_t000,broadband,5.0,naive,0,0.089270,0.476585,1.174423
aaaaajea_s001_t000,broadband,5.0,naive,0,2.180611,0.863408,0.183482
aaaaajen_s001_t000,broadband,5.0,naive,0,1.443171,0.761452,0.182718
aaaaajey_s001_t000,broadband,5.0,naive,0,0.398529,0.548051,0.483760
aaaaajfb_s001_t000,broadband,5.0,naive,0,0.887286,0.656025,0.488681
aaaaajfe_s001_t000,broadband,5.0,naive,0,1.793304,0.815334,0.401345
aaaaajff_s001_t000,broadband,5.0,naive,0,-2.033027,0.113043,0.938492
aaaaajfi_s001_t001,broadband,5.0,naive,0,0.165055,0.494121,0.500856
aaaaajfn_s001_t001,broadband,5.0,naive,0,-1.475780,0.175992,2.713138
aaaaajfy_s001_t000,broadband,5.0,naive,0,-2.307207,0.089965,0.282528
aaaaajga_s001_t001,broadband,5.0,naive,0,1.003488,0.679895,1.682936
aaaaajhy_s001_t000,broadband,5.0,naive,0,0.015397,0.459545,0.688480
aaaaajit_s001_t001,broadband,5.0,naive,0,-3.412452,0.034288,1.682733
aaaaajiu_s001_t000,broadband,5.0,naive,0,1.049023,0.689006,1.562019
aaaaajiy_s001_t001,broadband,5.0,naive,0,1.097870,0.698620,0.485413
aaaaajiz_s001_t000,broadband,5.0,naive,0,0.973180,0.673753,1.390392
aaaaajjb_s001_t001,broadband,5.0,naive,0,1.913306,0.831491,0.644340
aaaaajje_s001_t000,broadband,5.0,naive,0,1.266215,0.730410,0.971621
aaaaajjk_s001_t000,broadband,5.0,naive,0,1.285692,0.733949,0.990966
aaaaajna_s001_t000,broadband,5.0,naive,0,1.372110,0.749288,0.319352
aaaaajnu_s001_t000,broadband,5.0,naive,0,0.061399,0.470148,1.832224
aaaaajon_s001_t000,broadband,5.0,naive,0,1.419480,0.757442,0.323892
aaaaajoo_s002_t001,broadband,5.0,naive,1,1.461658,0.764549,0.206964
aaaaajpg_s001_t001,broadband,5.0,naive,0,-0.839968,0.277947,0.341574
aaaaajqh_s004_t000,broadband,5.0,naive,1,1.787829,0.814569,0.586211
aaaaajqk_s003_t001,broadband,5.0,naive,1,4.678718,0.984608,0.719417
aaaaajrf_s001_t000,broadband,5.0,naive,1,1.664702,0.796717,0.405473
aaaaajrf_s002_t000,broadband,5.0,naive,1,2.240901,0.869863,0.598225
aaaaajrf_s003_t002,broadband,5.0,naive,1,6.216016,0.996252,1.414765
aaaaajrf_s004_t000,broadband,5.0,naive,1,1.903459,0.830209,0.055066
aaaaajso_s001_t000,broadband,5.0,naive,1,1.385672,0.751641,0.404706
aaaaajtg_s001_t000,broadband,5.0,naive,0,1.269187,0.730952,0.466400
aaaaajtu_s001_t000,broadband,5.0,naive,0,1.321380,0.740355,0.492853
aaaaajuh_s001_t000,broadband,5.0,naive,1,3.117401,0.937721,0.509046
aaaaajun_s001_t000,broadband,5.0,naive,0,1.559682,0.780503,0.292333
aaaaajvh_s001_t001,broadband,5.0,naive,0,1.329533,0.741805,0.219103
aaaaajxp_s001_t000,broadband,5.0,naive,0,2.269894,0.872874,0.991696
aaaaakck_s001_t001,broadband,5.0,naive,1,2.326284,0.878559,0.200010
aaaaakcx_s001_t001,broadband,5.0,naive,1,6.077376,0.995740,0.462714
aaaaakcy_s005_t001,broadband,5.0,naive,1,6.043065,0.995603,0.258310
aaaaakdj_s001_t000,broadband,5.0,naive,1,1.638011,0.792683,0.703055
aaaaakdo_s001_t000,broadband,5.0,naive,1,1.094193,0.697902,2.385544
aaaaakeq_s001_t000,broadband,5.0,naive,1,1.937343,0.834589,0.383830
aaaaakeq_s002_t000,broadband,5.0,naive,1,1.557216,0.780112,0.535889
aaaaakeq_s003_t000,broadband,5.0,naive,1,2.752932,0.914834,0.557312
aaaaakev_s001_t001,broadband,5.0,naive,1,3.800725,0.965938,0.168152
aaaaakev_s002_t000,broadband,5.0,naive,1,2.196156,0.865098,0.878290
aaaaakft_s001_t000,broadband,5.0,naive,0,0.976833,0.674497,0.700281
aaaaakgp_s001_t001,broadband,5.0,naive,0,1.309705,0.738270,1.665168
aaaaakgu_s001_t000,broadband,5.0,naive,1,-0.790322,0.287272,0.412678
aaaaakjk_s002_t002,broadband,5.0,naive,1,1.740699,0.807883,0.964682
aaaaakjk_s003_t000,broadband,5.0,naive,1,3.083961,0.935887,0.339489
aaaaakka_s001_t001,broadband,5.0,naive,0,0.414850,0.551793,0.847634
aaaaakmg_s003_t001,broadband,5.0,naive,1,2.191645,0.864609,0.147019
aaaaakmh_s001_t000,broadband,5.0,naive,1,1.338855,0.743455,0.528335
aaaaaknt_s001_t000,broadband,5.0,naive,1,4.217002,0.976583,0.673931
aaaaakoo_s001_t001,broadband,5.0,naive,1,3.802141,0.965981,0.196066
aaaaakqg_s001_t001,broadband,5.0,naive,0,-0.918414,0.263599,2.641724
aaaaakqr_s001_t000,broadband,5.0,naive,0,-0.498363,0.345660,0.081493
aaaaakrt_s001_t001,broadband,5.0,naive,1,5.185762,0.990322,0.176497
aaaaakrt_s002_t001,broadband,5.0,naive,1,6.039229,0.995587,0.239439
aaaaaksb_s001_t000,broadband,5.0,naive,0,-0.001888,0.455571,0.278429
aaaaaksu_s001_t001,broadband,5.0,naive,0,1.743812,0.808330,0.351946
aaaaakxz_s001_t001,broadband,5.0,naive,1,2.936172,0.927164,0.340474
aaaaakxz_s002_t001,broadband,5.0,naive,1,3.146624,0.939283,0.163365
aaaaalaf_s001_t000,broadband,5.0,naive,0,-1.989180,0.117180,0.774072
aaaaalau_s001_t000,broadband,5.0,naive,1,2.318923,0.877830,0.041774
aaaaalbh_s001_t000,broadband,5.0,naive,1,1.738609,0.807582,0.598010
aaaaalbt_s001_t001,broadband,5.0,naive,0,0.901226,0.658933,0.521700
aaaaalbt_s002_t000,broadband,5.0,naive,0,1.612567,0.788782,0.332250
aaaaalbz_s006_t000,broadband,5.0,naive,1,1.506674,0.771974,0.435758
aaaaalid_s001_t001,broadband,5.0,naive,0,0.979077,0.674953,0.721273
aaaaaljf_s001_t000,broadband,5.0,naive,1,1.668648,0.797309,0.754022
aaaaaljj_s001_t000,broadband,5.0,naive,0,-2.580652,0.071266,1.155291
aaaaallc_s001_t001,broadband,5.0,naive,0,1.426414,0.758620,0.448997
aaaaalle_s002_t000,broadband,5.0,naive,1,1.665363,0.796816,0.106217
aaaaalox_s001_t001,broadband,5.0,naive,0,2.657153,0.907661,0.281617
aaaaalpv_s001_t000,broadband,5.0,naive,0,1.537421,0.776949,0.693086
aaaaalqa_s001_t000,broadband,5.0,naive,0,0.193065,0.500609,1.302336
aaaaalqr_s001_t001,broadband,5.0,naive,1,0.893954,0.657418,1.267372
aaaaalqs_s001_t001,broadband,5.0,naive,0,-1.513251,0.171014,0.518767
aaaaalqx_s001_t000,broadband,5.0,naive,0,1.102503,0.699523,0.828625
aaaaalrc_s002_t000,broadband,5.0,naive,1,9.073856,0.999734,0.058425
aaaaalsq_s001_t000,broadband,5.0,naive,0,1.812671,0.818021,0.031692
aaaaalsx_s001_t000,broadband,5.0,naive,1,1.289098,0.734565,0.656305
aaaaalsx_s004_t001,broadband,5.0,naive,1,1.439377,0.760813,0.102522
aaaaaluz_s001_t001,broadband,5.0,naive,0,-3.701595,0.026443,0.334111
aaaaalvw_s001_t000,broadband,5.0,naive,0,1.049074,0.689017,0.543983
aaaaalvz_s001_t000,broadband,5.0,naive,1,6.358559,0.996714,0.094123
aaaaalxk_s001_t000,broadband,5.0,naive,0,1.521998,0.774463,0.278890
aaaaalyr_s001_t000,broadband,5.0,naive,1,2.014082,0.844172,0.214026
aaaaalzk_s002_t001,broadband,5.0,naive,1,5.353525,0.991703,0.678451
aaaaamcb_s001_t001,broadband,5.0,naive,1,5.129214,0.989807,0.562462
aaaaamfe_s001_t001,broadband,5.0,naive,0,1.079815,0.695086,0.887116
aaaaamft_s001_t001,broadband,5.0,naive,1,1.864640,0.825079,1.235222
aaaaamfu_s001_t000,broadband,5.0,naive,0,1.724146,0.805491,0.219633
aaaaamhi_s001_t000,broadband,5.0,naive,1,3.794792,0.965757,1.220892
aaaaamhk_s001_t000,broadband,5.0,naive,1,5.157853,0.990071,0.193692
aaaaamjc_s001_t001,broadband,5.0,naive,1,6.759741,0.997732,0.393853
aaaaammh_s001_t001,broadband,5.0,naive,1,3.137717,0.938811,0.232469
aaaaamnq_s001_t000,broadband,5.0,naive,1,3.367067,0.949938,1.395673
aaaaamnq_s002_t000,broadband,5.0,naive,1,3.111916,0.937423,0.089671
aaaaamon_s001_t000,broadband,5.0,naive,0,0.384735,0.544883,2.141230
aaaaampz_s001_t000,broadband,5.0,naive,1,1.839189,0.821650,0.209511
aaaaamrj_s001_t000,broadband,5.0,naive,0,1.978282,0.839759,0.245136
aaaaamsc_s001_t000,broadband,5.0,naive,1,5.832397,0.994660,0.421741
aaaaamtb_s001_t000,broadband,5.0,naive,0,1.906420,0.830595,0.017423
aaaaamuc_s001_t000,broadband,5.0,naive,0,0.721255,0.620531,0.499176
aaaaamxn_s001_t000,broadband,5.0,naive,1,0.726010,0.621568,0.338451
aaaaamyb_s001_t001,broadband,5.0,naive,0,1.120248,0.702967,0.245481
aaaaamye_s001_t000,broadband,5.0,naive,1,5.379743,0.991901,0.271725
aaaaamzi_s001_t001,broadband,5.0,naive,1,4.232446,0.976908,0.253667
aaaaamzl_s001_t000,broadband,5.0,naive,0,-1.307322,0.199780,1.102529
aaaaamzx_s001_t000,broadband,5.0,naive,0,-1.364274,0.191478,0.853695
aaaaanbq_s001_t000,broadband,5.0,naive,0,1.808427,0.817435,0.470474
aaaaanek_s001_t000,broadband,5.0,naive,0,-2.687425,0.064990,0.162162
aaaaangp_s001_t000,broadband,5.0,naive,0,1.418469,0.757270,0.056808
aaaaanhb_s001_t003,broadband,5.0,naive,1,2.687835,0.910016,0.224124
aaaaanhb_s003_t001,broadband,5.0,naive,1,1.826470,0.819916,0.015341
aaaaanhb_s005_t000,broadband,5.0,naive,1,3.326448,0.948118,0.085249
aaaaankf_s001_t000,broadband,5.0,naive,1,3.010481,0.931678,0.103272
aaaaanlp_s001_t000,broadband,5.0,naive,0,-0.141206,0.423782,1.296239
aaaaanmc_s001_t000,broadband,5.0,naive,1,6.753881,0.997719,1.752197
aaaaanop_s001_t000,broadband,5.0,naive,0,1.711625,0.803668,0.032386
aaaaanoz_s001_t000,broadband,5.0,naive,1,1.730503,0.806413,0.132677
aaaaanpr_s001_t002,broadband,5.0,naive,1,4.115545,0.974334,1.318956
aaaaanqe_s001_t000,broadband,5.0,naive,0,0.798648,0.637263,1.176847
aaaaanro_s001_t000,broadband,5.0,naive,1,3.714814,0.963220,0.613511
aaaaansj_s001_t000,broadband,5.0,naive,1,1.684344,0.799649,0.176845
aaaaanta_s001_t000,broadband,5.0,naive,1,3.940744,0.969958,1.550169
aaaaanum_s001_t000,broadband,5.0,naive,0,1.561873,0.780851,1.762501
aaaaanvb_s002_t000,broadband,5.0,naive,0,-0.751683,0.294657,0.215259
aaaaanvg_s001_t002,broadband,5.0,naive,0,3.914514,0.969241,1.098494
aaaaanvw_s001_t000,broadband,5.0,naive,0,-2.854024,0.056217,1.345716
aaaaanwc_s001_t001,broadband,5.0,naive,1,3.883345,0.968369,1.802297
aaaaanxl_s001_t000,broadband,5.0,naive,1,1.840510,0.821829,0.670893
aaaaanyb_s001_t001,broadband,5.0,naive,0,1.251876,0.727786,0.594139
aaaaanyt_s002_t000,broadband,5.0,naive,1,0.849695,0.648124,1.620100
aaaaanyw_s001_t000,broadband,5.0,naive,1,2.893037,0.924418,0.103558
aaaaanyw_s002_t000,broadband,5.0,naive,1,3.010818,0.931698,0.298408
aaaaanzh_s001_t000,broadband,5.0,naive,1,1.160985,0.710787,1.373846
aaaaanzu_s001_t003,broadband,5.0,naive,1,2.677052,0.909195,1.188015
aaaaaoav_s001_t000,broadband,5.0,naive,0,-1.550913,0.166123,0.242135
aaaaaoav_s002_t000,broadband,5.0,naive,0,-0.635899,0.317433,0.313639
aaaaaobi_s001_t000,broadband,5.0,naive,1,1.579492,0.783631,0.726523
aaaaaobl_s001_t000,broadband,5.0,naive,0,1.442637,0.761362,0.461674
aaaaaoby_s001_t000,broadband,5.0,naive,0,1.210446,0.720116,1.161358
aaaaaoda_s001_t000,broadband,5.0,naive,1,3.646667,0.960916,1.287151
aaaaaoeg_s001_t000,broadband,5.0,naive,0,1.864452,0.825054,0.238394
aaaaaofj_s001_t000,broadband,5.0,naive,0,0.954728,0.669984,0.657271
aaaaaofr_s001_t000,broadband,5.0,naive,0,3.761057,0.964708,0.484364
aaaaaofz_s001_t000,broadband,5.0,naive,0,1.720357,0.804941,0.645079
aaaaaohb_s001_t000,broadband,5.0,naive,1,2.118789,0.856511,0.119294
aaaaaohr_s002_t001,broadband,5.0,naive,1,5.549452,0.993071,0.088389
aaaaaoiq_s001_t000,broadband,5.0,naive,1,3.173701,0.940698,0.227849
aaaaaoiv_s001_t000,broadband,5.0,naive,1,2.011853,0.843900,0.120066
aaaaaoiv_s002_t001,broadband,5.0,naive,1,5.774268,0.994367,0.446836
aaaaaoiv_s003_t003,broadband,5.0,naive,1,5.419380,0.992191,0.195841
aaaaaojd_s001_t002,broadband,5.0,naive,0,1.529279,0.775639,1.394301
aaaaaokg_s001_t000,broadband,5.0,naive,0,1.897519,0.829432,0.173380
aaaaaoly_s001_t000,broadband,5.0,naive,0,1.181038,0.714592,0.540507
aaaaaome_s001_t000,broadband,5.0,naive,0,0.835551,0.645129,0.697634
aaaaaomx_s001_t000,broadband,5.0,naive,0,1.466952,0.765431,0.132054
aaaaaomy_s001_t000,broadband,5.0,naive,1,2.379807,0.883751,0.362177
aaaaaonb_s001_t000,broadband,5.0,naive,0,2.156350,0.860736,0.435135
aaaaaons_s002_t002,broadband,5.0,naive,1,1.969573,0.838670,0.038830
aaaaaopd_s001_t000,broadband,5.0,naive,0,0.735302,0.623591,0.567967
aaaaaopo_s001_t000,broadband,5.0,naive,0,-0.484000,0.348676,0.072257
aaaaaora_s002_t000,broadband,5.0,naive,1,3.470254,0.954294,0.263995
aaaaaord_s001_t000,broadband,5.0,naive,1,2.827409,0.920059,0.688565
aaaaaosh_s001_t000,broadband,5.0,naive,1,2.716312,0.912153,0.742270
aaaaaosw_s001_t000,broadband,5.0,naive,0,1.509004,0.772354,1.452036
aaaaaote_s001_t000,broadband,5.0,naive,0,1.201325,0.718409,0.217816
aaaaaout_s001_t000,broadband,5.0,naive,1,2.802618,0.918353,0.815677
aaaaaovl_s001_t000,broadband,5.0,naive,1,3.368362,0.949995,0.120104
aaaaaovo_s001_t000,broadband,5.0,naive,1,6.195363,0.996179,0.042389
aaaaaowb_s001_t000,broadband,5.0,naive,0,1.136081,0.706021,1.178099
aaaaaoxf_s001_t000,broadband,5.0,naive,0,-0.589470,0.326825,0.305106
aaaaaozf_s001_t001,broadband,5.0,naive,0,0.785910,0.634531,1.401424
aaaaapag_s001_t000,broadband,5.0,naive,0,-2.210310,0.097591,8.066870
aaaaapar_s001_t000,broadband,5.0,naive,1,7.993389,0.999276,0.082719
aaaaapcb_s001_t000,broadband,5.0,naive,0,2.253133,0.871141,0.055116
aaaaapcy_s001_t002,broadband,5.0,naive,0,-1.988629,0.117233,0.564123
aaaaapdg_s001_t000,broadband,5.0,naive,0,1.237547,0.725148,0.160564
aaaaaphs_s001_t000,broadband,5.0,naive,1,1.742861,0.808194,0.840487
aaaaaphw_s001_t000,broadband,5.0,naive,0,2.714895,0.912048,0.185513
aaaaapij_s001_t000,broadband,5.0,naive,0,1.625355,0.790749,0.195350
aaaaapjc_s001_t001,broadband,5.0,naive,0,0.586714,0.590770,0.118789
aaaaapka_s001_t000,broadband,5.0,naive,0,-0.089998,0.435408,0.509149
aaaaapkx_s001_t001,broadband,5.0,naive,1,0.919246,0.662675,0.449542
aaaaaply_s001_t001,broadband,5.0,naive,1,3.174245,0.940726,0.268352
aaaaapmb_s002_t001,broadband,5.0,naive,1,3.247473,0.944398,0.096801
aaaaapmp_s001_t000,broadband,5.0,naive,1,0.921412,0.663124,1.249461
aaaaapnr_s001_t000,broadband,5.0,naive,1,1.307053,0.737796,0.237992
aaaaapoc_s001_t000,broadband,5.0,naive,1,1.768760,0.811886,1.009014
aaaaapof_s001_t000,broadband,5.0,naive,0,0.750539,0.626898,0.357063
aaaaapoo_s001_t000,broadband,5.0,naive,0,1.008258,0.680856,0.444340
aaaaapoq_s001_t000,broadband,5.0,naive,0,2.063276,0.850074,0.683653
aaaaappb_s001_t000,broadband,5.0,naive,0,1.427757,0.758848,1.748641
aaaaapqd_s001_t000,broadband,5.0,naive,1,1.264639,0.730123,1.425852
aaaaapqv_s001_t000,broadband,5.0,naive,0,1.264474,0.730093,0.689128
aaaaapta_s001_t000,broadband,5.0,naive,1,1.892411,0.828761,0.036575
aaaaapth_s001_t000,broadband,5.0,naive,1,2.180649,0.863412,0.249438
aaaaapua_s001_t001,broadband,5.0,naive,0,-3.702254,0.026428,0.248964
aaaaapuu_s001_t000,broadband,5.0,naive,0,1.448479,0.762344,0.546859
aaaaapvw_s001_t001,broadband,5.0,naive,1,2.329341,0.878861,0.636163
aaaaapvy_s001_t000,broadband,5.0,naive,1,1.062198,0.691616,1.235513
aaaaapwn_s001_t001,broadband,5.0,naive,0,-0.252885,0.398736,1.109654
aaaaapwo_s001_t001,broadband,5.0,naive,1,7.863837,0.999183,0.391699
aaaaapxm_s001_t001,broadband,5.0,naive,0,-0.690647,0.306545,0.205542
aaaaapys_s001_t001,broadband,5.0,naive,1,7.726439,0.999072,0.124844
aaaaapys_s002_t001,broadband,5.0,naive,1,5.949148,0.995205,0.399924
aaaaaayx_s002_t000,calibration,0.5,canonicalized,0,-0.022554,0.450826,1.652800
aaaaabdo_s003_t000,calibration,0.5,canonicalized,1,7.926970,0.999230,1.869571
aaaaabsk_s007_t000,calibration,0.5,canonicalized,1,1.572000,0.782452,1.103525
aaaaabuv_s002_t000,calibration,0.5,canonicalized,1,2.921728,0.926255,1.343185
aaaaacad_s003_t000,calibration,0.5,canonicalized,0,0.364790,0.540297,0.544353
aaaaacby_s004_t000,calibration,0.5,canonicalized,0,-0.231377,0.403523,0.264911
aaaaaddm_s006_t000,calibration,0.5,canonicalized,1,3.462128,0.953964,4.678437
aaaaadeu_s002_t000,calibration,0.5,canonicalized,1,2.696893,0.910701,1.185424
aaaaadjk_s002_t000,calibration,0.5,canonicalized,0,-2.343582,0.087244,0.319146
aaaaadkb_s002_t000,calibration,0.5,canonicalized,1,6.977986,0.998146,6.767433
aaaaadsm_s002_t001,calibration,0.5,canonicalized,0,-2.154504,0.102240,0.951861
aaaaaeab_s003_t000,calibration,0.5,canonicalized,0,-0.487356,0.347971,0.443799
aaaaaejc_s003_t001,calibration,0.5,canonicalized,0,2.912425,0.925664,0.829726
aaaaaezn_s003_t001,calibration,0.5,canonicalized,1,1.065983,0.692363,6.667205
aaaaafhl_s003_t000,calibration,0.5,canonicalized,1,2.953397,0.928234,0.265944
aaaaagfk_s003_t000,calibration,0.5,canonicalized,0,-1.155759,0.223177,1.235375
aaaaagsc_s003_t001,calibration,0.5,canonicalized,1,4.641177,0.984072,5.928843
aaaaagsc_s006_t001,calibration,0.5,canonicalized,1,1.088106,0.696712,1.341046
aaaaaguk_s002_t001,calibration,0.5,canonicalized,0,-3.795074,0.024303,0.390571
aaaaagvx_s002_t000,calibration,0.5,canonicalized,1,0.562857,0.585416,0.775320
aaaaagvx_s003_t001,calibration,0.5,canonicalized,1,1.906075,0.830550,0.693810
aaaaagyr_s002_t000,calibration,0.5,canonicalized,1,-0.564502,0.331935,0.705318
aaaaahie_s005_t001,calibration,0.5,canonicalized,1,7.723832,0.999070,1.990954
aaaaahsv_s002_t000,calibration,0.5,canonicalized,0,-0.675144,0.309607,2.527478
aaaaahte_s002_t000,calibration,0.5,canonicalized,1,8.945913,0.999700,3.685500
aaaaahte_s003_t000,calibration,0.5,canonicalized,1,9.469057,0.999815,0.419798
aaaaahuy_s002_t000,calibration,0.5,canonicalized,1,-1.476531,0.175891,0.059438
aaaaahzi_s001_t000,calibration,0.5,canonicalized,0,-0.860523,0.274142,0.709215
aaaaahzm_s001_t001,calibration,0.5,canonicalized,0,-1.094328,0.233200,1.348710
aaaaahzq_s001_t000,calibration,0.5,canonicalized,0,-3.628360,0.028247,0.060906
aaaaahzs_s001_t001,calibration,0.5,canonicalized,0,-1.053145,0.240092,1.692696
aaaaaiae_s001_t000,calibration,0.5,canonicalized,0,0.877159,0.653905,1.808168
aaaaaibx_s001_t000,calibration,0.5,canonicalized,0,0.154223,0.491613,0.225827
aaaaaiby_s001_t000,calibration,0.5,canonicalized,0,-1.221003,0.212873,1.148603
aaaaaici_s001_t000,calibration,0.5,canonicalized,0,-2.137281,0.103714,4.614426
aaaaaicn_s001_t000,calibration,0.5,canonicalized,0,0.737780,0.624129,2.042876
aaaaaijh_s002_t000,calibration,0.5,canonicalized,1,-2.881360,0.054888,0.414732
aaaaaijn_s001_t001,calibration,0.5,canonicalized,0,-0.254196,0.398445,0.626858
aaaaairb_s001_t001,calibration,0.5,canonicalized,0,-0.382943,0.370229,0.813401
aaaaairo_s001_t000,calibration,0.5,canonicalized,0,-2.655239,0.066825,1.296635
aaaaaitt_s001_t000,calibration,0.5,canonicalized,0,-3.335795,0.036719,3.772701
aaaaaiue_s004_t000,calibration,0.5,canonicalized,1,0.265033,0.517272,3.827692
aaaaaiuo_s002_t000,calibration,0.5,canonicalized,0,3.017104,0.932068,0.823270
aaaaaiwz_s001_t001,calibration,0.5,canonicalized,0,-1.711521,0.146520,0.824778
aaaaaiyy_s001_t001,calibration,0.5,canonicalized,0,-3.160882,0.042902,0.224463
aaaaaizd_s001_t001,calibration,0.5,canonicalized,0,-0.038547,0.447160,2.591040
aaaaaizs_s001_t000,calibration,0.5,canonicalized,0,1.177731,0.713966,1.102915
aaaaajae_s001_t001,calibration,0.5,canonicalized,0,5.349483,0.991673,3.849591
aaaaajah_s002_t001,calibration,0.5,canonicalized,1,0.545773,0.581569,1.083018
aaaaajah_s004_t000,calibration,0.5,canonicalized,1,-0.851958,0.275724,2.539179
aaaaajal_s001_t001,calibration,0.5,canonicalized,0,-3.200549,0.041418,0.336014
aaaaajam_s001_t000,calibration,0.5,canonicalized,1,-0.935311,0.260571,0.334218
aaaaajar_s001_t001,calibration,0.5,canonicalized,0,-0.837634,0.278382,0.134036
aaaaajbb_s001_t000,calibration,0.5,canonicalized,0,1.958593,0.837289,0.569023
aaaaajbh_s002_t000,calibration,0.5,canonicalized,0,-4.378036,0.014306,0.262662
aaaaajce_s001_t000,calibration,0.5,canonicalized,0,-0.978229,0.252983,0.158936
aaaaajci_s001_t000,calibration,0.5,canonicalized,0,-3.058376,0.046976,1.473388
aaaaajck_s001_t000,calibration,0.5,canonicalized,0,-3.919496,0.021714,0.051433
aaaaajct_s001_t000,calibration,0.5,canonicalized,0,1.575402,0.782988,3.659361
aaaaajcu_s001_t000,calibration,0.5,canonicalized,0,0.721322,0.620545,0.696827
aaaaajda_s001_t000,calibration,0.5,canonicalized,0,-3.757337,0.025146,0.458023
aaaaajdb_s001_t000,calibration,0.5,canonicalized,0,-1.574822,0.163078,3.451235
aaaaajdv_s001_t000,calibration,0.5,canonicalized,0,2.786038,0.917194,5.046248
aaaaajdy_s001_t000,calibration,0.5,canonicalized,0,-2.641004,0.067653,0.914217
aaaaajdz_s001_t000,calibration,0.5,canonicalized,0,-1.417641,0.183940,0.408753
aaaaajea_s001_t000,calibration,0.5,canonicalized,0,2.400239,0.885682,2.927727
aaaaajen_s001_t000,calibration,0.5,canonicalized,0,-1.951801,0.120811,1.794978
aaaaajey_s001_t000,calibration,0.5,canonicalized,0,-0.493557,0.346668,0.469443
aaaaajfb_s001_t000,calibration,0.5,canonicalized,0,-3.418477,0.034104,1.822105
aaaaajfe_s001_t000,calibration,0.5,canonicalized,0,-1.578438,0.162621,0.407285
aaaaajff_s001_t000,calibration,0.5,canonicalized,0,-3.734810,0.025662,0.621854
aaaaajfi_s001_t001,calibration,0.5,canonicalized,0,-1.184872,0.218536,0.248563
aaaaajfn_s001_t001,calibration,0.5,canonicalized,0,-2.656633,0.066745,1.145278
aaaaajfy_s001_t000,calibration,0.5,canonicalized,0,-4.200339,0.016823,0.195867
aaaaajga_s001_t001,calibration,0.5,canonicalized,0,0.582520,0.589830,5.425110
aaaaajhy_s001_t000,calibration,0.5,canonicalized,0,-2.985537,0.050091,3.473307
aaaaajit_s001_t001,calibration,0.5,canonicalized,0,-3.364139,0.035802,0.587679
aaaaajiu_s001_t000,calibration,0.5,canonicalized,0,1.694138,0.801099,5.765084
aaaaajiy_s001_t001,calibration,0.5,canonicalized,0,-0.448515,0.356179,1.425773
aaaaajiz_s001_t000,calibration,0.5,canonicalized,0,-1.251130,0.208234,1.062396
aaaaajjb_s001_t001,calibration,0.5,canonicalized,0,1.957567,0.837159,4.562608
aaaaajje_s001_t000,calibration,0.5,canonicalized,0,-2.063683,0.110226,5.481170
aaaaajjk_s001_t000,calibration,0.5,canonicalized,0,-2.311266,0.089658,0.341236
aaaaajna_s001_t000,calibration,0.5,canonicalized,0,-1.450173,0.179459,1.833338
aaaaajnu_s001_t000,calibration,0.5,canonicalized,0,-2.565613,0.072194,4.514059
aaaaajon_s001_t000,calibration,0.5,canonicalized,0,-0.856419,0.274899,0.341431
aaaaajoo_s002_t001,calibration,0.5,canonicalized,1,-0.030309,0.449048,2.520011
aaaaajpg_s001_t001,calibration,0.5,canonicalized,0,-2.260635,0.093561,0.541869
aaaaajqh_s004_t000,calibration,0.5,canonicalized,1,9.002352,0.999715,5.989583
aaaaajqk_s003_t001,calibration,0.5,canonicalized,1,4.988813,0.988407,0.783429
aaaaajrf_s001_t000,calibration,0.5,canonicalized,1,6.850991,0.997915,2.093751
aaaaajrf_s002_t000,calibration,0.5,canonicalized,1,11.602089,0.999974,5.125755
aaaaajrf_s003_t002,calibration,0.5,canonicalized,1,10.360484,0.999919,2.075467
aaaaajrf_s004_t000,calibration,0.5,canonicalized,1,3.125529,0.938159,0.375704
aaaaajso_s001_t000,calibration,0.5,canonicalized,1,8.767158,0.999646,5.771150
aaaaajtg_s001_t000,calibration,0.5,canonicalized,0,-0.183729,0.414192,2.740711
aaaaajtu_s001_t000,calibration,0.5,canonicalized,0,-0.273634,0.394136,1.720723
aaaaajuh_s001_t000,calibration,0.5,canonicalized,1,7.605799,0.998963,4.506998
aaaaajun_s001_t000,calibration,0.5,canonicalized,0,4.565491,0.982934,1.298545
aaaaajvh_s001_t001,calibration,0.5,canonicalized,0,-2.210674,0.097561,0.373441
aaaaajxp_s001_t000,calibration,0.5,canonicalized,0,0.774751,0.632130,1.546636
aaaaakck_s001_t001,calibration,0.5,canonicalized,1,1.799165,0.816151,0.109180
aaaaakcx_s001_t001,calibration,0.5,canonicalized,1,9.800092,0.999864,1.631602
aaaaakcy_s005_t001,calibration,0.5,canonicalized,1,8.816933,0.999662,0.443684
aaaaakdj_s001_t000,calibration,0.5,canonicalized,1,0.485921,0.568017,0.717272
aaaaakdo_s001_t000,calibration,0.5,canonicalized,1,0.469897,0.564371,2.702775
aaaaakeq_s001_t000,calibration,0.5,canonicalized,1,1.959801,0.837441,1.081401
aaaaakeq_s002_t000,calibration,0.5,canonicalized,1,2.324878,0.878420,5.149065
aaaaakeq_s003_t000,calibration,0.5,canonicalized,1,3.926552,0.969572,2.351763
aaaaakev_s001_t001,calibration,0.5,canonicalized,1,9.227114,0.999769,4.698120
aaaaakev_s002_t000,calibration,0.5,canonicalized,1,8.999028,0.999715,5.370451
aaaaakft_s001_t000,calibration,0.5,canonicalized,0,-2.848992,0.056465,0.995986
aaaaakgp_s001_t001,calibration,0.5,canonicalized,0,0.777216,0.632661,1.786987
aaaaakgu_s001_t000,calibration,0.5,canonicalized,1,-1.845834,0.131633,0.209388
aaaaakjk_s002_t002,calibration,0.5,canonicalized,1,2.196769,0.865164,7.672108
aaaaakjk_s003_t000,calibration,0.5,canonicalized,1,2.433522,0.888767,0.640946
aaaaakka_s001_t001,calibration,0.5,canonicalized,0,-1.147659,0.224481,1.129812
aaaaakmg_s003_t001,calibration,0.5,canonicalized,1,8.235785,0.999421,1.173804
aaaaakmh_s001_t000,calibration,0.5,canonicalized,1,1.327351,0.741417,4.195727
aaaaaknt_s001_t000,calibration,0.5,canonicalized,1,3.683660,0.962184,0.713802
aaaaakoo_s001_t001,calibration,0.5,canonicalized,1,8.799171,0.999656,0.767317
aaaaakqg_s001_t001,calibration,0.5,canonicalized,0,-1.243130,0.209458,1.262333
aaaaakqr_s001_t000,calibration,0.5,canonicalized,0,-2.839344,0.056943,0.329007
aaaaakrt_s001_t001,calibration,0.5,canonicalized,1,6.962137,0.998119,0.394993
aaaaakrt_s002_t001,calibration,0.5,canonicalized,1,7.542199,0.998900,0.516150
aaaaaksb_s001_t000,calibration,0.5,canonicalized,0,-2.306133,0.090047,0.293243
aaaaaksu_s001_t001,calibration,0.5,canonicalized,0,0.890360,0.656667,0.554019
aaaaakxz_s001_t001,calibration,0.5,canonicalized,1,4.139227,0.974877,1.020011
aaaaakxz_s002_t001,calibration,0.5,canonicalized,1,4.494084,0.981788,0.343841
aaaaalaf_s001_t000,calibration,0.5,canonicalized,0,-2.249810,0.094415,0.541912
aaaaalau_s001_t000,calibration,0.5,canonicalized,1,5.512606,0.992832,4.992144
aaaaalbh_s001_t000,calibration,0.5,canonicalized,1,2.349873,0.880872,2.229428
aaaaalbt_s001_t001,calibration,0.5,canonicalized,0,-0.672315,0.310168,0.461908
aaaaalbt_s002_t000,calibration,0.5,canonicalized,0,-0.866219,0.273093,0.815229
aaaaalbz_s006_t000,calibration,0.5,canonicalized,1,7.629519,0.998985,17.657812
aaaaalid_s001_t001,calibration,0.5,canonicalized,0,1.448144,0.762288,0.801954
aaaaaljf_s001_t000,calibration,0.5,canonicalized,1,5.420403,0.992198,1.764884
aaaaaljj_s001_t000,calibration,0.5,canonicalized,0,-2.679672,0.065428,0.898377
aaaaallc_s001_t001,calibration,0.5,canonicalized,0,0.132168,0.486507,0.618265
aaaaalle_s002_t000,calibration,0.5,canonicalized,1,1.192431,0.716739,1.480795
aaaaalox_s001_t001,calibration,0.5,canonicalized,0,4.683436,0.984674,2.384210
aaaaalpv_s001_t000,calibration,0.5,canonicalized,0,-0.026437,0.449935,2.740002
aaaaalqa_s001_t000,calibration,0.5,canonicalized,0,-0.546093,0.335728,0.833122
aaaaalqr_s001_t001,calibration,0.5,canonicalized,1,0.830847,0.644131,0.376276
aaaaalqs_s001_t001,calibration,0.5,canonicalized,0,-2.135240,0.103890,0.469845
aaaaalqx_s001_t000,calibration,0.5,canonicalized,0,-3.573323,0.029681,0.251280
aaaaalrc_s002_t000,calibration,0.5,canonicalized,1,12.817328,0.999992,0.106460
aaaaalsq_s001_t000,calibration,0.5,canonicalized,0,0.994438,0.678068,0.669368
aaaaalsx_s001_t000,calibration,0.5,canonicalized,1,0.231382,0.509483,1.230081
aaaaalsx_s004_t001,calibration,0.5,canonicalized,1,0.702473,0.616425,0.189300
aaaaaluz_s001_t001,calibration,0.5,canonicalized,0,-3.496494,0.031801,0.256540
aaaaalvw_s001_t000,calibration,0.5,canonicalized,0,-3.630843,0.028184,0.512881
aaaaalvz_s001_t000,calibration,0.5,canonicalized,1,9.590626,0.999835,1.822764
aaaaalxk_s001_t000,calibration,0.5,canonicalized,0,-0.018037,0.451862,0.556704
aaaaalyr_s001_t000,calibration,0.5,canonicalized,1,1.687088,0.800056,0.566342
aaaaalzk_s002_t001,calibration,0.5,canonicalized,1,9.931049,0.999880,3.710876
aaaaamcb_s001_t001,calibration,0.5,canonicalized,1,8.348974,0.999479,2.637121
aaaaamfe_s001_t001,calibration,0.5,canonicalized,0,0.204914,0.503354,0.102789
aaaaamft_s001_t001,calibration,0.5,canonicalized,1,1.486991,0.768748,0.220940
aaaaamfu_s001_t000,calibration,0.5,canonicalized,0,-2.037087,0.112666,0.133188
aaaaamhi_s001_t000,calibration,0.5,canonicalized,1,5.423843,0.992223,6.743644
aaaaamhk_s001_t000,calibration,0.5,canonicalized,1,5.356024,0.991722,0.537674
aaaaamjc_s001_t001,calibration,0.5,canonicalized,1,8.611883,0.999591,0.592790
aaaaammh_s001_t001,calibration,0.5,canonicalized,1,2.918511,0.926051,0.377693
aaaaamnq_s001_t000,calibration,0.5,canonicalized,1,7.659806,0.999013,3.155356
aaaaamnq_s002_t000,calibration,0.5,canonicalized,1,5.671903,0.993810,0.417244
aaaaamon_s001_t000,calibration,0.5,canonicalized,0,-0.163585,0.418728,2.901719
aaaaampz_s001_t000,calibration,0.5,canonicalized,1,1.237694,0.725176,3.267190
aaaaamrj_s001_t000,calibration,0.5,canonicalized,0,1.704260,0.802589,0.557868
aaaaamsc_s001_t000,calibration,0.5,canonicalized,1,6.416794,0.996886,0.207716
aaaaamtb_s001_t000,calibration,0.5,canonicalized,0,2.961625,0.928740,0.823095
aaaaamuc_s001_t000,calibration,0.5,canonicalized,0,-1.972526,0.118786,0.172072
aaaaamxn_s001_t000,calibration,0.5,canonicalized,1,0.281163,0.521002,0.580952
aaaaamyb_s001_t001,calibration,0.5,canonicalized,0,0.002141,0.456497,1.345558
aaaaamye_s001_t000,calibration,0.5,canonicalized,1,10.404281,0.999922,0.826751
aaaaamzi_s001_t001,calibration,0.5,canonicalized,1,6.343047,0.996666,1.104032
aaaaamzl_s001_t000,calibration,0.5,canonicalized,0,-2.155313,0.102171,0.579614
aaaaamzx_s001_t000,calibration,0.5,canonicalized,0,-2.699714,0.064301,2.267225
aaaaanbq_s001_t000,calibration,0.5,canonicalized,0,-1.091176,0.233723,0.289263
aaaaanek_s001_t000,calibration,0.5,canonicalized,0,-2.809486,0.058447,0.111515
aaaaangp_s001_t000,calibration,0.5,canonicalized,0,0.129032,0.485781,0.531621
aaaaanhb_s001_t003,calibration,0.5,canonicalized,1,2.881387,0.923661,1.575269
aaaaanhb_s003_t001,calibration,0.5,canonicalized,1,5.259569,0.990956,0.579852
aaaaanhb_s005_t000,calibration,0.5,canonicalized,1,9.094950,0.999739,0.832848
aaaaankf_s001_t000,calibration,0.5,canonicalized,1,4.493314,0.981776,2.131465
aaaaanlp_s001_t000,calibration,0.5,canonicalized,0,-1.272280,0.205021,0.276767
aaaaanmc_s001_t000,calibration,0.5,canonicalized,1,8.585052,0.999581,3.350047
aaaaanop_s001_t000,calibration,0.5,canonicalized,0,1.149191,0.708536,2.558986
aaaaanoz_s001_t000,calibration,0.5,canonicalized,1,0.321017,0.530209,0.651194
aaaaanpr_s001_t002,calibration,0.5,canonicalized,1,5.412543,0.992141,7.235799
aaaaanqe_s001_t000,calibration,0.5,canonicalized,0,-2.932075,0.052501,0.636279
aaaaanro_s001_t000,calibration,0.5,canonicalized,1,3.455228,0.953683,1.694504
aaaaansj_s001_t000,calibration,0.5,canonicalized,1,5.344670,0.991636,3.521293
aaaaanta_s001_t000,calibration,0.5,canonicalized,1,6.246306,0.996355,8.311026
aaaaanum_s001_t000,calibration,0.5,canonicalized,0,-0.037411,0.447420,1.307668
aaaaanvb_s002_t000,calibration,0.5,canonicalized,0,-1.344901,0.194272,0.187400
aaaaanvg_s001_t002,calibration,0.5,canonicalized,0,2.471051,0.892159,1.063397
aaaaanvw_s001_t000,calibration,0.5,canonicalized,0,-2.888341,0.054553,0.777490
aaaaanwc_s001_t001,calibration,0.5,canonicalized,1,6.941011,0.998082,15.114196
aaaaanxl_s001_t000,calibration,0.5,canonicalized,1,6.484978,0.997076,12.812692
aaaaanyb_s001_t001,calibration,0.5,canonicalized,0,1.117489,0.702433,0.844835
aaaaanyt_s002_t000,calibration,0.5,canonicalized,1,6.009018,0.995463,2.511156
aaaaanyw_s001_t000,calibration,0.5,canonicalized,1,2.588426,0.902184,0.186786
aaaaanyw_s002_t000,calibration,0.5,canonicalized,1,4.315338,0.978579,1.656269
aaaaanzh_s001_t000,calibration,0.5,canonicalized,1,-0.695445,0.305601,3.082682
aaaaanzu_s001_t003,calibration,0.5,canonicalized,1,2.108388,0.855323,3.455170
aaaaaoav_s001_t000,calibration,0.5,canonicalized,0,-2.813856,0.058224,0.293902
aaaaaoav_s002_t000,calibration,0.5,canonicalized,0,-1.600250,0.159888,0.449937
aaaaaobi_s001_t000,calibration,0.5,canonicalized,1,-0.498128,0.345710,10.684360
aaaaaobl_s001_t000,calibration,0.5,canonicalized,0,-0.260180,0.397117,2.019586
aaaaaoby_s001_t000,calibration,0.5,canonicalized,0,-0.061294,0.441956,4.833374
aaaaaoda_s001_t000,calibration,0.5,canonicalized,1,8.218967,0.999412,8.702627
aaaaaoeg_s001_t000,calibration,0.5,canonicalized,0,1.660030,0.796015,0.786430
aaaaaofj_s001_t000,calibration,0.5,canonicalized,0,-2.474169,0.078078,0.439454
aaaaaofr_s001_t000,calibration,0.5,canonicalized,0,3.140482,0.938958,1.407310
aaaaaofz_s001_t000,calibration,0.5,canonicalized,0,0.151136,0.490898,0.989103
aaaaaohb_s001_t000,calibration,0.5,canonicalized,1,2.647558,0.906913,0.360260
aaaaaohr_s002_t001,calibration,0.5,canonicalized,1,6.380638,0.996780,0.444400
aaaaaoiq_s001_t000,calibration,0.5,canonicalized,1,2.112383,0.855781,0.354389
aaaaaoiv_s001_t000,calibration,0.5,canonicalized,1,0.839063,0.645874,0.116959
aaaaaoiv_s002_t001,calibration,0.5,canonicalized,1,9.136087,0.999749,1.192082
aaaaaoiv_s003_t003,calibration,0.5,canonicalized,1,6.769082,0.997751,0.069594
aaaaaojd_s001_t002,calibration,0.5,canonicalized,0,0.267063,0.517741,2.108229
aaaaaokg_s001_t000,calibration,0.5,canonicalized,0,4.595971,0.983402,3.046425
aaaaaoly_s001_t000,calibration,0.5,canonicalized,0,-0.776629,0.289877,6.702924
aaaaaome_s001_t000,calibration,0.5,canonicalized,0,-1.087302,0.234366,2.231485
aaaaaomx_s001_t000,calibration,0.5,canonicalized,0,-0.131588,0.425960,0.776193
aaaaaomy_s001_t000,calibration,0.5,canonicalized,1,4.442165,0.980908,5.576884
aaaaaonb_s001_t000,calibration,0.5,canonicalized,0,1.089848,0.697053,2.026449
aaaaaons_s002_t002,calibration,0.5,canonicalized,1,7.404539,0.998751,0.387846
aaaaaopd_s001_t000,calibration,0.5,canonicalized,0,-0.578515,0.329062,2.407168
aaaaaopo_s001_t000,calibration,0.5,canonicalized,0,-1.938427,0.122133,0.108137
aaaaaora_s002_t000,calibration,0.5,canonicalized,1,2.270925,0.872980,0.543607
aaaaaord_s001_t000,calibration,0.5,canonicalized,1,2.105458,0.854987,0.541965
aaaaaosh_s001_t000,calibration,0.5,canonicalized,1,1.495371,0.770125,1.336208
aaaaaosw_s001_t000,calibration,0.5,canonicalized,0,1.330159,0.741916,4.002450
aaaaaote_s001_t000,calibration,0.5,canonicalized,0,-1.072176,0.236890,0.979363
aaaaaout_s001_t000,calibration,0.5,canonicalized,1,2.826006,0.919963,2.511462
aaaaaovl_s001_t000,calibration,0.5,canonicalized,1,4.270993,0.977700,0.104068
aaaaaovo_s001_t000,calibration,0.5,canonicalized,1,8.510006,0.999551,0.175311
aaaaaowb_s001_t000,calibration,0.5,canonicalized,0,0.218996,0.506615,0.998004
aaaaaoxf_s001_t000,calibration,0.5,canonicalized,0,-1.473390,0.176313,0.606409
aaaaaozf_s001_t001,calibration,0.5,canonicalized,0,-0.263847,0.396303,1.554760
aaaaapag_s001_t000,calibration,0.5,canonicalized,0,-2.310204,0.089738,2.336686
aaaaapar_s001_t000,calibration,0.5,canonicalized,1,12.150313,0.999985,0.287349
aaaaapcb_s001_t000,calibration,0.5,canonicalized,0,3.171392,0.940579,0.209626
aaaaapcy_s001_t002,calibration,0.5,canonicalized,0,-3.066951,0.046621,0.353745
aaaaapdg_s001_t000,calibration,0.5,canonicalized,0,-1.167970,0.221222,0.095475
aaaaaphs_s001_t000,calibration,0.5,canonicalized,1,3.319694,0.947809,3.761623
aaaaaphw_s001_t000,calibration,0.5,canonicalized,0,1.795957,0.815704,0.632847
aaaaapij_s001_t000,calibration,0.5,canonicalized,0,0.370371,0.541581,1.115162
aaaaapjc_s001_t001,calibration,0.5,canonicalized,0,-4.549000,0.012236,0.228823
aaaaapka_s001_t000,calibration,0.5,canonicalized,0,-1.019442,0.245835,0.449441
aaaaapkx_s001_t001,calibration,0.5,canonicalized,1,-1.870067,0.129088,3.334018
aaaaaply_s001_t001,calibration,0.5,canonicalized,1,3.828553,0.966776,3.421063
aaaaapmb_s002_t001,calibration,0.5,canonicalized,1,6.932059,0.998066,0.861444
aaaaapmp_s001_t000,calibration,0.5,canonicalized,1,-0.544311,0.336096,1.899450
aaaaapnr_s001_t000,calibration,0.5,canonicalized,1,-1.759301,0.141071,1.991794
aaaaapoc_s001_t000,calibration,0.5,canonicalized,1,4.954304,0.988035,5.377734
aaaaapof_s001_t000,calibration,0.5,canonicalized,0,-3.427652,0.033825,0.161465
aaaaapoo_s001_t000,calibration,0.5,canonicalized,0,-3.067820,0.046585,1.558462
aaaaapoq_s001_t000,calibration,0.5,canonicalized,0,1.177905,0.713999,2.101599
aaaaappb_s001_t000,calibration,0.5,canonicalized,0,0.311460,0.528003,3.466488
aaaaapqd_s001_t000,calibration,0.5,canonicalized,1,1.284848,0.733796,3.047111
aaaaapqv_s001_t000,calibration,0.5,canonicalized,0,-3.156170,0.043082,2.169340
aaaaapta_s001_t000,calibration,0.5,canonicalized,1,6.243790,0.996347,1.599038
aaaaapth_s001_t000,calibration,0.5,canonicalized,1,2.745472,0.914294,6.330779
aaaaapua_s001_t001,calibration,0.5,canonicalized,0,-3.692362,0.026664,0.443427
aaaaapuu_s001_t000,calibration,0.5,canonicalized,0,-2.095899,0.107333,1.807532
aaaaapvw_s001_t001,calibration,0.5,canonicalized,1,5.376163,0.991874,3.253197
aaaaapvy_s001_t000,calibration,0.5,canonicalized,1,4.152763,0.975183,9.192408
aaaaapwn_s001_t001,calibration,0.5,canonicalized,0,-1.264943,0.206132,1.691417
aaaaapwo_s001_t001,calibration,0.5,canonicalized,1,8.856062,0.999674,0.652752
aaaaapxm_s001_t001,calibration,0.5,canonicalized,0,-1.801472,0.136403,0.509571
aaaaapys_s001_t001,calibration,0.5,canonicalized,1,12.608388,0.999990,0.183696
aaaaapys_s002_t001,calibration,0.5,canonicalized,1,9.332268,0.999790,5.928584
aaaaaayx_s002_t000,calibration,0.5,naive,0,5.689617,0.993910,3.240316
aaaaabdo_s003_t000,calibration,0.5,naive,1,10.124439,0.999899,1.841951
aaaaabsk_s007_t000,calibration,0.5,naive,1,1.215964,0.721145,2.203048
aaaaabuv_s002_t000,calibration,0.5,naive,1,4.459574,0.981208,0.900330
aaaaacad_s003_t000,calibration,0.5,naive,0,0.825912,0.643082,0.644771
aaaaacby_s004_t000,calibration,0.5,naive,0,4.341272,0.979076,0.742201
aaaaaddm_s006_t000,calibration,0.5,naive,1,4.309232,0.978460,5.248123
aaaaadeu_s002_t000,calibration,0.5,naive,1,3.910939,0.969143,0.732089
aaaaadjk_s002_t000,calibration,0.5,naive,0,-1.468733,0.176941,0.738737
aaaaadkb_s002_t000,calibration,0.5,naive,1,7.844557,0.999169,6.839369
aaaaadsm_s002_t001,calibration,0.5,naive,0,2.342764,0.880179,4.055393
aaaaaeab_s003_t000,calibration,0.5,naive,0,1.931765,0.833874,1.257566
aaaaaejc_s003_t001,calibration,0.5,naive,0,4.388734,0.979959,0.744888
aaaaaezn_s003_t001,calibration,0.5,naive,1,4.344074,0.979130,10.024931
aaaaafhl_s003_t000,calibration,0.5,naive,1,3.088533,0.936140,0.948358
aaaaagfk_s003_t000,calibration,0.5,naive,0,1.426092,0.758565,7.939975
aaaaagsc_s003_t001,calibration,0.5,naive,1,7.818693,0.999148,3.541113
aaaaagsc_s006_t001,calibration,0.5,naive,1,5.117116,0.989693,2.609442
aaaaaguk_s002_t001,calibration,0.5,naive,0,-4.049354,0.019300,0.519597
aaaaagvx_s002_t000,calibration,0.5,naive,1,1.881689,0.827347,1.032393
aaaaagvx_s003_t001,calibration,0.5,naive,1,2.568009,0.900502,0.450003
aaaaagyr_s002_t000,calibration,0.5,naive,1,2.482090,0.893139,3.053612
aaaaahie_s005_t001,calibration,0.5,naive,1,8.668208,0.999612,0.614618
aaaaahsv_s002_t000,calibration,0.5,naive,0,1.105670,0.700139,7.345657
aaaaahte_s002_t000,calibration,0.5,naive,1,11.004995,0.999955,5.786381
aaaaahte_s003_t000,calibration,0.5,naive,1,10.898542,0.999951,2.058213
aaaaahuy_s002_t000,calibration,0.5,naive,1,-0.601629,0.324351,0.058703
aaaaahzi_s001_t000,calibration,0.5,naive,0,-2.136506,0.103781,0.533327
aaaaahzm_s001_t001,calibration,0.5,naive,0,0.212046,0.505005,0.230218
aaaaahzq_s001_t000,calibration,0.5,naive,0,-3.920730,0.021690,0.259778
aaaaahzs_s001_t001,calibration,0.5,naive,0,1.822416,0.819361,5.138720
aaaaaiae_s001_t000,calibration,0.5,naive,0,2.453230,0.890560,3.413195
aaaaaibx_s001_t000,calibration,0.5,naive,0,2.766005,0.915773,1.974589
aaaaaiby_s001_t000,calibration,0.5,naive,0,7.316998,0.998645,3.438298
aaaaaici_s001_t000,calibration,0.5,naive,0,1.270336,0.731162,35.370178
aaaaaicn_s001_t000,calibration,0.5,naive,0,6.037937,0.995582,4.847969
aaaaaijh_s002_t000,calibration,0.5,naive,1,-0.447234,0.356452,1.882701
aaaaaijn_s001_t001,calibration,0.5,naive,0,3.769249,0.964965,1.507658
aaaaairb_s001_t001,calibration,0.5,naive,0,0.808560,0.639384,1.161411
aaaaairo_s001_t000,calibration,0.5,naive,0,3.610734,0.959647,8.087989
aaaaaitt_s001_t000,calibration,0.5,naive,0,-0.546646,0.335614,7.242620
aaaaaiue_s004_t000,calibration,0.5,naive,1,0.760640,0.629085,16.467754
aaaaaiuo_s002_t000,calibration,0.5,naive,0,8.338790,0.999474,2.315792
aaaaaiwz_s001_t001,calibration,0.5,naive,0,-1.272311,0.205017,2.084242
aaaaaiyy_s001_t001,calibration,0.5,naive,0,-2.405327,0.082795,0.460423
aaaaaizd_s001_t001,calibration,0.5,naive,0,3.168537,0.940431,9.996216
aaaaaizs_s001_t000,calibration,0.5,naive,0,3.304367,0.947102,1.824094
aaaaajae_s001_t001,calibration,0.5,naive,0,6.883219,0.997976,5.874880
aaaaajah_s002_t001,calibration,0.5,naive,1,3.275715,0.945756,2.617297
aaaaajah_s004_t000,calibration,0.5,naive,1,0.592621,0.592093,7.101157
aaaaajal_s001_t001,calibration,0.5,naive,0,-2.789067,0.059496,1.605883
aaaaajam_s001_t000,calibration,0.5,naive,1,7.464064,0.998818,0.486756
aaaaajar_s001_t001,calibration,0.5,naive,0,0.908871,0.660523,0.283923
aaaaajbb_s001_t000,calibration,0.5,naive,0,3.717415,0.963305,0.978176
aaaaajbh_s002_t000,calibration,0.5,naive,0,-4.120245,0.018095,0.915003
aaaaajce_s001_t000,calibration,0.5,naive,0,5.085208,0.989387,2.206820
aaaaajci_s001_t000,calibration,0.5,naive,0,-3.424520,0.033920,1.364252
aaaaajck_s001_t000,calibration,0.5,naive,0,-4.535333,0.012390,0.040669
aaaaajct_s001_t000,calibration,0.5,naive,0,8.684599,0.999618,10.696177
aaaaajcu_s001_t000,calibration,0.5,naive,0,5.574058,0.993226,2.880233
aaaaajda_s001_t000,calibration,0.5,naive,0,-0.928342,0.261817,5.275555
aaaaajdb_s001_t000,calibration,0.5,naive,0,1.014919,0.682196,11.191389
aaaaajdv_s001_t000,calibration,0.5,naive,0,4.691719,0.984789,7.998026
aaaaajdy_s001_t000,calibration,0.5,naive,0,-2.660008,0.066550,0.859918
aaaaajdz_s001_t000,calibration,0.5,naive,0,-0.586929,0.327343,1.315373
aaaaajea_s001_t000,calibration,0.5,naive,0,7.997952,0.999279,4.517919
aaaaajen_s001_t000,calibration,0.5,naive,0,1.731158,0.806507,8.256887
aaaaajey_s001_t000,calibration,0.5,naive,0,-0.668656,0.310894,0.439396
aaaaajfb_s001_t000,calibration,0.5,naive,0,-2.650753,0.067085,9.809958
aaaaajfe_s001_t000,calibration,0.5,naive,0,-1.337377,0.195366,0.813968
aaaaajff_s001_t000,calibration,0.5,naive,0,-3.425474,0.033891,0.721529
aaaaajfi_s001_t001,calibration,0.5,naive,0,5.503932,0.992775,5.144026
aaaaajfn_s001_t001,calibration,0.5,naive,0,-0.564953,0.331842,7.293156
aaaaajfy_s001_t000,calibration,0.5,naive,0,-4.749123,0.010186,0.579347
aaaaajga_s001_t001,calibration,0.5,naive,0,6.344176,0.996670,11.367598
aaaaajhy_s001_t000,calibration,0.5,naive,0,-0.032019,0.448656,5.400634
aaaaajit_s001_t001,calibration,0.5,naive,0,-0.941052,0.259548,5.847494
aaaaajiu_s001_t000,calibration,0.5,naive,0,5.032339,0.988860,10.035513
aaaaajiy_s001_t001,calibration,0.5,naive,0,2.274731,0.873370,5.210914
aaaaajiz_s001_t000,calibration,0.5,naive,0,1.621875,0.790215,8.191550
aaaaajjb_s001_t001,calibration,0.5,naive,0,7.567390,0.998925,13.257979
aaaaajje_s001_t000,calibration,0.5,naive,0,0.247791,0.513282,19.505596
aaaaajjk_s001_t000,calibration,0.5,naive,0,-3.179497,0.042199,0.516659
aaaaajna_s001_t000,calibration,0.5,naive,0,0.669411,0.609157,6.042242
aaaaajnu_s001_t000,calibration,0.5,naive,0,2.922481,0.926302,20.888519
aaaaajon_s001_t000,calibration,0.5,naive,0,1.548713,0.778757,3.653335
aaaaajoo_s002_t001,calibration,0.5,naive,1,4.862672,0.986988,3.671702
aaaaajpg_s001_t001,calibration,0.5,naive,0,-2.870084,0.055432,0.423154
aaaaajqh_s004_t000,calibration,0.5,naive,1,10.009829,0.999888,5.810227
aaaaajqk_s003_t001,calibration,0.5,naive,1,7.389258,0.998733,0.747990
aaaaajrf_s001_t000,calibration,0.5,naive,1,7.731226,0.999077,2.012862
aaaaajrf_s002_t000,calibration,0.5,naive,1,9.523218,0.999824,4.056390
aaaaajrf_s003_t002,calibration,0.5,naive,1,10.360720,0.999919,1.823595
aaaaajrf_s004_t000,calibration,0.5,naive,1,3.141909,0.939034,0.274614
aaaaajso_s001_t000,calibration,0.5,naive,1,9.823225,0.999867,6.104330
aaaaajtg_s001_t000,calibration,0.5,naive,0,1.825126,0.819732,7.059304
aaaaajtu_s001_t000,calibration,0.5,naive,0,4.567417,0.982964,9.921041
aaaaajuh_s001_t000,calibration,0.5,naive,1,10.863052,0.999949,10.335430
aaaaajun_s001_t000,calibration,0.5,naive,0,6.573808,0.997306,2.124644
aaaaajvh_s001_t001,calibration,0.5,naive,0,-2.855951,0.056122,0.341642
aaaaajxp_s001_t000,calibration,0.5,naive,0,1.711467,0.803644,2.578006
aaaaakck_s001_t001,calibration,0.5,naive,1,3.486426,0.954943,0.972170
aaaaakcx_s001_t001,calibration,0.5,naive,1,10.558499,0.999933,1.845063
aaaaakcy_s005_t001,calibration,0.5,naive,1,8.736675,0.999636,0.559187
aaaaakdj_s001_t000,calibration,0.5,naive,1,1.235996,0.724862,1.140419
aaaaakdo_s001_t000,calibration,0.5,naive,1,-0.557315,0.333413,2.329260
aaaaakeq_s001_t000,calibration,0.5,naive,1,7.891400,0.999204,2.992418
aaaaakeq_s002_t000,calibration,0.5,naive,1,5.933155,0.995134,9.914766
aaaaakeq_s003_t000,calibration,0.5,naive,1,8.410909,0.999508,3.903552
aaaaakev_s001_t001,calibration,0.5,naive,1,12.469030,0.999989,15.833963
aaaaakev_s002_t000,calibration,0.5,naive,1,17.201303,1.000000,8.272663
aaaaakft_s001_t000,calibration,0.5,naive,0,-1.279927,0.203869,4.861161
aaaaakgp_s001_t001,calibration,0.5,naive,0,6.008731,0.995462,5.343303
aaaaakgu_s001_t000,calibration,0.5,naive,1,-1.483195,0.174998,0.638532
aaaaakjk_s002_t002,calibration,0.5,naive,1,4.252394,0.977321,5.824183
aaaaakjk_s003_t000,calibration,0.5,naive,1,8.022751,0.999295,1.288523
aaaaakka_s001_t001,calibration,0.5,naive,0,0.409093,0.550474,1.085250
aaaaakmg_s003_t001,calibration,0.5,naive,1,19.745504,1.000000,4.525508
aaaaakmh_s001_t000,calibration,0.5,naive,1,5.145379,0.989957,10.159285
aaaaaknt_s001_t000,calibration,0.5,naive,1,5.043331,0.988972,1.385406
aaaaakoo_s001_t001,calibration,0.5,naive,1,15.309279,0.999999,4.649021
aaaaakqg_s001_t001,calibration,0.5,naive,0,5.674850,0.993826,13.562267
aaaaakqr_s001_t000,calibration,0.5,naive,0,0.974653,0.674053,0.999280
aaaaakrt_s001_t001,calibration,0.5,naive,1,11.088030,0.999959,0.448086
aaaaakrt_s002_t001,calibration,0.5,naive,1,10.038679,0.999891,0.665061
aaaaaksb_s001_t000,calibration,0.5,naive,0,1.262061,0.729652,3.205724
aaaaaksu_s001_t001,calibration,0.5,naive,0,7.237068,0.998541,1.476393
aaaaakxz_s001_t001,calibration,0.5,naive,1,1.028648,0.684947,0.142757
aaaaakxz_s002_t001,calibration,0.5,naive,1,4.091643,0.973775,1.595985
aaaaalaf_s001_t000,calibration,0.5,naive,0,-0.527308,0.339620,3.039591
aaaaalau_s001_t000,calibration,0.5,naive,1,7.579794,0.998938,20.539999
aaaaalbh_s001_t000,calibration,0.5,naive,1,2.909030,0.925447,4.146518
aaaaalbt_s001_t001,calibration,0.5,naive,0,5.242868,0.990816,1.952820
aaaaalbt_s002_t000,calibration,0.5,naive,0,6.295081,0.996515,9.810530
aaaaalbz_s006_t000,calibration,0.5,naive,1,7.969242,0.999259,17.651657
aaaaalid_s001_t001,calibration,0.5,naive,0,2.479398,0.892900,2.012490
aaaaaljf_s001_t000,calibration,0.5,naive,1,7.229060,0.998530,2.389344
aaaaaljj_s001_t000,calibration,0.5,naive,0,-1.427438,0.182582,5.211595
aaaaallc_s001_t001,calibration,0.5,naive,0,3.916239,0.969289,1.260765
aaaaalle_s002_t000,calibration,0.5,naive,1,3.519991,0.956262,3.191509
aaaaalox_s001_t001,calibration,0.5,naive,0,9.585911,0.999834,4.453619
aaaaalpv_s001_t000,calibration,0.5,naive,0,3.324986,0.948051,4.092223
aaaaalqa_s001_t000,calibration,0.5,naive,0,3.052078,0.934091,5.982029
aaaaalqr_s001_t001,calibration,0.5,naive,1,14.181700,0.999998,8.961082
aaaaalqs_s001_t001,calibration,0.5,naive,0,-1.487768,0.174387,1.098870
aaaaalqx_s001_t000,calibration,0.5,naive,0,-1.203847,0.215549,2.494657
aaaaalrc_s002_t000,calibration,0.5,naive,1,12.893622,0.999992,0.108396
aaaaalsq_s001_t000,calibration,0.5,naive,0,3.140045,0.938935,3.664865
aaaaalsx_s001_t000,calibration,0.5,naive,1,5.492175,0.992696,1.292788
aaaaalsx_s004_t001,calibration,0.5,naive,1,0.941763,0.667323,1.594229
aaaaaluz_s001_t001,calibration,0.5,naive,0,-3.873334,0.022641,0.524143
aaaaalvw_s001_t000,calibration,0.5,naive,0,-3.092681,0.045573,0.550951
aaaaalvz_s001_t000,calibration,0.5,naive,1,9.505380,0.999821,2.222771
aaaaalxk_s001_t000,calibration,0.5,naive,0,2.464708,0.891592,1.486268
aaaaalyr_s001_t000,calibration,0.5,naive,1,6.705048,0.997614,1.621169
aaaaalzk_s002_t001,calibration,0.5,naive,1,10.058208,0.999893,4.809694
aaaaamcb_s001_t001,calibration,0.5,naive,1,10.312851,0.999915,3.538271
aaaaamfe_s001_t001,calibration,0.5,naive,0,-0.652043,0.314200,0.078423
aaaaamft_s001_t001,calibration,0.5,naive,1,20.844883,1.000000,7.082254
aaaaamfu_s001_t000,calibration,0.5,naive,0,-1.111958,0.230292,0.468539
aaaaamhi_s001_t000,calibration,0.5,naive,1,16.534410,1.000000,25.579874
aaaaamhk_s001_t000,calibration,0.5,naive,1,9.275397,0.999779,1.203546
aaaaamjc_s001_t001,calibration,0.5,naive,1,9.602770,0.999837,0.930360
aaaaammh_s001_t001,calibration,0.5,naive,1,8.343834,0.999476,3.172515
aaaaamnq_s001_t000,calibration,0.5,naive,1,7.827018,0.999155,3.598495
aaaaamnq_s002_t000,calibration,0.5,naive,1,7.533433,0.998891,0.672767
aaaaamon_s001_t000,calibration,0.5,naive,0,4.008783,0.971741,7.621210
aaaaampz_s001_t000,calibration,0.5,naive,1,9.675802,0.999847,10.209814
aaaaamrj_s001_t000,calibration,0.5,naive,0,9.336743,0.999791,1.900564
aaaaamsc_s001_t000,calibration,0.5,naive,1,9.407791,0.999805,0.228279
aaaaamtb_s001_t000,calibration,0.5,naive,0,3.786100,0.965489,2.654583
aaaaamuc_s001_t000,calibration,0.5,naive,0,1.015939,0.682401,0.748810
aaaaamxn_s001_t000,calibration,0.5,naive,1,4.888631,0.987294,1.237061
aaaaamyb_s001_t001,calibration,0.5,naive,0,3.871979,0.968045,7.868224
aaaaamye_s001_t000,calibration,0.5,naive,1,14.814144,0.999999,6.065486
aaaaamzi_s001_t001,calibration,0.5,naive,1,6.320952,0.996598,1.967639
aaaaamzl_s001_t000,calibration,0.5,naive,0,0.560263,0.584832,1.983653
aaaaamzx_s001_t000,calibration,0.5,naive,0,-2.242566,0.094991,1.550401
aaaaanbq_s001_t000,calibration,0.5,naive,0,1.745564,0.808582,0.426103
aaaaanek_s001_t000,calibration,0.5,naive,0,-1.158241,0.222779,0.366370
aaaaangp_s001_t000,calibration,0.5,naive,0,3.713089,0.963163,0.910253
aaaaanhb_s001_t003,calibration,0.5,naive,1,3.670565,0.961740,0.742743
aaaaanhb_s003_t001,calibration,0.5,naive,1,4.948995,0.987976,0.294366
aaaaanhb_s005_t000,calibration,0.5,naive,1,7.987767,0.999272,0.609613
aaaaankf_s001_t000,calibration,0.5,naive,1,9.261820,0.999776,0.474174
aaaaanlp_s001_t000,calibration,0.5,naive,0,0.767339,0.630532,1.724849
aaaaanmc_s001_t000,calibration,0.5,naive,1,9.881643,0.999874,2.823859
aaaaanop_s001_t000,calibration,0.5,naive,0,3.322359,0.947931,2.144708
aaaaanoz_s001_t000,calibration,0.5,naive,1,5.342926,0.991622,1.567671
aaaaanpr_s001_t002,calibration,0.5,naive,1,8.696306,0.999622,12.424488
aaaaanqe_s001_t000,calibration,0.5,naive,0,-3.801241,0.024168,1.225897
aaaaanro_s001_t000,calibration,0.5,naive,1,6.296278,0.996519,1.440363
aaaaansj_s001_t000,calibration,0.5,naive,1,5.370890,0.991835,5.289771
aaaaanta_s001_t000,calibration,0.5,naive,1,7.460386,0.998814,9.764612
aaaaanum_s001_t000,calibration,0.5,naive,0,0.900116,0.658702,2.380333
aaaaanvb_s002_t000,calibration,0.5,naive,0,-0.963850,0.255509,0.534681
aaaaanvg_s001_t002,calibration,0.5,naive,0,4.657840,0.984312,2.672435
aaaaanvw_s001_t000,calibration,0.5,naive,0,-2.617089,0.069064,3.457535
aaaaanwc_s001_t001,calibration,0.5,naive,1,8.652163,0.999606,36.955654
aaaaanxl_s001_t000,calibration,0.5,naive,1,6.605494,0.997384,11.693901
aaaaanyb_s001_t001,calibration,0.5,naive,0,4.966237,0.988165,4.993662
aaaaanyt_s002_t000,calibration,0.5,naive,1,20.790169,1.000000,56.354744
aaaaanyw_s001_t000,calibration,0.5,naive,1,6.003736,0.995441,0.120172
aaaaanyw_s002_t000,calibration,0.5,naive,1,4.744910,0.985510,1.819188
aaaaanzh_s001_t000,calibration,0.5,naive,1,4.243296,0.977134,13.577229
aaaaanzu_s001_t003,calibration,0.5,naive,1,4.806252,0.986300,5.472870
aaaaaoav_s001_t000,calibration,0.5,naive,0,1.780408,0.813529,0.609887
aaaaaoav_s002_t000,calibration,0.5,naive,0,1.817514,0.818688,1.323094
aaaaaobi_s001_t000,calibration,0.5,naive,1,3.637382,0.960592,8.714662
aaaaaobl_s001_t000,calibration,0.5,naive,0,5.802670,0.994512,19.899223
aaaaaoby_s001_t000,calibration,0.5,naive,0,4.571180,0.983023,22.894732
aaaaaoda_s001_t000,calibration,0.5,naive,1,8.944445,0.999700,9.833454
aaaaaoeg_s001_t000,calibration,0.5,naive,0,4.453182,0.981098,0.758730
aaaaaofj_s001_t000,calibration,0.5,naive,0,-2.150389,0.102591,0.502299
aaaaaofr_s001_t000,calibration,0.5,naive,0,4.893013,0.987344,2.511918
aaaaaofz_s001_t000,calibration,0.5,naive,0,0.392089,0.546572,0.809194
aaaaaohb_s001_t000,calibration,0.5,naive,1,11.041199,0.999957,0.713034
aaaaaohr_s002_t001,calibration,0.5,naive,1,8.571453,0.999576,0.958477
aaaaaoiq_s001_t000,calibration,0.5,naive,1,4.185620,0.975909,0.434013
aaaaaoiv_s001_t000,calibration,0.5,naive,1,5.654541,0.993710,0.504023
aaaaaoiv_s002_t001,calibration,0.5,naive,1,11.925217,0.999981,2.206486
aaaaaoiv_s003_t003,calibration,0.5,naive,1,9.766751,0.999860,0.199371
aaaaaojd_s001_t002,calibration,0.5,naive,0,-1.153456,0.223548,1.586565
aaaaaokg_s001_t000,calibration,0.5,naive,0,8.113876,0.999352,3.739221
aaaaaoly_s001_t000,calibration,0.5,naive,0,4.468227,0.981355,17.739693
aaaaaome_s001_t000,calibration,0.5,naive,0,-0.415283,0.363271,0.625591
aaaaaomx_s001_t000,calibration,0.5,naive,0,6.966139,0.998126,9.971885
aaaaaomy_s001_t000,calibration,0.5,naive,1,4.810002,0.986347,4.542171
aaaaaonb_s001_t000,calibration,0.5,naive,0,7.262348,0.998575,3.123699
aaaaaons_s002_t002,calibration,0.5,naive,1,10.080551,0.999895,0.559549
aaaaaopd_s001_t000,calibration,0.5,naive,0,2.539605,0.898119,4.787001
aaaaaopo_s001_t000,calibration,0.5,naive,0,-2.033382,0.113010,0.089386
aaaaaora_s002_t000,calibration,0.5,naive,1,5.152316,0.990020,1.515317
aaaaaord_s001_t000,calibration,0.5,naive,1,3.517091,0.956150,0.420459
aaaaaosh_s001_t000,calibration,0.5,naive,1,2.396917,0.885370,0.881452
aaaaaosw_s001_t000,calibration,0.5,naive,0,4.810149,0.986348,13.721026
aaaaaote_s001_t000,calibration,0.5,naive,0,1.842377,0.822082,5.204844
aaaaaout_s001_t000,calibration,0.5,naive,1,5.405002,0.992087,5.248655
aaaaaovl_s001_t000,calibration,0.5,naive,1,7.785872,0.999122,0.095010
aaaaaovo_s001_t000,calibration,0.5,naive,1,8.588838,0.999583,0.271510
aaaaaowb_s001_t000,calibration,0.5,naive,0,3.325435,0.948072,3.640923
aaaaaoxf_s001_t000,calibration,0.5,naive,0,0.232280,0.509691,0.994742
aaaaaozf_s001_t001,calibration,0.5,naive,0,2.895461,0.924575,8.425210
aaaaapag_s001_t000,calibration,0.5,naive,0,1.063826,0.691938,16.745613
aaaaapar_s001_t000,calibration,0.5,naive,1,13.676073,0.999996,0.354292
aaaaapcb_s001_t000,calibration,0.5,naive,0,4.692383,0.984798,3.235458
aaaaapcy_s001_t002,calibration,0.5,naive,0,-1.759660,0.141031,3.252854
aaaaapdg_s001_t000,calibration,0.5,naive,0,0.806361,0.638914,0.994176
aaaaaphs_s001_t000,calibration,0.5,naive,1,4.633360,0.983958,4.285625
aaaaaphw_s001_t000,calibration,0.5,naive,0,6.911980,0.998029,3.022479
aaaaapij_s001_t000,calibration,0.5,naive,0,7.717319,0.999065,0.958004
aaaaapjc_s001_t001,calibration,0.5,naive,0,-5.167545,0.006935,0.063626
aaaaapka_s001_t000,calibration,0.5,naive,0,6.707143,0.997619,2.524816
aaaaapkx_s001_t001,calibration,0.5,naive,1,1.362963,0.747692,18.987446
aaaaaply_s001_t001,calibration,0.5,naive,1,4.146508,0.975042,6.148932
aaaaapmb_s002_t001,calibration,0.5,naive,1,3.134876,0.938660,1.011370
aaaaapmp_s001_t000,calibration,0.5,naive,1,-0.160879,0.419338,2.990729
aaaaapnr_s001_t000,calibration,0.5,naive,1,1.599196,0.786711,4.037476
aaaaapoc_s001_t000,calibration,0.5,naive,1,9.247961,0.999773,6.640589
aaaaapof_s001_t000,calibration,0.5,naive,0,-2.559837,0.072553,1.560386
aaaaapoo_s001_t000,calibration,0.5,naive,0,-0.466872,0.352289,5.235553
aaaaapoq_s001_t000,calibration,0.5,naive,0,4.594489,0.983379,4.277039
aaaaappb_s001_t000,calibration,0.5,naive,0,4.727254,0.985275,12.854905
aaaaapqd_s001_t000,calibration,0.5,naive,1,0.978566,0.674849,3.234574
aaaaapqv_s001_t000,calibration,0.5,naive,0,-0.108094,0.431291,11.295739
aaaaapta_s001_t000,calibration,0.5,naive,1,9.184102,0.999760,9.322331
aaaaapth_s001_t000,calibration,0.5,naive,1,2.319596,0.877897,6.315205
aaaaapua_s001_t001,calibration,0.5,naive,0,-2.732512,0.062497,1.486620
aaaaapuu_s001_t000,calibration,0.5,naive,0,-0.147438,0.422373,4.684195
aaaaapvw_s001_t001,calibration,0.5,naive,1,10.329460,0.999917,4.464548
aaaaapvy_s001_t000,calibration,0.5,naive,1,7.371345,0.998712,26.021252
aaaaapwn_s001_t001,calibration,0.5,naive,0,-0.520651,0.341005,2.822884
aaaaapwo_s001_t001,calibration,0.5,naive,1,9.732393,0.999855,0.503937
aaaaapxm_s001_t001,calibration,0.5,naive,0,-1.126463,0.227919,1.142867
aaaaapys_s001_t001,calibration,0.5,naive,1,12.466648,0.999989,0.108049
aaaaapys_s002_t001,calibration,0.5,naive,1,10.041531,0.999891,6.921411
aaaaaayx_s002_t000,calibration,0.75,canonicalized,0,-0.022552,0.450826,1.652801
aaaaabdo_s003_t000,calibration,0.75,canonicalized,1,7.926985,0.999230,1.869603
aaaaabsk_s007_t000,calibration,0.75,canonicalized,1,1.572001,0.782452,1.103535
aaaaabuv_s002_t000,calibration,0.75,canonicalized,1,2.921733,0.926255,1.343196
aaaaacad_s003_t000,calibration,0.75,canonicalized,0,0.364812,0.540302,0.544396
aaaaacby_s004_t000,calibration,0.75,canonicalized,0,-0.231380,0.403522,0.264911
aaaaaddm_s006_t000,calibration,0.75,canonicalized,1,3.462135,0.953965,4.678475
aaaaadeu_s002_t000,calibration,0.75,canonicalized,1,2.696917,0.910703,1.185379
aaaaadjk_s002_t000,calibration,0.75,canonicalized,0,-2.343580,0.087244,0.319151
aaaaadkb_s002_t000,calibration,0.75,canonicalized,1,6.977988,0.998146,6.767432
aaaaadsm_s002_t001,calibration,0.75,canonicalized,0,-2.154475,0.102243,0.951848
aaaaaeab_s003_t000,calibration,0.75,canonicalized,0,-0.487372,0.347967,0.443803
aaaaaejc_s003_t001,calibration,0.75,canonicalized,0,2.912431,0.925664,0.829707
aaaaaezn_s003_t001,calibration,0.75,canonicalized,1,1.065986,0.692364,6.667203
aaaaafhl_s003_t000,calibration,0.75,canonicalized,1,2.953327,0.928230,0.265950
aaaaagfk_s003_t000,calibration,0.75,canonicalized,0,-1.155758,0.223178,1.235370
aaaaagsc_s003_t001,calibration,0.75,canonicalized,1,4.641184,0.984072,5.928862
aaaaagsc_s006_t001,calibration,0.75,canonicalized,1,1.088106,0.696712,1.341048
aaaaaguk_s002_t001,calibration,0.75,canonicalized,0,-3.795067,0.024303,0.390571
aaaaagvx_s002_t000,calibration,0.75,canonicalized,1,0.562857,0.585416,0.775327
aaaaagvx_s003_t001,calibration,0.75,canonicalized,1,1.906087,0.830552,0.693818
aaaaagyr_s002_t000,calibration,0.75,canonicalized,1,-0.564507,0.331934,0.705337
aaaaahie_s005_t001,calibration,0.75,canonicalized,1,7.723834,0.999070,1.990959
aaaaahsv_s002_t000,calibration,0.75,canonicalized,0,-0.675144,0.309607,2.527480
aaaaahte_s002_t000,calibration,0.75,canonicalized,1,8.945896,0.999700,3.685498
aaaaahte_s003_t000,calibration,0.75,canonicalized,1,9.469057,0.999815,0.419795
aaaaahuy_s002_t000,calibration,0.75,canonicalized,1,-1.476530,0.175891,0.059438
aaaaahzi_s001_t000,calibration,0.75,canonicalized,0,-0.860524,0.274141,0.709215
aaaaahzm_s001_t001,calibration,0.75,canonicalized,0,-1.094330,0.233200,1.348721
aaaaahzq_s001_t000,calibration,0.75,canonicalized,0,-3.628359,0.028247,0.060906
aaaaahzs_s001_t001,calibration,0.75,canonicalized,0,-1.053140,0.240093,1.692691
aaaaaiae_s001_t000,calibration,0.75,canonicalized,0,0.877136,0.653900,1.808133
aaaaaibx_s001_t000,calibration,0.75,canonicalized,0,0.154232,0.491615,0.225836
aaaaaiby_s001_t000,calibration,0.75,canonicalized,0,-1.221002,0.212873,1.148602
aaaaaici_s001_t000,calibration,0.75,canonicalized,0,-2.137281,0.103714,4.614431
aaaaaicn_s001_t000,calibration,0.75,canonicalized,0,0.737775,0.624128,2.042857
aaaaaijh_s002_t000,calibration,0.75,canonicalized,1,-2.881364,0.054888,0.414739
aaaaaijn_s001_t001,calibration,0.75,canonicalized,0,-0.254192,0.398445,0.626853
aaaaairb_s001_t001,calibration,0.75,canonicalized,0,-0.382944,0.370229,0.813400
aaaaairo_s001_t000,calibration,0.75,canonicalized,0,-2.655238,0.066826,1.296640
aaaaaitt_s001_t000,calibration,0.75,canonicalized,0,-3.335795,0.036719,3.772702
aaaaaiue_s004_t000,calibration,0.75,canonicalized,1,0.265034,0.517272,3.827690
aaaaaiuo_s002_t000,calibration,0.75,canonicalized,0,3.017103,0.932068,0.823272
aaaaaiwz_s001_t001,calibration,0.75,canonicalized,0,-1.711520,0.146521,0.824778
aaaaaiyy_s001_t001,calibration,0.75,canonicalized,0,-3.160912,0.042901,0.224498
aaaaaizd_s001_t001,calibration,0.75,canonicalized,0,-0.038543,0.447161,2.591038
aaaaaizs_s001_t000,calibration,0.75,canonicalized,0,1.177730,0.713966,1.102915
aaaaajae_s001_t001,calibration,0.75,canonicalized,0,5.349487,0.991673,3.849559
aaaaajah_s002_t001,calibration,0.75,canonicalized,1,0.545769,0.581568,1.083019
aaaaajah_s004_t000,calibration,0.75,canonicalized,1,-0.851969,0.275722,2.539194
aaaaajal_s001_t001,calibration,0.75,canonicalized,0,-3.200550,0.041418,0.336012
aaaaajam_s001_t000,calibration,0.75,canonicalized,1,-0.935303,0.260573,0.334215
aaaaajar_s001_t001,calibration,0.75,canonicalized,0,-0.837635,0.278381,0.134036
aaaaajbb_s001_t000,calibration,0.75,canonicalized,0,1.958590,0.837288,0.569023
aaaaajbh_s002_t000,calibration,0.75,canonicalized,0,-4.378043,0.014306,0.262675
aaaaajce_s001_t000,calibration,0.75,canonicalized,0,-0.978234,0.252982,0.158932
aaaaajci_s001_t000,calibration,0.75,canonicalized,0,-3.058373,0.046976,1.473377
aaaaajck_s001_t000,calibration,0.75,canonicalized,0,-3.919495,0.021714,0.051433
aaaaajct_s001_t000,calibration,0.75,canonicalized,0,1.575389,0.782986,3.659503
aaaaajcu_s001_t000,calibration,0.75,canonicalized,0,0.721309,0.620543,0.696825
aaaaajda_s001_t000,calibration,0.75,canonicalized,0,-3.757334,0.025146,0.458027
aaaaajdb_s001_t000,calibration,0.75,canonicalized,0,-1.574822,0.163078,3.451233
aaaaajdv_s001_t000,calibration,0.75,canonicalized,0,2.786036,0.917194,5.046243
aaaaajdy_s001_t000,calibration,0.75,canonicalized,0,-2.641005,0.067653,0.914217
aaaaajdz_s001_t000,calibration,0.75,canonicalized,0,-1.417646,0.183939,0.408755
aaaaajea_s001_t000,calibration,0.75,canonicalized,0,2.400237,0.885682,2.927731
aaaaajen_s001_t000,calibration,0.75,canonicalized,0,-1.951795,0.120811,1.794957
aaaaajey_s001_t000,calibration,0.75,canonicalized,0,-0.493535,0.346673,0.469397
aaaaajfb_s001_t000,calibration,0.75,canonicalized,0,-3.418472,0.034104,1.822096
aaaaajfe_s001_t000,calibration,0.75,canonicalized,0,-1.578424,0.162623,0.407267
aaaaajff_s001_t000,calibration,0.75,canonicalized,0,-3.734798,0.025663,0.621857
aaaaajfi_s001_t001,calibration,0.75,canonicalized,0,-1.184866,0.218537,0.248565
aaaaajfn_s001_t001,calibration,0.75,canonicalized,0,-2.656624,0.066745,1.145299
aaaaajfy_s001_t000,calibration,0.75,canonicalized,0,-4.200340,0.016823,0.195870
aaaaajga_s001_t001,calibration,0.75,canonicalized,0,0.582521,0.589831,5.425109
aaaaajhy_s001_t000,calibration,0.75,canonicalized,0,-2.985538,0.050091,3.473308
aaaaajit_s001_t001,calibration,0.75,canonicalized,0,-3.364140,0.035802,0.587679
aaaaajiu_s001_t000,calibration,0.75,canonicalized,0,1.694143,0.801099,5.765116
aaaaajiy_s001_t001,calibration,0.75,canonicalized,0,-0.448516,0.356179,1.425771
aaaaajiz_s001_t000,calibration,0.75,canonicalized,0,-1.251131,0.208234,1.062397
aaaaajjb_s001_t001,calibration,0.75,canonicalized,0,1.957533,0.837155,4.562516
aaaaajje_s001_t000,calibration,0.75,canonicalized,0,-2.063684,0.110226,5.481189
aaaaajjk_s001_t000,calibration,0.75,canonicalized,0,-2.311266,0.089658,0.341240
aaaaajna_s001_t000,calibration,0.75,canonicalized,0,-1.450185,0.179457,1.833330
aaaaajnu_s001_t000,calibration,0.75,canonicalized,0,-2.565613,0.072194,4.514071
aaaaajon_s001_t000,calibration,0.75,canonicalized,0,-0.856389,0.274904,0.341427
aaaaajoo_s002_t001,calibration,0.75,canonicalized,1,-0.030315,0.449046,2.519978
aaaaajpg_s001_t001,calibration,0.75,canonicalized,0,-2.260641,0.093561,0.541901
aaaaajqh_s004_t000,calibration,0.75,canonicalized,1,9.002382,0.999715,5.989677
aaaaajqk_s003_t001,calibration,0.75,canonicalized,1,4.988815,0.988407,0.783431
aaaaajrf_s001_t000,calibration,0.75,canonicalized,1,6.850988,0.997915,2.093724
aaaaajrf_s002_t000,calibration,0.75,canonicalized,1,11.602088,0.999974,5.125748
aaaaajrf_s003_t002,calibration,0.75,canonicalized,1,10.360476,0.999919,2.075461
aaaaajrf_s004_t000,calibration,0.75,canonicalized,1,3.125529,0.938159,0.375705
aaaaajso_s001_t000,calibration,0.75,canonicalized,1,8.767163,0.999646,5.771175
aaaaajtg_s001_t000,calibration,0.75,canonicalized,0,-0.183721,0.414194,2.740696
aaaaajtu_s001_t000,calibration,0.75,canonicalized,0,-0.273640,0.394135,1.720727
aaaaajuh_s001_t000,calibration,0.75,canonicalized,1,7.605830,0.998963,4.507093
aaaaajun_s001_t000,calibration,0.75,canonicalized,0,4.565454,0.982934,1.298448
aaaaajvh_s001_t001,calibration,0.75,canonicalized,0,-2.210675,0.097561,0.373443
aaaaajxp_s001_t000,calibration,0.75,canonicalized,0,0.774749,0.632130,1.546638
aaaaakck_s001_t001,calibration,0.75,canonicalized,1,1.799162,0.816150,0.109179
aaaaakcx_s001_t001,calibration,0.75,canonicalized,1,9.800089,0.999864,1.631599
aaaaakcy_s005_t001,calibration,0.75,canonicalized,1,8.816940,0.999662,0.443673
aaaaakdj_s001_t000,calibration,0.75,canonicalized,1,0.485915,0.568016,0.717285
aaaaakdo_s001_t000,calibration,0.75,canonicalized,1,0.469903,0.564372,2.702804
aaaaakeq_s001_t000,calibration,0.75,canonicalized,1,1.959758,0.837436,1.081316
aaaaakeq_s002_t000,calibration,0.75,canonicalized,1,2.324897,0.878422,5.149115
aaaaakeq_s003_t000,calibration,0.75,canonicalized,1,3.926566,0.969573,2.351762
aaaaakev_s001_t001,calibration,0.75,canonicalized,1,9.227119,0.999769,4.698134
aaaaakev_s002_t000,calibration,0.75,canonicalized,1,8.999028,0.999715,5.370455
aaaaakft_s001_t000,calibration,0.75,canonicalized,0,-2.849019,0.056463,0.995949
aaaaakgp_s001_t001,calibration,0.75,canonicalized,0,0.777215,0.632661,1.786956
aaaaakgu_s001_t000,calibration,0.75,canonicalized,1,-1.845833,0.131633,0.209386
aaaaakjk_s002_t002,calibration,0.75,canonicalized,1,2.196755,0.865163,7.672175
aaaaakjk_s003_t000,calibration,0.75,canonicalized,1,2.433521,0.888767,0.640954
aaaaakka_s001_t001,calibration,0.75,canonicalized,0,-1.147650,0.224483,1.129811
aaaaakmg_s003_t001,calibration,0.75,canonicalized,1,8.235802,0.999421,1.173812
aaaaakmh_s001_t000,calibration,0.75,canonicalized,1,1.327353,0.741418,4.195711
aaaaaknt_s001_t000,calibration,0.75,canonicalized,1,3.683654,0.962183,0.713817
aaaaakoo_s001_t001,calibration,0.75,canonicalized,1,8.799177,0.999656,0.767313
aaaaakqg_s001_t001,calibration,0.75,canonicalized,0,-1.243129,0.209458,1.262331
aaaaakqr_s001_t000,calibration,0.75,canonicalized,0,-2.839335,0.056943,0.329007
aaaaakrt_s001_t001,calibration,0.75,canonicalized,1,6.962138,0.998119,0.394990
aaaaakrt_s002_t001,calibration,0.75,canonicalized,1,7.542160,0.998900,0.516185
aaaaaksb_s001_t000,calibration,0.75,canonicalized,0,-2.306136,0.090047,0.293243
aaaaaksu_s001_t001,calibration,0.75,canonicalized,0,0.890366,0.656669,0.554030
aaaaakxz_s001_t001,calibration,0.75,canonicalized,1,4.139232,0.974877,1.020013
aaaaakxz_s002_t001,calibration,0.75,canonicalized,1,4.494080,0.981788,0.343842
aaaaalaf_s001_t000,calibration,0.75,canonicalized,0,-2.249812,0.094415,0.541913
aaaaalau_s001_t000,calibration,0.75,canonicalized,1,5.512603,0.992832,4.992159
aaaaalbh_s001_t000,calibration,0.75,canonicalized,1,2.349873,0.880872,2.229438
aaaaalbt_s001_t001,calibration,0.75,canonicalized,0,-0.672308,0.310169,0.461896
aaaaalbt_s002_t000,calibration,0.75,canonicalized,0,-0.866224,0.273092,0.815221
aaaaalbz_s006_t000,calibration,0.75,canonicalized,1,7.629539,0.998985,17.657724
aaaaalid_s001_t001,calibration,0.75,canonicalized,0,1.448141,0.762287,0.801948
aaaaaljf_s001_t000,calibration,0.75,canonicalized,1,5.420400,0.992198,1.764890
aaaaaljj_s001_t000,calibration,0.75,canonicalized,0,-2.679671,0.065428,0.898378
aaaaallc_s001_t001,calibration,0.75,canonicalized,0,0.132170,0.486508,0.618263
aaaaalle_s002_t000,calibration,0.75,canonicalized,1,1.192430,0.716739,1.480793
aaaaalox_s001_t001,calibration,0.75,canonicalized,0,4.683434,0.984674,2.384210
aaaaalpv_s001_t000,calibration,0.75,canonicalized,0,-0.026441,0.449934,2.739994
aaaaalqa_s001_t000,calibration,0.75,canonicalized,0,-0.546113,0.335724,0.833105
aaaaalqr_s001_t001,calibration,0.75,canonicalized,1,0.830845,0.644130,0.376280
aaaaalqs_s001_t001,calibration,0.75,canonicalized,0,-2.135239,0.103890,0.469845
aaaaalqx_s001_t000,calibration,0.75,canonicalized,0,-3.573322,0.029681,0.251280
aaaaalrc_s002_t000,calibration,0.75,canonicalized,1,12.817324,0.999992,0.106443
aaaaalsq_s001_t000,calibration,0.75,canonicalized,0,0.994442,0.678068,0.669362
aaaaalsx_s001_t000,calibration,0.75,canonicalized,1,0.231378,0.509482,1.230101
aaaaalsx_s004_t001,calibration,0.75,canonicalized,1,0.702471,0.616424,0.189300
aaaaaluz_s001_t001,calibration,0.75,canonicalized,0,-3.496490,0.031801,0.256535
aaaaalvw_s001_t000,calibration,0.75,canonicalized,0,-3.630835,0.028184,0.512892
aaaaalvz_s001_t000,calibration,0.75,canonicalized,1,9.590614,0.999835,1.822753
aaaaalxk_s001_t000,calibration,0.75,canonicalized,0,-0.018033,0.451863,0.556708
aaaaalyr_s001_t000,calibration,0.75,canonicalized,1,1.687087,0.800056,0.566340
aaaaalzk_s002_t001,calibration,0.75,canonicalized,1,9.931021,0.999880,3.710887
aaaaamcb_s001_t001,calibration,0.75,canonicalized,1,8.348980,0.999479,2.637144
aaaaamfe_s001_t001,calibration,0.75,canonicalized,0,0.204876,0.503345,0.102817
aaaaamft_s001_t001,calibration,0.75,canonicalized,1,1.486994,0.768748,0.220939
aaaaamfu_s001_t000,calibration,0.75,canonicalized,0,-2.037086,0.112666,0.133188
aaaaamhi_s001_t000,calibration,0.75,canonicalized,1,5.423846,0.992223,6.743657
aaaaamhk_s001_t000,calibration,0.75,canonicalized,1,5.356019,0.991722,0.537657
aaaaamjc_s001_t001,calibration,0.75,canonicalized,1,8.611876,0.999591,0.592760
aaaaammh_s001_t001,calibration,0.75,canonicalized,1,2.918511,0.926051,0.377694
aaaaamnq_s001_t000,calibration,0.75,canonicalized,1,7.659807,0.999013,3.155358
aaaaamnq_s002_t000,calibration,0.75,canonicalized,1,5.671913,0.993810,0.417225
aaaaamon_s001_t000,calibration,0.75,canonicalized,0,-0.163573,0.418730,2.901717
aaaaampz_s001_t000,calibration,0.75,canonicalized,1,1.237694,0.725175,3.267190
aaaaamrj_s001_t000,calibration,0.75,canonicalized,0,1.704268,0.802590,0.557859
aaaaamsc_s001_t000,calibration,0.75,canonicalized,1,6.416794,0.996886,0.207717
aaaaamtb_s001_t000,calibration,0.75,canonicalized,0,2.961625,0.928740,0.823100
aaaaamuc_s001_t000,calibration,0.75,canonicalized,0,-1.972533,0.118785,0.172072
aaaaamxn_s001_t000,calibration,0.75,canonicalized,1,0.281170,0.521004,0.580952
aaaaamyb_s001_t001,calibration,0.75,canonicalized,0,0.002147,0.456498,1.345622
aaaaamye_s001_t000,calibration,0.75,canonicalized,1,10.404280,0.999922,0.826752
aaaaamzi_s001_t001,calibration,0.75,canonicalized,1,6.343074,0.996667,1.104069
aaaaamzl_s001_t000,calibration,0.75,canonicalized,0,-2.155326,0.102170,0.579612
aaaaamzx_s001_t000,calibration,0.75,canonicalized,0,-2.699717,0.064301,2.267200
aaaaanbq_s001_t000,calibration,0.75,canonicalized,0,-1.091189,0.233721,0.289236
aaaaanek_s001_t000,calibration,0.75,canonicalized,0,-2.809484,0.058447,0.111518
aaaaangp_s001_t000,calibration,0.75,canonicalized,0,0.129053,0.485786,0.531657
aaaaanhb_s001_t003,calibration,0.75,canonicalized,1,2.881389,0.923661,1.575267
aaaaanhb_s003_t001,calibration,0.75,canonicalized,1,5.259582,0.990956,0.579850
aaaaanhb_s005_t000,calibration,0.75,canonicalized,1,9.094954,0.999739,0.832847
aaaaankf_s001_t000,calibration,0.75,canonicalized,1,4.493281,0.981775,2.131561
aaaaanlp_s001_t000,calibration,0.75,canonicalized,0,-1.272279,0.205022,0.276766
aaaaanmc_s001_t000,calibration,0.75,canonicalized,1,8.585073,0.999581,3.350036
aaaaanop_s001_t000,calibration,0.75,canonicalized,0,1.149195,0.708537,2.558994
aaaaanoz_s001_t000,calibration,0.75,canonicalized,1,0.321031,0.530212,0.651215
aaaaanpr_s001_t002,calibration,0.75,canonicalized,1,5.412538,0.992141,7.235812
aaaaanqe_s001_t000,calibration,0.75,canonicalized,0,-2.932028,0.052503,0.636367
aaaaanro_s001_t000,calibration,0.75,canonicalized,1,3.455295,0.953686,1.694621
aaaaansj_s001_t000,calibration,0.75,canonicalized,1,5.344677,0.991636,3.521322
aaaaanta_s001_t000,calibration,0.75,canonicalized,1,6.246323,0.996355,8.311005
aaaaanum_s001_t000,calibration,0.75,canonicalized,0,-0.037406,0.447421,1.307672
aaaaanvb_s002_t000,calibration,0.75,canonicalized,0,-1.344947,0.194266,0.187385
aaaaanvg_s001_t002,calibration,0.75,canonicalized,0,2.471054,0.892159,1.063406
aaaaanvw_s001_t000,calibration,0.75,canonicalized,0,-2.888342,0.054553,0.777485
aaaaanwc_s001_t001,calibration,0.75,canonicalized,1,6.941006,0.998082,15.114229
aaaaanxl_s001_t000,calibration,0.75,canonicalized,1,6.484981,0.997076,12.812670
aaaaanyb_s001_t001,calibration,0.75,canonicalized,0,1.117490,0.702433,0.844833
aaaaanyt_s002_t000,calibration,0.75,canonicalized,1,6.009022,0.995463,2.511165
aaaaanyw_s001_t000,calibration,0.75,canonicalized,1,2.588428,0.902184,0.186781
aaaaanyw_s002_t000,calibration,0.75,canonicalized,1,4.315345,0.978579,1.656266
aaaaanzh_s001_t000,calibration,0.75,canonicalized,1,-0.695444,0.305601,3.082677
aaaaanzu_s001_t003,calibration,0.75,canonicalized,1,2.108392,0.855323,3.455171
aaaaaoav_s001_t000,calibration,0.75,canonicalized,0,-2.813854,0.058224,0.293905
aaaaaoav_s002_t000,calibration,0.75,canonicalized,0,-1.600249,0.159888,0.449942
aaaaaobi_s001_t000,calibration,0.75,canonicalized,1,-0.498103,0.345715,10.684241
aaaaaobl_s001_t000,calibration,0.75,canonicalized,0,-0.260179,0.397117,2.019578
aaaaaoby_s001_t000,calibration,0.75,canonicalized,0,-0.061292,0.441957,4.833383
aaaaaoda_s001_t000,calibration,0.75,canonicalized,1,8.218967,0.999412,8.702625
aaaaaoeg_s001_t000,calibration,0.75,canonicalized,0,1.660033,0.796016,0.786435
aaaaaofj_s001_t000,calibration,0.75,canonicalized,0,-2.474192,0.078077,0.439482
aaaaaofr_s001_t000,calibration,0.75,canonicalized,0,3.140471,0.938957,1.407277
aaaaaofz_s001_t000,calibration,0.75,canonicalized,0,0.151134,0.490898,0.989108
aaaaaohb_s001_t000,calibration,0.75,canonicalized,1,2.647543,0.906912,0.360254
aaaaaohr_s002_t001,calibration,0.75,canonicalized,1,6.380634,0.996780,0.444404
aaaaaoiq_s001_t000,calibration,0.75,canonicalized,1,2.112379,0.855780,0.354394
aaaaaoiv_s001_t000,calibration,0.75,canonicalized,1,0.839044,0.645870,0.116966
aaaaaoiv_s002_t001,calibration,0.75,canonicalized,1,9.136092,0.999749,1.192030
aaaaaoiv_s003_t003,calibration,0.75,canonicalized,1,6.769083,0.997751,0.069590
aaaaaojd_s001_t002,calibration,0.75,canonicalized,0,0.267060,0.517740,2.108235
aaaaaokg_s001_t000,calibration,0.75,canonicalized,0,4.595985,0.983402,3.046501
aaaaaoly_s001_t000,calibration,0.75,canonicalized,0,-0.776631,0.289876,6.702896
aaaaaome_s001_t000,calibration,0.75,canonicalized,0,-1.087299,0.234367,2.231488
aaaaaomx_s001_t000,calibration,0.75,canonicalized,0,-0.131598,0.425958,0.776254
aaaaaomy_s001_t000,calibration,0.75,canonicalized,1,4.442166,0.980908,5.576885
aaaaaonb_s001_t000,calibration,0.75,canonicalized,0,1.089843,0.697052,2.026445
aaaaaons_s002_t002,calibration,0.75,canonicalized,1,7.404543,0.998751,0.387855
aaaaaopd_s001_t000,calibration,0.75,canonicalized,0,-0.578513,0.329062,2.407158
aaaaaopo_s001_t000,calibration,0.75,canonicalized,0,-1.938435,0.122132,0.108145
aaaaaora_s002_t000,calibration,0.75,canonicalized,1,2.270923,0.872980,0.543613
aaaaaord_s001_t000,calibration,0.75,canonicalized,1,2.105468,0.854988,0.541956
aaaaaosh_s001_t000,calibration,0.75,canonicalized,1,1.495371,0.770125,1.336211
aaaaaosw_s001_t000,calibration,0.75,canonicalized,0,1.330164,0.741917,4.002440
aaaaaote_s001_t000,calibration,0.75,canonicalized,0,-1.072170,0.236891,0.979370
aaaaaout_s001_t000,calibration,0.75,canonicalized,1,2.826007,0.919963,2.511459
aaaaaovl_s001_t000,calibration,0.75,canonicalized,1,4.270994,0.977700,0.104067
aaaaaovo_s001_t000,calibration,0.75,canonicalized,1,8.510000,0.999551,0.175294
aaaaaowb_s001_t000,calibration,0.75,canonicalized,0,0.218996,0.506615,0.998003
aaaaaoxf_s001_t000,calibration,0.75,canonicalized,0,-1.473376,0.176315,0.606383
aaaaaozf_s001_t001,calibration,0.75,canonicalized,0,-0.263845,0.396304,1.554767
aaaaapag_s001_t000,calibration,0.75,canonicalized,0,-2.310202,0.089738,2.336692
aaaaapar_s001_t000,calibration,0.75,canonicalized,1,12.150322,0.999985,0.287361
aaaaapcb_s001_t000,calibration,0.75,canonicalized,0,3.171391,0.940579,0.209617
aaaaapcy_s001_t002,calibration,0.75,canonicalized,0,-3.066956,0.046621,0.353742
aaaaapdg_s001_t000,calibration,0.75,canonicalized,0,-1.167975,0.221221,0.095467
aaaaaphs_s001_t000,calibration,0.75,canonicalized,1,3.319700,0.947809,3.761622
aaaaaphw_s001_t000,calibration,0.75,canonicalized,0,1.795960,0.815705,0.632849
aaaaapij_s001_t000,calibration,0.75,canonicalized,0,0.370373,0.541581,1.115160
aaaaapjc_s001_t001,calibration,0.75,canonicalized,0,-4.548999,0.012236,0.228823
aaaaapka_s001_t000,calibration,0.75,canonicalized,0,-1.019437,0.245836,0.449435
aaaaapkx_s001_t001,calibration,0.75,canonicalized,1,-1.870062,0.129088,3.334039
aaaaaply_s001_t001,calibration,0.75,canonicalized,1,3.828564,0.966777,3.421082
aaaaapmb_s002_t001,calibration,0.75,canonicalized,1,6.932081,0.998066,0.861474
aaaaapmp_s001_t000,calibration,0.75,canonicalized,1,-0.544303,0.336098,1.899420
aaaaapnr_s001_t000,calibration,0.75,canonicalized,1,-1.759318,0.141069,1.991815
aaaaapoc_s001_t000,calibration,0.75,canonicalized,1,4.954299,0.988035,5.377732
aaaaapof_s001_t000,calibration,0.75,canonicalized,0,-3.427654,0.033825,0.161464
aaaaapoo_s001_t000,calibration,0.75,canonicalized,0,-3.067827,0.046585,1.558440
aaaaapoq_s001_t000,calibration,0.75,canonicalized,0,1.177902,0.713999,2.101595
aaaaappb_s001_t000,calibration,0.75,canonicalized,0,0.311458,0.528002,3.466518
aaaaapqd_s001_t000,calibration,0.75,canonicalized,1,1.284850,0.733797,3.047111
aaaaapqv_s001_t000,calibration,0.75,canonicalized,0,-3.156203,0.043080,2.169407
aaaaapta_s001_t000,calibration,0.75,canonicalized,1,6.243801,0.996347,1.598975
aaaaapth_s001_t000,calibration,0.75,canonicalized,1,2.745483,0.914295,6.330749
aaaaapua_s001_t001,calibration,0.75,canonicalized,0,-3.692360,0.026664,0.443427
aaaaapuu_s001_t000,calibration,0.75,canonicalized,0,-2.095859,0.107336,1.807596
aaaaapvw_s001_t001,calibration,0.75,canonicalized,1,5.376158,0.991874,3.253195
aaaaapvy_s001_t000,calibration,0.75,canonicalized,1,4.152762,0.975183,9.192387
aaaaapwn_s001_t001,calibration,0.75,canonicalized,0,-1.264958,0.206129,1.691406
aaaaapwo_s001_t001,calibration,0.75,canonicalized,1,8.856070,0.999674,0.652765
aaaaapxm_s001_t001,calibration,0.75,canonicalized,0,-1.801473,0.136403,0.509566
aaaaapys_s001_t001,calibration,0.75,canonicalized,1,12.608395,0.999990,0.183689
aaaaapys_s002_t001,calibration,0.75,canonicalized,1,9.332260,0.999790,5.928590
aaaaaayx_s002_t000,calibration,0.75,naive,0,2.812044,0.919005,2.678645
aaaaabdo_s003_t000,calibration,0.75,naive,1,7.870189,0.999188,1.828488
aaaaabsk_s007_t000,calibration,0.75,naive,1,-0.463091,0.353089,1.993780
aaaaabuv_s002_t000,calibration,0.75,naive,1,2.725753,0.912852,0.846791
aaaaacad_s003_t000,calibration,0.75,naive,0,1.587101,0.784824,0.708936
aaaaacby_s004_t000,calibration,0.75,naive,0,1.881733,0.827353,0.689181
aaaaaddm_s006_t000,calibration,0.75,naive,1,3.109973,0.937318,4.511439
aaaaadeu_s002_t000,calibration,0.75,naive,1,3.205718,0.942332,1.109530
aaaaadjk_s002_t000,calibration,0.75,naive,0,-2.686882,0.065020,0.385816
aaaaadkb_s002_t000,calibration,0.75,naive,1,6.493045,0.997098,5.578718
aaaaadsm_s002_t001,calibration,0.75,naive,0,-0.142543,0.423480,3.707596
aaaaaeab_s003_t000,calibration,0.75,naive,0,-0.060512,0.442135,0.737412
aaaaaejc_s003_t001,calibration,0.75,naive,0,2.587679,0.902123,0.636851
aaaaaezn_s003_t001,calibration,0.75,naive,1,2.202423,0.865774,9.085461
aaaaafhl_s003_t000,calibration,0.75,naive,1,1.629398,0.791368,0.846478
aaaaagfk_s003_t000,calibration,0.75,naive,0,-0.331515,0.381406,3.520022
aaaaagsc_s003_t001,calibration,0.75,naive,1,5.828960,0.994643,3.536058
aaaaagsc_s006_t001,calibration,0.75,naive,1,2.764161,0.915641,2.300227
aaaaaguk_s002_t001,calibration,0.75,naive,0,-3.932094,0.021468,0.323303
aaaaagvx_s002_t000,calibration,0.75,naive,1,0.036682,0.464447,0.946366
aaaaagvx_s003_t001,calibration,0.75,naive,1,0.735535,0.623641,0.613170
aaaaagyr_s002_t000,calibration,0.75,naive,1,-0.207884,0.408773,1.129081
aaaaahie_s005_t001,calibration,0.75,naive,1,8.660490,0.999609,0.435007
aaaaahsv_s002_t000,calibration,0.75,naive,0,-0.394430,0.367751,4.891956
aaaaahte_s002_t000,calibration,0.75,naive,1,9.020876,0.999720,3.703570
aaaaahte_s003_t000,calibration,0.75,naive,1,9.750341,0.999858,0.706865
aaaaahuy_s002_t000,calibration,0.75,naive,1,-1.214374,0.213904,0.032972
aaaaahzi_s001_t000,calibration,0.75,naive,0,-2.798124,0.059029,0.499233
aaaaahzm_s001_t001,calibration,0.75,naive,0,0.716498,0.619493,0.239600
aaaaahzq_s001_t000,calibration,0.75,naive,0,-4.425820,0.013695,0.119908
aaaaahzs_s001_t001,calibration,0.75,naive,0,-0.736285,0.297631,1.139471
aaaaaiae_s001_t000,calibration,0.75,naive,0,1.130962,0.705036,1.214083
aaaaaibx_s001_t000,calibration,0.75,naive,0,0.581782,0.589665,0.994784
aaaaaiby_s001_t000,calibration,0.75,naive,0,3.499313,0.955454,3.455376
aaaaaici_s001_t000,calibration,0.75,naive,0,-0.556913,0.333496,22.993229
aaaaaicn_s001_t000,calibration,0.75,naive,0,2.713852,0.911971,3.759424
aaaaaijh_s002_t000,calibration,0.75,naive,1,-2.230738,0.095937,0.574645
aaaaaijn_s001_t001,calibration,0.75,naive,0,1.715455,0.804227,1.469244
aaaaairb_s001_t001,calibration,0.75,naive,0,-0.308194,0.386517,0.920363
aaaaairo_s001_t000,calibration,0.75,naive,0,0.298560,0.525023,5.125696
aaaaaitt_s001_t000,calibration,0.75,naive,0,-2.846361,0.056595,4.162362
aaaaaiue_s004_t000,calibration,0.75,naive,1,0.292046,0.523518,7.991414
aaaaaiuo_s002_t000,calibration,0.75,naive,0,6.245087,0.996351,1.557214
aaaaaiwz_s001_t001,calibration,0.75,naive,0,-2.485348,0.077336,1.145363
aaaaaiyy_s001_t001,calibration,0.75,naive,0,-3.348374,0.036309,0.234188
aaaaaizd_s001_t001,calibration,0.75,naive,0,1.034374,0.686091,6.415182
aaaaaizs_s001_t000,calibration,0.75,naive,0,1.662660,0.796411,1.406165
aaaaajae_s001_t001,calibration,0.75,naive,0,5.387037,0.991955,3.624153
aaaaajah_s002_t001,calibration,0.75,naive,1,1.469175,0.765800,1.517540
aaaaajah_s004_t000,calibration,0.75,naive,1,-0.792843,0.286794,4.780999
aaaaajal_s001_t001,calibration,0.75,naive,0,-3.383297,0.035194,0.562507
aaaaajam_s001_t000,calibration,0.75,naive,1,4.849891,0.986835,0.339853
aaaaajar_s001_t001,calibration,0.75,naive,0,-0.685891,0.307483,0.283949
aaaaajbb_s001_t000,calibration,0.75,naive,0,2.011851,0.843900,0.634048
aaaaajbh_s002_t000,calibration,0.75,naive,0,-3.639140,0.027974,0.755544
aaaaajce_s001_t000,calibration,0.75,naive,0,2.358868,0.881743,1.235594
aaaaajci_s001_t000,calibration,0.75,naive,0,-3.921443,0.021676,1.147819
aaaaajck_s001_t000,calibration,0.75,naive,0,-4.348641,0.014695,0.032121
aaaaajct_s001_t000,calibration,0.75,naive,0,6.474604,0.997048,9.147541
aaaaajcu_s001_t000,calibration,0.75,naive,0,3.037447,0.933252,1.936870
aaaaajda_s001_t000,calibration,0.75,naive,0,-3.199206,0.041468,2.407521
aaaaajdb_s001_t000,calibration,0.75,naive,0,-0.914579,0.264289,6.346046
aaaaajdv_s001_t000,calibration,0.75,naive,0,3.210871,0.942591,5.923882
aaaaajdy_s001_t000,calibration,0.75,naive,0,-3.044302,0.047563,0.846281
aaaaajdz_s001_t000,calibration,0.75,naive,0,-1.708704,0.146847,0.501739
aaaaajea_s001_t000,calibration,0.75,naive,0,4.769864,0.985837,4.850791
aaaaajen_s001_t000,calibration,0.75,naive,0,-0.582647,0.328217,4.703977
aaaaajey_s001_t000,calibration,0.75,naive,0,-0.877189,0.271080,0.512481
aaaaajfb_s001_t000,calibration,0.75,naive,0,-3.566820,0.029855,3.494292
aaaaajfe_s001_t000,calibration,0.75,naive,0,-2.325698,0.088573,0.369071
aaaaajff_s001_t000,calibration,0.75,naive,0,-3.988100,0.020404,0.493989
aaaaajfi_s001_t001,calibration,0.75,naive,0,2.774847,0.916403,3.452424
aaaaajfn_s001_t001,calibration,0.75,naive,0,-2.310215,0.089737,2.631286
aaaaajfy_s001_t000,calibration,0.75,naive,0,-5.110134,0.007312,0.207296
aaaaajga_s001_t001,calibration,0.75,naive,0,3.664459,0.961531,8.601703
aaaaajhy_s001_t000,calibration,0.75,naive,0,-2.155794,0.102130,3.989498
aaaaajit_s001_t001,calibration,0.75,naive,0,-2.373395,0.085069,2.549543
aaaaajiu_s001_t000,calibration,0.75,naive,0,2.310284,0.876969,8.170650
aaaaajiy_s001_t001,calibration,0.75,naive,0,0.502312,0.571739,3.470017
aaaaajiz_s001_t000,calibration,0.75,naive,0,-0.407069,0.365033,3.457632
aaaaajjb_s001_t001,calibration,0.75,naive,0,5.435247,0.992304,12.972428
aaaaajje_s001_t000,calibration,0.75,naive,0,-1.345842,0.194136,13.216989
aaaaajjk_s001_t000,calibration,0.75,naive,0,-3.173937,0.042408,0.255955
aaaaajna_s001_t000,calibration,0.75,naive,0,-0.942243,0.259336,3.249497
aaaaajnu_s001_t000,calibration,0.75,naive,0,0.358201,0.538780,16.371365
aaaaajon_s001_t000,calibration,0.75,naive,0,-0.279904,0.392750,1.345516
aaaaajoo_s002_t001,calibration,0.75,naive,1,1.510440,0.772587,3.333412
aaaaajpg_s001_t001,calibration,0.75,naive,0,-2.650319,0.067110,0.226591
aaaaajqh_s004_t000,calibration,0.75,naive,1,8.843859,0.999670,3.918631
aaaaajqk_s003_t001,calibration,0.75,naive,1,5.310421,0.991368,0.697075
aaaaajrf_s001_t000,calibration,0.75,naive,1,7.239722,0.998545,2.391099
aaaaajrf_s002_t000,calibration,0.75,naive,1,10.194761,0.999906,4.407559
aaaaajrf_s003_t002,calibration,0.75,naive,1,9.351379,0.999794,1.114856
aaaaajrf_s004_t000,calibration,0.75,naive,1,3.880793,0.968296,0.165976
aaaaajso_s001_t000,calibration,0.75,naive,1,8.649034,0.999605,4.809299
aaaaajtg_s001_t000,calibration,0.75,naive,0,-0.086397,0.436228,3.999754
aaaaajtu_s001_t000,calibration,0.75,naive,0,1.040803,0.687372,5.594698
aaaaajuh_s001_t000,calibration,0.75,naive,1,8.693513,0.999621,5.827522
aaaaajun_s001_t000,calibration,0.75,naive,0,4.633740,0.983963,1.026498
aaaaajvh_s001_t001,calibration,0.75,naive,0,-3.312590,0.037487,0.237338
aaaaajxp_s001_t000,calibration,0.75,naive,0,0.569053,0.586809,2.078860
aaaaakck_s001_t001,calibration,0.75,naive,1,1.758192,0.810386,0.546486
aaaaakcx_s001_t001,calibration,0.75,naive,1,9.693983,0.999850,1.829421
aaaaakcy_s005_t001,calibration,0.75,naive,1,7.571206,0.998929,0.785463
aaaaakdj_s001_t000,calibration,0.75,naive,1,0.485431,0.567906,0.677219
aaaaakdo_s001_t000,calibration,0.75,naive,1,-0.445832,0.356750,2.154966
aaaaakeq_s001_t000,calibration,0.75,naive,1,5.490560,0.992685,1.658638
aaaaakeq_s002_t000,calibration,0.75,naive,1,3.517032,0.956147,6.888553
aaaaakeq_s003_t000,calibration,0.75,naive,1,5.944125,0.995183,3.091927
aaaaakev_s001_t001,calibration,0.75,naive,1,9.699143,0.999851,4.867787
aaaaakev_s002_t000,calibration,0.75,naive,1,12.220703,0.999986,7.525560
aaaaakft_s001_t000,calibration,0.75,naive,0,-3.031634,0.048097,3.057560
aaaaakgp_s001_t001,calibration,0.75,naive,0,3.473916,0.954442,4.113164
aaaaakgu_s001_t000,calibration,0.75,naive,1,-2.201877,0.098281,0.182364
aaaaakjk_s002_t002,calibration,0.75,naive,1,2.817371,0.919372,7.301537
aaaaakjk_s003_t000,calibration,0.75,naive,1,4.409964,0.980341,1.062483
aaaaakka_s001_t001,calibration,0.75,naive,0,-0.841364,0.277688,1.122371
aaaaakmg_s003_t001,calibration,0.75,naive,1,15.580059,0.999999,4.610385
aaaaakmh_s001_t000,calibration,0.75,naive,1,2.703800,0.911220,7.861396
aaaaaknt_s001_t000,calibration,0.75,naive,1,3.309341,0.947333,0.821596
aaaaakoo_s001_t001,calibration,0.75,naive,1,11.041761,0.999957,2.384445
aaaaakqg_s001_t001,calibration,0.75,naive,0,2.584949,0.901899,9.232153
aaaaakqr_s001_t000,calibration,0.75,naive,0,-1.397756,0.186722,0.769529
aaaaakrt_s001_t001,calibration,0.75,naive,1,8.541025,0.999564,0.354890
aaaaakrt_s002_t001,calibration,0.75,naive,1,7.811790,0.999143,0.556572
aaaaaksb_s001_t000,calibration,0.75,naive,0,-0.913951,0.264402,1.851574
aaaaaksu_s001_t001,calibration,0.75,naive,0,4.457993,0.981181,1.275592
aaaaakxz_s001_t001,calibration,0.75,naive,1,1.078654,0.694858,0.062445
aaaaakxz_s002_t001,calibration,0.75,naive,1,3.696993,0.962630,0.344703
aaaaalaf_s001_t000,calibration,0.75,naive,0,-1.824972,0.133858,1.677007
aaaaalau_s001_t000,calibration,0.75,naive,1,5.710556,0.994026,12.030383
aaaaalbh_s001_t000,calibration,0.75,naive,1,2.581067,0.901581,1.842816
aaaaalbt_s001_t001,calibration,0.75,naive,0,3.220644,0.943079,1.706364
aaaaalbt_s002_t000,calibration,0.75,naive,0,4.251379,0.977300,7.044090
aaaaalbz_s006_t000,calibration,0.75,naive,1,6.313745,0.996575,15.250221
aaaaalid_s001_t001,calibration,0.75,naive,0,1.669861,0.797490,0.770470
aaaaaljf_s001_t000,calibration,0.75,naive,1,5.415606,0.992164,1.931190
aaaaaljj_s001_t000,calibration,0.75,naive,0,-2.727715,0.062758,2.647292
aaaaallc_s001_t001,calibration,0.75,naive,0,1.852285,0.823421,1.204187
aaaaalle_s002_t000,calibration,0.75,naive,1,1.693435,0.800995,2.081031
aaaaalox_s001_t001,calibration,0.75,naive,0,6.521021,0.997172,3.326263
aaaaalpv_s001_t000,calibration,0.75,naive,0,0.494020,0.569857,3.009887
aaaaalqa_s001_t000,calibration,0.75,naive,0,0.823720,0.642616,3.648608
aaaaalqr_s001_t001,calibration,0.75,naive,1,14.232395,0.999998,9.923030
aaaaalqs_s001_t001,calibration,0.75,naive,0,-2.312143,0.089592,0.492277
aaaaalqx_s001_t000,calibration,0.75,naive,0,-3.089105,0.045717,0.869257
aaaaalrc_s002_t000,calibration,0.75,naive,1,13.105051,0.999994,0.076284
aaaaalsq_s001_t000,calibration,0.75,naive,0,1.775664,0.812861,2.630196
aaaaalsx_s001_t000,calibration,0.75,naive,1,2.905404,0.925215,2.103372
aaaaalsx_s004_t001,calibration,0.75,naive,1,-0.327089,0.382374,0.318728
aaaaaluz_s001_t001,calibration,0.75,naive,0,-4.143376,0.017719,0.201999
aaaaalvw_s001_t000,calibration,0.75,naive,0,-3.836677,0.023405,0.469647
aaaaalvz_s001_t000,calibration,0.75,naive,1,8.380867,0.999494,1.146576
aaaaalxk_s001_t000,calibration,0.75,naive,0,0.544804,0.581351,1.128850
aaaaalyr_s001_t000,calibration,0.75,naive,1,3.935367,0.969812,1.082983
aaaaalzk_s002_t001,calibration,0.75,naive,1,9.198459,0.999763,3.783159
aaaaamcb_s001_t001,calibration,0.75,naive,1,8.503173,0.999548,1.586550
aaaaamfe_s001_t001,calibration,0.75,naive,0,0.985622,0.676282,0.336082
aaaaamft_s001_t001,calibration,0.75,naive,1,20.255478,1.000000,8.794477
aaaaamfu_s001_t000,calibration,0.75,naive,0,-1.540500,0.167464,0.356058
aaaaamhi_s001_t000,calibration,0.75,naive,1,12.125672,0.999984,19.416290
aaaaamhk_s001_t000,calibration,0.75,naive,1,7.343576,0.998678,0.663454
aaaaamjc_s001_t001,calibration,0.75,naive,1,8.323870,0.999467,0.628238
aaaaammh_s001_t001,calibration,0.75,naive,1,6.140130,0.995980,2.412382
aaaaamnq_s001_t000,calibration,0.75,naive,1,8.154325,0.999376,2.475302
aaaaamnq_s002_t000,calibration,0.75,naive,1,5.953691,0.995225,0.506707
aaaaamon_s001_t000,calibration,0.75,naive,0,1.422777,0.758003,5.535703
aaaaampz_s001_t000,calibration,0.75,naive,1,6.204385,0.996211,5.954051
aaaaamrj_s001_t000,calibration,0.75,naive,0,7.001909,0.998187,1.560667
aaaaamsc_s001_t000,calibration,0.75,naive,1,7.064547,0.998289,0.130242
aaaaamtb_s001_t000,calibration,0.75,naive,0,2.855914,0.921980,1.167050
aaaaamuc_s001_t000,calibration,0.75,naive,0,-0.846902,0.276660,0.402651
aaaaamxn_s001_t000,calibration,0.75,naive,1,2.110983,0.855620,1.203231
aaaaamyb_s001_t001,calibration,0.75,naive,0,1.834179,0.820968,7.360765
aaaaamye_s001_t000,calibration,0.75,naive,1,11.418486,0.999970,1.906515
aaaaamzi_s001_t001,calibration,0.75,naive,1,6.271952,0.996440,1.361618
aaaaamzl_s001_t000,calibration,0.75,naive,0,-1.724972,0.144969,1.071637
aaaaamzx_s001_t000,calibration,0.75,naive,0,-3.005058,0.049237,1.962798
aaaaanbq_s001_t000,calibration,0.75,naive,0,-0.115035,0.429714,0.517836
aaaaanek_s001_t000,calibration,0.75,naive,0,-2.422917,0.081566,0.209538
aaaaangp_s001_t000,calibration,0.75,naive,0,1.478917,0.767415,1.006913
aaaaanhb_s001_t003,calibration,0.75,naive,1,5.638549,0.993617,0.479059
aaaaanhb_s003_t001,calibration,0.75,naive,1,5.470808,0.992551,0.422712
aaaaanhb_s005_t000,calibration,0.75,naive,1,9.064154,0.999731,0.856499
aaaaankf_s001_t000,calibration,0.75,naive,1,6.062837,0.995683,0.785055
aaaaanlp_s001_t000,calibration,0.75,naive,0,-0.672192,0.310192,0.631874
aaaaanmc_s001_t000,calibration,0.75,naive,1,8.168345,0.999384,2.110653
aaaaanop_s001_t000,calibration,0.75,naive,0,1.359338,0.747058,2.361404
aaaaanoz_s001_t000,calibration,0.75,naive,1,2.943562,0.927625,1.705452
aaaaanpr_s001_t002,calibration,0.75,naive,1,6.844155,0.997902,11.427520
aaaaanqe_s001_t000,calibration,0.75,naive,0,-3.926476,0.021577,0.519226
aaaaanro_s001_t000,calibration,0.75,naive,1,3.887636,0.968490,1.479898
aaaaansj_s001_t000,calibration,0.75,naive,1,4.909418,0.987533,2.592371
aaaaanta_s001_t000,calibration,0.75,naive,1,6.272491,0.996442,8.160642
aaaaanum_s001_t000,calibration,0.75,naive,0,-0.237647,0.402125,1.177833
aaaaanvb_s002_t000,calibration,0.75,naive,0,-1.583360,0.162001,0.159571
aaaaanvg_s001_t002,calibration,0.75,naive,0,3.053057,0.934147,1.789835
aaaaanvw_s001_t000,calibration,0.75,naive,0,-3.331074,0.036874,1.780805
aaaaanwc_s001_t001,calibration,0.75,naive,1,6.993347,0.998172,22.081402
aaaaanxl_s001_t000,calibration,0.75,naive,1,7.611122,0.998968,13.403846
aaaaanyb_s001_t001,calibration,0.75,naive,0,2.882268,0.923718,3.850697
aaaaanyt_s002_t000,calibration,0.75,naive,1,18.859976,1.000000,51.753468
aaaaanyw_s001_t000,calibration,0.75,naive,1,3.265986,0.945292,0.142663
aaaaanyw_s002_t000,calibration,0.75,naive,1,3.994322,0.971371,1.308881
aaaaanzh_s001_t000,calibration,0.75,naive,1,1.695892,0.801357,10.068152
aaaaanzu_s001_t003,calibration,0.75,naive,1,2.468577,0.891938,4.046729
aaaaaoav_s001_t000,calibration,0.75,naive,0,-1.192261,0.217369,0.563361
aaaaaoav_s002_t000,calibration,0.75,naive,0,-0.535090,0.338005,0.907368
aaaaaobi_s001_t000,calibration,0.75,naive,1,0.343605,0.535418,9.457140
aaaaaobl_s001_t000,calibration,0.75,naive,0,2.886724,0.924009,14.805107
aaaaaoby_s001_t000,calibration,0.75,naive,0,1.870680,0.825885,16.141319
aaaaaoda_s001_t000,calibration,0.75,naive,1,8.386180,0.999496,8.497343
aaaaaoeg_s001_t000,calibration,0.75,naive,0,2.555497,0.899458,0.663962
aaaaaofj_s001_t000,calibration,0.75,naive,0,-1.930636,0.122909,0.406485
aaaaaofr_s001_t000,calibration,0.75,naive,0,3.444816,0.953255,2.008172
aaaaaofz_s001_t000,calibration,0.75,naive,0,-0.524785,0.340145,0.897062
aaaaaohb_s001_t000,calibration,0.75,naive,1,7.355504,0.998693,0.533324
aaaaaohr_s002_t001,calibration,0.75,naive,1,6.827145,0.997869,0.525627
aaaaaoiq_s001_t000,calibration,0.75,naive,1,2.433075,0.888726,0.359070
aaaaaoiv_s001_t000,calibration,0.75,naive,1,3.669324,0.961697,0.310575
aaaaaoiv_s002_t001,calibration,0.75,naive,1,9.683146,0.999849,1.497317
aaaaaoiv_s003_t003,calibration,0.75,naive,1,7.440094,0.998791,0.125376
aaaaaojd_s001_t002,calibration,0.75,naive,0,-0.456584,0.354467,0.728960
aaaaaokg_s001_t000,calibration,0.75,naive,0,5.281531,0.991136,2.540853
aaaaaoly_s001_t000,calibration,0.75,naive,0,1.719145,0.804765,12.762767
aaaaaome_s001_t000,calibration,0.75,naive,0,-1.226268,0.212057,1.777693
aaaaaomx_s001_t000,calibration,0.75,naive,0,4.118491,0.974402,5.839898
aaaaaomy_s001_t000,calibration,0.75,naive,1,4.267602,0.977632,5.264261
aaaaaonb_s001_t000,calibration,0.75,naive,0,4.220665,0.976661,3.996088
aaaaaons_s002_t002,calibration,0.75,naive,1,8.542007,0.999564,0.331006
aaaaaopd_s001_t000,calibration,0.75,naive,0,-0.100744,0.432962,3.085178
aaaaaopo_s001_t000,calibration,0.75,naive,0,-2.467906,0.078497,0.092155
aaaaaora_s002_t000,calibration,0.75,naive,1,3.239661,0.944017,0.831283
aaaaaord_s001_t000,calibration,0.75,naive,1,2.172767,0.862549,0.510911
aaaaaosh_s001_t000,calibration,0.75,naive,1,1.113707,0.701700,1.089784
aaaaaosw_s001_t000,calibration,0.75,naive,0,2.429713,0.888418,8.578590
aaaaaote_s001_t000,calibration,0.75,naive,0,-0.192280,0.412271,3.394686
aaaaaout_s001_t000,calibration,0.75,naive,1,3.813471,0.966325,2.688657
aaaaaovl_s001_t000,calibration,0.75,naive,1,4.903449,0.987465,0.123919
aaaaaovo_s001_t000,calibration,0.75,naive,1,8.879684,0.999681,0.310091
aaaaaowb_s001_t000,calibration,0.75,naive,0,0.903979,0.659506,2.297756
aaaaaoxf_s001_t000,calibration,0.75,naive,0,-1.376602,0.189716,0.770425
aaaaaozf_s001_t001,calibration,0.75,naive,0,0.422739,0.553600,4.096714
aaaaapag_s001_t000,calibration,0.75,naive,0,-0.782854,0.288691,10.953197
aaaaapar_s001_t000,calibration,0.75,naive,1,12.768295,0.999991,0.160792
aaaaapcb_s001_t000,calibration,0.75,naive,0,2.598070,0.902970,1.595196
aaaaapcy_s001_t002,calibration,0.75,naive,0,-2.988443,0.049963,1.183183
aaaaapdg_s001_t000,calibration,0.75,naive,0,-0.501419,0.345020,0.436102
aaaaaphs_s001_t000,calibration,0.75,naive,1,2.928533,0.926684,3.464983
aaaaaphw_s001_t000,calibration,0.75,naive,0,4.349611,0.979234,1.558028
aaaaapij_s001_t000,calibration,0.75,naive,0,5.666637,0.993780,0.781392
aaaaapjc_s001_t001,calibration,0.75,naive,0,-4.643712,0.011219,0.155307
aaaaapka_s001_t000,calibration,0.75,naive,0,3.901796,0.968888,2.366812
aaaaapkx_s001_t001,calibration,0.75,naive,1,-0.623768,0.319873,14.500490
aaaaaply_s001_t001,calibration,0.75,naive,1,4.612747,0.983653,3.066588
aaaaapmb_s002_t001,calibration,0.75,naive,1,2.710248,0.911702,0.311824
aaaaapmp_s001_t000,calibration,0.75,naive,1,-0.864241,0.273457,1.472907
aaaaapnr_s001_t000,calibration,0.75,naive,1,-1.133698,0.226741,2.292186
aaaaapoc_s001_t000,calibration,0.75,naive,1,6.944789,0.998088,6.712805
aaaaapof_s001_t000,calibration,0.75,naive,0,-3.478267,0.032325,0.418779
aaaaapoo_s001_t000,calibration,0.75,naive,0,-2.316232,0.089283,2.932873
aaaaapoq_s001_t000,calibration,0.75,naive,0,2.220649,0.867724,3.036268
aaaaappb_s001_t000,calibration,0.75,naive,0,2.340196,0.879928,9.339136
aaaaapqd_s001_t000,calibration,0.75,naive,1,0.713912,0.618928,2.182703
aaaaapqv_s001_t000,calibration,0.75,naive,0,-2.312301,0.089580,5.832104
aaaaapta_s001_t000,calibration,0.75,naive,1,6.928753,0.998060,4.383084
aaaaapth_s001_t000,calibration,0.75,naive,1,2.656012,0.907572,5.231763
aaaaapua_s001_t001,calibration,0.75,naive,0,-3.875884,0.022589,0.983186
aaaaapuu_s001_t000,calibration,0.75,naive,0,-2.280607,0.092004,2.350771
aaaaapvw_s001_t001,calibration,0.75,naive,1,7.734695,0.999080,4.651839
aaaaapvy_s001_t000,calibration,0.75,naive,1,5.937299,0.995153,21.888418
aaaaapwn_s001_t001,calibration,0.75,naive,0,-1.666196,0.151850,1.514855
aaaaapwo_s001_t001,calibration,0.75,naive,1,10.798002,0.999946,0.876249
aaaaapxm_s001_t001,calibration,0.75,naive,0,-1.950531,0.120936,0.391946
aaaaapys_s001_t001,calibration,0.75,naive,1,12.342016,0.999987,0.113451
aaaaapys_s002_t001,calibration,0.75,naive,1,9.023514,0.999721,5.310251
aaaaaayx_s002_t000,calibration,1.0,canonicalized,0,-0.022554,0.450826,1.652800
aaaaabdo_s003_t000,calibration,1.0,canonicalized,1,7.926970,0.999230,1.869571
aaaaabsk_s007_t000,calibration,1.0,canonicalized,1,1.572000,0.782452,1.103525
aaaaabuv_s002_t000,calibration,1.0,canonicalized,1,2.921728,0.926255,1.343185
aaaaacad_s003_t000,calibration,1.0,canonicalized,0,0.364790,0.540297,0.544353
aaaaacby_s004_t000,calibration,1.0,canonicalized,0,-0.231377,0.403523,0.264911
aaaaaddm_s006_t000,calibration,1.0,canonicalized,1,3.462128,0.953964,4.678437
aaaaadeu_s002_t000,calibration,1.0,canonicalized,1,2.696893,0.910701,1.185424
aaaaadjk_s002_t000,calibration,1.0,canonicalized,0,-2.343582,0.087244,0.319146
aaaaadkb_s002_t000,calibration,1.0,canonicalized,1,6.977986,0.998146,6.767433
aaaaadsm_s002_t001,calibration,1.0,canonicalized,0,-2.154504,0.102240,0.951861
aaaaaeab_s003_t000,calibration,1.0,canonicalized,0,-0.487356,0.347971,0.443799
aaaaaejc_s003_t001,calibration,1.0,canonicalized,0,2.912425,0.925664,0.829726
aaaaaezn_s003_t001,calibration,1.0,canonicalized,1,1.065983,0.692363,6.667205
aaaaafhl_s003_t000,calibration,1.0,canonicalized,1,2.953397,0.928234,0.265944
aaaaagfk_s003_t000,calibration,1.0,canonicalized,0,-1.155759,0.223177,1.235375
aaaaagsc_s003_t001,calibration,1.0,canonicalized,1,4.641177,0.984072,5.928843
aaaaagsc_s006_t001,calibration,1.0,canonicalized,1,1.088106,0.696712,1.341046
aaaaaguk_s002_t001,calibration,1.0,canonicalized,0,-3.795074,0.024303,0.390571
aaaaagvx_s002_t000,calibration,1.0,canonicalized,1,0.562857,0.585416,0.775320
aaaaagvx_s003_t001,calibration,1.0,canonicalized,1,1.906075,0.830550,0.693810
aaaaagyr_s002_t000,calibration,1.0,canonicalized,1,-0.564502,0.331935,0.705318
aaaaahie_s005_t001,calibration,1.0,canonicalized,1,7.723832,0.999070,1.990954
aaaaahsv_s002_t000,calibration,1.0,canonicalized,0,-0.675144,0.309607,2.527478
aaaaahte_s002_t000,calibration,1.0,canonicalized,1,8.945913,0.999700,3.685500
aaaaahte_s003_t000,calibration,1.0,canonicalized,1,9.469057,0.999815,0.419798
aaaaahuy_s002_t000,calibration,1.0,canonicalized,1,-1.476531,0.175891,0.059438
aaaaahzi_s001_t000,calibration,1.0,canonicalized,0,-0.860523,0.274142,0.709215
aaaaahzm_s001_t001,calibration,1.0,canonicalized,0,-1.094328,0.233200,1.348710
aaaaahzq_s001_t000,calibration,1.0,canonicalized,0,-3.628360,0.028247,0.060906
aaaaahzs_s001_t001,calibration,1.0,canonicalized,0,-1.053145,0.240092,1.692696
aaaaaiae_s001_t000,calibration,1.0,canonicalized,0,0.877159,0.653905,1.808168
aaaaaibx_s001_t000,calibration,1.0,canonicalized,0,0.154223,0.491613,0.225827
aaaaaiby_s001_t000,calibration,1.0,canonicalized,0,-1.221003,0.212873,1.148603
aaaaaici_s001_t000,calibration,1.0,canonicalized,0,-2.137281,0.103714,4.614426
aaaaaicn_s001_t000,calibration,1.0,canonicalized,0,0.737780,0.624129,2.042876
aaaaaijh_s002_t000,calibration,1.0,canonicalized,1,-2.881360,0.054888,0.414732
aaaaaijn_s001_t001,calibration,1.0,canonicalized,0,-0.254196,0.398445,0.626858
aaaaairb_s001_t001,calibration,1.0,canonicalized,0,-0.382943,0.370229,0.813401
aaaaairo_s001_t000,calibration,1.0,canonicalized,0,-2.655239,0.066825,1.296635
aaaaaitt_s001_t000,calibration,1.0,canonicalized,0,-3.335795,0.036719,3.772701
aaaaaiue_s004_t000,calibration,1.0,canonicalized,1,0.265033,0.517272,3.827692
aaaaaiuo_s002_t000,calibration,1.0,canonicalized,0,3.017104,0.932068,0.823270
aaaaaiwz_s001_t001,calibration,1.0,canonicalized,0,-1.711521,0.146520,0.824778
aaaaaiyy_s001_t001,calibration,1.0,canonicalized,0,-3.160882,0.042902,0.224463
aaaaaizd_s001_t001,calibration,1.0,canonicalized,0,-0.038547,0.447160,2.591040
aaaaaizs_s001_t000,calibration,1.0,canonicalized,0,1.177731,0.713966,1.102915
aaaaajae_s001_t001,calibration,1.0,canonicalized,0,5.349483,0.991673,3.849591
aaaaajah_s002_t001,calibration,1.0,canonicalized,1,0.545773,0.581569,1.083018
aaaaajah_s004_t000,calibration,1.0,canonicalized,1,-0.851958,0.275724,2.539179
aaaaajal_s001_t001,calibration,1.0,canonicalized,0,-3.200549,0.041418,0.336014
aaaaajam_s001_t000,calibration,1.0,canonicalized,1,-0.935311,0.260571,0.334218
aaaaajar_s001_t001,calibration,1.0,canonicalized,0,-0.837634,0.278382,0.134036
aaaaajbb_s001_t000,calibration,1.0,canonicalized,0,1.958593,0.837289,0.569023
aaaaajbh_s002_t000,calibration,1.0,canonicalized,0,-4.378036,0.014306,0.262662
aaaaajce_s001_t000,calibration,1.0,canonicalized,0,-0.978229,0.252983,0.158936
aaaaajci_s001_t000,calibration,1.0,canonicalized,0,-3.058376,0.046976,1.473388
aaaaajck_s001_t000,calibration,1.0,canonicalized,0,-3.919496,0.021714,0.051433
aaaaajct_s001_t000,calibration,1.0,canonicalized,0,1.575402,0.782988,3.659361
aaaaajcu_s001_t000,calibration,1.0,canonicalized,0,0.721322,0.620545,0.696827
aaaaajda_s001_t000,calibration,1.0,canonicalized,0,-3.757337,0.025146,0.458023
aaaaajdb_s001_t000,calibration,1.0,canonicalized,0,-1.574822,0.163078,3.451235
aaaaajdv_s001_t000,calibration,1.0,canonicalized,0,2.786038,0.917194,5.046248
aaaaajdy_s001_t000,calibration,1.0,canonicalized,0,-2.641004,0.067653,0.914217
aaaaajdz_s001_t000,calibration,1.0,canonicalized,0,-1.417641,0.183940,0.408753
aaaaajea_s001_t000,calibration,1.0,canonicalized,0,2.400239,0.885682,2.927727
aaaaajen_s001_t000,calibration,1.0,canonicalized,0,-1.951801,0.120811,1.794978
aaaaajey_s001_t000,calibration,1.0,canonicalized,0,-0.493557,0.346668,0.469443
aaaaajfb_s001_t000,calibration,1.0,canonicalized,0,-3.418477,0.034104,1.822105
aaaaajfe_s001_t000,calibration,1.0,canonicalized,0,-1.578438,0.162621,0.407285
aaaaajff_s001_t000,calibration,1.0,canonicalized,0,-3.734810,0.025662,0.621854
aaaaajfi_s001_t001,calibration,1.0,canonicalized,0,-1.184872,0.218536,0.248563
aaaaajfn_s001_t001,calibration,1.0,canonicalized,0,-2.656633,0.066745,1.145278
aaaaajfy_s001_t000,calibration,1.0,canonicalized,0,-4.200339,0.016823,0.195867
aaaaajga_s001_t001,calibration,1.0,canonicalized,0,0.582520,0.589830,5.425110
aaaaajhy_s001_t000,calibration,1.0,canonicalized,0,-2.985537,0.050091,3.473307
aaaaajit_s001_t001,calibration,1.0,canonicalized,0,-3.364139,0.035802,0.587679
aaaaajiu_s001_t000,calibration,1.0,canonicalized,0,1.694138,0.801099,5.765084
aaaaajiy_s001_t001,calibration,1.0,canonicalized,0,-0.448515,0.356179,1.425773
aaaaajiz_s001_t000,calibration,1.0,canonicalized,0,-1.251130,0.208234,1.062396
aaaaajjb_s001_t001,calibration,1.0,canonicalized,0,1.957567,0.837159,4.562608
aaaaajje_s001_t000,calibration,1.0,canonicalized,0,-2.063683,0.110226,5.481170
aaaaajjk_s001_t000,calibration,1.0,canonicalized,0,-2.311266,0.089658,0.341236
aaaaajna_s001_t000,calibration,1.0,canonicalized,0,-1.450173,0.179459,1.833338
aaaaajnu_s001_t000,calibration,1.0,canonicalized,0,-2.565613,0.072194,4.514059
aaaaajon_s001_t000,calibration,1.0,canonicalized,0,-0.856419,0.274899,0.341431
aaaaajoo_s002_t001,calibration,1.0,canonicalized,1,-0.030309,0.449048,2.520011
aaaaajpg_s001_t001,calibration,1.0,canonicalized,0,-2.260635,0.093561,0.541869
aaaaajqh_s004_t000,calibration,1.0,canonicalized,1,9.002352,0.999715,5.989583
aaaaajqk_s003_t001,calibration,1.0,canonicalized,1,4.988813,0.988407,0.783429
aaaaajrf_s001_t000,calibration,1.0,canonicalized,1,6.850991,0.997915,2.093751
aaaaajrf_s002_t000,calibration,1.0,canonicalized,1,11.602089,0.999974,5.125755
aaaaajrf_s003_t002,calibration,1.0,canonicalized,1,10.360484,0.999919,2.075467
aaaaajrf_s004_t000,calibration,1.0,canonicalized,1,3.125529,0.938159,0.375704
aaaaajso_s001_t000,calibration,1.0,canonicalized,1,8.767158,0.999646,5.771150
aaaaajtg_s001_t000,calibration,1.0,canonicalized,0,-0.183729,0.414192,2.740711
aaaaajtu_s001_t000,calibration,1.0,canonicalized,0,-0.273634,0.394136,1.720723
aaaaajuh_s001_t000,calibration,1.0,canonicalized,1,7.605799,0.998963,4.506998
aaaaajun_s001_t000,calibration,1.0,canonicalized,0,4.565491,0.982934,1.298545
aaaaajvh_s001_t001,calibration,1.0,canonicalized,0,-2.210674,0.097561,0.373441
aaaaajxp_s001_t000,calibration,1.0,canonicalized,0,0.774751,0.632130,1.546636
aaaaakck_s001_t001,calibration,1.0,canonicalized,1,1.799165,0.816151,0.109180
aaaaakcx_s001_t001,calibration,1.0,canonicalized,1,9.800092,0.999864,1.631602
aaaaakcy_s005_t001,calibration,1.0,canonicalized,1,8.816933,0.999662,0.443684
aaaaakdj_s001_t000,calibration,1.0,canonicalized,1,0.485921,0.568017,0.717272
aaaaakdo_s001_t000,calibration,1.0,canonicalized,1,0.469897,0.564371,2.702775
aaaaakeq_s001_t000,calibration,1.0,canonicalized,1,1.959801,0.837441,1.081401
aaaaakeq_s002_t000,calibration,1.0,canonicalized,1,2.324878,0.878420,5.149065
aaaaakeq_s003_t000,calibration,1.0,canonicalized,1,3.926552,0.969572,2.351763
aaaaakev_s001_t001,calibration,1.0,canonicalized,1,9.227114,0.999769,4.698120
aaaaakev_s002_t000,calibration,1.0,canonicalized,1,8.999028,0.999715,5.370451
aaaaakft_s001_t000,calibration,1.0,canonicalized,0,-2.848992,0.056465,0.995986
aaaaakgp_s001_t001,calibration,1.0,canonicalized,0,0.777216,0.632661,1.786987
aaaaakgu_s001_t000,calibration,1.0,canonicalized,1,-1.845834,0.131633,0.209388
aaaaakjk_s002_t002,calibration,1.0,canonicalized,1,2.196769,0.865164,7.672108
aaaaakjk_s003_t000,calibration,1.0,canonicalized,1,2.433522,0.888767,0.640946
aaaaakka_s001_t001,calibration,1.0,canonicalized,0,-1.147659,0.224481,1.129812
aaaaakmg_s003_t001,calibration,1.0,canonicalized,1,8.235785,0.999421,1.173804
aaaaakmh_s001_t000,calibration,1.0,canonicalized,1,1.327351,0.741417,4.195727
aaaaaknt_s001_t000,calibration,1.0,canonicalized,1,3.683660,0.962184,0.713802
aaaaakoo_s001_t001,calibration,1.0,canonicalized,1,8.799171,0.999656,0.767317
aaaaakqg_s001_t001,calibration,1.0,canonicalized,0,-1.243130,0.209458,1.262333
aaaaakqr_s001_t000,calibration,1.0,canonicalized,0,-2.839344,0.056943,0.329007
aaaaakrt_s001_t001,calibration,1.0,canonicalized,1,6.962137,0.998119,0.394993
aaaaakrt_s002_t001,calibration,1.0,canonicalized,1,7.542199,0.998900,0.516150
aaaaaksb_s001_t000,calibration,1.0,canonicalized,0,-2.306133,0.090047,0.293243
aaaaaksu_s001_t001,calibration,1.0,canonicalized,0,0.890360,0.656667,0.554019
aaaaakxz_s001_t001,calibration,1.0,canonicalized,1,4.139227,0.974877,1.020011
aaaaakxz_s002_t001,calibration,1.0,canonicalized,1,4.494084,0.981788,0.343841
aaaaalaf_s001_t000,calibration,1.0,canonicalized,0,-2.249810,0.094415,0.541912
aaaaalau_s001_t000,calibration,1.0,canonicalized,1,5.512606,0.992832,4.992144
aaaaalbh_s001_t000,calibration,1.0,canonicalized,1,2.349873,0.880872,2.229428
aaaaalbt_s001_t001,calibration,1.0,canonicalized,0,-0.672315,0.310168,0.461908
aaaaalbt_s002_t000,calibration,1.0,canonicalized,0,-0.866219,0.273093,0.815229
aaaaalbz_s006_t000,calibration,1.0,canonicalized,1,7.629519,0.998985,17.657812
aaaaalid_s001_t001,calibration,1.0,canonicalized,0,1.448144,0.762288,0.801954
aaaaaljf_s001_t000,calibration,1.0,canonicalized,1,5.420403,0.992198,1.764884
aaaaaljj_s001_t000,calibration,1.0,canonicalized,0,-2.679672,0.065428,0.898377
aaaaallc_s001_t001,calibration,1.0,canonicalized,0,0.132168,0.486507,0.618265
aaaaalle_s002_t000,calibration,1.0,canonicalized,1,1.192431,0.716739,1.480795
aaaaalox_s001_t001,calibration,1.0,canonicalized,0,4.683436,0.984674,2.384210
aaaaalpv_s001_t000,calibration,1.0,canonicalized,0,-0.026437,0.449935,2.740002
aaaaalqa_s001_t000,calibration,1.0,canonicalized,0,-0.546093,0.335728,0.833122
aaaaalqr_s001_t001,calibration,1.0,canonicalized,1,0.830847,0.644131,0.376276
aaaaalqs_s001_t001,calibration,1.0,canonicalized,0,-2.135240,0.103890,0.469845
aaaaalqx_s001_t000,calibration,1.0,canonicalized,0,-3.573323,0.029681,0.251280
aaaaalrc_s002_t000,calibration,1.0,canonicalized,1,12.817328,0.999992,0.106460
aaaaalsq_s001_t000,calibration,1.0,canonicalized,0,0.994438,0.678068,0.669368
aaaaalsx_s001_t000,calibration,1.0,canonicalized,1,0.231382,0.509483,1.230081
aaaaalsx_s004_t001,calibration,1.0,canonicalized,1,0.702473,0.616425,0.189300
aaaaaluz_s001_t001,calibration,1.0,canonicalized,0,-3.496494,0.031801,0.256540
aaaaalvw_s001_t000,calibration,1.0,canonicalized,0,-3.630843,0.028184,0.512881
aaaaalvz_s001_t000,calibration,1.0,canonicalized,1,9.590626,0.999835,1.822764
aaaaalxk_s001_t000,calibration,1.0,canonicalized,0,-0.018037,0.451862,0.556704
aaaaalyr_s001_t000,calibration,1.0,canonicalized,1,1.687088,0.800056,0.566342
aaaaalzk_s002_t001,calibration,1.0,canonicalized,1,9.931049,0.999880,3.710876
aaaaamcb_s001_t001,calibration,1.0,canonicalized,1,8.348974,0.999479,2.637121
aaaaamfe_s001_t001,calibration,1.0,canonicalized,0,0.204914,0.503354,0.102789
aaaaamft_s001_t001,calibration,1.0,canonicalized,1,1.486991,0.768748,0.220940
aaaaamfu_s001_t000,calibration,1.0,canonicalized,0,-2.037087,0.112666,0.133188
aaaaamhi_s001_t000,calibration,1.0,canonicalized,1,5.423843,0.992223,6.743644
aaaaamhk_s001_t000,calibration,1.0,canonicalized,1,5.356024,0.991722,0.537674
aaaaamjc_s001_t001,calibration,1.0,canonicalized,1,8.611883,0.999591,0.592790
aaaaammh_s001_t001,calibration,1.0,canonicalized,1,2.918511,0.926051,0.377693
aaaaamnq_s001_t000,calibration,1.0,canonicalized,1,7.659806,0.999013,3.155356
aaaaamnq_s002_t000,calibration,1.0,canonicalized,1,5.671903,0.993810,0.417244
aaaaamon_s001_t000,calibration,1.0,canonicalized,0,-0.163585,0.418728,2.901719
aaaaampz_s001_t000,calibration,1.0,canonicalized,1,1.237694,0.725176,3.267190
aaaaamrj_s001_t000,calibration,1.0,canonicalized,0,1.704260,0.802589,0.557868
aaaaamsc_s001_t000,calibration,1.0,canonicalized,1,6.416794,0.996886,0.207716
aaaaamtb_s001_t000,calibration,1.0,canonicalized,0,2.961625,0.928740,0.823095
aaaaamuc_s001_t000,calibration,1.0,canonicalized,0,-1.972526,0.118786,0.172072
aaaaamxn_s001_t000,calibration,1.0,canonicalized,1,0.281163,0.521002,0.580952
aaaaamyb_s001_t001,calibration,1.0,canonicalized,0,0.002141,0.456497,1.345558
aaaaamye_s001_t000,calibration,1.0,canonicalized,1,10.404281,0.999922,0.826751
aaaaamzi_s001_t001,calibration,1.0,canonicalized,1,6.343047,0.996666,1.104032
aaaaamzl_s001_t000,calibration,1.0,canonicalized,0,-2.155313,0.102171,0.579614
aaaaamzx_s001_t000,calibration,1.0,canonicalized,0,-2.699714,0.064301,2.267225
aaaaanbq_s001_t000,calibration,1.0,canonicalized,0,-1.091176,0.233723,0.289263
aaaaanek_s001_t000,calibration,1.0,canonicalized,0,-2.809486,0.058447,0.111515
aaaaangp_s001_t000,calibration,1.0,canonicalized,0,0.129032,0.485781,0.531621
aaaaanhb_s001_t003,calibration,1.0,canonicalized,1,2.881387,0.923661,1.575269
aaaaanhb_s003_t001,calibration,1.0,canonicalized,1,5.259569,0.990956,0.579852
aaaaanhb_s005_t000,calibration,1.0,canonicalized,1,9.094950,0.999739,0.832848
aaaaankf_s001_t000,calibration,1.0,canonicalized,1,4.493314,0.981776,2.131465
aaaaanlp_s001_t000,calibration,1.0,canonicalized,0,-1.272280,0.205021,0.276767
aaaaanmc_s001_t000,calibration,1.0,canonicalized,1,8.585052,0.999581,3.350047
aaaaanop_s001_t000,calibration,1.0,canonicalized,0,1.149191,0.708536,2.558986
aaaaanoz_s001_t000,calibration,1.0,canonicalized,1,0.321017,0.530209,0.651194
aaaaanpr_s001_t002,calibration,1.0,canonicalized,1,5.412543,0.992141,7.235799
aaaaanqe_s001_t000,calibration,1.0,canonicalized,0,-2.932075,0.052501,0.636279
aaaaanro_s001_t000,calibration,1.0,canonicalized,1,3.455228,0.953683,1.694504
aaaaansj_s001_t000,calibration,1.0,canonicalized,1,5.344670,0.991636,3.521293
aaaaanta_s001_t000,calibration,1.0,canonicalized,1,6.246306,0.996355,8.311026
aaaaanum_s001_t000,calibration,1.0,canonicalized,0,-0.037411,0.447420,1.307668
aaaaanvb_s002_t000,calibration,1.0,canonicalized,0,-1.344901,0.194272,0.187400
aaaaanvg_s001_t002,calibration,1.0,canonicalized,0,2.471051,0.892159,1.063397
aaaaanvw_s001_t000,calibration,1.0,canonicalized,0,-2.888341,0.054553,0.777490
aaaaanwc_s001_t001,calibration,1.0,canonicalized,1,6.941011,0.998082,15.114196
aaaaanxl_s001_t000,calibration,1.0,canonicalized,1,6.484978,0.997076,12.812692
aaaaanyb_s001_t001,calibration,1.0,canonicalized,0,1.117489,0.702433,0.844835
aaaaanyt_s002_t000,calibration,1.0,canonicalized,1,6.009018,0.995463,2.511156
aaaaanyw_s001_t000,calibration,1.0,canonicalized,1,2.588426,0.902184,0.186786
aaaaanyw_s002_t000,calibration,1.0,canonicalized,1,4.315338,0.978579,1.656269
aaaaanzh_s001_t000,calibration,1.0,canonicalized,1,-0.695445,0.305601,3.082682
aaaaanzu_s001_t003,calibration,1.0,canonicalized,1,2.108388,0.855323,3.455170
aaaaaoav_s001_t000,calibration,1.0,canonicalized,0,-2.813856,0.058224,0.293902
aaaaaoav_s002_t000,calibration,1.0,canonicalized,0,-1.600250,0.159888,0.449937
aaaaaobi_s001_t000,calibration,1.0,canonicalized,1,-0.498128,0.345710,10.684360
aaaaaobl_s001_t000,calibration,1.0,canonicalized,0,-0.260180,0.397117,2.019586
aaaaaoby_s001_t000,calibration,1.0,canonicalized,0,-0.061294,0.441956,4.833374
aaaaaoda_s001_t000,calibration,1.0,canonicalized,1,8.218967,0.999412,8.702627
aaaaaoeg_s001_t000,calibration,1.0,canonicalized,0,1.660030,0.796015,0.786430
aaaaaofj_s001_t000,calibration,1.0,canonicalized,0,-2.474169,0.078078,0.439454
aaaaaofr_s001_t000,calibration,1.0,canonicalized,0,3.140482,0.938958,1.407310
aaaaaofz_s001_t000,calibration,1.0,canonicalized,0,0.151136,0.490898,0.989103
aaaaaohb_s001_t000,calibration,1.0,canonicalized,1,2.647558,0.906913,0.360260
aaaaaohr_s002_t001,calibration,1.0,canonicalized,1,6.380638,0.996780,0.444400
aaaaaoiq_s001_t000,calibration,1.0,canonicalized,1,2.112383,0.855781,0.354389
aaaaaoiv_s001_t000,calibration,1.0,canonicalized,1,0.839063,0.645874,0.116959
aaaaaoiv_s002_t001,calibration,1.0,canonicalized,1,9.136087,0.999749,1.192082
aaaaaoiv_s003_t003,calibration,1.0,canonicalized,1,6.769082,0.997751,0.069594
aaaaaojd_s001_t002,calibration,1.0,canonicalized,0,0.267063,0.517741,2.108229
aaaaaokg_s001_t000,calibration,1.0,canonicalized,0,4.595971,0.983402,3.046425
aaaaaoly_s001_t000,calibration,1.0,canonicalized,0,-0.776629,0.289877,6.702924
aaaaaome_s001_t000,calibration,1.0,canonicalized,0,-1.087302,0.234366,2.231485
aaaaaomx_s001_t000,calibration,1.0,canonicalized,0,-0.131588,0.425960,0.776193
aaaaaomy_s001_t000,calibration,1.0,canonicalized,1,4.442165,0.980908,5.576884
aaaaaonb_s001_t000,calibration,1.0,canonicalized,0,1.089848,0.697053,2.026449
aaaaaons_s002_t002,calibration,1.0,canonicalized,1,7.404539,0.998751,0.387846
aaaaaopd_s001_t000,calibration,1.0,canonicalized,0,-0.578515,0.329062,2.407168
aaaaaopo_s001_t000,calibration,1.0,canonicalized,0,-1.938427,0.122133,0.108137
aaaaaora_s002_t000,calibration,1.0,canonicalized,1,2.270925,0.872980,0.543607
aaaaaord_s001_t000,calibration,1.0,canonicalized,1,2.105458,0.854987,0.541965
aaaaaosh_s001_t000,calibration,1.0,canonicalized,1,1.495371,0.770125,1.336208
aaaaaosw_s001_t000,calibration,1.0,canonicalized,0,1.330159,0.741916,4.002450
aaaaaote_s001_t000,calibration,1.0,canonicalized,0,-1.072176,0.236890,0.979363
aaaaaout_s001_t000,calibration,1.0,canonicalized,1,2.826006,0.919963,2.511462
aaaaaovl_s001_t000,calibration,1.0,canonicalized,1,4.270993,0.977700,0.104068
aaaaaovo_s001_t000,calibration,1.0,canonicalized,1,8.510006,0.999551,0.175311
aaaaaowb_s001_t000,calibration,1.0,canonicalized,0,0.218996,0.506615,0.998004
aaaaaoxf_s001_t000,calibration,1.0,canonicalized,0,-1.473390,0.176313,0.606409
aaaaaozf_s001_t001,calibration,1.0,canonicalized,0,-0.263847,0.396303,1.554760
aaaaapag_s001_t000,calibration,1.0,canonicalized,0,-2.310204,0.089738,2.336686
aaaaapar_s001_t000,calibration,1.0,canonicalized,1,12.150313,0.999985,0.287349
aaaaapcb_s001_t000,calibration,1.0,canonicalized,0,3.171392,0.940579,0.209626
aaaaapcy_s001_t002,calibration,1.0,canonicalized,0,-3.066951,0.046621,0.353745
aaaaapdg_s001_t000,calibration,1.0,canonicalized,0,-1.167970,0.221222,0.095475
aaaaaphs_s001_t000,calibration,1.0,canonicalized,1,3.319694,0.947809,3.761623
aaaaaphw_s001_t000,calibration,1.0,canonicalized,0,1.795957,0.815704,0.632847
aaaaapij_s001_t000,calibration,1.0,canonicalized,0,0.370371,0.541581,1.115162
aaaaapjc_s001_t001,calibration,1.0,canonicalized,0,-4.549000,0.012236,0.228823
aaaaapka_s001_t000,calibration,1.0,canonicalized,0,-1.019442,0.245835,0.449441
aaaaapkx_s001_t001,calibration,1.0,canonicalized,1,-1.870067,0.129088,3.334018
aaaaaply_s001_t001,calibration,1.0,canonicalized,1,3.828553,0.966776,3.421063
aaaaapmb_s002_t001,calibration,1.0,canonicalized,1,6.932059,0.998066,0.861444
aaaaapmp_s001_t000,calibration,1.0,canonicalized,1,-0.544311,0.336096,1.899450
aaaaapnr_s001_t000,calibration,1.0,canonicalized,1,-1.759301,0.141071,1.991794
aaaaapoc_s001_t000,calibration,1.0,canonicalized,1,4.954304,0.988035,5.377734
aaaaapof_s001_t000,calibration,1.0,canonicalized,0,-3.427652,0.033825,0.161465
aaaaapoo_s001_t000,calibration,1.0,canonicalized,0,-3.067820,0.046585,1.558462
aaaaapoq_s001_t000,calibration,1.0,canonicalized,0,1.177905,0.713999,2.101599
aaaaappb_s001_t000,calibration,1.0,canonicalized,0,0.311460,0.528003,3.466488
aaaaapqd_s001_t000,calibration,1.0,canonicalized,1,1.284848,0.733796,3.047111
aaaaapqv_s001_t000,calibration,1.0,canonicalized,0,-3.156170,0.043082,2.169340
aaaaapta_s001_t000,calibration,1.0,canonicalized,1,6.243790,0.996347,1.599038
aaaaapth_s001_t000,calibration,1.0,canonicalized,1,2.745472,0.914294,6.330779
aaaaapua_s001_t001,calibration,1.0,canonicalized,0,-3.692362,0.026664,0.443427
aaaaapuu_s001_t000,calibration,1.0,canonicalized,0,-2.095899,0.107333,1.807532
aaaaapvw_s001_t001,calibration,1.0,canonicalized,1,5.376163,0.991874,3.253197
aaaaapvy_s001_t000,calibration,1.0,canonicalized,1,4.152763,0.975183,9.192408
aaaaapwn_s001_t001,calibration,1.0,canonicalized,0,-1.264943,0.206132,1.691417
aaaaapwo_s001_t001,calibration,1.0,canonicalized,1,8.856062,0.999674,0.652752
aaaaapxm_s001_t001,calibration,1.0,canonicalized,0,-1.801472,0.136403,0.509571
aaaaapys_s001_t001,calibration,1.0,canonicalized,1,12.608388,0.999990,0.183696
aaaaapys_s002_t001,calibration,1.0,canonicalized,1,9.332268,0.999790,5.928584
aaaaaayx_s002_t000,calibration,1.0,naive,0,0.950356,0.669088,2.114815
aaaaabdo_s003_t000,calibration,1.0,naive,1,7.372150,0.998713,1.463997
aaaaabsk_s007_t000,calibration,1.0,naive,1,-0.826144,0.280525,1.392338
aaaaabuv_s002_t000,calibration,1.0,naive,1,2.297989,0.875734,0.802567
aaaaacad_s003_t000,calibration,1.0,naive,0,2.475463,0.892551,0.732602
aaaaacby_s004_t000,calibration,1.0,naive,0,0.278713,0.520436,0.416986
aaaaaddm_s006_t000,calibration,1.0,naive,1,3.397491,0.951262,4.322683
aaaaadeu_s002_t000,calibration,1.0,naive,1,3.712771,0.963153,1.305258
aaaaadjk_s002_t000,calibration,1.0,naive,0,-2.809259,0.058458,0.414995
aaaaadkb_s002_t000,calibration,1.0,naive,1,6.558904,0.997269,5.474144
aaaaadsm_s002_t001,calibration,1.0,naive,0,-1.535195,0.168151,2.410570
aaaaaeab_s003_t000,calibration,1.0,naive,0,-0.796386,0.286123,0.354847
aaaaaejc_s003_t001,calibration,1.0,naive,0,1.895662,0.829188,0.559330
aaaaaezn_s003_t001,calibration,1.0,naive,1,1.272059,0.731475,7.394483
aaaaafhl_s003_t000,calibration,1.0,naive,1,1.430844,0.759371,0.639331
aaaaagfk_s003_t000,calibration,1.0,naive,0,-1.106050,0.231264,1.586300
aaaaagsc_s003_t001,calibration,1.0,naive,1,4.876558,0.987153,5.078105
aaaaagsc_s006_t001,calibration,1.0,naive,1,1.517148,0.773677,1.568630
aaaaaguk_s002_t001,calibration,1.0,naive,0,-3.508279,0.031467,0.235850
aaaaagvx_s002_t000,calibration,1.0,naive,1,-0.468709,0.351901,0.662429
aaaaagvx_s003_t001,calibration,1.0,naive,1,0.568988,0.586794,0.791123
aaaaagyr_s002_t000,calibration,1.0,naive,1,-0.725315,0.299760,0.718049
aaaaahie_s005_t001,calibration,1.0,naive,1,9.260127,0.999776,0.365075
aaaaahsv_s002_t000,calibration,1.0,naive,0,-1.055732,0.239655,3.215367
aaaaahte_s002_t000,calibration,1.0,naive,1,8.587753,0.999582,3.143303
aaaaahte_s003_t000,calibration,1.0,naive,1,9.614355,0.999839,0.219608
aaaaahuy_s002_t000,calibration,1.0,naive,1,-0.882113,0.270179,0.046632
aaaaahzi_s001_t000,calibration,1.0,naive,0,-2.481788,0.077572,0.532506
aaaaahzm_s001_t001,calibration,1.0,naive,0,1.124036,0.703699,0.193175
aaaaahzq_s001_t000,calibration,1.0,naive,0,-4.145574,0.017683,0.098347
aaaaahzs_s001_t001,calibration,1.0,naive,0,-1.324403,0.197262,0.350845
aaaaaiae_s001_t000,calibration,1.0,naive,0,0.883315,0.655194,0.263329
aaaaaibx_s001_t000,calibration,1.0,naive,0,-0.203235,0.409814,0.275613
aaaaaiby_s001_t000,calibration,1.0,naive,0,1.349609,0.745351,3.310685
aaaaaici_s001_t000,calibration,1.0,naive,0,-1.824534,0.133905,12.982334
aaaaaicn_s001_t000,calibration,1.0,naive,0,1.114048,0.701766,2.475755
aaaaaijh_s002_t000,calibration,1.0,naive,1,-2.960688,0.051198,0.343400
aaaaaijn_s001_t001,calibration,1.0,naive,0,0.360425,0.539292,1.070800
aaaaairb_s001_t001,calibration,1.0,naive,0,-0.146525,0.422580,1.008508
aaaaairo_s001_t000,calibration,1.0,naive,0,-1.708010,0.146928,3.101515
aaaaaitt_s001_t000,calibration,1.0,naive,0,-3.512685,0.031343,3.301146
aaaaaiue_s004_t000,calibration,1.0,naive,1,0.798487,0.637229,3.237002
aaaaaiuo_s002_t000,calibration,1.0,naive,0,4.600096,0.983464,1.000862
aaaaaiwz_s001_t001,calibration,1.0,naive,0,-2.550281,0.073151,0.651791
aaaaaiyy_s001_t001,calibration,1.0,naive,0,-3.177204,0.042285,0.181514
aaaaaizd_s001_t001,calibration,1.0,naive,0,-0.187852,0.413266,3.895649
aaaaaizs_s001_t000,calibration,1.0,naive,0,0.785044,0.634345,1.188968
aaaaajae_s001_t001,calibration,1.0,naive,0,5.027683,0.988812,2.280349
aaaaajah_s002_t001,calibration,1.0,naive,1,0.650634,0.605007,1.020280
aaaaajah_s004_t000,calibration,1.0,naive,1,-1.189864,0.217747,2.877752
aaaaajal_s001_t001,calibration,1.0,naive,0,-3.309703,0.037584,0.256586
aaaaajam_s001_t000,calibration,1.0,naive,1,2.730371,0.913192,0.361080
aaaaajar_s001_t001,calibration,1.0,naive,0,-0.769205,0.291295,0.199068
aaaaajbb_s001_t000,calibration,1.0,naive,0,1.294787,0.735591,0.553795
aaaaajbh_s002_t000,calibration,1.0,naive,0,-2.840880,0.056866,0.739498
aaaaajce_s001_t000,calibration,1.0,naive,0,0.465872,0.563454,0.529833
aaaaajci_s001_t000,calibration,1.0,naive,0,-3.545716,0.030427,1.089272
aaaaajck_s001_t000,calibration,1.0,naive,0,-3.804662,0.024093,0.064706
aaaaajct_s001_t000,calibration,1.0,naive,0,4.983239,0.988348,8.301910
aaaaajcu_s001_t000,calibration,1.0,naive,0,1.636058,0.792385,1.150258
aaaaajda_s001_t000,calibration,1.0,naive,0,-4.027175,0.019693,0.942740
aaaaajdb_s001_t000,calibration,1.0,naive,0,-1.612494,0.158370,4.139723
aaaaajdv_s001_t000,calibration,1.0,naive,0,2.619999,0.904735,4.695759
aaaaajdy_s001_t000,calibration,1.0,naive,0,-2.757963,0.061130,0.846543
aaaaajdz_s001_t000,calibration,1.0,naive,0,-1.587433,0.161489,0.427340
aaaaajea_s001_t000,calibration,1.0,naive,0,3.048376,0.933880,4.012059
aaaaajen_s001_t000,calibration,1.0,naive,0,-1.689149,0.149132,2.125227
aaaaajey_s001_t000,calibration,1.0,naive,0,-0.446062,0.356701,0.715990
aaaaajfb_s001_t000,calibration,1.0,naive,0,-3.675282,0.027078,1.538701
aaaaajfe_s001_t000,calibration,1.0,naive,0,-2.346372,0.087038,0.272935
aaaaajff_s001_t000,calibration,1.0,naive,0,-3.710935,0.026221,0.422863
aaaaajfi_s001_t001,calibration,1.0,naive,0,0.877453,0.653966,2.482581
aaaaajfn_s001_t001,calibration,1.0,naive,0,-2.711201,0.063664,0.980240
aaaaajfy_s001_t000,calibration,1.0,naive,0,-4.647502,0.011181,0.173881
aaaaajga_s001_t001,calibration,1.0,naive,0,1.998809,0.842301,7.417368
aaaaajhy_s001_t000,calibration,1.0,naive,0,-3.155173,0.043120,3.552889
aaaaajit_s001_t001,calibration,1.0,naive,0,-3.105357,0.045065,1.209669
aaaaajiu_s001_t000,calibration,1.0,naive,0,1.640600,0.793077,6.953147
aaaaajiy_s001_t001,calibration,1.0,naive,0,-0.277453,0.393291,1.771288
aaaaajiz_s001_t000,calibration,1.0,naive,0,-1.332662,0.196054,1.411173
aaaaajjb_s001_t001,calibration,1.0,naive,0,3.790371,0.965621,10.069115
aaaaajje_s001_t000,calibration,1.0,naive,0,-2.015141,0.114715,7.888249
aaaaajjk_s001_t000,calibration,1.0,naive,0,-2.345184,0.087126,0.416709
aaaaajna_s001_t000,calibration,1.0,naive,0,-1.469907,0.176782,1.682508
aaaaajnu_s001_t000,calibration,1.0,naive,0,-1.356725,0.192563,12.204868
aaaaajon_s001_t000,calibration,1.0,naive,0,-0.870073,0.272385,0.388285
aaaaajoo_s002_t001,calibration,1.0,naive,1,0.170158,0.495303,2.449228
aaaaajpg_s001_t001,calibration,1.0,naive,0,-1.956367,0.120362,0.231022
aaaaajqh_s004_t000,calibration,1.0,naive,1,8.859620,0.999675,3.111971
aaaaajqk_s003_t001,calibration,1.0,naive,1,4.546103,0.982630,0.654901
aaaaajrf_s001_t000,calibration,1.0,naive,1,7.883642,0.999198,2.563956
aaaaajrf_s002_t000,calibration,1.0,naive,1,11.338732,0.999967,4.824791
aaaaajrf_s003_t002,calibration,1.0,naive,1,9.412236,0.999805,1.573247
aaaaajrf_s004_t000,calibration,1.0,naive,1,5.066589,0.989204,0.187157
aaaaajso_s001_t000,calibration,1.0,naive,1,8.745779,0.999639,4.285240
aaaaajtg_s001_t000,calibration,1.0,naive,0,-0.403844,0.365726,2.641937
aaaaajtu_s001_t000,calibration,1.0,naive,0,-0.416154,0.363084,3.315129
aaaaajuh_s001_t000,calibration,1.0,naive,1,7.343483,0.998678,3.928828
aaaaajun_s001_t000,calibration,1.0,naive,0,4.280555,0.977892,0.577352
aaaaajvh_s001_t001,calibration,1.0,naive,0,-3.057631,0.047006,0.299142
aaaaajxp_s001_t000,calibration,1.0,naive,0,0.196971,0.501514,2.085473
aaaaakck_s001_t001,calibration,1.0,naive,1,1.547754,0.778604,0.191323
aaaaakcx_s001_t001,calibration,1.0,naive,1,10.241595,0.999910,1.717929
aaaaakcy_s005_t001,calibration,1.0,naive,1,8.220350,0.999413,1.039569
aaaaakdj_s001_t000,calibration,1.0,naive,1,1.023856,0.683988,0.610997
aaaaakdo_s001_t000,calibration,1.0,naive,1,0.280901,0.520942,2.169865
aaaaakeq_s001_t000,calibration,1.0,naive,1,3.584719,0.958703,1.141195
aaaaakeq_s002_t000,calibration,1.0,naive,1,2.512814,0.895825,4.971089
aaaaakeq_s003_t000,calibration,1.0,naive,1,4.409473,0.980332,2.695205
aaaaakev_s001_t001,calibration,1.0,naive,1,9.325668,0.999789,1.797593
aaaaakev_s002_t000,calibration,1.0,naive,1,9.918118,0.999878,6.029100
aaaaakft_s001_t000,calibration,1.0,naive,0,-3.510828,0.031395,1.331632
aaaaakgp_s001_t001,calibration,1.0,naive,0,1.858988,0.824322,2.861442
aaaaakgu_s001_t000,calibration,1.0,naive,1,-1.732050,0.144158,0.148283
aaaaakjk_s002_t002,calibration,1.0,naive,1,2.924050,0.926402,7.681863
aaaaakjk_s003_t000,calibration,1.0,naive,1,2.252100,0.871033,0.971530
aaaaakka_s001_t001,calibration,1.0,naive,0,-1.105603,0.231337,0.685458
aaaaakmg_s003_t001,calibration,1.0,naive,1,13.175131,0.999994,4.264627
aaaaakmh_s001_t000,calibration,1.0,naive,1,1.441590,0.761186,5.848392
aaaaaknt_s001_t000,calibration,1.0,naive,1,2.911460,0.925602,0.441014
aaaaakoo_s001_t001,calibration,1.0,naive,1,9.196102,0.999762,1.291908
aaaaakqg_s001_t001,calibration,1.0,naive,0,0.484914,0.567788,5.035715
aaaaakqr_s001_t000,calibration,1.0,naive,0,-2.433925,0.080805,0.514841
aaaaakrt_s001_t001,calibration,1.0,naive,1,7.061441,0.998284,0.320138
aaaaakrt_s002_t001,calibration,1.0,naive,1,6.737785,0.997685,0.619753
aaaaaksb_s001_t000,calibration,1.0,naive,0,-2.077926,0.108939,0.604463
aaaaaksu_s001_t001,calibration,1.0,naive,0,2.535689,0.897787,0.993809
aaaaakxz_s001_t001,calibration,1.0,naive,1,1.423599,0.758142,0.066959
aaaaakxz_s002_t001,calibration,1.0,naive,1,4.198272,0.976183,0.180456
aaaaalaf_s001_t000,calibration,1.0,naive,0,-2.422454,0.081598,0.846974
aaaaalau_s001_t000,calibration,1.0,naive,1,5.443268,0.992360,6.021282
aaaaalbh_s001_t000,calibration,1.0,naive,1,3.514287,0.956041,1.154277
aaaaalbt_s001_t001,calibration,1.0,naive,0,1.652571,0.794891,1.496923
aaaaalbt_s002_t000,calibration,1.0,naive,0,2.539185,0.898083,4.669497
aaaaalbz_s006_t000,calibration,1.0,naive,1,6.521923,0.997174,14.920624
aaaaalid_s001_t001,calibration,1.0,naive,0,2.183176,0.863688,1.040866
aaaaaljf_s001_t000,calibration,1.0,naive,1,4.682987,0.984668,1.639211
aaaaaljj_s001_t000,calibration,1.0,naive,0,-3.216710,0.040828,1.146224
aaaaallc_s001_t001,calibration,1.0,naive,0,0.640738,0.602814,1.012694
aaaaalle_s002_t000,calibration,1.0,naive,1,1.067614,0.692685,1.347445
aaaaalox_s001_t001,calibration,1.0,naive,0,5.213440,0.990565,2.709723
aaaaalpv_s001_t000,calibration,1.0,naive,0,-0.343880,0.378707,2.315344
aaaaalqa_s001_t000,calibration,1.0,naive,0,-0.393745,0.367899,1.775879
aaaaalqr_s001_t001,calibration,1.0,naive,1,12.846983,0.999992,8.934009
aaaaalqs_s001_t001,calibration,1.0,naive,0,-2.202092,0.098264,0.350723
aaaaalqx_s001_t000,calibration,1.0,naive,0,-3.805175,0.024082,0.360476
aaaaalrc_s002_t000,calibration,1.0,naive,1,13.886216,0.999997,0.134351
aaaaalsq_s001_t000,calibration,1.0,naive,0,1.217043,0.721346,1.300638
aaaaalsx_s001_t000,calibration,1.0,naive,1,1.216017,0.721155,2.034346
aaaaalsx_s004_t001,calibration,1.0,naive,1,-0.553940,0.334108,0.113569
aaaaaluz_s001_t001,calibration,1.0,naive,0,-3.893205,0.022238,0.126381
aaaaalvw_s001_t000,calibration,1.0,naive,0,-3.773714,0.024777,0.468465
aaaaalvz_s001_t000,calibration,1.0,naive,1,8.782425,0.999651,0.770481
aaaaalxk_s001_t000,calibration,1.0,naive,0,-0.157158,0.420178,0.673547
aaaaalyr_s001_t000,calibration,1.0,naive,1,2.494249,0.894209,0.646978
aaaaalzk_s002_t001,calibration,1.0,naive,1,9.454784,0.999813,3.553236
aaaaamcb_s001_t001,calibration,1.0,naive,1,8.143788,0.999370,0.628753
aaaaamfe_s001_t001,calibration,1.0,naive,0,2.347495,0.880640,0.459955
aaaaamft_s001_t001,calibration,1.0,naive,1,18.877111,1.000000,8.881139
aaaaamfu_s001_t000,calibration,1.0,naive,0,-0.491907,0.347014,1.104430
aaaaamhi_s001_t000,calibration,1.0,naive,1,9.056267,0.999729,13.177361
aaaaamhk_s001_t000,calibration,1.0,naive,1,6.063550,0.995685,0.375029
aaaaamjc_s001_t001,calibration,1.0,naive,1,8.242779,0.999425,0.479751
aaaaammh_s001_t001,calibration,1.0,naive,1,4.623187,0.983808,1.456622
aaaaamnq_s001_t000,calibration,1.0,naive,1,9.029520,0.999722,1.974520
aaaaamnq_s002_t000,calibration,1.0,naive,1,5.782987,0.994412,0.591511
aaaaamon_s001_t000,calibration,1.0,naive,0,-0.051873,0.444110,4.183416
aaaaampz_s001_t000,calibration,1.0,naive,1,3.946626,0.970116,4.274179
aaaaamrj_s001_t000,calibration,1.0,naive,0,5.305402,0.991328,1.123769
aaaaamsc_s001_t000,calibration,1.0,naive,1,6.102514,0.995838,0.176520
aaaaamtb_s001_t000,calibration,1.0,naive,0,2.925607,0.926500,0.494494
aaaaamuc_s001_t000,calibration,1.0,naive,0,-1.661183,0.152449,0.280170
aaaaamxn_s001_t000,calibration,1.0,naive,1,0.726995,0.621782,0.779461
aaaaamyb_s001_t001,calibration,1.0,naive,0,0.560758,0.584944,5.017751
aaaaamye_s001_t000,calibration,1.0,naive,1,10.272265,0.999912,0.978813
aaaaamzi_s001_t001,calibration,1.0,naive,1,7.249430,0.998558,1.082469
aaaaamzl_s001_t000,calibration,1.0,naive,0,-2.285028,0.091662,0.446148
aaaaamzx_s001_t000,calibration,1.0,naive,0,-2.785748,0.059669,2.721007
aaaaanbq_s001_t000,calibration,1.0,naive,0,-0.777936,0.289628,0.656025
aaaaanek_s001_t000,calibration,1.0,naive,0,-2.811297,0.058354,0.099187
aaaaangp_s001_t000,calibration,1.0,naive,0,0.254720,0.514885,0.619351
aaaaanhb_s001_t003,calibration,1.0,naive,1,7.163251,0.998438,0.396709
aaaaanhb_s003_t001,calibration,1.0,naive,1,6.405679,0.996854,0.492925
aaaaanhb_s005_t000,calibration,1.0,naive,1,10.199762,0.999906,1.269865
aaaaankf_s001_t000,calibration,1.0,naive,1,4.703024,0.984945,1.577473
aaaaanlp_s001_t000,calibration,1.0,naive,0,-1.109625,0.230675,0.241434
aaaaanmc_s001_t000,calibration,1.0,naive,1,7.999168,0.999279,1.679646
aaaaanop_s001_t000,calibration,1.0,naive,0,1.186373,0.715598,2.669451
aaaaanoz_s001_t000,calibration,1.0,naive,1,1.693998,0.801078,1.500351
aaaaanpr_s001_t002,calibration,1.0,naive,1,5.747445,0.994226,8.987686
aaaaanqe_s001_t000,calibration,1.0,naive,0,-3.606228,0.028816,0.351849
aaaaanro_s001_t000,calibration,1.0,naive,1,3.224779,0.943284,1.424988
aaaaansj_s001_t000,calibration,1.0,naive,1,5.366871,0.991805,1.324900
aaaaanta_s001_t000,calibration,1.0,naive,1,6.346343,0.996677,7.909256
aaaaanum_s001_t000,calibration,1.0,naive,0,-0.341152,0.379301,0.997606
aaaaanvb_s002_t000,calibration,1.0,naive,0,-1.296321,0.201415,0.226484
aaaaanvg_s001_t002,calibration,1.0,naive,0,2.452989,0.890538,1.006892
aaaaanvw_s001_t000,calibration,1.0,naive,0,-3.517743,0.031201,0.920840
aaaaanwc_s001_t001,calibration,1.0,naive,1,6.280384,0.996468,14.183807
aaaaanxl_s001_t000,calibration,1.0,naive,1,8.741385,0.999638,14.242821
aaaaanyb_s001_t001,calibration,1.0,naive,0,1.529494,0.775674,2.045723
aaaaanyt_s002_t000,calibration,1.0,naive,1,16.937628,1.000000,43.027557
aaaaanyw_s001_t000,calibration,1.0,naive,1,2.290356,0.874963,0.197926
aaaaanyw_s002_t000,calibration,1.0,naive,1,4.699119,0.984892,1.007858
aaaaanzh_s001_t000,calibration,1.0,naive,1,0.184393,0.498600,5.999133
aaaaanzu_s001_t003,calibration,1.0,naive,1,1.472236,0.766309,2.440141
aaaaaoav_s001_t000,calibration,1.0,naive,0,-2.521346,0.074990,0.327456
aaaaaoav_s002_t000,calibration,1.0,naive,0,-1.608738,0.158834,0.492184
aaaaaobi_s001_t000,calibration,1.0,naive,1,-0.699261,0.304851,9.927561
aaaaaobl_s001_t000,calibration,1.0,naive,0,1.234338,0.724555,9.430941
aaaaaoby_s001_t000,calibration,1.0,naive,0,0.610542,0.596097,11.619370
aaaaaoda_s001_t000,calibration,1.0,naive,1,8.711182,0.999627,8.299640
aaaaaoeg_s001_t000,calibration,1.0,naive,0,1.541247,0.777563,0.592872
aaaaaofj_s001_t000,calibration,1.0,naive,0,-1.302739,0.200460,0.528430
aaaaaofr_s001_t000,calibration,1.0,naive,0,2.905459,0.925219,1.506067
aaaaaofz_s001_t000,calibration,1.0,naive,0,-0.371010,0.372811,1.483818
aaaaaohb_s001_t000,calibration,1.0,naive,1,4.756613,0.985664,0.604282
aaaaaohr_s002_t001,calibration,1.0,naive,1,6.522359,0.997175,0.414561
aaaaaoiq_s001_t000,calibration,1.0,naive,1,1.423046,0.758048,0.354971
aaaaaoiv_s001_t000,calibration,1.0,naive,1,2.261607,0.872019,0.206126
aaaaaoiv_s002_t001,calibration,1.0,naive,1,8.992027,0.999713,1.061109
aaaaaoiv_s003_t003,calibration,1.0,naive,1,6.949001,0.998096,0.042269
aaaaaojd_s001_t002,calibration,1.0,naive,0,0.609565,0.595879,0.607863
aaaaaokg_s001_t000,calibration,1.0,naive,0,4.314435,0.978561,3.046016
aaaaaoly_s001_t000,calibration,1.0,naive,0,0.049958,0.467508,9.346189
aaaaaome_s001_t000,calibration,1.0,naive,0,-1.088816,0.234114,2.841135
aaaaaomx_s001_t000,calibration,1.0,naive,0,2.319819,0.877919,3.097524
aaaaaomy_s001_t000,calibration,1.0,naive,1,4.934748,0.987819,5.511629
aaaaaonb_s001_t000,calibration,1.0,naive,0,2.235054,0.869249,3.553210
aaaaaons_s002_t002,calibration,1.0,naive,1,7.672451,0.999025,0.281444
aaaaaopd_s001_t000,calibration,1.0,naive,0,-0.621587,0.320312,2.374483
aaaaaopo_s001_t000,calibration,1.0,naive,0,-2.144112,0.103127,0.147316
aaaaaora_s002_t000,calibration,1.0,naive,1,2.191292,0.864571,0.434944
aaaaaord_s001_t000,calibration,1.0,naive,1,2.161779,0.861337,0.612105
aaaaaosh_s001_t000,calibration,1.0,naive,1,1.128680,0.704596,1.169706
aaaaaosw_s001_t000,calibration,1.0,naive,0,1.591784,0.785556,4.595043
aaaaaote_s001_t000,calibration,1.0,naive,0,-1.059276,0.239058,1.349512
aaaaaout_s001_t000,calibration,1.0,naive,1,3.245969,0.944325,1.300080
aaaaaovl_s001_t000,calibration,1.0,naive,1,3.886112,0.968447,0.153130
aaaaaovo_s001_t000,calibration,1.0,naive,1,10.061457,0.999893,0.380821
aaaaaowb_s001_t000,calibration,1.0,naive,0,0.122171,0.484193,1.014068
aaaaaoxf_s001_t000,calibration,1.0,naive,0,-1.515617,0.170703,0.569906
aaaaaozf_s001_t001,calibration,1.0,naive,0,-0.411545,0.364072,2.233044
aaaaapag_s001_t000,calibration,1.0,naive,0,-1.746336,0.142533,5.804314
aaaaapar_s001_t000,calibration,1.0,naive,1,13.351970,0.999995,0.149769
aaaaapcb_s001_t000,calibration,1.0,naive,0,1.980400,0.840022,0.751292
aaaaapcy_s001_t002,calibration,1.0,naive,0,-3.141893,0.043630,0.426464
aaaaapdg_s001_t000,calibration,1.0,naive,0,-1.049394,0.240727,0.150354
aaaaaphs_s001_t000,calibration,1.0,naive,1,2.879762,0.923554,3.047660
aaaaaphw_s001_t000,calibration,1.0,naive,0,2.868096,0.922788,0.882752
aaaaapij_s001_t000,calibration,1.0,naive,0,4.024924,0.972149,0.675865
aaaaapjc_s001_t001,calibration,1.0,naive,0,-4.082030,0.018735,0.443854
aaaaapka_s001_t000,calibration,1.0,naive,0,1.507316,0.772079,1.777649
aaaaapkx_s001_t001,calibration,1.0,naive,1,-1.542778,0.167170,9.049789
aaaaaply_s001_t001,calibration,1.0,naive,1,5.695163,0.993941,2.101920
aaaaapmb_s002_t001,calibration,1.0,naive,1,2.691682,0.910308,0.149999
aaaaapmp_s001_t000,calibration,1.0,naive,1,-0.678275,0.308987,1.431666
aaaaapnr_s001_t000,calibration,1.0,naive,1,-1.719297,0.145622,1.985026
aaaaapoc_s001_t000,calibration,1.0,naive,1,5.737770,0.994174,5.947028
aaaaapof_s001_t000,calibration,1.0,naive,0,-3.517014,0.031221,0.156230
aaaaapoo_s001_t000,calibration,1.0,naive,0,-2.975728,0.050525,2.075238
aaaaapoq_s001_t000,calibration,1.0,naive,0,1.250935,0.727614,2.506492
aaaaappb_s001_t000,calibration,1.0,naive,0,1.005599,0.680321,6.148015
aaaaapqd_s001_t000,calibration,1.0,naive,1,1.071249,0.693401,1.822734
aaaaapqv_s001_t000,calibration,1.0,naive,0,-2.925031,0.052826,2.739120
aaaaapta_s001_t000,calibration,1.0,naive,1,6.002572,0.995436,2.067591
aaaaapth_s001_t000,calibration,1.0,naive,1,3.219425,0.943018,3.821299
aaaaapua_s001_t001,calibration,1.0,naive,0,-4.306688,0.015269,0.720516
aaaaapuu_s001_t000,calibration,1.0,naive,0,-2.587710,0.070834,1.140913
aaaaapvw_s001_t001,calibration,1.0,naive,1,6.446009,0.996969,4.382700
aaaaapvy_s001_t000,calibration,1.0,naive,1,4.953457,0.988025,17.276798
aaaaapwn_s001_t001,calibration,1.0,naive,0,-1.371625,0.190426,1.409647
aaaaapwo_s001_t001,calibration,1.0,naive,1,11.891728,0.999980,1.144900
aaaaapxm_s001_t001,calibration,1.0,naive,0,-1.830684,0.133246,0.148196
aaaaapys_s001_t001,calibration,1.0,naive,1,13.299467,0.999995,0.113490
aaaaapys_s002_t001,calibration,1.0,naive,1,9.267127,0.999777,4.818583
aaaaaayx_s002_t000,calibration,1.5,canonicalized,0,-0.022552,0.450826,1.652801
aaaaabdo_s003_t000,calibration,1.5,canonicalized,1,7.926985,0.999230,1.869603
aaaaabsk_s007_t000,calibration,1.5,canonicalized,1,1.572001,0.782452,1.103535
aaaaabuv_s002_t000,calibration,1.5,canonicalized,1,2.921733,0.926255,1.343196
aaaaacad_s003_t000,calibration,1.5,canonicalized,0,0.364812,0.540302,0.544396
aaaaacby_s004_t000,calibration,1.5,canonicalized,0,-0.231380,0.403522,0.264911
aaaaaddm_s006_t000,calibration,1.5,canonicalized,1,3.462135,0.953965,4.678475
aaaaadeu_s002_t000,calibration,1.5,canonicalized,1,2.696917,0.910703,1.185379
aaaaadjk_s002_t000,calibration,1.5,canonicalized,0,-2.343580,0.087244,0.319151
aaaaadkb_s002_t000,calibration,1.5,canonicalized,1,6.977988,0.998146,6.767432
aaaaadsm_s002_t001,calibration,1.5,canonicalized,0,-2.154475,0.102243,0.951848
aaaaaeab_s003_t000,calibration,1.5,canonicalized,0,-0.487372,0.347967,0.443803
aaaaaejc_s003_t001,calibration,1.5,canonicalized,0,2.912431,0.925664,0.829707
aaaaaezn_s003_t001,calibration,1.5,canonicalized,1,1.065986,0.692364,6.667203
aaaaafhl_s003_t000,calibration,1.5,canonicalized,1,2.953327,0.928230,0.265950
aaaaagfk_s003_t000,calibration,1.5,canonicalized,0,-1.155758,0.223178,1.235370
aaaaagsc_s003_t001,calibration,1.5,canonicalized,1,4.641184,0.984072,5.928862
aaaaagsc_s006_t001,calibration,1.5,canonicalized,1,1.088106,0.696712,1.341048
aaaaaguk_s002_t001,calibration,1.5,canonicalized,0,-3.795067,0.024303,0.390571
aaaaagvx_s002_t000,calibration,1.5,canonicalized,1,0.562857,0.585416,0.775327
aaaaagvx_s003_t001,calibration,1.5,canonicalized,1,1.906087,0.830552,0.693818
aaaaagyr_s002_t000,calibration,1.5,canonicalized,1,-0.564507,0.331934,0.705337
aaaaahie_s005_t001,calibration,1.5,canonicalized,1,7.723834,0.999070,1.990959
aaaaahsv_s002_t000,calibration,1.5,canonicalized,0,-0.675144,0.309607,2.527480
aaaaahte_s002_t000,calibration,1.5,canonicalized,1,8.945896,0.999700,3.685498
aaaaahte_s003_t000,calibration,1.5,canonicalized,1,9.469057,0.999815,0.419795
aaaaahuy_s002_t000,calibration,1.5,canonicalized,1,-1.476530,0.175891,0.059438
aaaaahzi_s001_t000,calibration,1.5,canonicalized,0,-0.860524,0.274141,0.709215
aaaaahzm_s001_t001,calibration,1.5,canonicalized,0,-1.094330,0.233200,1.348721
aaaaahzq_s001_t000,calibration,1.5,canonicalized,0,-3.628359,0.028247,0.060906
aaaaahzs_s001_t001,calibration,1.5,canonicalized,0,-1.053140,0.240093,1.692691
aaaaaiae_s001_t000,calibration,1.5,canonicalized,0,0.877136,0.653900,1.808133
aaaaaibx_s001_t000,calibration,1.5,canonicalized,0,0.154232,0.491615,0.225836
aaaaaiby_s001_t000,calibration,1.5,canonicalized,0,-1.221002,0.212873,1.148602
aaaaaici_s001_t000,calibration,1.5,canonicalized,0,-2.137281,0.103714,4.614431
aaaaaicn_s001_t000,calibration,1.5,canonicalized,0,0.737775,0.624128,2.042857
aaaaaijh_s002_t000,calibration,1.5,canonicalized,1,-2.881364,0.054888,0.414739
aaaaaijn_s001_t001,calibration,1.5,canonicalized,0,-0.254192,0.398445,0.626853
aaaaairb_s001_t001,calibration,1.5,canonicalized,0,-0.382944,0.370229,0.813400
aaaaairo_s001_t000,calibration,1.5,canonicalized,0,-2.655238,0.066826,1.296640
aaaaaitt_s001_t000,calibration,1.5,canonicalized,0,-3.335795,0.036719,3.772702
aaaaaiue_s004_t000,calibration,1.5,canonicalized,1,0.265034,0.517272,3.827690
aaaaaiuo_s002_t000,calibration,1.5,canonicalized,0,3.017103,0.932068,0.823272
aaaaaiwz_s001_t001,calibration,1.5,canonicalized,0,-1.711520,0.146521,0.824778
aaaaaiyy_s001_t001,calibration,1.5,canonicalized,0,-3.160912,0.042901,0.224498
aaaaaizd_s001_t001,calibration,1.5,canonicalized,0,-0.038543,0.447161,2.591038
aaaaaizs_s001_t000,calibration,1.5,canonicalized,0,1.177730,0.713966,1.102915
aaaaajae_s001_t001,calibration,1.5,canonicalized,0,5.349487,0.991673,3.849559
aaaaajah_s002_t001,calibration,1.5,canonicalized,1,0.545769,0.581568,1.083019
aaaaajah_s004_t000,calibration,1.5,canonicalized,1,-0.851969,0.275722,2.539194
aaaaajal_s001_t001,calibration,1.5,canonicalized,0,-3.200550,0.041418,0.336012
aaaaajam_s001_t000,calibration,1.5,canonicalized,1,-0.935303,0.260573,0.334215
aaaaajar_s001_t001,calibration,1.5,canonicalized,0,-0.837635,0.278381,0.134036
aaaaajbb_s001_t000,calibration,1.5,canonicalized,0,1.958590,0.837288,0.569023
aaaaajbh_s002_t000,calibration,1.5,canonicalized,0,-4.378043,0.014306,0.262675
aaaaajce_s001_t000,calibration,1.5,canonicalized,0,-0.978234,0.252982,0.158932
aaaaajci_s001_t000,calibration,1.5,canonicalized,0,-3.058373,0.046976,1.473377
aaaaajck_s001_t000,calibration,1.5,canonicalized,0,-3.919495,0.021714,0.051433
aaaaajct_s001_t000,calibration,1.5,canonicalized,0,1.575389,0.782986,3.659503
aaaaajcu_s001_t000,calibration,1.5,canonicalized,0,0.721309,0.620543,0.696825
aaaaajda_s001_t000,calibration,1.5,canonicalized,0,-3.757334,0.025146,0.458027
aaaaajdb_s001_t000,calibration,1.5,canonicalized,0,-1.574822,0.163078,3.451233
aaaaajdv_s001_t000,calibration,1.5,canonicalized,0,2.786036,0.917194,5.046243
aaaaajdy_s001_t000,calibration,1.5,canonicalized,0,-2.641005,0.067653,0.914217
aaaaajdz_s001_t000,calibration,1.5,canonicalized,0,-1.417646,0.183939,0.408755
aaaaajea_s001_t000,calibration,1.5,canonicalized,0,2.400237,0.885682,2.927731
aaaaajen_s001_t000,calibration,1.5,canonicalized,0,-1.951795,0.120811,1.794957
aaaaajey_s001_t000,calibration,1.5,canonicalized,0,-0.493535,0.346673,0.469397
aaaaajfb_s001_t000,calibration,1.5,canonicalized,0,-3.418472,0.034104,1.822096
aaaaajfe_s001_t000,calibration,1.5,canonicalized,0,-1.578424,0.162623,0.407267
aaaaajff_s001_t000,calibration,1.5,canonicalized,0,-3.734798,0.025663,0.621857
aaaaajfi_s001_t001,calibration,1.5,canonicalized,0,-1.184866,0.218537,0.248565
aaaaajfn_s001_t001,calibration,1.5,canonicalized,0,-2.656624,0.066745,1.145299
aaaaajfy_s001_t000,calibration,1.5,canonicalized,0,-4.200340,0.016823,0.195870
aaaaajga_s001_t001,calibration,1.5,canonicalized,0,0.582521,0.589831,5.425109
aaaaajhy_s001_t000,calibration,1.5,canonicalized,0,-2.985538,0.050091,3.473308
aaaaajit_s001_t001,calibration,1.5,canonicalized,0,-3.364140,0.035802,0.587679
aaaaajiu_s001_t000,calibration,1.5,canonicalized,0,1.694143,0.801099,5.765116
aaaaajiy_s001_t001,calibration,1.5,canonicalized,0,-0.448516,0.356179,1.425771
aaaaajiz_s001_t000,calibration,1.5,canonicalized,0,-1.251131,0.208234,1.062397
aaaaajjb_s001_t001,calibration,1.5,canonicalized,0,1.957533,0.837155,4.562516
aaaaajje_s001_t000,calibration,1.5,canonicalized,0,-2.063684,0.110226,5.481189
aaaaajjk_s001_t000,calibration,1.5,canonicalized,0,-2.311266,0.089658,0.341240
aaaaajna_s001_t000,calibration,1.5,canonicalized,0,-1.450185,0.179457,1.833330
aaaaajnu_s001_t000,calibration,1.5,canonicalized,0,-2.565613,0.072194,4.514071
aaaaajon_s001_t000,calibration,1.5,canonicalized,0,-0.856389,0.274904,0.341427
aaaaajoo_s002_t001,calibration,1.5,canonicalized,1,-0.030315,0.449046,2.519978
aaaaajpg_s001_t001,calibration,1.5,canonicalized,0,-2.260641,0.093561,0.541901
aaaaajqh_s004_t000,calibration,1.5,canonicalized,1,9.002382,0.999715,5.989677
aaaaajqk_s003_t001,calibration,1.5,canonicalized,1,4.988815,0.988407,0.783431
aaaaajrf_s001_t000,calibration,1.5,canonicalized,1,6.850988,0.997915,2.093724
aaaaajrf_s002_t000,calibration,1.5,canonicalized,1,11.602088,0.999974,5.125748
aaaaajrf_s003_t002,calibration,1.5,canonicalized,1,10.360476,0.999919,2.075461
aaaaajrf_s004_t000,calibration,1.5,canonicalized,1,3.125529,0.938159,0.375705
aaaaajso_s001_t000,calibration,1.5,canonicalized,1,8.767163,0.999646,5.771175
aaaaajtg_s001_t000,calibration,1.5,canonicalized,0,-0.183721,0.414194,2.740696
aaaaajtu_s001_t000,calibration,1.5,canonicalized,0,-0.273640,0.394135,1.720727
aaaaajuh_s001_t000,calibration,1.5,canonicalized,1,7.605830,0.998963,4.507093
aaaaajun_s001_t000,calibration,1.5,canonicalized,0,4.565454,0.982934,1.298448
aaaaajvh_s001_t001,calibration,1.5,canonicalized,0,-2.210675,0.097561,0.373443
aaaaajxp_s001_t000,calibration,1.5,canonicalized,0,0.774749,0.632130,1.546638
aaaaakck_s001_t001,calibration,1.5,canonicalized,1,1.799162,0.816150,0.109179
aaaaakcx_s001_t001,calibration,1.5,canonicalized,1,9.800089,0.999864,1.631599
aaaaakcy_s005_t001,calibration,1.5,canonicalized,1,8.816940,0.999662,0.443673
aaaaakdj_s001_t000,calibration,1.5,canonicalized,1,0.485915,0.568016,0.717285
aaaaakdo_s001_t000,calibration,1.5,canonicalized,1,0.469903,0.564372,2.702804
aaaaakeq_s001_t000,calibration,1.5,canonicalized,1,1.959758,0.837436,1.081316
aaaaakeq_s002_t000,calibration,1.5,canonicalized,1,2.324897,0.878422,5.149115
aaaaakeq_s003_t000,calibration,1.5,canonicalized,1,3.926566,0.969573,2.351762
aaaaakev_s001_t001,calibration,1.5,canonicalized,1,9.227119,0.999769,4.698134
aaaaakev_s002_t000,calibration,1.5,canonicalized,1,8.999028,0.999715,5.370455
aaaaakft_s001_t000,calibration,1.5,canonicalized,0,-2.849019,0.056463,0.995949
aaaaakgp_s001_t001,calibration,1.5,canonicalized,0,0.777215,0.632661,1.786956
aaaaakgu_s001_t000,calibration,1.5,canonicalized,1,-1.845833,0.131633,0.209386
aaaaakjk_s002_t002,calibration,1.5,canonicalized,1,2.196755,0.865163,7.672175
aaaaakjk_s003_t000,calibration,1.5,canonicalized,1,2.433521,0.888767,0.640954
aaaaakka_s001_t001,calibration,1.5,canonicalized,0,-1.147650,0.224483,1.129811
aaaaakmg_s003_t001,calibration,1.5,canonicalized,1,8.235802,0.999421,1.173812
aaaaakmh_s001_t000,calibration,1.5,canonicalized,1,1.327353,0.741418,4.195711
aaaaaknt_s001_t000,calibration,1.5,canonicalized,1,3.683654,0.962183,0.713817
aaaaakoo_s001_t001,calibration,1.5,canonicalized,1,8.799177,0.999656,0.767313
aaaaakqg_s001_t001,calibration,1.5,canonicalized,0,-1.243129,0.209458,1.262331
aaaaakqr_s001_t000,calibration,1.5,canonicalized,0,-2.839335,0.056943,0.329007
aaaaakrt_s001_t001,calibration,1.5,canonicalized,1,6.962138,0.998119,0.394990
aaaaakrt_s002_t001,calibration,1.5,canonicalized,1,7.542160,0.998900,0.516185
aaaaaksb_s001_t000,calibration,1.5,canonicalized,0,-2.306136,0.090047,0.293243
aaaaaksu_s001_t001,calibration,1.5,canonicalized,0,0.890366,0.656669,0.554030
aaaaakxz_s001_t001,calibration,1.5,canonicalized,1,4.139232,0.974877,1.020013
aaaaakxz_s002_t001,calibration,1.5,canonicalized,1,4.494080,0.981788,0.343842
aaaaalaf_s001_t000,calibration,1.5,canonicalized,0,-2.249812,0.094415,0.541913
aaaaalau_s001_t000,calibration,1.5,canonicalized,1,5.512603,0.992832,4.992159
aaaaalbh_s001_t000,calibration,1.5,canonicalized,1,2.349873,0.880872,2.229438
aaaaalbt_s001_t001,calibration,1.5,canonicalized,0,-0.672308,0.310169,0.461896
aaaaalbt_s002_t000,calibration,1.5,canonicalized,0,-0.866224,0.273092,0.815221
aaaaalbz_s006_t000,calibration,1.5,canonicalized,1,7.629539,0.998985,17.657724
aaaaalid_s001_t001,calibration,1.5,canonicalized,0,1.448141,0.762287,0.801948
aaaaaljf_s001_t000,calibration,1.5,canonicalized,1,5.420400,0.992198,1.764890
aaaaaljj_s001_t000,calibration,1.5,canonicalized,0,-2.679671,0.065428,0.898378
aaaaallc_s001_t001,calibration,1.5,canonicalized,0,0.132170,0.486508,0.618263
aaaaalle_s002_t000,calibration,1.5,canonicalized,1,1.192430,0.716739,1.480793
aaaaalox_s001_t001,calibration,1.5,canonicalized,0,4.683434,0.984674,2.384210
aaaaalpv_s001_t000,calibration,1.5,canonicalized,0,-0.026441,0.449934,2.739994
aaaaalqa_s001_t000,calibration,1.5,canonicalized,0,-0.546113,0.335724,0.833105
aaaaalqr_s001_t001,calibration,1.5,canonicalized,1,0.830845,0.644130,0.376280
aaaaalqs_s001_t001,calibration,1.5,canonicalized,0,-2.135239,0.103890,0.469845
aaaaalqx_s001_t000,calibration,1.5,canonicalized,0,-3.573322,0.029681,0.251280
aaaaalrc_s002_t000,calibration,1.5,canonicalized,1,12.817324,0.999992,0.106443
aaaaalsq_s001_t000,calibration,1.5,canonicalized,0,0.994442,0.678068,0.669362
aaaaalsx_s001_t000,calibration,1.5,canonicalized,1,0.231378,0.509482,1.230101
aaaaalsx_s004_t001,calibration,1.5,canonicalized,1,0.702471,0.616424,0.189300
aaaaaluz_s001_t001,calibration,1.5,canonicalized,0,-3.496490,0.031801,0.256535
aaaaalvw_s001_t000,calibration,1.5,canonicalized,0,-3.630835,0.028184,0.512892
aaaaalvz_s001_t000,calibration,1.5,canonicalized,1,9.590614,0.999835,1.822753
aaaaalxk_s001_t000,calibration,1.5,canonicalized,0,-0.018033,0.451863,0.556708
aaaaalyr_s001_t000,calibration,1.5,canonicalized,1,1.687087,0.800056,0.566340
aaaaalzk_s002_t001,calibration,1.5,canonicalized,1,9.931021,0.999880,3.710887
aaaaamcb_s001_t001,calibration,1.5,canonicalized,1,8.348980,0.999479,2.637144
aaaaamfe_s001_t001,calibration,1.5,canonicalized,0,0.204876,0.503345,0.102817
aaaaamft_s001_t001,calibration,1.5,canonicalized,1,1.486994,0.768748,0.220939
aaaaamfu_s001_t000,calibration,1.5,canonicalized,0,-2.037086,0.112666,0.133188
aaaaamhi_s001_t000,calibration,1.5,canonicalized,1,5.423846,0.992223,6.743657
aaaaamhk_s001_t000,calibration,1.5,canonicalized,1,5.356019,0.991722,0.537657
aaaaamjc_s001_t001,calibration,1.5,canonicalized,1,8.611876,0.999591,0.592760
aaaaammh_s001_t001,calibration,1.5,canonicalized,1,2.918511,0.926051,0.377694
aaaaamnq_s001_t000,calibration,1.5,canonicalized,1,7.659807,0.999013,3.155358
aaaaamnq_s002_t000,calibration,1.5,canonicalized,1,5.671913,0.993810,0.417225
aaaaamon_s001_t000,calibration,1.5,canonicalized,0,-0.163573,0.418730,2.901717
aaaaampz_s001_t000,calibration,1.5,canonicalized,1,1.237694,0.725175,3.267190
aaaaamrj_s001_t000,calibration,1.5,canonicalized,0,1.704268,0.802590,0.557859
aaaaamsc_s001_t000,calibration,1.5,canonicalized,1,6.416794,0.996886,0.207717
aaaaamtb_s001_t000,calibration,1.5,canonicalized,0,2.961625,0.928740,0.823100
aaaaamuc_s001_t000,calibration,1.5,canonicalized,0,-1.972533,0.118785,0.172072
aaaaamxn_s001_t000,calibration,1.5,canonicalized,1,0.281170,0.521004,0.580952
aaaaamyb_s001_t001,calibration,1.5,canonicalized,0,0.002147,0.456498,1.345622
aaaaamye_s001_t000,calibration,1.5,canonicalized,1,10.404280,0.999922,0.826752
aaaaamzi_s001_t001,calibration,1.5,canonicalized,1,6.343074,0.996667,1.104069
aaaaamzl_s001_t000,calibration,1.5,canonicalized,0,-2.155326,0.102170,0.579612
aaaaamzx_s001_t000,calibration,1.5,canonicalized,0,-2.699717,0.064301,2.267200
aaaaanbq_s001_t000,calibration,1.5,canonicalized,0,-1.091189,0.233721,0.289236
aaaaanek_s001_t000,calibration,1.5,canonicalized,0,-2.809484,0.058447,0.111518
aaaaangp_s001_t000,calibration,1.5,canonicalized,0,0.129053,0.485786,0.531657
aaaaanhb_s001_t003,calibration,1.5,canonicalized,1,2.881389,0.923661,1.575267
aaaaanhb_s003_t001,calibration,1.5,canonicalized,1,5.259582,0.990956,0.579850
aaaaanhb_s005_t000,calibration,1.5,canonicalized,1,9.094954,0.999739,0.832847
aaaaankf_s001_t000,calibration,1.5,canonicalized,1,4.493281,0.981775,2.131561
aaaaanlp_s001_t000,calibration,1.5,canonicalized,0,-1.272279,0.205022,0.276766
aaaaanmc_s001_t000,calibration,1.5,canonicalized,1,8.585073,0.999581,3.350036
aaaaanop_s001_t000,calibration,1.5,canonicalized,0,1.149195,0.708537,2.558994
aaaaanoz_s001_t000,calibration,1.5,canonicalized,1,0.321031,0.530212,0.651215
aaaaanpr_s001_t002,calibration,1.5,canonicalized,1,5.412538,0.992141,7.235812
aaaaanqe_s001_t000,calibration,1.5,canonicalized,0,-2.932028,0.052503,0.636367
aaaaanro_s001_t000,calibration,1.5,canonicalized,1,3.455295,0.953686,1.694621
aaaaansj_s001_t000,calibration,1.5,canonicalized,1,5.344677,0.991636,3.521322
aaaaanta_s001_t000,calibration,1.5,canonicalized,1,6.246323,0.996355,8.311005
aaaaanum_s001_t000,calibration,1.5,canonicalized,0,-0.037406,0.447421,1.307672
aaaaanvb_s002_t000,calibration,1.5,canonicalized,0,-1.344947,0.194266,0.187385
aaaaanvg_s001_t002,calibration,1.5,canonicalized,0,2.471054,0.892159,1.063406
aaaaanvw_s001_t000,calibration,1.5,canonicalized,0,-2.888342,0.054553,0.777485
aaaaanwc_s001_t001,calibration,1.5,canonicalized,1,6.941006,0.998082,15.114229
aaaaanxl_s001_t000,calibration,1.5,canonicalized,1,6.484981,0.997076,12.812670
aaaaanyb_s001_t001,calibration,1.5,canonicalized,0,1.117490,0.702433,0.844833
aaaaanyt_s002_t000,calibration,1.5,canonicalized,1,6.009022,0.995463,2.511165
aaaaanyw_s001_t000,calibration,1.5,canonicalized,1,2.588428,0.902184,0.186781
aaaaanyw_s002_t000,calibration,1.5,canonicalized,1,4.315345,0.978579,1.656266
aaaaanzh_s001_t000,calibration,1.5,canonicalized,1,-0.695444,0.305601,3.082677
aaaaanzu_s001_t003,calibration,1.5,canonicalized,1,2.108392,0.855323,3.455171
aaaaaoav_s001_t000,calibration,1.5,canonicalized,0,-2.813854,0.058224,0.293905
aaaaaoav_s002_t000,calibration,1.5,canonicalized,0,-1.600249,0.159888,0.449942
aaaaaobi_s001_t000,calibration,1.5,canonicalized,1,-0.498103,0.345715,10.684241
aaaaaobl_s001_t000,calibration,1.5,canonicalized,0,-0.260179,0.397117,2.019578
aaaaaoby_s001_t000,calibration,1.5,canonicalized,0,-0.061292,0.441957,4.833383
aaaaaoda_s001_t000,calibration,1.5,canonicalized,1,8.218967,0.999412,8.702625
aaaaaoeg_s001_t000,calibration,1.5,canonicalized,0,1.660033,0.796016,0.786435
aaaaaofj_s001_t000,calibration,1.5,canonicalized,0,-2.474192,0.078077,0.439482
aaaaaofr_s001_t000,calibration,1.5,canonicalized,0,3.140471,0.938957,1.407277
aaaaaofz_s001_t000,calibration,1.5,canonicalized,0,0.151134,0.490898,0.989108
aaaaaohb_s001_t000,calibration,1.5,canonicalized,1,2.647543,0.906912,0.360254
aaaaaohr_s002_t001,calibration,1.5,canonicalized,1,6.380634,0.996780,0.444404
aaaaaoiq_s001_t000,calibration,1.5,canonicalized,1,2.112379,0.855780,0.354394
aaaaaoiv_s001_t000,calibration,1.5,canonicalized,1,0.839044,0.645870,0.116966
aaaaaoiv_s002_t001,calibration,1.5,canonicalized,1,9.136092,0.999749,1.192030
aaaaaoiv_s003_t003,calibration,1.5,canonicalized,1,6.769083,0.997751,0.069590
aaaaaojd_s001_t002,calibration,1.5,canonicalized,0,0.267060,0.517740,2.108235
aaaaaokg_s001_t000,calibration,1.5,canonicalized,0,4.595985,0.983402,3.046501
aaaaaoly_s001_t000,calibration,1.5,canonicalized,0,-0.776631,0.289876,6.702896
aaaaaome_s001_t000,calibration,1.5,canonicalized,0,-1.087299,0.234367,2.231488
aaaaaomx_s001_t000,calibration,1.5,canonicalized,0,-0.131598,0.425958,0.776254
aaaaaomy_s001_t000,calibration,1.5,canonicalized,1,4.442166,0.980908,5.576885
aaaaaonb_s001_t000,calibration,1.5,canonicalized,0,1.089843,0.697052,2.026445
aaaaaons_s002_t002,calibration,1.5,canonicalized,1,7.404543,0.998751,0.387855
aaaaaopd_s001_t000,calibration,1.5,canonicalized,0,-0.578513,0.329062,2.407158
aaaaaopo_s001_t000,calibration,1.5,canonicalized,0,-1.938435,0.122132,0.108145
aaaaaora_s002_t000,calibration,1.5,canonicalized,1,2.270923,0.872980,0.543613
aaaaaord_s001_t000,calibration,1.5,canonicalized,1,2.105468,0.854988,0.541956
aaaaaosh_s001_t000,calibration,1.5,canonicalized,1,1.495371,0.770125,1.336211
aaaaaosw_s001_t000,calibration,1.5,canonicalized,0,1.330164,0.741917,4.002440
aaaaaote_s001_t000,calibration,1.5,canonicalized,0,-1.072170,0.236891,0.979370
aaaaaout_s001_t000,calibration,1.5,canonicalized,1,2.826007,0.919963,2.511459
aaaaaovl_s001_t000,calibration,1.5,canonicalized,1,4.270994,0.977700,0.104067
aaaaaovo_s001_t000,calibration,1.5,canonicalized,1,8.510000,0.999551,0.175294
aaaaaowb_s001_t000,calibration,1.5,canonicalized,0,0.218996,0.506615,0.998003
aaaaaoxf_s001_t000,calibration,1.5,canonicalized,0,-1.473376,0.176315,0.606383
aaaaaozf_s001_t001,calibration,1.5,canonicalized,0,-0.263845,0.396304,1.554767
aaaaapag_s001_t000,calibration,1.5,canonicalized,0,-2.310202,0.089738,2.336692
aaaaapar_s001_t000,calibration,1.5,canonicalized,1,12.150322,0.999985,0.287361
aaaaapcb_s001_t000,calibration,1.5,canonicalized,0,3.171391,0.940579,0.209617
aaaaapcy_s001_t002,calibration,1.5,canonicalized,0,-3.066956,0.046621,0.353742
aaaaapdg_s001_t000,calibration,1.5,canonicalized,0,-1.167975,0.221221,0.095467
aaaaaphs_s001_t000,calibration,1.5,canonicalized,1,3.319700,0.947809,3.761622
aaaaaphw_s001_t000,calibration,1.5,canonicalized,0,1.795960,0.815705,0.632849
aaaaapij_s001_t000,calibration,1.5,canonicalized,0,0.370373,0.541581,1.115160
aaaaapjc_s001_t001,calibration,1.5,canonicalized,0,-4.548999,0.012236,0.228823
aaaaapka_s001_t000,calibration,1.5,canonicalized,0,-1.019437,0.245836,0.449435
aaaaapkx_s001_t001,calibration,1.5,canonicalized,1,-1.870062,0.129088,3.334039
aaaaaply_s001_t001,calibration,1.5,canonicalized,1,3.828564,0.966777,3.421082
aaaaapmb_s002_t001,calibration,1.5,canonicalized,1,6.932081,0.998066,0.861474
aaaaapmp_s001_t000,calibration,1.5,canonicalized,1,-0.544303,0.336098,1.899420
aaaaapnr_s001_t000,calibration,1.5,canonicalized,1,-1.759318,0.141069,1.991815
aaaaapoc_s001_t000,calibration,1.5,canonicalized,1,4.954299,0.988035,5.377732
aaaaapof_s001_t000,calibration,1.5,canonicalized,0,-3.427654,0.033825,0.161464
aaaaapoo_s001_t000,calibration,1.5,canonicalized,0,-3.067827,0.046585,1.558440
aaaaapoq_s001_t000,calibration,1.5,canonicalized,0,1.177902,0.713999,2.101595
aaaaappb_s001_t000,calibration,1.5,canonicalized,0,0.311458,0.528002,3.466518
aaaaapqd_s001_t000,calibration,1.5,canonicalized,1,1.284850,0.733797,3.047111
aaaaapqv_s001_t000,calibration,1.5,canonicalized,0,-3.156203,0.043080,2.169407
aaaaapta_s001_t000,calibration,1.5,canonicalized,1,6.243801,0.996347,1.598975
aaaaapth_s001_t000,calibration,1.5,canonicalized,1,2.745483,0.914295,6.330749
aaaaapua_s001_t001,calibration,1.5,canonicalized,0,-3.692360,0.026664,0.443427
aaaaapuu_s001_t000,calibration,1.5,canonicalized,0,-2.095859,0.107336,1.807596
aaaaapvw_s001_t001,calibration,1.5,canonicalized,1,5.376158,0.991874,3.253195
aaaaapvy_s001_t000,calibration,1.5,canonicalized,1,4.152762,0.975183,9.192387
aaaaapwn_s001_t001,calibration,1.5,canonicalized,0,-1.264958,0.206129,1.691406
aaaaapwo_s001_t001,calibration,1.5,canonicalized,1,8.856070,0.999674,0.652765
aaaaapxm_s001_t001,calibration,1.5,canonicalized,0,-1.801473,0.136403,0.509566
aaaaapys_s001_t001,calibration,1.5,canonicalized,1,12.608395,0.999990,0.183689
aaaaapys_s002_t001,calibration,1.5,canonicalized,1,9.332260,0.999790,5.928590
aaaaaayx_s002_t000,calibration,1.5,naive,0,-0.207007,0.408969,1.548344
aaaaabdo_s003_t000,calibration,1.5,naive,1,7.912432,0.999219,1.241131
aaaaabsk_s007_t000,calibration,1.5,naive,1,-0.175487,0.416046,0.654433
aaaaabuv_s002_t000,calibration,1.5,naive,1,2.833091,0.920445,0.868204
aaaaacad_s003_t000,calibration,1.5,naive,0,3.994871,0.971385,0.709334
aaaaacby_s004_t000,calibration,1.5,naive,0,-0.620815,0.320468,0.193332
aaaaaddm_s006_t000,calibration,1.5,naive,1,4.664370,0.984405,4.678813
aaaaadeu_s002_t000,calibration,1.5,naive,1,5.078318,0.989320,1.573367
aaaaadjk_s002_t000,calibration,1.5,naive,0,-2.400595,0.083128,0.635951
aaaaadkb_s002_t000,calibration,1.5,naive,1,7.874542,0.999191,6.083755
aaaaadsm_s002_t001,calibration,1.5,naive,0,-2.056859,0.110848,0.842991
aaaaaeab_s003_t000,calibration,1.5,naive,0,-0.566153,0.331596,0.180921
aaaaaejc_s003_t001,calibration,1.5,naive,0,2.134747,0.858319,0.421000
aaaaaezn_s003_t001,calibration,1.5,naive,1,1.265890,0.730351,4.149362
aaaaafhl_s003_t000,calibration,1.5,naive,1,1.822694,0.819399,0.552163
aaaaagfk_s003_t000,calibration,1.5,naive,0,-1.130238,0.227304,0.830470
aaaaagsc_s003_t001,calibration,1.5,naive,1,4.923789,0.987696,8.002069
aaaaagsc_s006_t001,calibration,1.5,naive,1,1.192959,0.716839,0.869359
aaaaaguk_s002_t001,calibration,1.5,naive,0,-2.699615,0.064307,0.259780
aaaaagvx_s002_t000,calibration,1.5,naive,1,0.099831,0.479026,0.411544
aaaaagvx_s003_t001,calibration,1.5,naive,1,1.478047,0.767271,0.971640
aaaaagyr_s002_t000,calibration,1.5,naive,1,0.149815,0.490592,0.699257
aaaaahie_s005_t001,calibration,1.5,naive,1,10.575813,0.999934,0.372985
aaaaahsv_s002_t000,calibration,1.5,naive,0,-1.077672,0.235971,2.053659
aaaaahte_s002_t000,calibration,1.5,naive,1,9.426216,0.999808,2.628224
aaaaahte_s003_t000,calibration,1.5,naive,1,10.276281,0.999913,0.485970
aaaaahuy_s002_t000,calibration,1.5,naive,1,0.104750,0.480163,0.101258
aaaaahzi_s001_t000,calibration,1.5,naive,0,-1.235823,0.210581,0.647742
aaaaahzm_s001_t001,calibration,1.5,naive,0,1.859618,0.824406,0.172023
aaaaahzq_s001_t000,calibration,1.5,naive,0,-3.140549,0.043682,0.099569
aaaaahzs_s001_t001,calibration,1.5,naive,0,-0.519527,0.341239,0.818610
aaaaaiae_s001_t000,calibration,1.5,naive,0,1.184186,0.715186,0.320124
aaaaaibx_s001_t000,calibration,1.5,naive,0,0.087810,0.476247,0.173559
aaaaaiby_s001_t000,calibration,1.5,naive,0,-1.017695,0.246136,1.819865
aaaaaici_s001_t000,calibration,1.5,naive,0,-2.725997,0.062852,4.625212
aaaaaicn_s001_t000,calibration,1.5,naive,0,0.818536,0.641512,1.780087
aaaaaijh_s002_t000,calibration,1.5,naive,1,-2.904681,0.053778,0.483715
aaaaaijn_s001_t001,calibration,1.5,naive,0,-0.383446,0.370120,0.442863
aaaaairb_s001_t001,calibration,1.5,naive,0,0.942095,0.667391,1.419272
aaaaairo_s001_t000,calibration,1.5,naive,0,-2.985540,0.050091,1.450930
aaaaaitt_s001_t000,calibration,1.5,naive,0,-3.138821,0.043749,3.988414
aaaaaiue_s004_t000,calibration,1.5,naive,1,2.107115,0.855177,0.611337
aaaaaiuo_s002_t000,calibration,1.5,naive,0,2.862038,0.922387,0.556239
aaaaaiwz_s001_t001,calibration,1.5,naive,0,-1.826290,0.133717,0.395535
aaaaaiyy_s001_t001,calibration,1.5,naive,0,-1.885072,0.127533,0.224804
aaaaaizd_s001_t001,calibration,1.5,naive,0,-0.700016,0.304703,2.113962
aaaaaizs_s001_t000,calibration,1.5,naive,0,0.550019,0.582526,1.212796
aaaaajae_s001_t001,calibration,1.5,naive,0,5.451203,0.992416,1.729697
aaaaajah_s002_t001,calibration,1.5,naive,1,1.006311,0.680464,0.736398
aaaaajah_s004_t000,calibration,1.5,naive,1,-0.745293,0.295889,1.650141
aaaaajal_s001_t001,calibration,1.5,naive,0,-2.425689,0.081373,0.361404
aaaaajam_s001_t000,calibration,1.5,naive,1,-0.116709,0.429334,0.432962
aaaaajar_s001_t001,calibration,1.5,naive,0,0.236833,0.510745,0.170823
aaaaajbb_s001_t000,calibration,1.5,naive,0,1.584430,0.784406,0.442123
aaaaajbh_s002_t000,calibration,1.5,naive,0,-1.621885,0.157213,0.724421
aaaaajce_s001_t000,calibration,1.5,naive,0,-1.023991,0.245055,0.166850
aaaaajci_s001_t000,calibration,1.5,naive,0,-2.410521,0.082430,1.099840
aaaaajck_s001_t000,calibration,1.5,naive,0,-2.675344,0.065673,0.100811
aaaaajct_s001_t000,calibration,1.5,naive,0,2.908953,0.925442,5.891667
aaaaajcu_s001_t000,calibration,1.5,naive,0,1.169646,0.712434,0.689083
aaaaajda_s001_t000,calibration,1.5,naive,0,-3.941986,0.021276,0.355505
aaaaajdb_s001_t000,calibration,1.5,naive,0,-1.225584,0.212163,3.622702
aaaaajdv_s001_t000,calibration,1.5,naive,0,2.819365,0.919509,3.576192
aaaaajdy_s001_t000,calibration,1.5,naive,0,-2.031909,0.113147,0.862255
aaaaajdz_s001_t000,calibration,1.5,naive,0,-0.561188,0.332616,0.578818
aaaaajea_s001_t000,calibration,1.5,naive,0,2.434219,0.888831,2.211328
aaaaajen_s001_t000,calibration,1.5,naive,0,-1.929875,0.122985,0.584675
aaaaajey_s001_t000,calibration,1.5,naive,0,0.604519,0.594752,1.117379
aaaaajfb_s001_t000,calibration,1.5,naive,0,-3.087936,0.045765,0.869061
aaaaajfe_s001_t000,calibration,1.5,naive,0,-1.510299,0.171402,0.337892
aaaaajff_s001_t000,calibration,1.5,naive,0,-2.393420,0.083636,0.288330
aaaaajfi_s001_t001,calibration,1.5,naive,0,-1.014713,0.246649,0.691912
aaaaajfn_s001_t001,calibration,1.5,naive,0,-2.096495,0.107280,0.418216
aaaaajfy_s001_t000,calibration,1.5,naive,0,-3.585276,0.029364,0.340410
aaaaajga_s001_t001,calibration,1.5,naive,0,0.781155,0.633509,5.673534
aaaaajhy_s001_t000,calibration,1.5,naive,0,-3.255049,0.039459,3.306318
aaaaajit_s001_t001,calibration,1.5,naive,0,-3.343545,0.036466,0.330473
aaaaajiu_s001_t000,calibration,1.5,naive,0,2.432048,0.888632,4.667102
aaaaajiy_s001_t001,calibration,1.5,naive,0,-0.065155,0.441074,0.583481
aaaaajiz_s001_t000,calibration,1.5,naive,0,-1.226728,0.211986,0.573963
aaaaajjb_s001_t001,calibration,1.5,naive,0,1.774431,0.812687,4.552963
aaaaajje_s001_t000,calibration,1.5,naive,0,-1.698999,0.147977,3.972562
aaaaajjk_s001_t000,calibration,1.5,naive,0,-0.647485,0.315111,0.660079
aaaaajna_s001_t000,calibration,1.5,naive,0,-1.346968,0.193973,0.852824
aaaaajnu_s001_t000,calibration,1.5,naive,0,-2.810184,0.058411,6.355335
aaaaajon_s001_t000,calibration,1.5,naive,0,-0.534731,0.338079,0.216600
aaaaajoo_s002_t001,calibration,1.5,naive,1,0.231187,0.509438,1.673744
aaaaajpg_s001_t001,calibration,1.5,naive,0,-0.457194,0.354338,0.313269
aaaaajqh_s004_t000,calibration,1.5,naive,1,9.669887,0.999847,2.522524
aaaaajqk_s003_t001,calibration,1.5,naive,1,4.868340,0.987056,0.569410
aaaaajrf_s001_t000,calibration,1.5,naive,1,9.576941,0.999833,2.438528
aaaaajrf_s002_t000,calibration,1.5,naive,1,13.418695,0.999995,4.831339
aaaaajrf_s003_t002,calibration,1.5,naive,1,10.380337,0.999921,3.059459
aaaaajrf_s004_t000,calibration,1.5,naive,1,6.949284,0.998096,0.249426
aaaaajso_s001_t000,calibration,1.5,naive,1,9.816324,0.999866,4.366613
aaaaajtg_s001_t000,calibration,1.5,naive,0,0.446929,0.559132,2.460508
aaaaajtu_s001_t000,calibration,1.5,naive,0,-0.710022,0.302743,1.954492
aaaaajuh_s001_t000,calibration,1.5,naive,1,5.990720,0.995386,1.723485
aaaaajun_s001_t000,calibration,1.5,naive,0,4.824739,0.986529,0.395246
aaaaajvh_s001_t001,calibration,1.5,naive,0,-2.022552,0.114020,0.667436
aaaaajxp_s001_t000,calibration,1.5,naive,0,0.542666,0.580869,2.669790
aaaaakck_s001_t001,calibration,1.5,naive,1,2.470706,0.892128,0.139050
aaaaakcx_s001_t001,calibration,1.5,naive,1,12.002266,0.999982,1.784110
aaaaakcy_s005_t001,calibration,1.5,naive,1,10.050326,0.999892,1.263006
aaaaakdj_s001_t000,calibration,1.5,naive,1,2.469033,0.891979,0.557180
aaaaakdo_s001_t000,calibration,1.5,naive,1,1.604272,0.787499,2.146954
aaaaakeq_s001_t000,calibration,1.5,naive,1,1.594562,0.785989,0.900263
aaaaakeq_s002_t000,calibration,1.5,naive,1,2.542326,0.898349,3.794660
aaaaakeq_s003_t000,calibration,1.5,naive,1,3.547754,0.957326,1.697611
aaaaakev_s001_t001,calibration,1.5,naive,1,10.288004,0.999914,0.699781
aaaaakev_s002_t000,calibration,1.5,naive,1,8.870943,0.999679,4.570971
aaaaakft_s001_t000,calibration,1.5,naive,0,-2.928045,0.052687,0.500911
aaaaakgp_s001_t001,calibration,1.5,naive,0,0.826346,0.643174,1.732002
aaaaakgu_s001_t000,calibration,1.5,naive,1,-0.500453,0.345223,0.248177
aaaaakjk_s002_t002,calibration,1.5,naive,1,4.282115,0.977924,6.695527
aaaaakjk_s003_t000,calibration,1.5,naive,1,0.755172,0.627902,0.388112
aaaaakka_s001_t001,calibration,1.5,naive,0,-0.517724,0.341615,0.224588
aaaaakmg_s003_t001,calibration,1.5,naive,1,10.650301,0.999938,3.182062
aaaaakmh_s001_t000,calibration,1.5,naive,1,1.156415,0.709916,3.571824
aaaaaknt_s001_t000,calibration,1.5,naive,1,3.604027,0.959405,0.371958
aaaaakoo_s001_t001,calibration,1.5,naive,1,8.397657,0.999502,0.512262
aaaaakqg_s001_t001,calibration,1.5,naive,0,-1.118214,0.229266,1.551336
aaaaakqr_s001_t000,calibration,1.5,naive,0,-2.714856,0.063462,0.324785
aaaaakrt_s001_t001,calibration,1.5,naive,1,6.243514,0.996346,0.266128
aaaaakrt_s002_t001,calibration,1.5,naive,1,6.572755,0.997304,0.629332
aaaaaksb_s001_t000,calibration,1.5,naive,0,-2.411316,0.082374,0.406073
aaaaaksu_s001_t001,calibration,1.5,naive,0,1.259434,0.729172,0.515638
aaaaakxz_s001_t001,calibration,1.5,naive,1,2.042186,0.847566,0.070204
aaaaakxz_s002_t001,calibration,1.5,naive,1,5.607983,0.993434,0.342577
aaaaalaf_s001_t000,calibration,1.5,naive,0,-2.423571,0.081520,0.342914
aaaaalau_s001_t000,calibration,1.5,naive,1,6.065921,0.995695,1.736059
aaaaalbh_s001_t000,calibration,1.5,naive,1,5.729672,0.994130,0.935529
aaaaalbt_s001_t001,calibration,1.5,naive,0,-0.276146,0.393580,0.755922
aaaaalbt_s002_t000,calibration,1.5,naive,0,0.126940,0.485297,1.697313
aaaaalbz_s006_t000,calibration,1.5,naive,1,8.132856,0.999363,14.815504
aaaaalid_s001_t001,calibration,1.5,naive,0,4.021892,0.972073,1.072157
aaaaaljf_s001_t000,calibration,1.5,naive,1,4.983147,0.988347,1.597933
aaaaaljj_s001_t000,calibration,1.5,naive,0,-2.960999,0.051184,0.420714
aaaaallc_s001_t001,calibration,1.5,naive,0,-0.209984,0.408302,0.571463
aaaaalle_s002_t000,calibration,1.5,naive,1,1.450335,0.762655,0.963791
aaaaalox_s001_t001,calibration,1.5,naive,0,4.905400,0.987487,2.508063
aaaaalpv_s001_t000,calibration,1.5,naive,0,0.217548,0.506279,2.176718
aaaaalqa_s001_t000,calibration,1.5,naive,0,-0.606973,0.323267,0.606060
aaaaalqr_s001_t001,calibration,1.5,naive,1,9.896749,0.999876,6.526716
aaaaalqs_s001_t001,calibration,1.5,naive,0,-1.621480,0.157263,0.338526
aaaaalqx_s001_t000,calibration,1.5,naive,0,-3.801583,0.024160,0.273856
aaaaalrc_s002_t000,calibration,1.5,naive,1,15.315187,0.999999,0.232416
aaaaalsq_s001_t000,calibration,1.5,naive,0,1.387232,0.751910,0.282208
aaaaalsx_s001_t000,calibration,1.5,naive,1,0.312028,0.528134,1.142724
aaaaalsx_s004_t001,calibration,1.5,naive,1,-0.265798,0.395871,0.178564
aaaaaluz_s001_t001,calibration,1.5,naive,0,-3.095338,0.045466,0.121875
aaaaalvw_s001_t000,calibration,1.5,naive,0,-2.925423,0.052808,0.488767
aaaaalvz_s001_t000,calibration,1.5,naive,1,10.196732,0.999906,0.520907
aaaaalxk_s001_t000,calibration,1.5,naive,0,-0.062562,0.441667,0.776744
aaaaalyr_s001_t000,calibration,1.5,naive,1,1.972337,0.839016,0.667223
aaaaalzk_s002_t001,calibration,1.5,naive,1,10.880721,0.999950,3.787412
aaaaamcb_s001_t001,calibration,1.5,naive,1,8.886086,0.999683,0.209205
aaaaamfe_s001_t001,calibration,1.5,naive,0,4.407119,0.980290,0.465966
aaaaamft_s001_t001,calibration,1.5,naive,1,15.776584,0.999999,7.818216
aaaaamfu_s001_t000,calibration,1.5,naive,0,1.865367,0.825176,1.873914
aaaaamhi_s001_t000,calibration,1.5,naive,1,5.901070,0.994988,7.432531
aaaaamhk_s001_t000,calibration,1.5,naive,1,4.904778,0.987480,0.215905
aaaaamjc_s001_t001,calibration,1.5,naive,1,9.148400,0.999751,0.557281
aaaaammh_s001_t001,calibration,1.5,naive,1,2.917628,0.925995,0.394753
aaaaamnq_s001_t000,calibration,1.5,naive,1,10.646576,0.999938,1.763428
aaaaamnq_s002_t000,calibration,1.5,naive,1,6.543363,0.997230,0.755793
aaaaamon_s001_t000,calibration,1.5,naive,0,-0.308094,0.386538,2.504312
aaaaampz_s001_t000,calibration,1.5,naive,1,1.686411,0.799955,2.873441
aaaaamrj_s001_t000,calibration,1.5,naive,0,2.864834,0.922572,0.840681
aaaaamsc_s001_t000,calibration,1.5,naive,1,6.224720,0.996282,0.341821
aaaaamtb_s001_t000,calibration,1.5,naive,0,3.791770,0.965664,0.237261
aaaaamuc_s001_t000,calibration,1.5,naive,0,-1.425831,0.182804,0.303783
aaaaamxn_s001_t000,calibration,1.5,naive,1,0.223114,0.507569,0.269909
aaaaamyb_s001_t001,calibration,1.5,naive,0,-0.280366,0.392648,1.110488
aaaaamye_s001_t000,calibration,1.5,naive,1,10.241350,0.999910,0.761773
aaaaamzi_s001_t001,calibration,1.5,naive,1,9.284124,0.999781,1.133634
aaaaamzl_s001_t000,calibration,1.5,naive,0,-1.562869,0.164595,0.222749
aaaaamzx_s001_t000,calibration,1.5,naive,0,-1.796897,0.136903,3.381027
aaaaanbq_s001_t000,calibration,1.5,naive,0,-0.527915,0.339494,0.846999
aaaaanek_s001_t000,calibration,1.5,naive,0,-2.337178,0.087718,0.072618
aaaaangp_s001_t000,calibration,1.5,naive,0,0.034807,0.464015,0.214652
aaaaanhb_s001_t003,calibration,1.5,naive,1,9.243240,0.999772,0.350966
aaaaanhb_s003_t001,calibration,1.5,naive,1,7.959486,0.999252,0.589259
aaaaanhb_s005_t000,calibration,1.5,naive,1,12.135103,0.999984,1.875461
aaaaankf_s001_t000,calibration,1.5,naive,1,4.540902,0.982548,2.679703
aaaaanlp_s001_t000,calibration,1.5,naive,0,-0.981258,0.252453,0.122001
aaaaanmc_s001_t000,calibration,1.5,naive,1,8.839958,0.999669,1.483307
aaaaanop_s001_t000,calibration,1.5,naive,0,2.215040,0.867127,3.111505
aaaaanoz_s001_t000,calibration,1.5,naive,1,0.408709,0.550386,0.932677
aaaaanpr_s001_t002,calibration,1.5,naive,1,4.803046,0.986259,4.343432
aaaaanqe_s001_t000,calibration,1.5,naive,0,-2.546454,0.073392,0.355746
aaaaanro_s001_t000,calibration,1.5,naive,1,3.743254,0.964142,2.285536
aaaaansj_s001_t000,calibration,1.5,naive,1,6.822716,0.997860,0.696866
aaaaanta_s001_t000,calibration,1.5,naive,1,7.315801,0.998644,8.501323
aaaaanum_s001_t000,calibration,1.5,naive,0,0.356277,0.538337,1.190223
aaaaanvb_s002_t000,calibration,1.5,naive,0,-0.220794,0.405885,0.202150
aaaaanvg_s001_t002,calibration,1.5,naive,0,2.822471,0.919722,0.557163
aaaaanvw_s001_t000,calibration,1.5,naive,0,-3.246862,0.039748,0.388091
aaaaanwc_s001_t001,calibration,1.5,naive,1,5.880569,0.994892,8.257447
aaaaanxl_s001_t000,calibration,1.5,naive,1,10.522184,0.999930,15.951553
aaaaanyb_s001_t001,calibration,1.5,naive,0,0.751388,0.627082,0.396170
aaaaanyt_s002_t000,calibration,1.5,naive,1,14.351738,0.999998,31.200531
aaaaanyw_s001_t000,calibration,1.5,naive,1,2.728496,0.913054,0.280728
aaaaanyw_s002_t000,calibration,1.5,naive,1,6.404492,0.996850,0.919141
aaaaanzh_s001_t000,calibration,1.5,naive,1,-0.821686,0.281360,2.478060
aaaaanzu_s001_t003,calibration,1.5,naive,1,1.606194,0.787797,1.213517
aaaaaoav_s001_t000,calibration,1.5,naive,0,-2.854168,0.056210,0.226340
aaaaaoav_s002_t000,calibration,1.5,naive,0,-1.861828,0.129948,0.430595
aaaaaobi_s001_t000,calibration,1.5,naive,1,0.065843,0.471173,9.237980
aaaaaobl_s001_t000,calibration,1.5,naive,0,-0.135258,0.425129,2.492826
aaaaaoby_s001_t000,calibration,1.5,naive,0,-0.261066,0.396920,5.812582
aaaaaoda_s001_t000,calibration,1.5,naive,1,9.729981,0.999855,8.620562
aaaaaoeg_s001_t000,calibration,1.5,naive,0,1.130313,0.704911,0.678067
aaaaaofj_s001_t000,calibration,1.5,naive,0,-0.068631,0.440280,0.652912
aaaaaofr_s001_t000,calibration,1.5,naive,0,3.179447,0.940995,1.044719
aaaaaofz_s001_t000,calibration,1.5,naive,0,0.546613,0.581759,2.202107
aaaaaohb_s001_t000,calibration,1.5,naive,1,1.854787,0.823758,0.327515
aaaaaohr_s002_t001,calibration,1.5,naive,1,7.150331,0.998419,0.366111
aaaaaoiq_s001_t000,calibration,1.5,naive,1,0.933772,0.665677,0.330766
aaaaaoiv_s001_t000,calibration,1.5,naive,1,1.264998,0.730188,0.172476
aaaaaoiv_s002_t001,calibration,1.5,naive,1,9.567465,0.999831,1.108009
aaaaaoiv_s003_t003,calibration,1.5,naive,1,7.789369,0.999125,0.063081
aaaaaojd_s001_t002,calibration,1.5,naive,0,2.224548,0.868138,0.518876
aaaaaokg_s001_t000,calibration,1.5,naive,0,4.672681,0.984523,4.140964
aaaaaoly_s001_t000,calibration,1.5,naive,0,-0.854315,0.275288,6.241569
aaaaaome_s001_t000,calibration,1.5,naive,0,-0.314532,0.385125,3.659374
aaaaaomx_s001_t000,calibration,1.5,naive,0,0.170249,0.495324,1.008501
aaaaaomy_s001_t000,calibration,1.5,naive,1,6.811053,0.997837,5.865748
aaaaaonb_s001_t000,calibration,1.5,naive,0,0.934056,0.665736,1.560429
aaaaaons_s002_t002,calibration,1.5,naive,1,7.117135,0.998370,0.250946
aaaaaopd_s001_t000,calibration,1.5,naive,0,0.390667,0.546246,1.907281
aaaaaopo_s001_t000,calibration,1.5,naive,0,-1.060564,0.238840,0.328317
aaaaaora_s002_t000,calibration,1.5,naive,1,1.920060,0.832366,0.179375
aaaaaord_s001_t000,calibration,1.5,naive,1,2.961979,0.928762,0.815569
aaaaaosh_s001_t000,calibration,1.5,naive,1,2.181402,0.863495,1.164436
aaaaaosw_s001_t000,calibration,1.5,naive,0,1.777265,0.813087,2.365122
aaaaaote_s001_t000,calibration,1.5,naive,0,-0.981438,0.252422,0.364272
aaaaaout_s001_t000,calibration,1.5,naive,1,3.402828,0.951490,0.417850
aaaaaovl_s001_t000,calibration,1.5,naive,1,4.058032,0.972968,0.142278
aaaaaovo_s001_t000,calibration,1.5,naive,1,12.317963,0.999987,0.432929
aaaaaowb_s001_t000,calibration,1.5,naive,0,0.632484,0.600981,0.509143
aaaaaoxf_s001_t000,calibration,1.5,naive,0,-0.784477,0.288382,0.505510
aaaaaozf_s001_t001,calibration,1.5,naive,0,0.032973,0.463592,1.793687
aaaaapag_s001_t000,calibration,1.5,naive,0,-2.247757,0.094578,2.293013
aaaaapar_s001_t000,calibration,1.5,naive,1,15.237937,0.999999,0.182612
aaaaapcb_s001_t000,calibration,1.5,naive,0,2.132381,0.858052,0.473407
aaaaapcy_s001_t002,calibration,1.5,naive,0,-2.583737,0.071077,0.334846
aaaaapdg_s001_t000,calibration,1.5,naive,0,-1.115903,0.229645,0.069550
aaaaaphs_s001_t000,calibration,1.5,naive,1,3.943274,0.970026,2.968832
aaaaaphw_s001_t000,calibration,1.5,naive,0,1.889586,0.828390,0.595982
aaaaapij_s001_t000,calibration,1.5,naive,0,1.352823,0.745916,0.804356
aaaaapjc_s001_t001,calibration,1.5,naive,0,-2.932488,0.052482,0.990568
aaaaapka_s001_t000,calibration,1.5,naive,0,-0.807852,0.283958,0.676276
aaaaapkx_s001_t001,calibration,1.5,naive,1,-2.146307,0.102939,3.013938
aaaaaply_s001_t001,calibration,1.5,naive,1,7.570716,0.998929,1.502518
aaaaapmb_s002_t001,calibration,1.5,naive,1,2.934744,0.927074,0.099524
aaaaapmp_s001_t000,calibration,1.5,naive,1,0.202799,0.502863,1.658474
aaaaapnr_s001_t000,calibration,1.5,naive,1,-0.931677,0.261221,1.890857
aaaaapoc_s001_t000,calibration,1.5,naive,1,5.157701,0.990069,4.534351
aaaaapof_s001_t000,calibration,1.5,naive,0,-3.048005,0.047408,0.125203
aaaaapoo_s001_t000,calibration,1.5,naive,0,-2.944104,0.051949,1.861810
aaaaapoq_s001_t000,calibration,1.5,naive,0,1.588852,0.785098,2.425297
aaaaappb_s001_t000,calibration,1.5,naive,0,0.456757,0.561375,3.192963
aaaaapqd_s001_t000,calibration,1.5,naive,1,1.713930,0.804004,1.424991
aaaaapqv_s001_t000,calibration,1.5,naive,0,-2.291837,0.091138,1.762781
aaaaapta_s001_t000,calibration,1.5,naive,1,5.872787,0.994856,1.306382
aaaaapth_s001_t000,calibration,1.5,naive,1,4.408561,0.980316,3.094372
aaaaapua_s001_t001,calibration,1.5,naive,0,-3.915406,0.021795,0.449773
aaaaapuu_s001_t000,calibration,1.5,naive,0,-1.700134,0.147845,0.473151
aaaaapvw_s001_t001,calibration,1.5,naive,1,5.410905,0.992130,2.815701
aaaaapvy_s001_t000,calibration,1.5,naive,1,3.882077,0.968333,9.384809
aaaaapwn_s001_t001,calibration,1.5,naive,0,-0.216504,0.406844,1.847628
aaaaapwo_s001_t001,calibration,1.5,naive,1,13.657015,0.999996,1.471769
aaaaapxm_s001_t001,calibration,1.5,naive,0,-1.061384,0.238702,0.027677
aaaaapys_s001_t001,calibration,1.5,naive,1,15.284095,0.999999,0.109481
aaaaapys_s002_t001,calibration,1.5,naive,1,10.598330,0.999935,5.291503
aaaaaayx_s002_t000,calibration,2.0,canonicalized,0,-0.022554,0.450826,1.652800
aaaaabdo_s003_t000,calibration,2.0,canonicalized,1,7.926970,0.999230,1.869571
aaaaabsk_s007_t000,calibration,2.0,canonicalized,1,1.572000,0.782452,1.103525
aaaaabuv_s002_t000,calibration,2.0,canonicalized,1,2.921728,0.926255,1.343185
aaaaacad_s003_t000,calibration,2.0,canonicalized,0,0.364790,0.540297,0.544353
aaaaacby_s004_t000,calibration,2.0,canonicalized,0,-0.231377,0.403523,0.264911
aaaaaddm_s006_t000,calibration,2.0,canonicalized,1,3.462128,0.953964,4.678437
aaaaadeu_s002_t000,calibration,2.0,canonicalized,1,2.696893,0.910701,1.185424
aaaaadjk_s002_t000,calibration,2.0,canonicalized,0,-2.343582,0.087244,0.319146
aaaaadkb_s002_t000,calibration,2.0,canonicalized,1,6.977986,0.998146,6.767433
aaaaadsm_s002_t001,calibration,2.0,canonicalized,0,-2.154504,0.102240,0.951861
aaaaaeab_s003_t000,calibration,2.0,canonicalized,0,-0.487356,0.347971,0.443799
aaaaaejc_s003_t001,calibration,2.0,canonicalized,0,2.912425,0.925664,0.829726
aaaaaezn_s003_t001,calibration,2.0,canonicalized,1,1.065983,0.692363,6.667205
aaaaafhl_s003_t000,calibration,2.0,canonicalized,1,2.953397,0.928234,0.265944
aaaaagfk_s003_t000,calibration,2.0,canonicalized,0,-1.155759,0.223177,1.235375
aaaaagsc_s003_t001,calibration,2.0,canonicalized,1,4.641177,0.984072,5.928843
aaaaagsc_s006_t001,calibration,2.0,canonicalized,1,1.088106,0.696712,1.341046
aaaaaguk_s002_t001,calibration,2.0,canonicalized,0,-3.795074,0.024303,0.390571
aaaaagvx_s002_t000,calibration,2.0,canonicalized,1,0.562857,0.585416,0.775320
aaaaagvx_s003_t001,calibration,2.0,canonicalized,1,1.906075,0.830550,0.693810
aaaaagyr_s002_t000,calibration,2.0,canonicalized,1,-0.564502,0.331935,0.705318
aaaaahie_s005_t001,calibration,2.0,canonicalized,1,7.723832,0.999070,1.990954
aaaaahsv_s002_t000,calibration,2.0,canonicalized,0,-0.675144,0.309607,2.527478
aaaaahte_s002_t000,calibration,2.0,canonicalized,1,8.945913,0.999700,3.685500
aaaaahte_s003_t000,calibration,2.0,canonicalized,1,9.469057,0.999815,0.419798
aaaaahuy_s002_t000,calibration,2.0,canonicalized,1,-1.476531,0.175891,0.059438
aaaaahzi_s001_t000,calibration,2.0,canonicalized,0,-0.860523,0.274142,0.709215
aaaaahzm_s001_t001,calibration,2.0,canonicalized,0,-1.094328,0.233200,1.348710
aaaaahzq_s001_t000,calibration,2.0,canonicalized,0,-3.628360,0.028247,0.060906
aaaaahzs_s001_t001,calibration,2.0,canonicalized,0,-1.053145,0.240092,1.692696
aaaaaiae_s001_t000,calibration,2.0,canonicalized,0,0.877159,0.653905,1.808168
aaaaaibx_s001_t000,calibration,2.0,canonicalized,0,0.154223,0.491613,0.225827
aaaaaiby_s001_t000,calibration,2.0,canonicalized,0,-1.221003,0.212873,1.148603
aaaaaici_s001_t000,calibration,2.0,canonicalized,0,-2.137281,0.103714,4.614426
aaaaaicn_s001_t000,calibration,2.0,canonicalized,0,0.737780,0.624129,2.042876
aaaaaijh_s002_t000,calibration,2.0,canonicalized,1,-2.881360,0.054888,0.414732
aaaaaijn_s001_t001,calibration,2.0,canonicalized,0,-0.254196,0.398445,0.626858
aaaaairb_s001_t001,calibration,2.0,canonicalized,0,-0.382943,0.370229,0.813401
aaaaairo_s001_t000,calibration,2.0,canonicalized,0,-2.655239,0.066825,1.296635
aaaaaitt_s001_t000,calibration,2.0,canonicalized,0,-3.335795,0.036719,3.772701
aaaaaiue_s004_t000,calibration,2.0,canonicalized,1,0.265033,0.517272,3.827692
aaaaaiuo_s002_t000,calibration,2.0,canonicalized,0,3.017104,0.932068,0.823270
aaaaaiwz_s001_t001,calibration,2.0,canonicalized,0,-1.711521,0.146520,0.824778
aaaaaiyy_s001_t001,calibration,2.0,canonicalized,0,-3.160882,0.042902,0.224463
aaaaaizd_s001_t001,calibration,2.0,canonicalized,0,-0.038547,0.447160,2.591040
aaaaaizs_s001_t000,calibration,2.0,canonicalized,0,1.177731,0.713966,1.102915
aaaaajae_s001_t001,calibration,2.0,canonicalized,0,5.349483,0.991673,3.849591
aaaaajah_s002_t001,calibration,2.0,canonicalized,1,0.545773,0.581569,1.083018
aaaaajah_s004_t000,calibration,2.0,canonicalized,1,-0.851958,0.275724,2.539179
aaaaajal_s001_t001,calibration,2.0,canonicalized,0,-3.200549,0.041418,0.336014
aaaaajam_s001_t000,calibration,2.0,canonicalized,1,-0.935311,0.260571,0.334218
aaaaajar_s001_t001,calibration,2.0,canonicalized,0,-0.837634,0.278382,0.134036
aaaaajbb_s001_t000,calibration,2.0,canonicalized,0,1.958593,0.837289,0.569023
aaaaajbh_s002_t000,calibration,2.0,canonicalized,0,-4.378036,0.014306,0.262662
aaaaajce_s001_t000,calibration,2.0,canonicalized,0,-0.978229,0.252983,0.158936
aaaaajci_s001_t000,calibration,2.0,canonicalized,0,-3.058376,0.046976,1.473388
aaaaajck_s001_t000,calibration,2.0,canonicalized,0,-3.919496,0.021714,0.051433
aaaaajct_s001_t000,calibration,2.0,canonicalized,0,1.575402,0.782988,3.659361
aaaaajcu_s001_t000,calibration,2.0,canonicalized,0,0.721322,0.620545,0.696827
aaaaajda_s001_t000,calibration,2.0,canonicalized,0,-3.757337,0.025146,0.458023
aaaaajdb_s001_t000,calibration,2.0,canonicalized,0,-1.574822,0.163078,3.451235
aaaaajdv_s001_t000,calibration,2.0,canonicalized,0,2.786038,0.917194,5.046248
aaaaajdy_s001_t000,calibration,2.0,canonicalized,0,-2.641004,0.067653,0.914217
aaaaajdz_s001_t000,calibration,2.0,canonicalized,0,-1.417641,0.183940,0.408753
aaaaajea_s001_t000,calibration,2.0,canonicalized,0,2.400239,0.885682,2.927727
aaaaajen_s001_t000,calibration,2.0,canonicalized,0,-1.951801,0.120811,1.794978
aaaaajey_s001_t000,calibration,2.0,canonicalized,0,-0.493557,0.346668,0.469443
aaaaajfb_s001_t000,calibration,2.0,canonicalized,0,-3.418477,0.034104,1.822105
aaaaajfe_s001_t000,calibration,2.0,canonicalized,0,-1.578438,0.162621,0.407285
aaaaajff_s001_t000,calibration,2.0,canonicalized,0,-3.734810,0.025662,0.621854
aaaaajfi_s001_t001,calibration,2.0,canonicalized,0,-1.184872,0.218536,0.248563
aaaaajfn_s001_t001,calibration,2.0,canonicalized,0,-2.656633,0.066745,1.145278
aaaaajfy_s001_t000,calibration,2.0,canonicalized,0,-4.200339,0.016823,0.195867
aaaaajga_s001_t001,calibration,2.0,canonicalized,0,0.582520,0.589830,5.425110
aaaaajhy_s001_t000,calibration,2.0,canonicalized,0,-2.985537,0.050091,3.473307
aaaaajit_s001_t001,calibration,2.0,canonicalized,0,-3.364139,0.035802,0.587679
aaaaajiu_s001_t000,calibration,2.0,canonicalized,0,1.694138,0.801099,5.765084
aaaaajiy_s001_t001,calibration,2.0,canonicalized,0,-0.448515,0.356179,1.425773
aaaaajiz_s001_t000,calibration,2.0,canonicalized,0,-1.251130,0.208234,1.062396
aaaaajjb_s001_t001,calibration,2.0,canonicalized,0,1.957567,0.837159,4.562608
aaaaajje_s001_t000,calibration,2.0,canonicalized,0,-2.063683,0.110226,5.481170
aaaaajjk_s001_t000,calibration,2.0,canonicalized,0,-2.311266,0.089658,0.341236
aaaaajna_s001_t000,calibration,2.0,canonicalized,0,-1.450173,0.179459,1.833338
aaaaajnu_s001_t000,calibration,2.0,canonicalized,0,-2.565613,0.072194,4.514059
aaaaajon_s001_t000,calibration,2.0,canonicalized,0,-0.856419,0.274899,0.341431
aaaaajoo_s002_t001,calibration,2.0,canonicalized,1,-0.030309,0.449048,2.520011
aaaaajpg_s001_t001,calibration,2.0,canonicalized,0,-2.260635,0.093561,0.541869
aaaaajqh_s004_t000,calibration,2.0,canonicalized,1,9.002352,0.999715,5.989583
aaaaajqk_s003_t001,calibration,2.0,canonicalized,1,4.988813,0.988407,0.783429
aaaaajrf_s001_t000,calibration,2.0,canonicalized,1,6.850991,0.997915,2.093751
aaaaajrf_s002_t000,calibration,2.0,canonicalized,1,11.602089,0.999974,5.125755
aaaaajrf_s003_t002,calibration,2.0,canonicalized,1,10.360484,0.999919,2.075467
aaaaajrf_s004_t000,calibration,2.0,canonicalized,1,3.125529,0.938159,0.375704
aaaaajso_s001_t000,calibration,2.0,canonicalized,1,8.767158,0.999646,5.771150
aaaaajtg_s001_t000,calibration,2.0,canonicalized,0,-0.183729,0.414192,2.740711
aaaaajtu_s001_t000,calibration,2.0,canonicalized,0,-0.273634,0.394136,1.720723
aaaaajuh_s001_t000,calibration,2.0,canonicalized,1,7.605799,0.998963,4.506998
aaaaajun_s001_t000,calibration,2.0,canonicalized,0,4.565491,0.982934,1.298545
aaaaajvh_s001_t001,calibration,2.0,canonicalized,0,-2.210674,0.097561,0.373441
aaaaajxp_s001_t000,calibration,2.0,canonicalized,0,0.774751,0.632130,1.546636
aaaaakck_s001_t001,calibration,2.0,canonicalized,1,1.799165,0.816151,0.109180
aaaaakcx_s001_t001,calibration,2.0,canonicalized,1,9.800092,0.999864,1.631602
aaaaakcy_s005_t001,calibration,2.0,canonicalized,1,8.816933,0.999662,0.443684
aaaaakdj_s001_t000,calibration,2.0,canonicalized,1,0.485921,0.568017,0.717272
aaaaakdo_s001_t000,calibration,2.0,canonicalized,1,0.469897,0.564371,2.702775
aaaaakeq_s001_t000,calibration,2.0,canonicalized,1,1.959801,0.837441,1.081401
aaaaakeq_s002_t000,calibration,2.0,canonicalized,1,2.324878,0.878420,5.149065
aaaaakeq_s003_t000,calibration,2.0,canonicalized,1,3.926552,0.969572,2.351763
aaaaakev_s001_t001,calibration,2.0,canonicalized,1,9.227114,0.999769,4.698120
aaaaakev_s002_t000,calibration,2.0,canonicalized,1,8.999028,0.999715,5.370451
aaaaakft_s001_t000,calibration,2.0,canonicalized,0,-2.848992,0.056465,0.995986
aaaaakgp_s001_t001,calibration,2.0,canonicalized,0,0.777216,0.632661,1.786987
aaaaakgu_s001_t000,calibration,2.0,canonicalized,1,-1.845834,0.131633,0.209388
aaaaakjk_s002_t002,calibration,2.0,canonicalized,1,2.196769,0.865164,7.672108
aaaaakjk_s003_t000,calibration,2.0,canonicalized,1,2.433522,0.888767,0.640946
aaaaakka_s001_t001,calibration,2.0,canonicalized,0,-1.147659,0.224481,1.129812
aaaaakmg_s003_t001,calibration,2.0,canonicalized,1,8.235785,0.999421,1.173804
aaaaakmh_s001_t000,calibration,2.0,canonicalized,1,1.327351,0.741417,4.195727
aaaaaknt_s001_t000,calibration,2.0,canonicalized,1,3.683660,0.962184,0.713802
aaaaakoo_s001_t001,calibration,2.0,canonicalized,1,8.799171,0.999656,0.767317
aaaaakqg_s001_t001,calibration,2.0,canonicalized,0,-1.243130,0.209458,1.262333
aaaaakqr_s001_t000,calibration,2.0,canonicalized,0,-2.839344,0.056943,0.329007
aaaaakrt_s001_t001,calibration,2.0,canonicalized,1,6.962137,0.998119,0.394993
aaaaakrt_s002_t001,calibration,2.0,canonicalized,1,7.542199,0.998900,0.516150
aaaaaksb_s001_t000,calibration,2.0,canonicalized,0,-2.306133,0.090047,0.293243
aaaaaksu_s001_t001,calibration,2.0,canonicalized,0,0.890360,0.656667,0.554019
aaaaakxz_s001_t001,calibration,2.0,canonicalized,1,4.139227,0.974877,1.020011
aaaaakxz_s002_t001,calibration,2.0,canonicalized,1,4.494084,0.981788,0.343841
aaaaalaf_s001_t000,calibration,2.0,canonicalized,0,-2.249810,0.094415,0.541912
aaaaalau_s001_t000,calibration,2.0,canonicalized,1,5.512606,0.992832,4.992144
aaaaalbh_s001_t000,calibration,2.0,canonicalized,1,2.349873,0.880872,2.229428
aaaaalbt_s001_t001,calibration,2.0,canonicalized,0,-0.672315,0.310168,0.461908
aaaaalbt_s002_t000,calibration,2.0,canonicalized,0,-0.866219,0.273093,0.815229
aaaaalbz_s006_t000,calibration,2.0,canonicalized,1,7.629519,0.998985,17.657812
aaaaalid_s001_t001,calibration,2.0,canonicalized,0,1.448144,0.762288,0.801954
aaaaaljf_s001_t000,calibration,2.0,canonicalized,1,5.420403,0.992198,1.764884
aaaaaljj_s001_t000,calibration,2.0,canonicalized,0,-2.679672,0.065428,0.898377
aaaaallc_s001_t001,calibration,2.0,canonicalized,0,0.132168,0.486507,0.618265
aaaaalle_s002_t000,calibration,2.0,canonicalized,1,1.192431,0.716739,1.480795
aaaaalox_s001_t001,calibration,2.0,canonicalized,0,4.683436,0.984674,2.384210
aaaaalpv_s001_t000,calibration,2.0,canonicalized,0,-0.026437,0.449935,2.740002
aaaaalqa_s001_t000,calibration,2.0,canonicalized,0,-0.546093,0.335728,0.833122
aaaaalqr_s001_t001,calibration,2.0,canonicalized,1,0.830847,0.644131,0.376276
aaaaalqs_s001_t001,calibration,2.0,canonicalized,0,-2.135240,0.103890,0.469845
aaaaalqx_s001_t000,calibration,2.0,canonicalized,0,-3.573323,0.029681,0.251280
aaaaalrc_s002_t000,calibration,2.0,canonicalized,1,12.817328,0.999992,0.106460
aaaaalsq_s001_t000,calibration,2.0,canonicalized,0,0.994438,0.678068,0.669368
aaaaalsx_s001_t000,calibration,2.0,canonicalized,1,0.231382,0.509483,1.230081
aaaaalsx_s004_t001,calibration,2.0,canonicalized,1,0.702473,0.616425,0.189300
aaaaaluz_s001_t001,calibration,2.0,canonicalized,0,-3.496494,0.031801,0.256540
aaaaalvw_s001_t000,calibration,2.0,canonicalized,0,-3.630843,0.028184,0.512881
aaaaalvz_s001_t000,calibration,2.0,canonicalized,1,9.590626,0.999835,1.822764
aaaaalxk_s001_t000,calibration,2.0,canonicalized,0,-0.018037,0.451862,0.556704
aaaaalyr_s001_t000,calibration,2.0,canonicalized,1,1.687088,0.800056,0.566342
aaaaalzk_s002_t001,calibration,2.0,canonicalized,1,9.931049,0.999880,3.710876
aaaaamcb_s001_t001,calibration,2.0,canonicalized,1,8.348974,0.999479,2.637121
aaaaamfe_s001_t001,calibration,2.0,canonicalized,0,0.204914,0.503354,0.102789
aaaaamft_s001_t001,calibration,2.0,canonicalized,1,1.486991,0.768748,0.220940
aaaaamfu_s001_t000,calibration,2.0,canonicalized,0,-2.037087,0.112666,0.133188
aaaaamhi_s001_t000,calibration,2.0,canonicalized,1,5.423843,0.992223,6.743644
aaaaamhk_s001_t000,calibration,2.0,canonicalized,1,5.356024,0.991722,0.537674
aaaaamjc_s001_t001,calibration,2.0,canonicalized,1,8.611883,0.999591,0.592790
aaaaammh_s001_t001,calibration,2.0,canonicalized,1,2.918511,0.926051,0.377693
aaaaamnq_s001_t000,calibration,2.0,canonicalized,1,7.659806,0.999013,3.155356
aaaaamnq_s002_t000,calibration,2.0,canonicalized,1,5.671903,0.993810,0.417244
aaaaamon_s001_t000,calibration,2.0,canonicalized,0,-0.163585,0.418728,2.901719
aaaaampz_s001_t000,calibration,2.0,canonicalized,1,1.237694,0.725176,3.267190
aaaaamrj_s001_t000,calibration,2.0,canonicalized,0,1.704260,0.802589,0.557868
aaaaamsc_s001_t000,calibration,2.0,canonicalized,1,6.416794,0.996886,0.207716
aaaaamtb_s001_t000,calibration,2.0,canonicalized,0,2.961625,0.928740,0.823095
aaaaamuc_s001_t000,calibration,2.0,canonicalized,0,-1.972526,0.118786,0.172072
aaaaamxn_s001_t000,calibration,2.0,canonicalized,1,0.281163,0.521002,0.580952
aaaaamyb_s001_t001,calibration,2.0,canonicalized,0,0.002141,0.456497,1.345558
aaaaamye_s001_t000,calibration,2.0,canonicalized,1,10.404281,0.999922,0.826751
aaaaamzi_s001_t001,calibration,2.0,canonicalized,1,6.343047,0.996666,1.104032
aaaaamzl_s001_t000,calibration,2.0,canonicalized,0,-2.155313,0.102171,0.579614
aaaaamzx_s001_t000,calibration,2.0,canonicalized,0,-2.699714,0.064301,2.267225
aaaaanbq_s001_t000,calibration,2.0,canonicalized,0,-1.091176,0.233723,0.289263
aaaaanek_s001_t000,calibration,2.0,canonicalized,0,-2.809486,0.058447,0.111515
aaaaangp_s001_t000,calibration,2.0,canonicalized,0,0.129032,0.485781,0.531621
aaaaanhb_s001_t003,calibration,2.0,canonicalized,1,2.881387,0.923661,1.575269
aaaaanhb_s003_t001,calibration,2.0,canonicalized,1,5.259569,0.990956,0.579852
aaaaanhb_s005_t000,calibration,2.0,canonicalized,1,9.094950,0.999739,0.832848
aaaaankf_s001_t000,calibration,2.0,canonicalized,1,4.493314,0.981776,2.131465
aaaaanlp_s001_t000,calibration,2.0,canonicalized,0,-1.272280,0.205021,0.276767
aaaaanmc_s001_t000,calibration,2.0,canonicalized,1,8.585052,0.999581,3.350047
aaaaanop_s001_t000,calibration,2.0,canonicalized,0,1.149191,0.708536,2.558986
aaaaanoz_s001_t000,calibration,2.0,canonicalized,1,0.321017,0.530209,0.651194
aaaaanpr_s001_t002,calibration,2.0,canonicalized,1,5.412543,0.992141,7.235799
aaaaanqe_s001_t000,calibration,2.0,canonicalized,0,-2.932075,0.052501,0.636279
aaaaanro_s001_t000,calibration,2.0,canonicalized,1,3.455228,0.953683,1.694504
aaaaansj_s001_t000,calibration,2.0,canonicalized,1,5.344670,0.991636,3.521293
aaaaanta_s001_t000,calibration,2.0,canonicalized,1,6.246306,0.996355,8.311026
aaaaanum_s001_t000,calibration,2.0,canonicalized,0,-0.037411,0.447420,1.307668
aaaaanvb_s002_t000,calibration,2.0,canonicalized,0,-1.344901,0.194272,0.187400
aaaaanvg_s001_t002,calibration,2.0,canonicalized,0,2.471051,0.892159,1.063397
aaaaanvw_s001_t000,calibration,2.0,canonicalized,0,-2.888341,0.054553,0.777490
aaaaanwc_s001_t001,calibration,2.0,canonicalized,1,6.941011,0.998082,15.114196
aaaaanxl_s001_t000,calibration,2.0,canonicalized,1,6.484978,0.997076,12.812692
aaaaanyb_s001_t001,calibration,2.0,canonicalized,0,1.117489,0.702433,0.844835
aaaaanyt_s002_t000,calibration,2.0,canonicalized,1,6.009018,0.995463,2.511156
aaaaanyw_s001_t000,calibration,2.0,canonicalized,1,2.588426,0.902184,0.186786
aaaaanyw_s002_t000,calibration,2.0,canonicalized,1,4.315338,0.978579,1.656269
aaaaanzh_s001_t000,calibration,2.0,canonicalized,1,-0.695445,0.305601,3.082682
aaaaanzu_s001_t003,calibration,2.0,canonicalized,1,2.108388,0.855323,3.455170
aaaaaoav_s001_t000,calibration,2.0,canonicalized,0,-2.813856,0.058224,0.293902
aaaaaoav_s002_t000,calibration,2.0,canonicalized,0,-1.600250,0.159888,0.449937
aaaaaobi_s001_t000,calibration,2.0,canonicalized,1,-0.498128,0.345710,10.684360
aaaaaobl_s001_t000,calibration,2.0,canonicalized,0,-0.260180,0.397117,2.019586
aaaaaoby_s001_t000,calibration,2.0,canonicalized,0,-0.061294,0.441956,4.833374
aaaaaoda_s001_t000,calibration,2.0,canonicalized,1,8.218967,0.999412,8.702627
aaaaaoeg_s001_t000,calibration,2.0,canonicalized,0,1.660030,0.796015,0.786430
aaaaaofj_s001_t000,calibration,2.0,canonicalized,0,-2.474169,0.078078,0.439454
aaaaaofr_s001_t000,calibration,2.0,canonicalized,0,3.140482,0.938958,1.407310
aaaaaofz_s001_t000,calibration,2.0,canonicalized,0,0.151136,0.490898,0.989103
aaaaaohb_s001_t000,calibration,2.0,canonicalized,1,2.647558,0.906913,0.360260
aaaaaohr_s002_t001,calibration,2.0,canonicalized,1,6.380638,0.996780,0.444400
aaaaaoiq_s001_t000,calibration,2.0,canonicalized,1,2.112383,0.855781,0.354389
aaaaaoiv_s001_t000,calibration,2.0,canonicalized,1,0.839063,0.645874,0.116959
aaaaaoiv_s002_t001,calibration,2.0,canonicalized,1,9.136087,0.999749,1.192082
aaaaaoiv_s003_t003,calibration,2.0,canonicalized,1,6.769082,0.997751,0.069594
aaaaaojd_s001_t002,calibration,2.0,canonicalized,0,0.267063,0.517741,2.108229
aaaaaokg_s001_t000,calibration,2.0,canonicalized,0,4.595971,0.983402,3.046425
aaaaaoly_s001_t000,calibration,2.0,canonicalized,0,-0.776629,0.289877,6.702924
aaaaaome_s001_t000,calibration,2.0,canonicalized,0,-1.087302,0.234366,2.231485
aaaaaomx_s001_t000,calibration,2.0,canonicalized,0,-0.131588,0.425960,0.776193
aaaaaomy_s001_t000,calibration,2.0,canonicalized,1,4.442165,0.980908,5.576884
aaaaaonb_s001_t000,calibration,2.0,canonicalized,0,1.089848,0.697053,2.026449
aaaaaons_s002_t002,calibration,2.0,canonicalized,1,7.404539,0.998751,0.387846
aaaaaopd_s001_t000,calibration,2.0,canonicalized,0,-0.578515,0.329062,2.407168
aaaaaopo_s001_t000,calibration,2.0,canonicalized,0,-1.938427,0.122133,0.108137
aaaaaora_s002_t000,calibration,2.0,canonicalized,1,2.270925,0.872980,0.543607
aaaaaord_s001_t000,calibration,2.0,canonicalized,1,2.105458,0.854987,0.541965
aaaaaosh_s001_t000,calibration,2.0,canonicalized,1,1.495371,0.770125,1.336208
aaaaaosw_s001_t000,calibration,2.0,canonicalized,0,1.330159,0.741916,4.002450
aaaaaote_s001_t000,calibration,2.0,canonicalized,0,-1.072176,0.236890,0.979363
aaaaaout_s001_t000,calibration,2.0,canonicalized,1,2.826006,0.919963,2.511462
aaaaaovl_s001_t000,calibration,2.0,canonicalized,1,4.270993,0.977700,0.104068
aaaaaovo_s001_t000,calibration,2.0,canonicalized,1,8.510006,0.999551,0.175311
aaaaaowb_s001_t000,calibration,2.0,canonicalized,0,0.218996,0.506615,0.998004
aaaaaoxf_s001_t000,calibration,2.0,canonicalized,0,-1.473390,0.176313,0.606409
aaaaaozf_s001_t001,calibration,2.0,canonicalized,0,-0.263847,0.396303,1.554760
aaaaapag_s001_t000,calibration,2.0,canonicalized,0,-2.310204,0.089738,2.336686
aaaaapar_s001_t000,calibration,2.0,canonicalized,1,12.150313,0.999985,0.287349
aaaaapcb_s001_t000,calibration,2.0,canonicalized,0,3.171392,0.940579,0.209626
aaaaapcy_s001_t002,calibration,2.0,canonicalized,0,-3.066951,0.046621,0.353745
aaaaapdg_s001_t000,calibration,2.0,canonicalized,0,-1.167970,0.221222,0.095475
aaaaaphs_s001_t000,calibration,2.0,canonicalized,1,3.319694,0.947809,3.761623
aaaaaphw_s001_t000,calibration,2.0,canonicalized,0,1.795957,0.815704,0.632847
aaaaapij_s001_t000,calibration,2.0,canonicalized,0,0.370371,0.541581,1.115162
aaaaapjc_s001_t001,calibration,2.0,canonicalized,0,-4.549000,0.012236,0.228823
aaaaapka_s001_t000,calibration,2.0,canonicalized,0,-1.019442,0.245835,0.449441
aaaaapkx_s001_t001,calibration,2.0,canonicalized,1,-1.870067,0.129088,3.334018
aaaaaply_s001_t001,calibration,2.0,canonicalized,1,3.828553,0.966776,3.421063
aaaaapmb_s002_t001,calibration,2.0,canonicalized,1,6.932059,0.998066,0.861444
aaaaapmp_s001_t000,calibration,2.0,canonicalized,1,-0.544311,0.336096,1.899450
aaaaapnr_s001_t000,calibration,2.0,canonicalized,1,-1.759301,0.141071,1.991794
aaaaapoc_s001_t000,calibration,2.0,canonicalized,1,4.954304,0.988035,5.377734
aaaaapof_s001_t000,calibration,2.0,canonicalized,0,-3.427652,0.033825,0.161465
aaaaapoo_s001_t000,calibration,2.0,canonicalized,0,-3.067820,0.046585,1.558462
aaaaapoq_s001_t000,calibration,2.0,canonicalized,0,1.177905,0.713999,2.101599
aaaaappb_s001_t000,calibration,2.0,canonicalized,0,0.311460,0.528003,3.466488
aaaaapqd_s001_t000,calibration,2.0,canonicalized,1,1.284848,0.733796,3.047111
aaaaapqv_s001_t000,calibration,2.0,canonicalized,0,-3.156170,0.043082,2.169340
aaaaapta_s001_t000,calibration,2.0,canonicalized,1,6.243790,0.996347,1.599038
aaaaapth_s001_t000,calibration,2.0,canonicalized,1,2.745472,0.914294,6.330779
aaaaapua_s001_t001,calibration,2.0,canonicalized,0,-3.692362,0.026664,0.443427
aaaaapuu_s001_t000,calibration,2.0,canonicalized,0,-2.095899,0.107333,1.807532
aaaaapvw_s001_t001,calibration,2.0,canonicalized,1,5.376163,0.991874,3.253197
aaaaapvy_s001_t000,calibration,2.0,canonicalized,1,4.152763,0.975183,9.192408
aaaaapwn_s001_t001,calibration,2.0,canonicalized,0,-1.264943,0.206132,1.691417
aaaaapwo_s001_t001,calibration,2.0,canonicalized,1,8.856062,0.999674,0.652752
aaaaapxm_s001_t001,calibration,2.0,canonicalized,0,-1.801472,0.136403,0.509571
aaaaapys_s001_t001,calibration,2.0,canonicalized,1,12.608388,0.999990,0.183696
aaaaapys_s002_t001,calibration,2.0,canonicalized,1,9.332268,0.999790,5.928584
aaaaaayx_s002_t000,calibration,2.0,naive,0,0.259700,0.516038,1.536453
aaaaabdo_s003_t000,calibration,2.0,naive,1,8.896986,0.999686,1.329014
aaaaabsk_s007_t000,calibration,2.0,naive,1,0.791651,0.635764,0.457287
aaaaabuv_s002_t000,calibration,2.0,naive,1,3.671774,0.961781,0.993497
aaaaacad_s003_t000,calibration,2.0,naive,0,5.291428,0.991216,0.717910
aaaaacby_s004_t000,calibration,2.0,naive,0,-0.439801,0.358033,0.145559
aaaaaddm_s006_t000,calibration,2.0,naive,1,5.816859,0.994583,4.966332
aaaaadeu_s002_t000,calibration,2.0,naive,1,6.229848,0.996299,1.715393
aaaaadjk_s002_t000,calibration,2.0,naive,0,-1.889311,0.127096,0.761088
aaaaadkb_s002_t000,calibration,2.0,naive,1,9.194477,0.999762,6.735771
aaaaadsm_s002_t001,calibration,2.0,naive,0,-1.679710,0.150245,0.531514
aaaaaeab_s003_t000,calibration,2.0,naive,0,0.174921,0.496406,0.217416
aaaaaejc_s003_t001,calibration,2.0,naive,0,3.010397,0.931673,0.335652
aaaaaezn_s003_t001,calibration,2.0,naive,1,1.915702,0.831802,2.896891
aaaaafhl_s003_t000,calibration,2.0,naive,1,2.409498,0.886548,0.560494
aaaaagfk_s003_t000,calibration,2.0,naive,0,-0.612019,0.322245,0.806711
aaaaagsc_s003_t001,calibration,2.0,naive,1,5.776541,0.994378,9.891264
aaaaagsc_s006_t001,calibration,2.0,naive,1,1.729217,0.806227,0.710769
aaaaaguk_s002_t001,calibration,2.0,naive,0,-2.070598,0.109599,0.337052
aaaaagvx_s002_t000,calibration,2.0,naive,1,0.958350,0.670726,0.332589
aaaaagvx_s003_t001,calibration,2.0,naive,1,2.467571,0.891848,0.983809
aaaaagyr_s002_t000,calibration,2.0,naive,1,1.215354,0.721031,0.920112
aaaaahie_s005_t001,calibration,2.0,naive,1,11.769063,0.999978,0.389095
aaaaahsv_s002_t000,calibration,2.0,naive,0,-0.471393,0.351334,1.876193
aaaaahte_s002_t000,calibration,2.0,naive,1,10.514496,0.999930,2.403587
aaaaahte_s003_t000,calibration,2.0,naive,1,11.124835,0.999960,0.793310
aaaaahuy_s002_t000,calibration,2.0,naive,1,0.997364,0.678659,0.121303
aaaaahzi_s001_t000,calibration,2.0,naive,0,-0.010294,0.453640,0.679576
aaaaahzm_s001_t001,calibration,2.0,naive,0,2.573500,0.900957,0.246959
aaaaahzq_s001_t000,calibration,2.0,naive,0,-1.965285,0.119490,0.140458
aaaaahzs_s001_t001,calibration,2.0,naive,0,0.638544,0.602327,1.064162
aaaaaiae_s001_t000,calibration,2.0,naive,0,1.707929,0.803127,0.494950
aaaaaibx_s001_t000,calibration,2.0,naive,0,0.811651,0.640044,0.210480
aaaaaiby_s001_t000,calibration,2.0,naive,0,-1.562899,0.164591,0.832107
aaaaaici_s001_t000,calibration,2.0,naive,0,-2.475106,0.078016,2.690316
aaaaaicn_s001_t000,calibration,2.0,naive,0,1.474500,0.766684,1.660994
aaaaaijh_s002_t000,calibration,2.0,naive,1,-2.446854,0.079920,0.741809
aaaaaijn_s001_t001,calibration,2.0,naive,0,-0.123385,0.427819,0.297024
aaaaairb_s001_t001,calibration,2.0,naive,0,1.909768,0.831032,1.669037
aaaaairo_s001_t000,calibration,2.0,naive,0,-2.618388,0.068986,1.679699
aaaaaitt_s001_t000,calibration,2.0,naive,0,-2.353636,0.086505,5.203139
aaaaaiue_s004_t000,calibration,2.0,naive,1,3.254739,0.944751,0.500899
aaaaaiuo_s002_t000,calibration,2.0,naive,0,2.520020,0.896447,1.122988
aaaaaiwz_s001_t001,calibration,2.0,naive,0,-0.979462,0.252767,0.350588
aaaaaiyy_s001_t001,calibration,2.0,naive,0,-0.704731,0.303778,0.222792
aaaaaizd_s001_t001,calibration,2.0,naive,0,-0.145745,0.422756,2.064182
aaaaaizs_s001_t000,calibration,2.0,naive,0,1.153725,0.709403,1.325571
aaaaajae_s001_t001,calibration,2.0,naive,0,6.096808,0.995816,1.624952
aaaaajah_s002_t001,calibration,2.0,naive,1,1.909256,0.830965,0.855739
aaaaajah_s004_t000,calibration,2.0,naive,1,0.154416,0.491658,1.507111
aaaaajal_s001_t001,calibration,2.0,naive,0,-1.429888,0.182243,0.563362
aaaaajam_s001_t000,calibration,2.0,naive,1,-1.306267,0.199937,0.320282
aaaaajar_s001_t001,calibration,2.0,naive,0,1.170722,0.712638,0.198924
aaaaajbb_s001_t000,calibration,2.0,naive,0,2.385113,0.884255,0.485474
aaaaajbh_s002_t000,calibration,2.0,naive,0,-0.758372,0.293371,0.720973
aaaaajce_s001_t000,calibration,2.0,naive,0,-0.991310,0.250700,0.321223
aaaaajci_s001_t000,calibration,2.0,naive,0,-1.236226,0.210519,1.308268
aaaaajck_s001_t000,calibration,2.0,naive,0,-1.711216,0.146556,0.123319
aaaaajct_s001_t000,calibration,2.0,naive,0,1.911438,0.831249,4.399687
aaaaajcu_s001_t000,calibration,2.0,naive,0,1.669776,0.797478,0.670707
aaaaajda_s001_t000,calibration,2.0,naive,0,-3.425747,0.033883,0.252161
aaaaajdb_s001_t000,calibration,2.0,naive,0,-0.435931,0.358857,4.124824
aaaaajdv_s001_t000,calibration,2.0,naive,0,3.615045,0.959801,3.584459
aaaaajdy_s001_t000,calibration,2.0,naive,0,-1.308072,0.199669,0.951458
aaaaajdz_s001_t000,calibration,2.0,naive,0,0.461592,0.562478,0.733684
aaaaajea_s001_t000,calibration,2.0,naive,0,3.026924,0.932642,1.551697
aaaaajen_s001_t000,calibration,2.0,naive,0,-1.336783,0.195452,0.280564
aaaaajey_s001_t000,calibration,2.0,naive,0,1.573570,0.782700,1.440767
aaaaajfb_s001_t000,calibration,2.0,naive,0,-2.260541,0.093569,0.889088
aaaaajfe_s001_t000,calibration,2.0,naive,0,-0.440486,0.357887,0.415098
aaaaajff_s001_t000,calibration,2.0,naive,0,-0.972487,0.253990,0.258599
aaaaajfi_s001_t001,calibration,2.0,naive,0,-1.082322,0.235195,0.247944
aaaaajfn_s001_t001,calibration,2.0,naive,0,-1.201845,0.215862,0.358114
aaaaajfy_s001_t000,calibration,2.0,naive,0,-2.595981,0.070332,0.493144
aaaaajga_s001_t001,calibration,2.0,naive,0,1.017312,0.682676,4.356094
aaaaajhy_s001_t000,calibration,2.0,naive,0,-2.718987,0.063235,3.337118
aaaaajit_s001_t001,calibration,2.0,naive,0,-2.954668,0.051469,0.167380
aaaaajiu_s001_t000,calibration,2.0,naive,0,3.788529,0.965564,3.894245
aaaaajiy_s001_t001,calibration,2.0,naive,0,0.706980,0.617412,0.461369
aaaaajiz_s001_t000,calibration,2.0,naive,0,-0.522810,0.340555,0.560674
aaaaajjb_s001_t001,calibration,2.0,naive,0,1.150194,0.708728,2.121505
aaaaajje_s001_t000,calibration,2.0,naive,0,-0.808714,0.283796,3.097377
aaaaajjk_s001_t000,calibration,2.0,naive,0,0.748073,0.626364,0.771758
aaaaajna_s001_t000,calibration,2.0,naive,0,-0.785966,0.288099,0.826733
aaaaajnu_s001_t000,calibration,2.0,naive,0,-2.723530,0.062986,4.082584
aaaaajon_s001_t000,calibration,2.0,naive,0,0.210853,0.504729,0.449643
aaaaajoo_s002_t001,calibration,2.0,naive,1,0.977391,0.674610,1.578522
aaaaajpg_s001_t001,calibration,2.0,naive,0,0.911028,0.660971,0.376426
aaaaajqh_s004_t000,calibration,2.0,naive,1,10.535376,0.999931,2.532575
aaaaajqk_s003_t001,calibration,2.0,naive,1,5.638716,0.993618,0.603660
aaaaajrf_s001_t000,calibration,2.0,naive,1,10.926899,0.999952,2.196182
aaaaajrf_s002_t000,calibration,2.0,naive,1,15.135017,0.999999,4.955530
aaaaajrf_s003_t002,calibration,2.0,naive,1,11.383606,0.999969,4.033148
aaaaajrf_s004_t000,calibration,2.0,naive,1,8.367788,0.999488,0.307726
aaaaajso_s001_t000,calibration,2.0,naive,1,10.976458,0.999954,4.263867
aaaaajtg_s001_t000,calibration,2.0,naive,0,1.492787,0.769701,2.802564
aaaaajtu_s001_t000,calibration,2.0,naive,0,0.261955,0.516560,1.913769
aaaaajuh_s001_t000,calibration,2.0,naive,1,5.860634,0.994798,1.111334
aaaaajun_s001_t000,calibration,2.0,naive,0,5.634580,0.993593,0.423755
aaaaajvh_s001_t001,calibration,2.0,naive,0,-0.890295,0.268687,1.029279
aaaaajxp_s001_t000,calibration,2.0,naive,0,1.319877,0.740087,2.975586
aaaaakck_s001_t001,calibration,2.0,naive,1,3.579675,0.958518,0.213585
aaaaakcx_s001_t001,calibration,2.0,naive,1,13.541360,0.999996,1.910621
aaaaakcy_s005_t001,calibration,2.0,naive,1,11.637525,0.999975,1.445150
aaaaakdj_s001_t000,calibration,2.0,naive,1,3.658614,0.961330,0.597179
aaaaakdo_s001_t000,calibration,2.0,naive,1,2.669898,0.908646,2.119166
aaaaakeq_s001_t000,calibration,2.0,naive,1,1.414469,0.756588,1.114780
aaaaakeq_s002_t000,calibration,2.0,naive,1,3.304851,0.947125,3.609365
aaaaakeq_s003_t000,calibration,2.0,naive,1,3.942620,0.970008,1.511186
aaaaakev_s001_t001,calibration,2.0,naive,1,11.547129,0.999973,0.541022
aaaaakev_s002_t000,calibration,2.0,naive,1,9.357277,0.999795,4.239764
aaaaakft_s001_t000,calibration,2.0,naive,0,-1.924518,0.123521,0.412382
aaaaakgp_s001_t001,calibration,2.0,naive,0,1.090948,0.697268,1.920191
aaaaakgu_s001_t000,calibration,2.0,naive,1,0.474914,0.565513,0.276904
aaaaakjk_s002_t002,calibration,2.0,naive,1,5.608530,0.993438,5.463223
aaaaakjk_s003_t000,calibration,2.0,naive,1,1.035934,0.686402,0.295161
aaaaakka_s001_t001,calibration,2.0,naive,0,0.372995,0.542184,0.207519
aaaaakmg_s003_t001,calibration,2.0,naive,1,9.458849,0.999814,2.200547
aaaaakmh_s001_t000,calibration,2.0,naive,1,1.846377,0.822623,2.947187
aaaaaknt_s001_t000,calibration,2.0,naive,1,4.530103,0.982376,0.464770
aaaaakoo_s001_t001,calibration,2.0,naive,1,8.827520,0.999665,0.576146
aaaaakqg_s001_t001,calibration,2.0,naive,0,-1.066238,0.237886,0.880802
aaaaakqr_s001_t000,calibration,2.0,naive,0,-2.340428,0.087477,0.338400
aaaaakrt_s001_t001,calibration,2.0,naive,1,6.559887,0.997272,0.247400
aaaaakrt_s002_t001,calibration,2.0,naive,1,7.317371,0.998646,0.584572
aaaaaksb_s001_t000,calibration,2.0,naive,0,-1.871052,0.128985,0.784309
aaaaaksu_s001_t001,calibration,2.0,naive,0,1.634696,0.792178,0.381198
aaaaakxz_s001_t001,calibration,2.0,naive,1,2.553769,0.899314,0.090864
aaaaakxz_s002_t001,calibration,2.0,naive,1,6.764700,0.997742,0.497322
aaaaalaf_s001_t000,calibration,2.0,naive,0,-1.777747,0.139013,0.436166
aaaaalau_s001_t000,calibration,2.0,naive,1,6.950979,0.998099,0.660260
aaaaalbh_s001_t000,calibration,2.0,naive,1,7.523733,0.998881,0.846895
aaaaalbt_s001_t001,calibration,2.0,naive,0,-0.605407,0.323585,0.392439
aaaaalbt_s002_t000,calibration,2.0,naive,0,-0.718935,0.301002,0.821139
aaaaalbz_s006_t000,calibration,2.0,naive,1,9.627630,0.999841,15.619621
aaaaalid_s001_t001,calibration,2.0,naive,0,5.512736,0.992833,0.922373
aaaaaljf_s001_t000,calibration,2.0,naive,1,5.869118,0.994838,1.717929
aaaaaljj_s001_t000,calibration,2.0,naive,0,-2.430063,0.081071,0.289238
aaaaallc_s001_t001,calibration,2.0,naive,0,0.087633,0.476206,0.534807
aaaaalle_s002_t000,calibration,2.0,naive,1,2.195504,0.865027,0.865045
aaaaalox_s001_t001,calibration,2.0,naive,0,5.673160,0.993817,2.487701
aaaaalpv_s001_t000,calibration,2.0,naive,0,1.229817,0.723719,2.444690
aaaaalqa_s001_t000,calibration,2.0,naive,0,0.083003,0.475137,0.620888
aaaaalqr_s001_t001,calibration,2.0,naive,1,7.983426,0.999269,4.716716
aaaaalqs_s001_t001,calibration,2.0,naive,0,-0.984021,0.251970,0.341006
aaaaalqx_s001_t000,calibration,2.0,naive,0,-3.296700,0.038022,0.278437
aaaaalrc_s002_t000,calibration,2.0,naive,1,16.506802,1.000000,0.280061
aaaaalsq_s001_t000,calibration,2.0,naive,0,2.166865,0.861899,0.289205
aaaaalsx_s001_t000,calibration,2.0,naive,1,0.855675,0.649386,0.749612
aaaaalsx_s004_t001,calibration,2.0,naive,1,0.097561,0.478501,0.184708
aaaaaluz_s001_t001,calibration,2.0,naive,0,-2.332307,0.088080,0.162829
aaaaalvw_s001_t000,calibration,2.0,naive,0,-1.902743,0.125722,0.562322
aaaaalvz_s001_t000,calibration,2.0,naive,1,11.504181,0.999972,0.482616
aaaaalxk_s001_t000,calibration,2.0,naive,0,0.675522,0.610504,1.133474
aaaaalyr_s001_t000,calibration,2.0,naive,1,2.565076,0.900258,1.065742
aaaaalzk_s002_t001,calibration,2.0,naive,1,12.214820,0.999985,4.481647
aaaaamcb_s001_t001,calibration,2.0,naive,1,9.855799,0.999871,0.184055
aaaaamfe_s001_t001,calibration,2.0,naive,0,5.908195,0.995021,0.502315
aaaaamft_s001_t001,calibration,2.0,naive,1,13.434315,0.999995,6.666199
aaaaamfu_s001_t000,calibration,2.0,naive,0,3.550894,0.957444,2.416376
aaaaamhi_s001_t000,calibration,2.0,naive,1,5.178467,0.990257,5.725634
aaaaamhk_s001_t000,calibration,2.0,naive,1,4.950902,0.987997,0.254147
aaaaamjc_s001_t001,calibration,2.0,naive,1,10.222198,0.999908,0.701527
aaaaammh_s001_t001,calibration,2.0,naive,1,2.580479,0.901532,0.158139
aaaaamnq_s001_t000,calibration,2.0,naive,1,11.943904,0.999981,1.828066
aaaaamnq_s002_t000,calibration,2.0,naive,1,7.425687,0.998775,0.866034
aaaaamon_s001_t000,calibration,2.0,naive,0,0.599028,0.593526,1.993713
aaaaampz_s001_t000,calibration,2.0,naive,1,1.243703,0.726284,3.010483
aaaaamrj_s001_t000,calibration,2.0,naive,0,1.735628,0.807153,0.643567
aaaaamsc_s001_t000,calibration,2.0,naive,1,6.970005,0.998132,0.403386
aaaaamtb_s001_t000,calibration,2.0,naive,0,4.772286,0.985868,0.238893
aaaaamuc_s001_t000,calibration,2.0,naive,0,-0.671637,0.310302,0.350723
aaaaamxn_s001_t000,calibration,2.0,naive,1,0.718849,0.620006,0.154947
aaaaamyb_s001_t001,calibration,2.0,naive,0,0.165105,0.494133,0.738375
aaaaamye_s001_t000,calibration,2.0,naive,1,11.141410,0.999961,0.954692
aaaaamzi_s001_t001,calibration,2.0,naive,1,10.921467,0.999952,1.293949
aaaaamzl_s001_t000,calibration,2.0,naive,0,-0.469416,0.351751,0.202344
aaaaamzx_s001_t000,calibration,2.0,naive,0,-0.957785,0.256580,3.745636
aaaaanbq_s001_t000,calibration,2.0,naive,0,0.091813,0.477172,0.997556
aaaaanek_s001_t000,calibration,2.0,naive,0,-1.501684,0.172538,0.114992
aaaaangp_s001_t000,calibration,2.0,naive,0,0.593732,0.592341,0.235330
aaaaanhb_s001_t003,calibration,2.0,naive,1,10.697065,0.999941,0.326555
aaaaanhb_s003_t001,calibration,2.0,naive,1,9.228421,0.999769,0.671556
aaaaanhb_s005_t000,calibration,2.0,naive,1,13.781417,0.999997,2.089364
aaaaankf_s001_t000,calibration,2.0,naive,1,5.348099,0.991662,3.401783
aaaaanlp_s001_t000,calibration,2.0,naive,0,-0.512895,0.342622,0.198867
aaaaanmc_s001_t000,calibration,2.0,naive,1,9.776413,0.999861,1.504562
aaaaanop_s001_t000,calibration,2.0,naive,0,3.344561,0.948937,3.642349
aaaaanoz_s001_t000,calibration,2.0,naive,1,0.310781,0.527846,0.700353
aaaaanpr_s001_t002,calibration,2.0,naive,1,4.732898,0.985350,2.463558
aaaaanqe_s001_t000,calibration,2.0,naive,0,-1.609854,0.158696,0.438512
aaaaanro_s001_t000,calibration,2.0,naive,1,4.693733,0.984817,3.232189
aaaaansj_s001_t000,calibration,2.0,naive,1,8.121729,0.999357,0.558008
aaaaanta_s001_t000,calibration,2.0,naive,1,8.288593,0.999449,9.948523
aaaaanum_s001_t000,calibration,2.0,naive,0,1.219532,0.721809,1.311310
aaaaanvb_s002_t000,calibration,2.0,naive,0,0.768048,0.630685,0.175317
aaaaanvg_s001_t002,calibration,2.0,naive,0,3.578180,0.958462,0.488733
aaaaanvw_s001_t000,calibration,2.0,naive,0,-2.748031,0.061660,0.217524
aaaaanwc_s001_t001,calibration,2.0,naive,1,6.127880,0.995934,7.237792
aaaaanxl_s001_t000,calibration,2.0,naive,1,11.944040,0.999981,17.479315
aaaaanyb_s001_t001,calibration,2.0,naive,0,1.099040,0.698848,0.212141
aaaaanyt_s002_t000,calibration,2.0,naive,1,12.598991,0.999990,27.646807
aaaaanyw_s001_t000,calibration,2.0,naive,1,3.640642,0.960706,0.304114
aaaaanyw_s002_t000,calibration,2.0,naive,1,7.797359,0.999131,0.993859
aaaaanzh_s001_t000,calibration,2.0,naive,1,-0.590582,0.326598,1.904858
aaaaanzu_s001_t003,calibration,2.0,naive,1,2.409681,0.886565,1.023873
aaaaaoav_s001_t000,calibration,2.0,naive,0,-2.437369,0.080568,0.251109
aaaaaoav_s002_t000,calibration,2.0,naive,0,-1.382683,0.188852,0.402176
aaaaaobi_s001_t000,calibration,2.0,naive,1,1.448177,0.762293,9.407429
aaaaaobl_s001_t000,calibration,2.0,naive,0,-0.184132,0.414101,0.809696
aaaaaoby_s001_t000,calibration,2.0,naive,0,-0.219692,0.406131,3.861228
aaaaaoda_s001_t000,calibration,2.0,naive,1,10.687819,0.999940,9.074209
aaaaaoeg_s001_t000,calibration,2.0,naive,0,1.762016,0.810930,0.939670
aaaaaofj_s001_t000,calibration,2.0,naive,0,0.891779,0.656964,0.711216
aaaaaofr_s001_t000,calibration,2.0,naive,0,3.921445,0.969432,0.946685
aaaaaofz_s001_t000,calibration,2.0,naive,0,1.426632,0.758657,2.589048
aaaaaohb_s001_t000,calibration,2.0,naive,1,0.988741,0.676914,0.215634
aaaaaohr_s002_t001,calibration,2.0,naive,1,8.019989,0.999293,0.351822
aaaaaoiq_s001_t000,calibration,2.0,naive,1,1.386432,0.751772,0.360292
aaaaaoiv_s001_t000,calibration,2.0,naive,1,1.470547,0.766028,0.185169
aaaaaoiv_s002_t001,calibration,2.0,naive,1,10.799914,0.999946,1.316446
aaaaaoiv_s003_t003,calibration,2.0,naive,1,8.898825,0.999687,0.082960
aaaaaojd_s001_t002,calibration,2.0,naive,0,3.427120,0.952519,0.509710
aaaaaokg_s001_t000,calibration,2.0,naive,0,5.815072,0.994575,4.963404
aaaaaoly_s001_t000,calibration,2.0,naive,0,-0.463888,0.352920,5.841553
aaaaaome_s001_t000,calibration,2.0,naive,0,0.481412,0.566992,3.785180
aaaaaomx_s001_t000,calibration,2.0,naive,0,-0.187524,0.413339,0.555722
aaaaaomy_s001_t000,calibration,2.0,naive,1,8.507622,0.999550,5.864804
aaaaaonb_s001_t000,calibration,2.0,naive,0,1.233945,0.724483,1.015432
aaaaaons_s002_t002,calibration,2.0,naive,1,7.450389,0.998803,0.286474
aaaaaopd_s001_t000,calibration,2.0,naive,0,1.699845,0.801940,1.641169
aaaaaopo_s001_t000,calibration,2.0,naive,0,0.039529,0.465103,0.474336
aaaaaora_s002_t000,calibration,2.0,naive,1,2.500893,0.894790,0.188410
aaaaaord_s001_t000,calibration,2.0,naive,1,3.751445,0.964403,0.999398
aaaaaosh_s001_t000,calibration,2.0,naive,1,3.261098,0.945057,1.178636
aaaaaosw_s001_t000,calibration,2.0,naive,0,2.746444,0.914365,2.626762
aaaaaote_s001_t000,calibration,2.0,naive,0,-0.328190,0.382133,0.373788
aaaaaout_s001_t000,calibration,2.0,naive,1,4.136145,0.974807,0.289753
aaaaaovl_s001_t000,calibration,2.0,naive,1,4.759283,0.985699,0.104207
aaaaaovo_s001_t000,calibration,2.0,naive,1,14.140590,0.999998,0.547991
aaaaaowb_s001_t000,calibration,2.0,naive,0,1.535821,0.776692,0.439695
aaaaaoxf_s001_t000,calibration,2.0,naive,0,-0.011025,0.453472,0.480443
aaaaaozf_s001_t001,calibration,2.0,naive,0,1.012493,0.681708,2.117434
aaaaapag_s001_t000,calibration,2.0,naive,0,-1.953221,0.120671,2.173355
aaaaapar_s001_t000,calibration,2.0,naive,1,17.049625,1.000000,0.213936
aaaaapcb_s001_t000,calibration,2.0,naive,0,2.575753,0.901143,0.433540
aaaaapcy_s001_t002,calibration,2.0,naive,0,-1.784063,0.138314,0.443670
aaaaapdg_s001_t000,calibration,2.0,naive,0,-0.836132,0.278661,0.049558
aaaaaphs_s001_t000,calibration,2.0,naive,1,5.063126,0.989170,3.108738
aaaaaphw_s001_t000,calibration,2.0,naive,0,2.207925,0.866365,0.787767
aaaaapij_s001_t000,calibration,2.0,naive,0,0.312785,0.528309,0.820019
aaaaapjc_s001_t001,calibration,2.0,naive,0,-1.856243,0.130534,1.354783
aaaaapka_s001_t000,calibration,2.0,naive,0,-0.994497,0.250145,0.333438
aaaaapkx_s001_t001,calibration,2.0,naive,1,-2.002979,0.115864,1.661765
aaaaaply_s001_t001,calibration,2.0,naive,1,8.992059,0.999713,1.353618
aaaaapmb_s002_t001,calibration,2.0,naive,1,3.321728,0.947902,0.080149
aaaaapmp_s001_t000,calibration,2.0,naive,1,1.121199,0.703151,1.767791
aaaaapnr_s001_t000,calibration,2.0,naive,1,0.066405,0.471303,2.026714
aaaaapoc_s001_t000,calibration,2.0,naive,1,5.642546,0.993640,4.296007
aaaaapof_s001_t000,calibration,2.0,naive,0,-2.489991,0.077030,0.209507
aaaaapoo_s001_t000,calibration,2.0,naive,0,-2.428105,0.081206,1.835356
aaaaapoq_s001_t000,calibration,2.0,naive,0,2.576654,0.901217,2.739251
aaaaappb_s001_t000,calibration,2.0,naive,0,0.925824,0.664037,2.747354
aaaaapqd_s001_t000,calibration,2.0,naive,1,2.208091,0.866383,1.245756
aaaaapqv_s001_t000,calibration,2.0,naive,0,-1.339338,0.195080,1.854998
aaaaapta_s001_t000,calibration,2.0,naive,1,6.548604,0.997243,1.558093
aaaaapth_s001_t000,calibration,2.0,naive,1,5.476816,0.992592,3.115908
aaaaapua_s001_t001,calibration,2.0,naive,0,-3.416170,0.034174,0.392516
aaaaapuu_s001_t000,calibration,2.0,naive,0,-0.699079,0.304887,0.416890
aaaaapvw_s001_t001,calibration,2.0,naive,1,5.490299,0.992684,1.886522
aaaaapvy_s001_t000,calibration,2.0,naive,1,3.617521,0.959890,5.204041
aaaaapwn_s001_t001,calibration,2.0,naive,0,0.862826,0.650893,2.363512
aaaaapwo_s001_t001,calibration,2.0,naive,1,14.998059,0.999999,1.695609
aaaaapxm_s001_t001,calibration,2.0,naive,0,-0.199911,0.410559,0.026680
aaaaapys_s001_t001,calibration,2.0,naive,1,16.930941,1.000000,0.135408
aaaaapys_s002_t001,calibration,2.0,naive,1,11.859795,0.999980,5.790202
aaaaaayx_s002_t000,montage,bipolar18,canonicalized,0,1.566802,0.781631,2.751906
aaaaabdo_s003_t000,montage,bipolar18,canonicalized,1,8.314762,0.999462,2.950248
aaaaabsk_s007_t000,montage,bipolar18,canonicalized,1,3.627084,0.960229,0.862963
aaaaabuv_s002_t000,montage,bipolar18,canonicalized,1,4.894622,0.987363,0.530693
aaaaacad_s003_t000,montage,bipolar18,canonicalized,0,2.566828,0.900404,1.613901
aaaaacby_s004_t000,montage,bipolar18,canonicalized,0,0.530283,0.578073,0.400591
aaaaaddm_s006_t000,montage,bipolar18,canonicalized,1,3.475872,0.954520,3.558639
aaaaadeu_s002_t000,montage,bipolar18,canonicalized,1,3.726544,0.963603,1.417537
aaaaadjk_s002_t000,montage,bipolar18,canonicalized,0,-2.320412,0.088969,0.170091
aaaaadkb_s002_t000,montage,bipolar18,canonicalized,1,6.147362,0.996006,4.418006
aaaaadsm_s002_t001,montage,bipolar18,canonicalized,0,-1.443193,0.180413,0.919134
aaaaaeab_s003_t000,montage,bipolar18,canonicalized,0,1.367419,0.748470,0.406210
aaaaaejc_s003_t001,montage,bipolar18,canonicalized,0,6.261387,0.996405,2.339388
aaaaaezn_s003_t001,montage,bipolar18,canonicalized,1,2.943610,0.927628,3.645273
aaaaafhl_s003_t000,montage,bipolar18,canonicalized,1,1.807932,0.817366,0.641398
aaaaagfk_s003_t000,montage,bipolar18,canonicalized,0,-0.494185,0.346536,1.302523
aaaaagsc_s003_t001,montage,bipolar18,canonicalized,1,5.350112,0.991677,9.311562
aaaaagsc_s006_t001,montage,bipolar18,canonicalized,1,1.809409,0.817570,1.236239
aaaaaguk_s002_t001,montage,bipolar18,canonicalized,0,-3.528143,0.030911,0.631242
aaaaagvx_s002_t000,montage,bipolar18,canonicalized,1,1.434260,0.759949,0.453644
aaaaagvx_s003_t001,montage,bipolar18,canonicalized,1,3.136083,0.938724,0.248186
aaaaagyr_s002_t000,montage,bipolar18,canonicalized,1,-0.244204,0.400666,0.736229
aaaaahie_s005_t001,montage,bipolar18,canonicalized,1,7.289256,0.998610,1.519080
aaaaahsv_s002_t000,montage,bipolar18,canonicalized,0,2.657333,0.907675,1.060716
aaaaahte_s002_t000,montage,bipolar18,canonicalized,1,8.473703,0.999536,4.357022
aaaaahte_s003_t000,montage,bipolar18,canonicalized,1,9.625694,0.999840,0.709247
aaaaahuy_s002_t000,montage,bipolar18,canonicalized,1,-1.443179,0.180415,0.236702
aaaaahzi_s001_t000,montage,bipolar18,canonicalized,0,-0.008846,0.453972,0.777799
aaaaahzm_s001_t001,montage,bipolar18,canonicalized,0,0.310673,0.527821,0.928266
aaaaahzq_s001_t000,montage,bipolar18,canonicalized,0,-2.117086,0.105466,0.366487
aaaaahzs_s001_t001,montage,bipolar18,canonicalized,0,0.255028,0.514957,1.241598
aaaaaiae_s001_t000,montage,bipolar18,canonicalized,0,1.065915,0.692350,2.081970
aaaaaibx_s001_t000,montage,bipolar18,canonicalized,0,0.258105,0.515669,0.767912
aaaaaiby_s001_t000,montage,bipolar18,canonicalized,0,0.830627,0.644084,1.200303
aaaaaici_s001_t000,montage,bipolar18,canonicalized,0,-1.485886,0.174638,7.048327
aaaaaicn_s001_t000,montage,bipolar18,canonicalized,0,0.886709,0.655904,1.496297
aaaaaijh_s002_t000,montage,bipolar18,canonicalized,1,-1.707382,0.147001,0.700075
aaaaaijn_s001_t001,montage,bipolar18,canonicalized,0,1.131828,0.705202,0.491612
aaaaairb_s001_t001,montage,bipolar18,canonicalized,0,0.311171,0.527936,0.661715
aaaaairo_s001_t000,montage,bipolar18,canonicalized,0,-1.057570,0.239345,1.719424
aaaaaitt_s001_t000,montage,bipolar18,canonicalized,0,-1.747710,0.142377,3.710132
aaaaaiue_s004_t000,montage,bipolar18,canonicalized,1,1.064348,0.692041,3.952154
aaaaaiuo_s002_t000,montage,bipolar18,canonicalized,0,4.143754,0.974980,1.370048
aaaaaiwz_s001_t001,montage,bipolar18,canonicalized,0,0.102103,0.479551,0.393626
aaaaaiyy_s001_t001,montage,bipolar18,canonicalized,0,-1.911384,0.124845,0.733356
aaaaaizd_s001_t001,montage,bipolar18,canonicalized,0,1.936946,0.834538,2.391131
aaaaaizs_s001_t000,montage,bipolar18,canonicalized,0,3.977556,0.970936,0.276993
aaaaajae_s001_t001,montage,bipolar18,canonicalized,0,5.337842,0.991583,5.559387
aaaaajah_s002_t001,montage,bipolar18,canonicalized,1,1.945594,0.835641,0.374788
aaaaajah_s004_t000,montage,bipolar18,canonicalized,1,1.460106,0.764290,3.033557
aaaaajal_s001_t001,montage,bipolar18,canonicalized,0,-1.131114,0.227161,1.390294
aaaaajam_s001_t000,montage,bipolar18,canonicalized,1,2.703885,0.911226,0.453925
aaaaajar_s001_t001,montage,bipolar18,canonicalized,0,0.518076,0.575312,0.268259
aaaaajbb_s001_t000,montage,bipolar18,canonicalized,0,4.666476,0.984435,0.487529
aaaaajbh_s002_t000,montage,bipolar18,canonicalized,0,-1.726713,0.144769,0.804509
aaaaajce_s001_t000,montage,bipolar18,canonicalized,0,0.198041,0.501762,0.406866
aaaaajci_s001_t000,montage,bipolar18,canonicalized,0,-0.871279,0.272163,0.933241
aaaaajck_s001_t000,montage,bipolar18,canonicalized,0,-2.200122,0.098425,0.103552
aaaaajct_s001_t000,montage,bipolar18,canonicalized,0,2.716204,0.912145,3.638727
aaaaajcu_s001_t000,montage,bipolar18,canonicalized,0,2.032764,0.846435,0.921556
aaaaajda_s001_t000,montage,bipolar18,canonicalized,0,-2.111537,0.105952,0.584560
aaaaajdb_s001_t000,montage,bipolar18,canonicalized,0,-0.327369,0.382312,2.394635
aaaaajdv_s001_t000,montage,bipolar18,canonicalized,0,3.612520,0.959711,5.162255
aaaaajdy_s001_t000,montage,bipolar18,canonicalized,0,-2.628076,0.068412,0.566268
aaaaajdz_s001_t000,montage,bipolar18,canonicalized,0,-0.063231,0.441514,0.291407
aaaaajea_s001_t000,montage,bipolar18,canonicalized,0,2.446807,0.889978,2.428658
aaaaajen_s001_t000,montage,bipolar18,canonicalized,0,-0.902058,0.266551,0.617237
aaaaajey_s001_t000,montage,bipolar18,canonicalized,0,0.536808,0.579547,0.699715
aaaaajfb_s001_t000,montage,bipolar18,canonicalized,0,-1.741818,0.143045,1.637294
aaaaajfe_s001_t000,montage,bipolar18,canonicalized,0,1.389000,0.752216,1.451660
aaaaajff_s001_t000,montage,bipolar18,canonicalized,0,-0.032974,0.448437,0.254572
aaaaajfi_s001_t001,montage,bipolar18,canonicalized,0,0.079087,0.474232,0.321376
aaaaajfn_s001_t001,montage,bipolar18,canonicalized,0,-1.466839,0.177196,1.238112
aaaaajfy_s001_t000,montage,bipolar18,canonicalized,0,-1.825070,0.133848,0.491105
aaaaajga_s001_t001,montage,bipolar18,canonicalized,0,4.274735,0.977776,0.336229
aaaaajhy_s001_t000,montage,bipolar18,canonicalized,0,-1.719818,0.145562,1.515053
aaaaajit_s001_t001,montage,bipolar18,canonicalized,0,-1.396413,0.186911,1.292344
aaaaajiu_s001_t000,montage,bipolar18,canonicalized,0,3.454846,0.953667,5.251482
aaaaajiy_s001_t001,montage,bipolar18,canonicalized,0,0.933752,0.665673,1.358159
aaaaajiz_s001_t000,montage,bipolar18,canonicalized,0,-0.102304,0.432607,1.748537
aaaaajjb_s001_t001,montage,bipolar18,canonicalized,0,1.095296,0.698117,3.898108
aaaaajje_s001_t000,montage,bipolar18,canonicalized,0,0.498790,0.570940,5.506453
aaaaajjk_s001_t000,montage,bipolar18,canonicalized,0,-1.230591,0.211388,0.552826
aaaaajna_s001_t000,montage,bipolar18,canonicalized,0,-0.229107,0.404029,2.864788
aaaaajnu_s001_t000,montage,bipolar18,canonicalized,0,0.476350,0.565840,2.736192
aaaaajon_s001_t000,montage,bipolar18,canonicalized,0,0.236370,0.510638,1.191009
aaaaajoo_s002_t001,montage,bipolar18,canonicalized,1,0.187296,0.499273,1.762382
aaaaajpg_s001_t001,montage,bipolar18,canonicalized,0,-0.365614,0.373980,0.822637
aaaaajqh_s004_t000,montage,bipolar18,canonicalized,1,8.449112,0.999525,7.843043
aaaaajqk_s003_t001,montage,bipolar18,canonicalized,1,5.264515,0.990997,0.974578
aaaaajrf_s001_t000,montage,bipolar18,canonicalized,1,8.310907,0.999460,3.063347
aaaaajrf_s002_t000,montage,bipolar18,canonicalized,1,9.765627,0.999860,6.446635
aaaaajrf_s003_t002,montage,bipolar18,canonicalized,1,10.105759,0.999898,1.372443
aaaaajrf_s004_t000,montage,bipolar18,canonicalized,1,3.056941,0.934368,0.754546
aaaaajso_s001_t000,montage,bipolar18,canonicalized,1,7.812834,0.999144,5.388344
aaaaajtg_s001_t000,montage,bipolar18,canonicalized,0,1.190650,0.716404,3.144356
aaaaajtu_s001_t000,montage,bipolar18,canonicalized,0,1.921647,0.832571,2.039633
aaaaajuh_s001_t000,montage,bipolar18,canonicalized,1,7.240769,0.998546,9.083989
aaaaajun_s001_t000,montage,bipolar18,canonicalized,0,5.121455,0.989734,1.160769
aaaaajvh_s001_t001,montage,bipolar18,canonicalized,0,1.316638,0.739510,0.947389
aaaaajxp_s001_t000,montage,bipolar18,canonicalized,0,2.830897,0.920296,1.046930
aaaaakck_s001_t001,montage,bipolar18,canonicalized,1,2.702281,0.911106,0.428018
aaaaakcx_s001_t001,montage,bipolar18,canonicalized,1,8.094158,0.999340,2.327431
aaaaakcy_s005_t001,montage,bipolar18,canonicalized,1,7.775875,0.999114,0.521198
aaaaakdj_s001_t000,montage,bipolar18,canonicalized,1,2.410093,0.886603,0.381893
aaaaakdo_s001_t000,montage,bipolar18,canonicalized,1,1.981960,0.840217,0.767436
aaaaakeq_s001_t000,montage,bipolar18,canonicalized,1,3.578734,0.958483,1.019944
aaaaakeq_s002_t000,montage,bipolar18,canonicalized,1,3.581313,0.958578,4.258923
aaaaakeq_s003_t000,montage,bipolar18,canonicalized,1,4.595620,0.983396,1.563574
aaaaakev_s001_t001,montage,bipolar18,canonicalized,1,7.969090,0.999259,3.036762
aaaaakev_s002_t000,montage,bipolar18,canonicalized,1,8.015163,0.999290,4.554034
aaaaakft_s001_t000,montage,bipolar18,canonicalized,0,-1.934694,0.122504,1.873965
aaaaakgp_s001_t001,montage,bipolar18,canonicalized,0,2.216472,0.867279,1.132628
aaaaakgu_s001_t000,montage,bipolar18,canonicalized,1,-0.041778,0.446420,0.889422
aaaaakjk_s002_t002,montage,bipolar18,canonicalized,1,1.781394,0.813667,10.000841
aaaaakjk_s003_t000,montage,bipolar18,canonicalized,1,2.684732,0.909780,0.513863
aaaaakka_s001_t001,montage,bipolar18,canonicalized,0,1.698259,0.801706,3.375597
aaaaakmg_s003_t001,montage,bipolar18,canonicalized,1,8.864553,0.999677,1.813725
aaaaakmh_s001_t000,montage,bipolar18,canonicalized,1,2.849843,0.921574,4.661232
aaaaaknt_s001_t000,montage,bipolar18,canonicalized,1,4.254844,0.977372,1.466869
aaaaakoo_s001_t001,montage,bipolar18,canonicalized,1,7.541774,0.998900,1.973679
aaaaakqg_s001_t001,montage,bipolar18,canonicalized,0,1.160510,0.710697,2.694472
aaaaakqr_s001_t000,montage,bipolar18,canonicalized,0,-1.824249,0.133936,0.225880
aaaaakrt_s001_t001,montage,bipolar18,canonicalized,1,6.265162,0.996418,0.563383
aaaaakrt_s002_t001,montage,bipolar18,canonicalized,1,6.523487,0.997178,2.320549
aaaaaksb_s001_t000,montage,bipolar18,canonicalized,0,-0.495247,0.346314,1.264554
aaaaaksu_s001_t001,montage,bipolar18,canonicalized,0,1.373007,0.749444,0.495227
aaaaakxz_s001_t001,montage,bipolar18,canonicalized,1,1.922201,0.832643,1.162662
aaaaakxz_s002_t001,montage,bipolar18,canonicalized,1,2.254316,0.871264,1.601825
aaaaalaf_s001_t000,montage,bipolar18,canonicalized,0,0.231482,0.509506,1.070920
aaaaalau_s001_t000,montage,bipolar18,canonicalized,1,5.105371,0.989581,1.467502
aaaaalbh_s001_t000,montage,bipolar18,canonicalized,1,2.159229,0.861055,1.097715
aaaaalbt_s001_t001,montage,bipolar18,canonicalized,0,0.081579,0.474807,0.339712
aaaaalbt_s002_t000,montage,bipolar18,canonicalized,0,-0.821367,0.281419,0.772513
aaaaalbz_s006_t000,montage,bipolar18,canonicalized,1,6.920379,0.998045,13.989866
aaaaalid_s001_t001,montage,bipolar18,canonicalized,0,1.387589,0.751972,0.996904
aaaaaljf_s001_t000,montage,bipolar18,canonicalized,1,6.446729,0.996971,2.865663
aaaaaljj_s001_t000,montage,bipolar18,canonicalized,0,-1.209874,0.214606,0.584263
aaaaallc_s001_t001,montage,bipolar18,canonicalized,0,1.531382,0.775978,0.364886
aaaaalle_s002_t000,montage,bipolar18,canonicalized,1,4.381550,0.979827,3.741880
aaaaalox_s001_t001,montage,bipolar18,canonicalized,0,5.228534,0.990694,1.806788
aaaaalpv_s001_t000,montage,bipolar18,canonicalized,0,1.271832,0.731434,3.519690
aaaaalqa_s001_t000,montage,bipolar18,canonicalized,0,1.564769,0.781310,0.791739
aaaaalqr_s001_t001,montage,bipolar18,canonicalized,1,1.529801,0.775724,0.426555
aaaaalqs_s001_t001,montage,bipolar18,canonicalized,0,-1.166538,0.221451,0.504735
aaaaalqx_s001_t000,montage,bipolar18,canonicalized,0,-2.293936,0.090977,0.561602
aaaaalrc_s002_t000,montage,bipolar18,canonicalized,1,12.732067,0.999991,0.166975
aaaaalsq_s001_t000,montage,bipolar18,canonicalized,0,2.627008,0.905293,2.617961
aaaaalsx_s001_t000,montage,bipolar18,canonicalized,1,1.441425,0.761158,1.167948
aaaaalsx_s004_t001,montage,bipolar18,canonicalized,1,0.961256,0.671320,0.486864
aaaaaluz_s001_t001,montage,bipolar18,canonicalized,0,-1.067378,0.237695,0.423167
aaaaalvw_s001_t000,montage,bipolar18,canonicalized,0,-1.356135,0.192648,0.463516
aaaaalvz_s001_t000,montage,bipolar18,canonicalized,1,9.394192,0.999802,1.965773
aaaaalxk_s001_t000,montage,bipolar18,canonicalized,0,2.183969,0.863775,1.341108
aaaaalyr_s001_t000,montage,bipolar18,canonicalized,1,1.368661,0.748687,0.597058
aaaaalzk_s002_t001,montage,bipolar18,canonicalized,1,9.084497,0.999736,9.160217
aaaaamcb_s001_t001,montage,bipolar18,canonicalized,1,8.866972,0.999677,2.644610
aaaaamfe_s001_t001,montage,bipolar18,canonicalized,0,2.383934,0.884144,0.140658
aaaaamft_s001_t001,montage,bipolar18,canonicalized,1,4.308945,0.978454,0.605012
aaaaamfu_s001_t000,montage,bipolar18,canonicalized,0,0.292173,0.523547,0.380980
aaaaamhi_s001_t000,montage,bipolar18,canonicalized,1,6.417542,0.996888,3.456953
aaaaamhk_s001_t000,montage,bipolar18,canonicalized,1,6.129285,0.995939,1.428773
aaaaamjc_s001_t001,montage,bipolar18,canonicalized,1,6.493818,0.997100,4.664065
aaaaammh_s001_t001,montage,bipolar18,canonicalized,1,3.864186,0.967820,1.121142
aaaaamnq_s001_t000,montage,bipolar18,canonicalized,1,7.838800,0.999164,4.504568
aaaaamnq_s002_t000,montage,bipolar18,canonicalized,1,6.148880,0.996012,1.607917
aaaaamon_s001_t000,montage,bipolar18,canonicalized,0,1.314076,0.739052,2.232955
aaaaampz_s001_t000,montage,bipolar18,canonicalized,1,2.557037,0.899587,2.820805
aaaaamrj_s001_t000,montage,bipolar18,canonicalized,0,2.336584,0.879574,0.633559
aaaaamsc_s001_t000,montage,bipolar18,canonicalized,1,6.054206,0.995648,1.184316
aaaaamtb_s001_t000,montage,bipolar18,canonicalized,0,3.187393,0.941402,1.133378
aaaaamuc_s001_t000,montage,bipolar18,canonicalized,0,-0.231739,0.403442,0.601859
aaaaamxn_s001_t000,montage,bipolar18,canonicalized,1,0.595601,0.592759,0.594365
aaaaamyb_s001_t001,montage,bipolar18,canonicalized,0,1.458815,0.764074,2.436662
aaaaamye_s001_t000,montage,bipolar18,canonicalized,1,9.316813,0.999787,2.267884
aaaaamzi_s001_t001,montage,bipolar18,canonicalized,1,5.671012,0.993805,3.120275
aaaaamzl_s001_t000,montage,bipolar18,canonicalized,0,-0.915761,0.264076,0.149937
aaaaamzx_s001_t000,montage,bipolar18,canonicalized,0,-1.677995,0.150448,2.778203
aaaaanbq_s001_t000,montage,bipolar18,canonicalized,0,0.263058,0.516815,1.492806
aaaaanek_s001_t000,montage,bipolar18,canonicalized,0,-2.123399,0.104916,0.313410
aaaaangp_s001_t000,montage,bipolar18,canonicalized,0,1.148333,0.708372,0.468698
aaaaanhb_s001_t003,montage,bipolar18,canonicalized,1,1.944910,0.835554,2.120991
aaaaanhb_s003_t001,montage,bipolar18,canonicalized,1,5.371149,0.991837,0.566300
aaaaanhb_s005_t000,montage,bipolar18,canonicalized,1,6.815856,0.997846,2.799442
aaaaankf_s001_t000,montage,bipolar18,canonicalized,1,5.670443,0.993801,0.946774
aaaaanlp_s001_t000,montage,bipolar18,canonicalized,0,0.066575,0.471342,0.463952
aaaaanmc_s001_t000,montage,bipolar18,canonicalized,1,8.037091,0.999304,2.218494
aaaaanop_s001_t000,montage,bipolar18,canonicalized,0,2.337439,0.879658,3.907422
aaaaanoz_s001_t000,montage,bipolar18,canonicalized,1,1.941945,0.835176,4.055864
aaaaanpr_s001_t002,montage,bipolar18,canonicalized,1,5.741304,0.994193,7.059214
aaaaanqe_s001_t000,montage,bipolar18,canonicalized,0,-1.618358,0.157647,1.265957
aaaaanro_s001_t000,montage,bipolar18,canonicalized,1,4.992977,0.988451,0.679092
aaaaansj_s001_t000,montage,bipolar18,canonicalized,1,4.594976,0.983387,3.901456
aaaaanta_s001_t000,montage,bipolar18,canonicalized,1,6.106533,0.995853,7.042516
aaaaanum_s001_t000,montage,bipolar18,canonicalized,0,1.825761,0.819819,1.882936
aaaaanvb_s002_t000,montage,bipolar18,canonicalized,0,-0.042338,0.446292,0.279044
aaaaanvg_s001_t002,montage,bipolar18,canonicalized,0,3.290472,0.946454,1.427945
aaaaanvw_s001_t000,montage,bipolar18,canonicalized,0,-0.483460,0.348790,0.788987
aaaaanwc_s001_t001,montage,bipolar18,canonicalized,1,6.119652,0.995903,27.055033
aaaaanxl_s001_t000,montage,bipolar18,canonicalized,1,5.419351,0.992190,9.220493
aaaaanyb_s001_t001,montage,bipolar18,canonicalized,0,1.476497,0.767015,0.665754
aaaaanyt_s002_t000,montage,bipolar18,canonicalized,1,6.070039,0.995711,3.710543
aaaaanyw_s001_t000,montage,bipolar18,canonicalized,1,2.513741,0.895905,0.302977
aaaaanyw_s002_t000,montage,bipolar18,canonicalized,1,3.653553,0.961155,0.975268
aaaaanzh_s001_t000,montage,bipolar18,canonicalized,1,0.602176,0.594229,2.144340
aaaaanzu_s001_t003,montage,bipolar18,canonicalized,1,3.450924,0.953506,3.333995
aaaaaoav_s001_t000,montage,bipolar18,canonicalized,0,-0.560427,0.332772,0.188754
aaaaaoav_s002_t000,montage,bipolar18,canonicalized,0,-0.461155,0.353498,0.164712
aaaaaobi_s001_t000,montage,bipolar18,canonicalized,1,1.271792,0.731427,10.342440
aaaaaobl_s001_t000,montage,bipolar18,canonicalized,0,0.636415,0.601854,1.774596
aaaaaoby_s001_t000,montage,bipolar18,canonicalized,0,1.016090,0.682431,5.721028
aaaaaoda_s001_t000,montage,bipolar18,canonicalized,1,8.529584,0.999559,7.939364
aaaaaoeg_s001_t000,montage,bipolar18,canonicalized,0,2.917697,0.925999,0.467443
aaaaaofj_s001_t000,montage,bipolar18,canonicalized,0,-1.495987,0.173293,0.319832
aaaaaofr_s001_t000,montage,bipolar18,canonicalized,0,5.407460,0.992105,1.027950
aaaaaofz_s001_t000,montage,bipolar18,canonicalized,0,1.110467,0.701072,1.296286
aaaaaohb_s001_t000,montage,bipolar18,canonicalized,1,2.861841,0.922374,0.132120
aaaaaohr_s002_t001,montage,bipolar18,canonicalized,1,7.089445,0.998328,0.397591
aaaaaoiq_s001_t000,montage,bipolar18,canonicalized,1,3.750726,0.964381,0.571713
aaaaaoiv_s001_t000,montage,bipolar18,canonicalized,1,3.297126,0.946765,0.531721
aaaaaoiv_s002_t001,montage,bipolar18,canonicalized,1,9.348915,0.999794,1.327224
aaaaaoiv_s003_t003,montage,bipolar18,canonicalized,1,8.198878,0.999401,0.174025
aaaaaojd_s001_t002,montage,bipolar18,canonicalized,0,-0.278046,0.393160,1.418500
aaaaaokg_s001_t000,montage,bipolar18,canonicalized,0,4.562255,0.982884,1.741010
aaaaaoly_s001_t000,montage,bipolar18,canonicalized,0,0.098752,0.478776,8.987246
aaaaaome_s001_t000,montage,bipolar18,canonicalized,0,0.625043,0.599327,0.845138
aaaaaomx_s001_t000,montage,bipolar18,canonicalized,0,1.646960,0.794042,0.742611
aaaaaomy_s001_t000,montage,bipolar18,canonicalized,1,4.808969,0.986334,6.372170
aaaaaonb_s001_t000,montage,bipolar18,canonicalized,0,2.251069,0.870926,2.312057
aaaaaons_s002_t002,montage,bipolar18,canonicalized,1,7.313622,0.998641,0.580884
aaaaaopd_s001_t000,montage,bipolar18,canonicalized,0,0.572458,0.587573,1.815596
aaaaaopo_s001_t000,montage,bipolar18,canonicalized,0,-0.509016,0.343432,0.099196
aaaaaora_s002_t000,montage,bipolar18,canonicalized,1,3.309298,0.947331,0.326195
aaaaaord_s001_t000,montage,bipolar18,canonicalized,1,3.684698,0.962218,0.848203
aaaaaosh_s001_t000,montage,bipolar18,canonicalized,1,3.107306,0.937172,0.820486
aaaaaosw_s001_t000,montage,bipolar18,canonicalized,0,1.012856,0.681781,1.425179
aaaaaote_s001_t000,montage,bipolar18,canonicalized,0,0.538410,0.579908,2.174121
aaaaaout_s001_t000,montage,bipolar18,canonicalized,1,5.299538,0.991282,2.323121
aaaaaovl_s001_t000,montage,bipolar18,canonicalized,1,4.091459,0.973770,0.135233
aaaaaovo_s001_t000,montage,bipolar18,canonicalized,1,7.457582,0.998810,0.939296
aaaaaowb_s001_t000,montage,bipolar18,canonicalized,0,0.616090,0.597333,1.306156
aaaaaoxf_s001_t000,montage,bipolar18,canonicalized,0,-1.035500,0.243088,0.752922
aaaaaozf_s001_t001,montage,bipolar18,canonicalized,0,0.555860,0.583842,1.765795
aaaaapag_s001_t000,montage,bipolar18,canonicalized,0,-0.661551,0.312305,2.938137
aaaaapar_s001_t000,montage,bipolar18,canonicalized,1,12.813435,0.999992,0.416999
aaaaapcb_s001_t000,montage,bipolar18,canonicalized,0,1.829294,0.820302,0.153945
aaaaapcy_s001_t002,montage,bipolar18,canonicalized,0,-0.602327,0.324210,1.678406
aaaaapdg_s001_t000,montage,bipolar18,canonicalized,0,0.016959,0.459905,0.353218
aaaaaphs_s001_t000,montage,bipolar18,canonicalized,1,4.411896,0.980376,3.333342
aaaaaphw_s001_t000,montage,bipolar18,canonicalized,0,3.668401,0.961666,1.433979
aaaaapij_s001_t000,montage,bipolar18,canonicalized,0,0.935370,0.666007,0.289831
aaaaapjc_s001_t001,montage,bipolar18,canonicalized,0,-3.714792,0.026130,0.411449
aaaaapka_s001_t000,montage,bipolar18,canonicalized,0,-0.058875,0.442509,0.198970
aaaaapkx_s001_t001,montage,bipolar18,canonicalized,1,-0.691695,0.306339,1.620052
aaaaaply_s001_t001,montage,bipolar18,canonicalized,1,4.643223,0.984101,5.479034
aaaaapmb_s002_t001,montage,bipolar18,canonicalized,1,6.361060,0.996721,0.879928
aaaaapmp_s001_t000,montage,bipolar18,canonicalized,1,-0.153917,0.420909,1.929746
aaaaapnr_s001_t000,montage,bipolar18,canonicalized,1,-1.194375,0.217036,1.566017
aaaaapoc_s001_t000,montage,bipolar18,canonicalized,1,5.819014,0.994594,6.414680
aaaaapof_s001_t000,montage,bipolar18,canonicalized,0,-2.591281,0.070617,0.301779
aaaaapoo_s001_t000,montage,bipolar18,canonicalized,0,-1.759334,0.141067,1.180144
aaaaapoq_s001_t000,montage,bipolar18,canonicalized,0,2.440593,0.889413,3.550557
aaaaappb_s001_t000,montage,bipolar18,canonicalized,0,0.991837,0.677541,3.978602
aaaaapqd_s001_t000,montage,bipolar18,canonicalized,1,0.865679,0.651493,2.242328
aaaaapqv_s001_t000,montage,bipolar18,canonicalized,0,-1.831701,0.133137,3.795011
aaaaapta_s001_t000,montage,bipolar18,canonicalized,1,6.943054,0.998085,3.039138
aaaaapth_s001_t000,montage,bipolar18,canonicalized,1,1.075250,0.694189,4.972302
aaaaapua_s001_t001,montage,bipolar18,canonicalized,0,-1.514632,0.170832,0.087067
aaaaapuu_s001_t000,montage,bipolar18,canonicalized,0,-1.401804,0.186153,1.295011
aaaaapvw_s001_t001,montage,bipolar18,canonicalized,1,6.481149,0.997066,3.053684
aaaaapvy_s001_t000,montage,bipolar18,canonicalized,1,3.480316,0.954699,5.384806
aaaaapwn_s001_t001,montage,bipolar18,canonicalized,0,-0.206919,0.408989,1.084227
aaaaapwo_s001_t001,montage,bipolar18,canonicalized,1,10.365829,0.999920,0.838263
aaaaapxm_s001_t001,montage,bipolar18,canonicalized,0,-0.314273,0.385182,0.096118
aaaaapys_s001_t001,montage,bipolar18,canonicalized,1,12.106615,0.999984,0.152427
aaaaapys_s002_t001,montage,bipolar18,canonicalized,1,9.206385,0.999764,5.173631
aaaaaayx_s002_t000,montage,bipolar18,naive,0,1.550448,0.779034,2.932280
aaaaabdo_s003_t000,montage,bipolar18,naive,1,8.465482,0.999532,3.257733
aaaaabsk_s007_t000,montage,bipolar18,naive,1,3.382695,0.950622,0.750184
aaaaabuv_s002_t000,montage,bipolar18,naive,1,4.910783,0.987549,0.497314
aaaaacad_s003_t000,montage,bipolar18,naive,0,2.478283,0.892802,1.727105
aaaaacby_s004_t000,montage,bipolar18,naive,0,0.588570,0.591186,0.425756
aaaaaddm_s006_t000,montage,bipolar18,naive,1,3.411346,0.951853,3.619131
aaaaadeu_s002_t000,montage,bipolar18,naive,1,3.699605,0.962717,1.569054
aaaaadjk_s002_t000,montage,bipolar18,naive,0,-2.396563,0.083414,0.207465
aaaaadkb_s002_t000,montage,bipolar18,naive,1,6.171398,0.996094,4.248934
aaaaadsm_s002_t001,montage,bipolar18,naive,0,-1.520608,0.170049,0.815081
aaaaaeab_s003_t000,montage,bipolar18,naive,0,1.415855,0.756824,0.369492
aaaaaejc_s003_t001,montage,bipolar18,naive,0,6.237498,0.996325,2.486199
aaaaaezn_s003_t001,montage,bipolar18,naive,1,2.897204,0.924688,3.958622
aaaaafhl_s003_t000,montage,bipolar18,naive,1,1.858427,0.824247,0.620813
aaaaagfk_s003_t000,montage,bipolar18,naive,0,-0.457321,0.354311,1.337001
aaaaagsc_s003_t001,montage,bipolar18,naive,1,5.328559,0.991511,9.359880
aaaaagsc_s006_t001,montage,bipolar18,naive,1,1.814899,0.818328,1.096874
aaaaaguk_s002_t001,montage,bipolar18,naive,0,-3.382653,0.035214,0.522084
aaaaagvx_s002_t000,montage,bipolar18,naive,1,1.543722,0.777960,0.470375
aaaaagvx_s003_t001,montage,bipolar18,naive,1,3.155507,0.939751,0.270006
aaaaagyr_s002_t000,montage,bipolar18,naive,1,-0.349287,0.377529,0.645489
aaaaahie_s005_t001,montage,bipolar18,naive,1,7.158604,0.998431,1.629215
aaaaahsv_s002_t000,montage,bipolar18,naive,0,2.494232,0.894208,0.868451
aaaaahte_s002_t000,montage,bipolar18,naive,1,8.519743,0.999555,4.405920
aaaaahte_s003_t000,montage,bipolar18,naive,1,9.758644,0.999859,0.414325
aaaaahuy_s002_t000,montage,bipolar18,naive,1,-1.368803,0.190830,0.271504
aaaaahzi_s001_t000,montage,bipolar18,naive,0,0.321207,0.530253,0.824657
aaaaahzm_s001_t001,montage,bipolar18,naive,0,0.444942,0.558678,1.075713
aaaaahzq_s001_t000,montage,bipolar18,naive,0,-1.940944,0.121883,0.463334
aaaaahzs_s001_t001,montage,bipolar18,naive,0,0.405174,0.549575,1.285655
aaaaaiae_s001_t000,montage,bipolar18,naive,0,1.105397,0.700086,1.984156
aaaaaibx_s001_t000,montage,bipolar18,naive,0,0.405108,0.549560,0.906976
aaaaaiby_s001_t000,montage,bipolar18,naive,0,0.820985,0.642034,1.170362
aaaaaici_s001_t000,montage,bipolar18,naive,0,-1.517699,0.170430,6.838825
aaaaaicn_s001_t000,montage,bipolar18,naive,0,0.901624,0.659016,1.631298
aaaaaijh_s002_t000,montage,bipolar18,naive,1,-1.840400,0.132210,0.727103
aaaaaijn_s001_t001,montage,bipolar18,naive,0,1.096278,0.698309,0.492246
aaaaairb_s001_t001,montage,bipolar18,naive,0,0.463630,0.562943,0.724591
aaaaairo_s001_t000,montage,bipolar18,naive,0,-1.045786,0.241339,1.754911
aaaaaitt_s001_t000,montage,bipolar18,naive,0,-1.755564,0.141491,3.659975
aaaaaiue_s004_t000,montage,bipolar18,naive,1,1.040238,0.687260,4.416058
aaaaaiuo_s002_t000,montage,bipolar18,naive,0,4.228436,0.976824,1.419818
aaaaaiwz_s001_t001,montage,bipolar18,naive,0,0.311626,0.528041,0.408873
aaaaaiyy_s001_t001,montage,bipolar18,naive,0,-1.818152,0.134592,0.610708
aaaaaizd_s001_t001,montage,bipolar18,naive,0,1.965756,0.838191,2.220080
aaaaaizs_s001_t000,montage,bipolar18,naive,0,3.922421,0.969459,0.226455
aaaaajae_s001_t001,montage,bipolar18,naive,0,5.369178,0.991822,5.423164
aaaaajah_s002_t001,montage,bipolar18,naive,1,1.962845,0.837825,0.363118
aaaaajah_s004_t000,montage,bipolar18,naive,1,1.654176,0.795133,3.176970
aaaaajal_s001_t001,montage,bipolar18,naive,0,-0.887611,0.269176,1.329745
aaaaajam_s001_t000,montage,bipolar18,naive,1,2.669230,0.908595,0.414497
aaaaajar_s001_t001,montage,bipolar18,naive,0,0.468627,0.564081,0.223803
aaaaajbb_s001_t000,montage,bipolar18,naive,0,4.550853,0.982705,0.443546
aaaaajbh_s002_t000,montage,bipolar18,naive,0,-1.675481,0.150745,0.784309
aaaaajce_s001_t000,montage,bipolar18,naive,0,0.114214,0.482352,0.400348
aaaaajci_s001_t000,montage,bipolar18,naive,0,-0.789100,0.287504,0.906631
aaaaajck_s001_t000,montage,bipolar18,naive,0,-1.818702,0.134533,0.128467
aaaaajct_s001_t000,montage,bipolar18,naive,0,2.711764,0.911815,3.636914
aaaaajcu_s001_t000,montage,bipolar18,naive,0,2.003819,0.842917,0.958192
aaaaajda_s001_t000,montage,bipolar18,naive,0,-1.865412,0.129573,0.527114
aaaaajdb_s001_t000,montage,bipolar18,naive,0,-0.366482,0.373792,2.239587
aaaaajdv_s001_t000,montage,bipolar18,naive,0,3.314644,0.947577,4.871180
aaaaajdy_s001_t000,montage,bipolar18,naive,0,-2.571958,0.071801,0.580170
aaaaajdz_s001_t000,montage,bipolar18,naive,0,-0.026646,0.449887,0.286059
aaaaajea_s001_t000,montage,bipolar18,naive,0,2.417024,0.887247,2.600443
aaaaajen_s001_t000,montage,bipolar18,naive,0,-0.903494,0.266291,0.703992
aaaaajey_s001_t000,montage,bipolar18,naive,0,0.611210,0.596246,0.642418
aaaaajfb_s001_t000,montage,bipolar18,naive,0,-1.794090,0.137210,1.698287
aaaaajfe_s001_t000,montage,bipolar18,naive,0,1.422606,0.757974,1.586928
aaaaajff_s001_t000,montage,bipolar18,naive,0,0.015903,0.459662,0.232119
aaaaajfi_s001_t001,montage,bipolar18,naive,0,0.115617,0.482677,0.280903
aaaaajfn_s001_t001,montage,bipolar18,naive,0,-1.401999,0.186125,1.226779
aaaaajfy_s001_t000,montage,bipolar18,naive,0,-1.966860,0.119337,0.461575
aaaaajga_s001_t001,montage,bipolar18,naive,0,4.244460,0.977158,0.338478
aaaaajhy_s001_t000,montage,bipolar18,naive,0,-1.677521,0.150504,1.665011
aaaaajit_s001_t001,montage,bipolar18,naive,0,-1.347155,0.193946,1.273321
aaaaajiu_s001_t000,montage,bipolar18,naive,0,3.372345,0.950170,4.833650
aaaaajiy_s001_t001,montage,bipolar18,naive,0,1.000766,0.679346,1.411607
aaaaajiz_s001_t000,montage,bipolar18,naive,0,0.030648,0.463057,1.487672
aaaaajjb_s001_t001,montage,bipolar18,naive,0,1.144792,0.707693,3.595806
aaaaajje_s001_t000,montage,bipolar18,naive,0,0.392052,0.546564,5.427952
aaaaajjk_s001_t000,montage,bipolar18,naive,0,-1.242529,0.209551,0.561568
aaaaajna_s001_t000,montage,bipolar18,naive,0,-0.410056,0.364391,2.547753
aaaaajnu_s001_t000,montage,bipolar18,naive,0,0.689488,0.613576,2.325627
aaaaajon_s001_t000,montage,bipolar18,naive,0,0.358025,0.538740,1.118687
aaaaajoo_s002_t001,montage,bipolar18,naive,1,0.192313,0.500435,1.768033
aaaaajpg_s001_t001,montage,bipolar18,naive,0,-0.343472,0.378795,0.793606
aaaaajqh_s004_t000,montage,bipolar18,naive,1,8.341631,0.999475,7.633840
aaaaajqk_s003_t001,montage,bipolar18,naive,1,5.311937,0.991380,0.955989
aaaaajrf_s001_t000,montage,bipolar18,naive,1,8.281191,0.999445,3.218146
aaaaajrf_s002_t000,montage,bipolar18,naive,1,9.866373,0.999872,6.501612
aaaaajrf_s003_t002,montage,bipolar18,naive,1,10.082202,0.999895,1.305042
aaaaajrf_s004_t000,montage,bipolar18,naive,1,3.313072,0.947505,0.764919
aaaaajso_s001_t000,montage,bipolar18,naive,1,7.826806,0.999155,5.624475
aaaaajtg_s001_t000,montage,bipolar18,naive,0,1.244109,0.726358,3.181103
aaaaajtu_s001_t000,montage,bipolar18,naive,0,2.020963,0.845009,1.948060
aaaaajuh_s001_t000,montage,bipolar18,naive,1,7.098495,0.998342,8.893583
aaaaajun_s001_t000,montage,bipolar18,naive,0,5.167711,0.990160,1.183499
aaaaajvh_s001_t001,montage,bipolar18,naive,0,1.484623,0.768357,1.009716
aaaaajxp_s001_t000,montage,bipolar18,naive,0,2.883416,0.923793,1.058069
aaaaakck_s001_t001,montage,bipolar18,naive,1,2.987750,0.930326,0.455449
aaaaakcx_s001_t001,montage,bipolar18,naive,1,8.115356,0.999353,2.393450
aaaaakcy_s005_t001,montage,bipolar18,naive,1,7.855889,0.999177,0.567988
aaaaakdj_s001_t000,montage,bipolar18,naive,1,2.366887,0.882516,0.384089
aaaaakdo_s001_t000,montage,bipolar18,naive,1,2.095655,0.853857,0.505345
aaaaakeq_s001_t000,montage,bipolar18,naive,1,3.585681,0.958738,0.972027
aaaaakeq_s002_t000,montage,bipolar18,naive,1,3.538393,0.956970,4.295325
aaaaakeq_s003_t000,montage,bipolar18,naive,1,4.696539,0.984856,1.618186
aaaaakev_s001_t001,montage,bipolar18,naive,1,8.262922,0.999436,3.435007
aaaaakev_s002_t000,montage,bipolar18,naive,1,8.150105,0.999373,4.483317
aaaaakft_s001_t000,montage,bipolar18,naive,0,-1.648481,0.153976,1.762520
aaaaakgp_s001_t001,montage,bipolar18,naive,0,2.265902,0.872463,1.268988
aaaaakgu_s001_t000,montage,bipolar18,naive,1,-0.036583,0.447610,0.844461
aaaaakjk_s002_t002,montage,bipolar18,naive,1,2.192959,0.864752,9.489765
aaaaakjk_s003_t000,montage,bipolar18,naive,1,2.679495,0.909381,0.484115
aaaaakka_s001_t001,montage,bipolar18,naive,0,1.963346,0.837888,2.802263
aaaaakmg_s003_t001,montage,bipolar18,naive,1,9.087408,0.999737,2.106122
aaaaakmh_s001_t000,montage,bipolar18,naive,1,2.718825,0.912340,4.595788
aaaaaknt_s001_t000,montage,bipolar18,naive,1,4.250875,0.977290,1.601549
aaaaakoo_s001_t001,montage,bipolar18,naive,1,7.624554,0.998981,1.944349
aaaaakqg_s001_t001,montage,bipolar18,naive,0,1.142311,0.707218,2.944256
aaaaakqr_s001_t000,montage,bipolar18,naive,0,-1.773467,0.139488,0.222840
aaaaakrt_s001_t001,montage,bipolar18,naive,1,6.176693,0.996113,0.545004
aaaaakrt_s002_t001,montage,bipolar18,naive,1,6.762505,0.997737,2.385091
aaaaaksb_s001_t000,montage,bipolar18,naive,0,-0.558367,0.333196,1.222378
aaaaaksu_s001_t001,montage,bipolar18,naive,0,1.400800,0.754248,0.454950
aaaaakxz_s001_t001,montage,bipolar18,naive,1,1.994231,0.841737,1.259142
aaaaakxz_s002_t001,montage,bipolar18,naive,1,2.522037,0.896620,1.352465
aaaaalaf_s001_t000,montage,bipolar18,naive,0,-0.018693,0.451712,1.126801
aaaaalau_s001_t000,montage,bipolar18,naive,1,5.402974,0.992072,1.276008
aaaaalbh_s001_t000,montage,bipolar18,naive,1,2.321968,0.878132,1.079860
aaaaalbt_s001_t001,montage,bipolar18,naive,0,0.247544,0.513224,0.348591
aaaaalbt_s002_t000,montage,bipolar18,naive,0,-0.682625,0.308127,0.840070
aaaaalbz_s006_t000,montage,bipolar18,naive,1,6.967063,0.998127,13.985040
aaaaalid_s001_t001,montage,bipolar18,naive,0,1.312668,0.738801,0.930591
aaaaaljf_s001_t000,montage,bipolar18,naive,1,6.583017,0.997329,2.826758
aaaaaljj_s001_t000,montage,bipolar18,naive,0,-1.254771,0.207678,0.593094
aaaaallc_s001_t001,montage,bipolar18,naive,0,1.398078,0.753780,0.323845
aaaaalle_s002_t000,montage,bipolar18,naive,1,4.380688,0.979812,3.497906
aaaaalox_s001_t001,montage,bipolar18,naive,0,5.358060,0.991738,1.908733
aaaaalpv_s001_t000,montage,bipolar18,naive,0,1.173215,0.713111,3.050340
aaaaalqa_s001_t000,montage,bipolar18,naive,0,1.608439,0.788144,0.706339
aaaaalqr_s001_t001,montage,bipolar18,naive,1,1.535657,0.776666,0.406030
aaaaalqs_s001_t001,montage,bipolar18,naive,0,-1.182015,0.218988,0.509501
aaaaalqx_s001_t000,montage,bipolar18,naive,0,-2.341660,0.087386,0.458688
aaaaalrc_s002_t000,montage,bipolar18,naive,1,12.809381,0.999992,0.181379
aaaaalsq_s001_t000,montage,bipolar18,naive,0,2.595759,0.902782,2.465947
aaaaalsx_s001_t000,montage,bipolar18,naive,1,1.379385,0.750552,1.129673
aaaaalsx_s004_t001,montage,bipolar18,naive,1,0.943102,0.667598,0.455982
aaaaaluz_s001_t001,montage,bipolar18,naive,0,-0.813061,0.282978,0.447024
aaaaalvw_s001_t000,montage,bipolar18,naive,0,-1.294112,0.201744,0.501676
aaaaalvz_s001_t000,montage,bipolar18,naive,1,9.044844,0.999726,1.750300
aaaaalxk_s001_t000,montage,bipolar18,naive,0,2.509284,0.895520,1.400246
aaaaalyr_s001_t000,montage,bipolar18,naive,1,1.407934,0.755471,0.599442
aaaaalzk_s002_t001,montage,bipolar18,naive,1,9.385607,0.999800,8.648908
aaaaamcb_s001_t001,montage,bipolar18,naive,1,8.870726,0.999679,2.540562
aaaaamfe_s001_t001,montage,bipolar18,naive,0,2.457433,0.890939,0.157594
aaaaamft_s001_t001,montage,bipolar18,naive,1,4.488079,0.981689,0.635323
aaaaamfu_s001_t000,montage,bipolar18,naive,0,0.594216,0.592449,0.350694
aaaaamhi_s001_t000,montage,bipolar18,naive,1,6.589056,0.997344,3.587983
aaaaamhk_s001_t000,montage,bipolar18,naive,1,6.080256,0.995751,1.285706
aaaaamjc_s001_t001,montage,bipolar18,naive,1,6.570543,0.997298,4.398579
aaaaammh_s001_t001,montage,bipolar18,naive,1,3.916308,0.969291,0.933423
aaaaamnq_s001_t000,montage,bipolar18,naive,1,7.823069,0.999152,4.420763
aaaaamnq_s002_t000,montage,bipolar18,naive,1,6.236718,0.996323,1.776700
aaaaamon_s001_t000,montage,bipolar18,naive,0,1.422310,0.757923,2.298627
aaaaampz_s001_t000,montage,bipolar18,naive,1,2.495319,0.894303,2.684010
aaaaamrj_s001_t000,montage,bipolar18,naive,0,2.456728,0.890875,0.682463
aaaaamsc_s001_t000,montage,bipolar18,naive,1,5.966322,0.995281,1.233034
aaaaamtb_s001_t000,montage,bipolar18,naive,0,3.261843,0.945093,1.087653
aaaaamuc_s001_t000,montage,bipolar18,naive,0,-0.266583,0.395697,0.532087
aaaaamxn_s001_t000,montage,bipolar18,naive,1,0.597691,0.593227,0.541907
aaaaamyb_s001_t001,montage,bipolar18,naive,0,1.499148,0.770744,2.126868
aaaaamye_s001_t000,montage,bipolar18,naive,1,9.396196,0.999802,2.189632
aaaaamzi_s001_t001,montage,bipolar18,naive,1,5.615952,0.993482,3.160501
aaaaamzl_s001_t000,montage,bipolar18,naive,0,-0.900159,0.266895,0.161354
aaaaamzx_s001_t000,montage,bipolar18,naive,0,-1.467973,0.177043,2.695594
aaaaanbq_s001_t000,montage,bipolar18,naive,0,0.243890,0.512379,1.586664
aaaaanek_s001_t000,montage,bipolar18,naive,0,-1.975350,0.118512,0.276125
aaaaangp_s001_t000,montage,bipolar18,naive,0,0.977332,0.674598,0.498135
aaaaanhb_s001_t003,montage,bipolar18,naive,1,2.052807,0.848833,2.240032
aaaaanhb_s003_t001,montage,bipolar18,naive,1,5.492935,0.992701,0.579807
aaaaanhb_s005_t000,montage,bipolar18,naive,1,7.244020,0.998551,2.734470
aaaaankf_s001_t000,montage,bipolar18,naive,1,5.591773,0.993336,1.088052
aaaaanlp_s001_t000,montage,bipolar18,naive,0,-0.020966,0.451190,0.410976
aaaaanmc_s001_t000,montage,bipolar18,naive,1,8.141707,0.999369,2.317858
aaaaanop_s001_t000,montage,bipolar18,naive,0,2.410524,0.886643,3.897467
aaaaanoz_s001_t000,montage,bipolar18,naive,1,1.901966,0.830014,3.773935
aaaaanpr_s001_t002,montage,bipolar18,naive,1,5.754728,0.994264,6.629565
aaaaanqe_s001_t000,montage,bipolar18,naive,0,-1.607076,0.159040,1.254238
aaaaanro_s001_t000,montage,bipolar18,naive,1,5.138104,0.989889,0.738180
aaaaansj_s001_t000,montage,bipolar18,naive,1,5.002661,0.988553,3.835259
aaaaanta_s001_t000,montage,bipolar18,naive,1,6.324976,0.996610,7.099839
aaaaanum_s001_t000,montage,bipolar18,naive,0,1.863081,0.824870,1.967732
aaaaanvb_s002_t000,montage,bipolar18,naive,0,-0.039171,0.447017,0.251756
aaaaanvg_s001_t002,montage,bipolar18,naive,0,3.592381,0.958983,1.212965
aaaaanvw_s001_t000,montage,bipolar18,naive,0,-0.144119,0.423124,0.669342
aaaaanwc_s001_t001,montage,bipolar18,naive,1,6.175096,0.996107,27.664581
aaaaanxl_s001_t000,montage,bipolar18,naive,1,5.668798,0.993792,9.716186
aaaaanyb_s001_t001,montage,bipolar18,naive,0,1.522334,0.774518,0.669768
aaaaanyt_s002_t000,montage,bipolar18,naive,1,6.030530,0.995552,3.702882
aaaaanyw_s001_t000,montage,bipolar18,naive,1,2.581086,0.901582,0.302122
aaaaanyw_s002_t000,montage,bipolar18,naive,1,3.672107,0.961792,0.929258
aaaaanzh_s001_t000,montage,bipolar18,naive,1,0.581096,0.589511,2.190142
aaaaanzu_s001_t003,montage,bipolar18,naive,1,3.370839,0.950104,3.374109
aaaaaoav_s001_t000,montage,bipolar18,naive,0,-0.607750,0.323110,0.185103
aaaaaoav_s002_t000,montage,bipolar18,naive,0,-0.526232,0.339844,0.182423
aaaaaobi_s001_t000,montage,bipolar18,naive,1,1.303452,0.737150,10.312029
aaaaaobl_s001_t000,montage,bipolar18,naive,0,0.727078,0.621800,1.806350
aaaaaoby_s001_t000,montage,bipolar18,naive,0,0.736969,0.623953,6.471956
aaaaaoda_s001_t000,montage,bipolar18,naive,1,8.635174,0.999600,8.339456
aaaaaoeg_s001_t000,montage,bipolar18,naive,0,3.000615,0.931094,0.369945
aaaaaofj_s001_t000,montage,bipolar18,naive,0,-1.578382,0.162628,0.268392
aaaaaofr_s001_t000,montage,bipolar18,naive,0,5.344960,0.991638,1.083757
aaaaaofz_s001_t000,montage,bipolar18,naive,0,1.039130,0.687039,1.233353
aaaaaohb_s001_t000,montage,bipolar18,naive,1,3.163367,0.940162,0.185067
aaaaaohr_s002_t001,montage,bipolar18,naive,1,7.171914,0.998451,0.356873
aaaaaoiq_s001_t000,montage,bipolar18,naive,1,3.428127,0.952561,0.526098
aaaaaoiv_s001_t000,montage,bipolar18,naive,1,3.257578,0.944888,0.539130
aaaaaoiv_s002_t001,montage,bipolar18,naive,1,9.397934,0.999803,1.202648
aaaaaoiv_s003_t003,montage,bipolar18,naive,1,8.290266,0.999450,0.144101
aaaaaojd_s001_t002,montage,bipolar18,naive,0,-0.242494,0.401046,1.428748
aaaaaokg_s001_t000,montage,bipolar18,naive,0,4.537006,0.982486,1.711486
aaaaaoly_s001_t000,montage,bipolar18,naive,0,0.106736,0.480623,8.681107
aaaaaome_s001_t000,montage,bipolar18,naive,0,0.702244,0.616375,0.798697
aaaaaomx_s001_t000,montage,bipolar18,naive,0,1.647890,0.794183,0.859163
aaaaaomy_s001_t000,montage,bipolar18,naive,1,4.862956,0.986992,6.503933
aaaaaonb_s001_t000,montage,bipolar18,naive,0,2.236797,0.869432,2.305932
aaaaaons_s002_t002,montage,bipolar18,naive,1,7.361880,0.998700,0.624317
aaaaaopd_s001_t000,montage,bipolar18,naive,0,0.559705,0.584707,1.841370
aaaaaopo_s001_t000,montage,bipolar18,naive,0,-0.461475,0.353431,0.107089
aaaaaora_s002_t000,montage,bipolar18,naive,1,3.235157,0.943796,0.364876
aaaaaord_s001_t000,montage,bipolar18,naive,1,3.680583,0.962080,0.879758
aaaaaosh_s001_t000,montage,bipolar18,naive,1,3.186409,0.941352,0.798794
aaaaaosw_s001_t000,montage,bipolar18,naive,0,1.134502,0.705717,1.456301
aaaaaote_s001_t000,montage,bipolar18,naive,0,0.441818,0.557964,2.299362
aaaaaout_s001_t000,montage,bipolar18,naive,1,5.176450,0.990239,2.344637
aaaaaovl_s001_t000,montage,bipolar18,naive,1,4.179884,0.975784,0.095303
aaaaaovo_s001_t000,montage,bipolar18,naive,1,7.708535,0.999057,0.867567
aaaaaowb_s001_t000,montage,bipolar18,naive,0,0.701844,0.616287,1.548700
aaaaaoxf_s001_t000,montage,bipolar18,naive,0,-0.948976,0.258139,0.727704
aaaaaozf_s001_t001,montage,bipolar18,naive,0,0.664083,0.607981,1.716137
aaaaapag_s001_t000,montage,bipolar18,naive,0,-0.782488,0.288761,2.968328
aaaaapar_s001_t000,montage,bipolar18,naive,1,13.015528,0.999993,0.388087
aaaaapcb_s001_t000,montage,bipolar18,naive,0,1.590719,0.785390,0.118142
aaaaapcy_s001_t002,montage,bipolar18,naive,0,-0.510064,0.343212,1.673956
aaaaapdg_s001_t000,montage,bipolar18,naive,0,0.074776,0.473236,0.337010
aaaaaphs_s001_t000,montage,bipolar18,naive,1,4.469838,0.981382,3.312514
aaaaaphw_s001_t000,montage,bipolar18,naive,0,3.613537,0.959747,1.645183
aaaaapij_s001_t000,montage,bipolar18,naive,0,0.954433,0.669924,0.299380
aaaaapjc_s001_t001,montage,bipolar18,naive,0,-3.536719,0.030674,0.299348
aaaaapka_s001_t000,montage,bipolar18,naive,0,0.047875,0.467027,0.167937
aaaaapkx_s001_t001,montage,bipolar18,naive,1,-0.832435,0.279350,1.468361
aaaaaply_s001_t001,montage,bipolar18,naive,1,4.855828,0.986907,5.704747
aaaaapmb_s002_t001,montage,bipolar18,naive,1,6.677268,0.997552,1.013656
aaaaapmp_s001_t000,montage,bipolar18,naive,1,-0.133315,0.425569,1.984318
aaaaapnr_s001_t000,montage,bipolar18,naive,1,-1.124375,0.228259,1.566265
aaaaapoc_s001_t000,montage,bipolar18,naive,1,6.098777,0.995823,6.680157
aaaaapof_s001_t000,montage,bipolar18,naive,0,-2.577502,0.071459,0.289454
aaaaapoo_s001_t000,montage,bipolar18,naive,0,-2.023101,0.113968,1.132569
aaaaapoq_s001_t000,montage,bipolar18,naive,0,2.409951,0.886590,3.329306
aaaaappb_s001_t000,montage,bipolar18,naive,0,0.976395,0.674408,3.802873
aaaaapqd_s001_t000,montage,bipolar18,naive,1,0.769441,0.630985,2.243055
aaaaapqv_s001_t000,montage,bipolar18,naive,0,-1.976681,0.118384,3.549002
aaaaapta_s001_t000,montage,bipolar18,naive,1,6.940240,0.998080,2.842288
aaaaapth_s001_t000,montage,bipolar18,naive,1,1.208244,0.719704,5.097764
aaaaapua_s001_t001,montage,bipolar18,naive,0,-1.409598,0.185061,0.101398
aaaaapuu_s001_t000,montage,bipolar18,naive,0,-1.313446,0.198875,1.522110
aaaaapvw_s001_t001,montage,bipolar18,naive,1,6.532997,0.997203,3.052832
aaaaapvy_s001_t000,montage,bipolar18,naive,1,3.495354,0.955298,5.665736
aaaaapwn_s001_t001,montage,bipolar18,naive,0,-0.205793,0.409241,1.254009
aaaaapwo_s001_t001,montage,bipolar18,naive,1,10.405666,0.999922,1.083797
aaaaapxm_s001_t001,montage,bipolar18,naive,0,-0.345717,0.378306,0.096105
aaaaapys_s001_t001,montage,bipolar18,naive,1,12.192827,0.999985,0.190121
aaaaapys_s002_t001,montage,bipolar18,naive,1,9.340994,0.999792,5.446433
aaaaaayx_s002_t000,montage,full19,canonicalized,0,-0.022554,0.450826,1.652800
aaaaabdo_s003_t000,montage,full19,canonicalized,1,7.926970,0.999230,1.869571
aaaaabsk_s007_t000,montage,full19,canonicalized,1,1.572000,0.782452,1.103525
aaaaabuv_s002_t000,montage,full19,canonicalized,1,2.921728,0.926255,1.343185
aaaaacad_s003_t000,montage,full19,canonicalized,0,0.364790,0.540297,0.544353
aaaaacby_s004_t000,montage,full19,canonicalized,0,-0.231377,0.403523,0.264911
aaaaaddm_s006_t000,montage,full19,canonicalized,1,3.462128,0.953964,4.678437
aaaaadeu_s002_t000,montage,full19,canonicalized,1,2.696893,0.910701,1.185424
aaaaadjk_s002_t000,montage,full19,canonicalized,0,-2.343582,0.087244,0.319146
aaaaadkb_s002_t000,montage,full19,canonicalized,1,6.977986,0.998146,6.767433
aaaaadsm_s002_t001,montage,full19,canonicalized,0,-2.154504,0.102240,0.951861
aaaaaeab_s003_t000,montage,full19,canonicalized,0,-0.487356,0.347971,0.443799
aaaaaejc_s003_t001,montage,full19,canonicalized,0,2.912425,0.925664,0.829726
aaaaaezn_s003_t001,montage,full19,canonicalized,1,1.065983,0.692363,6.667205
aaaaafhl_s003_t000,montage,full19,canonicalized,1,2.953397,0.928234,0.265944
aaaaagfk_s003_t000,montage,full19,canonicalized,0,-1.155759,0.223177,1.235375
aaaaagsc_s003_t001,montage,full19,canonicalized,1,4.641177,0.984072,5.928843
aaaaagsc_s006_t001,montage,full19,canonicalized,1,1.088106,0.696712,1.341046
aaaaaguk_s002_t001,montage,full19,canonicalized,0,-3.795074,0.024303,0.390571
aaaaagvx_s002_t000,montage,full19,canonicalized,1,0.562857,0.585416,0.775320
aaaaagvx_s003_t001,montage,full19,canonicalized,1,1.906075,0.830550,0.693810
aaaaagyr_s002_t000,montage,full19,canonicalized,1,-0.564502,0.331935,0.705318
aaaaahie_s005_t001,montage,full19,canonicalized,1,7.723832,0.999070,1.990954
aaaaahsv_s002_t000,montage,full19,canonicalized,0,-0.675144,0.309607,2.527478
aaaaahte_s002_t000,montage,full19,canonicalized,1,8.945913,0.999700,3.685500
aaaaahte_s003_t000,montage,full19,canonicalized,1,9.469057,0.999815,0.419798
aaaaahuy_s002_t000,montage,full19,canonicalized,1,-1.476531,0.175891,0.059438
aaaaahzi_s001_t000,montage,full19,canonicalized,0,-0.860523,0.274142,0.709215
aaaaahzm_s001_t001,montage,full19,canonicalized,0,-1.094328,0.233200,1.348710
aaaaahzq_s001_t000,montage,full19,canonicalized,0,-3.628360,0.028247,0.060906
aaaaahzs_s001_t001,montage,full19,canonicalized,0,-1.053145,0.240092,1.692696
aaaaaiae_s001_t000,montage,full19,canonicalized,0,0.877159,0.653905,1.808168
aaaaaibx_s001_t000,montage,full19,canonicalized,0,0.154223,0.491613,0.225827
aaaaaiby_s001_t000,montage,full19,canonicalized,0,-1.221003,0.212873,1.148603
aaaaaici_s001_t000,montage,full19,canonicalized,0,-2.137281,0.103714,4.614426
aaaaaicn_s001_t000,montage,full19,canonicalized,0,0.737780,0.624129,2.042876
aaaaaijh_s002_t000,montage,full19,canonicalized,1,-2.881360,0.054888,0.414732
aaaaaijn_s001_t001,montage,full19,canonicalized,0,-0.254196,0.398445,0.626858
aaaaairb_s001_t001,montage,full19,canonicalized,0,-0.382943,0.370229,0.813401
aaaaairo_s001_t000,montage,full19,canonicalized,0,-2.655239,0.066825,1.296635
aaaaaitt_s001_t000,montage,full19,canonicalized,0,-3.335795,0.036719,3.772701
aaaaaiue_s004_t000,montage,full19,canonicalized,1,0.265033,0.517272,3.827692
aaaaaiuo_s002_t000,montage,full19,canonicalized,0,3.017104,0.932068,0.823270
aaaaaiwz_s001_t001,montage,full19,canonicalized,0,-1.711521,0.146520,0.824778
aaaaaiyy_s001_t001,montage,full19,canonicalized,0,-3.160882,0.042902,0.224463
aaaaaizd_s001_t001,montage,full19,canonicalized,0,-0.038547,0.447160,2.591040
aaaaaizs_s001_t000,montage,full19,canonicalized,0,1.177731,0.713966,1.102915
aaaaajae_s001_t001,montage,full19,canonicalized,0,5.349483,0.991673,3.849591
aaaaajah_s002_t001,montage,full19,canonicalized,1,0.545773,0.581569,1.083018
aaaaajah_s004_t000,montage,full19,canonicalized,1,-0.851958,0.275724,2.539179
aaaaajal_s001_t001,montage,full19,canonicalized,0,-3.200549,0.041418,0.336014
aaaaajam_s001_t000,montage,full19,canonicalized,1,-0.935311,0.260571,0.334218
aaaaajar_s001_t001,montage,full19,canonicalized,0,-0.837634,0.278382,0.134036
aaaaajbb_s001_t000,montage,full19,canonicalized,0,1.958593,0.837289,0.569023
aaaaajbh_s002_t000,montage,full19,canonicalized,0,-4.378036,0.014306,0.262662
aaaaajce_s001_t000,montage,full19,canonicalized,0,-0.978229,0.252983,0.158936
aaaaajci_s001_t000,montage,full19,canonicalized,0,-3.058376,0.046976,1.473388
aaaaajck_s001_t000,montage,full19,canonicalized,0,-3.919496,0.021714,0.051433
aaaaajct_s001_t000,montage,full19,canonicalized,0,1.575402,0.782988,3.659361
aaaaajcu_s001_t000,montage,full19,canonicalized,0,0.721322,0.620545,0.696827
aaaaajda_s001_t000,montage,full19,canonicalized,0,-3.757337,0.025146,0.458023
aaaaajdb_s001_t000,montage,full19,canonicalized,0,-1.574822,0.163078,3.451235
aaaaajdv_s001_t000,montage,full19,canonicalized,0,2.786038,0.917194,5.046248
aaaaajdy_s001_t000,montage,full19,canonicalized,0,-2.641004,0.067653,0.914217
aaaaajdz_s001_t000,montage,full19,canonicalized,0,-1.417641,0.183940,0.408753
aaaaajea_s001_t000,montage,full19,canonicalized,0,2.400239,0.885682,2.927727
aaaaajen_s001_t000,montage,full19,canonicalized,0,-1.951801,0.120811,1.794978
aaaaajey_s001_t000,montage,full19,canonicalized,0,-0.493557,0.346668,0.469443
aaaaajfb_s001_t000,montage,full19,canonicalized,0,-3.418477,0.034104,1.822105
aaaaajfe_s001_t000,montage,full19,canonicalized,0,-1.578438,0.162621,0.407285
aaaaajff_s001_t000,montage,full19,canonicalized,0,-3.734810,0.025662,0.621854
aaaaajfi_s001_t001,montage,full19,canonicalized,0,-1.184872,0.218536,0.248563
aaaaajfn_s001_t001,montage,full19,canonicalized,0,-2.656633,0.066745,1.145278
aaaaajfy_s001_t000,montage,full19,canonicalized,0,-4.200339,0.016823,0.195867
aaaaajga_s001_t001,montage,full19,canonicalized,0,0.582520,0.589830,5.425110
aaaaajhy_s001_t000,montage,full19,canonicalized,0,-2.985537,0.050091,3.473307
aaaaajit_s001_t001,montage,full19,canonicalized,0,-3.364139,0.035802,0.587679
aaaaajiu_s001_t000,montage,full19,canonicalized,0,1.694138,0.801099,5.765084
aaaaajiy_s001_t001,montage,full19,canonicalized,0,-0.448515,0.356179,1.425773
aaaaajiz_s001_t000,montage,full19,canonicalized,0,-1.251130,0.208234,1.062396
aaaaajjb_s001_t001,montage,full19,canonicalized,0,1.957567,0.837159,4.562608
aaaaajje_s001_t000,montage,full19,canonicalized,0,-2.063683,0.110226,5.481170
aaaaajjk_s001_t000,montage,full19,canonicalized,0,-2.311266,0.089658,0.341236
aaaaajna_s001_t000,montage,full19,canonicalized,0,-1.450173,0.179459,1.833338
aaaaajnu_s001_t000,montage,full19,canonicalized,0,-2.565613,0.072194,4.514059
aaaaajon_s001_t000,montage,full19,canonicalized,0,-0.856419,0.274899,0.341431
aaaaajoo_s002_t001,montage,full19,canonicalized,1,-0.030309,0.449048,2.520011
aaaaajpg_s001_t001,montage,full19,canonicalized,0,-2.260635,0.093561,0.541869
aaaaajqh_s004_t000,montage,full19,canonicalized,1,9.002352,0.999715,5.989583
aaaaajqk_s003_t001,montage,full19,canonicalized,1,4.988813,0.988407,0.783429
aaaaajrf_s001_t000,montage,full19,canonicalized,1,6.850991,0.997915,2.093751
aaaaajrf_s002_t000,montage,full19,canonicalized,1,11.602089,0.999974,5.125755
aaaaajrf_s003_t002,montage,full19,canonicalized,1,10.360484,0.999919,2.075467
aaaaajrf_s004_t000,montage,full19,canonicalized,1,3.125529,0.938159,0.375704
aaaaajso_s001_t000,montage,full19,canonicalized,1,8.767158,0.999646,5.771150
aaaaajtg_s001_t000,montage,full19,canonicalized,0,-0.183729,0.414192,2.740711
aaaaajtu_s001_t000,montage,full19,canonicalized,0,-0.273634,0.394136,1.720723
aaaaajuh_s001_t000,montage,full19,canonicalized,1,7.605799,0.998963,4.506998
aaaaajun_s001_t000,montage,full19,canonicalized,0,4.565491,0.982934,1.298545
aaaaajvh_s001_t001,montage,full19,canonicalized,0,-2.210674,0.097561,0.373441
aaaaajxp_s001_t000,montage,full19,canonicalized,0,0.774751,0.632130,1.546636
aaaaakck_s001_t001,montage,full19,canonicalized,1,1.799165,0.816151,0.109180
aaaaakcx_s001_t001,montage,full19,canonicalized,1,9.800092,0.999864,1.631602
aaaaakcy_s005_t001,montage,full19,canonicalized,1,8.816933,0.999662,0.443684
aaaaakdj_s001_t000,montage,full19,canonicalized,1,0.485921,0.568017,0.717272
aaaaakdo_s001_t000,montage,full19,canonicalized,1,0.469897,0.564371,2.702775
aaaaakeq_s001_t000,montage,full19,canonicalized,1,1.959801,0.837441,1.081401
aaaaakeq_s002_t000,montage,full19,canonicalized,1,2.324878,0.878420,5.149065
aaaaakeq_s003_t000,montage,full19,canonicalized,1,3.926552,0.969572,2.351763
aaaaakev_s001_t001,montage,full19,canonicalized,1,9.227114,0.999769,4.698120
aaaaakev_s002_t000,montage,full19,canonicalized,1,8.999028,0.999715,5.370451
aaaaakft_s001_t000,montage,full19,canonicalized,0,-2.848992,0.056465,0.995986
aaaaakgp_s001_t001,montage,full19,canonicalized,0,0.777216,0.632661,1.786987
aaaaakgu_s001_t000,montage,full19,canonicalized,1,-1.845834,0.131633,0.209388
aaaaakjk_s002_t002,montage,full19,canonicalized,1,2.196769,0.865164,7.672108
aaaaakjk_s003_t000,montage,full19,canonicalized,1,2.433522,0.888767,0.640946
aaaaakka_s001_t001,montage,full19,canonicalized,0,-1.147659,0.224481,1.129812
aaaaakmg_s003_t001,montage,full19,canonicalized,1,8.235785,0.999421,1.173804
aaaaakmh_s001_t000,montage,full19,canonicalized,1,1.327351,0.741417,4.195727
aaaaaknt_s001_t000,montage,full19,canonicalized,1,3.683660,0.962184,0.713802
aaaaakoo_s001_t001,montage,full19,canonicalized,1,8.799171,0.999656,0.767317
aaaaakqg_s001_t001,montage,full19,canonicalized,0,-1.243130,0.209458,1.262333
aaaaakqr_s001_t000,montage,full19,canonicalized,0,-2.839344,0.056943,0.329007
aaaaakrt_s001_t001,montage,full19,canonicalized,1,6.962137,0.998119,0.394993
aaaaakrt_s002_t001,montage,full19,canonicalized,1,7.542199,0.998900,0.516150
aaaaaksb_s001_t000,montage,full19,canonicalized,0,-2.306133,0.090047,0.293243
aaaaaksu_s001_t001,montage,full19,canonicalized,0,0.890360,0.656667,0.554019
aaaaakxz_s001_t001,montage,full19,canonicalized,1,4.139227,0.974877,1.020011
aaaaakxz_s002_t001,montage,full19,canonicalized,1,4.494084,0.981788,0.343841
aaaaalaf_s001_t000,montage,full19,canonicalized,0,-2.249810,0.094415,0.541912
aaaaalau_s001_t000,montage,full19,canonicalized,1,5.512606,0.992832,4.992144
aaaaalbh_s001_t000,montage,full19,canonicalized,1,2.349873,0.880872,2.229428
aaaaalbt_s001_t001,montage,full19,canonicalized,0,-0.672315,0.310168,0.461908
aaaaalbt_s002_t000,montage,full19,canonicalized,0,-0.866219,0.273093,0.815229
aaaaalbz_s006_t000,montage,full19,canonicalized,1,7.629519,0.998985,17.657812
aaaaalid_s001_t001,montage,full19,canonicalized,0,1.448144,0.762288,0.801954
aaaaaljf_s001_t000,montage,full19,canonicalized,1,5.420403,0.992198,1.764884
aaaaaljj_s001_t000,montage,full19,canonicalized,0,-2.679672,0.065428,0.898377
aaaaallc_s001_t001,montage,full19,canonicalized,0,0.132168,0.486507,0.618265
aaaaalle_s002_t000,montage,full19,canonicalized,1,1.192431,0.716739,1.480795
aaaaalox_s001_t001,montage,full19,canonicalized,0,4.683436,0.984674,2.384210
aaaaalpv_s001_t000,montage,full19,canonicalized,0,-0.026437,0.449935,2.740002
aaaaalqa_s001_t000,montage,full19,canonicalized,0,-0.546093,0.335728,0.833122
aaaaalqr_s001_t001,montage,full19,canonicalized,1,0.830847,0.644131,0.376276
aaaaalqs_s001_t001,montage,full19,canonicalized,0,-2.135240,0.103890,0.469845
aaaaalqx_s001_t000,montage,full19,canonicalized,0,-3.573323,0.029681,0.251280
aaaaalrc_s002_t000,montage,full19,canonicalized,1,12.817328,0.999992,0.106460
aaaaalsq_s001_t000,montage,full19,canonicalized,0,0.994438,0.678068,0.669368
aaaaalsx_s001_t000,montage,full19,canonicalized,1,0.231382,0.509483,1.230081
aaaaalsx_s004_t001,montage,full19,canonicalized,1,0.702473,0.616425,0.189300
aaaaaluz_s001_t001,montage,full19,canonicalized,0,-3.496494,0.031801,0.256540
aaaaalvw_s001_t000,montage,full19,canonicalized,0,-3.630843,0.028184,0.512881
aaaaalvz_s001_t000,montage,full19,canonicalized,1,9.590626,0.999835,1.822764
aaaaalxk_s001_t000,montage,full19,canonicalized,0,-0.018037,0.451862,0.556704
aaaaalyr_s001_t000,montage,full19,canonicalized,1,1.687088,0.800056,0.566342
aaaaalzk_s002_t001,montage,full19,canonicalized,1,9.931049,0.999880,3.710876
aaaaamcb_s001_t001,montage,full19,canonicalized,1,8.348974,0.999479,2.637121
aaaaamfe_s001_t001,montage,full19,canonicalized,0,0.204914,0.503354,0.102789
aaaaamft_s001_t001,montage,full19,canonicalized,1,1.486991,0.768748,0.220940
aaaaamfu_s001_t000,montage,full19,canonicalized,0,-2.037087,0.112666,0.133188
aaaaamhi_s001_t000,montage,full19,canonicalized,1,5.423843,0.992223,6.743644
aaaaamhk_s001_t000,montage,full19,canonicalized,1,5.356024,0.991722,0.537674
aaaaamjc_s001_t001,montage,full19,canonicalized,1,8.611883,0.999591,0.592790
aaaaammh_s001_t001,montage,full19,canonicalized,1,2.918511,0.926051,0.377693
aaaaamnq_s001_t000,montage,full19,canonicalized,1,7.659806,0.999013,3.155356
aaaaamnq_s002_t000,montage,full19,canonicalized,1,5.671903,0.993810,0.417244
aaaaamon_s001_t000,montage,full19,canonicalized,0,-0.163585,0.418728,2.901719
aaaaampz_s001_t000,montage,full19,canonicalized,1,1.237694,0.725176,3.267190
aaaaamrj_s001_t000,montage,full19,canonicalized,0,1.704260,0.802589,0.557868
aaaaamsc_s001_t000,montage,full19,canonicalized,1,6.416794,0.996886,0.207716
aaaaamtb_s001_t000,montage,full19,canonicalized,0,2.961625,0.928740,0.823095
aaaaamuc_s001_t000,montage,full19,canonicalized,0,-1.972526,0.118786,0.172072
aaaaamxn_s001_t000,montage,full19,canonicalized,1,0.281163,0.521002,0.580952
aaaaamyb_s001_t001,montage,full19,canonicalized,0,0.002141,0.456497,1.345558
aaaaamye_s001_t000,montage,full19,canonicalized,1,10.404281,0.999922,0.826751
aaaaamzi_s001_t001,montage,full19,canonicalized,1,6.343047,0.996666,1.104032
aaaaamzl_s001_t000,montage,full19,canonicalized,0,-2.155313,0.102171,0.579614
aaaaamzx_s001_t000,montage,full19,canonicalized,0,-2.699714,0.064301,2.267225
aaaaanbq_s001_t000,montage,full19,canonicalized,0,-1.091176,0.233723,0.289263
aaaaanek_s001_t000,montage,full19,canonicalized,0,-2.809486,0.058447,0.111515
aaaaangp_s001_t000,montage,full19,canonicalized,0,0.129032,0.485781,0.531621
aaaaanhb_s001_t003,montage,full19,canonicalized,1,2.881387,0.923661,1.575269
aaaaanhb_s003_t001,montage,full19,canonicalized,1,5.259569,0.990956,0.579852
aaaaanhb_s005_t000,montage,full19,canonicalized,1,9.094950,0.999739,0.832848
aaaaankf_s001_t000,montage,full19,canonicalized,1,4.493314,0.981776,2.131465
aaaaanlp_s001_t000,montage,full19,canonicalized,0,-1.272280,0.205021,0.276767
aaaaanmc_s001_t000,montage,full19,canonicalized,1,8.585052,0.999581,3.350047
aaaaanop_s001_t000,montage,full19,canonicalized,0,1.149191,0.708536,2.558986
aaaaanoz_s001_t000,montage,full19,canonicalized,1,0.321017,0.530209,0.651194
aaaaanpr_s001_t002,montage,full19,canonicalized,1,5.412543,0.992141,7.235799
aaaaanqe_s001_t000,montage,full19,canonicalized,0,-2.932075,0.052501,0.636279
aaaaanro_s001_t000,montage,full19,canonicalized,1,3.455228,0.953683,1.694504
aaaaansj_s001_t000,montage,full19,canonicalized,1,5.344670,0.991636,3.521293
aaaaanta_s001_t000,montage,full19,canonicalized,1,6.246306,0.996355,8.311026
aaaaanum_s001_t000,montage,full19,canonicalized,0,-0.037411,0.447420,1.307668
aaaaanvb_s002_t000,montage,full19,canonicalized,0,-1.344901,0.194272,0.187400
aaaaanvg_s001_t002,montage,full19,canonicalized,0,2.471051,0.892159,1.063397
aaaaanvw_s001_t000,montage,full19,canonicalized,0,-2.888341,0.054553,0.777490
aaaaanwc_s001_t001,montage,full19,canonicalized,1,6.941011,0.998082,15.114196
aaaaanxl_s001_t000,montage,full19,canonicalized,1,6.484978,0.997076,12.812692
aaaaanyb_s001_t001,montage,full19,canonicalized,0,1.117489,0.702433,0.844835
aaaaanyt_s002_t000,montage,full19,canonicalized,1,6.009018,0.995463,2.511156
aaaaanyw_s001_t000,montage,full19,canonicalized,1,2.588426,0.902184,0.186786
aaaaanyw_s002_t000,montage,full19,canonicalized,1,4.315338,0.978579,1.656269
aaaaanzh_s001_t000,montage,full19,canonicalized,1,-0.695445,0.305601,3.082682
aaaaanzu_s001_t003,montage,full19,canonicalized,1,2.108388,0.855323,3.455170
aaaaaoav_s001_t000,montage,full19,canonicalized,0,-2.813856,0.058224,0.293902
aaaaaoav_s002_t000,montage,full19,canonicalized,0,-1.600250,0.159888,0.449937
aaaaaobi_s001_t000,montage,full19,canonicalized,1,-0.498128,0.345710,10.684360
aaaaaobl_s001_t000,montage,full19,canonicalized,0,-0.260180,0.397117,2.019586
aaaaaoby_s001_t000,montage,full19,canonicalized,0,-0.061294,0.441956,4.833374
aaaaaoda_s001_t000,montage,full19,canonicalized,1,8.218967,0.999412,8.702627
aaaaaoeg_s001_t000,montage,full19,canonicalized,0,1.660030,0.796015,0.786430
aaaaaofj_s001_t000,montage,full19,canonicalized,0,-2.474169,0.078078,0.439454
aaaaaofr_s001_t000,montage,full19,canonicalized,0,3.140482,0.938958,1.407310
aaaaaofz_s001_t000,montage,full19,canonicalized,0,0.151136,0.490898,0.989103
aaaaaohb_s001_t000,montage,full19,canonicalized,1,2.647558,0.906913,0.360260
aaaaaohr_s002_t001,montage,full19,canonicalized,1,6.380638,0.996780,0.444400
aaaaaoiq_s001_t000,montage,full19,canonicalized,1,2.112383,0.855781,0.354389
aaaaaoiv_s001_t000,montage,full19,canonicalized,1,0.839063,0.645874,0.116959
aaaaaoiv_s002_t001,montage,full19,canonicalized,1,9.136087,0.999749,1.192082
aaaaaoiv_s003_t003,montage,full19,canonicalized,1,6.769082,0.997751,0.069594
aaaaaojd_s001_t002,montage,full19,canonicalized,0,0.267063,0.517741,2.108229
aaaaaokg_s001_t000,montage,full19,canonicalized,0,4.595971,0.983402,3.046425
aaaaaoly_s001_t000,montage,full19,canonicalized,0,-0.776629,0.289877,6.702924
aaaaaome_s001_t000,montage,full19,canonicalized,0,-1.087302,0.234366,2.231485
aaaaaomx_s001_t000,montage,full19,canonicalized,0,-0.131588,0.425960,0.776193
aaaaaomy_s001_t000,montage,full19,canonicalized,1,4.442165,0.980908,5.576884
aaaaaonb_s001_t000,montage,full19,canonicalized,0,1.089848,0.697053,2.026449
aaaaaons_s002_t002,montage,full19,canonicalized,1,7.404539,0.998751,0.387846
aaaaaopd_s001_t000,montage,full19,canonicalized,0,-0.578515,0.329062,2.407168
aaaaaopo_s001_t000,montage,full19,canonicalized,0,-1.938427,0.122133,0.108137
aaaaaora_s002_t000,montage,full19,canonicalized,1,2.270925,0.872980,0.543607
aaaaaord_s001_t000,montage,full19,canonicalized,1,2.105458,0.854987,0.541965
aaaaaosh_s001_t000,montage,full19,canonicalized,1,1.495371,0.770125,1.336208
aaaaaosw_s001_t000,montage,full19,canonicalized,0,1.330159,0.741916,4.002450
aaaaaote_s001_t000,montage,full19,canonicalized,0,-1.072176,0.236890,0.979363
aaaaaout_s001_t000,montage,full19,canonicalized,1,2.826006,0.919963,2.511462
aaaaaovl_s001_t000,montage,full19,canonicalized,1,4.270993,0.977700,0.104068
aaaaaovo_s001_t000,montage,full19,canonicalized,1,8.510006,0.999551,0.175311
aaaaaowb_s001_t000,montage,full19,canonicalized,0,0.218996,0.506615,0.998004
aaaaaoxf_s001_t000,montage,full19,canonicalized,0,-1.473390,0.176313,0.606409
aaaaaozf_s001_t001,montage,full19,canonicalized,0,-0.263847,0.396303,1.554760
aaaaapag_s001_t000,montage,full19,canonicalized,0,-2.310204,0.089738,2.336686
aaaaapar_s001_t000,montage,full19,canonicalized,1,12.150313,0.999985,0.287349
aaaaapcb_s001_t000,montage,full19,canonicalized,0,3.171392,0.940579,0.209626
aaaaapcy_s001_t002,montage,full19,canonicalized,0,-3.066951,0.046621,0.353745
aaaaapdg_s001_t000,montage,full19,canonicalized,0,-1.167970,0.221222,0.095475
aaaaaphs_s001_t000,montage,full19,canonicalized,1,3.319694,0.947809,3.761623
aaaaaphw_s001_t000,montage,full19,canonicalized,0,1.795957,0.815704,0.632847
aaaaapij_s001_t000,montage,full19,canonicalized,0,0.370371,0.541581,1.115162
aaaaapjc_s001_t001,montage,full19,canonicalized,0,-4.549000,0.012236,0.228823
aaaaapka_s001_t000,montage,full19,canonicalized,0,-1.019442,0.245835,0.449441
aaaaapkx_s001_t001,montage,full19,canonicalized,1,-1.870067,0.129088,3.334018
aaaaaply_s001_t001,montage,full19,canonicalized,1,3.828553,0.966776,3.421063
aaaaapmb_s002_t001,montage,full19,canonicalized,1,6.932059,0.998066,0.861444
aaaaapmp_s001_t000,montage,full19,canonicalized,1,-0.544311,0.336096,1.899450
aaaaapnr_s001_t000,montage,full19,canonicalized,1,-1.759301,0.141071,1.991794
aaaaapoc_s001_t000,montage,full19,canonicalized,1,4.954304,0.988035,5.377734
aaaaapof_s001_t000,montage,full19,canonicalized,0,-3.427652,0.033825,0.161465
aaaaapoo_s001_t000,montage,full19,canonicalized,0,-3.067820,0.046585,1.558462
aaaaapoq_s001_t000,montage,full19,canonicalized,0,1.177905,0.713999,2.101599
aaaaappb_s001_t000,montage,full19,canonicalized,0,0.311460,0.528003,3.466488
aaaaapqd_s001_t000,montage,full19,canonicalized,1,1.284848,0.733796,3.047111
aaaaapqv_s001_t000,montage,full19,canonicalized,0,-3.156170,0.043082,2.169340
aaaaapta_s001_t000,montage,full19,canonicalized,1,6.243790,0.996347,1.599038
aaaaapth_s001_t000,montage,full19,canonicalized,1,2.745472,0.914294,6.330779
aaaaapua_s001_t001,montage,full19,canonicalized,0,-3.692362,0.026664,0.443427
aaaaapuu_s001_t000,montage,full19,canonicalized,0,-2.095899,0.107333,1.807532
aaaaapvw_s001_t001,montage,full19,canonicalized,1,5.376163,0.991874,3.253197
aaaaapvy_s001_t000,montage,full19,canonicalized,1,4.152763,0.975183,9.192408
aaaaapwn_s001_t001,montage,full19,canonicalized,0,-1.264943,0.206132,1.691417
aaaaapwo_s001_t001,montage,full19,canonicalized,1,8.856062,0.999674,0.652752
aaaaapxm_s001_t001,montage,full19,canonicalized,0,-1.801472,0.136403,0.509571
aaaaapys_s001_t001,montage,full19,canonicalized,1,12.608388,0.999990,0.183696
aaaaapys_s002_t001,montage,full19,canonicalized,1,9.332268,0.999790,5.928584
aaaaaayx_s002_t000,montage,full19,naive,0,-0.022554,0.450826,1.652800
aaaaabdo_s003_t000,montage,full19,naive,1,7.926970,0.999230,1.869571
aaaaabsk_s007_t000,montage,full19,naive,1,1.572000,0.782452,1.103525
aaaaabuv_s002_t000,montage,full19,naive,1,2.921728,0.926255,1.343185
aaaaacad_s003_t000,montage,full19,naive,0,0.364790,0.540297,0.544353
aaaaacby_s004_t000,montage,full19,naive,0,-0.231377,0.403523,0.264911
aaaaaddm_s006_t000,montage,full19,naive,1,3.462128,0.953964,4.678437
aaaaadeu_s002_t000,montage,full19,naive,1,2.696893,0.910701,1.185424
aaaaadjk_s002_t000,montage,full19,naive,0,-2.343582,0.087244,0.319146
aaaaadkb_s002_t000,montage,full19,naive,1,6.977986,0.998146,6.767433
aaaaadsm_s002_t001,montage,full19,naive,0,-2.154504,0.102240,0.951861
aaaaaeab_s003_t000,montage,full19,naive,0,-0.487356,0.347971,0.443799
aaaaaejc_s003_t001,montage,full19,naive,0,2.912425,0.925664,0.829726
aaaaaezn_s003_t001,montage,full19,naive,1,1.065983,0.692363,6.667205
aaaaafhl_s003_t000,montage,full19,naive,1,2.953397,0.928234,0.265944
aaaaagfk_s003_t000,montage,full19,naive,0,-1.155759,0.223177,1.235375
aaaaagsc_s003_t001,montage,full19,naive,1,4.641177,0.984072,5.928843
aaaaagsc_s006_t001,montage,full19,naive,1,1.088106,0.696712,1.341046
aaaaaguk_s002_t001,montage,full19,naive,0,-3.795074,0.024303,0.390571
aaaaagvx_s002_t000,montage,full19,naive,1,0.562857,0.585416,0.775320
aaaaagvx_s003_t001,montage,full19,naive,1,1.906075,0.830550,0.693810
aaaaagyr_s002_t000,montage,full19,naive,1,-0.564502,0.331935,0.705318
aaaaahie_s005_t001,montage,full19,naive,1,7.723832,0.999070,1.990954
aaaaahsv_s002_t000,montage,full19,naive,0,-0.675144,0.309607,2.527478
aaaaahte_s002_t000,montage,full19,naive,1,8.945913,0.999700,3.685500
aaaaahte_s003_t000,montage,full19,naive,1,9.469057,0.999815,0.419798
aaaaahuy_s002_t000,montage,full19,naive,1,-1.476531,0.175891,0.059438
aaaaahzi_s001_t000,montage,full19,naive,0,-0.860523,0.274142,0.709215
aaaaahzm_s001_t001,montage,full19,naive,0,-1.094328,0.233200,1.348710
aaaaahzq_s001_t000,montage,full19,naive,0,-3.628360,0.028247,0.060906
aaaaahzs_s001_t001,montage,full19,naive,0,-1.053145,0.240092,1.692696
aaaaaiae_s001_t000,montage,full19,naive,0,0.877159,0.653905,1.808168
aaaaaibx_s001_t000,montage,full19,naive,0,0.154223,0.491613,0.225827
aaaaaiby_s001_t000,montage,full19,naive,0,-1.221003,0.212873,1.148603
aaaaaici_s001_t000,montage,full19,naive,0,-2.137281,0.103714,4.614426
aaaaaicn_s001_t000,montage,full19,naive,0,0.737780,0.624129,2.042876
aaaaaijh_s002_t000,montage,full19,naive,1,-2.881360,0.054888,0.414732
aaaaaijn_s001_t001,montage,full19,naive,0,-0.254196,0.398445,0.626858
aaaaairb_s001_t001,montage,full19,naive,0,-0.382943,0.370229,0.813401
aaaaairo_s001_t000,montage,full19,naive,0,-2.655239,0.066825,1.296635
aaaaaitt_s001_t000,montage,full19,naive,0,-3.335795,0.036719,3.772701
aaaaaiue_s004_t000,montage,full19,naive,1,0.265033,0.517272,3.827692
aaaaaiuo_s002_t000,montage,full19,naive,0,3.017104,0.932068,0.823270
aaaaaiwz_s001_t001,montage,full19,naive,0,-1.711521,0.146520,0.824778
aaaaaiyy_s001_t001,montage,full19,naive,0,-3.160882,0.042902,0.224463
aaaaaizd_s001_t001,montage,full19,naive,0,-0.038547,0.447160,2.591040
aaaaaizs_s001_t000,montage,full19,naive,0,1.177731,0.713966,1.102915
aaaaajae_s001_t001,montage,full19,naive,0,5.349483,0.991673,3.849591
aaaaajah_s002_t001,montage,full19,naive,1,0.545773,0.581569,1.083018
aaaaajah_s004_t000,montage,full19,naive,1,-0.851958,0.275724,2.539179
aaaaajal_s001_t001,montage,full19,naive,0,-3.200549,0.041418,0.336014
aaaaajam_s001_t000,montage,full19,naive,1,-0.935311,0.260571,0.334218
aaaaajar_s001_t001,montage,full19,naive,0,-0.837634,0.278382,0.134036
aaaaajbb_s001_t000,montage,full19,naive,0,1.958593,0.837289,0.569023
aaaaajbh_s002_t000,montage,full19,naive,0,-4.378036,0.014306,0.262662
aaaaajce_s001_t000,montage,full19,naive,0,-0.978229,0.252983,0.158936
aaaaajci_s001_t000,montage,full19,naive,0,-3.058376,0.046976,1.473388
aaaaajck_s001_t000,montage,full19,naive,0,-3.919496,0.021714,0.051433
aaaaajct_s001_t000,montage,full19,naive,0,1.575402,0.782988,3.659361
aaaaajcu_s001_t000,montage,full19,naive,0,0.721322,0.620545,0.696827
aaaaajda_s001_t000,montage,full19,naive,0,-3.757337,0.025146,0.458023
aaaaajdb_s001_t000,montage,full19,naive,0,-1.574822,0.163078,3.451235
aaaaajdv_s001_t000,montage,full19,naive,0,2.786038,0.917194,5.046248
aaaaajdy_s001_t000,montage,full19,naive,0,-2.641004,0.067653,0.914217
aaaaajdz_s001_t000,montage,full19,naive,0,-1.417641,0.183940,0.408753
aaaaajea_s001_t000,montage,full19,naive,0,2.400239,0.885682,2.927727
aaaaajen_s001_t000,montage,full19,naive,0,-1.951801,0.120811,1.794978
aaaaajey_s001_t000,montage,full19,naive,0,-0.493557,0.346668,0.469443
aaaaajfb_s001_t000,montage,full19,naive,0,-3.418477,0.034104,1.822105
aaaaajfe_s001_t000,montage,full19,naive,0,-1.578438,0.162621,0.407285
aaaaajff_s001_t000,montage,full19,naive,0,-3.734810,0.025662,0.621854
aaaaajfi_s001_t001,montage,full19,naive,0,-1.184872,0.218536,0.248563
aaaaajfn_s001_t001,montage,full19,naive,0,-2.656633,0.066745,1.145278
aaaaajfy_s001_t000,montage,full19,naive,0,-4.200339,0.016823,0.195867
aaaaajga_s001_t001,montage,full19,naive,0,0.582520,0.589830,5.425110
aaaaajhy_s001_t000,montage,full19,naive,0,-2.985537,0.050091,3.473307
aaaaajit_s001_t001,montage,full19,naive,0,-3.364139,0.035802,0.587679
aaaaajiu_s001_t000,montage,full19,naive,0,1.694138,0.801099,5.765084
aaaaajiy_s001_t001,montage,full19,naive,0,-0.448515,0.356179,1.425773
aaaaajiz_s001_t000,montage,full19,naive,0,-1.251130,0.208234,1.062396
aaaaajjb_s001_t001,montage,full19,naive,0,1.957567,0.837159,4.562608
aaaaajje_s001_t000,montage,full19,naive,0,-2.063683,0.110226,5.481170
aaaaajjk_s001_t000,montage,full19,naive,0,-2.311266,0.089658,0.341236
aaaaajna_s001_t000,montage,full19,naive,0,-1.450173,0.179459,1.833338
aaaaajnu_s001_t000,montage,full19,naive,0,-2.565613,0.072194,4.514059
aaaaajon_s001_t000,montage,full19,naive,0,-0.856419,0.274899,0.341431
aaaaajoo_s002_t001,montage,full19,naive,1,-0.030309,0.449048,2.520011
aaaaajpg_s001_t001,montage,full19,naive,0,-2.260635,0.093561,0.541869
aaaaajqh_s004_t000,montage,full19,naive,1,9.002352,0.999715,5.989583
aaaaajqk_s003_t001,montage,full19,naive,1,4.988813,0.988407,0.783429
aaaaajrf_s001_t000,montage,full19,naive,1,6.850991,0.997915,2.093751
aaaaajrf_s002_t000,montage,full19,naive,1,11.602089,0.999974,5.125755
aaaaajrf_s003_t002,montage,full19,naive,1,10.360484,0.999919,2.075467
aaaaajrf_s004_t000,montage,full19,naive,1,3.125529,0.938159,0.375704
aaaaajso_s001_t000,montage,full19,naive,1,8.767158,0.999646,5.771150
aaaaajtg_s001_t000,montage,full19,naive,0,-0.183729,0.414192,2.740711
aaaaajtu_s001_t000,montage,full19,naive,0,-0.273634,0.394136,1.720723
aaaaajuh_s001_t000,montage,full19,naive,1,7.605799,0.998963,4.506998
aaaaajun_s001_t000,montage,full19,naive,0,4.565491,0.982934,1.298545
aaaaajvh_s001_t001,montage,full19,naive,0,-2.210674,0.097561,0.373441
aaaaajxp_s001_t000,montage,full19,naive,0,0.774751,0.632130,1.546636
aaaaakck_s001_t001,montage,full19,naive,1,1.799165,0.816151,0.109180
aaaaakcx_s001_t001,montage,full19,naive,1,9.800092,0.999864,1.631602
aaaaakcy_s005_t001,montage,full19,naive,1,8.816933,0.999662,0.443684
aaaaakdj_s001_t000,montage,full19,naive,1,0.485921,0.568017,0.717272
aaaaakdo_s001_t000,montage,full19,naive,1,0.469897,0.564371,2.702775
aaaaakeq_s001_t000,montage,full19,naive,1,1.959801,0.837441,1.081401
aaaaakeq_s002_t000,montage,full19,naive,1,2.324878,0.878420,5.149065
aaaaakeq_s003_t000,montage,full19,naive,1,3.926552,0.969572,2.351763
aaaaakev_s001_t001,montage,full19,naive,1,9.227114,0.999769,4.698120
aaaaakev_s002_t000,montage,full19,naive,1,8.999028,0.999715,5.370451
aaaaakft_s001_t000,montage,full19,naive,0,-2.848992,0.056465,0.995986
aaaaakgp_s001_t001,montage,full19,naive,0,0.777216,0.632661,1.786987
aaaaakgu_s001_t000,montage,full19,naive,1,-1.845834,0.131633,0.209388
aaaaakjk_s002_t002,montage,full19,naive,1,2.196769,0.865164,7.672108
aaaaakjk_s003_t000,montage,full19,naive,1,2.433522,0.888767,0.640946
aaaaakka_s001_t001,montage,full19,naive,0,-1.147659,0.224481,1.129812
aaaaakmg_s003_t001,montage,full19,naive,1,8.235785,0.999421,1.173804
aaaaakmh_s001_t000,montage,full19,naive,1,1.327351,0.741417,4.195727
aaaaaknt_s001_t000,montage,full19,naive,1,3.683660,0.962184,0.713802
aaaaakoo_s001_t001,montage,full19,naive,1,8.799171,0.999656,0.767317
aaaaakqg_s001_t001,montage,full19,naive,0,-1.243130,0.209458,1.262333
aaaaakqr_s001_t000,montage,full19,naive,0,-2.839344,0.056943,0.329007
aaaaakrt_s001_t001,montage,full19,naive,1,6.962137,0.998119,0.394993
aaaaakrt_s002_t001,montage,full19,naive,1,7.542199,0.998900,0.516150
aaaaaksb_s001_t000,montage,full19,naive,0,-2.306133,0.090047,0.293243
aaaaaksu_s001_t001,montage,full19,naive,0,0.890360,0.656667,0.554019
aaaaakxz_s001_t001,montage,full19,naive,1,4.139227,0.974877,1.020011
aaaaakxz_s002_t001,montage,full19,naive,1,4.494084,0.981788,0.343841
aaaaalaf_s001_t000,montage,full19,naive,0,-2.249810,0.094415,0.541912
aaaaalau_s001_t000,montage,full19,naive,1,5.512606,0.992832,4.992144
aaaaalbh_s001_t000,montage,full19,naive,1,2.349873,0.880872,2.229428
aaaaalbt_s001_t001,montage,full19,naive,0,-0.672315,0.310168,0.461908
aaaaalbt_s002_t000,montage,full19,naive,0,-0.866219,0.273093,0.815229
aaaaalbz_s006_t000,montage,full19,naive,1,7.629519,0.998985,17.657812
aaaaalid_s001_t001,montage,full19,naive,0,1.448144,0.762288,0.801954
aaaaaljf_s001_t000,montage,full19,naive,1,5.420403,0.992198,1.764884
aaaaaljj_s001_t000,montage,full19,naive,0,-2.679672,0.065428,0.898377
aaaaallc_s001_t001,montage,full19,naive,0,0.132168,0.486507,0.618265
aaaaalle_s002_t000,montage,full19,naive,1,1.192431,0.716739,1.480795
aaaaalox_s001_t001,montage,full19,naive,0,4.683436,0.984674,2.384210
aaaaalpv_s001_t000,montage,full19,naive,0,-0.026437,0.449935,2.740002
aaaaalqa_s001_t000,montage,full19,naive,0,-0.546093,0.335728,0.833122
aaaaalqr_s001_t001,montage,full19,naive,1,0.830847,0.644131,0.376276
aaaaalqs_s001_t001,montage,full19,naive,0,-2.135240,0.103890,0.469845
aaaaalqx_s001_t000,montage,full19,naive,0,-3.573323,0.029681,0.251280
aaaaalrc_s002_t000,montage,full19,naive,1,12.817328,0.999992,0.106460
aaaaalsq_s001_t000,montage,full19,naive,0,0.994438,0.678068,0.669368
aaaaalsx_s001_t000,montage,full19,naive,1,0.231382,0.509483,1.230081
aaaaalsx_s004_t001,montage,full19,naive,1,0.702473,0.616425,0.189300
aaaaaluz_s001_t001,montage,full19,naive,0,-3.496494,0.031801,0.256540
aaaaalvw_s001_t000,montage,full19,naive,0,-3.630843,0.028184,0.512881
aaaaalvz_s001_t000,montage,full19,naive,1,9.590626,0.999835,1.822764
aaaaalxk_s001_t000,montage,full19,naive,0,-0.018037,0.451862,0.556704
aaaaalyr_s001_t000,montage,full19,naive,1,1.687088,0.800056,0.566342
aaaaalzk_s002_t001,montage,full19,naive,1,9.931049,0.999880,3.710876
aaaaamcb_s001_t001,montage,full19,naive,1,8.348974,0.999479,2.637121
aaaaamfe_s001_t001,montage,full19,naive,0,0.204914,0.503354,0.102789
aaaaamft_s001_t001,montage,full19,naive,1,1.486991,0.768748,0.220940
aaaaamfu_s001_t000,montage,full19,naive,0,-2.037087,0.112666,0.133188
aaaaamhi_s001_t000,montage,full19,naive,1,5.423843,0.992223,6.743644
aaaaamhk_s001_t000,montage,full19,naive,1,5.356024,0.991722,0.537674
aaaaamjc_s001_t001,montage,full19,naive,1,8.611883,0.999591,0.592790
aaaaammh_s001_t001,montage,full19,naive,1,2.918511,0.926051,0.377693
aaaaamnq_s001_t000,montage,full19,naive,1,7.659806,0.999013,3.155356
aaaaamnq_s002_t000,montage,full19,naive,1,5.671903,0.993810,0.417244
aaaaamon_s001_t000,montage,full19,naive,0,-0.163585,0.418728,2.901719
aaaaampz_s001_t000,montage,full19,naive,1,1.237694,0.725176,3.267190
aaaaamrj_s001_t000,montage,full19,naive,0,1.704260,0.802589,0.557868
aaaaamsc_s001_t000,montage,full19,naive,1,6.416794,0.996886,0.207716
aaaaamtb_s001_t000,montage,full19,naive,0,2.961625,0.928740,0.823095
aaaaamuc_s001_t000,montage,full19,naive,0,-1.972526,0.118786,0.172072
aaaaamxn_s001_t000,montage,full19,naive,1,0.281163,0.521002,0.580952
aaaaamyb_s001_t001,montage,full19,naive,0,0.002141,0.456497,1.345558
aaaaamye_s001_t000,montage,full19,naive,1,10.404281,0.999922,0.826751
aaaaamzi_s001_t001,montage,full19,naive,1,6.343047,0.996666,1.104032
aaaaamzl_s001_t000,montage,full19,naive,0,-2.155313,0.102171,0.579614
aaaaamzx_s001_t000,montage,full19,naive,0,-2.699714,0.064301,2.267225
aaaaanbq_s001_t000,montage,full19,naive,0,-1.091176,0.233723,0.289263
aaaaanek_s001_t000,montage,full19,naive,0,-2.809486,0.058447,0.111515
aaaaangp_s001_t000,montage,full19,naive,0,0.129032,0.485781,0.531621
aaaaanhb_s001_t003,montage,full19,naive,1,2.881387,0.923661,1.575269
aaaaanhb_s003_t001,montage,full19,naive,1,5.259569,0.990956,0.579852
aaaaanhb_s005_t000,montage,full19,naive,1,9.094950,0.999739,0.832848
aaaaankf_s001_t000,montage,full19,naive,1,4.493314,0.981776,2.131465
aaaaanlp_s001_t000,montage,full19,naive,0,-1.272280,0.205021,0.276767
aaaaanmc_s001_t000,montage,full19,naive,1,8.585052,0.999581,3.350047
aaaaanop_s001_t000,montage,full19,naive,0,1.149191,0.708536,2.558986
aaaaanoz_s001_t000,montage,full19,naive,1,0.321017,0.530209,0.651194
aaaaanpr_s001_t002,montage,full19,naive,1,5.412543,0.992141,7.235799
aaaaanqe_s001_t000,montage,full19,naive,0,-2.932075,0.052501,0.636279
aaaaanro_s001_t000,montage,full19,naive,1,3.455228,0.953683,1.694504
aaaaansj_s001_t000,montage,full19,naive,1,5.344670,0.991636,3.521293
aaaaanta_s001_t000,montage,full19,naive,1,6.246306,0.996355,8.311026
aaaaanum_s001_t000,montage,full19,naive,0,-0.037411,0.447420,1.307668
aaaaanvb_s002_t000,montage,full19,naive,0,-1.344901,0.194272,0.187400
aaaaanvg_s001_t002,montage,full19,naive,0,2.471051,0.892159,1.063397
aaaaanvw_s001_t000,montage,full19,naive,0,-2.888341,0.054553,0.777490
aaaaanwc_s001_t001,montage,full19,naive,1,6.941011,0.998082,15.114196
aaaaanxl_s001_t000,montage,full19,naive,1,6.484978,0.997076,12.812692
aaaaanyb_s001_t001,montage,full19,naive,0,1.117489,0.702433,0.844835
aaaaanyt_s002_t000,montage,full19,naive,1,6.009018,0.995463,2.511156
aaaaanyw_s001_t000,montage,full19,naive,1,2.588426,0.902184,0.186786
aaaaanyw_s002_t000,montage,full19,naive,1,4.315338,0.978579,1.656269
aaaaanzh_s001_t000,montage,full19,naive,1,-0.695445,0.305601,3.082682
aaaaanzu_s001_t003,montage,full19,naive,1,2.108388,0.855323,3.455170
aaaaaoav_s001_t000,montage,full19,naive,0,-2.813856,0.058224,0.293902
aaaaaoav_s002_t000,montage,full19,naive,0,-1.600250,0.159888,0.449937
aaaaaobi_s001_t000,montage,full19,naive,1,-0.498128,0.345710,10.684360
aaaaaobl_s001_t000,montage,full19,naive,0,-0.260180,0.397117,2.019586
aaaaaoby_s001_t000,montage,full19,naive,0,-0.061294,0.441956,4.833374
aaaaaoda_s001_t000,montage,full19,naive,1,8.218967,0.999412,8.702627
aaaaaoeg_s001_t000,montage,full19,naive,0,1.660030,0.796015,0.786430
aaaaaofj_s001_t000,montage,full19,naive,0,-2.474169,0.078078,0.439454
aaaaaofr_s001_t000,montage,full19,naive,0,3.140482,0.938958,1.407310
aaaaaofz_s001_t000,montage,full19,naive,0,0.151136,0.490898,0.989103
aaaaaohb_s001_t000,montage,full19,naive,1,2.647558,0.906913,0.360260
aaaaaohr_s002_t001,montage,full19,naive,1,6.380638,0.996780,0.444400
aaaaaoiq_s001_t000,montage,full19,naive,1,2.112383,0.855781,0.354389
aaaaaoiv_s001_t000,montage,full19,naive,1,0.839063,0.645874,0.116959
aaaaaoiv_s002_t001,montage,full19,naive,1,9.136087,0.999749,1.192082
aaaaaoiv_s003_t003,montage,full19,naive,1,6.769082,0.997751,0.069594
aaaaaojd_s001_t002,montage,full19,naive,0,0.267063,0.517741,2.108229
aaaaaokg_s001_t000,montage,full19,naive,0,4.595971,0.983402,3.046425
aaaaaoly_s001_t000,montage,full19,naive,0,-0.776629,0.289877,6.702924
aaaaaome_s001_t000,montage,full19,naive,0,-1.087302,0.234366,2.231485
aaaaaomx_s001_t000,montage,full19,naive,0,-0.131588,0.425960,0.776193
aaaaaomy_s001_t000,montage,full19,naive,1,4.442165,0.980908,5.576884
aaaaaonb_s001_t000,montage,full19,naive,0,1.089848,0.697053,2.026449
aaaaaons_s002_t002,montage,full19,naive,1,7.404539,0.998751,0.387846
aaaaaopd_s001_t000,montage,full19,naive,0,-0.578515,0.329062,2.407168
aaaaaopo_s001_t000,montage,full19,naive,0,-1.938427,0.122133,0.108137
aaaaaora_s002_t000,montage,full19,naive,1,2.270925,0.872980,0.543607
aaaaaord_s001_t000,montage,full19,naive,1,2.105458,0.854987,0.541965
aaaaaosh_s001_t000,montage,full19,naive,1,1.495371,0.770125,1.336208
aaaaaosw_s001_t000,montage,full19,naive,0,1.330159,0.741916,4.002450
aaaaaote_s001_t000,montage,full19,naive,0,-1.072176,0.236890,0.979363
aaaaaout_s001_t000,montage,full19,naive,1,2.826006,0.919963,2.511462
aaaaaovl_s001_t000,montage,full19,naive,1,4.270993,0.977700,0.104068
aaaaaovo_s001_t000,montage,full19,naive,1,8.510006,0.999551,0.175311
aaaaaowb_s001_t000,montage,full19,naive,0,0.218996,0.506615,0.998004
aaaaaoxf_s001_t000,montage,full19,naive,0,-1.473390,0.176313,0.606409
aaaaaozf_s001_t001,montage,full19,naive,0,-0.263847,0.396303,1.554760
aaaaapag_s001_t000,montage,full19,naive,0,-2.310204,0.089738,2.336686
aaaaapar_s001_t000,montage,full19,naive,1,12.150313,0.999985,0.287349
aaaaapcb_s001_t000,montage,full19,naive,0,3.171392,0.940579,0.209626
aaaaapcy_s001_t002,montage,full19,naive,0,-3.066951,0.046621,0.353745
aaaaapdg_s001_t000,montage,full19,naive,0,-1.167970,0.221222,0.095475
aaaaaphs_s001_t000,montage,full19,naive,1,3.319694,0.947809,3.761623
aaaaaphw_s001_t000,montage,full19,naive,0,1.795957,0.815704,0.632847
aaaaapij_s001_t000,montage,full19,naive,0,0.370371,0.541581,1.115162
aaaaapjc_s001_t001,montage,full19,naive,0,-4.549000,0.012236,0.228823
aaaaapka_s001_t000,montage,full19,naive,0,-1.019442,0.245835,0.449441
aaaaapkx_s001_t001,montage,full19,naive,1,-1.870067,0.129088,3.334018
aaaaaply_s001_t001,montage,full19,naive,1,3.828553,0.966776,3.421063
aaaaapmb_s002_t001,montage,full19,naive,1,6.932059,0.998066,0.861444
aaaaapmp_s001_t000,montage,full19,naive,1,-0.544311,0.336096,1.899450
aaaaapnr_s001_t000,montage,full19,naive,1,-1.759301,0.141071,1.991794
aaaaapoc_s001_t000,montage,full19,naive,1,4.954304,0.988035,5.377734
aaaaapof_s001_t000,montage,full19,naive,0,-3.427652,0.033825,0.161465
aaaaapoo_s001_t000,montage,full19,naive,0,-3.067820,0.046585,1.558462
aaaaapoq_s001_t000,montage,full19,naive,0,1.177905,0.713999,2.101599
aaaaappb_s001_t000,montage,full19,naive,0,0.311460,0.528003,3.466488
aaaaapqd_s001_t000,montage,full19,naive,1,1.284848,0.733796,3.047111
aaaaapqv_s001_t000,montage,full19,naive,0,-3.156170,0.043082,2.169340
aaaaapta_s001_t000,montage,full19,naive,1,6.243790,0.996347,1.599038
aaaaapth_s001_t000,montage,full19,naive,1,2.745472,0.914294,6.330779
aaaaapua_s001_t001,montage,full19,naive,0,-3.692362,0.026664,0.443427
aaaaapuu_s001_t000,montage,full19,naive,0,-2.095899,0.107333,1.807532
aaaaapvw_s001_t001,montage,full19,naive,1,5.376163,0.991874,3.253197
aaaaapvy_s001_t000,montage,full19,naive,1,4.152763,0.975183,9.192408
aaaaapwn_s001_t001,montage,full19,naive,0,-1.264943,0.206132,1.691417
aaaaapwo_s001_t001,montage,full19,naive,1,8.856062,0.999674,0.652752
aaaaapxm_s001_t001,montage,full19,naive,0,-1.801472,0.136403,0.509571
aaaaapys_s001_t001,montage,full19,naive,1,12.608388,0.999990,0.183696
aaaaapys_s002_t001,montage,full19,naive,1,9.332268,0.999790,5.928584
aaaaaayx_s002_t000,montage,legacy16,canonicalized,0,0.886714,0.655905,1.719624
aaaaabdo_s003_t000,montage,legacy16,canonicalized,1,7.689181,0.999040,1.858278
aaaaabsk_s007_t000,montage,legacy16,canonicalized,1,1.825778,0.819821,1.992936
aaaaabuv_s002_t000,montage,legacy16,canonicalized,1,2.692509,0.910370,1.227897
aaaaacad_s003_t000,montage,legacy16,canonicalized,0,0.713995,0.618946,0.610137
aaaaacby_s004_t000,montage,legacy16,canonicalized,0,1.131991,0.705234,1.250432
aaaaaddm_s006_t000,montage,legacy16,canonicalized,1,4.253039,0.977335,4.737647
aaaaadeu_s002_t000,montage,legacy16,canonicalized,1,4.132151,0.974716,2.052200
aaaaadjk_s002_t000,montage,legacy16,canonicalized,0,-2.256341,0.093899,0.311523
aaaaadkb_s002_t000,montage,legacy16,canonicalized,1,7.424515,0.998773,2.910765
aaaaadsm_s002_t001,montage,legacy16,canonicalized,0,-1.997759,0.116361,2.257599
aaaaaeab_s003_t000,montage,legacy16,canonicalized,0,-0.034842,0.448009,0.771784
aaaaaejc_s003_t001,montage,legacy16,canonicalized,0,1.980536,0.840039,0.467782
aaaaaezn_s003_t001,montage,legacy16,canonicalized,1,0.738261,0.624234,5.189539
aaaaafhl_s003_t000,montage,legacy16,canonicalized,1,2.564934,0.900246,0.773157
aaaaagfk_s003_t000,montage,legacy16,canonicalized,0,-0.208473,0.408641,2.961410
aaaaagsc_s003_t001,montage,legacy16,canonicalized,1,5.482897,0.992634,4.841039
aaaaagsc_s006_t001,montage,legacy16,canonicalized,1,1.253619,0.728106,1.615913
aaaaaguk_s002_t001,montage,legacy16,canonicalized,0,-3.773136,0.024789,0.332936
aaaaagvx_s002_t000,montage,legacy16,canonicalized,1,0.174628,0.496339,0.476850
aaaaagvx_s003_t001,montage,legacy16,canonicalized,1,1.331571,0.742166,0.613254
aaaaagyr_s002_t000,montage,legacy16,canonicalized,1,-0.084086,0.436755,0.931348
aaaaahie_s005_t001,montage,legacy16,canonicalized,1,8.503805,0.999548,2.430061
aaaaahsv_s002_t000,montage,legacy16,canonicalized,0,-0.136532,0.424840,4.677491
aaaaahte_s002_t000,montage,legacy16,canonicalized,1,9.491430,0.999819,4.525624
aaaaahte_s003_t000,montage,legacy16,canonicalized,1,9.184727,0.999760,2.586705
aaaaahuy_s002_t000,montage,legacy16,canonicalized,1,-1.672447,0.151106,0.147117
aaaaahzi_s001_t000,montage,legacy16,canonicalized,0,-0.473457,0.350898,0.815947
aaaaahzm_s001_t001,montage,legacy16,canonicalized,0,-0.013697,0.452858,0.884362
aaaaahzq_s001_t000,montage,legacy16,canonicalized,0,-3.030386,0.048150,0.455304
aaaaahzs_s001_t001,montage,legacy16,canonicalized,0,1.250445,0.727524,3.545164
aaaaaiae_s001_t000,montage,legacy16,canonicalized,0,1.470779,0.766067,4.088674
aaaaaibx_s001_t000,montage,legacy16,canonicalized,0,0.514466,0.574495,1.145938
aaaaaiby_s001_t000,montage,legacy16,canonicalized,0,-1.783470,0.138379,1.514977
aaaaaici_s001_t000,montage,legacy16,canonicalized,0,-1.114154,0.229932,8.816867
aaaaaicn_s001_t000,montage,legacy16,canonicalized,0,0.501130,0.571471,2.010431
aaaaaijh_s002_t000,montage,legacy16,canonicalized,1,-2.870713,0.055402,0.288029
aaaaaijn_s001_t001,montage,legacy16,canonicalized,0,0.381673,0.544180,1.005097
aaaaairb_s001_t001,montage,legacy16,canonicalized,0,0.216756,0.506096,1.219938
aaaaairo_s001_t000,montage,legacy16,canonicalized,0,-1.613883,0.158198,2.500809
aaaaaitt_s001_t000,montage,legacy16,canonicalized,0,-3.031063,0.048122,3.879177
aaaaaiue_s004_t000,montage,legacy16,canonicalized,1,1.547944,0.778635,8.611914
aaaaaiuo_s002_t000,montage,legacy16,canonicalized,0,3.838537,0.967072,1.068372
aaaaaiwz_s001_t001,montage,legacy16,canonicalized,0,-1.182175,0.218963,2.630269
aaaaaiyy_s001_t001,montage,legacy16,canonicalized,0,-2.575062,0.071610,0.389526
aaaaaizd_s001_t001,montage,legacy16,canonicalized,0,0.909099,0.660571,4.303376
aaaaaizs_s001_t000,montage,legacy16,canonicalized,0,1.963622,0.837923,1.736622
aaaaajae_s001_t001,montage,legacy16,canonicalized,0,4.297822,0.978236,4.259177
aaaaajah_s002_t001,montage,legacy16,canonicalized,1,0.819541,0.641726,2.069274
aaaaajah_s004_t000,montage,legacy16,canonicalized,1,-0.348456,0.377710,5.029556
aaaaajal_s001_t001,montage,legacy16,canonicalized,0,-2.554184,0.072906,1.310306
aaaaajam_s001_t000,montage,legacy16,canonicalized,1,-0.576989,0.329374,0.452690
aaaaajar_s001_t001,montage,legacy16,canonicalized,0,-0.467455,0.352166,0.226948
aaaaajbb_s001_t000,montage,legacy16,canonicalized,0,2.485362,0.893428,0.424031
aaaaajbh_s002_t000,montage,legacy16,canonicalized,0,-4.563442,0.012075,0.313507
aaaaajce_s001_t000,montage,legacy16,canonicalized,0,-0.609093,0.322838,0.265892
aaaaajci_s001_t000,montage,legacy16,canonicalized,0,-1.984780,0.117603,2.190810
aaaaajck_s001_t000,montage,legacy16,canonicalized,0,-3.185142,0.041989,0.249933
aaaaajct_s001_t000,montage,legacy16,canonicalized,0,2.039308,0.847222,5.555065
aaaaajcu_s001_t000,montage,legacy16,canonicalized,0,1.014816,0.682175,0.704159
aaaaajda_s001_t000,montage,legacy16,canonicalized,0,-3.052286,0.047229,1.897687
aaaaajdb_s001_t000,montage,legacy16,canonicalized,0,-1.517836,0.170412,6.227508
aaaaajdv_s001_t000,montage,legacy16,canonicalized,0,2.399964,0.885656,6.100123
aaaaajdy_s001_t000,montage,legacy16,canonicalized,0,-2.017043,0.114536,0.561207
aaaaajdz_s001_t000,montage,legacy16,canonicalized,0,-0.720089,0.300777,0.483343
aaaaajea_s001_t000,montage,legacy16,canonicalized,0,2.829263,0.920185,3.123769
aaaaajen_s001_t000,montage,legacy16,canonicalized,0,-1.660063,0.152583,3.998221
aaaaajey_s001_t000,montage,legacy16,canonicalized,0,-0.555709,0.333744,0.570710
aaaaajfb_s001_t000,montage,legacy16,canonicalized,0,-3.348272,0.036313,3.997338
aaaaajfe_s001_t000,montage,legacy16,canonicalized,0,-0.506884,0.343877,0.825141
aaaaajff_s001_t000,montage,legacy16,canonicalized,0,-3.586304,0.029337,0.974402
aaaaajfi_s001_t001,montage,legacy16,canonicalized,0,-0.969275,0.254554,1.070605
aaaaajfn_s001_t001,montage,legacy16,canonicalized,0,-1.949241,0.121063,5.061563
aaaaajfy_s001_t000,montage,legacy16,canonicalized,0,-4.172147,0.017261,0.456526
aaaaajga_s001_t001,montage,legacy16,canonicalized,0,0.872155,0.652855,6.887610
aaaaajhy_s001_t000,montage,legacy16,canonicalized,0,-1.900655,0.125935,2.839127
aaaaajit_s001_t001,montage,legacy16,canonicalized,0,-3.410981,0.034333,1.515717
aaaaajiu_s001_t000,montage,legacy16,canonicalized,0,3.102325,0.936900,7.856781
aaaaajiy_s001_t001,montage,legacy16,canonicalized,0,-0.283999,0.391845,2.877452
aaaaajiz_s001_t000,montage,legacy16,canonicalized,0,-1.241397,0.209724,2.114431
aaaaajjb_s001_t001,montage,legacy16,canonicalized,0,2.143698,0.859324,5.639127
aaaaajje_s001_t000,montage,legacy16,canonicalized,0,-0.728439,0.299153,13.027901
aaaaajjk_s001_t000,montage,legacy16,canonicalized,0,-1.636001,0.155488,0.669023
aaaaajna_s001_t000,montage,legacy16,canonicalized,0,-1.063191,0.238398,3.840634
aaaaajnu_s001_t000,montage,legacy16,canonicalized,0,-2.255107,0.093996,7.090807
aaaaajon_s001_t000,montage,legacy16,canonicalized,0,0.061962,0.470277,1.506366
aaaaajoo_s002_t001,montage,legacy16,canonicalized,1,0.050532,0.467640,2.247109
aaaaajpg_s001_t001,montage,legacy16,canonicalized,0,-0.278259,0.393113,2.167451
aaaaajqh_s004_t000,montage,legacy16,canonicalized,1,9.235698,0.999771,7.202853
aaaaajqk_s003_t001,montage,legacy16,canonicalized,1,5.096333,0.989495,0.674525
aaaaajrf_s001_t000,montage,legacy16,canonicalized,1,10.023364,0.999889,2.100508
aaaaajrf_s002_t000,montage,legacy16,canonicalized,1,12.674117,0.999991,5.275375
aaaaajrf_s003_t002,montage,legacy16,canonicalized,1,9.695553,0.999850,2.265746
aaaaajrf_s004_t000,montage,legacy16,canonicalized,1,3.204738,0.942282,0.253281
aaaaajso_s001_t000,montage,legacy16,canonicalized,1,8.494162,0.999544,6.355542
aaaaajtg_s001_t000,montage,legacy16,canonicalized,0,-0.027941,0.449590,3.032900
aaaaajtu_s001_t000,montage,legacy16,canonicalized,0,0.725134,0.621377,3.005579
aaaaajuh_s001_t000,montage,legacy16,canonicalized,1,6.082024,0.995758,3.126549
aaaaajun_s001_t000,montage,legacy16,canonicalized,0,6.237276,0.996324,3.055024
aaaaajvh_s001_t001,montage,legacy16,canonicalized,0,-2.828123,0.057504,0.370769
aaaaajxp_s001_t000,montage,legacy16,canonicalized,0,0.404295,0.549374,1.819145
aaaaakck_s001_t001,montage,legacy16,canonicalized,1,3.223622,0.943226,0.623141
aaaaakcx_s001_t001,montage,legacy16,canonicalized,1,10.541113,0.999932,2.512610
aaaaakcy_s005_t001,montage,legacy16,canonicalized,1,9.988633,0.999886,0.808250
aaaaakdj_s001_t000,montage,legacy16,canonicalized,1,1.069260,0.693010,1.309684
aaaaakdo_s001_t000,montage,legacy16,canonicalized,1,0.327437,0.531690,3.005304
aaaaakeq_s001_t000,montage,legacy16,canonicalized,1,3.497460,0.955381,1.006760
aaaaakeq_s002_t000,montage,legacy16,canonicalized,1,1.909180,0.830955,4.906744
aaaaakeq_s003_t000,montage,legacy16,canonicalized,1,4.407850,0.980303,2.651323
aaaaakev_s001_t001,montage,legacy16,canonicalized,1,11.443105,0.999970,11.567778
aaaaakev_s002_t000,montage,legacy16,canonicalized,1,10.836188,0.999948,6.353172
aaaaakft_s001_t000,montage,legacy16,canonicalized,0,-1.543025,0.167138,2.917138
aaaaakgp_s001_t001,montage,legacy16,canonicalized,0,2.206701,0.866234,3.977158
aaaaakgu_s001_t000,montage,legacy16,canonicalized,1,-1.742598,0.142956,0.577182
aaaaakjk_s002_t002,montage,legacy16,canonicalized,1,3.269108,0.945442,5.072976
aaaaakjk_s003_t000,montage,legacy16,canonicalized,1,2.829283,0.920186,0.463288
aaaaakka_s001_t001,montage,legacy16,canonicalized,0,-0.217798,0.406555,1.113606
aaaaakmg_s003_t001,montage,legacy16,canonicalized,1,6.690334,0.997581,0.763581
aaaaakmh_s001_t000,montage,legacy16,canonicalized,1,2.120287,0.856682,7.292401
aaaaaknt_s001_t000,montage,legacy16,canonicalized,1,4.346343,0.979173,0.990095
aaaaakoo_s001_t001,montage,legacy16,canonicalized,1,8.786060,0.999652,1.540782
aaaaakqg_s001_t001,montage,legacy16,canonicalized,0,-0.986199,0.251590,2.598439
aaaaakqr_s001_t000,montage,legacy16,canonicalized,0,-2.732608,0.062492,0.612865
aaaaakrt_s001_t001,montage,legacy16,canonicalized,1,6.555667,0.997261,0.117489
aaaaakrt_s002_t001,montage,legacy16,canonicalized,1,8.378621,0.999493,0.810145
aaaaaksb_s001_t000,montage,legacy16,canonicalized,0,-2.230227,0.095978,0.933791
aaaaaksu_s001_t001,montage,legacy16,canonicalized,0,1.636224,0.792411,0.708638
aaaaakxz_s001_t001,montage,legacy16,canonicalized,1,3.717768,0.963317,1.149824
aaaaakxz_s002_t001,montage,legacy16,canonicalized,1,4.712420,0.985074,0.555894
aaaaalaf_s001_t000,montage,legacy16,canonicalized,0,-1.422302,0.183293,1.356674
aaaaalau_s001_t000,montage,legacy16,canonicalized,1,4.569095,0.982990,5.670800
aaaaalbh_s001_t000,montage,legacy16,canonicalized,1,2.337488,0.879662,2.934966
aaaaalbt_s001_t001,montage,legacy16,canonicalized,0,-0.656517,0.313308,0.546420
aaaaalbt_s002_t000,montage,legacy16,canonicalized,0,-1.272071,0.205053,1.494251
aaaaalbz_s006_t000,montage,legacy16,canonicalized,1,9.982510,0.999885,22.759041
aaaaalid_s001_t001,montage,legacy16,canonicalized,0,2.481137,0.893054,2.206928
aaaaaljf_s001_t000,montage,legacy16,canonicalized,1,5.974477,0.995316,1.863908
aaaaaljj_s001_t000,montage,legacy16,canonicalized,0,-3.113444,0.044744,1.998133
aaaaallc_s001_t001,montage,legacy16,canonicalized,0,-0.872278,0.271980,0.847394
aaaaalle_s002_t000,montage,legacy16,canonicalized,1,1.155708,0.709781,1.636261
aaaaalox_s001_t001,montage,legacy16,canonicalized,0,5.846062,0.994727,3.114246
aaaaalpv_s001_t000,montage,legacy16,canonicalized,0,1.110829,0.701142,3.875133
aaaaalqa_s001_t000,montage,legacy16,canonicalized,0,-0.164789,0.418456,1.728828
aaaaalqr_s001_t001,montage,legacy16,canonicalized,1,0.058778,0.469543,0.585797
aaaaalqs_s001_t001,montage,legacy16,canonicalized,0,-1.889430,0.127084,0.707171
aaaaalqx_s001_t000,montage,legacy16,canonicalized,0,-2.579833,0.071316,0.801223
aaaaalrc_s002_t000,montage,legacy16,canonicalized,1,13.160506,0.999994,0.337374
aaaaalsq_s001_t000,montage,legacy16,canonicalized,0,0.983006,0.675751,3.350005
aaaaalsx_s001_t000,montage,legacy16,canonicalized,1,1.845824,0.822549,2.404569
aaaaalsx_s004_t001,montage,legacy16,canonicalized,1,1.487947,0.768905,0.372774
aaaaaluz_s001_t001,montage,legacy16,canonicalized,0,-4.249940,0.016080,0.577077
aaaaalvw_s001_t000,montage,legacy16,canonicalized,0,-3.265896,0.039080,0.560713
aaaaalvz_s001_t000,montage,legacy16,canonicalized,1,9.664895,0.999846,3.723741
aaaaalxk_s001_t000,montage,legacy16,canonicalized,0,1.823966,0.819573,1.519135
aaaaalyr_s001_t000,montage,legacy16,canonicalized,1,2.451525,0.890406,0.784625
aaaaalzk_s002_t001,montage,legacy16,canonicalized,1,9.280868,0.999780,7.313599
aaaaamcb_s001_t001,montage,legacy16,canonicalized,1,9.025106,0.999721,4.803582
aaaaamfe_s001_t001,montage,legacy16,canonicalized,0,1.004975,0.680195,3.277050
aaaaamft_s001_t001,montage,legacy16,canonicalized,1,1.039725,0.687157,0.549916
aaaaamfu_s001_t000,montage,legacy16,canonicalized,0,-1.971704,0.118866,0.314741
aaaaamhi_s001_t000,montage,legacy16,canonicalized,1,7.130275,0.998390,8.905367
aaaaamhk_s001_t000,montage,legacy16,canonicalized,1,5.275817,0.991090,1.131775
aaaaamjc_s001_t001,montage,legacy16,canonicalized,1,7.952733,0.999248,0.626155
aaaaammh_s001_t001,montage,legacy16,canonicalized,1,3.844561,0.967249,2.031805
aaaaamnq_s001_t000,montage,legacy16,canonicalized,1,7.838172,0.999164,3.501487
aaaaamnq_s002_t000,montage,legacy16,canonicalized,1,5.179013,0.990262,0.640619
aaaaamon_s001_t000,montage,legacy16,canonicalized,0,0.568171,0.586610,2.580348
aaaaampz_s001_t000,montage,legacy16,canonicalized,1,2.543103,0.898415,2.620661
aaaaamrj_s001_t000,montage,legacy16,canonicalized,0,1.529818,0.775726,0.768953
aaaaamsc_s001_t000,montage,legacy16,canonicalized,1,5.488531,0.992672,0.113058
aaaaamtb_s001_t000,montage,legacy16,canonicalized,0,2.446788,0.889977,2.555205
aaaaamuc_s001_t000,montage,legacy16,canonicalized,0,-1.078918,0.235763,0.604837
aaaaamxn_s001_t000,montage,legacy16,canonicalized,1,1.075625,0.694263,0.919380
aaaaamyb_s001_t001,montage,legacy16,canonicalized,0,-0.808756,0.283788,2.158817
aaaaamye_s001_t000,montage,legacy16,canonicalized,1,10.585289,0.999934,1.573923
aaaaamzi_s001_t001,montage,legacy16,canonicalized,1,8.440758,0.999521,1.461701
aaaaamzl_s001_t000,montage,legacy16,canonicalized,0,-1.231923,0.211183,0.712019
aaaaamzx_s001_t000,montage,legacy16,canonicalized,0,-2.042119,0.112201,1.825282
aaaaanbq_s001_t000,montage,legacy16,canonicalized,0,-0.643093,0.315990,0.492333
aaaaanek_s001_t000,montage,legacy16,canonicalized,0,-3.273746,0.038808,0.526095
aaaaangp_s001_t000,montage,legacy16,canonicalized,0,1.773108,0.812500,1.265977
aaaaanhb_s001_t003,montage,legacy16,canonicalized,1,2.704426,0.911267,2.622934
aaaaanhb_s003_t001,montage,legacy16,canonicalized,1,3.954784,0.970334,1.185510
aaaaanhb_s005_t000,montage,legacy16,canonicalized,1,5.935827,0.995146,3.812927
aaaaankf_s001_t000,montage,legacy16,canonicalized,1,4.664402,0.984405,1.765088
aaaaanlp_s001_t000,montage,legacy16,canonicalized,0,-0.810161,0.283524,0.343920
aaaaanmc_s001_t000,montage,legacy16,canonicalized,1,8.369171,0.999488,2.177740
aaaaanop_s001_t000,montage,legacy16,canonicalized,0,1.390079,0.752402,2.633762
aaaaanoz_s001_t000,montage,legacy16,canonicalized,1,1.143688,0.707482,2.169408
aaaaanpr_s001_t002,montage,legacy16,canonicalized,1,3.513262,0.956001,8.535910
aaaaanqe_s001_t000,montage,legacy16,canonicalized,0,-3.088641,0.045736,1.452817
aaaaanro_s001_t000,montage,legacy16,canonicalized,1,4.139008,0.974872,1.659775
aaaaansj_s001_t000,montage,legacy16,canonicalized,1,5.582332,0.993278,4.825110
aaaaanta_s001_t000,montage,legacy16,canonicalized,1,6.295035,0.996515,7.533576
aaaaanum_s001_t000,montage,legacy16,canonicalized,0,0.710104,0.618095,2.796039
aaaaanvb_s002_t000,montage,legacy16,canonicalized,0,-0.803460,0.284787,0.475870
aaaaanvg_s001_t002,montage,legacy16,canonicalized,0,2.341100,0.880016,1.883775
aaaaanvw_s001_t000,montage,legacy16,canonicalized,0,-2.620440,0.068864,1.241813
aaaaanwc_s001_t001,montage,legacy16,canonicalized,1,6.213422,0.996243,13.059921
aaaaanxl_s001_t000,montage,legacy16,canonicalized,1,6.031693,0.995557,10.459646
aaaaanyb_s001_t001,montage,legacy16,canonicalized,0,2.085617,0.852693,1.456414
aaaaanyt_s002_t000,montage,legacy16,canonicalized,1,5.662339,0.993755,4.526418
aaaaanyw_s001_t000,montage,legacy16,canonicalized,1,3.176452,0.940840,0.271894
aaaaanyw_s002_t000,montage,legacy16,canonicalized,1,5.759130,0.994288,1.727962
aaaaanzh_s001_t000,montage,legacy16,canonicalized,1,0.042113,0.465699,4.981331
aaaaanzu_s001_t003,montage,legacy16,canonicalized,1,1.987540,0.840910,4.516040
aaaaaoav_s001_t000,montage,legacy16,canonicalized,0,-2.023616,0.113920,0.332396
aaaaaoav_s002_t000,montage,legacy16,canonicalized,0,-0.838409,0.278238,0.415737
aaaaaobi_s001_t000,montage,legacy16,canonicalized,1,0.072660,0.472747,10.740662
aaaaaobl_s001_t000,montage,legacy16,canonicalized,0,0.365682,0.540502,3.423589
aaaaaoby_s001_t000,montage,legacy16,canonicalized,0,0.125182,0.484890,7.548368
aaaaaoda_s001_t000,montage,legacy16,canonicalized,1,8.156236,0.999377,7.164149
aaaaaoeg_s001_t000,montage,legacy16,canonicalized,0,1.064546,0.692080,1.081293
aaaaaofj_s001_t000,montage,legacy16,canonicalized,0,-2.329275,0.088305,1.106536
aaaaaofr_s001_t000,montage,legacy16,canonicalized,0,3.503273,0.955610,1.733970
aaaaaofz_s001_t000,montage,legacy16,canonicalized,0,1.066099,0.692386,0.732744
aaaaaohb_s001_t000,montage,legacy16,canonicalized,1,3.449469,0.953447,0.344504
aaaaaohr_s002_t001,montage,legacy16,canonicalized,1,7.029272,0.998232,1.278124
aaaaaoiq_s001_t000,montage,legacy16,canonicalized,1,0.703570,0.616665,0.189909
aaaaaoiv_s001_t000,montage,legacy16,canonicalized,1,3.097550,0.936638,0.059626
aaaaaoiv_s002_t001,montage,legacy16,canonicalized,1,8.418298,0.999511,1.347405
aaaaaoiv_s003_t003,montage,legacy16,canonicalized,1,6.259814,0.996400,0.234005
aaaaaojd_s001_t002,montage,legacy16,canonicalized,0,1.047900,0.688783,2.540137
aaaaaokg_s001_t000,montage,legacy16,canonicalized,0,4.574121,0.983068,2.880972
aaaaaoly_s001_t000,montage,legacy16,canonicalized,0,-1.104269,0.231557,6.441664
aaaaaome_s001_t000,montage,legacy16,canonicalized,0,-0.555842,0.333716,0.263378
aaaaaomx_s001_t000,montage,legacy16,canonicalized,0,0.186770,0.499151,1.199452
aaaaaomy_s001_t000,montage,legacy16,canonicalized,1,5.071497,0.989253,4.209485
aaaaaonb_s001_t000,montage,legacy16,canonicalized,0,1.444313,0.761644,2.897632
aaaaaons_s002_t002,montage,legacy16,canonicalized,1,6.234638,0.996316,0.361645
aaaaaopd_s001_t000,montage,legacy16,canonicalized,0,0.634918,0.601522,5.344968
aaaaaopo_s001_t000,montage,legacy16,canonicalized,0,-1.431324,0.182045,0.267002
aaaaaora_s002_t000,montage,legacy16,canonicalized,1,1.842032,0.822035,1.339947
aaaaaord_s001_t000,montage,legacy16,canonicalized,1,3.153104,0.939625,0.761652
aaaaaosh_s001_t000,montage,legacy16,canonicalized,1,2.689498,0.910142,1.814977
aaaaaosw_s001_t000,montage,legacy16,canonicalized,0,2.114200,0.855988,6.818248
aaaaaote_s001_t000,montage,legacy16,canonicalized,0,-0.680468,0.308554,2.755335
aaaaaout_s001_t000,montage,legacy16,canonicalized,1,2.846795,0.921370,4.700438
aaaaaovl_s001_t000,montage,legacy16,canonicalized,1,3.840840,0.967140,0.219365
aaaaaovo_s001_t000,montage,legacy16,canonicalized,1,8.820644,0.999663,0.815839
aaaaaowb_s001_t000,montage,legacy16,canonicalized,0,0.305012,0.526514,1.786224
aaaaaoxf_s001_t000,montage,legacy16,canonicalized,0,-0.534008,0.338229,0.859701
aaaaaozf_s001_t001,montage,legacy16,canonicalized,0,-0.042745,0.446199,2.549023
aaaaapag_s001_t000,montage,legacy16,canonicalized,0,-2.379335,0.084642,3.652065
aaaaapar_s001_t000,montage,legacy16,canonicalized,1,14.023386,0.999997,0.295985
aaaaapcb_s001_t000,montage,legacy16,canonicalized,0,4.466013,0.981317,0.453163
aaaaapcy_s001_t002,montage,legacy16,canonicalized,0,-4.170531,0.017286,0.727102
aaaaapdg_s001_t000,montage,legacy16,canonicalized,0,-0.807033,0.284113,0.119778
aaaaaphs_s001_t000,montage,legacy16,canonicalized,1,4.941837,0.987897,5.630494
aaaaaphw_s001_t000,montage,legacy16,canonicalized,0,2.807577,0.918697,1.763981
aaaaapij_s001_t000,montage,legacy16,canonicalized,0,0.793248,0.636106,0.452125
aaaaapjc_s001_t001,montage,legacy16,canonicalized,0,-4.116396,0.018159,0.121062
aaaaapka_s001_t000,montage,legacy16,canonicalized,0,-1.330260,0.196404,0.610938
aaaaapkx_s001_t001,montage,legacy16,canonicalized,1,-1.521831,0.169890,7.294778
aaaaaply_s001_t001,montage,legacy16,canonicalized,1,5.631341,0.993574,4.228706
aaaaapmb_s002_t001,montage,legacy16,canonicalized,1,6.654262,0.997499,0.822055
aaaaapmp_s001_t000,montage,legacy16,canonicalized,1,-0.307367,0.386698,3.138215
aaaaapnr_s001_t000,montage,legacy16,canonicalized,1,-1.597358,0.160248,2.930687
aaaaapoc_s001_t000,montage,legacy16,canonicalized,1,5.632696,0.993582,5.798990
aaaaapof_s001_t000,montage,legacy16,canonicalized,0,-3.269623,0.038951,0.422527
aaaaapoo_s001_t000,montage,legacy16,canonicalized,0,-3.249606,0.039651,2.055929
aaaaapoq_s001_t000,montage,legacy16,canonicalized,0,1.647286,0.794091,1.883714
aaaaappb_s001_t000,montage,legacy16,canonicalized,0,1.732132,0.806648,6.137159
aaaaapqd_s001_t000,montage,legacy16,canonicalized,1,1.488378,0.768976,3.308590
aaaaapqv_s001_t000,montage,legacy16,canonicalized,0,-2.346178,0.087053,4.374792
aaaaapta_s001_t000,montage,legacy16,canonicalized,1,6.308204,0.996557,3.487255
aaaaapth_s001_t000,montage,legacy16,canonicalized,1,2.634066,0.905853,5.877494
aaaaapua_s001_t001,montage,legacy16,canonicalized,0,-3.447283,0.033236,0.736495
aaaaapuu_s001_t000,montage,legacy16,canonicalized,0,-0.893448,0.268113,2.634249
aaaaapvw_s001_t001,montage,legacy16,canonicalized,1,5.241234,0.990802,2.567687
aaaaapvy_s001_t000,montage,legacy16,canonicalized,1,4.011393,0.971808,9.404428
aaaaapwn_s001_t001,montage,legacy16,canonicalized,0,-1.005974,0.248156,1.811120
aaaaapwo_s001_t001,montage,legacy16,canonicalized,1,8.603769,0.999588,0.958845
aaaaapxm_s001_t001,montage,legacy16,canonicalized,0,-0.694222,0.305842,1.110925
aaaaapys_s001_t001,montage,legacy16,canonicalized,1,12.544518,0.999989,0.301447
aaaaapys_s002_t001,montage,legacy16,canonicalized,1,9.864824,0.999872,6.255320
aaaaaayx_s002_t000,montage,legacy16,naive,0,1.073981,0.693939,1.876042
aaaaabdo_s003_t000,montage,legacy16,naive,1,7.269926,0.998585,1.502866
aaaaabsk_s007_t000,montage,legacy16,naive,1,3.729380,0.963695,1.509688
aaaaabuv_s002_t000,montage,legacy16,naive,1,3.777288,0.965216,1.097229
aaaaacad_s003_t000,montage,legacy16,naive,0,1.429388,0.759124,0.572934
aaaaacby_s004_t000,montage,legacy16,naive,0,1.444676,0.761705,0.913390
aaaaaddm_s006_t000,montage,legacy16,naive,1,4.483436,0.981611,3.112977
aaaaadeu_s002_t000,montage,legacy16,naive,1,4.256122,0.977398,1.029568
aaaaadjk_s002_t000,montage,legacy16,naive,0,-1.822629,0.134110,0.214149
aaaaadkb_s002_t000,montage,legacy16,naive,1,6.433828,0.996935,2.156792
aaaaadsm_s002_t001,montage,legacy16,naive,0,-2.012979,0.114919,1.833001
aaaaaeab_s003_t000,montage,legacy16,naive,0,0.029681,0.462834,0.626860
aaaaaejc_s003_t001,montage,legacy16,naive,0,0.637953,0.602196,0.205353
aaaaaezn_s003_t001,montage,legacy16,naive,1,0.717659,0.619746,6.094760
aaaaafhl_s003_t000,montage,legacy16,naive,1,2.878995,0.923504,0.735679
aaaaagfk_s003_t000,montage,legacy16,naive,0,0.111826,0.481800,1.974638
aaaaagsc_s003_t001,montage,legacy16,naive,1,6.126393,0.995928,3.806062
aaaaagsc_s006_t001,montage,legacy16,naive,1,1.427305,0.758771,1.563245
aaaaaguk_s002_t001,montage,legacy16,naive,0,-3.805972,0.024065,0.165144
aaaaagvx_s002_t000,montage,legacy16,naive,1,0.099889,0.479039,0.230257
aaaaagvx_s003_t001,montage,legacy16,naive,1,1.504170,0.771565,0.407075
aaaaagyr_s002_t000,montage,legacy16,naive,1,0.210584,0.504667,0.198425
aaaaahie_s005_t001,montage,legacy16,naive,1,7.340222,0.998674,2.037866
aaaaahsv_s002_t000,montage,legacy16,naive,0,0.160764,0.493128,2.249108
aaaaahte_s002_t000,montage,legacy16,naive,1,9.144499,0.999751,4.851779
aaaaahte_s003_t000,montage,legacy16,naive,1,9.582890,0.999834,2.128294
aaaaahuy_s002_t000,montage,legacy16,naive,1,-0.759781,0.293101,0.023156
aaaaahzi_s001_t000,montage,legacy16,naive,0,0.487277,0.568325,1.046543
aaaaahzm_s001_t001,montage,legacy16,naive,0,0.486216,0.568084,0.981184
aaaaahzq_s001_t000,montage,legacy16,naive,0,-1.069199,0.237389,0.556084
aaaaahzs_s001_t001,montage,legacy16,naive,0,0.864295,0.651202,3.076184
aaaaaiae_s001_t000,montage,legacy16,naive,0,1.788772,0.814701,3.514827
aaaaaibx_s001_t000,montage,legacy16,naive,0,0.613645,0.596789,0.993128
aaaaaiby_s001_t000,montage,legacy16,naive,0,-2.210322,0.097590,1.183942
aaaaaici_s001_t000,montage,legacy16,naive,0,-0.716956,0.301388,11.253979
aaaaaicn_s001_t000,montage,legacy16,naive,0,0.766299,0.630307,2.083328
aaaaaijh_s002_t000,montage,legacy16,naive,1,-2.131163,0.104242,0.252042
aaaaaijn_s001_t001,montage,legacy16,naive,0,0.312475,0.528237,0.642376
aaaaairb_s001_t001,montage,legacy16,naive,0,0.190964,0.500122,1.485333
aaaaairo_s001_t000,montage,legacy16,naive,0,-1.164982,0.221699,1.992673
aaaaaitt_s001_t000,montage,legacy16,naive,0,-2.695548,0.064534,2.524566
aaaaaiue_s004_t000,montage,legacy16,naive,1,0.755491,0.627971,7.504288
aaaaaiuo_s002_t000,montage,legacy16,naive,0,3.730196,0.963721,1.173200
aaaaaiwz_s001_t001,montage,legacy16,naive,0,-0.996373,0.249820,2.237545
aaaaaiyy_s001_t001,montage,legacy16,naive,0,-2.068099,0.109825,0.365668
aaaaaizd_s001_t001,montage,legacy16,naive,0,0.717553,0.619723,3.493110
aaaaaizs_s001_t000,montage,legacy16,naive,0,2.464691,0.891590,1.465853
aaaaajae_s001_t001,montage,legacy16,naive,0,3.973188,0.970821,3.033840
aaaaajah_s002_t001,montage,legacy16,naive,1,1.228438,0.723463,1.778234
aaaaajah_s004_t000,montage,legacy16,naive,1,0.043698,0.466064,2.707138
aaaaajal_s001_t001,montage,legacy16,naive,0,-2.570981,0.071861,1.211814
aaaaajam_s001_t000,montage,legacy16,naive,1,0.329188,0.532094,0.390389
aaaaajar_s001_t001,montage,legacy16,naive,0,-1.119596,0.229040,0.126913
aaaaajbb_s001_t000,montage,legacy16,naive,0,3.090190,0.936232,0.428696
aaaaajbh_s002_t000,montage,legacy16,naive,0,-4.052588,0.019244,0.359955
aaaaajce_s001_t000,montage,legacy16,naive,0,-0.488548,0.347720,0.214903
aaaaajci_s001_t000,montage,legacy16,naive,0,-0.721771,0.300450,1.019096
aaaaajck_s001_t000,montage,legacy16,naive,0,-2.673179,0.065796,0.269428
aaaaajct_s001_t000,montage,legacy16,naive,0,1.854284,0.823690,2.877229
aaaaajcu_s001_t000,montage,legacy16,naive,0,1.333896,0.742578,0.595981
aaaaajda_s001_t000,montage,legacy16,naive,0,-2.716714,0.063360,1.351547
aaaaajdb_s001_t000,montage,legacy16,naive,0,-1.650744,0.153703,4.019290
aaaaajdv_s001_t000,montage,legacy16,naive,0,2.201939,0.865722,3.354091
aaaaajdy_s001_t000,montage,legacy16,naive,0,-1.771086,0.139753,0.473426
aaaaajdz_s001_t000,montage,legacy16,naive,0,-0.513458,0.342504,0.331102
aaaaajea_s001_t000,montage,legacy16,naive,0,3.152836,0.939611,3.080983
aaaaajen_s001_t000,montage,legacy16,naive,0,-1.375650,0.189852,3.111170
aaaaajey_s001_t000,montage,legacy16,naive,0,-0.355406,0.376197,0.468612
aaaaajfb_s001_t000,montage,legacy16,naive,0,-3.090162,0.045675,2.840954
aaaaajfe_s001_t000,montage,legacy16,naive,0,0.034444,0.463931,0.894333
aaaaajff_s001_t000,montage,legacy16,naive,0,-3.490297,0.031979,0.736793
aaaaajfi_s001_t001,montage,legacy16,naive,0,-1.093323,0.233367,0.642467
aaaaajfn_s001_t001,montage,legacy16,naive,0,-1.585327,0.161754,4.783288
aaaaajfy_s001_t000,montage,legacy16,naive,0,-2.815862,0.058122,0.855915
aaaaajga_s001_t001,montage,legacy16,naive,0,0.523223,0.576477,6.865077
aaaaajhy_s001_t000,montage,legacy16,naive,0,-1.532903,0.168448,2.603285
aaaaajit_s001_t001,montage,legacy16,naive,0,-3.373295,0.035510,1.447666
aaaaajiu_s001_t000,montage,legacy16,naive,0,2.923401,0.926361,7.953290
aaaaajiy_s001_t001,montage,legacy16,naive,0,0.091210,0.477033,2.609509
aaaaajiz_s001_t000,montage,legacy16,naive,0,-1.059658,0.238993,1.860502
aaaaajjb_s001_t001,montage,legacy16,naive,0,1.836322,0.821260,4.536801
aaaaajje_s001_t000,montage,legacy16,naive,0,-0.210542,0.408177,9.970364
aaaaajjk_s001_t000,montage,legacy16,naive,0,-0.764918,0.292115,0.879051
aaaaajna_s001_t000,montage,legacy16,naive,0,-0.756127,0.293802,3.451432
aaaaajnu_s001_t000,montage,legacy16,naive,0,-1.738948,0.143371,5.155086
aaaaajon_s001_t000,montage,legacy16,naive,0,0.151021,0.490871,1.621380
aaaaajoo_s002_t001,montage,legacy16,naive,1,0.352957,0.537573,2.386343
aaaaajpg_s001_t001,montage,legacy16,naive,0,-0.433552,0.359365,1.761480
aaaaajqh_s004_t000,montage,legacy16,naive,1,10.842587,0.999948,5.738459
aaaaajqk_s003_t001,montage,legacy16,naive,1,4.958637,0.988082,0.478479
aaaaajrf_s001_t000,montage,legacy16,naive,1,8.225471,0.999416,1.630970
aaaaajrf_s002_t000,montage,legacy16,naive,1,12.723628,0.999991,4.639576
aaaaajrf_s003_t002,montage,legacy16,naive,1,8.542566,0.999564,1.440202
aaaaajrf_s004_t000,montage,legacy16,naive,1,3.026667,0.932627,0.446795
aaaaajso_s001_t000,montage,legacy16,naive,1,8.415869,0.999510,5.383455
aaaaajtg_s001_t000,montage,legacy16,naive,0,0.441220,0.557828,2.546329
aaaaajtu_s001_t000,montage,legacy16,naive,0,0.926173,0.664109,3.245758
aaaaajuh_s001_t000,montage,legacy16,naive,1,5.757726,0.994280,3.009693
aaaaajun_s001_t000,montage,legacy16,naive,0,6.771598,0.997756,3.798559
aaaaajvh_s001_t001,montage,legacy16,naive,0,-0.909857,0.265141,0.465314
aaaaajxp_s001_t000,montage,legacy16,naive,0,1.173553,0.713175,1.126947
aaaaakck_s001_t001,montage,legacy16,naive,1,3.116156,0.937653,0.595180
aaaaakcx_s001_t001,montage,legacy16,naive,1,10.713112,0.999942,1.909912
aaaaakcy_s005_t001,montage,legacy16,naive,1,10.418534,0.999923,0.575860
aaaaakdj_s001_t000,montage,legacy16,naive,1,1.653081,0.794968,0.832050
aaaaakdo_s001_t000,montage,legacy16,naive,1,1.317296,0.739627,1.805289
aaaaakeq_s001_t000,montage,legacy16,naive,1,3.446049,0.953306,0.936911
aaaaakeq_s002_t000,montage,legacy16,naive,1,2.229557,0.868669,3.592720
aaaaakeq_s003_t000,montage,legacy16,naive,1,4.105006,0.974089,2.117942
aaaaakev_s001_t001,montage,legacy16,naive,1,11.415300,0.999970,10.539492
aaaaakev_s002_t000,montage,legacy16,naive,1,11.257195,0.999965,6.406464
aaaaakft_s001_t000,montage,legacy16,naive,0,-1.394621,0.187163,2.472286
aaaaakgp_s001_t001,montage,legacy16,naive,0,1.665777,0.796879,2.963586
aaaaakgu_s001_t000,montage,legacy16,naive,1,-0.998223,0.249498,0.997220
aaaaakjk_s002_t002,montage,legacy16,naive,1,2.909030,0.925447,5.738429
aaaaakjk_s003_t000,montage,legacy16,naive,1,2.733724,0.913437,0.432187
aaaaakka_s001_t001,montage,legacy16,naive,0,0.316982,0.529278,1.759937
aaaaakmg_s003_t001,montage,legacy16,naive,1,6.899392,0.998006,0.950370
aaaaakmh_s001_t000,montage,legacy16,naive,1,1.746178,0.808670,5.762333
aaaaaknt_s001_t000,montage,legacy16,naive,1,4.582776,0.983201,0.387955
aaaaakoo_s001_t001,montage,legacy16,naive,1,8.895773,0.999686,2.341446
aaaaakqg_s001_t001,montage,legacy16,naive,0,-1.262583,0.206490,1.932666
aaaaakqr_s001_t000,montage,legacy16,naive,0,-2.163199,0.101503,0.540543
aaaaakrt_s001_t001,montage,legacy16,naive,1,6.384532,0.996792,0.147944
aaaaakrt_s002_t001,montage,legacy16,naive,1,7.849240,0.999172,0.601812
aaaaaksb_s001_t000,montage,legacy16,naive,0,-1.988413,0.117254,1.257749
aaaaaksu_s001_t001,montage,legacy16,naive,0,1.821780,0.819274,0.938941
aaaaakxz_s001_t001,montage,legacy16,naive,1,3.694662,0.962553,1.333862
aaaaakxz_s002_t001,montage,legacy16,naive,1,5.004967,0.988577,0.974740
aaaaalaf_s001_t000,montage,legacy16,naive,0,-1.106768,0.231145,1.319524
aaaaalau_s001_t000,montage,legacy16,naive,1,4.607478,0.983575,4.561765
aaaaalbh_s001_t000,montage,legacy16,naive,1,2.403275,0.885967,3.039061
aaaaalbt_s001_t001,montage,legacy16,naive,0,-0.537932,0.337416,0.379289
aaaaalbt_s002_t000,montage,legacy16,naive,0,0.101098,0.479319,0.751200
aaaaalbz_s006_t000,montage,legacy16,naive,1,11.041307,0.999957,12.387999
aaaaalid_s001_t001,montage,legacy16,naive,0,2.615592,0.904383,1.934595
aaaaaljf_s001_t000,montage,legacy16,naive,1,5.932105,0.995129,1.931755
aaaaaljj_s001_t000,montage,legacy16,naive,0,-3.372502,0.035535,1.473164
aaaaallc_s001_t001,montage,legacy16,naive,0,-1.476540,0.175890,0.744379
aaaaalle_s002_t000,montage,legacy16,naive,1,1.374270,0.749664,1.191415
aaaaalox_s001_t001,montage,legacy16,naive,0,5.487536,0.992665,2.489715
aaaaalpv_s001_t000,montage,legacy16,naive,0,1.269253,0.730964,3.643969
aaaaalqa_s001_t000,montage,legacy16,naive,0,-0.366835,0.373716,1.018755
aaaaalqr_s001_t001,montage,legacy16,naive,1,1.484734,0.768376,0.768515
aaaaalqs_s001_t001,montage,legacy16,naive,0,-2.101913,0.106800,0.453856
aaaaalqx_s001_t000,montage,legacy16,naive,0,-2.321066,0.088920,0.595169
aaaaalrc_s002_t000,montage,legacy16,naive,1,13.561585,0.999996,0.285067
aaaaalsq_s001_t000,montage,legacy16,naive,0,1.870281,0.825832,1.930419
aaaaalsx_s001_t000,montage,legacy16,naive,1,2.171305,0.862388,2.030128
aaaaalsx_s004_t001,montage,legacy16,naive,1,1.424966,0.758374,0.863544
aaaaaluz_s001_t001,montage,legacy16,naive,0,-4.102003,0.018398,0.458593
aaaaalvw_s001_t000,montage,legacy16,naive,0,-3.427881,0.033818,1.148696
aaaaalvz_s001_t000,montage,legacy16,naive,1,9.343231,0.999792,3.084126
aaaaalxk_s001_t000,montage,legacy16,naive,0,1.741167,0.807950,1.445170
aaaaalyr_s001_t000,montage,legacy16,naive,1,2.596073,0.902807,0.683764
aaaaalzk_s002_t001,montage,legacy16,naive,1,9.807860,0.999865,5.203497
aaaaamcb_s001_t001,montage,legacy16,naive,1,8.560143,0.999571,3.507778
aaaaamfe_s001_t001,montage,legacy16,naive,0,0.964648,0.672013,2.985496
aaaaamft_s001_t001,montage,legacy16,naive,1,1.910686,0.831151,0.761722
aaaaamfu_s001_t000,montage,legacy16,naive,0,-1.073800,0.236618,0.400752
aaaaamhi_s001_t000,montage,legacy16,naive,1,6.712912,0.997631,8.289172
aaaaamhk_s001_t000,montage,legacy16,naive,1,4.571969,0.983035,0.989460
aaaaamjc_s001_t001,montage,legacy16,naive,1,7.954365,0.999249,0.508167
aaaaammh_s001_t001,montage,legacy16,naive,1,3.030573,0.932854,1.312349
aaaaamnq_s001_t000,montage,legacy16,naive,1,8.009614,0.999286,3.742813
aaaaamnq_s002_t000,montage,legacy16,naive,1,5.665374,0.993772,0.890475
aaaaamon_s001_t000,montage,legacy16,naive,0,1.008168,0.680838,2.550025
aaaaampz_s001_t000,montage,legacy16,naive,1,3.878490,0.968231,3.446158
aaaaamrj_s001_t000,montage,legacy16,naive,0,2.342855,0.880188,0.836256
aaaaamsc_s001_t000,montage,legacy16,naive,1,5.558770,0.993130,0.180802
aaaaamtb_s001_t000,montage,legacy16,naive,0,2.664378,0.908221,2.180667
aaaaamuc_s001_t000,montage,legacy16,naive,0,-0.925186,0.262383,0.438664
aaaaamxn_s001_t000,montage,legacy16,naive,1,1.860441,0.824517,1.144326
aaaaamyb_s001_t001,montage,legacy16,naive,0,-0.694421,0.305803,2.263213
aaaaamye_s001_t000,montage,legacy16,naive,1,10.375032,0.999920,1.548963
aaaaamzi_s001_t001,montage,legacy16,naive,1,8.214005,0.999409,2.230447
aaaaamzl_s001_t000,montage,legacy16,naive,0,-1.467035,0.177170,1.372359
aaaaamzx_s001_t000,montage,legacy16,naive,0,-1.654390,0.153264,1.693910
aaaaanbq_s001_t000,montage,legacy16,naive,0,0.659528,0.606975,0.645716
aaaaanek_s001_t000,montage,legacy16,naive,0,-3.513336,0.031324,0.506309
aaaaangp_s001_t000,montage,legacy16,naive,0,1.774999,0.812767,1.148103
aaaaanhb_s001_t003,montage,legacy16,naive,1,2.498378,0.894570,2.358336
aaaaanhb_s003_t001,montage,legacy16,naive,1,3.994194,0.971368,2.076604
aaaaanhb_s005_t000,montage,legacy16,naive,1,7.597514,0.998955,3.704561
aaaaankf_s001_t000,montage,legacy16,naive,1,5.653200,0.993702,0.902681
aaaaanlp_s001_t000,montage,legacy16,naive,0,-0.476495,0.350257,0.498973
aaaaanmc_s001_t000,montage,legacy16,naive,1,8.807895,0.999659,2.100076
aaaaanop_s001_t000,montage,legacy16,naive,0,1.331379,0.742132,2.693448
aaaaanoz_s001_t000,montage,legacy16,naive,1,1.134941,0.705802,0.947430
aaaaanpr_s001_t002,montage,legacy16,naive,1,3.730272,0.963724,8.162989
aaaaanqe_s001_t000,montage,legacy16,naive,0,-2.009640,0.115234,0.612352
aaaaanro_s001_t000,montage,legacy16,naive,1,3.944657,0.970063,1.455244
aaaaansj_s001_t000,montage,legacy16,naive,1,5.708512,0.994015,4.680759
aaaaanta_s001_t000,montage,legacy16,naive,1,6.784937,0.997784,4.276059
aaaaanum_s001_t000,montage,legacy16,naive,0,1.097147,0.698479,2.844963
aaaaanvb_s002_t000,montage,legacy16,naive,0,-0.218574,0.406381,0.547983
aaaaanvg_s001_t002,montage,legacy16,naive,0,1.601123,0.787010,1.082812
aaaaanvw_s001_t000,montage,legacy16,naive,0,-2.267147,0.093051,1.125394
aaaaanwc_s001_t001,montage,legacy16,naive,1,6.681594,0.997562,20.729279
aaaaanxl_s001_t000,montage,legacy16,naive,1,6.527049,0.997187,5.705982
aaaaanyb_s001_t001,montage,legacy16,naive,0,2.829230,0.920183,1.715799
aaaaanyt_s002_t000,montage,legacy16,naive,1,5.897395,0.994971,4.847366
aaaaanyw_s001_t000,montage,legacy16,naive,1,4.363729,0.979498,0.194704
aaaaanyw_s002_t000,montage,legacy16,naive,1,6.039733,0.995590,0.943231
aaaaanzh_s001_t000,montage,legacy16,naive,1,0.215878,0.505893,3.354992
aaaaanzu_s001_t003,montage,legacy16,naive,1,1.470984,0.766101,3.533610
aaaaaoav_s001_t000,montage,legacy16,naive,0,-1.471479,0.176570,0.339550
aaaaaoav_s002_t000,montage,legacy16,naive,0,-0.181165,0.414769,0.765060
aaaaaobi_s001_t000,montage,legacy16,naive,1,0.608018,0.595533,9.308838
aaaaaobl_s001_t000,montage,legacy16,naive,0,0.184630,0.498655,2.975738
aaaaaoby_s001_t000,montage,legacy16,naive,0,0.235369,0.510406,5.449491
aaaaaoda_s001_t000,montage,legacy16,naive,1,8.098425,0.999343,4.388713
aaaaaoeg_s001_t000,montage,legacy16,naive,0,1.616765,0.789429,0.631444
aaaaaofj_s001_t000,montage,legacy16,naive,0,-1.810380,0.135433,1.603758
aaaaaofr_s001_t000,montage,legacy16,naive,0,3.990068,0.971261,1.240329
aaaaaofz_s001_t000,montage,legacy16,naive,0,1.781563,0.813691,1.046933
aaaaaohb_s001_t000,montage,legacy16,naive,1,2.017445,0.844581,0.315917
aaaaaohr_s002_t001,montage,legacy16,naive,1,6.607193,0.997388,1.018913
aaaaaoiq_s001_t000,montage,legacy16,naive,1,0.411140,0.550943,0.202503
aaaaaoiv_s001_t000,montage,legacy16,naive,1,2.392477,0.884952,0.078917
aaaaaoiv_s002_t001,montage,legacy16,naive,1,9.261129,0.999776,1.511074
aaaaaoiv_s003_t003,montage,legacy16,naive,1,7.173504,0.998453,0.102519
aaaaaojd_s001_t002,montage,legacy16,naive,0,1.332487,0.742329,2.638573
aaaaaokg_s001_t000,montage,legacy16,naive,0,4.439598,0.980863,2.369553
aaaaaoly_s001_t000,montage,legacy16,naive,0,-0.693449,0.305994,6.594891
aaaaaome_s001_t000,montage,legacy16,naive,0,0.923046,0.663462,0.139732
aaaaaomx_s001_t000,montage,legacy16,naive,0,0.264650,0.517183,1.266678
aaaaaomy_s001_t000,montage,legacy16,naive,1,5.662383,0.993755,4.194953
aaaaaonb_s001_t000,montage,legacy16,naive,0,1.686575,0.799980,3.152549
aaaaaons_s002_t002,montage,legacy16,naive,1,6.842324,0.997898,0.176100
aaaaaopd_s001_t000,montage,legacy16,naive,0,1.460117,0.764292,6.042588
aaaaaopo_s001_t000,montage,legacy16,naive,0,-0.264235,0.396217,0.165927
aaaaaora_s002_t000,montage,legacy16,naive,1,2.610600,0.903982,1.635542
aaaaaord_s001_t000,montage,legacy16,naive,1,3.634218,0.960481,0.704008
aaaaaosh_s001_t000,montage,legacy16,naive,1,3.520315,0.956275,1.467411
aaaaaosw_s001_t000,montage,legacy16,naive,0,2.294272,0.875359,6.824950
aaaaaote_s001_t000,montage,legacy16,naive,0,-0.051878,0.444109,1.979167
aaaaaout_s001_t000,montage,legacy16,naive,1,2.958797,0.928567,3.517171
aaaaaovl_s001_t000,montage,legacy16,naive,1,4.011834,0.971819,0.204869
aaaaaovo_s001_t000,montage,legacy16,naive,1,9.611141,0.999838,0.920065
aaaaaowb_s001_t000,montage,legacy16,naive,0,0.593780,0.592352,2.165932
aaaaaoxf_s001_t000,montage,legacy16,naive,0,-0.396505,0.367304,1.014595
aaaaaozf_s001_t001,montage,legacy16,naive,0,0.623644,0.599016,3.879104
aaaaapag_s001_t000,montage,legacy16,naive,0,-1.921815,0.123793,5.176706
aaaaapar_s001_t000,montage,legacy16,naive,1,13.245324,0.999994,0.148800
aaaaapcb_s001_t000,montage,legacy16,naive,0,4.361748,0.979462,0.771084
aaaaapcy_s001_t002,montage,legacy16,naive,0,-3.833867,0.023465,0.762502
aaaaapdg_s001_t000,montage,legacy16,naive,0,-0.313140,0.385430,0.137876
aaaaaphs_s001_t000,montage,legacy16,naive,1,5.877123,0.994876,3.403428
aaaaaphw_s001_t000,montage,legacy16,naive,0,3.348952,0.949134,1.661035
aaaaapij_s001_t000,montage,legacy16,naive,0,1.160814,0.710755,0.574295
aaaaapjc_s001_t001,montage,legacy16,naive,0,-3.812233,0.023929,0.243931
aaaaapka_s001_t000,montage,legacy16,naive,0,-0.880150,0.270538,0.569877
aaaaapkx_s001_t001,montage,legacy16,naive,1,-0.499162,0.345493,7.554087
aaaaaply_s001_t001,montage,legacy16,naive,1,5.862195,0.994805,3.861334
aaaaapmb_s002_t001,montage,legacy16,naive,1,6.225285,0.996284,0.748152
aaaaapmp_s001_t000,montage,legacy16,naive,1,0.427958,0.554795,1.369445
aaaaapnr_s001_t000,montage,legacy16,naive,1,-0.728286,0.299183,2.418083
aaaaapoc_s001_t000,montage,legacy16,naive,1,6.220589,0.996267,4.315215
aaaaapof_s001_t000,montage,legacy16,naive,0,-3.023821,0.048430,0.396692
aaaaapoo_s001_t000,montage,legacy16,naive,0,-2.610030,0.069485,1.041768
aaaaapoq_s001_t000,montage,legacy16,naive,0,2.111613,0.855692,0.763817
aaaaappb_s001_t000,montage,legacy16,naive,0,2.758084,0.915205,5.319330
aaaaapqd_s001_t000,montage,legacy16,naive,1,2.119794,0.856626,0.697174
aaaaapqv_s001_t000,montage,legacy16,naive,0,-1.912112,0.124771,3.786172
aaaaapta_s001_t000,montage,legacy16,naive,1,7.092720,0.998333,2.336344
aaaaapth_s001_t000,montage,legacy16,naive,1,2.988121,0.930348,5.712190
aaaaapua_s001_t001,montage,legacy16,naive,0,-3.131655,0.044028,0.519341
aaaaapuu_s001_t000,montage,legacy16,naive,0,-0.033794,0.448249,1.415013
aaaaapvw_s001_t001,montage,legacy16,naive,1,4.981274,0.988327,2.881750
aaaaapvy_s001_t000,montage,legacy16,naive,1,4.429151,0.980681,6.038939
aaaaapwn_s001_t001,montage,legacy16,naive,0,-0.512036,0.342801,1.335380
aaaaapwo_s001_t001,montage,legacy16,naive,1,8.946445,0.999700,1.379649
aaaaapxm_s001_t001,montage,legacy16,naive,0,-0.568881,0.331036,0.570092
aaaaapys_s001_t001,montage,legacy16,naive,1,11.941339,0.999981,0.254678
aaaaapys_s002_t001,montage,legacy16,naive,1,9.586210,0.999834,3.341907
aaaaaayx_s002_t000,power_line,0.0,canonicalized,0,-0.022554,0.450826,1.652800
aaaaabdo_s003_t000,power_line,0.0,canonicalized,1,7.926970,0.999230,1.869571
aaaaabsk_s007_t000,power_line,0.0,canonicalized,1,1.572000,0.782452,1.103525
aaaaabuv_s002_t000,power_line,0.0,canonicalized,1,2.921728,0.926255,1.343185
aaaaacad_s003_t000,power_line,0.0,canonicalized,0,0.364790,0.540297,0.544353
aaaaacby_s004_t000,power_line,0.0,canonicalized,0,-0.231377,0.403523,0.264911
aaaaaddm_s006_t000,power_line,0.0,canonicalized,1,3.462128,0.953964,4.678437
aaaaadeu_s002_t000,power_line,0.0,canonicalized,1,2.696893,0.910701,1.185424
aaaaadjk_s002_t000,power_line,0.0,canonicalized,0,-2.343582,0.087244,0.319146
aaaaadkb_s002_t000,power_line,0.0,canonicalized,1,6.977986,0.998146,6.767433
aaaaadsm_s002_t001,power_line,0.0,canonicalized,0,-2.154504,0.102240,0.951861
aaaaaeab_s003_t000,power_line,0.0,canonicalized,0,-0.487356,0.347971,0.443799
aaaaaejc_s003_t001,power_line,0.0,canonicalized,0,2.912425,0.925664,0.829726
aaaaaezn_s003_t001,power_line,0.0,canonicalized,1,1.065983,0.692363,6.667205
aaaaafhl_s003_t000,power_line,0.0,canonicalized,1,2.953397,0.928234,0.265944
aaaaagfk_s003_t000,power_line,0.0,canonicalized,0,-1.155759,0.223177,1.235375
aaaaagsc_s003_t001,power_line,0.0,canonicalized,1,4.641177,0.984072,5.928843
aaaaagsc_s006_t001,power_line,0.0,canonicalized,1,1.088106,0.696712,1.341046
aaaaaguk_s002_t001,power_line,0.0,canonicalized,0,-3.795074,0.024303,0.390571
aaaaagvx_s002_t000,power_line,0.0,canonicalized,1,0.562857,0.585416,0.775320
aaaaagvx_s003_t001,power_line,0.0,canonicalized,1,1.906075,0.830550,0.693810
aaaaagyr_s002_t000,power_line,0.0,canonicalized,1,-0.564502,0.331935,0.705318
aaaaahie_s005_t001,power_line,0.0,canonicalized,1,7.723832,0.999070,1.990954
aaaaahsv_s002_t000,power_line,0.0,canonicalized,0,-0.675144,0.309607,2.527478
aaaaahte_s002_t000,power_line,0.0,canonicalized,1,8.945913,0.999700,3.685500
aaaaahte_s003_t000,power_line,0.0,canonicalized,1,9.469057,0.999815,0.419798
aaaaahuy_s002_t000,power_line,0.0,canonicalized,1,-1.476531,0.175891,0.059438
aaaaahzi_s001_t000,power_line,0.0,canonicalized,0,-0.860523,0.274142,0.709215
aaaaahzm_s001_t001,power_line,0.0,canonicalized,0,-1.094328,0.233200,1.348710
aaaaahzq_s001_t000,power_line,0.0,canonicalized,0,-3.628360,0.028247,0.060906
aaaaahzs_s001_t001,power_line,0.0,canonicalized,0,-1.053145,0.240092,1.692696
aaaaaiae_s001_t000,power_line,0.0,canonicalized,0,0.877159,0.653905,1.808168
aaaaaibx_s001_t000,power_line,0.0,canonicalized,0,0.154223,0.491613,0.225827
aaaaaiby_s001_t000,power_line,0.0,canonicalized,0,-1.221003,0.212873,1.148603
aaaaaici_s001_t000,power_line,0.0,canonicalized,0,-2.137281,0.103714,4.614426
aaaaaicn_s001_t000,power_line,0.0,canonicalized,0,0.737780,0.624129,2.042876
aaaaaijh_s002_t000,power_line,0.0,canonicalized,1,-2.881360,0.054888,0.414732
aaaaaijn_s001_t001,power_line,0.0,canonicalized,0,-0.254196,0.398445,0.626858
aaaaairb_s001_t001,power_line,0.0,canonicalized,0,-0.382943,0.370229,0.813401
aaaaairo_s001_t000,power_line,0.0,canonicalized,0,-2.655239,0.066825,1.296635
aaaaaitt_s001_t000,power_line,0.0,canonicalized,0,-3.335795,0.036719,3.772701
aaaaaiue_s004_t000,power_line,0.0,canonicalized,1,0.265033,0.517272,3.827692
aaaaaiuo_s002_t000,power_line,0.0,canonicalized,0,3.017104,0.932068,0.823270
aaaaaiwz_s001_t001,power_line,0.0,canonicalized,0,-1.711521,0.146520,0.824778
aaaaaiyy_s001_t001,power_line,0.0,canonicalized,0,-3.160882,0.042902,0.224463
aaaaaizd_s001_t001,power_line,0.0,canonicalized,0,-0.038547,0.447160,2.591040
aaaaaizs_s001_t000,power_line,0.0,canonicalized,0,1.177731,0.713966,1.102915
aaaaajae_s001_t001,power_line,0.0,canonicalized,0,5.349483,0.991673,3.849591
aaaaajah_s002_t001,power_line,0.0,canonicalized,1,0.545773,0.581569,1.083018
aaaaajah_s004_t000,power_line,0.0,canonicalized,1,-0.851958,0.275724,2.539179
aaaaajal_s001_t001,power_line,0.0,canonicalized,0,-3.200549,0.041418,0.336014
aaaaajam_s001_t000,power_line,0.0,canonicalized,1,-0.935311,0.260571,0.334218
aaaaajar_s001_t001,power_line,0.0,canonicalized,0,-0.837634,0.278382,0.134036
aaaaajbb_s001_t000,power_line,0.0,canonicalized,0,1.958593,0.837289,0.569023
aaaaajbh_s002_t000,power_line,0.0,canonicalized,0,-4.378036,0.014306,0.262662
aaaaajce_s001_t000,power_line,0.0,canonicalized,0,-0.978229,0.252983,0.158936
aaaaajci_s001_t000,power_line,0.0,canonicalized,0,-3.058376,0.046976,1.473388
aaaaajck_s001_t000,power_line,0.0,canonicalized,0,-3.919496,0.021714,0.051433
aaaaajct_s001_t000,power_line,0.0,canonicalized,0,1.575402,0.782988,3.659361
aaaaajcu_s001_t000,power_line,0.0,canonicalized,0,0.721322,0.620545,0.696827
aaaaajda_s001_t000,power_line,0.0,canonicalized,0,-3.757337,0.025146,0.458023
aaaaajdb_s001_t000,power_line,0.0,canonicalized,0,-1.574822,0.163078,3.451235
aaaaajdv_s001_t000,power_line,0.0,canonicalized,0,2.786038,0.917194,5.046248
aaaaajdy_s001_t000,power_line,0.0,canonicalized,0,-2.641004,0.067653,0.914217
aaaaajdz_s001_t000,power_line,0.0,canonicalized,0,-1.417641,0.183940,0.408753
aaaaajea_s001_t000,power_line,0.0,canonicalized,0,2.400239,0.885682,2.927727
aaaaajen_s001_t000,power_line,0.0,canonicalized,0,-1.951801,0.120811,1.794978
aaaaajey_s001_t000,power_line,0.0,canonicalized,0,-0.493557,0.346668,0.469443
aaaaajfb_s001_t000,power_line,0.0,canonicalized,0,-3.418477,0.034104,1.822105
aaaaajfe_s001_t000,power_line,0.0,canonicalized,0,-1.578438,0.162621,0.407285
aaaaajff_s001_t000,power_line,0.0,canonicalized,0,-3.734810,0.025662,0.621854
aaaaajfi_s001_t001,power_line,0.0,canonicalized,0,-1.184872,0.218536,0.248563
aaaaajfn_s001_t001,power_line,0.0,canonicalized,0,-2.656633,0.066745,1.145278
aaaaajfy_s001_t000,power_line,0.0,canonicalized,0,-4.200339,0.016823,0.195867
aaaaajga_s001_t001,power_line,0.0,canonicalized,0,0.582520,0.589830,5.425110
aaaaajhy_s001_t000,power_line,0.0,canonicalized,0,-2.985537,0.050091,3.473307
aaaaajit_s001_t001,power_line,0.0,canonicalized,0,-3.364139,0.035802,0.587679
aaaaajiu_s001_t000,power_line,0.0,canonicalized,0,1.694138,0.801099,5.765084
aaaaajiy_s001_t001,power_line,0.0,canonicalized,0,-0.448515,0.356179,1.425773
aaaaajiz_s001_t000,power_line,0.0,canonicalized,0,-1.251130,0.208234,1.062396
aaaaajjb_s001_t001,power_line,0.0,canonicalized,0,1.957567,0.837159,4.562608
aaaaajje_s001_t000,power_line,0.0,canonicalized,0,-2.063683,0.110226,5.481170
aaaaajjk_s001_t000,power_line,0.0,canonicalized,0,-2.311266,0.089658,0.341236
aaaaajna_s001_t000,power_line,0.0,canonicalized,0,-1.450173,0.179459,1.833338
aaaaajnu_s001_t000,power_line,0.0,canonicalized,0,-2.565613,0.072194,4.514059
aaaaajon_s001_t000,power_line,0.0,canonicalized,0,-0.856419,0.274899,0.341431
aaaaajoo_s002_t001,power_line,0.0,canonicalized,1,-0.030309,0.449048,2.520011
aaaaajpg_s001_t001,power_line,0.0,canonicalized,0,-2.260635,0.093561,0.541869
aaaaajqh_s004_t000,power_line,0.0,canonicalized,1,9.002352,0.999715,5.989583
aaaaajqk_s003_t001,power_line,0.0,canonicalized,1,4.988813,0.988407,0.783429
aaaaajrf_s001_t000,power_line,0.0,canonicalized,1,6.850991,0.997915,2.093751
aaaaajrf_s002_t000,power_line,0.0,canonicalized,1,11.602089,0.999974,5.125755
aaaaajrf_s003_t002,power_line,0.0,canonicalized,1,10.360484,0.999919,2.075467
aaaaajrf_s004_t000,power_line,0.0,canonicalized,1,3.125529,0.938159,0.375704
aaaaajso_s001_t000,power_line,0.0,canonicalized,1,8.767158,0.999646,5.771150
aaaaajtg_s001_t000,power_line,0.0,canonicalized,0,-0.183729,0.414192,2.740711
aaaaajtu_s001_t000,power_line,0.0,canonicalized,0,-0.273634,0.394136,1.720723
aaaaajuh_s001_t000,power_line,0.0,canonicalized,1,7.605799,0.998963,4.506998
aaaaajun_s001_t000,power_line,0.0,canonicalized,0,4.565491,0.982934,1.298545
aaaaajvh_s001_t001,power_line,0.0,canonicalized,0,-2.210674,0.097561,0.373441
aaaaajxp_s001_t000,power_line,0.0,canonicalized,0,0.774751,0.632130,1.546636
aaaaakck_s001_t001,power_line,0.0,canonicalized,1,1.799165,0.816151,0.109180
aaaaakcx_s001_t001,power_line,0.0,canonicalized,1,9.800092,0.999864,1.631602
aaaaakcy_s005_t001,power_line,0.0,canonicalized,1,8.816933,0.999662,0.443684
aaaaakdj_s001_t000,power_line,0.0,canonicalized,1,0.485921,0.568017,0.717272
aaaaakdo_s001_t000,power_line,0.0,canonicalized,1,0.469897,0.564371,2.702775
aaaaakeq_s001_t000,power_line,0.0,canonicalized,1,1.959801,0.837441,1.081401
aaaaakeq_s002_t000,power_line,0.0,canonicalized,1,2.324878,0.878420,5.149065
aaaaakeq_s003_t000,power_line,0.0,canonicalized,1,3.926552,0.969572,2.351763
aaaaakev_s001_t001,power_line,0.0,canonicalized,1,9.227114,0.999769,4.698120
aaaaakev_s002_t000,power_line,0.0,canonicalized,1,8.999028,0.999715,5.370451
aaaaakft_s001_t000,power_line,0.0,canonicalized,0,-2.848992,0.056465,0.995986
aaaaakgp_s001_t001,power_line,0.0,canonicalized,0,0.777216,0.632661,1.786987
aaaaakgu_s001_t000,power_line,0.0,canonicalized,1,-1.845834,0.131633,0.209388
aaaaakjk_s002_t002,power_line,0.0,canonicalized,1,2.196769,0.865164,7.672108
aaaaakjk_s003_t000,power_line,0.0,canonicalized,1,2.433522,0.888767,0.640946
aaaaakka_s001_t001,power_line,0.0,canonicalized,0,-1.147659,0.224481,1.129812
aaaaakmg_s003_t001,power_line,0.0,canonicalized,1,8.235785,0.999421,1.173804
aaaaakmh_s001_t000,power_line,0.0,canonicalized,1,1.327351,0.741417,4.195727
aaaaaknt_s001_t000,power_line,0.0,canonicalized,1,3.683660,0.962184,0.713802
aaaaakoo_s001_t001,power_line,0.0,canonicalized,1,8.799171,0.999656,0.767317
aaaaakqg_s001_t001,power_line,0.0,canonicalized,0,-1.243130,0.209458,1.262333
aaaaakqr_s001_t000,power_line,0.0,canonicalized,0,-2.839344,0.056943,0.329007
aaaaakrt_s001_t001,power_line,0.0,canonicalized,1,6.962137,0.998119,0.394993
aaaaakrt_s002_t001,power_line,0.0,canonicalized,1,7.542199,0.998900,0.516150
aaaaaksb_s001_t000,power_line,0.0,canonicalized,0,-2.306133,0.090047,0.293243
aaaaaksu_s001_t001,power_line,0.0,canonicalized,0,0.890360,0.656667,0.554019
aaaaakxz_s001_t001,power_line,0.0,canonicalized,1,4.139227,0.974877,1.020011
aaaaakxz_s002_t001,power_line,0.0,canonicalized,1,4.494084,0.981788,0.343841
aaaaalaf_s001_t000,power_line,0.0,canonicalized,0,-2.249810,0.094415,0.541912
aaaaalau_s001_t000,power_line,0.0,canonicalized,1,5.512606,0.992832,4.992144
aaaaalbh_s001_t000,power_line,0.0,canonicalized,1,2.349873,0.880872,2.229428
aaaaalbt_s001_t001,power_line,0.0,canonicalized,0,-0.672315,0.310168,0.461908
aaaaalbt_s002_t000,power_line,0.0,canonicalized,0,-0.866219,0.273093,0.815229
aaaaalbz_s006_t000,power_line,0.0,canonicalized,1,7.629519,0.998985,17.657812
aaaaalid_s001_t001,power_line,0.0,canonicalized,0,1.448144,0.762288,0.801954
aaaaaljf_s001_t000,power_line,0.0,canonicalized,1,5.420403,0.992198,1.764884
aaaaaljj_s001_t000,power_line,0.0,canonicalized,0,-2.679672,0.065428,0.898377
aaaaallc_s001_t001,power_line,0.0,canonicalized,0,0.132168,0.486507,0.618265
aaaaalle_s002_t000,power_line,0.0,canonicalized,1,1.192431,0.716739,1.480795
aaaaalox_s001_t001,power_line,0.0,canonicalized,0,4.683436,0.984674,2.384210
aaaaalpv_s001_t000,power_line,0.0,canonicalized,0,-0.026437,0.449935,2.740002
aaaaalqa_s001_t000,power_line,0.0,canonicalized,0,-0.546093,0.335728,0.833122
aaaaalqr_s001_t001,power_line,0.0,canonicalized,1,0.830847,0.644131,0.376276
aaaaalqs_s001_t001,power_line,0.0,canonicalized,0,-2.135240,0.103890,0.469845
aaaaalqx_s001_t000,power_line,0.0,canonicalized,0,-3.573323,0.029681,0.251280
aaaaalrc_s002_t000,power_line,0.0,canonicalized,1,12.817328,0.999992,0.106460
aaaaalsq_s001_t000,power_line,0.0,canonicalized,0,0.994438,0.678068,0.669368
aaaaalsx_s001_t000,power_line,0.0,canonicalized,1,0.231382,0.509483,1.230081
aaaaalsx_s004_t001,power_line,0.0,canonicalized,1,0.702473,0.616425,0.189300
aaaaaluz_s001_t001,power_line,0.0,canonicalized,0,-3.496494,0.031801,0.256540
aaaaalvw_s001_t000,power_line,0.0,canonicalized,0,-3.630843,0.028184,0.512881
aaaaalvz_s001_t000,power_line,0.0,canonicalized,1,9.590626,0.999835,1.822764
aaaaalxk_s001_t000,power_line,0.0,canonicalized,0,-0.018037,0.451862,0.556704
aaaaalyr_s001_t000,power_line,0.0,canonicalized,1,1.687088,0.800056,0.566342
aaaaalzk_s002_t001,power_line,0.0,canonicalized,1,9.931049,0.999880,3.710876
aaaaamcb_s001_t001,power_line,0.0,canonicalized,1,8.348974,0.999479,2.637121
aaaaamfe_s001_t001,power_line,0.0,canonicalized,0,0.204914,0.503354,0.102789
aaaaamft_s001_t001,power_line,0.0,canonicalized,1,1.486991,0.768748,0.220940
aaaaamfu_s001_t000,power_line,0.0,canonicalized,0,-2.037087,0.112666,0.133188
aaaaamhi_s001_t000,power_line,0.0,canonicalized,1,5.423843,0.992223,6.743644
aaaaamhk_s001_t000,power_line,0.0,canonicalized,1,5.356024,0.991722,0.537674
aaaaamjc_s001_t001,power_line,0.0,canonicalized,1,8.611883,0.999591,0.592790
aaaaammh_s001_t001,power_line,0.0,canonicalized,1,2.918511,0.926051,0.377693
aaaaamnq_s001_t000,power_line,0.0,canonicalized,1,7.659806,0.999013,3.155356
aaaaamnq_s002_t000,power_line,0.0,canonicalized,1,5.671903,0.993810,0.417244
aaaaamon_s001_t000,power_line,0.0,canonicalized,0,-0.163585,0.418728,2.901719
aaaaampz_s001_t000,power_line,0.0,canonicalized,1,1.237694,0.725176,3.267190
aaaaamrj_s001_t000,power_line,0.0,canonicalized,0,1.704260,0.802589,0.557868
aaaaamsc_s001_t000,power_line,0.0,canonicalized,1,6.416794,0.996886,0.207716
aaaaamtb_s001_t000,power_line,0.0,canonicalized,0,2.961625,0.928740,0.823095
aaaaamuc_s001_t000,power_line,0.0,canonicalized,0,-1.972526,0.118786,0.172072
aaaaamxn_s001_t000,power_line,0.0,canonicalized,1,0.281163,0.521002,0.580952
aaaaamyb_s001_t001,power_line,0.0,canonicalized,0,0.002141,0.456497,1.345558
aaaaamye_s001_t000,power_line,0.0,canonicalized,1,10.404281,0.999922,0.826751
aaaaamzi_s001_t001,power_line,0.0,canonicalized,1,6.343047,0.996666,1.104032
aaaaamzl_s001_t000,power_line,0.0,canonicalized,0,-2.155313,0.102171,0.579614
aaaaamzx_s001_t000,power_line,0.0,canonicalized,0,-2.699714,0.064301,2.267225
aaaaanbq_s001_t000,power_line,0.0,canonicalized,0,-1.091176,0.233723,0.289263
aaaaanek_s001_t000,power_line,0.0,canonicalized,0,-2.809486,0.058447,0.111515
aaaaangp_s001_t000,power_line,0.0,canonicalized,0,0.129032,0.485781,0.531621
aaaaanhb_s001_t003,power_line,0.0,canonicalized,1,2.881387,0.923661,1.575269
aaaaanhb_s003_t001,power_line,0.0,canonicalized,1,5.259569,0.990956,0.579852
aaaaanhb_s005_t000,power_line,0.0,canonicalized,1,9.094950,0.999739,0.832848
aaaaankf_s001_t000,power_line,0.0,canonicalized,1,4.493314,0.981776,2.131465
aaaaanlp_s001_t000,power_line,0.0,canonicalized,0,-1.272280,0.205021,0.276767
aaaaanmc_s001_t000,power_line,0.0,canonicalized,1,8.585052,0.999581,3.350047
aaaaanop_s001_t000,power_line,0.0,canonicalized,0,1.149191,0.708536,2.558986
aaaaanoz_s001_t000,power_line,0.0,canonicalized,1,0.321017,0.530209,0.651194
aaaaanpr_s001_t002,power_line,0.0,canonicalized,1,5.412543,0.992141,7.235799
aaaaanqe_s001_t000,power_line,0.0,canonicalized,0,-2.932075,0.052501,0.636279
aaaaanro_s001_t000,power_line,0.0,canonicalized,1,3.455228,0.953683,1.694504
aaaaansj_s001_t000,power_line,0.0,canonicalized,1,5.344670,0.991636,3.521293
aaaaanta_s001_t000,power_line,0.0,canonicalized,1,6.246306,0.996355,8.311026
aaaaanum_s001_t000,power_line,0.0,canonicalized,0,-0.037411,0.447420,1.307668
aaaaanvb_s002_t000,power_line,0.0,canonicalized,0,-1.344901,0.194272,0.187400
aaaaanvg_s001_t002,power_line,0.0,canonicalized,0,2.471051,0.892159,1.063397
aaaaanvw_s001_t000,power_line,0.0,canonicalized,0,-2.888341,0.054553,0.777490
aaaaanwc_s001_t001,power_line,0.0,canonicalized,1,6.941011,0.998082,15.114196
aaaaanxl_s001_t000,power_line,0.0,canonicalized,1,6.484978,0.997076,12.812692
aaaaanyb_s001_t001,power_line,0.0,canonicalized,0,1.117489,0.702433,0.844835
aaaaanyt_s002_t000,power_line,0.0,canonicalized,1,6.009018,0.995463,2.511156
aaaaanyw_s001_t000,power_line,0.0,canonicalized,1,2.588426,0.902184,0.186786
aaaaanyw_s002_t000,power_line,0.0,canonicalized,1,4.315338,0.978579,1.656269
aaaaanzh_s001_t000,power_line,0.0,canonicalized,1,-0.695445,0.305601,3.082682
aaaaanzu_s001_t003,power_line,0.0,canonicalized,1,2.108388,0.855323,3.455170
aaaaaoav_s001_t000,power_line,0.0,canonicalized,0,-2.813856,0.058224,0.293902
aaaaaoav_s002_t000,power_line,0.0,canonicalized,0,-1.600250,0.159888,0.449937
aaaaaobi_s001_t000,power_line,0.0,canonicalized,1,-0.498128,0.345710,10.684360
aaaaaobl_s001_t000,power_line,0.0,canonicalized,0,-0.260180,0.397117,2.019586
aaaaaoby_s001_t000,power_line,0.0,canonicalized,0,-0.061294,0.441956,4.833374
aaaaaoda_s001_t000,power_line,0.0,canonicalized,1,8.218967,0.999412,8.702627
aaaaaoeg_s001_t000,power_line,0.0,canonicalized,0,1.660030,0.796015,0.786430
aaaaaofj_s001_t000,power_line,0.0,canonicalized,0,-2.474169,0.078078,0.439454
aaaaaofr_s001_t000,power_line,0.0,canonicalized,0,3.140482,0.938958,1.407310
aaaaaofz_s001_t000,power_line,0.0,canonicalized,0,0.151136,0.490898,0.989103
aaaaaohb_s001_t000,power_line,0.0,canonicalized,1,2.647558,0.906913,0.360260
aaaaaohr_s002_t001,power_line,0.0,canonicalized,1,6.380638,0.996780,0.444400
aaaaaoiq_s001_t000,power_line,0.0,canonicalized,1,2.112383,0.855781,0.354389
aaaaaoiv_s001_t000,power_line,0.0,canonicalized,1,0.839063,0.645874,0.116959
aaaaaoiv_s002_t001,power_line,0.0,canonicalized,1,9.136087,0.999749,1.192082
aaaaaoiv_s003_t003,power_line,0.0,canonicalized,1,6.769082,0.997751,0.069594
aaaaaojd_s001_t002,power_line,0.0,canonicalized,0,0.267063,0.517741,2.108229
aaaaaokg_s001_t000,power_line,0.0,canonicalized,0,4.595971,0.983402,3.046425
aaaaaoly_s001_t000,power_line,0.0,canonicalized,0,-0.776629,0.289877,6.702924
aaaaaome_s001_t000,power_line,0.0,canonicalized,0,-1.087302,0.234366,2.231485
aaaaaomx_s001_t000,power_line,0.0,canonicalized,0,-0.131588,0.425960,0.776193
aaaaaomy_s001_t000,power_line,0.0,canonicalized,1,4.442165,0.980908,5.576884
aaaaaonb_s001_t000,power_line,0.0,canonicalized,0,1.089848,0.697053,2.026449
aaaaaons_s002_t002,power_line,0.0,canonicalized,1,7.404539,0.998751,0.387846
aaaaaopd_s001_t000,power_line,0.0,canonicalized,0,-0.578515,0.329062,2.407168
aaaaaopo_s001_t000,power_line,0.0,canonicalized,0,-1.938427,0.122133,0.108137
aaaaaora_s002_t000,power_line,0.0,canonicalized,1,2.270925,0.872980,0.543607
aaaaaord_s001_t000,power_line,0.0,canonicalized,1,2.105458,0.854987,0.541965
aaaaaosh_s001_t000,power_line,0.0,canonicalized,1,1.495371,0.770125,1.336208
aaaaaosw_s001_t000,power_line,0.0,canonicalized,0,1.330159,0.741916,4.002450
aaaaaote_s001_t000,power_line,0.0,canonicalized,0,-1.072176,0.236890,0.979363
aaaaaout_s001_t000,power_line,0.0,canonicalized,1,2.826006,0.919963,2.511462
aaaaaovl_s001_t000,power_line,0.0,canonicalized,1,4.270993,0.977700,0.104068
aaaaaovo_s001_t000,power_line,0.0,canonicalized,1,8.510006,0.999551,0.175311
aaaaaowb_s001_t000,power_line,0.0,canonicalized,0,0.218996,0.506615,0.998004
aaaaaoxf_s001_t000,power_line,0.0,canonicalized,0,-1.473390,0.176313,0.606409
aaaaaozf_s001_t001,power_line,0.0,canonicalized,0,-0.263847,0.396303,1.554760
aaaaapag_s001_t000,power_line,0.0,canonicalized,0,-2.310204,0.089738,2.336686
aaaaapar_s001_t000,power_line,0.0,canonicalized,1,12.150313,0.999985,0.287349
aaaaapcb_s001_t000,power_line,0.0,canonicalized,0,3.171392,0.940579,0.209626
aaaaapcy_s001_t002,power_line,0.0,canonicalized,0,-3.066951,0.046621,0.353745
aaaaapdg_s001_t000,power_line,0.0,canonicalized,0,-1.167970,0.221222,0.095475
aaaaaphs_s001_t000,power_line,0.0,canonicalized,1,3.319694,0.947809,3.761623
aaaaaphw_s001_t000,power_line,0.0,canonicalized,0,1.795957,0.815704,0.632847
aaaaapij_s001_t000,power_line,0.0,canonicalized,0,0.370371,0.541581,1.115162
aaaaapjc_s001_t001,power_line,0.0,canonicalized,0,-4.549000,0.012236,0.228823
aaaaapka_s001_t000,power_line,0.0,canonicalized,0,-1.019442,0.245835,0.449441
aaaaapkx_s001_t001,power_line,0.0,canonicalized,1,-1.870067,0.129088,3.334018
aaaaaply_s001_t001,power_line,0.0,canonicalized,1,3.828553,0.966776,3.421063
aaaaapmb_s002_t001,power_line,0.0,canonicalized,1,6.932059,0.998066,0.861444
aaaaapmp_s001_t000,power_line,0.0,canonicalized,1,-0.544311,0.336096,1.899450
aaaaapnr_s001_t000,power_line,0.0,canonicalized,1,-1.759301,0.141071,1.991794
aaaaapoc_s001_t000,power_line,0.0,canonicalized,1,4.954304,0.988035,5.377734
aaaaapof_s001_t000,power_line,0.0,canonicalized,0,-3.427652,0.033825,0.161465
aaaaapoo_s001_t000,power_line,0.0,canonicalized,0,-3.067820,0.046585,1.558462
aaaaapoq_s001_t000,power_line,0.0,canonicalized,0,1.177905,0.713999,2.101599
aaaaappb_s001_t000,power_line,0.0,canonicalized,0,0.311460,0.528003,3.466488
aaaaapqd_s001_t000,power_line,0.0,canonicalized,1,1.284848,0.733796,3.047111
aaaaapqv_s001_t000,power_line,0.0,canonicalized,0,-3.156170,0.043082,2.169340
aaaaapta_s001_t000,power_line,0.0,canonicalized,1,6.243790,0.996347,1.599038
aaaaapth_s001_t000,power_line,0.0,canonicalized,1,2.745472,0.914294,6.330779
aaaaapua_s001_t001,power_line,0.0,canonicalized,0,-3.692362,0.026664,0.443427
aaaaapuu_s001_t000,power_line,0.0,canonicalized,0,-2.095899,0.107333,1.807532
aaaaapvw_s001_t001,power_line,0.0,canonicalized,1,5.376163,0.991874,3.253197
aaaaapvy_s001_t000,power_line,0.0,canonicalized,1,4.152763,0.975183,9.192408
aaaaapwn_s001_t001,power_line,0.0,canonicalized,0,-1.264943,0.206132,1.691417
aaaaapwo_s001_t001,power_line,0.0,canonicalized,1,8.856062,0.999674,0.652752
aaaaapxm_s001_t001,power_line,0.0,canonicalized,0,-1.801472,0.136403,0.509571
aaaaapys_s001_t001,power_line,0.0,canonicalized,1,12.608388,0.999990,0.183696
aaaaapys_s002_t001,power_line,0.0,canonicalized,1,9.332268,0.999790,5.928584
aaaaaayx_s002_t000,power_line,0.0,naive,0,0.063878,0.470720,1.520740
aaaaabdo_s003_t000,power_line,0.0,naive,1,11.653025,0.999976,2.323690
aaaaabsk_s007_t000,power_line,0.0,naive,1,2.257293,0.871573,1.891021
aaaaabuv_s002_t000,power_line,0.0,naive,1,3.012115,0.931775,1.368799
aaaaacad_s003_t000,power_line,0.0,naive,0,1.207621,0.719588,0.929398
aaaaacby_s004_t000,power_line,0.0,naive,0,0.636499,0.601873,0.355738
aaaaaddm_s006_t000,power_line,0.0,naive,1,3.547496,0.957316,4.893257
aaaaadeu_s002_t000,power_line,0.0,naive,1,3.135116,0.938672,1.351177
aaaaadjk_s002_t000,power_line,0.0,naive,0,-2.144082,0.103130,0.390470
aaaaadkb_s002_t000,power_line,0.0,naive,1,6.977126,0.998145,6.587543
aaaaadsm_s002_t001,power_line,0.0,naive,0,-2.051763,0.111314,1.293102
aaaaaeab_s003_t000,power_line,0.0,naive,0,-0.432935,0.359496,0.449014
aaaaaejc_s003_t001,power_line,0.0,naive,0,3.438748,0.953004,0.654695
aaaaaezn_s003_t001,power_line,0.0,naive,1,2.188915,0.864313,8.491155
aaaaafhl_s003_t000,power_line,0.0,naive,1,3.630749,0.960359,0.189689
aaaaagfk_s003_t000,power_line,0.0,naive,0,-0.975633,0.253438,1.678429
aaaaagsc_s003_t001,power_line,0.0,naive,1,4.678639,0.984607,6.100058
aaaaagsc_s006_t001,power_line,0.0,naive,1,1.348067,0.745080,1.468034
aaaaaguk_s002_t001,power_line,0.0,naive,0,-3.849080,0.023144,0.357711
aaaaagvx_s002_t000,power_line,0.0,naive,1,0.915904,0.661983,0.834889
aaaaagvx_s003_t001,power_line,0.0,naive,1,2.101965,0.854585,0.752345
aaaaagyr_s002_t000,power_line,0.0,naive,1,0.079828,0.474403,1.261743
aaaaahie_s005_t001,power_line,0.0,naive,1,7.957320,0.999251,2.016593
aaaaahsv_s002_t000,power_line,0.0,naive,0,-0.080779,0.437509,2.864514
aaaaahte_s002_t000,power_line,0.0,naive,1,8.841509,0.999670,4.149898
aaaaahte_s003_t000,power_line,0.0,naive,1,10.350424,0.999918,0.488180
aaaaahuy_s002_t000,power_line,0.0,naive,1,-1.377304,0.189616,0.077642
aaaaahzi_s001_t000,power_line,0.0,naive,0,-0.688211,0.307025,0.823230
aaaaahzm_s001_t001,power_line,0.0,naive,0,-0.303817,0.387479,1.188075
aaaaahzq_s001_t000,power_line,0.0,naive,0,-3.573148,0.029686,0.046751
aaaaahzs_s001_t001,power_line,0.0,naive,0,0.075727,0.473456,2.688205
aaaaaiae_s001_t000,power_line,0.0,naive,0,1.513625,0.773105,2.023726
aaaaaibx_s001_t000,power_line,0.0,naive,0,0.610421,0.596070,0.284983
aaaaaiby_s001_t000,power_line,0.0,naive,0,-0.970722,0.254300,1.373598
aaaaaici_s001_t000,power_line,0.0,naive,0,-1.841967,0.132043,6.878412
aaaaaicn_s001_t000,power_line,0.0,naive,0,2.154605,0.860542,2.400234
aaaaaijh_s002_t000,power_line,0.0,naive,1,-3.476297,0.032383,0.308045
aaaaaijn_s001_t001,power_line,0.0,naive,0,0.044736,0.466304,0.792814
aaaaairb_s001_t001,power_line,0.0,naive,0,0.043963,0.466125,1.035764
aaaaairo_s001_t000,power_line,0.0,naive,0,-2.492394,0.076872,2.058827
aaaaaitt_s001_t000,power_line,0.0,naive,0,-3.326952,0.037010,4.479047
aaaaaiue_s004_t000,power_line,0.0,naive,1,0.595872,0.592820,4.126394
aaaaaiuo_s002_t000,power_line,0.0,naive,0,3.506286,0.955728,1.115168
aaaaaiwz_s001_t001,power_line,0.0,naive,0,-1.352164,0.193221,0.982623
aaaaaiyy_s001_t001,power_line,0.0,naive,0,-2.921591,0.052986,0.349001
aaaaaizd_s001_t001,power_line,0.0,naive,0,0.256069,0.515197,3.098274
aaaaaizs_s001_t000,power_line,0.0,naive,0,1.577926,0.783385,1.302722
aaaaajae_s001_t001,power_line,0.0,naive,0,6.306369,0.996552,3.850901
aaaaajah_s002_t001,power_line,0.0,naive,1,2.032595,0.846415,2.517936
aaaaajah_s004_t000,power_line,0.0,naive,1,-0.691327,0.306411,3.695118
aaaaajal_s001_t001,power_line,0.0,naive,0,-3.214867,0.040895,0.400903
aaaaajam_s001_t000,power_line,0.0,naive,1,-0.369202,0.373202,0.345522
aaaaajar_s001_t001,power_line,0.0,naive,0,-0.293250,0.389805,0.185963
aaaaajbb_s001_t000,power_line,0.0,naive,0,2.147576,0.859758,0.523892
aaaaajbh_s002_t000,power_line,0.0,naive,0,-4.129820,0.017939,0.328717
aaaaajce_s001_t000,power_line,0.0,naive,0,-0.876116,0.271276,0.315523
aaaaajci_s001_t000,power_line,0.0,naive,0,-3.079032,0.046126,1.494375
aaaaajck_s001_t000,power_line,0.0,naive,0,-3.928197,0.021544,0.052947
aaaaajct_s001_t000,power_line,0.0,naive,0,3.116684,0.937682,5.441905
aaaaajcu_s001_t000,power_line,0.0,naive,0,1.410360,0.755886,0.881596
aaaaajda_s001_t000,power_line,0.0,naive,0,-3.714514,0.026137,0.487967
aaaaajdb_s001_t000,power_line,0.0,naive,0,-1.349502,0.193606,4.682688
aaaaajdv_s001_t000,power_line,0.0,naive,0,2.934616,0.927066,5.246428
aaaaajdy_s001_t000,power_line,0.0,naive,0,-2.619827,0.068901,0.933192
aaaaajdz_s001_t000,power_line,0.0,naive,0,-1.460121,0.178106,0.404567
aaaaajea_s001_t000,power_line,0.0,naive,0,3.306742,0.947212,2.705548
aaaaajen_s001_t000,power_line,0.0,naive,0,-1.748807,0.142253,2.184108
aaaaajey_s001_t000,power_line,0.0,naive,0,-0.454707,0.354865,0.519617
aaaaajfb_s001_t000,power_line,0.0,naive,0,-3.327166,0.037003,3.111117
aaaaajfe_s001_t000,power_line,0.0,naive,0,-0.971377,0.254185,0.557672
aaaaajff_s001_t000,power_line,0.0,naive,0,-3.416033,0.034179,0.775816
aaaaajfi_s001_t001,power_line,0.0,naive,0,-0.854218,0.275306,0.495182
aaaaajfn_s001_t001,power_line,0.0,naive,0,-2.564612,0.072256,1.446481
aaaaajfy_s001_t000,power_line,0.0,naive,0,-4.213251,0.016626,0.273001
aaaaajga_s001_t001,power_line,0.0,naive,0,1.763039,0.811075,8.248930
aaaaajhy_s001_t000,power_line,0.0,naive,0,-3.026057,0.048334,4.900802
aaaaajit_s001_t001,power_line,0.0,naive,0,-3.411446,0.034319,0.660960
aaaaajiu_s001_t000,power_line,0.0,naive,0,7.084450,0.998320,8.583858
aaaaajiy_s001_t001,power_line,0.0,naive,0,0.035682,0.464217,1.975745
aaaaajiz_s001_t000,power_line,0.0,naive,0,-1.222812,0.212592,1.180137
aaaaajjb_s001_t001,power_line,0.0,naive,0,3.586259,0.958759,6.050410
aaaaajje_s001_t000,power_line,0.0,naive,0,-1.392008,0.187532,7.881739
aaaaajjk_s001_t000,power_line,0.0,naive,0,-1.961442,0.119865,0.472923
aaaaajna_s001_t000,power_line,0.0,naive,0,-1.511941,0.171186,2.114309
aaaaajnu_s001_t000,power_line,0.0,naive,0,-2.101228,0.106861,7.553094
aaaaajon_s001_t000,power_line,0.0,naive,0,-0.294186,0.389598,1.745418
aaaaajoo_s002_t001,power_line,0.0,naive,1,0.346391,0.536060,3.072455
aaaaajpg_s001_t001,power_line,0.0,naive,0,-1.755841,0.141460,0.626608
aaaaajqh_s004_t000,power_line,0.0,naive,1,9.163168,0.999755,6.094094
aaaaajqk_s003_t001,power_line,0.0,naive,1,5.482210,0.992629,0.783559
aaaaajrf_s001_t000,power_line,0.0,naive,1,9.806299,0.999865,3.300573
aaaaajrf_s002_t000,power_line,0.0,naive,1,12.666443,0.999990,4.467886
aaaaajrf_s003_t002,power_line,0.0,naive,1,14.231085,0.999998,1.788673
aaaaajrf_s004_t000,power_line,0.0,naive,1,4.599400,0.983453,0.405958
aaaaajso_s001_t000,power_line,0.0,naive,1,9.078749,0.999735,5.560745
aaaaajtg_s001_t000,power_line,0.0,naive,0,-0.165078,0.418391,2.847309
aaaaajtu_s001_t000,power_line,0.0,naive,0,-0.081485,0.437348,1.967212
aaaaajuh_s001_t000,power_line,0.0,naive,1,10.141081,0.999901,7.672545
aaaaajun_s001_t000,power_line,0.0,naive,0,5.383239,0.991927,1.479416
aaaaajvh_s001_t001,power_line,0.0,naive,0,-2.311117,0.089669,0.518722
aaaaajxp_s001_t000,power_line,0.0,naive,0,1.448248,0.762305,1.420209
aaaaakck_s001_t001,power_line,0.0,naive,1,3.041095,0.933462,1.916751
aaaaakcx_s001_t001,power_line,0.0,naive,1,10.124566,0.999899,1.645677
aaaaakcy_s005_t001,power_line,0.0,naive,1,9.276946,0.999779,0.405547
aaaaakdj_s001_t000,power_line,0.0,naive,1,0.500555,0.571341,0.733212
aaaaakdo_s001_t000,power_line,0.0,naive,1,0.551118,0.582774,2.998133
aaaaakeq_s001_t000,power_line,0.0,naive,1,2.086375,0.852781,1.094730
aaaaakeq_s002_t000,power_line,0.0,naive,1,2.378031,0.883582,5.046820
aaaaakeq_s003_t000,power_line,0.0,naive,1,4.020882,0.972047,2.532813
aaaaakev_s001_t001,power_line,0.0,naive,1,10.191536,0.999905,4.348852
aaaaakev_s002_t000,power_line,0.0,naive,1,12.272773,0.999986,6.321672
aaaaakft_s001_t000,power_line,0.0,naive,0,-2.186105,0.099584,2.241213
aaaaakgp_s001_t001,power_line,0.0,naive,0,0.855135,0.649272,1.901754
aaaaakgu_s001_t000,power_line,0.0,naive,1,-1.628419,0.156413,0.239187
aaaaakjk_s002_t002,power_line,0.0,naive,1,3.324778,0.948042,1.933267
aaaaakjk_s003_t000,power_line,0.0,naive,1,2.744450,0.914220,0.535266
aaaaakka_s001_t001,power_line,0.0,naive,0,-0.820695,0.281545,1.056149
aaaaakmg_s003_t001,power_line,0.0,naive,1,11.063600,0.999958,0.968356
aaaaakmh_s001_t000,power_line,0.0,naive,1,4.813672,0.986392,8.549643
aaaaaknt_s001_t000,power_line,0.0,naive,1,4.539067,0.982519,0.928830
aaaaakoo_s001_t001,power_line,0.0,naive,1,11.878305,0.999980,0.880273
aaaaakqg_s001_t001,power_line,0.0,naive,0,-1.038166,0.242634,1.966146
aaaaakqr_s001_t000,power_line,0.0,naive,0,-2.813823,0.058226,0.304609
aaaaakrt_s001_t001,power_line,0.0,naive,1,7.371137,0.998711,0.427552
aaaaakrt_s002_t001,power_line,0.0,naive,1,7.733285,0.999078,0.663040
aaaaaksb_s001_t000,power_line,0.0,naive,0,-2.217072,0.097041,0.547238
aaaaaksu_s001_t001,power_line,0.0,naive,0,1.251850,0.727782,0.780163
aaaaakxz_s001_t001,power_line,0.0,naive,1,5.746604,0.994221,1.363101
aaaaakxz_s002_t001,power_line,0.0,naive,1,6.764551,0.997742,0.843276
aaaaalaf_s001_t000,power_line,0.0,naive,0,-2.231937,0.095841,0.617610
aaaaalau_s001_t000,power_line,0.0,naive,1,6.238011,0.996327,5.909011
aaaaalbh_s001_t000,power_line,0.0,naive,1,2.382798,0.884036,2.540271
aaaaalbt_s001_t001,power_line,0.0,naive,0,-0.137013,0.424731,0.665812
aaaaalbt_s002_t000,power_line,0.0,naive,0,0.022524,0.461186,1.441008
aaaaalbz_s006_t000,power_line,0.0,naive,1,7.972317,0.999261,17.391207
aaaaalid_s001_t001,power_line,0.0,naive,0,0.874237,0.653292,4.892931
aaaaaljf_s001_t000,power_line,0.0,naive,1,5.484507,0.992645,1.923802
aaaaaljj_s001_t000,power_line,0.0,naive,0,-2.711521,0.063646,0.911182
aaaaallc_s001_t001,power_line,0.0,naive,0,0.437118,0.556890,0.843967
aaaaalle_s002_t000,power_line,0.0,naive,1,1.722775,0.805292,1.816401
aaaaalox_s001_t001,power_line,0.0,naive,0,5.305102,0.991326,2.433177
aaaaalpv_s001_t000,power_line,0.0,naive,0,1.013069,0.681824,5.392980
aaaaalqa_s001_t000,power_line,0.0,naive,0,-0.360996,0.374983,1.147413
aaaaalqr_s001_t001,power_line,0.0,naive,1,9.119627,0.999745,2.007480
aaaaalqs_s001_t001,power_line,0.0,naive,0,-2.036026,0.112764,0.608008
aaaaalqx_s001_t000,power_line,0.0,naive,0,-3.590040,0.029238,0.240231
aaaaalrc_s002_t000,power_line,0.0,naive,1,14.708080,0.999999,0.073946
aaaaalsq_s001_t000,power_line,0.0,naive,0,1.455758,0.763563,0.685594
aaaaalsx_s001_t000,power_line,0.0,naive,1,0.539977,0.580262,1.465645
aaaaalsx_s004_t001,power_line,0.0,naive,1,1.958214,0.837241,0.334672
aaaaaluz_s001_t001,power_line,0.0,naive,0,-3.509296,0.031438,0.260548
aaaaalvw_s001_t000,power_line,0.0,naive,0,-3.645991,0.027802,0.511187
aaaaalvz_s001_t000,power_line,0.0,naive,1,11.018797,0.999956,1.904040
aaaaalxk_s001_t000,power_line,0.0,naive,0,1.393324,0.752962,1.232950
aaaaalyr_s001_t000,power_line,0.0,naive,1,3.809423,0.966202,0.905314
aaaaalzk_s002_t001,power_line,0.0,naive,1,10.291161,0.999914,2.966190
aaaaamcb_s001_t001,power_line,0.0,naive,1,9.152088,0.999752,2.952429
aaaaamfe_s001_t001,power_line,0.0,naive,0,0.951084,0.669237,0.343595
aaaaamft_s001_t001,power_line,0.0,naive,1,5.761600,0.994301,0.342563
aaaaamfu_s001_t000,power_line,0.0,naive,0,-2.005503,0.115625,0.110260
aaaaamhi_s001_t000,power_line,0.0,naive,1,8.252647,0.999430,10.265312
aaaaamhk_s001_t000,power_line,0.0,naive,1,6.217857,0.996258,0.791797
aaaaamjc_s001_t001,power_line,0.0,naive,1,11.738886,0.999977,0.908235
aaaaammh_s001_t001,power_line,0.0,naive,1,4.557512,0.982810,0.552176
aaaaamnq_s001_t000,power_line,0.0,naive,1,9.982273,0.999885,3.848749
aaaaamnq_s002_t000,power_line,0.0,naive,1,7.866968,0.999186,0.671273
aaaaamon_s001_t000,power_line,0.0,naive,0,0.640260,0.602708,4.681849
aaaaampz_s001_t000,power_line,0.0,naive,1,6.160558,0.996055,2.658964
aaaaamrj_s001_t000,power_line,0.0,naive,0,2.944835,0.927704,0.770182
aaaaamsc_s001_t000,power_line,0.0,naive,1,7.090114,0.998329,0.266142
aaaaamtb_s001_t000,power_line,0.0,naive,0,2.872926,0.923106,0.891544
aaaaamuc_s001_t000,power_line,0.0,naive,0,-1.571007,0.163561,0.190366
aaaaamxn_s001_t000,power_line,0.0,naive,1,0.479975,0.566665,0.599543
aaaaamyb_s001_t001,power_line,0.0,naive,0,1.023508,0.683918,1.272560
aaaaamye_s001_t000,power_line,0.0,naive,1,13.802324,0.999997,1.197448
aaaaamzi_s001_t001,power_line,0.0,naive,1,10.168821,0.999903,2.235553
aaaaamzl_s001_t000,power_line,0.0,naive,0,-2.007411,0.115444,0.717647
aaaaamzx_s001_t000,power_line,0.0,naive,0,-2.634366,0.068042,2.463477
aaaaanbq_s001_t000,power_line,0.0,naive,0,-0.543641,0.336235,0.420500
aaaaanek_s001_t000,power_line,0.0,naive,0,-2.798063,0.059032,0.110402
aaaaangp_s001_t000,power_line,0.0,naive,0,0.466919,0.563692,0.582218
aaaaanhb_s001_t003,power_line,0.0,naive,1,5.210770,0.990541,2.291776
aaaaanhb_s003_t001,power_line,0.0,naive,1,5.255944,0.990926,0.643134
aaaaanhb_s005_t000,power_line,0.0,naive,1,9.891315,0.999875,1.172102
aaaaankf_s001_t000,power_line,0.0,naive,1,6.779260,0.997772,1.817006
aaaaanlp_s001_t000,power_line,0.0,naive,0,-1.233435,0.210950,0.448025
aaaaanmc_s001_t000,power_line,0.0,naive,1,9.276567,0.999779,3.686028
aaaaanop_s001_t000,power_line,0.0,naive,0,5.554694,0.993104,3.137880
aaaaanoz_s001_t000,power_line,0.0,naive,1,0.484385,0.567668,0.833774
aaaaanpr_s001_t002,power_line,0.0,naive,1,8.554741,0.999569,10.257648
aaaaanqe_s001_t000,power_line,0.0,naive,0,-2.908846,0.053582,0.625727
aaaaanro_s001_t000,power_line,0.0,naive,1,6.705123,0.997614,2.140414
aaaaansj_s001_t000,power_line,0.0,naive,1,5.599819,0.993385,3.228458
aaaaanta_s001_t000,power_line,0.0,naive,1,7.917868,0.999223,10.789833
aaaaanum_s001_t000,power_line,0.0,naive,0,0.079283,0.474277,1.415898
aaaaanvb_s002_t000,power_line,0.0,naive,0,-1.333741,0.195896,0.193767
aaaaanvg_s001_t002,power_line,0.0,naive,0,4.533592,0.982431,1.645867
aaaaanvw_s001_t000,power_line,0.0,naive,0,-2.881422,0.054885,0.758076
aaaaanwc_s001_t001,power_line,0.0,naive,1,8.001719,0.999281,16.237602
aaaaanxl_s001_t000,power_line,0.0,naive,1,8.004218,0.999283,14.695094
aaaaanyb_s001_t001,power_line,0.0,naive,0,1.632832,0.791893,0.979083
aaaaanyt_s002_t000,power_line,0.0,naive,1,8.754204,0.999642,1.987842
aaaaanyw_s001_t000,power_line,0.0,naive,1,2.779769,0.916752,0.339190
aaaaanyw_s002_t000,power_line,0.0,naive,1,4.367086,0.979561,1.916461
aaaaanzh_s001_t000,power_line,0.0,naive,1,-0.553876,0.334121,3.436459
aaaaanzu_s001_t003,power_line,0.0,naive,1,2.454113,0.890639,3.683416
aaaaaoav_s001_t000,power_line,0.0,naive,0,-2.701835,0.064183,0.311268
aaaaaoav_s002_t000,power_line,0.0,naive,0,-1.542007,0.167270,0.394919
aaaaaobi_s001_t000,power_line,0.0,naive,1,-0.334239,0.380811,11.169408
aaaaaobl_s001_t000,power_line,0.0,naive,0,0.019112,0.460400,2.296488
aaaaaoby_s001_t000,power_line,0.0,naive,0,0.023628,0.461440,5.041440
aaaaaoda_s001_t000,power_line,0.0,naive,1,8.441168,0.999521,9.115976
aaaaaoeg_s001_t000,power_line,0.0,naive,0,2.071096,0.850995,0.875803
aaaaaofj_s001_t000,power_line,0.0,naive,0,-2.769470,0.060521,0.434266
aaaaaofr_s001_t000,power_line,0.0,naive,0,3.946413,0.970110,1.421412
aaaaaofz_s001_t000,power_line,0.0,naive,0,0.232234,0.509680,1.285454
aaaaaohb_s001_t000,power_line,0.0,naive,1,4.846472,0.986794,0.233214
aaaaaohr_s002_t001,power_line,0.0,naive,1,7.106729,0.998354,0.484752
aaaaaoiq_s001_t000,power_line,0.0,naive,1,2.403852,0.886021,0.343124
aaaaaoiv_s001_t000,power_line,0.0,naive,1,1.511051,0.772687,0.114187
aaaaaoiv_s002_t001,power_line,0.0,naive,1,9.797144,0.999864,0.988450
aaaaaoiv_s003_t003,power_line,0.0,naive,1,9.778228,0.999861,0.105121
aaaaaojd_s001_t002,power_line,0.0,naive,0,0.482624,0.567267,1.819890
aaaaaokg_s001_t000,power_line,0.0,naive,0,5.496449,0.992725,3.198577
aaaaaoly_s001_t000,power_line,0.0,naive,0,-0.643935,0.315821,7.569090
aaaaaome_s001_t000,power_line,0.0,naive,0,-1.146668,0.224641,1.533047
aaaaaomx_s001_t000,power_line,0.0,naive,0,6.176479,0.996112,4.751532
aaaaaomy_s001_t000,power_line,0.0,naive,1,4.386388,0.979916,6.009204
aaaaaonb_s001_t000,power_line,0.0,naive,0,1.222747,0.722407,2.457969
aaaaaons_s002_t002,power_line,0.0,naive,1,7.685490,0.999037,0.404963
aaaaaopd_s001_t000,power_line,0.0,naive,0,-0.427269,0.360706,3.338100
aaaaaopo_s001_t000,power_line,0.0,naive,0,-1.932318,0.122741,0.114240
aaaaaora_s002_t000,power_line,0.0,naive,1,2.408155,0.886423,0.492030
aaaaaord_s001_t000,power_line,0.0,naive,1,2.166898,0.861903,0.555103
aaaaaosh_s001_t000,power_line,0.0,naive,1,1.609332,0.788282,1.269248
aaaaaosw_s001_t000,power_line,0.0,naive,0,1.721696,0.805136,3.811162
aaaaaote_s001_t000,power_line,0.0,naive,0,-0.707613,0.303214,1.103228
aaaaaout_s001_t000,power_line,0.0,naive,1,3.003523,0.931267,2.466989
aaaaaovl_s001_t000,power_line,0.0,naive,1,4.816154,0.986423,0.122686
aaaaaovo_s001_t000,power_line,0.0,naive,1,9.154333,0.999753,0.366584
aaaaaowb_s001_t000,power_line,0.0,naive,0,0.477474,0.566096,1.333201
aaaaaoxf_s001_t000,power_line,0.0,naive,0,-1.401503,0.186195,0.633926
aaaaaozf_s001_t001,power_line,0.0,naive,0,0.494204,0.569899,3.469689
aaaaapag_s001_t000,power_line,0.0,naive,0,-2.437221,0.080578,2.867400
aaaaapar_s001_t000,power_line,0.0,naive,1,14.742115,0.999999,0.574356
aaaaapcb_s001_t000,power_line,0.0,naive,0,5.207931,0.990517,0.344052
aaaaapcy_s001_t002,power_line,0.0,naive,0,-3.106697,0.045011,0.497394
aaaaapdg_s001_t000,power_line,0.0,naive,0,-1.263843,0.206298,0.111536
aaaaaphs_s001_t000,power_line,0.0,naive,1,3.306236,0.947189,4.082024
aaaaaphw_s001_t000,power_line,0.0,naive,0,2.297332,0.875668,0.700756
aaaaapij_s001_t000,power_line,0.0,naive,0,0.830150,0.643983,1.466098
aaaaapjc_s001_t001,power_line,0.0,naive,0,-4.684165,0.010811,0.178075
aaaaapka_s001_t000,power_line,0.0,naive,0,-0.887444,0.269207,0.473514
aaaaapkx_s001_t001,power_line,0.0,naive,1,-1.978818,0.118177,3.936085
aaaaaply_s001_t001,power_line,0.0,naive,1,6.832857,0.997880,5.856894
aaaaapmb_s002_t001,power_line,0.0,naive,1,7.245352,0.998552,0.530660
aaaaapmp_s001_t000,power_line,0.0,naive,1,-0.562508,0.332345,2.048709
aaaaapnr_s001_t000,power_line,0.0,naive,1,-1.527812,0.169110,2.629167
aaaaapoc_s001_t000,power_line,0.0,naive,1,5.249071,0.990868,5.992500
aaaaapof_s001_t000,power_line,0.0,naive,0,-3.438995,0.033483,0.157614
aaaaapoo_s001_t000,power_line,0.0,naive,0,-2.974615,0.050575,1.737506
aaaaapoq_s001_t000,power_line,0.0,naive,0,1.717545,0.804531,2.866061
aaaaappb_s001_t000,power_line,0.0,naive,0,1.494504,0.769983,5.332039
aaaaapqd_s001_t000,power_line,0.0,naive,1,2.374895,0.883283,4.520151
aaaaapqv_s001_t000,power_line,0.0,naive,0,-2.557234,0.072715,3.052628
aaaaapta_s001_t000,power_line,0.0,naive,1,9.022043,0.999721,2.638339
aaaaapth_s001_t000,power_line,0.0,naive,1,4.636207,0.983999,4.895328
aaaaapua_s001_t001,power_line,0.0,naive,0,-3.923815,0.021629,0.346300
aaaaapuu_s001_t000,power_line,0.0,naive,0,-1.925016,0.123471,1.875235
aaaaapvw_s001_t001,power_line,0.0,naive,1,5.488216,0.992670,3.580513
aaaaapvy_s001_t000,power_line,0.0,naive,1,7.059408,0.998281,7.881960
aaaaapwn_s001_t001,power_line,0.0,naive,0,-1.035079,0.243159,2.020213
aaaaapwo_s001_t001,power_line,0.0,naive,1,8.983948,0.999711,0.653630
aaaaapxm_s001_t001,power_line,0.0,naive,0,-1.771997,0.139652,0.457756
aaaaapys_s001_t001,power_line,0.0,naive,1,13.943449,0.999997,0.251761
aaaaapys_s002_t001,power_line,0.0,naive,1,11.875264,0.999980,8.803598
aaaaaayx_s002_t000,power_line,15.0,canonicalized,0,-0.015418,0.452463,1.620641
aaaaabdo_s003_t000,power_line,15.0,canonicalized,1,7.923174,0.999227,1.876469
aaaaabsk_s007_t000,power_line,15.0,canonicalized,1,1.573567,0.782699,1.102028
aaaaabuv_s002_t000,power_line,15.0,canonicalized,1,2.919106,0.926089,1.352486
aaaaacad_s003_t000,power_line,15.0,canonicalized,0,0.364823,0.540305,0.544132
aaaaacby_s004_t000,power_line,15.0,canonicalized,0,-0.233293,0.403096,0.267039
aaaaaddm_s006_t000,power_line,15.0,canonicalized,1,3.462208,0.953968,4.678096
aaaaadeu_s002_t000,power_line,15.0,canonicalized,1,2.697530,0.910749,1.184654
aaaaadjk_s002_t000,power_line,15.0,canonicalized,0,-2.342902,0.087294,0.320679
aaaaadkb_s002_t000,power_line,15.0,canonicalized,1,6.978513,0.998147,6.761635
aaaaadsm_s002_t001,power_line,15.0,canonicalized,0,-2.154096,0.102275,0.951746
aaaaaeab_s003_t000,power_line,15.0,canonicalized,0,-0.500389,0.345236,0.414295
aaaaaejc_s003_t001,power_line,15.0,canonicalized,0,2.914763,0.925813,0.830368
aaaaaezn_s003_t001,power_line,15.0,canonicalized,1,1.065993,0.692365,6.667881
aaaaafhl_s003_t000,power_line,15.0,canonicalized,1,2.963520,0.928856,0.269032
aaaaagfk_s003_t000,power_line,15.0,canonicalized,0,-1.155798,0.223171,1.234926
aaaaagsc_s003_t001,power_line,15.0,canonicalized,1,4.642551,0.984092,5.929300
aaaaagsc_s006_t001,power_line,15.0,canonicalized,1,1.086105,0.696320,1.341399
aaaaaguk_s002_t001,power_line,15.0,canonicalized,0,-3.794317,0.024319,0.390915
aaaaagvx_s002_t000,power_line,15.0,canonicalized,1,0.564798,0.585852,0.772681
aaaaagvx_s003_t001,power_line,15.0,canonicalized,1,1.906872,0.830654,0.692516
aaaaagyr_s002_t000,power_line,15.0,canonicalized,1,-0.564780,0.331878,0.706223
aaaaahie_s005_t001,power_line,15.0,canonicalized,1,7.723588,0.999070,1.991840
aaaaahsv_s002_t000,power_line,15.0,canonicalized,0,-0.670168,0.310593,2.509641
aaaaahte_s002_t000,power_line,15.0,canonicalized,1,8.919526,0.999693,3.566306
aaaaahte_s003_t000,power_line,15.0,canonicalized,1,9.459256,0.999814,0.424649
aaaaahuy_s002_t000,power_line,15.0,canonicalized,1,-1.475011,0.176095,0.060060
aaaaahzi_s001_t000,power_line,15.0,canonicalized,0,-0.860565,0.274134,0.709215
aaaaahzm_s001_t001,power_line,15.0,canonicalized,0,-1.093173,0.233391,1.351311
aaaaahzq_s001_t000,power_line,15.0,canonicalized,0,-3.628364,0.028247,0.060945
aaaaahzs_s001_t001,power_line,15.0,canonicalized,0,-1.052704,0.240167,1.691564
aaaaaiae_s001_t000,power_line,15.0,canonicalized,0,0.877293,0.653933,1.807479
aaaaaibx_s001_t000,power_line,15.0,canonicalized,0,0.156402,0.492118,0.228307
aaaaaiby_s001_t000,power_line,15.0,canonicalized,0,-1.222050,0.212711,1.151242
aaaaaici_s001_t000,power_line,15.0,canonicalized,0,-2.136609,0.103772,4.611717
aaaaaicn_s001_t000,power_line,15.0,canonicalized,0,0.736974,0.623954,2.046231
aaaaaijh_s002_t000,power_line,15.0,canonicalized,1,-2.881971,0.054859,0.415634
aaaaaijn_s001_t001,power_line,15.0,canonicalized,0,-0.256831,0.397860,0.635425
aaaaairb_s001_t001,power_line,15.0,canonicalized,0,-0.387405,0.369266,0.821443
aaaaairo_s001_t000,power_line,15.0,canonicalized,0,-2.655142,0.066831,1.296288
aaaaaitt_s001_t000,power_line,15.0,canonicalized,0,-3.335957,0.036714,3.773992
aaaaaiue_s004_t000,power_line,15.0,canonicalized,1,0.266451,0.517600,3.823934
aaaaaiuo_s002_t000,power_line,15.0,canonicalized,0,3.018824,0.932169,0.819072
aaaaaiwz_s001_t001,power_line,15.0,canonicalized,0,-1.710913,0.146591,0.823976
aaaaaiyy_s001_t001,power_line,15.0,canonicalized,0,-3.164591,0.042761,0.225211
aaaaaizd_s001_t001,power_line,15.0,canonicalized,0,-0.036691,0.447585,2.586198
aaaaaizs_s001_t000,power_line,15.0,canonicalized,0,1.178826,0.714173,1.099591
aaaaajae_s001_t001,power_line,15.0,canonicalized,0,5.356829,0.991729,3.846345
aaaaajah_s002_t001,power_line,15.0,canonicalized,1,0.545822,0.581580,1.082854
aaaaajah_s004_t000,power_line,15.0,canonicalized,1,-0.851777,0.275757,2.537910
aaaaajal_s001_t001,power_line,15.0,canonicalized,0,-3.200448,0.041422,0.335985
aaaaajam_s001_t000,power_line,15.0,canonicalized,1,-0.932496,0.261074,0.332386
aaaaajar_s001_t001,power_line,15.0,canonicalized,0,-0.838453,0.278229,0.134864
aaaaajbb_s001_t000,power_line,15.0,canonicalized,0,1.958572,0.837286,0.569221
aaaaajbh_s002_t000,power_line,15.0,canonicalized,0,-4.374231,0.014356,0.263562
aaaaajce_s001_t000,power_line,15.0,canonicalized,0,-0.978534,0.252930,0.158781
aaaaajci_s001_t000,power_line,15.0,canonicalized,0,-3.058697,0.046962,1.475028
aaaaajck_s001_t000,power_line,15.0,canonicalized,0,-3.919067,0.021723,0.051117
aaaaajct_s001_t000,power_line,15.0,canonicalized,0,1.575318,0.782975,3.673013
aaaaajcu_s001_t000,power_line,15.0,canonicalized,0,0.721635,0.620614,0.696325
aaaaajda_s001_t000,power_line,15.0,canonicalized,0,-3.756915,0.025155,0.456907
aaaaajdb_s001_t000,power_line,15.0,canonicalized,0,-1.576750,0.162834,3.454754
aaaaajdv_s001_t000,power_line,15.0,canonicalized,0,2.760082,0.915349,4.944111
aaaaajdy_s001_t000,power_line,15.0,canonicalized,0,-2.641746,0.067609,0.912836
aaaaajdz_s001_t000,power_line,15.0,canonicalized,0,-1.426373,0.182729,0.406594
aaaaajea_s001_t000,power_line,15.0,canonicalized,0,2.408849,0.886487,2.950749
aaaaajen_s001_t000,power_line,15.0,canonicalized,0,-1.951732,0.120818,1.794796
aaaaajey_s001_t000,power_line,15.0,canonicalized,0,-0.493766,0.346624,0.469669
aaaaajfb_s001_t000,power_line,15.0,canonicalized,0,-3.418585,0.034101,1.822227
aaaaajfe_s001_t000,power_line,15.0,canonicalized,0,-1.579262,0.162517,0.407082
aaaaajff_s001_t000,power_line,15.0,canonicalized,0,-3.737246,0.025606,0.616948
aaaaajfi_s001_t001,power_line,15.0,canonicalized,0,-1.186033,0.218352,0.249732
aaaaajfn_s001_t001,power_line,15.0,canonicalized,0,-2.655962,0.066784,1.144575
aaaaajfy_s001_t000,power_line,15.0,canonicalized,0,-4.201072,0.016812,0.196383
aaaaajga_s001_t001,power_line,15.0,canonicalized,0,0.583299,0.590005,5.421684
aaaaajhy_s001_t000,power_line,15.0,canonicalized,0,-2.988822,0.049946,3.475952
aaaaajit_s001_t001,power_line,15.0,canonicalized,0,-3.364648,0.035785,0.587954
aaaaajiu_s001_t000,power_line,15.0,canonicalized,0,1.695915,0.801361,5.781021
aaaaajiy_s001_t001,power_line,15.0,canonicalized,0,-0.448775,0.356124,1.426798
aaaaajiz_s001_t000,power_line,15.0,canonicalized,0,-1.250560,0.208321,1.060064
aaaaajjb_s001_t001,power_line,15.0,canonicalized,0,1.959791,0.837440,4.538290
aaaaajje_s001_t000,power_line,15.0,canonicalized,0,-2.063778,0.110218,5.482404
aaaaajjk_s001_t000,power_line,15.0,canonicalized,0,-2.310876,0.089687,0.340478
aaaaajna_s001_t000,power_line,15.0,canonicalized,0,-1.449691,0.179525,1.836102
aaaaajnu_s001_t000,power_line,15.0,canonicalized,0,-2.557007,0.072730,4.478371
aaaaajon_s001_t000,power_line,15.0,canonicalized,0,-0.857496,0.274700,0.342053
aaaaajoo_s002_t001,power_line,15.0,canonicalized,1,-0.061283,0.441959,2.432663
aaaaajpg_s001_t001,power_line,15.0,canonicalized,0,-2.260608,0.093563,0.541813
aaaaajqh_s004_t000,power_line,15.0,canonicalized,1,9.002321,0.999715,5.987942
aaaaajqk_s003_t001,power_line,15.0,canonicalized,1,4.986865,0.988386,0.790143
aaaaajrf_s001_t000,power_line,15.0,canonicalized,1,6.850938,0.997915,2.095476
aaaaajrf_s002_t000,power_line,15.0,canonicalized,1,11.599478,0.999974,5.114844
aaaaajrf_s003_t002,power_line,15.0,canonicalized,1,10.364030,0.999919,2.089508
aaaaajrf_s004_t000,power_line,15.0,canonicalized,1,3.127458,0.938263,0.372650
aaaaajso_s001_t000,power_line,15.0,canonicalized,1,8.767225,0.999646,5.770651
aaaaajtg_s001_t000,power_line,15.0,canonicalized,0,-0.183837,0.414168,2.741872
aaaaajtu_s001_t000,power_line,15.0,canonicalized,0,-0.272230,0.394447,1.718339
aaaaajuh_s001_t000,power_line,15.0,canonicalized,1,7.614607,0.998971,4.519877
aaaaajun_s001_t000,power_line,15.0,canonicalized,0,4.565657,0.982937,1.299037
aaaaajvh_s001_t001,power_line,15.0,canonicalized,0,-2.209378,0.097667,0.377772
aaaaajxp_s001_t000,power_line,15.0,canonicalized,0,0.776734,0.632557,1.541336
aaaaakck_s001_t001,power_line,15.0,canonicalized,1,1.803478,0.816749,0.107836
aaaaakcx_s001_t001,power_line,15.0,canonicalized,1,9.801848,0.999864,1.635152
aaaaakcy_s005_t001,power_line,15.0,canonicalized,1,8.816840,0.999662,0.444089
aaaaakdj_s001_t000,power_line,15.0,canonicalized,1,0.485276,0.567871,0.718678
aaaaakdo_s001_t000,power_line,15.0,canonicalized,1,0.472123,0.564878,2.704343
aaaaakeq_s001_t000,power_line,15.0,canonicalized,1,1.960068,0.837475,1.080762
aaaaakeq_s002_t000,power_line,15.0,canonicalized,1,2.325582,0.878490,5.145892
aaaaakeq_s003_t000,power_line,15.0,canonicalized,1,3.927225,0.969591,2.351897
aaaaakev_s001_t001,power_line,15.0,canonicalized,1,9.234030,0.999770,4.744487
aaaaakev_s002_t000,power_line,15.0,canonicalized,1,8.998511,0.999714,5.380782
aaaaakft_s001_t000,power_line,15.0,canonicalized,0,-2.849899,0.056420,0.997291
aaaaakgp_s001_t001,power_line,15.0,canonicalized,0,0.776752,0.632561,1.788576
aaaaakgu_s001_t000,power_line,15.0,canonicalized,1,-1.847140,0.131495,0.210510
aaaaakjk_s002_t002,power_line,15.0,canonicalized,1,2.174663,0.862757,7.607204
aaaaakjk_s003_t000,power_line,15.0,canonicalized,1,2.420177,0.887539,0.668581
aaaaakka_s001_t001,power_line,15.0,canonicalized,0,-1.145954,0.224756,1.125611
aaaaakmg_s003_t001,power_line,15.0,canonicalized,1,8.223125,0.999414,1.182669
aaaaakmh_s001_t000,power_line,15.0,canonicalized,1,1.328158,0.741561,4.190548
aaaaaknt_s001_t000,power_line,15.0,canonicalized,1,3.682892,0.962158,0.713976
aaaaakoo_s001_t001,power_line,15.0,canonicalized,1,8.804199,0.999658,0.762695
aaaaakqg_s001_t001,power_line,15.0,canonicalized,0,-1.240970,0.209790,1.251839
aaaaakqr_s001_t000,power_line,15.0,canonicalized,0,-2.839832,0.056918,0.329377
aaaaakrt_s001_t001,power_line,15.0,canonicalized,1,6.965718,0.998125,0.401268
aaaaakrt_s002_t001,power_line,15.0,canonicalized,1,7.532406,0.998890,0.518671
aaaaaksb_s001_t000,power_line,15.0,canonicalized,0,-2.306007,0.090056,0.293121
aaaaaksu_s001_t001,power_line,15.0,canonicalized,0,0.889138,0.656412,0.555358
aaaaakxz_s001_t001,power_line,15.0,canonicalized,1,4.142612,0.974954,1.007060
aaaaakxz_s002_t001,power_line,15.0,canonicalized,1,4.490209,0.981724,0.352923
aaaaalaf_s001_t000,power_line,15.0,canonicalized,0,-2.250397,0.094369,0.543326
aaaaalau_s001_t000,power_line,15.0,canonicalized,1,5.513891,0.992841,4.984540
aaaaalbh_s001_t000,power_line,15.0,canonicalized,1,2.350075,0.880891,2.229806
aaaaalbt_s001_t001,power_line,15.0,canonicalized,0,-0.672238,0.310183,0.462853
aaaaalbt_s002_t000,power_line,15.0,canonicalized,0,-0.865187,0.273283,0.814511
aaaaalbz_s006_t000,power_line,15.0,canonicalized,1,7.629314,0.998985,17.662582
aaaaalid_s001_t001,power_line,15.0,canonicalized,0,1.444816,0.761728,0.792166
aaaaaljf_s001_t000,power_line,15.0,canonicalized,1,5.423687,0.992222,1.762392
aaaaaljj_s001_t000,power_line,15.0,canonicalized,0,-2.683955,0.065185,0.902657
aaaaallc_s001_t001,power_line,15.0,canonicalized,0,0.119698,0.483621,0.610768
aaaaalle_s002_t000,power_line,15.0,canonicalized,1,1.192493,0.716751,1.480912
aaaaalox_s001_t001,power_line,15.0,canonicalized,0,4.673402,0.984533,2.426503
aaaaalpv_s001_t000,power_line,15.0,canonicalized,0,-0.027356,0.449725,2.736818
aaaaalqa_s001_t000,power_line,15.0,canonicalized,0,-0.547422,0.335453,0.837463
aaaaalqr_s001_t001,power_line,15.0,canonicalized,1,0.829992,0.643949,0.376429
aaaaalqs_s001_t001,power_line,15.0,canonicalized,0,-2.136514,0.103780,0.471661
aaaaalqx_s001_t000,power_line,15.0,canonicalized,0,-3.573384,0.029680,0.251344
aaaaalrc_s002_t000,power_line,15.0,canonicalized,1,12.818495,0.999992,0.105895
aaaaalsq_s001_t000,power_line,15.0,canonicalized,0,0.992489,0.677673,0.668690
aaaaalsx_s001_t000,power_line,15.0,canonicalized,1,0.230180,0.509205,1.228739
aaaaalsx_s004_t001,power_line,15.0,canonicalized,1,0.706484,0.617303,0.190114
aaaaaluz_s001_t001,power_line,15.0,canonicalized,0,-3.495982,0.031816,0.256119
aaaaalvw_s001_t000,power_line,15.0,canonicalized,0,-3.632290,0.028148,0.513690
aaaaalvz_s001_t000,power_line,15.0,canonicalized,1,9.582186,0.999834,1.833005
aaaaalxk_s001_t000,power_line,15.0,canonicalized,0,-0.018232,0.451817,0.556870
aaaaalyr_s001_t000,power_line,15.0,canonicalized,1,1.686657,0.799992,0.566458
aaaaalzk_s002_t001,power_line,15.0,canonicalized,1,9.931051,0.999880,3.710987
aaaaamcb_s001_t001,power_line,15.0,canonicalized,1,8.348055,0.999478,2.635344
aaaaamfe_s001_t001,power_line,15.0,canonicalized,0,0.205992,0.503603,0.102879
aaaaamft_s001_t001,power_line,15.0,canonicalized,1,1.485613,0.768521,0.224152
aaaaamfu_s001_t000,power_line,15.0,canonicalized,0,-2.044605,0.111972,0.140278
aaaaamhi_s001_t000,power_line,15.0,canonicalized,1,5.426390,0.992241,6.755356
aaaaamhk_s001_t000,power_line,15.0,canonicalized,1,5.360688,0.991758,0.545678
aaaaamjc_s001_t001,power_line,15.0,canonicalized,1,8.616942,0.999593,0.595611
aaaaammh_s001_t001,power_line,15.0,canonicalized,1,2.918572,0.926055,0.377258
aaaaamnq_s001_t000,power_line,15.0,canonicalized,1,7.660677,0.999014,3.160144
aaaaamnq_s002_t000,power_line,15.0,canonicalized,1,5.672662,0.993814,0.416500
aaaaamon_s001_t000,power_line,15.0,canonicalized,0,-0.164871,0.418437,2.904864
aaaaampz_s001_t000,power_line,15.0,canonicalized,1,1.242133,0.725994,3.258480
aaaaamrj_s001_t000,power_line,15.0,canonicalized,0,1.703604,0.802492,0.559198
aaaaamsc_s001_t000,power_line,15.0,canonicalized,1,6.418148,0.996890,0.206202
aaaaamtb_s001_t000,power_line,15.0,canonicalized,0,2.962250,0.928779,0.822485
aaaaamuc_s001_t000,power_line,15.0,canonicalized,0,-1.973153,0.118725,0.172073
aaaaamxn_s001_t000,power_line,15.0,canonicalized,1,0.266436,0.517596,0.576305
aaaaamyb_s001_t001,power_line,15.0,canonicalized,0,0.001171,0.456274,1.347162
aaaaamye_s001_t000,power_line,15.0,canonicalized,1,10.406599,0.999923,0.824790
aaaaamzi_s001_t001,power_line,15.0,canonicalized,1,6.341652,0.996662,1.102591
aaaaamzl_s001_t000,power_line,15.0,canonicalized,0,-2.155843,0.102126,0.577983
aaaaamzx_s001_t000,power_line,15.0,canonicalized,0,-2.699681,0.064303,2.267000
aaaaanbq_s001_t000,power_line,15.0,canonicalized,0,-1.091195,0.233719,0.289165
aaaaanek_s001_t000,power_line,15.0,canonicalized,0,-2.808890,0.058477,0.111665
aaaaangp_s001_t000,power_line,15.0,canonicalized,0,0.131462,0.486344,0.533227
aaaaanhb_s001_t003,power_line,15.0,canonicalized,1,2.866025,0.922651,1.559759
aaaaanhb_s003_t001,power_line,15.0,canonicalized,1,5.260008,0.990959,0.579994
aaaaanhb_s005_t000,power_line,15.0,canonicalized,1,9.095613,0.999739,0.831478
aaaaankf_s001_t000,power_line,15.0,canonicalized,1,4.492220,0.981757,2.124835
aaaaanlp_s001_t000,power_line,15.0,canonicalized,0,-1.271679,0.205112,0.276475
aaaaanmc_s001_t000,power_line,15.0,canonicalized,1,8.588953,0.999583,3.328623
aaaaanop_s001_t000,power_line,15.0,canonicalized,0,1.154509,0.709552,2.549793
aaaaanoz_s001_t000,power_line,15.0,canonicalized,1,0.327087,0.531610,0.648116
aaaaanpr_s001_t002,power_line,15.0,canonicalized,1,5.413014,0.992145,7.237813
aaaaanqe_s001_t000,power_line,15.0,canonicalized,0,-2.929452,0.052622,0.638160
aaaaanro_s001_t000,power_line,15.0,canonicalized,1,3.456381,0.953730,1.691046
aaaaansj_s001_t000,power_line,15.0,canonicalized,1,5.345865,0.991645,3.516481
aaaaanta_s001_t000,power_line,15.0,canonicalized,1,6.246339,0.996355,8.311690
aaaaanum_s001_t000,power_line,15.0,canonicalized,0,-0.037088,0.447494,1.311944
aaaaanvb_s002_t000,power_line,15.0,canonicalized,0,-1.344975,0.194262,0.187416
aaaaanvg_s001_t002,power_line,15.0,canonicalized,0,2.470412,0.892102,1.064976
aaaaanvw_s001_t000,power_line,15.0,canonicalized,0,-2.886516,0.054641,0.775830
aaaaanwc_s001_t001,power_line,15.0,canonicalized,1,6.942432,0.998084,15.090342
aaaaanxl_s001_t000,power_line,15.0,canonicalized,1,6.490914,0.997092,12.831926
aaaaanyb_s001_t001,power_line,15.0,canonicalized,0,1.115749,0.702096,0.841151
aaaaanyt_s002_t000,power_line,15.0,canonicalized,1,6.001411,0.995431,2.490077
aaaaanyw_s001_t000,power_line,15.0,canonicalized,1,2.576741,0.901224,0.195612
aaaaanyw_s002_t000,power_line,15.0,canonicalized,1,4.316125,0.978594,1.651807
aaaaanzh_s001_t000,power_line,15.0,canonicalized,1,-0.695128,0.305664,3.081078
aaaaanzu_s001_t003,power_line,15.0,canonicalized,1,2.110948,0.855616,3.456588
aaaaaoav_s001_t000,power_line,15.0,canonicalized,0,-2.814326,0.058200,0.293686
aaaaaoav_s002_t000,power_line,15.0,canonicalized,0,-1.593326,0.160751,0.451199
aaaaaobi_s001_t000,power_line,15.0,canonicalized,1,-0.497975,0.345742,10.682123
aaaaaobl_s001_t000,power_line,15.0,canonicalized,0,-0.260826,0.396973,2.020470
aaaaaoby_s001_t000,power_line,15.0,canonicalized,0,-0.268496,0.395273,5.866566
aaaaaoda_s001_t000,power_line,15.0,canonicalized,1,8.218892,0.999412,8.702993
aaaaaoeg_s001_t000,power_line,15.0,canonicalized,0,1.624605,0.790634,0.782420
aaaaaofj_s001_t000,power_line,15.0,canonicalized,0,-2.483093,0.077485,0.446009
aaaaaofr_s001_t000,power_line,15.0,canonicalized,0,3.141851,0.939031,1.402697
aaaaaofz_s001_t000,power_line,15.0,canonicalized,0,0.151325,0.490942,0.988789
aaaaaohb_s001_t000,power_line,15.0,canonicalized,1,2.647317,0.906894,0.359985
aaaaaohr_s002_t001,power_line,15.0,canonicalized,1,6.363906,0.996730,0.479760
aaaaaoiq_s001_t000,power_line,15.0,canonicalized,1,2.111583,0.855689,0.355424
aaaaaoiv_s001_t000,power_line,15.0,canonicalized,1,0.841942,0.646484,0.115961
aaaaaoiv_s002_t001,power_line,15.0,canonicalized,1,9.137615,0.999749,1.190223
aaaaaoiv_s003_t003,power_line,15.0,canonicalized,1,6.779429,0.997773,0.068826
aaaaaojd_s001_t002,power_line,15.0,canonicalized,0,0.267599,0.517865,2.108703
aaaaaokg_s001_t000,power_line,15.0,canonicalized,0,4.592033,0.983342,3.056086
aaaaaoly_s001_t000,power_line,15.0,canonicalized,0,-0.776682,0.289867,6.703021
aaaaaome_s001_t000,power_line,15.0,canonicalized,0,-1.086854,0.234440,2.231035
aaaaaomx_s001_t000,power_line,15.0,canonicalized,0,-0.132263,0.425807,0.774029
aaaaaomy_s001_t000,power_line,15.0,canonicalized,1,4.439351,0.980859,5.574454
aaaaaonb_s001_t000,power_line,15.0,canonicalized,0,1.091303,0.697337,2.021637
aaaaaons_s002_t002,power_line,15.0,canonicalized,1,7.404711,0.998751,0.387852
aaaaaopd_s001_t000,power_line,15.0,canonicalized,0,-0.572787,0.330235,2.443595
aaaaaopo_s001_t000,power_line,15.0,canonicalized,0,-1.939123,0.122064,0.108251
aaaaaora_s002_t000,power_line,15.0,canonicalized,1,2.283769,0.874293,0.545533
aaaaaord_s001_t000,power_line,15.0,canonicalized,1,2.107295,0.855198,0.537578
aaaaaosh_s001_t000,power_line,15.0,canonicalized,1,1.494568,0.769993,1.337446
aaaaaosw_s001_t000,power_line,15.0,canonicalized,0,1.341826,0.743980,3.943326
aaaaaote_s001_t000,power_line,15.0,canonicalized,0,-1.074423,0.236514,0.985222
aaaaaout_s001_t000,power_line,15.0,canonicalized,1,2.832243,0.920388,2.506137
aaaaaovl_s001_t000,power_line,15.0,canonicalized,1,4.278564,0.977853,0.101431
aaaaaovo_s001_t000,power_line,15.0,canonicalized,1,8.510427,0.999551,0.175805
aaaaaowb_s001_t000,power_line,15.0,canonicalized,0,0.219928,0.506831,0.998895
aaaaaoxf_s001_t000,power_line,15.0,canonicalized,0,-1.479181,0.175535,0.609208
aaaaaozf_s001_t001,power_line,15.0,canonicalized,0,-0.264476,0.396164,1.547154
aaaaapag_s001_t000,power_line,15.0,canonicalized,0,-2.310315,0.089730,2.336921
aaaaapar_s001_t000,power_line,15.0,canonicalized,1,12.148615,0.999985,0.286427
aaaaapcb_s001_t000,power_line,15.0,canonicalized,0,3.171166,0.940567,0.209715
aaaaapcy_s001_t002,power_line,15.0,canonicalized,0,-3.067314,0.046606,0.353746
aaaaapdg_s001_t000,power_line,15.0,canonicalized,0,-1.166125,0.221517,0.095662
aaaaaphs_s001_t000,power_line,15.0,canonicalized,1,3.319384,0.947795,3.763681
aaaaaphw_s001_t000,power_line,15.0,canonicalized,0,1.794415,0.815489,0.636004
aaaaapij_s001_t000,power_line,15.0,canonicalized,0,0.370568,0.541626,1.117015
aaaaapjc_s001_t001,power_line,15.0,canonicalized,0,-4.548849,0.012238,0.228894
aaaaapka_s001_t000,power_line,15.0,canonicalized,0,-1.018355,0.246022,0.448266
aaaaapkx_s001_t001,power_line,15.0,canonicalized,1,-1.868486,0.129253,3.330666
aaaaaply_s001_t001,power_line,15.0,canonicalized,1,3.825550,0.966687,3.441835
aaaaapmb_s002_t001,power_line,15.0,canonicalized,1,6.926860,0.998056,0.862951
aaaaapmp_s001_t000,power_line,15.0,canonicalized,1,-0.543619,0.336239,1.894064
aaaaapnr_s001_t000,power_line,15.0,canonicalized,1,-1.758200,0.141194,1.987328
aaaaapoc_s001_t000,power_line,15.0,canonicalized,1,4.953080,0.988021,5.378433
aaaaapof_s001_t000,power_line,15.0,canonicalized,0,-3.427472,0.033830,0.161417
aaaaapoo_s001_t000,power_line,15.0,canonicalized,0,-3.067925,0.046581,1.558904
aaaaapoq_s001_t000,power_line,15.0,canonicalized,0,1.175254,0.713497,2.093698
aaaaappb_s001_t000,power_line,15.0,canonicalized,0,0.311093,0.527918,3.469791
aaaaapqd_s001_t000,power_line,15.0,canonicalized,1,1.277409,0.732448,3.043896
aaaaapqv_s001_t000,power_line,15.0,canonicalized,0,-3.156073,0.043085,2.169343
aaaaapta_s001_t000,power_line,15.0,canonicalized,1,6.261638,0.996406,1.613547
aaaaapth_s001_t000,power_line,15.0,canonicalized,1,2.667222,0.908440,6.664984
aaaaapua_s001_t001,power_line,15.0,canonicalized,0,-3.693362,0.026640,0.442754
aaaaapuu_s001_t000,power_line,15.0,canonicalized,0,-2.098814,0.107074,1.810566
aaaaapvw_s001_t001,power_line,15.0,canonicalized,1,5.376223,0.991875,3.251179
aaaaapvy_s001_t000,power_line,15.0,canonicalized,1,4.153034,0.975189,9.193129
aaaaapwn_s001_t001,power_line,15.0,canonicalized,0,-1.265130,0.206103,1.692596
aaaaapwo_s001_t001,power_line,15.0,canonicalized,1,8.855772,0.999674,0.653492
aaaaapxm_s001_t001,power_line,15.0,canonicalized,0,-1.801801,0.136367,0.510300
aaaaapys_s001_t001,power_line,15.0,canonicalized,1,12.597702,0.999990,0.186874
aaaaapys_s002_t001,power_line,15.0,canonicalized,1,9.077046,0.999734,9.695487
aaaaaayx_s002_t000,power_line,15.0,naive,0,8.318520,0.999464,0.190293
aaaaabdo_s003_t000,power_line,15.0,naive,1,11.090789,0.999959,0.445651
aaaaabsk_s007_t000,power_line,15.0,naive,1,6.561511,0.997276,0.384240
aaaaabuv_s002_t000,power_line,15.0,naive,1,7.018214,0.998214,0.566188
aaaaacad_s003_t000,power_line,15.0,naive,0,4.697772,0.984873,0.740263
aaaaacby_s004_t000,power_line,15.0,naive,0,7.151376,0.998421,0.764336
aaaaaddm_s006_t000,power_line,15.0,naive,1,7.498935,0.998855,3.261257
aaaaadeu_s002_t000,power_line,15.0,naive,1,7.371896,0.998712,0.915673
aaaaadjk_s002_t000,power_line,15.0,naive,0,1.317566,0.739675,0.986471
aaaaadkb_s002_t000,power_line,15.0,naive,1,11.225102,0.999964,3.349584
aaaaadsm_s002_t001,power_line,15.0,naive,0,7.200258,0.998491,1.081199
aaaaaeab_s003_t000,power_line,15.0,naive,0,6.567362,0.997290,0.126546
aaaaaejc_s003_t001,power_line,15.0,naive,0,8.625317,0.999596,0.169425
aaaaaezn_s003_t001,power_line,15.0,naive,1,7.152930,0.998423,3.114395
aaaaafhl_s003_t000,power_line,15.0,naive,1,8.344055,0.999476,0.201111
aaaaagfk_s003_t000,power_line,15.0,naive,0,4.604990,0.983537,1.762456
aaaaagsc_s003_t001,power_line,15.0,naive,1,9.965658,0.999883,3.024200
aaaaagsc_s006_t001,power_line,15.0,naive,1,8.980631,0.999710,0.265959
aaaaaguk_s002_t001,power_line,15.0,naive,0,1.970678,0.838808,0.545213
aaaaagvx_s002_t000,power_line,15.0,naive,1,6.927114,0.998057,0.104866
aaaaagvx_s003_t001,power_line,15.0,naive,1,9.507422,0.999822,0.133332
aaaaagyr_s002_t000,power_line,15.0,naive,1,6.462561,0.997015,0.853618
aaaaahie_s005_t001,power_line,15.0,naive,1,9.890265,0.999875,0.397253
aaaaahsv_s002_t000,power_line,15.0,naive,0,3.958123,0.970423,2.079831
aaaaahte_s002_t000,power_line,15.0,naive,1,12.524027,0.999989,1.224616
aaaaahte_s003_t000,power_line,15.0,naive,1,10.700448,0.999941,0.253262
aaaaahuy_s002_t000,power_line,15.0,naive,1,4.872560,0.987105,0.034825
aaaaahzi_s001_t000,power_line,15.0,naive,0,4.752445,0.985609,0.406616
aaaaahzm_s001_t001,power_line,15.0,naive,0,3.644925,0.960856,0.323561
aaaaahzq_s001_t000,power_line,15.0,naive,0,4.449461,0.981034,0.131559
aaaaahzs_s001_t001,power_line,15.0,naive,0,8.234295,0.999420,0.602619
aaaaaiae_s001_t000,power_line,15.0,naive,0,6.420944,0.996898,2.182316
aaaaaibx_s001_t000,power_line,15.0,naive,0,7.420429,0.998769,0.642505
aaaaaiby_s001_t000,power_line,15.0,naive,0,7.514681,0.998872,0.893293
aaaaaici_s001_t000,power_line,15.0,naive,0,2.821560,0.919659,15.314575
aaaaaicn_s001_t000,power_line,15.0,naive,0,7.996391,0.999278,2.268222
aaaaaijh_s002_t000,power_line,15.0,naive,1,5.331763,0.991536,0.943186
aaaaaijn_s001_t001,power_line,15.0,naive,0,7.027234,0.998229,0.057195
aaaaairb_s001_t001,power_line,15.0,naive,0,5.110163,0.989627,0.503227
aaaaairo_s001_t000,power_line,15.0,naive,0,6.502903,0.997124,3.855710
aaaaaitt_s001_t000,power_line,15.0,naive,0,2.912124,0.925645,8.943679
aaaaaiue_s004_t000,power_line,15.0,naive,1,7.884331,0.999199,2.040529
aaaaaiuo_s002_t000,power_line,15.0,naive,0,9.258785,0.999776,0.366698
aaaaaiwz_s001_t001,power_line,15.0,naive,0,4.764943,0.985773,0.675148
aaaaaiyy_s001_t001,power_line,15.0,naive,0,4.325532,0.978776,0.497159
aaaaaizd_s001_t001,power_line,15.0,naive,0,7.439880,0.998791,4.431150
aaaaaizs_s001_t000,power_line,15.0,naive,0,6.035841,0.995574,0.201541
aaaaajae_s001_t001,power_line,15.0,naive,0,8.857889,0.999675,1.535203
aaaaajah_s002_t001,power_line,15.0,naive,1,6.115038,0.995886,1.241809
aaaaajah_s004_t000,power_line,15.0,naive,1,6.108944,0.995862,0.661752
aaaaajal_s001_t001,power_line,15.0,naive,0,2.230744,0.868794,0.474961
aaaaajam_s001_t000,power_line,15.0,naive,1,10.642709,0.999938,0.055091
aaaaajar_s001_t001,power_line,15.0,naive,0,7.870566,0.999188,0.132940
aaaaajbb_s001_t000,power_line,15.0,naive,0,9.660614,0.999845,0.141009
aaaaajbh_s002_t000,power_line,15.0,naive,0,3.096751,0.936594,0.555408
aaaaajce_s001_t000,power_line,15.0,naive,0,7.070477,0.998298,0.467195
aaaaajci_s001_t000,power_line,15.0,naive,0,0.095865,0.478109,0.451748
aaaaajck_s001_t000,power_line,15.0,naive,0,-0.980340,0.252614,0.234754
aaaaajct_s001_t000,power_line,15.0,naive,0,7.576159,0.998934,2.084384
aaaaajcu_s001_t000,power_line,15.0,naive,0,7.065786,0.998291,0.676756
aaaaajda_s001_t000,power_line,15.0,naive,0,5.859441,0.994792,1.139845
aaaaajdb_s001_t000,power_line,15.0,naive,0,6.303270,0.996542,5.504872
aaaaajdv_s001_t000,power_line,15.0,naive,0,8.702076,0.999624,2.118957
aaaaajdy_s001_t000,power_line,15.0,naive,0,2.289837,0.874910,0.299863
aaaaajdz_s001_t000,power_line,15.0,naive,0,4.080393,0.973507,1.242003
aaaaajea_s001_t000,power_line,15.0,naive,0,11.074456,0.999958,0.294126
aaaaajen_s001_t000,power_line,15.0,naive,0,6.695301,0.997592,2.731594
aaaaajey_s001_t000,power_line,15.0,naive,0,3.014642,0.931923,1.751182
aaaaajfb_s001_t000,power_line,15.0,naive,0,1.661339,0.796212,5.228308
aaaaajfe_s001_t000,power_line,15.0,naive,0,3.815391,0.966382,0.171109
aaaaajff_s001_t000,power_line,15.0,naive,0,1.838164,0.821510,0.230689
aaaaajfi_s001_t001,power_line,15.0,naive,0,7.218772,0.998516,0.939260
aaaaajfn_s001_t001,power_line,15.0,naive,0,5.227622,0.990687,4.486174
aaaaajfy_s001_t000,power_line,15.0,naive,0,3.686401,0.962276,0.400656
aaaaajga_s001_t001,power_line,15.0,naive,0,6.334997,0.996642,2.352629
aaaaajhy_s001_t000,power_line,15.0,naive,0,2.813388,0.919098,2.271813
aaaaajit_s001_t001,power_line,15.0,naive,0,0.721668,0.620621,4.788737
aaaaajiu_s001_t000,power_line,15.0,naive,0,8.513202,0.999552,3.641413
aaaaajiy_s001_t001,power_line,15.0,naive,0,5.125175,0.989769,0.497761
aaaaajiz_s001_t000,power_line,15.0,naive,0,5.379040,0.991896,1.564151
aaaaajjb_s001_t001,power_line,15.0,naive,0,10.136595,0.999900,0.781780
aaaaajje_s001_t000,power_line,15.0,naive,0,5.280356,0.991127,3.264690
aaaaajjk_s001_t000,power_line,15.0,naive,0,3.191403,0.941607,0.333370
aaaaajna_s001_t000,power_line,15.0,naive,0,5.651736,0.993694,1.891203
aaaaajnu_s001_t000,power_line,15.0,naive,0,9.877548,0.999873,1.246228
aaaaajon_s001_t000,power_line,15.0,naive,0,5.382160,0.991919,1.723655
aaaaajoo_s002_t001,power_line,15.0,naive,1,8.478530,0.999538,1.083027
aaaaajpg_s001_t001,power_line,15.0,naive,0,4.535212,0.982457,0.611046
aaaaajqh_s004_t000,power_line,15.0,naive,1,10.537333,0.999931,5.101162
aaaaajqk_s003_t001,power_line,15.0,naive,1,9.076788,0.999734,0.266130
aaaaajrf_s001_t000,power_line,15.0,naive,1,10.395826,0.999922,1.631892
aaaaajrf_s002_t000,power_line,15.0,naive,1,12.343815,0.999987,1.905663
aaaaajrf_s003_t002,power_line,15.0,naive,1,12.013969,0.999983,0.961208
aaaaajrf_s004_t000,power_line,15.0,naive,1,7.963145,0.999255,0.067935
aaaaajso_s001_t000,power_line,15.0,naive,1,11.192633,0.999963,2.735394
aaaaajtg_s001_t000,power_line,15.0,naive,0,6.961085,0.998117,3.409578
aaaaajtu_s001_t000,power_line,15.0,naive,0,9.908833,0.999877,1.997234
aaaaajuh_s001_t000,power_line,15.0,naive,1,9.068763,0.999732,2.734802
aaaaajun_s001_t000,power_line,15.0,naive,0,10.095253,0.999897,0.341103
aaaaajvh_s001_t001,power_line,15.0,naive,0,1.283291,0.733514,1.018939
aaaaajxp_s001_t000,power_line,15.0,naive,0,6.936193,0.998073,0.573226
aaaaakck_s001_t001,power_line,15.0,naive,1,7.456986,0.998810,0.189734
aaaaakcx_s001_t001,power_line,15.0,naive,1,13.263040,0.999995,1.210773
aaaaakcy_s005_t001,power_line,15.0,naive,1,12.773764,0.999991,0.229622
aaaaakdj_s001_t000,power_line,15.0,naive,1,6.303368,0.996542,0.825161
aaaaakdo_s001_t000,power_line,15.0,naive,1,6.615633,0.997408,2.483243
aaaaakeq_s001_t000,power_line,15.0,naive,1,7.451821,0.998804,1.484335
aaaaakeq_s002_t000,power_line,15.0,naive,1,7.820450,0.999150,2.835559
aaaaakeq_s003_t000,power_line,15.0,naive,1,7.961313,0.999254,1.052243
aaaaakev_s001_t001,power_line,15.0,naive,1,11.518634,0.999972,1.475038
aaaaakev_s002_t000,power_line,15.0,naive,1,11.308732,0.999966,1.729981
aaaaakft_s001_t000,power_line,15.0,naive,0,5.420271,0.992197,1.232970
aaaaakgp_s001_t001,power_line,15.0,naive,0,7.794316,0.999129,2.458390
aaaaakgu_s001_t000,power_line,15.0,naive,1,4.053122,0.972848,0.210575
aaaaakjk_s002_t002,power_line,15.0,naive,1,7.703915,0.999053,1.146143
aaaaakjk_s003_t000,power_line,15.0,naive,1,9.317091,0.999787,0.036594
aaaaakka_s001_t001,power_line,15.0,naive,0,7.065794,0.998291,0.097749
aaaaakmg_s003_t001,power_line,15.0,naive,1,12.027004,0.999983,0.192804
aaaaakmh_s001_t000,power_line,15.0,naive,1,7.217933,0.998515,3.207291
aaaaaknt_s001_t000,power_line,15.0,naive,1,7.626298,0.998982,0.523540
aaaaakoo_s001_t001,power_line,15.0,naive,1,10.855304,0.999949,0.380387
aaaaakqg_s001_t001,power_line,15.0,naive,0,8.626840,0.999597,2.188614
aaaaakqr_s001_t000,power_line,15.0,naive,0,6.490083,0.997090,0.232574
aaaaakrt_s001_t001,power_line,15.0,naive,1,10.242239,0.999910,0.097130
aaaaakrt_s002_t001,power_line,15.0,naive,1,8.820822,0.999663,0.253135
aaaaaksb_s001_t000,power_line,15.0,naive,0,4.503073,0.981937,1.040043
aaaaaksu_s001_t001,power_line,15.0,naive,0,9.324906,0.999789,0.165936
aaaaakxz_s001_t001,power_line,15.0,naive,1,7.089124,0.998327,1.217918
aaaaakxz_s002_t001,power_line,15.0,naive,1,10.138210,0.999901,1.104182
aaaaalaf_s001_t000,power_line,15.0,naive,0,2.632397,0.905721,2.937443
aaaaalau_s001_t000,power_line,15.0,naive,1,11.504001,0.999972,2.564510
aaaaalbh_s001_t000,power_line,15.0,naive,1,8.881473,0.999682,1.235670
aaaaalbt_s001_t001,power_line,15.0,naive,0,8.611964,0.999591,0.570547
aaaaalbt_s002_t000,power_line,15.0,naive,0,8.448242,0.999525,2.007294
aaaaalbz_s006_t000,power_line,15.0,naive,1,11.048908,0.999957,4.790237
aaaaalid_s001_t001,power_line,15.0,naive,0,7.826288,0.999154,3.026870
aaaaaljf_s001_t000,power_line,15.0,naive,1,8.548525,0.999567,0.634838
aaaaaljj_s001_t000,power_line,15.0,naive,0,4.024104,0.972128,1.026474
aaaaallc_s001_t001,power_line,15.0,naive,0,8.909404,0.999690,0.083328
aaaaalle_s002_t000,power_line,15.0,naive,1,7.000512,0.998184,0.970273
aaaaalox_s001_t001,power_line,15.0,naive,0,10.530813,0.999931,0.584866
aaaaalpv_s001_t000,power_line,15.0,naive,0,8.134203,0.999364,1.980735
aaaaalqa_s001_t000,power_line,15.0,naive,0,5.636060,0.993602,1.220999
aaaaalqr_s001_t001,power_line,15.0,naive,1,11.339800,0.999967,0.629229
aaaaalqs_s001_t001,power_line,15.0,naive,0,1.340353,0.743720,0.279343
aaaaalqx_s001_t000,power_line,15.0,naive,0,4.108879,0.974179,1.660397
aaaaalrc_s002_t000,power_line,15.0,naive,1,15.910477,1.000000,0.203589
aaaaalsq_s001_t000,power_line,15.0,naive,0,7.717299,0.999065,0.749142
aaaaalsx_s001_t000,power_line,15.0,naive,1,8.521191,0.999556,0.301554
aaaaalsx_s004_t001,power_line,15.0,naive,1,7.786807,0.999123,1.319907
aaaaaluz_s001_t001,power_line,15.0,naive,0,1.920363,0.832405,1.793866
aaaaalvw_s001_t000,power_line,15.0,naive,0,2.441465,0.889493,0.883204
aaaaalvz_s001_t000,power_line,15.0,naive,1,10.112104,0.999898,0.404618
aaaaalxk_s001_t000,power_line,15.0,naive,0,7.057947,0.998278,0.512091
aaaaalyr_s001_t000,power_line,15.0,naive,1,9.984985,0.999885,0.820066
aaaaalzk_s002_t001,power_line,15.0,naive,1,10.964258,0.999954,1.313740
aaaaamcb_s001_t001,power_line,15.0,naive,1,11.578594,0.999974,0.844805
aaaaamfe_s001_t001,power_line,15.0,naive,0,6.887345,0.997984,0.832313
aaaaamft_s001_t001,power_line,15.0,naive,1,13.126963,0.999994,1.566636
aaaaamfu_s001_t000,power_line,15.0,naive,0,5.974125,0.995314,0.438599
aaaaamhi_s001_t000,power_line,15.0,naive,1,10.400165,0.999922,2.425436
aaaaamhk_s001_t000,power_line,15.0,naive,1,9.027983,0.999722,0.151175
aaaaamjc_s001_t001,power_line,15.0,naive,1,10.721790,0.999942,0.759564
aaaaammh_s001_t001,power_line,15.0,naive,1,11.277782,0.999965,0.431670
aaaaamnq_s001_t000,power_line,15.0,naive,1,10.397163,0.999922,0.927470
aaaaamnq_s002_t000,power_line,15.0,naive,1,7.915144,0.999221,0.439751
aaaaamon_s001_t000,power_line,15.0,naive,0,6.426651,0.996914,2.039999
aaaaampz_s001_t000,power_line,15.0,naive,1,8.555855,0.999570,1.384550
aaaaamrj_s001_t000,power_line,15.0,naive,0,10.806850,0.999947,0.305666
aaaaamsc_s001_t000,power_line,15.0,naive,1,10.889180,0.999950,0.360931
aaaaamtb_s001_t000,power_line,15.0,naive,0,7.844940,0.999169,0.718465
aaaaamuc_s001_t000,power_line,15.0,naive,0,6.655526,0.997502,0.260231
aaaaamxn_s001_t000,power_line,15.0,naive,1,8.071712,0.999326,0.610588
aaaaamyb_s001_t001,power_line,15.0,naive,0,8.215708,0.999410,1.229050
aaaaamye_s001_t000,power_line,15.0,naive,1,12.124132,0.999984,0.122764
aaaaamzi_s001_t001,power_line,15.0,naive,1,9.864697,0.999872,1.715835
aaaaamzl_s001_t000,power_line,15.0,naive,0,4.311103,0.978496,0.720989
aaaaamzx_s001_t000,power_line,15.0,naive,0,3.849032,0.967380,0.952189
aaaaanbq_s001_t000,power_line,15.0,naive,0,3.428038,0.952557,0.229378
aaaaanek_s001_t000,power_line,15.0,naive,0,0.882806,0.655088,0.321824
aaaaangp_s001_t000,power_line,15.0,naive,0,7.470709,0.998825,0.289885
aaaaanhb_s001_t003,power_line,15.0,naive,1,7.395779,0.998740,1.373441
aaaaanhb_s003_t001,power_line,15.0,naive,1,8.389750,0.999498,0.662050
aaaaanhb_s005_t000,power_line,15.0,naive,1,10.972178,0.999954,1.360929
aaaaankf_s001_t000,power_line,15.0,naive,1,10.185972,0.999905,0.052796
aaaaanlp_s001_t000,power_line,15.0,naive,0,3.367805,0.949971,1.568887
aaaaanmc_s001_t000,power_line,15.0,naive,1,10.228230,0.999909,0.551848
aaaaanop_s001_t000,power_line,15.0,naive,0,7.728000,0.999074,1.177152
aaaaanoz_s001_t000,power_line,15.0,naive,1,7.134463,0.998396,0.299469
aaaaanpr_s001_t002,power_line,15.0,naive,1,9.932386,0.999880,1.370272
aaaaanqe_s001_t000,power_line,15.0,naive,0,1.298714,0.736298,0.499513
aaaaanro_s001_t000,power_line,15.0,naive,1,9.171714,0.999757,0.442032
aaaaansj_s001_t000,power_line,15.0,naive,1,9.863966,0.999872,1.340770
aaaaanta_s001_t000,power_line,15.0,naive,1,10.861129,0.999949,3.008293
aaaaanum_s001_t000,power_line,15.0,naive,0,5.959049,0.995249,0.602547
aaaaanvb_s002_t000,power_line,15.0,naive,0,2.558159,0.899681,0.658739
aaaaanvg_s001_t002,power_line,15.0,naive,0,8.809461,0.999660,0.320237
aaaaanvw_s001_t000,power_line,15.0,naive,0,0.844241,0.646970,2.584076
aaaaanwc_s001_t001,power_line,15.0,naive,1,8.586307,0.999582,6.329523
aaaaanxl_s001_t000,power_line,15.0,naive,1,10.103371,0.999897,4.842598
aaaaanyb_s001_t001,power_line,15.0,naive,0,7.820163,0.999150,0.350634
aaaaanyt_s002_t000,power_line,15.0,naive,1,9.912971,0.999878,3.403735
aaaaanyw_s001_t000,power_line,15.0,naive,1,7.683209,0.999035,0.118853
aaaaanyw_s002_t000,power_line,15.0,naive,1,8.469193,0.999534,0.307116
aaaaanzh_s001_t000,power_line,15.0,naive,1,7.425431,0.998775,3.066014
aaaaanzu_s001_t003,power_line,15.0,naive,1,8.339235,0.999474,0.962791
aaaaaoav_s001_t000,power_line,15.0,naive,0,4.366738,0.979554,0.291007
aaaaaoav_s002_t000,power_line,15.0,naive,0,8.379721,0.999493,0.181277
aaaaaobi_s001_t000,power_line,15.0,naive,1,8.983244,0.999710,1.998682
aaaaaobl_s001_t000,power_line,15.0,naive,0,10.135649,0.999900,2.143917
aaaaaoby_s001_t000,power_line,15.0,naive,0,8.518005,0.999554,1.806410
aaaaaoda_s001_t000,power_line,15.0,naive,1,12.272544,0.999986,6.194816
aaaaaoeg_s001_t000,power_line,15.0,naive,0,7.253024,0.998563,0.281327
aaaaaofj_s001_t000,power_line,15.0,naive,0,2.806993,0.918656,0.476058
aaaaaofr_s001_t000,power_line,15.0,naive,0,9.367485,0.999797,0.471458
aaaaaofz_s001_t000,power_line,15.0,naive,0,5.342350,0.991618,1.219364
aaaaaohb_s001_t000,power_line,15.0,naive,1,10.770004,0.999945,0.084874
aaaaaohr_s002_t001,power_line,15.0,naive,1,10.568374,0.999933,0.270839
aaaaaoiq_s001_t000,power_line,15.0,naive,1,7.086367,0.998323,0.218474
aaaaaoiv_s001_t000,power_line,15.0,naive,1,9.982504,0.999885,0.065209
aaaaaoiv_s002_t001,power_line,15.0,naive,1,13.097926,0.999994,0.131663
aaaaaoiv_s003_t003,power_line,15.0,naive,1,12.444954,0.999988,0.077461
aaaaaojd_s001_t002,power_line,15.0,naive,0,4.604947,0.983537,0.470093
aaaaaokg_s001_t000,power_line,15.0,naive,0,9.421278,0.999807,2.925382
aaaaaoly_s001_t000,power_line,15.0,naive,0,7.313829,0.998641,6.091033
aaaaaome_s001_t000,power_line,15.0,naive,0,3.919443,0.969377,0.679437
aaaaaomx_s001_t000,power_line,15.0,naive,0,9.277225,0.999779,0.901256
aaaaaomy_s001_t000,power_line,15.0,naive,1,10.026119,0.999890,1.672876
aaaaaonb_s001_t000,power_line,15.0,naive,0,9.110662,0.999743,0.774169
aaaaaons_s002_t002,power_line,15.0,naive,1,10.607450,0.999936,0.057672
aaaaaopd_s001_t000,power_line,15.0,naive,0,7.257858,0.998569,1.585938
aaaaaopo_s001_t000,power_line,15.0,naive,0,1.766459,0.811560,0.413087
aaaaaora_s002_t000,power_line,15.0,naive,1,8.319103,0.999464,0.193720
aaaaaord_s001_t000,power_line,15.0,naive,1,8.162062,0.999380,0.979750
aaaaaosh_s001_t000,power_line,15.0,naive,1,7.388636,0.998732,0.747220
aaaaaosw_s001_t000,power_line,15.0,naive,0,7.921795,0.999226,1.296083
aaaaaote_s001_t000,power_line,15.0,naive,0,7.729038,0.999075,0.872621
aaaaaout_s001_t000,power_line,15.0,naive,1,6.892875,0.997994,1.148211
aaaaaovl_s001_t000,power_line,15.0,naive,1,9.205999,0.999764,0.101497
aaaaaovo_s001_t000,power_line,15.0,naive,1,12.201714,0.999985,0.333483
aaaaaowb_s001_t000,power_line,15.0,naive,0,7.800295,0.999134,0.254126
aaaaaoxf_s001_t000,power_line,15.0,naive,0,5.797535,0.994486,0.255792
aaaaaozf_s001_t001,power_line,15.0,naive,0,5.377831,0.991887,10.204743
aaaaapag_s001_t000,power_line,15.0,naive,0,2.587940,0.902144,9.422312
aaaaapar_s001_t000,power_line,15.0,naive,1,14.759369,0.999999,0.067269
aaaaapcb_s001_t000,power_line,15.0,naive,0,8.207314,0.999406,0.324220
aaaaapcy_s001_t002,power_line,15.0,naive,0,4.433904,0.980764,0.527097
aaaaapdg_s001_t000,power_line,15.0,naive,0,4.349177,0.979226,0.172708
aaaaaphs_s001_t000,power_line,15.0,naive,1,8.908794,0.999690,1.588341
aaaaaphw_s001_t000,power_line,15.0,naive,0,10.144277,0.999901,0.078872
aaaaapij_s001_t000,power_line,15.0,naive,0,11.127069,0.999960,0.154963
aaaaapjc_s001_t001,power_line,15.0,naive,0,2.967330,0.929089,0.492466
aaaaapka_s001_t000,power_line,15.0,naive,0,9.860252,0.999871,0.130889
aaaaapkx_s001_t001,power_line,15.0,naive,1,7.958707,0.999252,4.162123
aaaaaply_s001_t001,power_line,15.0,naive,1,8.831070,0.999666,1.227189
aaaaapmb_s002_t001,power_line,15.0,naive,1,8.396686,0.999501,0.110152
aaaaapmp_s001_t000,power_line,15.0,naive,1,5.217976,0.990604,0.563610
aaaaapnr_s001_t000,power_line,15.0,naive,1,7.622179,0.998979,0.733004
aaaaapoc_s001_t000,power_line,15.0,naive,1,11.561129,0.999973,2.109471
aaaaapof_s001_t000,power_line,15.0,naive,0,0.766443,0.630338,4.465075
aaaaapoo_s001_t000,power_line,15.0,naive,0,3.702129,0.962801,1.375137
aaaaapoq_s001_t000,power_line,15.0,naive,0,7.962238,0.999254,1.331608
aaaaappb_s001_t000,power_line,15.0,naive,0,7.646351,0.999001,2.429704
aaaaapqd_s001_t000,power_line,15.0,naive,1,7.369868,0.998710,1.837989
aaaaapqv_s001_t000,power_line,15.0,naive,0,7.891243,0.999204,3.564463
aaaaapta_s001_t000,power_line,15.0,naive,1,11.338015,0.999967,0.757957
aaaaapth_s001_t000,power_line,15.0,naive,1,8.039958,0.999306,0.594921
aaaaapua_s001_t001,power_line,15.0,naive,0,1.543682,0.777953,0.835392
aaaaapuu_s001_t000,power_line,15.0,naive,0,8.710268,0.999627,1.162688
aaaaapvw_s001_t001,power_line,15.0,naive,1,9.935766,0.999880,0.152646
aaaaapvy_s001_t000,power_line,15.0,naive,1,8.351185,0.999480,2.891204
aaaaapwn_s001_t001,power_line,15.0,naive,0,3.921714,0.969440,3.587154
aaaaapwo_s001_t001,power_line,15.0,naive,1,16.104084,1.000000,1.153525
aaaaapxm_s001_t001,power_line,15.0,naive,0,3.457339,0.953769,0.064717
aaaaapys_s001_t001,power_line,15.0,naive,1,14.187836,0.999998,0.044562
aaaaapys_s002_t001,power_line,15.0,naive,1,12.731627,0.999991,1.859975
aaaaaayx_s002_t000,power_line,30.0,canonicalized,0,-0.020439,0.451311,1.641578
aaaaabdo_s003_t000,power_line,30.0,canonicalized,1,7.922368,0.999226,1.878043
aaaaabsk_s007_t000,power_line,30.0,canonicalized,1,1.572288,0.782498,1.100045
aaaaabuv_s002_t000,power_line,30.0,canonicalized,1,2.918224,0.926033,1.351053
aaaaacad_s003_t000,power_line,30.0,canonicalized,0,0.365136,0.540377,0.543608
aaaaacby_s004_t000,power_line,30.0,canonicalized,0,-0.229566,0.403927,0.263135
aaaaaddm_s006_t000,power_line,30.0,canonicalized,1,3.461928,0.953956,4.680832
aaaaadeu_s002_t000,power_line,30.0,canonicalized,1,2.697731,0.910764,1.184987
aaaaadjk_s002_t000,power_line,30.0,canonicalized,0,-2.342113,0.087353,0.322416
aaaaadkb_s002_t000,power_line,30.0,canonicalized,1,6.979112,0.998148,6.755087
aaaaadsm_s002_t001,power_line,30.0,canonicalized,0,-2.155957,0.102117,0.951539
aaaaaeab_s003_t000,power_line,30.0,canonicalized,0,-0.495074,0.346350,0.418900
aaaaaejc_s003_t001,power_line,30.0,canonicalized,0,2.911398,0.925598,0.829334
aaaaaezn_s003_t001,power_line,30.0,canonicalized,1,1.065023,0.692174,6.669158
aaaaafhl_s003_t000,power_line,30.0,canonicalized,1,2.961268,0.928718,0.268152
aaaaagfk_s003_t000,power_line,30.0,canonicalized,0,-1.155614,0.223201,1.234500
aaaaagsc_s003_t001,power_line,30.0,canonicalized,1,4.642792,0.984095,5.929519
aaaaagsc_s006_t001,power_line,30.0,canonicalized,1,1.084180,0.695943,1.341712
aaaaaguk_s002_t001,power_line,30.0,canonicalized,0,-3.796557,0.024270,0.389645
aaaaagvx_s002_t000,power_line,30.0,canonicalized,1,0.564477,0.585780,0.773115
aaaaagvx_s003_t001,power_line,30.0,canonicalized,1,1.907291,0.830709,0.691827
aaaaagyr_s002_t000,power_line,30.0,canonicalized,1,-0.563840,0.332071,0.703361
aaaaahie_s005_t001,power_line,30.0,canonicalized,1,7.724729,0.999071,1.987927
aaaaahsv_s002_t000,power_line,30.0,canonicalized,0,-0.668419,0.310941,2.502045
aaaaahte_s002_t000,power_line,30.0,canonicalized,1,8.912889,0.999691,3.530328
aaaaahte_s003_t000,power_line,30.0,canonicalized,1,9.452178,0.999812,0.439955
aaaaahuy_s002_t000,power_line,30.0,canonicalized,1,-1.473068,0.176356,0.060902
aaaaahzi_s001_t000,power_line,30.0,canonicalized,0,-0.860364,0.274171,0.709154
aaaaahzm_s001_t001,power_line,30.0,canonicalized,0,-1.085718,0.234629,1.367634
aaaaahzq_s001_t000,power_line,30.0,canonicalized,0,-3.628610,0.028241,0.060992
aaaaahzs_s001_t001,power_line,30.0,canonicalized,0,-1.058501,0.239188,1.689977
aaaaaiae_s001_t000,power_line,30.0,canonicalized,0,0.876837,0.653837,1.809138
aaaaaibx_s001_t000,power_line,30.0,canonicalized,0,0.152048,0.491109,0.223387
aaaaaiby_s001_t000,power_line,30.0,canonicalized,0,-1.229207,0.211602,1.165328
aaaaaici_s001_t000,power_line,30.0,canonicalized,0,-2.136853,0.103751,4.612746
aaaaaicn_s001_t000,power_line,30.0,canonicalized,0,0.736663,0.623887,2.047488
aaaaaijh_s002_t000,power_line,30.0,canonicalized,1,-2.880669,0.054921,0.414061
aaaaaijn_s001_t001,power_line,30.0,canonicalized,0,-0.252198,0.398889,0.624562
aaaaairb_s001_t001,power_line,30.0,canonicalized,0,-0.386930,0.369368,0.820601
aaaaairo_s001_t000,power_line,30.0,canonicalized,0,-2.654971,0.066841,1.295663
aaaaaitt_s001_t000,power_line,30.0,canonicalized,0,-3.334787,0.036752,3.769802
aaaaaiue_s004_t000,power_line,30.0,canonicalized,1,0.264409,0.517127,3.829185
aaaaaiuo_s002_t000,power_line,30.0,canonicalized,0,3.018255,0.932135,0.821538
aaaaaiwz_s001_t001,power_line,30.0,canonicalized,0,-1.709900,0.146708,0.823219
aaaaaiyy_s001_t001,power_line,30.0,canonicalized,0,-3.162906,0.042825,0.224873
aaaaaizd_s001_t001,power_line,30.0,canonicalized,0,-0.040336,0.446750,2.595759
aaaaaizs_s001_t000,power_line,30.0,canonicalized,0,1.176795,0.713789,1.106520
aaaaajae_s001_t001,power_line,30.0,canonicalized,0,5.354913,0.991714,3.835664
aaaaajah_s002_t001,power_line,30.0,canonicalized,1,0.546420,0.581715,1.080951
aaaaajah_s004_t000,power_line,30.0,canonicalized,1,-0.852151,0.275688,2.540102
aaaaajal_s001_t001,power_line,30.0,canonicalized,0,-3.208708,0.041119,0.339478
aaaaajam_s001_t000,power_line,30.0,canonicalized,1,-0.935565,0.260526,0.334588
aaaaajar_s001_t001,power_line,30.0,canonicalized,0,-0.839870,0.277966,0.134043
aaaaajbb_s001_t000,power_line,30.0,canonicalized,0,1.957755,0.837183,0.571528
aaaaajbh_s002_t000,power_line,30.0,canonicalized,0,-4.378731,0.014297,0.262553
aaaaajce_s001_t000,power_line,30.0,canonicalized,0,-0.978151,0.252997,0.158858
aaaaajci_s001_t000,power_line,30.0,canonicalized,0,-3.058773,0.046959,1.475007
aaaaajck_s001_t000,power_line,30.0,canonicalized,0,-3.919763,0.021709,0.051664
aaaaajct_s001_t000,power_line,30.0,canonicalized,0,1.577259,0.783281,3.668780
aaaaajcu_s001_t000,power_line,30.0,canonicalized,0,0.719065,0.620053,0.697369
aaaaajda_s001_t000,power_line,30.0,canonicalized,0,-3.758053,0.025130,0.459178
aaaaajdb_s001_t000,power_line,30.0,canonicalized,0,-1.579723,0.162459,3.460358
aaaaajdv_s001_t000,power_line,30.0,canonicalized,0,2.756028,0.915058,4.931057
aaaaajdy_s001_t000,power_line,30.0,canonicalized,0,-2.632978,0.068123,0.907573
aaaaajdz_s001_t000,power_line,30.0,canonicalized,0,-1.422151,0.183314,0.407298
aaaaajea_s001_t000,power_line,30.0,canonicalized,0,2.411570,0.886741,2.960278
aaaaajen_s001_t000,power_line,30.0,canonicalized,0,-1.951375,0.120853,1.793470
aaaaajey_s001_t000,power_line,30.0,canonicalized,0,-0.492009,0.346993,0.467396
aaaaajfb_s001_t000,power_line,30.0,canonicalized,0,-3.418398,0.034106,1.821866
aaaaajfe_s001_t000,power_line,30.0,canonicalized,0,-1.578426,0.162622,0.405316
aaaaajff_s001_t000,power_line,30.0,canonicalized,0,-3.739774,0.025548,0.612214
aaaaajfi_s001_t001,power_line,30.0,canonicalized,0,-1.185539,0.218431,0.249286
aaaaajfn_s001_t001,power_line,30.0,canonicalized,0,-2.657084,0.066719,1.144690
aaaaajfy_s001_t000,power_line,30.0,canonicalized,0,-4.200521,0.016820,0.195999
aaaaajga_s001_t001,power_line,30.0,canonicalized,0,0.581246,0.589545,5.429696
aaaaajhy_s001_t000,power_line,30.0,canonicalized,0,-2.990021,0.049894,3.478159
aaaaajit_s001_t001,power_line,30.0,canonicalized,0,-3.367304,0.035701,0.589515
aaaaajiu_s001_t000,power_line,30.0,canonicalized,0,1.695610,0.801316,5.777235
aaaaajiy_s001_t001,power_line,30.0,canonicalized,0,-0.450266,0.355807,1.433056
aaaaajiz_s001_t000,power_line,30.0,canonicalized,0,-1.250945,0.208262,1.061886
aaaaajjb_s001_t001,power_line,30.0,canonicalized,0,1.961033,0.837596,4.531577
aaaaajje_s001_t000,power_line,30.0,canonicalized,0,-2.063893,0.110207,5.482596
aaaaajjk_s001_t000,power_line,30.0,canonicalized,0,-2.311217,0.089662,0.341524
aaaaajna_s001_t000,power_line,30.0,canonicalized,0,-1.450341,0.179436,1.835909
aaaaajnu_s001_t000,power_line,30.0,canonicalized,0,-2.553613,0.072942,4.464203
aaaaajon_s001_t000,power_line,30.0,canonicalized,0,-0.856614,0.274863,0.341708
aaaaajoo_s002_t001,power_line,30.0,canonicalized,1,-0.075610,0.438688,2.402057
aaaaajpg_s001_t001,power_line,30.0,canonicalized,0,-2.261105,0.093524,0.542648
aaaaajqh_s004_t000,power_line,30.0,canonicalized,1,9.002080,0.999715,5.990918
aaaaajqk_s003_t001,power_line,30.0,canonicalized,1,4.984519,0.988361,0.798451
aaaaajrf_s001_t000,power_line,30.0,canonicalized,1,6.853675,0.997920,2.076517
aaaaajrf_s002_t000,power_line,30.0,canonicalized,1,11.608146,0.999975,5.129395
aaaaajrf_s003_t002,power_line,30.0,canonicalized,1,10.364283,0.999919,2.091009
aaaaajrf_s004_t000,power_line,30.0,canonicalized,1,3.128876,0.938339,0.371548
aaaaajso_s001_t000,power_line,30.0,canonicalized,1,8.766670,0.999646,5.775487
aaaaajtg_s001_t000,power_line,30.0,canonicalized,0,-0.183833,0.414169,2.739224
aaaaajtu_s001_t000,power_line,30.0,canonicalized,0,-0.271455,0.394618,1.716413
aaaaajuh_s001_t000,power_line,30.0,canonicalized,1,7.606161,0.998963,4.522733
aaaaajun_s001_t000,power_line,30.0,canonicalized,0,4.565944,0.982941,1.298572
aaaaajvh_s001_t001,power_line,30.0,canonicalized,0,-2.205636,0.097973,0.368927
aaaaajxp_s001_t000,power_line,30.0,canonicalized,0,0.777755,0.632777,1.538577
aaaaakck_s001_t001,power_line,30.0,canonicalized,1,1.801802,0.816517,0.108356
aaaaakcx_s001_t001,power_line,30.0,canonicalized,1,9.800264,0.999864,1.633909
aaaaakcy_s005_t001,power_line,30.0,canonicalized,1,8.815722,0.999662,0.446515
aaaaakdj_s001_t000,power_line,30.0,canonicalized,1,0.487861,0.568458,0.712868
aaaaakdo_s001_t000,power_line,30.0,canonicalized,1,0.479443,0.566544,2.704229
aaaaakeq_s001_t000,power_line,30.0,canonicalized,1,1.956926,0.837078,1.090299
aaaaakeq_s002_t000,power_line,30.0,canonicalized,1,2.324731,0.878406,5.146819
aaaaakeq_s003_t000,power_line,30.0,canonicalized,1,3.928414,0.969623,2.345479
aaaaakev_s001_t001,power_line,30.0,canonicalized,1,9.232437,0.999770,4.743526
aaaaakev_s002_t000,power_line,30.0,canonicalized,1,8.999111,0.999715,5.362562
aaaaakft_s001_t000,power_line,30.0,canonicalized,0,-2.847423,0.056542,1.000324
aaaaakgp_s001_t001,power_line,30.0,canonicalized,0,0.776815,0.632575,1.788332
aaaaakgu_s001_t000,power_line,30.0,canonicalized,1,-1.845697,0.131647,0.208926
aaaaakjk_s002_t002,power_line,30.0,canonicalized,1,2.179296,0.863264,7.615996
aaaaakjk_s003_t000,power_line,30.0,canonicalized,1,2.413156,0.886888,0.687162
aaaaakka_s001_t001,power_line,30.0,canonicalized,0,-1.146361,0.224691,1.126861
aaaaakmg_s003_t001,power_line,30.0,canonicalized,1,8.226900,0.999416,1.181381
aaaaakmh_s001_t000,power_line,30.0,canonicalized,1,1.328287,0.741583,4.190946
aaaaaknt_s001_t000,power_line,30.0,canonicalized,1,3.679789,0.962053,0.720594
aaaaakoo_s001_t001,power_line,30.0,canonicalized,1,8.807404,0.999659,0.756801
aaaaakqg_s001_t001,power_line,30.0,canonicalized,0,-1.233467,0.210945,1.233647
aaaaakqr_s001_t000,power_line,30.0,canonicalized,0,-2.838071,0.057006,0.328091
aaaaakrt_s001_t001,power_line,30.0,canonicalized,1,6.963497,0.998121,0.398613
aaaaakrt_s002_t001,power_line,30.0,canonicalized,1,7.530541,0.998888,0.520072
aaaaaksb_s001_t000,power_line,30.0,canonicalized,0,-2.306522,0.090017,0.293476
aaaaaksu_s001_t001,power_line,30.0,canonicalized,0,0.889216,0.656428,0.555096
aaaaakxz_s001_t001,power_line,30.0,canonicalized,1,4.143831,0.974982,0.996874
aaaaakxz_s002_t001,power_line,30.0,canonicalized,1,4.491465,0.981745,0.343262
aaaaalaf_s001_t000,power_line,30.0,canonicalized,0,-2.249984,0.094401,0.543970
aaaaalau_s001_t000,power_line,30.0,canonicalized,1,5.514966,0.992848,4.989274
aaaaalbh_s001_t000,power_line,30.0,canonicalized,1,2.352979,0.881173,2.229336
aaaaalbt_s001_t001,power_line,30.0,canonicalized,0,-0.673404,0.309952,0.462613
aaaaalbt_s002_t000,power_line,30.0,canonicalized,0,-0.866841,0.272978,0.815474
aaaaalbz_s006_t000,power_line,30.0,canonicalized,1,7.629551,0.998985,17.658131
aaaaalid_s001_t001,power_line,30.0,canonicalized,0,1.439452,0.760825,0.781407
aaaaaljf_s001_t000,power_line,30.0,canonicalized,1,5.419442,0.992191,1.766122
aaaaaljj_s001_t000,power_line,30.0,canonicalized,0,-2.682608,0.065261,0.901284
aaaaallc_s001_t001,power_line,30.0,canonicalized,0,0.122515,0.484273,0.612321
aaaaalle_s002_t000,power_line,30.0,canonicalized,1,1.192340,0.716722,1.481690
aaaaalox_s001_t001,power_line,30.0,canonicalized,0,4.678550,0.984605,2.419232
aaaaalpv_s001_t000,power_line,30.0,canonicalized,0,-0.024705,0.450332,2.741585
aaaaalqa_s001_t000,power_line,30.0,canonicalized,0,-0.546649,0.335613,0.836709
aaaaalqr_s001_t001,power_line,30.0,canonicalized,1,0.824356,0.642751,0.387793
aaaaalqs_s001_t001,power_line,30.0,canonicalized,0,-2.138230,0.103632,0.474120
aaaaalqx_s001_t000,power_line,30.0,canonicalized,0,-3.573823,0.029668,0.252092
aaaaalrc_s002_t000,power_line,30.0,canonicalized,1,12.818979,0.999992,0.105610
aaaaalsq_s001_t000,power_line,30.0,canonicalized,0,0.991330,0.677439,0.668353
aaaaalsx_s001_t000,power_line,30.0,canonicalized,1,0.229807,0.509118,1.226411
aaaaalsx_s004_t001,power_line,30.0,canonicalized,1,0.707880,0.617609,0.190199
aaaaaluz_s001_t001,power_line,30.0,canonicalized,0,-3.495996,0.031816,0.256270
aaaaalvw_s001_t000,power_line,30.0,canonicalized,0,-3.630593,0.028191,0.512982
aaaaalvz_s001_t000,power_line,30.0,canonicalized,1,9.580353,0.999833,1.856352
aaaaalxk_s001_t000,power_line,30.0,canonicalized,0,-0.016485,0.452218,0.555009
aaaaalyr_s001_t000,power_line,30.0,canonicalized,1,1.687851,0.800169,0.565765
aaaaalzk_s002_t001,power_line,30.0,canonicalized,1,9.927286,0.999879,3.697179
aaaaamcb_s001_t001,power_line,30.0,canonicalized,1,8.350280,0.999479,2.628396
aaaaamfe_s001_t001,power_line,30.0,canonicalized,0,0.206858,0.503804,0.102963
aaaaamft_s001_t001,power_line,30.0,canonicalized,1,1.482298,0.767974,0.233459
aaaaamfu_s001_t000,power_line,30.0,canonicalized,0,-2.034179,0.112936,0.131807
aaaaamhi_s001_t000,power_line,30.0,canonicalized,1,5.420204,0.992197,6.735510
aaaaamhk_s001_t000,power_line,30.0,canonicalized,1,5.360093,0.991753,0.537863
aaaaamjc_s001_t001,power_line,30.0,canonicalized,1,8.606543,0.999589,0.575809
aaaaammh_s001_t001,power_line,30.0,canonicalized,1,2.919645,0.926123,0.374995
aaaaamnq_s001_t000,power_line,30.0,canonicalized,1,7.659238,0.999013,3.152444
aaaaamnq_s002_t000,power_line,30.0,canonicalized,1,5.671711,0.993809,0.416522
aaaaamon_s001_t000,power_line,30.0,canonicalized,0,-0.159305,0.419693,2.894254
aaaaampz_s001_t000,power_line,30.0,canonicalized,1,1.236715,0.724995,3.269980
aaaaamrj_s001_t000,power_line,30.0,canonicalized,0,1.702169,0.802282,0.556420
aaaaamsc_s001_t000,power_line,30.0,canonicalized,1,6.424227,0.996907,0.202371
aaaaamtb_s001_t000,power_line,30.0,canonicalized,0,2.961543,0.928735,0.822809
aaaaamuc_s001_t000,power_line,30.0,canonicalized,0,-1.975606,0.118488,0.173900
aaaaamxn_s001_t000,power_line,30.0,canonicalized,1,0.264294,0.517101,0.576598
aaaaamyb_s001_t001,power_line,30.0,canonicalized,0,0.001022,0.456239,1.347182
aaaaamye_s001_t000,power_line,30.0,canonicalized,1,10.405425,0.999922,0.825366
aaaaamzi_s001_t001,power_line,30.0,canonicalized,1,6.343843,0.996669,1.099766
aaaaamzl_s001_t000,power_line,30.0,canonicalized,0,-2.154313,0.102256,0.583558
aaaaamzx_s001_t000,power_line,30.0,canonicalized,0,-2.698751,0.064355,2.263280
aaaaanbq_s001_t000,power_line,30.0,canonicalized,0,-1.092900,0.233437,0.290196
aaaaanek_s001_t000,power_line,30.0,canonicalized,0,-2.809457,0.058448,0.111682
aaaaangp_s001_t000,power_line,30.0,canonicalized,0,0.130116,0.486032,0.532537
aaaaanhb_s001_t003,power_line,30.0,canonicalized,1,2.870432,0.922942,1.550217
aaaaanhb_s003_t001,power_line,30.0,canonicalized,1,5.258759,0.990949,0.579550
aaaaanhb_s005_t000,power_line,30.0,canonicalized,1,9.095694,0.999739,0.829270
aaaaankf_s001_t000,power_line,30.0,canonicalized,1,4.493298,0.981775,2.131219
aaaaanlp_s001_t000,power_line,30.0,canonicalized,0,-1.271471,0.205144,0.276266
aaaaanmc_s001_t000,power_line,30.0,canonicalized,1,8.588623,0.999583,3.333061
aaaaanop_s001_t000,power_line,30.0,canonicalized,0,1.147743,0.708259,2.561256
aaaaanoz_s001_t000,power_line,30.0,canonicalized,1,0.321455,0.530310,0.649150
aaaaanpr_s001_t002,power_line,30.0,canonicalized,1,5.411306,0.992133,7.232328
aaaaanqe_s001_t000,power_line,30.0,canonicalized,0,-2.934072,0.052409,0.633677
aaaaanro_s001_t000,power_line,30.0,canonicalized,1,3.453562,0.953615,1.699994
aaaaansj_s001_t000,power_line,30.0,canonicalized,1,5.336758,0.991575,3.554768
aaaaanta_s001_t000,power_line,30.0,canonicalized,1,6.246377,0.996355,8.311805
aaaaanum_s001_t000,power_line,30.0,canonicalized,0,-0.035638,0.447826,1.308466
aaaaanvb_s002_t000,power_line,30.0,canonicalized,0,-1.345435,0.194195,0.187904
aaaaanvg_s001_t002,power_line,30.0,canonicalized,0,2.470371,0.892098,1.064002
aaaaanvw_s001_t000,power_line,30.0,canonicalized,0,-2.886983,0.054618,0.775818
aaaaanwc_s001_t001,power_line,30.0,canonicalized,1,6.937369,0.998075,15.088188
aaaaanxl_s001_t000,power_line,30.0,canonicalized,1,6.480205,0.997063,12.810571
aaaaanyb_s001_t001,power_line,30.0,canonicalized,0,1.112901,0.701544,0.835067
aaaaanyt_s002_t000,power_line,30.0,canonicalized,1,5.980906,0.995344,2.440331
aaaaanyw_s001_t000,power_line,30.0,canonicalized,1,2.599670,0.903099,0.181296
aaaaanyw_s002_t000,power_line,30.0,canonicalized,1,4.320475,0.978678,1.638131
aaaaanzh_s001_t000,power_line,30.0,canonicalized,1,-0.694484,0.305790,3.078221
aaaaanzu_s001_t003,power_line,30.0,canonicalized,1,2.110100,0.855519,3.456012
aaaaaoav_s001_t000,power_line,30.0,canonicalized,0,-2.814890,0.058172,0.293304
aaaaaoav_s002_t000,power_line,30.0,canonicalized,0,-1.590478,0.161107,0.456461
aaaaaobi_s001_t000,power_line,30.0,canonicalized,1,-0.497995,0.345737,10.683798
aaaaaobl_s001_t000,power_line,30.0,canonicalized,0,-0.260342,0.397081,2.019492
aaaaaoby_s001_t000,power_line,30.0,canonicalized,0,-0.017807,0.451915,4.986960
aaaaaoda_s001_t000,power_line,30.0,canonicalized,1,8.218307,0.999412,8.701726
aaaaaoeg_s001_t000,power_line,30.0,canonicalized,0,1.617288,0.789510,0.784474
aaaaaofj_s001_t000,power_line,30.0,canonicalized,0,-2.487504,0.077194,0.450183
aaaaaofr_s001_t000,power_line,30.0,canonicalized,0,3.139090,0.938884,1.410891
aaaaaofz_s001_t000,power_line,30.0,canonicalized,0,0.151360,0.490950,0.988723
aaaaaohb_s001_t000,power_line,30.0,canonicalized,1,2.647754,0.906929,0.360143
aaaaaohr_s002_t001,power_line,30.0,canonicalized,1,6.362568,0.996726,0.493006
aaaaaoiq_s001_t000,power_line,30.0,canonicalized,1,2.114643,0.856039,0.351407
aaaaaoiv_s001_t000,power_line,30.0,canonicalized,1,0.850935,0.648386,0.113724
aaaaaoiv_s002_t001,power_line,30.0,canonicalized,1,9.135765,0.999749,1.192263
aaaaaoiv_s003_t003,power_line,30.0,canonicalized,1,6.776082,0.997766,0.068840
aaaaaojd_s001_t002,power_line,30.0,canonicalized,0,0.272780,0.519064,2.109253
aaaaaokg_s001_t000,power_line,30.0,canonicalized,0,4.590349,0.983316,3.058631
aaaaaoly_s001_t000,power_line,30.0,canonicalized,0,-0.778454,0.289529,6.707795
aaaaaome_s001_t000,power_line,30.0,canonicalized,0,-1.087265,0.234372,2.231387
aaaaaomx_s001_t000,power_line,30.0,canonicalized,0,-0.135584,0.425055,0.772641
aaaaaomy_s001_t000,power_line,30.0,canonicalized,1,4.435346,0.980789,5.571188
aaaaaonb_s001_t000,power_line,30.0,canonicalized,0,1.092727,0.697616,2.017591
aaaaaons_s002_t002,power_line,30.0,canonicalized,1,7.405477,0.998752,0.385704
aaaaaopd_s001_t000,power_line,30.0,canonicalized,0,-0.575340,0.329712,2.425100
aaaaaopo_s001_t000,power_line,30.0,canonicalized,0,-1.940253,0.121952,0.108630
aaaaaora_s002_t000,power_line,30.0,canonicalized,1,2.338830,0.879794,0.541175
aaaaaord_s001_t000,power_line,30.0,canonicalized,1,2.107603,0.855233,0.536342
aaaaaosh_s001_t000,power_line,30.0,canonicalized,1,1.491062,0.769418,1.346565
aaaaaosw_s001_t000,power_line,30.0,canonicalized,0,1.346352,0.744778,3.918116
aaaaaote_s001_t000,power_line,30.0,canonicalized,0,-1.073374,0.236689,0.982594
aaaaaout_s001_t000,power_line,30.0,canonicalized,1,2.832189,0.920384,2.506989
aaaaaovl_s001_t000,power_line,30.0,canonicalized,1,4.262061,0.977519,0.105250
aaaaaovo_s001_t000,power_line,30.0,canonicalized,1,8.510880,0.999551,0.176479
aaaaaowb_s001_t000,power_line,30.0,canonicalized,0,0.221680,0.507236,1.001052
aaaaaoxf_s001_t000,power_line,30.0,canonicalized,0,-1.476778,0.175858,0.609606
aaaaaozf_s001_t001,power_line,30.0,canonicalized,0,-0.266562,0.395702,1.552942
aaaaapag_s001_t000,power_line,30.0,canonicalized,0,-2.310764,0.089696,2.337157
aaaaapar_s001_t000,power_line,30.0,canonicalized,1,12.149247,0.999985,0.286967
aaaaapcb_s001_t000,power_line,30.0,canonicalized,0,3.160090,0.939991,0.216603
aaaaapcy_s001_t002,power_line,30.0,canonicalized,0,-3.067019,0.046618,0.353538
aaaaapdg_s001_t000,power_line,30.0,canonicalized,0,-1.166734,0.221419,0.095640
aaaaaphs_s001_t000,power_line,30.0,canonicalized,1,3.318963,0.947776,3.768001
aaaaaphw_s001_t000,power_line,30.0,canonicalized,0,1.794710,0.815530,0.636235
aaaaapij_s001_t000,power_line,30.0,canonicalized,0,0.373251,0.542244,1.116205
aaaaapjc_s001_t001,power_line,30.0,canonicalized,0,-4.549071,0.012235,0.228771
aaaaapka_s001_t000,power_line,30.0,canonicalized,0,-1.015216,0.246562,0.445099
aaaaapkx_s001_t001,power_line,30.0,canonicalized,1,-1.869239,0.129174,3.332332
aaaaaply_s001_t001,power_line,30.0,canonicalized,1,3.820167,0.966526,3.478920
aaaaapmb_s002_t001,power_line,30.0,canonicalized,1,6.917722,0.998040,0.861438
aaaaapmp_s001_t000,power_line,30.0,canonicalized,1,-0.544812,0.335993,1.903589
aaaaapnr_s001_t000,power_line,30.0,canonicalized,1,-1.757384,0.141286,1.984301
aaaaapoc_s001_t000,power_line,30.0,canonicalized,1,4.956942,0.988064,5.362131
aaaaapof_s001_t000,power_line,30.0,canonicalized,0,-3.427610,0.033826,0.161455
aaaaapoo_s001_t000,power_line,30.0,canonicalized,0,-3.067827,0.046585,1.558918
aaaaapoq_s001_t000,power_line,30.0,canonicalized,0,1.175854,0.713611,2.091962
aaaaappb_s001_t000,power_line,30.0,canonicalized,0,0.312225,0.528179,3.460624
aaaaapqd_s001_t000,power_line,30.0,canonicalized,1,1.281217,0.733139,3.044244
aaaaapqv_s001_t000,power_line,30.0,canonicalized,0,-3.155853,0.043094,2.169988
aaaaapta_s001_t000,power_line,30.0,canonicalized,1,6.307480,0.996555,1.655194
aaaaapth_s001_t000,power_line,30.0,canonicalized,1,2.622539,0.904938,6.675716
aaaaapua_s001_t001,power_line,30.0,canonicalized,0,-3.696186,0.026573,0.441902
aaaaapuu_s001_t000,power_line,30.0,canonicalized,0,-2.114228,0.105716,1.830819
aaaaapvw_s001_t001,power_line,30.0,canonicalized,1,5.375923,0.991872,3.254851
aaaaapvy_s001_t000,power_line,30.0,canonicalized,1,4.153817,0.975206,9.195605
aaaaapwn_s001_t001,power_line,30.0,canonicalized,0,-1.266245,0.205934,1.692799
aaaaapwo_s001_t001,power_line,30.0,canonicalized,1,8.857234,0.999674,0.648253
aaaaapxm_s001_t001,power_line,30.0,canonicalized,0,-1.802608,0.136279,0.512078
aaaaapys_s001_t001,power_line,30.0,canonicalized,1,12.592237,0.999990,0.189575
aaaaapys_s002_t001,power_line,30.0,canonicalized,1,9.206041,0.999764,8.472645
aaaaaayx_s002_t000,power_line,30.0,naive,0,9.926763,0.999879,0.290574
aaaaabdo_s003_t000,power_line,30.0,naive,1,12.330005,0.999987,0.191636
aaaaabsk_s007_t000,power_line,30.0,naive,1,8.721573,0.999631,0.121295
aaaaabuv_s002_t000,power_line,30.0,naive,1,9.142121,0.999750,0.072787
aaaaacad_s003_t000,power_line,30.0,naive,0,5.618672,0.993499,0.244453
aaaaacby_s004_t000,power_line,30.0,naive,0,9.501089,0.999821,0.293429
aaaaaddm_s006_t000,power_line,30.0,naive,1,9.367091,0.999797,1.112313
aaaaadeu_s002_t000,power_line,30.0,naive,1,8.823518,0.999664,0.106548
aaaaadjk_s002_t000,power_line,30.0,naive,0,6.672054,0.997540,0.315046
aaaaadkb_s002_t000,power_line,30.0,naive,1,11.653610,0.999976,1.079659
aaaaadsm_s002_t001,power_line,30.0,naive,0,10.982063,0.999955,0.322125
aaaaaeab_s003_t000,power_line,30.0,naive,0,8.615980,0.999593,0.063242
aaaaaejc_s003_t001,power_line,30.0,naive,0,11.489892,0.999972,0.024821
aaaaaezn_s003_t001,power_line,30.0,naive,1,9.137201,0.999749,1.460458
aaaaafhl_s003_t000,power_line,30.0,naive,1,10.813353,0.999947,0.240670
aaaaagfk_s003_t000,power_line,30.0,naive,0,10.230297,0.999909,1.134106
aaaaagsc_s003_t001,power_line,30.0,naive,1,9.959570,0.999883,1.476832
aaaaagsc_s006_t001,power_line,30.0,naive,1,7.648293,0.999003,0.286602
aaaaaguk_s002_t001,power_line,30.0,naive,0,2.997298,0.930897,0.558175
aaaaagvx_s002_t000,power_line,30.0,naive,1,9.155305,0.999753,0.063002
aaaaagvx_s003_t001,power_line,30.0,naive,1,8.347886,0.999478,0.199438
aaaaagyr_s002_t000,power_line,30.0,naive,1,10.515959,0.999930,0.835934
aaaaahie_s005_t001,power_line,30.0,naive,1,10.614750,0.999936,0.216398
aaaaahsv_s002_t000,power_line,30.0,naive,0,8.900470,0.999687,0.424672
aaaaahte_s002_t000,power_line,30.0,naive,1,11.296152,0.999966,0.427343
aaaaahte_s003_t000,power_line,30.0,naive,1,11.729656,0.999977,0.020272
aaaaahuy_s002_t000,power_line,30.0,naive,1,5.618457,0.993497,0.120346
aaaaahzi_s001_t000,power_line,30.0,naive,0,7.380796,0.998723,0.257579
aaaaahzm_s001_t001,power_line,30.0,naive,0,5.863454,0.994811,0.194067
aaaaahzq_s001_t000,power_line,30.0,naive,0,7.162615,0.998437,0.101350
aaaaahzs_s001_t001,power_line,30.0,naive,0,9.624517,0.999840,0.421022
aaaaaiae_s001_t000,power_line,30.0,naive,0,8.083935,0.999334,1.135953
aaaaaibx_s001_t000,power_line,30.0,naive,0,6.835689,0.997885,0.228582
aaaaaiby_s001_t000,power_line,30.0,naive,0,10.834299,0.999948,0.042107
aaaaaici_s001_t000,power_line,30.0,naive,0,8.837189,0.999668,2.679067
aaaaaicn_s001_t000,power_line,30.0,naive,0,10.181010,0.999904,0.351003
aaaaaijh_s002_t000,power_line,30.0,naive,1,8.492363,0.999544,0.821095
aaaaaijn_s001_t001,power_line,30.0,naive,0,9.936929,0.999880,0.072313
aaaaairb_s001_t001,power_line,30.0,naive,0,8.000026,0.999280,0.088542
aaaaairo_s001_t000,power_line,30.0,naive,0,10.476822,0.999927,0.842621
aaaaaitt_s001_t000,power_line,30.0,naive,0,8.643873,0.999603,1.714264
aaaaaiue_s004_t000,power_line,30.0,naive,1,10.228993,0.999909,0.286971
aaaaaiuo_s002_t000,power_line,30.0,naive,0,11.723688,0.999977,0.710416
aaaaaiwz_s001_t001,power_line,30.0,naive,0,9.535808,0.999826,0.498566
aaaaaiyy_s001_t001,power_line,30.0,naive,0,8.556789,0.999570,0.185700
aaaaaizd_s001_t001,power_line,30.0,naive,0,9.335463,0.999791,3.231036
aaaaaizs_s001_t000,power_line,30.0,naive,0,11.219891,0.999964,0.045193
aaaaajae_s001_t001,power_line,30.0,naive,0,8.197098,0.999400,1.151148
aaaaajah_s002_t001,power_line,30.0,naive,1,8.484661,0.999540,0.105059
aaaaajah_s004_t000,power_line,30.0,naive,1,7.486960,0.998842,0.780832
aaaaajal_s001_t001,power_line,30.0,naive,0,7.976624,0.999264,0.157957
aaaaajam_s001_t000,power_line,30.0,naive,1,11.910156,0.999981,0.053788
aaaaajar_s001_t001,power_line,30.0,naive,0,9.196253,0.999762,0.028159
aaaaajbb_s001_t000,power_line,30.0,naive,0,10.922462,0.999952,0.068315
aaaaajbh_s002_t000,power_line,30.0,naive,0,5.864640,0.994817,0.180832
aaaaajce_s001_t000,power_line,30.0,naive,0,9.775962,0.999861,0.678397
aaaaajci_s001_t000,power_line,30.0,naive,0,3.221937,0.943143,0.231786
aaaaajck_s001_t000,power_line,30.0,naive,0,6.937061,0.998075,0.040910
aaaaajct_s001_t000,power_line,30.0,naive,0,11.112311,0.999960,1.216830
aaaaajcu_s001_t000,power_line,30.0,naive,0,10.746620,0.999943,0.944035
aaaaajda_s001_t000,power_line,30.0,naive,0,6.587747,0.997341,1.011075
aaaaajdb_s001_t000,power_line,30.0,naive,0,6.740535,0.997691,4.143340
aaaaajdv_s001_t000,power_line,30.0,naive,0,10.541416,0.999932,1.591347
aaaaajdy_s001_t000,power_line,30.0,naive,0,5.878489,0.994883,0.135396
aaaaajdz_s001_t000,power_line,30.0,naive,0,5.185143,0.990316,0.451315
aaaaajea_s001_t000,power_line,30.0,naive,0,10.744104,0.999943,0.224790
aaaaajen_s001_t000,power_line,30.0,naive,0,10.506635,0.999929,1.389650
aaaaajey_s001_t000,power_line,30.0,naive,0,4.696543,0.984856,0.468337
aaaaajfb_s001_t000,power_line,30.0,naive,0,3.048673,0.933897,6.312268
aaaaajfe_s001_t000,power_line,30.0,naive,0,6.629252,0.997441,0.448047
aaaaajff_s001_t000,power_line,30.0,naive,0,5.454069,0.992436,0.101349
aaaaajfi_s001_t001,power_line,30.0,naive,0,11.170881,0.999962,0.217420
aaaaajfn_s001_t001,power_line,30.0,naive,0,9.508085,0.999822,2.526763
aaaaajfy_s001_t000,power_line,30.0,naive,0,9.047422,0.999727,0.136178
aaaaajga_s001_t001,power_line,30.0,naive,0,5.805417,0.994526,1.311130
aaaaajhy_s001_t000,power_line,30.0,naive,0,11.259713,0.999965,0.077050
aaaaajit_s001_t001,power_line,30.0,naive,0,4.943548,0.987916,3.260983
aaaaajiu_s001_t000,power_line,30.0,naive,0,9.834547,0.999868,3.210889
aaaaajiy_s001_t001,power_line,30.0,naive,0,9.731929,0.999855,0.469919
aaaaajiz_s001_t000,power_line,30.0,naive,0,7.022138,0.998220,0.613395
aaaaajjb_s001_t001,power_line,30.0,naive,0,11.832307,0.999979,0.208865
aaaaajje_s001_t000,power_line,30.0,naive,0,9.343075,0.999792,1.337696
aaaaajjk_s001_t000,power_line,30.0,naive,0,6.523336,0.997178,0.736213
aaaaajna_s001_t000,power_line,30.0,naive,0,7.746992,0.999090,1.011863
aaaaajnu_s001_t000,power_line,30.0,naive,0,8.508785,0.999550,0.687573
aaaaajon_s001_t000,power_line,30.0,naive,0,8.229147,0.999418,1.228741
aaaaajoo_s002_t001,power_line,30.0,naive,1,10.627052,0.999937,0.234009
aaaaajpg_s001_t001,power_line,30.0,naive,0,6.845686,0.997905,0.077282
aaaaajqh_s004_t000,power_line,30.0,naive,1,11.592079,0.999974,1.960412
aaaaajqk_s003_t001,power_line,30.0,naive,1,10.093204,0.999896,0.204656
aaaaajrf_s001_t000,power_line,30.0,naive,1,12.089737,0.999984,1.530118
aaaaajrf_s002_t000,power_line,30.0,naive,1,11.437386,0.999970,0.898631
aaaaajrf_s003_t002,power_line,30.0,naive,1,11.418966,0.999970,0.550094
aaaaajrf_s004_t000,power_line,30.0,naive,1,8.638239,0.999601,0.083859
aaaaajso_s001_t000,power_line,30.0,naive,1,10.833200,0.999948,1.693183
aaaaajtg_s001_t000,power_line,30.0,naive,0,7.725585,0.999072,3.149877
aaaaajtu_s001_t000,power_line,30.0,naive,0,8.737894,0.999636,1.681966
aaaaajuh_s001_t000,power_line,30.0,naive,1,9.174480,0.999757,0.468518
aaaaajun_s001_t000,power_line,30.0,naive,0,9.408879,0.999805,0.326673
aaaaajvh_s001_t001,power_line,30.0,naive,0,3.789042,0.965580,0.653894
aaaaajxp_s001_t000,power_line,30.0,naive,0,8.808380,0.999659,0.291264
aaaaakck_s001_t001,power_line,30.0,naive,1,10.094093,0.999896,0.131075
aaaaakcx_s001_t001,power_line,30.0,naive,1,12.240198,0.999986,0.436490
aaaaakcy_s005_t001,power_line,30.0,naive,1,11.086433,0.999959,0.148515
aaaaakdj_s001_t000,power_line,30.0,naive,1,7.313002,0.998640,0.356802
aaaaakdo_s001_t000,power_line,30.0,naive,1,7.521407,0.998879,1.391988
aaaaakeq_s001_t000,power_line,30.0,naive,1,11.700909,0.999977,1.021433
aaaaakeq_s002_t000,power_line,30.0,naive,1,8.792561,0.999654,2.282295
aaaaakeq_s003_t000,power_line,30.0,naive,1,9.044652,0.999726,0.885909
aaaaakev_s001_t001,power_line,30.0,naive,1,10.918060,0.999952,1.012383
aaaaakev_s002_t000,power_line,30.0,naive,1,11.988906,0.999982,1.965215
aaaaakft_s001_t000,power_line,30.0,naive,0,7.403358,0.998749,2.424274
aaaaakgp_s001_t001,power_line,30.0,naive,0,9.113089,0.999743,2.190826
aaaaakgu_s001_t000,power_line,30.0,naive,1,8.085482,0.999335,0.085871
aaaaakjk_s002_t002,power_line,30.0,naive,1,9.939767,0.999881,4.840680
aaaaakjk_s003_t000,power_line,30.0,naive,1,11.845643,0.999980,0.049327
aaaaakka_s001_t001,power_line,30.0,naive,0,8.132526,0.999363,0.035959
aaaaakmg_s003_t001,power_line,30.0,naive,1,11.584237,0.999974,0.157291
aaaaakmh_s001_t000,power_line,30.0,naive,1,10.164696,0.999903,2.114028
aaaaaknt_s001_t000,power_line,30.0,naive,1,9.105742,0.999741,0.215604
aaaaakoo_s001_t001,power_line,30.0,naive,1,11.198002,0.999963,0.556039
aaaaakqg_s001_t001,power_line,30.0,naive,0,9.296741,0.999783,0.779153
aaaaakqr_s001_t000,power_line,30.0,naive,0,8.470964,0.999534,0.128379
aaaaakrt_s001_t001,power_line,30.0,naive,1,9.755999,0.999858,0.086523
aaaaakrt_s002_t001,power_line,30.0,naive,1,9.759270,0.999859,0.204139
aaaaaksb_s001_t000,power_line,30.0,naive,0,5.285077,0.991165,0.213473
aaaaaksu_s001_t001,power_line,30.0,naive,0,9.576826,0.999833,0.082823
aaaaakxz_s001_t001,power_line,30.0,naive,1,8.820251,0.999663,1.420072
aaaaakxz_s002_t001,power_line,30.0,naive,1,10.989113,0.999955,0.777090
aaaaalaf_s001_t000,power_line,30.0,naive,0,7.700505,0.999050,0.518870
aaaaalau_s001_t000,power_line,30.0,naive,1,11.938199,0.999981,0.257007
aaaaalbh_s001_t000,power_line,30.0,naive,1,9.264738,0.999777,0.769156
aaaaalbt_s001_t001,power_line,30.0,naive,0,11.298532,0.999966,0.094099
aaaaalbt_s002_t000,power_line,30.0,naive,0,11.355644,0.999968,1.537905
aaaaalbz_s006_t000,power_line,30.0,naive,1,11.770961,0.999978,1.037128
aaaaalid_s001_t001,power_line,30.0,naive,0,9.155979,0.999753,2.948368
aaaaaljf_s001_t000,power_line,30.0,naive,1,8.705175,0.999625,0.545885
aaaaaljj_s001_t000,power_line,30.0,naive,0,5.832107,0.994659,0.813578
aaaaallc_s001_t001,power_line,30.0,naive,0,9.840837,0.999869,0.078969
aaaaalle_s002_t000,power_line,30.0,naive,1,6.404291,0.996850,0.693654
aaaaalox_s001_t001,power_line,30.0,naive,0,9.924354,0.999879,0.333189
aaaaalpv_s001_t000,power_line,30.0,naive,0,8.260273,0.999434,1.939526
aaaaalqa_s001_t000,power_line,30.0,naive,0,9.048948,0.999727,0.542768
aaaaalqr_s001_t001,power_line,30.0,naive,1,11.367256,0.999968,1.002001
aaaaalqs_s001_t001,power_line,30.0,naive,0,6.250127,0.996368,0.171340
aaaaalqx_s001_t000,power_line,30.0,naive,0,5.512879,0.992834,1.293470
aaaaalrc_s002_t000,power_line,30.0,naive,1,12.446894,0.999988,0.138756
aaaaalsq_s001_t000,power_line,30.0,naive,0,8.821663,0.999664,0.374320
aaaaalsx_s001_t000,power_line,30.0,naive,1,10.160173,0.999903,0.255072
aaaaalsx_s004_t001,power_line,30.0,naive,1,8.974056,0.999708,0.783680
aaaaaluz_s001_t001,power_line,30.0,naive,0,5.962173,0.995262,0.641828
aaaaalvw_s001_t000,power_line,30.0,naive,0,4.689026,0.984752,0.371332
aaaaalvz_s001_t000,power_line,30.0,naive,1,11.632887,0.999975,0.115798
aaaaalxk_s001_t000,power_line,30.0,naive,0,9.944241,0.999881,0.619206
aaaaalyr_s001_t000,power_line,30.0,naive,1,10.972353,0.999954,0.168884
aaaaalzk_s002_t001,power_line,30.0,naive,1,11.342953,0.999967,1.538019
aaaaamcb_s001_t001,power_line,30.0,naive,1,11.503644,0.999972,0.482219
aaaaamfe_s001_t001,power_line,30.0,naive,0,8.584903,0.999581,0.457378
aaaaamft_s001_t001,power_line,30.0,naive,1,12.457304,0.999988,0.545787
aaaaamfu_s001_t000,power_line,30.0,naive,0,9.763052,0.999859,0.253993
aaaaamhi_s001_t000,power_line,30.0,naive,1,12.353347,0.999987,0.617729
aaaaamhk_s001_t000,power_line,30.0,naive,1,11.339233,0.999967,0.032660
aaaaamjc_s001_t001,power_line,30.0,naive,1,12.142185,0.999984,0.284791
aaaaammh_s001_t001,power_line,30.0,naive,1,12.629854,0.999990,0.143324
aaaaamnq_s001_t000,power_line,30.0,naive,1,10.180746,0.999904,1.432327
aaaaamnq_s002_t000,power_line,30.0,naive,1,8.823988,0.999664,0.093031
aaaaamon_s001_t000,power_line,30.0,naive,0,8.057508,0.999317,0.633826
aaaaampz_s001_t000,power_line,30.0,naive,1,12.142118,0.999984,2.106883
aaaaamrj_s001_t000,power_line,30.0,naive,0,12.671855,0.999990,0.376489
aaaaamsc_s001_t000,power_line,30.0,naive,1,11.341000,0.999967,0.145791
aaaaamtb_s001_t000,power_line,30.0,naive,0,9.096891,0.999739,0.751539
aaaaamuc_s001_t000,power_line,30.0,naive,0,7.096192,0.998338,0.159168
aaaaamxn_s001_t000,power_line,30.0,naive,1,10.357306,0.999919,0.160065
aaaaamyb_s001_t001,power_line,30.0,naive,0,11.246897,0.999964,0.722730
aaaaamye_s001_t000,power_line,30.0,naive,1,12.488612,0.999989,0.075944
aaaaamzi_s001_t001,power_line,30.0,naive,1,12.482172,0.999989,0.140808
aaaaamzl_s001_t000,power_line,30.0,naive,0,10.210986,0.999907,0.575221
aaaaamzx_s001_t000,power_line,30.0,naive,0,10.042946,0.999891,0.679170
aaaaanbq_s001_t000,power_line,30.0,naive,0,7.767849,0.999107,0.248979
aaaaanek_s001_t000,power_line,30.0,naive,0,8.172515,0.999386,0.309857
aaaaangp_s001_t000,power_line,30.0,naive,0,9.681767,0.999848,0.126296
aaaaanhb_s001_t003,power_line,30.0,naive,1,9.276284,0.999779,1.570737
aaaaanhb_s003_t001,power_line,30.0,naive,1,9.224588,0.999768,0.118188
aaaaanhb_s005_t000,power_line,30.0,naive,1,9.483701,0.999818,0.669064
aaaaankf_s001_t000,power_line,30.0,naive,1,11.782284,0.999978,0.010653
aaaaanlp_s001_t000,power_line,30.0,naive,0,8.162270,0.999380,0.603271
aaaaanmc_s001_t000,power_line,30.0,naive,1,11.611612,0.999975,0.353123
aaaaanop_s001_t000,power_line,30.0,naive,0,7.834077,0.999160,1.935579
aaaaanoz_s001_t000,power_line,30.0,naive,1,9.667648,0.999846,0.032052
aaaaanpr_s001_t002,power_line,30.0,naive,1,10.021414,0.999889,0.918260
aaaaanqe_s001_t000,power_line,30.0,naive,0,7.648042,0.999003,0.372968
aaaaanro_s001_t000,power_line,30.0,naive,1,11.473685,0.999971,0.135595
aaaaansj_s001_t000,power_line,30.0,naive,1,10.222757,0.999908,2.338939
aaaaanta_s001_t000,power_line,30.0,naive,1,10.936682,0.999953,2.064557
aaaaanum_s001_t000,power_line,30.0,naive,0,7.740395,0.999084,0.269990
aaaaanvb_s002_t000,power_line,30.0,naive,0,5.370698,0.991833,0.406390
aaaaanvg_s001_t002,power_line,30.0,naive,0,10.894417,0.999951,0.152073
aaaaanvw_s001_t000,power_line,30.0,naive,0,5.632654,0.993582,0.841880
aaaaanwc_s001_t001,power_line,30.0,naive,1,11.227633,0.999964,1.203877
aaaaanxl_s001_t000,power_line,30.0,naive,1,10.923099,0.999952,0.918576
aaaaanyb_s001_t001,power_line,30.0,naive,0,9.202939,0.999764,0.524311
aaaaanyt_s002_t000,power_line,30.0,naive,1,11.664459,0.999976,3.003122
aaaaanyw_s001_t000,power_line,30.0,naive,1,9.128781,0.999747,0.064273
aaaaanyw_s002_t000,power_line,30.0,naive,1,8.997635,0.999714,0.361525
aaaaanzh_s001_t000,power_line,30.0,naive,1,10.370691,0.999920,1.711736
aaaaanzu_s001_t003,power_line,30.0,naive,1,11.303930,0.999966,0.419675
aaaaaoav_s001_t000,power_line,30.0,naive,0,8.549761,0.999567,0.178409
aaaaaoav_s002_t000,power_line,30.0,naive,0,11.225565,0.999964,0.401773
aaaaaobi_s001_t000,power_line,30.0,naive,1,8.968227,0.999706,1.283974
aaaaaobl_s001_t000,power_line,30.0,naive,0,10.101120,0.999897,1.776758
aaaaaoby_s001_t000,power_line,30.0,naive,0,10.207684,0.999907,0.225861
aaaaaoda_s001_t000,power_line,30.0,naive,1,10.098227,0.999897,2.586184
aaaaaoeg_s001_t000,power_line,30.0,naive,0,10.664100,0.999939,0.023351
aaaaaofj_s001_t000,power_line,30.0,naive,0,5.207467,0.990513,0.332231
aaaaaofr_s001_t000,power_line,30.0,naive,0,10.130480,0.999900,0.190462
aaaaaofz_s001_t000,power_line,30.0,naive,0,8.873898,0.999679,0.619034
aaaaaohb_s001_t000,power_line,30.0,naive,1,11.797350,0.999979,0.059887
aaaaaohr_s002_t001,power_line,30.0,naive,1,10.730572,0.999943,0.114107
aaaaaoiq_s001_t000,power_line,30.0,naive,1,9.970304,0.999884,0.030464
aaaaaoiv_s001_t000,power_line,30.0,naive,1,11.207193,0.999963,0.053190
aaaaaoiv_s002_t001,power_line,30.0,naive,1,13.233418,0.999994,0.121738
aaaaaoiv_s003_t003,power_line,30.0,naive,1,11.066044,0.999958,0.029870
aaaaaojd_s001_t002,power_line,30.0,naive,0,10.098843,0.999897,0.401087
aaaaaokg_s001_t000,power_line,30.0,naive,0,10.992644,0.999955,0.878513
aaaaaoly_s001_t000,power_line,30.0,naive,0,10.662461,0.999939,1.977480
aaaaaome_s001_t000,power_line,30.0,naive,0,7.530591,0.998888,0.535813
aaaaaomx_s001_t000,power_line,30.0,naive,0,10.626428,0.999937,0.367527
aaaaaomy_s001_t000,power_line,30.0,naive,1,10.141287,0.999901,0.562117
aaaaaonb_s001_t000,power_line,30.0,naive,0,10.512451,0.999930,0.132935
aaaaaons_s002_t002,power_line,30.0,naive,1,12.023949,0.999983,0.042150
aaaaaopd_s001_t000,power_line,30.0,naive,0,9.523235,0.999824,1.760269
aaaaaopo_s001_t000,power_line,30.0,naive,0,6.605194,0.997383,0.057815
aaaaaora_s002_t000,power_line,30.0,naive,1,9.691355,0.999850,0.106483
aaaaaord_s001_t000,power_line,30.0,naive,1,9.012429,0.999718,0.141336
aaaaaosh_s001_t000,power_line,30.0,naive,1,8.811010,0.999660,0.266432
aaaaaosw_s001_t000,power_line,30.0,naive,0,9.933357,0.999880,0.958306
aaaaaote_s001_t000,power_line,30.0,naive,0,9.445974,0.999811,1.348017
aaaaaout_s001_t000,power_line,30.0,naive,1,7.445475,0.998797,1.020762
aaaaaovl_s001_t000,power_line,30.0,naive,1,9.824144,0.999867,0.058010
aaaaaovo_s001_t000,power_line,30.0,naive,1,12.107961,0.999984,0.158389
aaaaaowb_s001_t000,power_line,30.0,naive,0,9.863740,0.999872,0.777524
aaaaaoxf_s001_t000,power_line,30.0,naive,0,7.899060,0.999209,0.061259
aaaaaozf_s001_t001,power_line,30.0,naive,0,9.369827,0.999798,1.229492
aaaaapag_s001_t000,power_line,30.0,naive,0,6.220321,0.996266,4.677934
aaaaapar_s001_t000,power_line,30.0,naive,1,14.383873,0.999998,0.040457
aaaaapcb_s001_t000,power_line,30.0,naive,0,9.919297,0.999878,0.166496
aaaaapcy_s001_t002,power_line,30.0,naive,0,6.097541,0.995819,0.185651
aaaaapdg_s001_t000,power_line,30.0,naive,0,8.667400,0.999612,0.131763
aaaaaphs_s001_t000,power_line,30.0,naive,1,9.428441,0.999808,1.596102
aaaaaphw_s001_t000,power_line,30.0,naive,0,7.771967,0.999111,0.085287
aaaaapij_s001_t000,power_line,30.0,naive,0,11.727815,0.999977,0.042259
aaaaapjc_s001_t001,power_line,30.0,naive,0,1.237623,0.725162,0.252400
aaaaapka_s001_t000,power_line,30.0,naive,0,10.848162,0.999949,0.182073
aaaaapkx_s001_t001,power_line,30.0,naive,1,8.576679,0.999578,3.699517
aaaaaply_s001_t001,power_line,30.0,naive,1,10.411942,0.999923,1.075482
aaaaapmb_s002_t001,power_line,30.0,naive,1,8.432606,0.999518,0.073653
aaaaapmp_s001_t000,power_line,30.0,naive,1,5.966151,0.995280,0.500587
aaaaapnr_s001_t000,power_line,30.0,naive,1,10.036224,0.999891,0.203453
aaaaapoc_s001_t000,power_line,30.0,naive,1,11.381459,0.999969,1.083017
aaaaapof_s001_t000,power_line,30.0,naive,0,6.508651,0.997139,3.964696
aaaaapoo_s001_t000,power_line,30.0,naive,0,10.778680,0.999945,1.292268
aaaaapoq_s001_t000,power_line,30.0,naive,0,10.649590,0.999938,0.923952
aaaaappb_s001_t000,power_line,30.0,naive,0,10.504009,0.999929,2.903332
aaaaapqd_s001_t000,power_line,30.0,naive,1,6.849632,0.997913,0.973428
aaaaapqv_s001_t000,power_line,30.0,naive,0,8.488770,0.999542,1.855214
aaaaapta_s001_t000,power_line,30.0,naive,1,9.681145,0.999848,0.629437
aaaaapth_s001_t000,power_line,30.0,naive,1,7.808842,0.999141,0.321784
aaaaapua_s001_t001,power_line,30.0,naive,0,6.852530,0.997918,0.107633
aaaaapuu_s001_t000,power_line,30.0,naive,0,9.622078,0.999840,0.937577
aaaaapvw_s001_t001,power_line,30.0,naive,1,10.822334,0.999947,0.704616
aaaaapvy_s001_t000,power_line,30.0,naive,1,8.994735,0.999713,4.902329
aaaaapwn_s001_t001,power_line,30.0,naive,0,6.997487,0.998179,2.589696
aaaaapwo_s001_t001,power_line,30.0,naive,1,12.844499,0.999992,0.408690
aaaaapxm_s001_t001,power_line,30.0,naive,0,7.081747,0.998316,0.294982
aaaaapys_s001_t001,power_line,30.0,naive,1,12.795378,0.999992,0.047325
aaaaapys_s002_t001,power_line,30.0,naive,1,12.054953,0.999983,0.206067
aaaaaayx_s002_t000,power_line,5.0,canonicalized,0,-0.021489,0.451070,1.647416
aaaaabdo_s003_t000,power_line,5.0,canonicalized,1,7.926814,0.999230,1.869855
aaaaabsk_s007_t000,power_line,5.0,canonicalized,1,1.572315,0.782502,1.103385
aaaaabuv_s002_t000,power_line,5.0,canonicalized,1,2.920561,0.926181,1.347028
aaaaacad_s003_t000,power_line,5.0,canonicalized,0,0.364760,0.540290,0.544415
aaaaacby_s004_t000,power_line,5.0,canonicalized,0,-0.231666,0.403458,0.265183
aaaaaddm_s006_t000,power_line,5.0,canonicalized,1,3.462182,0.953967,4.678549
aaaaadeu_s002_t000,power_line,5.0,canonicalized,1,2.696600,0.910679,1.185594
aaaaadjk_s002_t000,power_line,5.0,canonicalized,0,-2.343680,0.087237,0.318925
aaaaadkb_s002_t000,power_line,5.0,canonicalized,1,6.977852,0.998146,6.768772
aaaaadsm_s002_t001,power_line,5.0,canonicalized,0,-2.154274,0.102260,0.951877
aaaaaeab_s003_t000,power_line,5.0,canonicalized,0,-0.488093,0.347816,0.441065
aaaaaejc_s003_t001,power_line,5.0,canonicalized,0,2.911989,0.925636,0.829623
aaaaaezn_s003_t001,power_line,5.0,canonicalized,1,1.066409,0.692447,6.665076
aaaaafhl_s003_t000,power_line,5.0,canonicalized,1,2.953816,0.928260,0.265946
aaaaagfk_s003_t000,power_line,5.0,canonicalized,0,-1.155786,0.223173,1.235717
aaaaagsc_s003_t001,power_line,5.0,canonicalized,1,4.641396,0.984075,5.928912
aaaaagsc_s006_t001,power_line,5.0,canonicalized,1,1.087432,0.696580,1.341102
aaaaaguk_s002_t001,power_line,5.0,canonicalized,0,-3.794836,0.024308,0.390690
aaaaagvx_s002_t000,power_line,5.0,canonicalized,1,0.563750,0.585617,0.774233
aaaaagvx_s003_t001,power_line,5.0,canonicalized,1,1.906271,0.830576,0.693498
aaaaagyr_s002_t000,power_line,5.0,canonicalized,1,-0.564457,0.331944,0.705236
aaaaahie_s005_t001,power_line,5.0,canonicalized,1,7.723867,0.999070,1.990849
aaaaahsv_s002_t000,power_line,5.0,canonicalized,0,-0.675391,0.309558,2.529546
aaaaahte_s002_t000,power_line,5.0,canonicalized,1,8.927466,0.999695,3.601937
aaaaahte_s003_t000,power_line,5.0,canonicalized,1,9.463781,0.999814,0.422360
aaaaahuy_s002_t000,power_line,5.0,canonicalized,1,-1.474701,0.176137,0.060192
aaaaahzi_s001_t000,power_line,5.0,canonicalized,0,-0.860607,0.274126,0.709258
aaaaahzm_s001_t001,power_line,5.0,canonicalized,0,-1.093470,0.233342,1.350372
aaaaahzq_s001_t000,power_line,5.0,canonicalized,0,-3.628114,0.028254,0.060835
aaaaahzs_s001_t001,power_line,5.0,canonicalized,0,-1.054378,0.239884,1.691771
aaaaaiae_s001_t000,power_line,5.0,canonicalized,0,0.877305,0.653935,1.807522
aaaaaibx_s001_t000,power_line,5.0,canonicalized,0,0.154748,0.491735,0.226425
aaaaaiby_s001_t000,power_line,5.0,canonicalized,0,-1.220307,0.212981,1.147225
aaaaaici_s001_t000,power_line,5.0,canonicalized,0,-2.137080,0.103731,4.613563
aaaaaicn_s001_t000,power_line,5.0,canonicalized,0,0.738005,0.624178,2.041820
aaaaaijh_s002_t000,power_line,5.0,canonicalized,1,-2.881410,0.054886,0.414781
aaaaaijn_s001_t001,power_line,5.0,canonicalized,0,-0.255723,0.398106,0.631935
aaaaairb_s001_t001,power_line,5.0,canonicalized,0,-0.383943,0.370013,0.815141
aaaaairo_s001_t000,power_line,5.0,canonicalized,0,-2.655266,0.066824,1.296751
aaaaaitt_s001_t000,power_line,5.0,canonicalized,0,-3.335834,0.036718,3.773784
aaaaaiue_s004_t000,power_line,5.0,canonicalized,1,0.264689,0.517192,3.828647
aaaaaiuo_s002_t000,power_line,5.0,canonicalized,0,3.016767,0.932048,0.823232
aaaaaiwz_s001_t001,power_line,5.0,canonicalized,0,-1.711469,0.146526,0.824655
aaaaaiyy_s001_t001,power_line,5.0,canonicalized,0,-3.160920,0.042901,0.224507
aaaaaizd_s001_t001,power_line,5.0,canonicalized,0,-0.040247,0.446771,2.595548
aaaaaizs_s001_t000,power_line,5.0,canonicalized,0,1.178310,0.714076,1.100916
aaaaajae_s001_t001,power_line,5.0,canonicalized,0,5.349964,0.991676,3.863552
aaaaajah_s002_t001,power_line,5.0,canonicalized,1,0.545711,0.581555,1.083209
aaaaajah_s004_t000,power_line,5.0,canonicalized,1,-0.851897,0.275735,2.538580
aaaaajal_s001_t001,power_line,5.0,canonicalized,0,-3.201722,0.041375,0.336455
aaaaajam_s001_t000,power_line,5.0,canonicalized,1,-0.934978,0.260631,0.333967
aaaaajar_s001_t001,power_line,5.0,canonicalized,0,-0.836829,0.278532,0.134796
aaaaajbb_s001_t000,power_line,5.0,canonicalized,0,1.958568,0.837286,0.569033
aaaaajbh_s002_t000,power_line,5.0,canonicalized,0,-4.376675,0.014324,0.262954
aaaaajce_s001_t000,power_line,5.0,canonicalized,0,-0.978205,0.252987,0.158940
aaaaajci_s001_t000,power_line,5.0,canonicalized,0,-3.058220,0.046982,1.472456
aaaaajck_s001_t000,power_line,5.0,canonicalized,0,-3.919309,0.021718,0.051347
aaaaajct_s001_t000,power_line,5.0,canonicalized,0,1.575618,0.783022,3.658301
aaaaajcu_s001_t000,power_line,5.0,canonicalized,0,0.721379,0.620558,0.696672
aaaaajda_s001_t000,power_line,5.0,canonicalized,0,-3.757209,0.025149,0.457675
aaaaajdb_s001_t000,power_line,5.0,canonicalized,0,-1.575449,0.162998,3.452348
aaaaajdv_s001_t000,power_line,5.0,canonicalized,0,2.770501,0.916094,4.984015
aaaaajdy_s001_t000,power_line,5.0,canonicalized,0,-2.638381,0.067806,0.911972
aaaaajdz_s001_t000,power_line,5.0,canonicalized,0,-1.421763,0.183368,0.407556
aaaaajea_s001_t000,power_line,5.0,canonicalized,0,2.399655,0.885627,2.926385
aaaaajen_s001_t000,power_line,5.0,canonicalized,0,-1.951838,0.120807,1.795083
aaaaajey_s001_t000,power_line,5.0,canonicalized,0,-0.493565,0.346666,0.469384
aaaaajfb_s001_t000,power_line,5.0,canonicalized,0,-3.418541,0.034102,1.822190
aaaaajfe_s001_t000,power_line,5.0,canonicalized,0,-1.578053,0.162669,0.406605
aaaaajff_s001_t000,power_line,5.0,canonicalized,0,-3.735574,0.025645,0.620302
aaaaajfi_s001_t001,power_line,5.0,canonicalized,0,-1.185773,0.218393,0.249389
aaaaajfn_s001_t001,power_line,5.0,canonicalized,0,-2.656382,0.066759,1.145127
aaaaajfy_s001_t000,power_line,5.0,canonicalized,0,-4.200278,0.016824,0.195828
aaaaajga_s001_t001,power_line,5.0,canonicalized,0,0.583770,0.590111,5.419847
aaaaajhy_s001_t000,power_line,5.0,canonicalized,0,-2.984362,0.050143,3.472008
aaaaajit_s001_t001,power_line,5.0,canonicalized,0,-3.366596,0.035723,0.588811
aaaaajiu_s001_t000,power_line,5.0,canonicalized,0,1.694576,0.801163,5.766956
aaaaajiy_s001_t001,power_line,5.0,canonicalized,0,-0.448418,0.356200,1.425269
aaaaajiz_s001_t000,power_line,5.0,canonicalized,0,-1.251161,0.208229,1.062328
aaaaajjb_s001_t001,power_line,5.0,canonicalized,0,1.958966,0.837336,4.553373
aaaaajje_s001_t000,power_line,5.0,canonicalized,0,-2.063477,0.110245,5.480783
aaaaajjk_s001_t000,power_line,5.0,canonicalized,0,-2.311377,0.089650,0.341418
aaaaajna_s001_t000,power_line,5.0,canonicalized,0,-1.450057,0.179475,1.833466
aaaaajnu_s001_t000,power_line,5.0,canonicalized,0,-2.562807,0.072368,4.502465
aaaaajon_s001_t000,power_line,5.0,canonicalized,0,-0.856332,0.274915,0.341141
aaaaajoo_s002_t001,power_line,5.0,canonicalized,1,-0.047245,0.445169,2.470271
aaaaajpg_s001_t001,power_line,5.0,canonicalized,0,-2.260740,0.093553,0.542079
aaaaajqh_s004_t000,power_line,5.0,canonicalized,1,9.002373,0.999715,5.989748
aaaaajqk_s003_t001,power_line,5.0,canonicalized,1,4.989258,0.988412,0.781589
aaaaajrf_s001_t000,power_line,5.0,canonicalized,1,6.850762,0.997915,2.095265
aaaaajrf_s002_t000,power_line,5.0,canonicalized,1,11.603233,0.999974,5.128542
aaaaajrf_s003_t002,power_line,5.0,canonicalized,1,10.361422,0.999919,2.079345
aaaaajrf_s004_t000,power_line,5.0,canonicalized,1,3.127914,0.938287,0.371822
aaaaajso_s001_t000,power_line,5.0,canonicalized,1,8.766872,0.999646,5.773290
aaaaajtg_s001_t000,power_line,5.0,canonicalized,0,-0.183869,0.414160,2.740928
aaaaajtu_s001_t000,power_line,5.0,canonicalized,0,-0.273611,0.394141,1.720573
aaaaajuh_s001_t000,power_line,5.0,canonicalized,1,7.607771,0.998965,4.513481
aaaaajun_s001_t000,power_line,5.0,canonicalized,0,4.565565,0.982935,1.298641
aaaaajvh_s001_t001,power_line,5.0,canonicalized,0,-2.210216,0.097599,0.374486
aaaaajxp_s001_t000,power_line,5.0,canonicalized,0,0.774183,0.632008,1.548164
aaaaakck_s001_t001,power_line,5.0,canonicalized,1,1.798349,0.816037,0.109471
aaaaakcx_s001_t001,power_line,5.0,canonicalized,1,9.800237,0.999864,1.631698
aaaaakcy_s005_t001,power_line,5.0,canonicalized,1,8.817188,0.999662,0.443252
aaaaakdj_s001_t000,power_line,5.0,canonicalized,1,0.486130,0.568065,0.716806
aaaaakdo_s001_t000,power_line,5.0,canonicalized,1,0.468479,0.564048,2.703216
aaaaakeq_s001_t000,power_line,5.0,canonicalized,1,1.960181,0.837489,1.080062
aaaaakeq_s002_t000,power_line,5.0,canonicalized,1,2.324868,0.878419,5.149142
aaaaakeq_s003_t000,power_line,5.0,canonicalized,1,3.927336,0.969594,2.352694
aaaaakev_s001_t001,power_line,5.0,canonicalized,1,9.231181,0.999770,4.690651
aaaaakev_s002_t000,power_line,5.0,canonicalized,1,8.998826,0.999714,5.373826
aaaaakft_s001_t000,power_line,5.0,canonicalized,0,-2.848710,0.056479,0.995284
aaaaakgp_s001_t001,power_line,5.0,canonicalized,0,0.777031,0.632621,1.787609
aaaaakgu_s001_t000,power_line,5.0,canonicalized,1,-1.845483,0.131670,0.209140
aaaaakjk_s002_t002,power_line,5.0,canonicalized,1,2.180407,0.863386,7.620525
aaaaakjk_s003_t000,power_line,5.0,canonicalized,1,2.426311,0.888105,0.653386
aaaaakka_s001_t001,power_line,5.0,canonicalized,0,-1.147464,0.224513,1.129478
aaaaakmg_s003_t001,power_line,5.0,canonicalized,1,8.232334,0.999419,1.176392
aaaaakmh_s001_t000,power_line,5.0,canonicalized,1,1.327251,0.741399,4.196337
aaaaaknt_s001_t000,power_line,5.0,canonicalized,1,3.683222,0.962169,0.714520
aaaaakoo_s001_t001,power_line,5.0,canonicalized,1,8.799326,0.999657,0.765997
aaaaakqg_s001_t001,power_line,5.0,canonicalized,0,-1.245804,0.209048,1.274370
aaaaakqr_s001_t000,power_line,5.0,canonicalized,0,-2.839027,0.056959,0.329047
aaaaakrt_s001_t001,power_line,5.0,canonicalized,1,6.962619,0.998120,0.396115
aaaaakrt_s002_t001,power_line,5.0,canonicalized,1,7.533861,0.998892,0.518616
aaaaaksb_s001_t000,power_line,5.0,canonicalized,0,-2.306000,0.090057,0.293125
aaaaaksu_s001_t001,power_line,5.0,canonicalized,0,0.890734,0.656745,0.553639
aaaaakxz_s001_t001,power_line,5.0,canonicalized,1,4.139105,0.974875,1.019609
aaaaakxz_s002_t001,power_line,5.0,canonicalized,1,4.492960,0.981770,0.345157
aaaaalaf_s001_t000,power_line,5.0,canonicalized,0,-2.249924,0.094406,0.542019
aaaaalau_s001_t000,power_line,5.0,canonicalized,1,5.512749,0.992833,4.991773
aaaaalbh_s001_t000,power_line,5.0,canonicalized,1,2.349555,0.880841,2.229717
aaaaalbt_s001_t001,power_line,5.0,canonicalized,0,-0.672379,0.310155,0.461382
aaaaalbt_s002_t000,power_line,5.0,canonicalized,0,-0.866296,0.273079,0.815185
aaaaalbz_s006_t000,power_line,5.0,canonicalized,1,7.629485,0.998985,17.658689
aaaaalid_s001_t001,power_line,5.0,canonicalized,0,1.449139,0.762455,0.803941
aaaaaljf_s001_t000,power_line,5.0,canonicalized,1,5.421823,0.992208,1.764691
aaaaaljj_s001_t000,power_line,5.0,canonicalized,0,-2.680758,0.065366,0.899439
aaaaallc_s001_t001,power_line,5.0,canonicalized,0,0.124174,0.484657,0.614717
aaaaalle_s002_t000,power_line,5.0,canonicalized,1,1.192461,0.716745,1.481174
aaaaalox_s001_t001,power_line,5.0,canonicalized,0,4.680690,0.984635,2.399423
aaaaalpv_s001_t000,power_line,5.0,canonicalized,0,-0.026328,0.449960,2.740379
aaaaalqa_s001_t000,power_line,5.0,canonicalized,0,-0.546420,0.335660,0.832469
aaaaalqr_s001_t001,power_line,5.0,canonicalized,1,0.828779,0.643691,0.380079
aaaaalqs_s001_t001,power_line,5.0,canonicalized,0,-2.135391,0.103877,0.470053
aaaaalqx_s001_t000,power_line,5.0,canonicalized,0,-3.573419,0.029679,0.251326
aaaaalrc_s002_t000,power_line,5.0,canonicalized,1,12.818233,0.999992,0.106024
aaaaalsq_s001_t000,power_line,5.0,canonicalized,0,0.993352,0.677848,0.668921
aaaaalsx_s001_t000,power_line,5.0,canonicalized,1,0.232082,0.509645,1.231269
aaaaalsx_s004_t001,power_line,5.0,canonicalized,1,0.704836,0.616942,0.189729
aaaaaluz_s001_t001,power_line,5.0,canonicalized,0,-3.496497,0.031801,0.256559
aaaaalvw_s001_t000,power_line,5.0,canonicalized,0,-3.630673,0.028189,0.512690
aaaaalvz_s001_t000,power_line,5.0,canonicalized,1,9.591340,0.999835,1.822548
aaaaalxk_s001_t000,power_line,5.0,canonicalized,0,-0.018305,0.451801,0.557055
aaaaalyr_s001_t000,power_line,5.0,canonicalized,1,1.687004,0.800043,0.566340
aaaaalzk_s002_t001,power_line,5.0,canonicalized,1,9.930763,0.999880,3.710199
aaaaamcb_s001_t001,power_line,5.0,canonicalized,1,8.350385,0.999479,2.629762
aaaaamfe_s001_t001,power_line,5.0,canonicalized,0,0.205513,0.503492,0.102843
aaaaamft_s001_t001,power_line,5.0,canonicalized,1,1.487487,0.768829,0.219716
aaaaamfu_s001_t000,power_line,5.0,canonicalized,0,-2.042875,0.112131,0.138358
aaaaamhi_s001_t000,power_line,5.0,canonicalized,1,5.426322,0.992240,6.753310
aaaaamhk_s001_t000,power_line,5.0,canonicalized,1,5.358827,0.991744,0.541535
aaaaamjc_s001_t001,power_line,5.0,canonicalized,1,8.608932,0.999590,0.588025
aaaaammh_s001_t001,power_line,5.0,canonicalized,1,2.919345,0.926104,0.376734
aaaaamnq_s001_t000,power_line,5.0,canonicalized,1,7.659021,0.999013,3.151807
aaaaamnq_s002_t000,power_line,5.0,canonicalized,1,5.672274,0.993812,0.416659
aaaaamon_s001_t000,power_line,5.0,canonicalized,0,-0.167778,0.417782,2.912421
aaaaampz_s001_t000,power_line,5.0,canonicalized,1,1.238178,0.725265,3.266271
aaaaamrj_s001_t000,power_line,5.0,canonicalized,0,1.703036,0.802409,0.558315
aaaaamsc_s001_t000,power_line,5.0,canonicalized,1,6.418159,0.996890,0.206711
aaaaamtb_s001_t000,power_line,5.0,canonicalized,0,2.961813,0.928752,0.822744
aaaaamuc_s001_t000,power_line,5.0,canonicalized,0,-1.970916,0.118942,0.170527
aaaaamxn_s001_t000,power_line,5.0,canonicalized,1,0.266545,0.517621,0.571222
aaaaamyb_s001_t001,power_line,5.0,canonicalized,0,0.001174,0.456274,1.347256
aaaaamye_s001_t000,power_line,5.0,canonicalized,1,10.404915,0.999922,0.826386
aaaaamzi_s001_t001,power_line,5.0,canonicalized,1,6.344662,0.996671,1.107234
aaaaamzl_s001_t000,power_line,5.0,canonicalized,0,-2.155407,0.102163,0.579348
aaaaamzx_s001_t000,power_line,5.0,canonicalized,0,-2.699697,0.064302,2.267159
aaaaanbq_s001_t000,power_line,5.0,canonicalized,0,-1.089830,0.233946,0.288553
aaaaanek_s001_t000,power_line,5.0,canonicalized,0,-2.808700,0.058487,0.111671
aaaaangp_s001_t000,power_line,5.0,canonicalized,0,0.129217,0.485824,0.531738
aaaaanhb_s001_t003,power_line,5.0,canonicalized,1,2.884214,0.923845,1.574286
aaaaanhb_s003_t001,power_line,5.0,canonicalized,1,5.259533,0.990955,0.579837
aaaaanhb_s005_t000,power_line,5.0,canonicalized,1,9.094000,0.999739,0.833679
aaaaankf_s001_t000,power_line,5.0,canonicalized,1,4.495504,0.981812,2.144781
aaaaanlp_s001_t000,power_line,5.0,canonicalized,0,-1.272640,0.204967,0.276760
aaaaanmc_s001_t000,power_line,5.0,canonicalized,1,8.585808,0.999581,3.345207
aaaaanop_s001_t000,power_line,5.0,canonicalized,0,1.147934,0.708295,2.561364
aaaaanoz_s001_t000,power_line,5.0,canonicalized,1,0.323100,0.530690,0.650408
aaaaanpr_s001_t002,power_line,5.0,canonicalized,1,5.412333,0.992140,7.235757
aaaaanqe_s001_t000,power_line,5.0,canonicalized,0,-2.929955,0.052599,0.639331
aaaaanro_s001_t000,power_line,5.0,canonicalized,1,3.455524,0.953695,1.693771
aaaaansj_s001_t000,power_line,5.0,canonicalized,1,5.344246,0.991632,3.523051
aaaaanta_s001_t000,power_line,5.0,canonicalized,1,6.246237,0.996355,8.312697
aaaaanum_s001_t000,power_line,5.0,canonicalized,0,-0.036887,0.447540,1.307029
aaaaanvb_s002_t000,power_line,5.0,canonicalized,0,-1.344964,0.194263,0.187469
aaaaanvg_s001_t002,power_line,5.0,canonicalized,0,2.470903,0.892145,1.063850
aaaaanvw_s001_t000,power_line,5.0,canonicalized,0,-2.888109,0.054565,0.777338
aaaaanwc_s001_t001,power_line,5.0,canonicalized,1,6.940858,0.998081,15.111059
aaaaanxl_s001_t000,power_line,5.0,canonicalized,1,6.483076,0.997071,12.816472
aaaaanyb_s001_t001,power_line,5.0,canonicalized,0,1.117242,0.702385,0.842208
aaaaanyt_s002_t000,power_line,5.0,canonicalized,1,6.006512,0.995452,2.505003
aaaaanyw_s001_t000,power_line,5.0,canonicalized,1,2.582200,0.901674,0.198202
aaaaanyw_s002_t000,power_line,5.0,canonicalized,1,4.315474,0.978581,1.655318
aaaaanzh_s001_t000,power_line,5.0,canonicalized,1,-0.695406,0.305609,3.082475
aaaaanzu_s001_t003,power_line,5.0,canonicalized,1,2.107579,0.855230,3.454744
aaaaaoav_s001_t000,power_line,5.0,canonicalized,0,-2.813466,0.058244,0.294206
aaaaaoav_s002_t000,power_line,5.0,canonicalized,0,-1.602406,0.159620,0.447499
aaaaaobi_s001_t000,power_line,5.0,canonicalized,1,-0.497865,0.345765,10.683125
aaaaaobl_s001_t000,power_line,5.0,canonicalized,0,-0.260267,0.397097,2.019623
aaaaaoby_s001_t000,power_line,5.0,canonicalized,0,-0.289334,0.390668,6.671527
aaaaaoda_s001_t000,power_line,5.0,canonicalized,1,8.219105,0.999412,8.703370
aaaaaoeg_s001_t000,power_line,5.0,canonicalized,0,1.643015,0.793444,0.782405
aaaaaofj_s001_t000,power_line,5.0,canonicalized,0,-2.474863,0.078032,0.439935
aaaaaofr_s001_t000,power_line,5.0,canonicalized,0,3.142677,0.939074,1.400363
aaaaaofz_s001_t000,power_line,5.0,canonicalized,0,0.151053,0.490879,0.989226
aaaaaohb_s001_t000,power_line,5.0,canonicalized,1,2.648768,0.907008,0.360228
aaaaaohr_s002_t001,power_line,5.0,canonicalized,1,6.372880,0.996757,0.456344
aaaaaoiq_s001_t000,power_line,5.0,canonicalized,1,2.113513,0.855910,0.352952
aaaaaoiv_s001_t000,power_line,5.0,canonicalized,1,0.839486,0.645964,0.116835
aaaaaoiv_s002_t001,power_line,5.0,canonicalized,1,9.136629,0.999749,1.191421
aaaaaoiv_s003_t003,power_line,5.0,canonicalized,1,6.751202,0.997714,0.074447
aaaaaojd_s001_t002,power_line,5.0,canonicalized,0,0.266218,0.517546,2.107875
aaaaaokg_s001_t000,power_line,5.0,canonicalized,0,4.594484,0.983379,3.049786
aaaaaoly_s001_t000,power_line,5.0,canonicalized,0,-0.776379,0.289924,6.702178
aaaaaome_s001_t000,power_line,5.0,canonicalized,0,-1.087180,0.234386,2.231369
aaaaaomx_s001_t000,power_line,5.0,canonicalized,0,-0.131063,0.426079,0.777157
aaaaaomy_s001_t000,power_line,5.0,canonicalized,1,4.442110,0.980907,5.576746
aaaaaonb_s001_t000,power_line,5.0,canonicalized,0,1.090244,0.697130,2.025351
aaaaaons_s002_t002,power_line,5.0,canonicalized,1,7.404829,0.998751,0.387016
aaaaaopd_s001_t000,power_line,5.0,canonicalized,0,-0.577706,0.329228,2.413064
aaaaaopo_s001_t000,power_line,5.0,canonicalized,0,-1.938575,0.122118,0.108183
aaaaaora_s002_t000,power_line,5.0,canonicalized,1,2.272985,0.873191,0.544575
aaaaaord_s001_t000,power_line,5.0,canonicalized,1,2.105536,0.854996,0.541870
aaaaaosh_s001_t000,power_line,5.0,canonicalized,1,1.495435,0.770136,1.336118
aaaaaosw_s001_t000,power_line,5.0,canonicalized,0,1.329230,0.741751,4.002419
aaaaaote_s001_t000,power_line,5.0,canonicalized,0,-1.070883,0.237107,0.975992
aaaaaout_s001_t000,power_line,5.0,canonicalized,1,2.824344,0.919850,2.511609
aaaaaovl_s001_t000,power_line,5.0,canonicalized,1,4.271414,0.977709,0.105186
aaaaaovo_s001_t000,power_line,5.0,canonicalized,1,8.510061,0.999551,0.175432
aaaaaowb_s001_t000,power_line,5.0,canonicalized,0,0.220038,0.506856,0.998975
aaaaaoxf_s001_t000,power_line,5.0,canonicalized,0,-1.477429,0.175770,0.613174
aaaaaozf_s001_t001,power_line,5.0,canonicalized,0,-0.263916,0.396288,1.555754
aaaaapag_s001_t000,power_line,5.0,canonicalized,0,-2.310382,0.089725,2.336986
aaaaapar_s001_t000,power_line,5.0,canonicalized,1,12.150644,0.999985,0.287530
aaaaapcb_s001_t000,power_line,5.0,canonicalized,0,3.170561,0.940536,0.209951
aaaaapcy_s001_t002,power_line,5.0,canonicalized,0,-3.067085,0.046616,0.353641
aaaaapdg_s001_t000,power_line,5.0,canonicalized,0,-1.168078,0.221205,0.095472
aaaaaphs_s001_t000,power_line,5.0,canonicalized,1,3.319586,0.947804,3.762092
aaaaaphw_s001_t000,power_line,5.0,canonicalized,0,1.796048,0.815717,0.632719
aaaaapij_s001_t000,power_line,5.0,canonicalized,0,0.371875,0.541927,1.117819
aaaaapjc_s001_t001,power_line,5.0,canonicalized,0,-4.548998,0.012236,0.228826
aaaaapka_s001_t000,power_line,5.0,canonicalized,0,-1.020373,0.245676,0.450441
aaaaapkx_s001_t001,power_line,5.0,canonicalized,1,-1.870532,0.129039,3.335013
aaaaaply_s001_t001,power_line,5.0,canonicalized,1,3.828937,0.966788,3.413073
aaaaapmb_s002_t001,power_line,5.0,canonicalized,1,6.927255,0.998057,0.857248
aaaaapmp_s001_t000,power_line,5.0,canonicalized,1,-0.544081,0.336144,1.898025
aaaaapnr_s001_t000,power_line,5.0,canonicalized,1,-1.759374,0.141063,1.991893
aaaaapoc_s001_t000,power_line,5.0,canonicalized,1,4.954182,0.988033,5.376067
aaaaapof_s001_t000,power_line,5.0,canonicalized,0,-3.427614,0.033826,0.161455
aaaaapoo_s001_t000,power_line,5.0,canonicalized,0,-3.067813,0.046586,1.558378
aaaaapoq_s001_t000,power_line,5.0,canonicalized,0,1.177091,0.713845,2.099635
aaaaappb_s001_t000,power_line,5.0,canonicalized,0,0.311460,0.528003,3.466462
aaaaapqd_s001_t000,power_line,5.0,canonicalized,1,1.284390,0.733713,3.047659
aaaaapqv_s001_t000,power_line,5.0,canonicalized,0,-3.156178,0.043081,2.169264
aaaaapta_s001_t000,power_line,5.0,canonicalized,1,6.245827,0.996353,1.598529
aaaaapth_s001_t000,power_line,5.0,canonicalized,1,2.758868,0.915262,6.288862
aaaaapua_s001_t001,power_line,5.0,canonicalized,0,-3.692590,0.026659,0.443326
aaaaapuu_s001_t000,power_line,5.0,canonicalized,0,-2.099042,0.107054,1.810716
aaaaapvw_s001_t001,power_line,5.0,canonicalized,1,5.376259,0.991875,3.253075
aaaaapvy_s001_t000,power_line,5.0,canonicalized,1,4.152570,0.975178,9.192209
aaaaapwn_s001_t001,power_line,5.0,canonicalized,0,-1.264993,0.206124,1.691470
aaaaapwo_s001_t001,power_line,5.0,canonicalized,1,8.856092,0.999674,0.652396
aaaaapxm_s001_t001,power_line,5.0,canonicalized,0,-1.801274,0.136424,0.509049
aaaaapys_s001_t001,power_line,5.0,canonicalized,1,12.606155,0.999990,0.183804
aaaaapys_s002_t001,power_line,5.0,canonicalized,1,9.322709,0.999788,6.087394
aaaaaayx_s002_t000,power_line,5.0,naive,0,5.599226,0.993381,2.130321
aaaaabdo_s003_t000,power_line,5.0,naive,1,11.464790,0.999971,1.137432
aaaaabsk_s007_t000,power_line,5.0,naive,1,4.644315,0.984117,1.625228
aaaaabuv_s002_t000,power_line,5.0,naive,1,8.492498,0.999544,3.289137
aaaaacad_s003_t000,power_line,5.0,naive,0,2.763223,0.915574,1.580586
aaaaacby_s004_t000,power_line,5.0,naive,0,3.040246,0.933413,0.835293
aaaaaddm_s006_t000,power_line,5.0,naive,1,8.320013,0.999465,8.036351
aaaaadeu_s002_t000,power_line,5.0,naive,1,7.318787,0.998647,1.774912
aaaaadjk_s002_t000,power_line,5.0,naive,0,-1.265264,0.206083,0.803886
aaaaadkb_s002_t000,power_line,5.0,naive,1,12.329166,0.999987,11.084876
aaaaadsm_s002_t001,power_line,5.0,naive,0,1.763726,0.811173,1.655286
aaaaaeab_s003_t000,power_line,5.0,naive,0,2.538510,0.898026,0.836653
aaaaaejc_s003_t001,power_line,5.0,naive,0,6.386198,0.996797,1.111565
aaaaaezn_s003_t001,power_line,5.0,naive,1,4.718064,0.985151,4.508923
aaaaafhl_s003_t000,power_line,5.0,naive,1,6.038148,0.995583,0.466929
aaaaagfk_s003_t000,power_line,5.0,naive,0,1.392882,0.752886,3.350957
aaaaagsc_s003_t001,power_line,5.0,naive,1,9.707110,0.999852,9.512736
aaaaagsc_s006_t001,power_line,5.0,naive,1,4.784664,0.986027,0.980232
aaaaaguk_s002_t001,power_line,5.0,naive,0,-5.165088,0.006951,0.278312
aaaaagvx_s002_t000,power_line,5.0,naive,1,4.995481,0.988477,0.798171
aaaaagvx_s003_t001,power_line,5.0,naive,1,7.856725,0.999178,0.818393
aaaaagyr_s002_t000,power_line,5.0,naive,1,3.518226,0.956194,3.437339
aaaaahie_s005_t001,power_line,5.0,naive,1,13.145632,0.999994,2.712718
aaaaahsv_s002_t000,power_line,5.0,naive,0,3.550265,0.957420,2.798325
aaaaahte_s002_t000,power_line,5.0,naive,1,12.819664,0.999992,3.327383
aaaaahte_s003_t000,power_line,5.0,naive,1,12.139069,0.999984,0.061168
aaaaahuy_s002_t000,power_line,5.0,naive,1,0.788876,0.635168,0.162831
aaaaahzi_s001_t000,power_line,5.0,naive,0,4.015834,0.971920,1.933827
aaaaahzm_s001_t001,power_line,5.0,naive,0,0.829748,0.643897,0.861443
aaaaahzq_s001_t000,power_line,5.0,naive,0,-0.701863,0.304341,0.469842
aaaaahzs_s001_t001,power_line,5.0,naive,0,4.645100,0.984128,0.504811
aaaaaiae_s001_t000,power_line,5.0,naive,0,3.733505,0.963828,1.411694
aaaaaibx_s001_t000,power_line,5.0,naive,0,4.447683,0.981004,0.432148
aaaaaiby_s001_t000,power_line,5.0,naive,0,3.951558,0.970248,1.835427
aaaaaici_s001_t000,power_line,5.0,naive,0,1.353150,0.745973,13.084528
aaaaaicn_s001_t000,power_line,5.0,naive,0,5.301809,0.991300,1.666497
aaaaaijh_s002_t000,power_line,5.0,naive,1,1.195830,0.717378,0.922038
aaaaaijn_s001_t001,power_line,5.0,naive,0,4.786785,0.986054,0.077308
aaaaairb_s001_t001,power_line,5.0,naive,0,3.272413,0.945599,1.870078
aaaaairo_s001_t000,power_line,5.0,naive,0,3.395889,0.951193,4.916560
aaaaaitt_s001_t000,power_line,5.0,naive,0,0.564090,0.585693,12.168865
aaaaaiue_s004_t000,power_line,5.0,naive,1,3.899771,0.968832,2.704685
aaaaaiuo_s002_t000,power_line,5.0,naive,0,7.343113,0.998678,0.811194
aaaaaiwz_s001_t001,power_line,5.0,naive,0,1.000433,0.679279,0.990377
aaaaaiyy_s001_t001,power_line,5.0,naive,0,-0.371507,0.372703,0.376765
aaaaaizd_s001_t001,power_line,5.0,naive,0,4.866334,0.987032,8.570923
aaaaaizs_s001_t000,power_line,5.0,naive,0,5.371868,0.991842,0.508296
aaaaajae_s001_t001,power_line,5.0,naive,0,9.073842,0.999734,4.413203
aaaaajah_s002_t001,power_line,5.0,naive,1,4.367434,0.979567,2.810529
aaaaajah_s004_t000,power_line,5.0,naive,1,2.650594,0.907150,2.432969
aaaaajal_s001_t001,power_line,5.0,naive,0,-3.146534,0.043451,0.821494
aaaaajam_s001_t000,power_line,5.0,naive,1,3.395878,0.951192,0.366885
aaaaajar_s001_t001,power_line,5.0,naive,0,4.187689,0.975954,0.187702
aaaaajbb_s001_t000,power_line,5.0,naive,0,6.341215,0.996661,1.006166
aaaaajbh_s002_t000,power_line,5.0,naive,0,-2.594927,0.070396,0.823614
aaaaajce_s001_t000,power_line,5.0,naive,0,4.317564,0.978622,0.600642
aaaaajci_s001_t000,power_line,5.0,naive,0,-1.794905,0.137121,0.883649
aaaaajck_s001_t000,power_line,5.0,naive,0,-4.152242,0.017576,0.181910
aaaaajct_s001_t000,power_line,5.0,naive,0,6.922967,0.998049,4.035007
aaaaajcu_s001_t000,power_line,5.0,naive,0,6.186563,0.996148,1.391391
aaaaajda_s001_t000,power_line,5.0,naive,0,0.487672,0.568415,1.477470
aaaaajdb_s001_t000,power_line,5.0,naive,0,2.797663,0.918008,13.195054
aaaaajdv_s001_t000,power_line,5.0,naive,0,9.093553,0.999738,4.014847
aaaaajdy_s001_t000,power_line,5.0,naive,0,-1.606876,0.159065,0.714662
aaaaajdz_s001_t000,power_line,5.0,naive,0,0.639411,0.602519,1.840960
aaaaajea_s001_t000,power_line,5.0,naive,0,7.566711,0.998925,1.063942
aaaaajen_s001_t000,power_line,5.0,naive,0,2.200755,0.865594,2.596903
aaaaajey_s001_t000,power_line,5.0,naive,0,1.922896,0.832733,1.541884
aaaaajfb_s001_t000,power_line,5.0,naive,0,-1.973722,0.118670,7.336082
aaaaajfe_s001_t000,power_line,5.0,naive,0,2.227693,0.868472,0.432851
aaaaajff_s001_t000,power_line,5.0,naive,0,-0.520734,0.340988,0.427243
aaaaajfi_s001_t001,power_line,5.0,naive,0,2.994958,0.930757,2.264707
aaaaajfn_s001_t001,power_line,5.0,naive,0,0.109607,0.481287,6.020751
aaaaajfy_s001_t000,power_line,5.0,naive,0,-2.516972,0.075271,0.684682
aaaaajga_s001_t001,power_line,5.0,naive,0,3.831317,0.966858,7.806632
aaaaajhy_s001_t000,power_line,5.0,naive,0,0.856478,0.649555,3.874532
aaaaajit_s001_t001,power_line,5.0,naive,0,-1.565378,0.164275,2.220249
aaaaajiu_s001_t000,power_line,5.0,naive,0,7.706829,0.999056,3.807542
aaaaajiy_s001_t001,power_line,5.0,naive,0,3.977365,0.970931,1.395346
aaaaajiz_s001_t000,power_line,5.0,naive,0,1.757086,0.810229,3.676747
aaaaajjb_s001_t001,power_line,5.0,naive,0,5.513341,0.992837,2.267856
aaaaajje_s001_t000,power_line,5.0,naive,0,1.741495,0.807997,8.911432
aaaaajjk_s001_t000,power_line,5.0,naive,0,-0.145395,0.422835,0.653657
aaaaajna_s001_t000,power_line,5.0,naive,0,0.817671,0.641328,5.610337
aaaaajnu_s001_t000,power_line,5.0,naive,0,2.245783,0.870374,6.452541
aaaaajon_s001_t000,power_line,5.0,naive,0,2.190694,0.864506,4.299649
aaaaajoo_s002_t001,power_line,5.0,naive,1,4.930811,0.987775,1.964545
aaaaajpg_s001_t001,power_line,5.0,naive,0,1.070120,0.693179,1.163756
aaaaajqh_s004_t000,power_line,5.0,naive,1,14.191463,0.999998,13.286669
aaaaajqk_s003_t001,power_line,5.0,naive,1,9.547918,0.999828,1.270731
aaaaajrf_s001_t000,power_line,5.0,naive,1,9.315221,0.999787,3.101649
aaaaajrf_s002_t000,power_line,5.0,naive,1,12.894594,0.999992,6.164188
aaaaajrf_s003_t002,power_line,5.0,naive,1,11.145700,0.999961,1.987994
aaaaajrf_s004_t000,power_line,5.0,naive,1,6.659948,0.997512,0.199882
aaaaajso_s001_t000,power_line,5.0,naive,1,13.636044,0.999996,9.177097
aaaaajtg_s001_t000,power_line,5.0,naive,0,4.088613,0.973703,10.693126
aaaaajtu_s001_t000,power_line,5.0,naive,0,5.098887,0.989519,3.759842
aaaaajuh_s001_t000,power_line,5.0,naive,1,11.606213,0.999974,6.874050
aaaaajun_s001_t000,power_line,5.0,naive,0,11.211246,0.999963,1.930191
aaaaajvh_s001_t001,power_line,5.0,naive,0,-0.969320,0.254546,1.383889
aaaaajxp_s001_t000,power_line,5.0,naive,0,4.450686,0.981055,2.873946
aaaaakck_s001_t001,power_line,5.0,naive,1,5.078036,0.989317,2.353393
aaaaakcx_s001_t001,power_line,5.0,naive,1,14.856863,0.999999,1.633377
aaaaakcy_s005_t001,power_line,5.0,naive,1,11.740374,0.999977,0.737208
aaaaakdj_s001_t000,power_line,5.0,naive,1,5.516412,0.992857,2.611663
aaaaakdo_s001_t000,power_line,5.0,naive,1,4.611070,0.983628,4.909571
aaaaakeq_s001_t000,power_line,5.0,naive,1,6.028804,0.995545,1.621161
aaaaakeq_s002_t000,power_line,5.0,naive,1,6.933105,0.998068,9.891928
aaaaakeq_s003_t000,power_line,5.0,naive,1,6.670325,0.997536,1.898344
aaaaakev_s001_t001,power_line,5.0,naive,1,11.949544,0.999981,1.380481
aaaaakev_s002_t000,power_line,5.0,naive,1,11.799158,0.999979,2.919319
aaaaakft_s001_t000,power_line,5.0,naive,0,-0.850272,0.276036,1.769376
aaaaakgp_s001_t001,power_line,5.0,naive,0,6.100517,0.995830,7.634287
aaaaakgu_s001_t000,power_line,5.0,naive,1,1.744303,0.808401,0.091120
aaaaakjk_s002_t002,power_line,5.0,naive,1,5.367160,0.991807,1.108760
aaaaakjk_s003_t000,power_line,5.0,naive,1,8.177877,0.999389,0.398217
aaaaakka_s001_t001,power_line,5.0,naive,0,3.307948,0.947268,0.909822
aaaaakmg_s003_t001,power_line,5.0,naive,1,10.856125,0.999949,0.218834
aaaaakmh_s001_t000,power_line,5.0,naive,1,6.125242,0.995924,3.907733
aaaaaknt_s001_t000,power_line,5.0,naive,1,9.888771,0.999875,1.096681
aaaaakoo_s001_t001,power_line,5.0,naive,1,10.669458,0.999939,0.464236
aaaaakqg_s001_t001,power_line,5.0,naive,0,3.804676,0.966058,6.962251
aaaaakqr_s001_t000,power_line,5.0,naive,0,-0.072437,0.439411,1.225295
aaaaakrt_s001_t001,power_line,5.0,naive,1,12.435755,0.999988,0.729328
aaaaakrt_s002_t001,power_line,5.0,naive,1,11.462126,0.999971,0.774768
aaaaaksb_s001_t000,power_line,5.0,naive,0,1.669041,0.797368,1.334296
aaaaaksu_s001_t001,power_line,5.0,naive,0,5.680112,0.993856,0.389430
aaaaakxz_s001_t001,power_line,5.0,naive,1,6.334297,0.996639,1.256607
aaaaakxz_s002_t001,power_line,5.0,naive,1,8.489513,0.999542,1.479743
aaaaalaf_s001_t000,power_line,5.0,naive,0,-0.069786,0.440017,1.371575
aaaaalau_s001_t000,power_line,5.0,naive,1,9.091453,0.999738,0.707299
aaaaalbh_s001_t000,power_line,5.0,naive,1,7.794212,0.999129,3.982865
aaaaalbt_s001_t001,power_line,5.0,naive,0,5.509621,0.992813,0.242820
aaaaalbt_s002_t000,power_line,5.0,naive,0,5.960461,0.995255,2.222705
aaaaalbz_s006_t000,power_line,5.0,naive,1,11.791363,0.999979,13.154307
aaaaalid_s001_t001,power_line,5.0,naive,0,4.127712,0.974615,5.842198
aaaaaljf_s001_t000,power_line,5.0,naive,1,11.280815,0.999966,3.330989
aaaaaljj_s001_t000,power_line,5.0,naive,0,-1.921557,0.123819,2.601468
aaaaallc_s001_t001,power_line,5.0,naive,0,5.036520,0.988903,0.551025
aaaaalle_s002_t000,power_line,5.0,naive,1,7.109909,0.998359,4.606214
aaaaalox_s001_t001,power_line,5.0,naive,0,9.890203,0.999875,2.631086
aaaaalpv_s001_t000,power_line,5.0,naive,0,4.127287,0.974605,8.161976
aaaaalqa_s001_t000,power_line,5.0,naive,0,4.200619,0.976233,2.349894
aaaaalqr_s001_t001,power_line,5.0,naive,1,9.167299,0.999756,0.638044
aaaaalqs_s001_t001,power_line,5.0,naive,0,-0.910811,0.264969,1.092968
aaaaalqx_s001_t000,power_line,5.0,naive,0,-1.418622,0.183804,2.193303
aaaaalrc_s002_t000,power_line,5.0,naive,1,18.271866,1.000000,0.236372
aaaaalsq_s001_t000,power_line,5.0,naive,0,6.269721,0.996433,0.913597
aaaaalsx_s001_t000,power_line,5.0,naive,1,5.680252,0.993857,0.304871
aaaaalsx_s004_t001,power_line,5.0,naive,1,4.403548,0.980226,0.265594
aaaaaluz_s001_t001,power_line,5.0,naive,0,-2.388175,0.084010,0.624452
aaaaalvw_s001_t000,power_line,5.0,naive,0,-1.290254,0.202320,0.824885
aaaaalvz_s001_t000,power_line,5.0,naive,1,12.575182,0.999990,0.934989
aaaaalxk_s001_t000,power_line,5.0,naive,0,4.855628,0.986904,1.093988
aaaaalyr_s001_t000,power_line,5.0,naive,1,5.800632,0.994502,0.223641
aaaaalzk_s002_t001,power_line,5.0,naive,1,13.402290,0.999995,4.276701
aaaaamcb_s001_t001,power_line,5.0,naive,1,14.516045,0.999998,5.578405
aaaaamfe_s001_t001,power_line,5.0,naive,0,4.701074,0.984919,1.079352
aaaaamft_s001_t001,power_line,5.0,naive,1,11.542986,0.999973,0.530851
aaaaamfu_s001_t000,power_line,5.0,naive,0,2.422578,0.887761,0.688444
aaaaamhi_s001_t000,power_line,5.0,naive,1,9.300179,0.999784,8.852197
aaaaamhk_s001_t000,power_line,5.0,naive,1,9.787258,0.999862,0.151932
aaaaamjc_s001_t001,power_line,5.0,naive,1,10.972979,0.999954,0.380387
aaaaammh_s001_t001,power_line,5.0,naive,1,7.612618,0.998969,0.921868
aaaaamnq_s001_t000,power_line,5.0,naive,1,13.488587,0.999996,4.232051
aaaaamnq_s002_t000,power_line,5.0,naive,1,10.248693,0.999910,1.766866
aaaaamon_s001_t000,power_line,5.0,naive,0,4.708499,0.985020,2.328940
aaaaampz_s001_t000,power_line,5.0,naive,1,8.216919,0.999411,2.032398
aaaaamrj_s001_t000,power_line,5.0,naive,0,6.379804,0.996778,0.171699
aaaaamsc_s001_t000,power_line,5.0,naive,1,12.306562,0.999987,3.177458
aaaaamtb_s001_t000,power_line,5.0,naive,0,6.283102,0.996477,0.919705
aaaaamuc_s001_t000,power_line,5.0,naive,0,1.717405,0.804511,0.600590
aaaaamxn_s001_t000,power_line,5.0,naive,1,3.839198,0.967092,1.410625
aaaaamyb_s001_t001,power_line,5.0,naive,0,5.169167,0.990173,0.942514
aaaaamye_s001_t000,power_line,5.0,naive,1,13.427861,0.999995,0.749718
aaaaamzi_s001_t001,power_line,5.0,naive,1,10.637024,0.999937,2.169633
aaaaamzl_s001_t000,power_line,5.0,naive,0,0.908041,0.660351,1.976836
aaaaamzx_s001_t000,power_line,5.0,naive,0,0.040141,0.465244,3.750459
aaaaanbq_s001_t000,power_line,5.0,naive,0,2.625589,0.905181,0.701681
aaaaanek_s001_t000,power_line,5.0,naive,0,-1.624670,0.156872,0.156204
aaaaangp_s001_t000,power_line,5.0,naive,0,3.642810,0.960782,0.483799
aaaaanhb_s001_t003,power_line,5.0,naive,1,6.636337,0.997458,1.222077
aaaaanhb_s003_t001,power_line,5.0,naive,1,8.613703,0.999592,1.251361
aaaaanhb_s005_t000,power_line,5.0,naive,1,11.443300,0.999970,1.870414
aaaaankf_s001_t000,power_line,5.0,naive,1,8.918145,0.999692,0.855521
aaaaanlp_s001_t000,power_line,5.0,naive,0,-0.067830,0.440463,2.535284
aaaaanmc_s001_t000,power_line,5.0,naive,1,13.416187,0.999995,3.708959
aaaaanop_s001_t000,power_line,5.0,naive,0,6.264275,0.996415,2.967975
aaaaanoz_s001_t000,power_line,5.0,naive,1,5.067606,0.989214,0.220250
aaaaanpr_s001_t002,power_line,5.0,naive,1,9.514362,0.999823,4.280335
aaaaanqe_s001_t000,power_line,5.0,naive,0,-0.691677,0.306343,0.936233
aaaaanro_s001_t000,power_line,5.0,naive,1,7.962672,0.999255,2.057441
aaaaansj_s001_t000,power_line,5.0,naive,1,9.249702,0.999774,3.974617
aaaaanta_s001_t000,power_line,5.0,naive,1,11.079047,0.999958,11.345732
aaaaanum_s001_t000,power_line,5.0,naive,0,3.299448,0.946873,2.931562
aaaaanvb_s002_t000,power_line,5.0,naive,0,0.758697,0.628664,0.627559
aaaaanvg_s001_t002,power_line,5.0,naive,0,7.265672,0.998579,1.298895
aaaaanvw_s001_t000,power_line,5.0,naive,0,-2.713315,0.063547,1.387505
aaaaanwc_s001_t001,power_line,5.0,naive,1,8.551043,0.999568,13.357618
aaaaanxl_s001_t000,power_line,5.0,naive,1,9.648148,0.999844,10.815938
aaaaanyb_s001_t001,power_line,5.0,naive,0,5.351330,0.991687,0.445839
aaaaanyt_s002_t000,power_line,5.0,naive,1,10.537539,0.999931,5.204830
aaaaanyw_s001_t000,power_line,5.0,naive,1,8.559209,0.999571,0.291843
aaaaanyw_s002_t000,power_line,5.0,naive,1,9.194010,0.999762,1.673719
aaaaanzh_s001_t000,power_line,5.0,naive,1,3.327621,0.948171,8.951239
aaaaanzu_s001_t003,power_line,5.0,naive,1,6.013108,0.995480,4.252643
aaaaaoav_s001_t000,power_line,5.0,naive,0,0.643627,0.603454,0.575788
aaaaaoav_s002_t000,power_line,5.0,naive,0,0.992815,0.677739,0.993247
aaaaaobi_s001_t000,power_line,5.0,naive,1,5.883602,0.994907,9.374916
aaaaaobl_s001_t000,power_line,5.0,naive,0,5.614537,0.993474,2.070933
aaaaaoby_s001_t000,power_line,5.0,naive,0,3.824366,0.966651,8.547720
aaaaaoda_s001_t000,power_line,5.0,naive,1,13.545052,0.999996,18.617851
aaaaaoeg_s001_t000,power_line,5.0,naive,0,6.032074,0.995558,0.724522
aaaaaofj_s001_t000,power_line,5.0,naive,0,-0.748751,0.295222,0.338445
aaaaaofr_s001_t000,power_line,5.0,naive,0,7.638924,0.998994,1.262042
aaaaaofz_s001_t000,power_line,5.0,naive,0,3.730156,0.963720,3.052048
aaaaaohb_s001_t000,power_line,5.0,naive,1,8.392403,0.999499,0.133295
aaaaaohr_s002_t001,power_line,5.0,naive,1,12.611454,0.999990,0.775446
aaaaaoiq_s001_t000,power_line,5.0,naive,1,7.949685,0.999246,0.763341
aaaaaoiv_s001_t000,power_line,5.0,naive,1,5.891644,0.994944,0.245484
aaaaaoiv_s002_t001,power_line,5.0,naive,1,15.354751,0.999999,1.298317
aaaaaoiv_s003_t003,power_line,5.0,naive,1,13.309409,0.999995,0.090862
aaaaaojd_s001_t002,power_line,5.0,naive,0,2.647511,0.906910,1.597913
aaaaaokg_s001_t000,power_line,5.0,naive,0,9.738850,0.999856,6.484238
aaaaaoly_s001_t000,power_line,5.0,naive,0,5.463851,0.992504,11.012140
aaaaaome_s001_t000,power_line,5.0,naive,0,0.729504,0.622329,3.249606
aaaaaomx_s001_t000,power_line,5.0,naive,0,6.856535,0.997926,3.287240
aaaaaomy_s001_t000,power_line,5.0,naive,1,11.498448,0.999972,5.272117
aaaaaonb_s001_t000,power_line,5.0,naive,0,7.304050,0.998629,1.338855
aaaaaons_s002_t002,power_line,5.0,naive,1,11.328062,0.999967,0.069426
aaaaaopd_s001_t000,power_line,5.0,naive,0,5.284202,0.991158,1.522010
aaaaaopo_s001_t000,power_line,5.0,naive,0,0.696573,0.615132,0.763970
aaaaaora_s002_t000,power_line,5.0,naive,1,8.370110,0.999489,1.130698
aaaaaord_s001_t000,power_line,5.0,naive,1,7.192742,0.998480,1.822160
aaaaaosh_s001_t000,power_line,5.0,naive,1,6.596741,0.997363,1.452341
aaaaaosw_s001_t000,power_line,5.0,naive,0,6.440600,0.996954,4.870325
aaaaaote_s001_t000,power_line,5.0,naive,0,2.541237,0.898257,0.770692
aaaaaout_s001_t000,power_line,5.0,naive,1,6.406913,0.996857,2.066859
aaaaaovl_s001_t000,power_line,5.0,naive,1,8.106203,0.999347,0.168589
aaaaaovo_s001_t000,power_line,5.0,naive,1,13.971680,0.999997,0.614453
aaaaaowb_s001_t000,power_line,5.0,naive,0,5.060506,0.989144,0.664473
aaaaaoxf_s001_t000,power_line,5.0,naive,0,1.248628,0.727190,0.865497
aaaaaozf_s001_t001,power_line,5.0,naive,0,4.873371,0.987115,9.350338
aaaaapag_s001_t000,power_line,5.0,naive,0,0.212872,0.505197,15.487235
aaaaapar_s001_t000,power_line,5.0,naive,1,15.753016,0.999999,0.442207
aaaaapcb_s001_t000,power_line,5.0,naive,0,5.325990,0.991491,0.189436
aaaaapcy_s001_t002,power_line,5.0,naive,0,-0.941067,0.259545,1.383953
aaaaapdg_s001_t000,power_line,5.0,naive,0,0.086046,0.475840,0.240482
aaaaaphs_s001_t000,power_line,5.0,naive,1,8.195490,0.999399,6.293837
aaaaaphw_s001_t000,power_line,5.0,naive,0,7.146210,0.998413,0.734436
aaaaapij_s001_t000,power_line,5.0,naive,0,5.301763,0.991299,0.735940
aaaaapjc_s001_t001,power_line,5.0,naive,0,-4.901646,0.008856,0.411087
aaaaapka_s001_t000,power_line,5.0,naive,0,4.623312,0.983810,0.473905
aaaaapkx_s001_t001,power_line,5.0,naive,1,-0.383968,0.370008,13.258945
aaaaaply_s001_t001,power_line,5.0,naive,1,7.188274,0.998474,3.324002
aaaaapmb_s002_t001,power_line,5.0,naive,1,7.436648,0.998787,0.330579
aaaaapmp_s001_t000,power_line,5.0,naive,1,2.430890,0.888526,2.051941
aaaaapnr_s001_t000,power_line,5.0,naive,1,4.110702,0.974222,3.640920
aaaaapoc_s001_t000,power_line,5.0,naive,1,10.811840,0.999947,4.381642
aaaaapof_s001_t000,power_line,5.0,naive,0,-3.755935,0.025178,0.764532
aaaaapoo_s001_t000,power_line,5.0,naive,0,-1.500382,0.172711,1.882716
aaaaapoq_s001_t000,power_line,5.0,naive,0,7.205613,0.998498,5.021417
aaaaappb_s001_t000,power_line,5.0,naive,0,5.292440,0.991225,4.530572
aaaaapqd_s001_t000,power_line,5.0,naive,1,5.040680,0.988945,2.919976
aaaaapqv_s001_t000,power_line,5.0,naive,0,1.496340,0.770284,5.498920
aaaaapta_s001_t000,power_line,5.0,naive,1,10.753811,0.999944,1.857537
aaaaapth_s001_t000,power_line,5.0,naive,1,5.620541,0.993510,0.976846
aaaaapua_s001_t001,power_line,5.0,naive,0,-1.114291,0.229909,0.429160
aaaaapuu_s001_t000,power_line,5.0,naive,0,1.046649,0.688535,1.790117
aaaaapvw_s001_t001,power_line,5.0,naive,1,9.456308,0.999813,1.899924
aaaaapvy_s001_t000,power_line,5.0,naive,1,8.305978,0.999458,1.937830
aaaaapwn_s001_t001,power_line,5.0,naive,0,0.841578,0.646407,6.813300
aaaaapwo_s001_t001,power_line,5.0,naive,1,13.416384,0.999995,0.812927
aaaaapxm_s001_t001,power_line,5.0,naive,0,-0.220306,0.405994,0.293682
aaaaapys_s001_t001,power_line,5.0,naive,1,17.995663,1.000000,0.261223
aaaaapys_s002_t001,power_line,5.0,naive,1,13.359691,0.999995,11.472714
aaaaaayx_s002_t000,power_line,60.0,canonicalized,0,-0.015306,0.452489,1.625079
aaaaabdo_s003_t000,power_line,60.0,canonicalized,1,7.921399,0.999226,1.880019
aaaaabsk_s007_t000,power_line,60.0,canonicalized,1,1.571000,0.782294,1.105546
aaaaabuv_s002_t000,power_line,60.0,canonicalized,1,2.919271,0.926099,1.351625
aaaaacad_s003_t000,power_line,60.0,canonicalized,0,0.365041,0.540355,0.543779
aaaaacby_s004_t000,power_line,60.0,canonicalized,0,-0.238353,0.401968,0.273107
aaaaaddm_s006_t000,power_line,60.0,canonicalized,1,3.465040,0.954083,4.653497
aaaaadeu_s002_t000,power_line,60.0,canonicalized,1,2.700503,0.910973,1.183160
aaaaadjk_s002_t000,power_line,60.0,canonicalized,0,-2.344287,0.087192,0.317806
aaaaadkb_s002_t000,power_line,60.0,canonicalized,1,6.980612,0.998151,6.738072
aaaaadsm_s002_t001,power_line,60.0,canonicalized,0,-2.154172,0.102268,0.952334
aaaaaeab_s003_t000,power_line,60.0,canonicalized,0,-0.503751,0.344532,0.402450
aaaaaejc_s003_t001,power_line,60.0,canonicalized,0,2.907379,0.925342,0.828455
aaaaaezn_s003_t001,power_line,60.0,canonicalized,1,1.061662,0.691510,6.688040
aaaaafhl_s003_t000,power_line,60.0,canonicalized,1,2.965602,0.928984,0.270691
aaaaagfk_s003_t000,power_line,60.0,canonicalized,0,-1.155757,0.223178,1.235424
aaaaagsc_s003_t001,power_line,60.0,canonicalized,1,4.642332,0.984088,5.929423
aaaaagsc_s006_t001,power_line,60.0,canonicalized,1,1.074806,0.694102,1.343861
aaaaaguk_s002_t001,power_line,60.0,canonicalized,0,-3.798199,0.024234,0.389111
aaaaagvx_s002_t000,power_line,60.0,canonicalized,1,0.565518,0.586014,0.771809
aaaaagvx_s003_t001,power_line,60.0,canonicalized,1,1.903994,0.830279,0.697302
aaaaagyr_s002_t000,power_line,60.0,canonicalized,1,-0.565052,0.331822,0.707139
aaaaahie_s005_t001,power_line,60.0,canonicalized,1,7.724050,0.999070,1.989981
aaaaahsv_s002_t000,power_line,60.0,canonicalized,0,-0.679610,0.308723,2.542347
aaaaahte_s002_t000,power_line,60.0,canonicalized,1,8.916774,0.999692,3.549241
aaaaahte_s003_t000,power_line,60.0,canonicalized,1,9.456458,0.999813,0.442086
aaaaahuy_s002_t000,power_line,60.0,canonicalized,1,-1.474521,0.176161,0.060274
aaaaahzi_s001_t000,power_line,60.0,canonicalized,0,-0.860115,0.274217,0.708988
aaaaahzm_s001_t001,power_line,60.0,canonicalized,0,-1.088986,0.234086,1.361104
aaaaahzq_s001_t000,power_line,60.0,canonicalized,0,-3.629882,0.028209,0.061483
aaaaahzs_s001_t001,power_line,60.0,canonicalized,0,-1.057219,0.239404,1.700908
aaaaaiae_s001_t000,power_line,60.0,canonicalized,0,0.874314,0.653308,1.817433
aaaaaibx_s001_t000,power_line,60.0,canonicalized,0,0.150248,0.490693,0.221449
aaaaaiby_s001_t000,power_line,60.0,canonicalized,0,-1.236330,0.210503,1.182347
aaaaaici_s001_t000,power_line,60.0,canonicalized,0,-2.137099,0.103730,4.613831
aaaaaicn_s001_t000,power_line,60.0,canonicalized,0,0.734569,0.623431,2.057496
aaaaaijh_s002_t000,power_line,60.0,canonicalized,1,-2.882566,0.054830,0.416697
aaaaaijn_s001_t001,power_line,60.0,canonicalized,0,-0.255201,0.398221,0.630617
aaaaairb_s001_t001,power_line,60.0,canonicalized,0,-0.390155,0.368673,0.826646
aaaaairo_s001_t000,power_line,60.0,canonicalized,0,-2.655617,0.066804,1.298042
aaaaaitt_s001_t000,power_line,60.0,canonicalized,0,-3.334453,0.036763,3.771282
aaaaaiue_s004_t000,power_line,60.0,canonicalized,1,0.259156,0.515912,3.843724
aaaaaiuo_s002_t000,power_line,60.0,canonicalized,0,3.010573,0.931684,0.844444
aaaaaiwz_s001_t001,power_line,60.0,canonicalized,0,-1.710827,0.146601,0.824582
aaaaaiyy_s001_t001,power_line,60.0,canonicalized,0,-3.167283,0.042659,0.225819
aaaaaizd_s001_t001,power_line,60.0,canonicalized,0,-0.042649,0.446221,2.602047
aaaaaizs_s001_t000,power_line,60.0,canonicalized,0,1.175639,0.713570,1.109874
aaaaajae_s001_t001,power_line,60.0,canonicalized,0,5.353415,0.991703,3.853942
aaaaajah_s002_t001,power_line,60.0,canonicalized,1,0.543815,0.581128,1.089275
aaaaajah_s004_t000,power_line,60.0,canonicalized,1,-0.850495,0.275994,2.528322
aaaaajal_s001_t001,power_line,60.0,canonicalized,0,-3.210106,0.041068,0.340177
aaaaajam_s001_t000,power_line,60.0,canonicalized,1,-0.937049,0.260261,0.336085
aaaaajar_s001_t001,power_line,60.0,canonicalized,0,-0.851177,0.275868,0.135202
aaaaajbb_s001_t000,power_line,60.0,canonicalized,0,1.959597,0.837415,0.565777
aaaaajbh_s002_t000,power_line,60.0,canonicalized,0,-4.377733,0.014310,0.262717
aaaaajce_s001_t000,power_line,60.0,canonicalized,0,-0.978241,0.252981,0.158703
aaaaajci_s001_t000,power_line,60.0,canonicalized,0,-3.058064,0.046988,1.470334
aaaaajck_s001_t000,power_line,60.0,canonicalized,0,-3.919605,0.021712,0.051139
aaaaajct_s001_t000,power_line,60.0,canonicalized,0,1.573584,0.782702,3.666626
aaaaajcu_s001_t000,power_line,60.0,canonicalized,0,0.722197,0.620736,0.694979
aaaaajda_s001_t000,power_line,60.0,canonicalized,0,-3.759339,0.025100,0.459240
aaaaajdb_s001_t000,power_line,60.0,canonicalized,0,-1.570540,0.163620,3.444030
aaaaajdv_s001_t000,power_line,60.0,canonicalized,0,2.739464,0.913857,4.868456
aaaaajdy_s001_t000,power_line,60.0,canonicalized,0,-2.630300,0.068281,0.903927
aaaaajdz_s001_t000,power_line,60.0,canonicalized,0,-1.422802,0.183223,0.406456
aaaaajea_s001_t000,power_line,60.0,canonicalized,0,2.411602,0.886744,2.953920
aaaaajen_s001_t000,power_line,60.0,canonicalized,0,-1.951487,0.120842,1.793774
aaaaajey_s001_t000,power_line,60.0,canonicalized,0,-0.492853,0.346816,0.467838
aaaaajfb_s001_t000,power_line,60.0,canonicalized,0,-3.418546,0.034102,1.821645
aaaaajfe_s001_t000,power_line,60.0,canonicalized,0,-1.578580,0.162603,0.408686
aaaaajff_s001_t000,power_line,60.0,canonicalized,0,-3.739319,0.025558,0.613132
aaaaajfi_s001_t001,power_line,60.0,canonicalized,0,-1.188998,0.217884,0.252800
aaaaajfn_s001_t001,power_line,60.0,canonicalized,0,-2.659338,0.066589,1.145712
aaaaajfy_s001_t000,power_line,60.0,canonicalized,0,-4.200400,0.016822,0.195920
aaaaajga_s001_t001,power_line,60.0,canonicalized,0,0.580411,0.589358,5.431271
aaaaajhy_s001_t000,power_line,60.0,canonicalized,0,-2.991048,0.049848,3.476034
aaaaajit_s001_t001,power_line,60.0,canonicalized,0,-3.363243,0.035830,0.585183
aaaaajiu_s001_t000,power_line,60.0,canonicalized,0,1.702231,0.802291,5.818234
aaaaajiy_s001_t001,power_line,60.0,canonicalized,0,-0.441511,0.357669,1.393895
aaaaajiz_s001_t000,power_line,60.0,canonicalized,0,-1.252397,0.208040,1.066024
aaaaajjb_s001_t001,power_line,60.0,canonicalized,0,1.966512,0.838286,4.501043
aaaaajje_s001_t000,power_line,60.0,canonicalized,0,-2.064565,0.110146,5.477450
aaaaajjk_s001_t000,power_line,60.0,canonicalized,0,-2.310101,0.089746,0.339478
aaaaajna_s001_t000,power_line,60.0,canonicalized,0,-1.450398,0.179428,1.832237
aaaaajnu_s001_t000,power_line,60.0,canonicalized,0,-2.547842,0.073304,4.440579
aaaaajon_s001_t000,power_line,60.0,canonicalized,0,-0.853979,0.275350,0.339927
aaaaajoo_s002_t001,power_line,60.0,canonicalized,1,-0.082485,0.437120,2.441032
aaaaajpg_s001_t001,power_line,60.0,canonicalized,0,-2.260629,0.093562,0.541851
aaaaajqh_s004_t000,power_line,60.0,canonicalized,1,9.001619,0.999715,5.998826
aaaaajqk_s003_t001,power_line,60.0,canonicalized,1,4.992212,0.988443,0.767716
aaaaajrf_s001_t000,power_line,60.0,canonicalized,1,6.850262,0.997914,2.099699
aaaaajrf_s002_t000,power_line,60.0,canonicalized,1,11.604866,0.999974,5.115482
aaaaajrf_s003_t002,power_line,60.0,canonicalized,1,10.365227,0.999919,2.094901
aaaaajrf_s004_t000,power_line,60.0,canonicalized,1,3.125845,0.938176,0.376058
aaaaajso_s001_t000,power_line,60.0,canonicalized,1,8.774313,0.999648,5.717878
aaaaajtg_s001_t000,power_line,60.0,canonicalized,0,-0.185707,0.413747,2.745293
aaaaajtu_s001_t000,power_line,60.0,canonicalized,0,-0.270253,0.394884,1.714618
aaaaajuh_s001_t000,power_line,60.0,canonicalized,1,7.612448,0.998969,4.526569
aaaaajun_s001_t000,power_line,60.0,canonicalized,0,4.565565,0.982935,1.298437
aaaaajvh_s001_t001,power_line,60.0,canonicalized,0,-2.203608,0.098139,0.366980
aaaaajxp_s001_t000,power_line,60.0,canonicalized,0,0.777136,0.632644,1.540242
aaaaakck_s001_t001,power_line,60.0,canonicalized,1,1.793343,0.815340,0.111422
aaaaakcx_s001_t001,power_line,60.0,canonicalized,1,9.800795,0.999864,1.635158
aaaaakcy_s005_t001,power_line,60.0,canonicalized,1,8.814194,0.999661,0.449803
aaaaakdj_s001_t000,power_line,60.0,canonicalized,1,0.486087,0.568055,0.716840
aaaaakdo_s001_t000,power_line,60.0,canonicalized,1,0.479245,0.566499,2.703646
aaaaakeq_s001_t000,power_line,60.0,canonicalized,1,1.957444,0.837144,1.088784
aaaaakeq_s002_t000,power_line,60.0,canonicalized,1,2.325737,0.878505,5.148100
aaaaakeq_s003_t000,power_line,60.0,canonicalized,1,3.923062,0.969477,2.367056
aaaaakev_s001_t001,power_line,60.0,canonicalized,1,9.228311,0.999769,4.740844
aaaaakev_s002_t000,power_line,60.0,canonicalized,1,9.003791,0.999716,5.350947
aaaaakft_s001_t000,power_line,60.0,canonicalized,0,-2.848821,0.056473,1.001290
aaaaakgp_s001_t001,power_line,60.0,canonicalized,0,0.773522,0.631865,1.799075
aaaaakgu_s001_t000,power_line,60.0,canonicalized,1,-1.850721,0.131116,0.212840
aaaaakjk_s002_t002,power_line,60.0,canonicalized,1,2.181592,0.863515,7.632602
aaaaakjk_s003_t000,power_line,60.0,canonicalized,1,2.410484,0.886640,0.684056
aaaaakka_s001_t001,power_line,60.0,canonicalized,0,-1.147323,0.224535,1.126388
aaaaakmg_s003_t001,power_line,60.0,canonicalized,1,8.227541,0.999417,1.180313
aaaaakmh_s001_t000,power_line,60.0,canonicalized,1,1.325943,0.741167,4.204389
aaaaaknt_s001_t000,power_line,60.0,canonicalized,1,3.677470,0.961974,0.729225
aaaaakoo_s001_t001,power_line,60.0,canonicalized,1,8.784286,0.999652,0.774349
aaaaakqg_s001_t001,power_line,60.0,canonicalized,0,-1.233653,0.210916,1.213726
aaaaakqr_s001_t000,power_line,60.0,canonicalized,0,-2.839037,0.056958,0.328282
aaaaakrt_s001_t001,power_line,60.0,canonicalized,1,6.967043,0.998127,0.401573
aaaaakrt_s002_t001,power_line,60.0,canonicalized,1,7.529137,0.998887,0.519441
aaaaaksb_s001_t000,power_line,60.0,canonicalized,0,-2.309701,0.089776,0.296965
aaaaaksu_s001_t001,power_line,60.0,canonicalized,0,0.893766,0.657378,0.551855
aaaaakxz_s001_t001,power_line,60.0,canonicalized,1,4.142032,0.974941,0.999637
aaaaakxz_s002_t001,power_line,60.0,canonicalized,1,4.500449,0.981894,0.343291
aaaaalaf_s001_t000,power_line,60.0,canonicalized,0,-2.250710,0.094344,0.542696
aaaaalau_s001_t000,power_line,60.0,canonicalized,1,5.522198,0.992895,4.966076
aaaaalbh_s001_t000,power_line,60.0,canonicalized,1,2.357052,0.881568,2.228319
aaaaalbt_s001_t001,power_line,60.0,canonicalized,0,-0.680336,0.308580,0.459809
aaaaalbt_s002_t000,power_line,60.0,canonicalized,0,-0.866581,0.273026,0.815206
aaaaalbz_s006_t000,power_line,60.0,canonicalized,1,7.628909,0.998985,17.677362
aaaaalid_s001_t001,power_line,60.0,canonicalized,0,1.439140,0.760773,0.797848
aaaaaljf_s001_t000,power_line,60.0,canonicalized,1,5.418915,0.992187,1.759748
aaaaaljj_s001_t000,power_line,60.0,canonicalized,0,-2.687553,0.064983,0.906406
aaaaallc_s001_t001,power_line,60.0,canonicalized,0,0.111700,0.481771,0.611799
aaaaalle_s002_t000,power_line,60.0,canonicalized,1,1.191896,0.716639,1.482556
aaaaalox_s001_t001,power_line,60.0,canonicalized,0,4.665459,0.984420,2.465888
aaaaalpv_s001_t000,power_line,60.0,canonicalized,0,-0.024833,0.450303,2.740794
aaaaalqa_s001_t000,power_line,60.0,canonicalized,0,-0.548300,0.335272,0.836079
aaaaalqr_s001_t001,power_line,60.0,canonicalized,1,0.817804,0.641356,0.384587
aaaaalqs_s001_t001,power_line,60.0,canonicalized,0,-2.140979,0.103396,0.478201
aaaaalqx_s001_t000,power_line,60.0,canonicalized,0,-3.573307,0.029682,0.250587
aaaaalrc_s002_t000,power_line,60.0,canonicalized,1,12.819408,0.999992,0.105439
aaaaalsq_s001_t000,power_line,60.0,canonicalized,0,0.989168,0.677001,0.667967
aaaaalsx_s001_t000,power_line,60.0,canonicalized,1,0.230885,0.509368,1.227850
aaaaalsx_s004_t001,power_line,60.0,canonicalized,1,0.697250,0.615280,0.188268
aaaaaluz_s001_t001,power_line,60.0,canonicalized,0,-3.498113,0.031755,0.258092
aaaaalvw_s001_t000,power_line,60.0,canonicalized,0,-3.624465,0.028347,0.508404
aaaaalvz_s001_t000,power_line,60.0,canonicalized,1,9.577883,0.999833,1.854123
aaaaalxk_s001_t000,power_line,60.0,canonicalized,0,-0.016936,0.452115,0.555429
aaaaalyr_s001_t000,power_line,60.0,canonicalized,1,1.684388,0.799655,0.566588
aaaaalzk_s002_t001,power_line,60.0,canonicalized,1,9.929443,0.999879,3.706503
aaaaamcb_s001_t001,power_line,60.0,canonicalized,1,8.349530,0.999479,2.628101
aaaaamfe_s001_t001,power_line,60.0,canonicalized,0,0.207711,0.504001,0.103058
aaaaamft_s001_t001,power_line,60.0,canonicalized,1,1.474646,0.766708,0.234023
aaaaamfu_s001_t000,power_line,60.0,canonicalized,0,-2.043422,0.112081,0.140282
aaaaamhi_s001_t000,power_line,60.0,canonicalized,1,5.413896,0.992151,6.705518
aaaaamhk_s001_t000,power_line,60.0,canonicalized,1,5.349788,0.991675,0.541788
aaaaamjc_s001_t001,power_line,60.0,canonicalized,1,8.600681,0.999587,0.552823
aaaaammh_s001_t001,power_line,60.0,canonicalized,1,2.920946,0.926205,0.374242
aaaaamnq_s001_t000,power_line,60.0,canonicalized,1,7.662558,0.999016,3.169062
aaaaamnq_s002_t000,power_line,60.0,canonicalized,1,5.675053,0.993828,0.414211
aaaaamon_s001_t000,power_line,60.0,canonicalized,0,-0.163484,0.418750,2.908331
aaaaampz_s001_t000,power_line,60.0,canonicalized,1,1.235962,0.724856,3.275295
aaaaamrj_s001_t000,power_line,60.0,canonicalized,0,1.701861,0.802236,0.551409
aaaaamsc_s001_t000,power_line,60.0,canonicalized,1,6.415728,0.996883,0.207414
aaaaamtb_s001_t000,power_line,60.0,canonicalized,0,2.962805,0.928813,0.820847
aaaaamuc_s001_t000,power_line,60.0,canonicalized,0,-1.976795,0.118373,0.174190
aaaaamxn_s001_t000,power_line,60.0,canonicalized,1,0.255585,0.515086,0.579837
aaaaamyb_s001_t001,power_line,60.0,canonicalized,0,0.000515,0.456123,1.347976
aaaaamye_s001_t000,power_line,60.0,canonicalized,1,10.403141,0.999922,0.828493
aaaaamzi_s001_t001,power_line,60.0,canonicalized,1,6.341895,0.996663,1.111011
aaaaamzl_s001_t000,power_line,60.0,canonicalized,0,-2.156826,0.102043,0.573679
aaaaamzx_s001_t000,power_line,60.0,canonicalized,0,-2.698721,0.064357,2.263331
aaaaanbq_s001_t000,power_line,60.0,canonicalized,0,-1.093967,0.233260,0.290490
aaaaanek_s001_t000,power_line,60.0,canonicalized,0,-2.813037,0.058266,0.111279
aaaaangp_s001_t000,power_line,60.0,canonicalized,0,0.127724,0.485478,0.530771
aaaaanhb_s001_t003,power_line,60.0,canonicalized,1,2.867328,0.922737,1.571546
aaaaanhb_s003_t001,power_line,60.0,canonicalized,1,5.258629,0.990948,0.579617
aaaaanhb_s005_t000,power_line,60.0,canonicalized,1,9.099608,0.999740,0.823165
aaaaankf_s001_t000,power_line,60.0,canonicalized,1,4.488660,0.981698,2.103621
aaaaanlp_s001_t000,power_line,60.0,canonicalized,0,-1.270490,0.205292,0.275994
aaaaanmc_s001_t000,power_line,60.0,canonicalized,1,8.589067,0.999583,3.331506
aaaaanop_s001_t000,power_line,60.0,canonicalized,0,1.145455,0.707820,2.564072
aaaaanoz_s001_t000,power_line,60.0,canonicalized,1,0.326413,0.531454,0.651667
aaaaanpr_s001_t002,power_line,60.0,canonicalized,1,5.408537,0.992112,7.229423
aaaaanqe_s001_t000,power_line,60.0,canonicalized,0,-2.930976,0.052552,0.642305
aaaaanro_s001_t000,power_line,60.0,canonicalized,1,3.445678,0.953290,1.726716
aaaaansj_s001_t000,power_line,60.0,canonicalized,1,5.341623,0.991612,3.534120
aaaaanta_s001_t000,power_line,60.0,canonicalized,1,6.246809,0.996357,8.304445
aaaaanum_s001_t000,power_line,60.0,canonicalized,0,-0.037635,0.447369,1.315940
aaaaanvb_s002_t000,power_line,60.0,canonicalized,0,-1.345405,0.194199,0.187927
aaaaanvg_s001_t002,power_line,60.0,canonicalized,0,2.469023,0.891978,1.069156
aaaaanvw_s001_t000,power_line,60.0,canonicalized,0,-2.887344,0.054601,0.775630
aaaaanwc_s001_t001,power_line,60.0,canonicalized,1,6.940750,0.998081,15.079537
aaaaanxl_s001_t000,power_line,60.0,canonicalized,1,6.473686,0.997045,12.795761
aaaaanyb_s001_t001,power_line,60.0,canonicalized,0,1.112832,0.701531,0.840758
aaaaanyt_s002_t000,power_line,60.0,canonicalized,1,5.942864,0.995177,2.356167
aaaaanyw_s001_t000,power_line,60.0,canonicalized,1,2.591768,0.902457,0.197510
aaaaanyw_s002_t000,power_line,60.0,canonicalized,1,4.319287,0.978655,1.633786
aaaaanzh_s001_t000,power_line,60.0,canonicalized,1,-0.694189,0.305848,3.076415
aaaaanzu_s001_t003,power_line,60.0,canonicalized,1,2.110206,0.855531,3.456356
aaaaaoav_s001_t000,power_line,60.0,canonicalized,0,-2.812582,0.058289,0.295299
aaaaaoav_s002_t000,power_line,60.0,canonicalized,0,-1.491869,0.173841,0.482023
aaaaaobi_s001_t000,power_line,60.0,canonicalized,1,-0.498461,0.345640,10.689449
aaaaaobl_s001_t000,power_line,60.0,canonicalized,0,-0.259283,0.397316,2.017717
aaaaaoby_s001_t000,power_line,60.0,canonicalized,0,-0.150424,0.421698,6.574563
aaaaaoda_s001_t000,power_line,60.0,canonicalized,1,8.218822,0.999412,8.692239
aaaaaoeg_s001_t000,power_line,60.0,canonicalized,0,1.612327,0.788745,0.789292
aaaaaofj_s001_t000,power_line,60.0,canonicalized,0,-2.487957,0.077164,0.451113
aaaaaofr_s001_t000,power_line,60.0,canonicalized,0,3.142278,0.939053,1.399469
aaaaaofz_s001_t000,power_line,60.0,canonicalized,0,0.150006,0.490637,0.990897
aaaaaohb_s001_t000,power_line,60.0,canonicalized,1,2.639729,0.906299,0.358712
aaaaaohr_s002_t001,power_line,60.0,canonicalized,1,6.364893,0.996733,0.491453
aaaaaoiq_s001_t000,power_line,60.0,canonicalized,1,2.111074,0.855631,0.358013
aaaaaoiv_s001_t000,power_line,60.0,canonicalized,1,0.846332,0.647413,0.114949
aaaaaoiv_s002_t001,power_line,60.0,canonicalized,1,9.137142,0.999749,1.190691
aaaaaoiv_s003_t003,power_line,60.0,canonicalized,1,6.745318,0.997701,0.074207
aaaaaojd_s001_t002,power_line,60.0,canonicalized,0,0.270992,0.518650,2.111314
aaaaaokg_s001_t000,power_line,60.0,canonicalized,0,4.599131,0.983449,3.031238
aaaaaoly_s001_t000,power_line,60.0,canonicalized,0,-0.769894,0.291163,6.687135
aaaaaome_s001_t000,power_line,60.0,canonicalized,0,-1.087233,0.234378,2.231448
aaaaaomx_s001_t000,power_line,60.0,canonicalized,0,-0.130931,0.426109,0.774726
aaaaaomy_s001_t000,power_line,60.0,canonicalized,1,4.439205,0.980857,5.574260
aaaaaonb_s001_t000,power_line,60.0,canonicalized,0,1.091956,0.697465,2.021009
aaaaaons_s002_t002,power_line,60.0,canonicalized,1,7.405745,0.998752,0.386248
aaaaaopd_s001_t000,power_line,60.0,canonicalized,0,-0.579739,0.328812,2.399369
aaaaaopo_s001_t000,power_line,60.0,canonicalized,0,-1.937323,0.122243,0.107781
aaaaaora_s002_t000,power_line,60.0,canonicalized,1,2.336787,0.879594,0.541824
aaaaaord_s001_t000,power_line,60.0,canonicalized,1,2.110529,0.855568,0.530088
aaaaaosh_s001_t000,power_line,60.0,canonicalized,1,1.484027,0.768259,1.366753
aaaaaosw_s001_t000,power_line,60.0,canonicalized,0,1.342608,0.744118,3.971946
aaaaaote_s001_t000,power_line,60.0,canonicalized,0,-1.072544,0.236829,0.980528
aaaaaout_s001_t000,power_line,60.0,canonicalized,1,2.825752,0.919946,2.508790
aaaaaovl_s001_t000,power_line,60.0,canonicalized,1,4.172550,0.975623,0.132705
aaaaaovo_s001_t000,power_line,60.0,canonicalized,1,8.505867,0.999549,0.170262
aaaaaowb_s001_t000,power_line,60.0,canonicalized,0,0.223234,0.507596,1.001700
aaaaaoxf_s001_t000,power_line,60.0,canonicalized,0,-1.475358,0.176048,0.608873
aaaaaozf_s001_t001,power_line,60.0,canonicalized,0,-0.264378,0.396186,1.556943
aaaaapag_s001_t000,power_line,60.0,canonicalized,0,-2.310330,0.089729,2.337152
aaaaapar_s001_t000,power_line,60.0,canonicalized,1,12.140144,0.999984,0.282590
aaaaapcb_s001_t000,power_line,60.0,canonicalized,0,3.155399,0.939745,0.219358
aaaaapcy_s001_t002,power_line,60.0,canonicalized,0,-3.068374,0.046563,0.353529
aaaaapdg_s001_t000,power_line,60.0,canonicalized,0,-1.169410,0.220992,0.095215
aaaaaphs_s001_t000,power_line,60.0,canonicalized,1,3.319014,0.947778,3.768755
aaaaaphw_s001_t000,power_line,60.0,canonicalized,0,1.789125,0.814751,0.647041
aaaaapij_s001_t000,power_line,60.0,canonicalized,0,0.371519,0.541845,1.115892
aaaaapjc_s001_t001,power_line,60.0,canonicalized,0,-4.550067,0.012224,0.228341
aaaaapka_s001_t000,power_line,60.0,canonicalized,0,-1.015328,0.246543,0.445210
aaaaapkx_s001_t001,power_line,60.0,canonicalized,1,-1.869402,0.129157,3.332570
aaaaaply_s001_t001,power_line,60.0,canonicalized,1,3.706753,0.962954,3.715158
aaaaapmb_s002_t001,power_line,60.0,canonicalized,1,6.914469,0.998034,0.876753
aaaaapmp_s001_t000,power_line,60.0,canonicalized,1,-0.540747,0.336833,1.878437
aaaaapnr_s001_t000,power_line,60.0,canonicalized,1,-1.758420,0.141170,1.988761
aaaaapoc_s001_t000,power_line,60.0,canonicalized,1,4.954281,0.988034,5.390137
aaaaapof_s001_t000,power_line,60.0,canonicalized,0,-3.425205,0.033899,0.160740
aaaaapoo_s001_t000,power_line,60.0,canonicalized,0,-3.067166,0.046612,1.556143
aaaaapoq_s001_t000,power_line,60.0,canonicalized,0,1.173080,0.713085,2.089657
aaaaappb_s001_t000,power_line,60.0,canonicalized,0,0.310519,0.527785,3.475923
aaaaapqd_s001_t000,power_line,60.0,canonicalized,1,1.275506,0.732102,3.042020
aaaaapqv_s001_t000,power_line,60.0,canonicalized,0,-3.156583,0.043066,2.168392
aaaaapta_s001_t000,power_line,60.0,canonicalized,1,6.563264,0.997280,2.481791
aaaaapth_s001_t000,power_line,60.0,canonicalized,1,2.875721,0.923290,6.048832
aaaaapua_s001_t001,power_line,60.0,canonicalized,0,-3.698358,0.026521,0.440128
aaaaapuu_s001_t000,power_line,60.0,canonicalized,0,-2.105381,0.106494,1.828171
aaaaapvw_s001_t001,power_line,60.0,canonicalized,1,5.376586,0.991877,3.256501
aaaaapvy_s001_t000,power_line,60.0,canonicalized,1,4.152349,0.975173,9.188812
aaaaapwn_s001_t001,power_line,60.0,canonicalized,0,-1.264503,0.206198,1.686393
aaaaapwo_s001_t001,power_line,60.0,canonicalized,1,8.856323,0.999674,0.651259
aaaaapxm_s001_t001,power_line,60.0,canonicalized,0,-1.804256,0.136099,0.515289
aaaaapys_s001_t001,power_line,60.0,canonicalized,1,12.590599,0.999990,0.193414
aaaaapys_s002_t001,power_line,60.0,canonicalized,1,9.214728,0.999766,8.003044
aaaaaayx_s002_t000,power_line,60.0,naive,0,12.350729,0.999987,0.116659
aaaaabdo_s003_t000,power_line,60.0,naive,1,12.227117,0.999986,0.021780
aaaaabsk_s007_t000,power_line,60.0,naive,1,11.820274,0.999979,0.039965
aaaaabuv_s002_t000,power_line,60.0,naive,1,11.044131,0.999957,0.091591
aaaaacad_s003_t000,power_line,60.0,naive,0,5.680467,0.993858,0.368651
aaaaacby_s004_t000,power_line,60.0,naive,0,11.140377,0.999961,0.038423
aaaaaddm_s006_t000,power_line,60.0,naive,1,12.008456,0.999982,1.218040
aaaaadeu_s002_t000,power_line,60.0,naive,1,12.150911,0.999985,0.008212
aaaaadjk_s002_t000,power_line,60.0,naive,0,10.458778,0.999926,0.469394
aaaaadkb_s002_t000,power_line,60.0,naive,1,11.408397,0.999969,0.260526
aaaaadsm_s002_t001,power_line,60.0,naive,0,12.298615,0.999987,0.186221
aaaaaeab_s003_t000,power_line,60.0,naive,0,10.931816,0.999952,0.145116
aaaaaejc_s003_t001,power_line,60.0,naive,0,11.136179,0.999961,0.028085
aaaaaezn_s003_t001,power_line,60.0,naive,1,10.067509,0.999894,0.392243
aaaaafhl_s003_t000,power_line,60.0,naive,1,12.196209,0.999985,0.049501
aaaaagfk_s003_t000,power_line,60.0,naive,0,8.375023,0.999491,0.972792
aaaaagsc_s003_t001,power_line,60.0,naive,1,13.036416,0.999993,0.241517
aaaaagsc_s006_t001,power_line,60.0,naive,1,12.480362,0.999989,0.079062
aaaaaguk_s002_t001,power_line,60.0,naive,0,7.211216,0.998506,1.484996
aaaaagvx_s002_t000,power_line,60.0,naive,1,9.426921,0.999808,0.040037
aaaaagvx_s003_t001,power_line,60.0,naive,1,10.908987,0.999951,0.031214
aaaaagyr_s002_t000,power_line,60.0,naive,1,9.241093,0.999772,0.459581
aaaaahie_s005_t001,power_line,60.0,naive,1,10.873522,0.999950,0.179342
aaaaahsv_s002_t000,power_line,60.0,naive,0,11.985775,0.999982,0.108449
aaaaahte_s002_t000,power_line,60.0,naive,1,12.974337,0.999993,0.079721
aaaaahte_s003_t000,power_line,60.0,naive,1,11.852652,0.999980,0.076664
aaaaahuy_s002_t000,power_line,60.0,naive,1,8.577478,0.999578,0.035797
aaaaahzi_s001_t000,power_line,60.0,naive,0,9.556872,0.999830,0.416794
aaaaahzm_s001_t001,power_line,60.0,naive,0,7.866360,0.999185,0.095834
aaaaahzq_s001_t000,power_line,60.0,naive,0,10.413084,0.999923,0.097895
aaaaahzs_s001_t001,power_line,60.0,naive,0,11.602788,0.999974,0.291494
aaaaaiae_s001_t000,power_line,60.0,naive,0,10.052706,0.999892,0.634536
aaaaaibx_s001_t000,power_line,60.0,naive,0,9.995577,0.999887,0.091979
aaaaaiby_s001_t000,power_line,60.0,naive,0,10.506437,0.999929,0.009693
aaaaaici_s001_t000,power_line,60.0,naive,0,10.217480,0.999908,0.331751
aaaaaicn_s001_t000,power_line,60.0,naive,0,11.931680,0.999981,0.072040
aaaaaijh_s002_t000,power_line,60.0,naive,1,7.917491,0.999223,1.226074
aaaaaijn_s001_t001,power_line,60.0,naive,0,12.140961,0.999984,0.013072
aaaaairb_s001_t001,power_line,60.0,naive,0,10.912141,0.999951,0.053620
aaaaairo_s001_t000,power_line,60.0,naive,0,10.484793,0.999928,0.534153
aaaaaitt_s001_t000,power_line,60.0,naive,0,11.659754,0.999976,0.651508
aaaaaiue_s004_t000,power_line,60.0,naive,1,12.515594,0.999989,0.160387
aaaaaiuo_s002_t000,power_line,60.0,naive,0,10.493588,0.999929,0.032386
aaaaaiwz_s001_t001,power_line,60.0,naive,0,11.188547,0.999962,0.146437
aaaaaiyy_s001_t001,power_line,60.0,naive,0,9.019342,0.999720,0.104017
aaaaaizd_s001_t001,power_line,60.0,naive,0,10.463287,0.999926,2.716934
aaaaaizs_s001_t000,power_line,60.0,naive,0,10.232835,0.999909,0.024856
aaaaajae_s001_t001,power_line,60.0,naive,0,10.482819,0.999928,0.008092
aaaaajah_s002_t001,power_line,60.0,naive,1,9.298248,0.999784,0.175367
aaaaajah_s004_t000,power_line,60.0,naive,1,10.426847,0.999924,1.542368
aaaaajal_s001_t001,power_line,60.0,naive,0,10.263541,0.999912,0.103540
aaaaajam_s001_t000,power_line,60.0,naive,1,12.355875,0.999987,0.015091
aaaaajar_s001_t001,power_line,60.0,naive,0,13.374697,0.999995,0.038735
aaaaajbb_s001_t000,power_line,60.0,naive,0,11.912518,0.999981,0.003605
aaaaajbh_s002_t000,power_line,60.0,naive,0,10.730349,0.999943,0.046665
aaaaajce_s001_t000,power_line,60.0,naive,0,12.924793,0.999992,0.916221
aaaaajci_s001_t000,power_line,60.0,naive,0,8.232434,0.999419,0.215028
aaaaajck_s001_t000,power_line,60.0,naive,0,7.933694,0.999234,0.219871
aaaaajct_s001_t000,power_line,60.0,naive,0,10.388145,0.999921,0.527611
aaaaajcu_s001_t000,power_line,60.0,naive,0,10.874780,0.999950,0.588674
aaaaajda_s001_t000,power_line,60.0,naive,0,12.109231,0.999984,1.106197
aaaaajdb_s001_t000,power_line,60.0,naive,0,10.002317,0.999887,0.219897
aaaaajdv_s001_t000,power_line,60.0,naive,0,11.052923,0.999957,0.836743
aaaaajdy_s001_t000,power_line,60.0,naive,0,10.553221,0.999932,0.371647
aaaaajdz_s001_t000,power_line,60.0,naive,0,11.945235,0.999981,0.505188
aaaaajea_s001_t000,power_line,60.0,naive,0,10.563480,0.999933,0.033129
aaaaajen_s001_t000,power_line,60.0,naive,0,10.805937,0.999946,0.738459
aaaaajey_s001_t000,power_line,60.0,naive,0,8.442514,0.999522,0.102489
aaaaajfb_s001_t000,power_line,60.0,naive,0,7.806721,0.999139,2.029090
aaaaajfe_s001_t000,power_line,60.0,naive,0,9.656310,0.999845,0.096142
aaaaajff_s001_t000,power_line,60.0,naive,0,10.922369,0.999952,0.044732
aaaaajfi_s001_t001,power_line,60.0,naive,0,11.379600,0.999969,0.063418
aaaaajfn_s001_t001,power_line,60.0,naive,0,11.133207,0.999960,0.776571
aaaaajfy_s001_t000,power_line,60.0,naive,0,11.268673,0.999965,0.011166
aaaaajga_s001_t001,power_line,60.0,naive,0,10.692696,0.999941,0.310011
aaaaajhy_s001_t000,power_line,60.0,naive,0,12.114366,0.999984,0.167092
aaaaajit_s001_t001,power_line,60.0,naive,0,11.334836,0.999967,0.522577
aaaaajiu_s001_t000,power_line,60.0,naive,0,10.423864,0.999924,2.592490
aaaaajiy_s001_t001,power_line,60.0,naive,0,11.328819,0.999967,0.193027
aaaaajiz_s001_t000,power_line,60.0,naive,0,13.376379,0.999995,1.287399
aaaaajjb_s001_t001,power_line,60.0,naive,0,10.328287,0.999917,0.080579
aaaaajje_s001_t000,power_line,60.0,naive,0,9.742592,0.999857,0.314513
aaaaajjk_s001_t000,power_line,60.0,naive,0,11.624001,0.999975,0.720399
aaaaajna_s001_t000,power_line,60.0,naive,0,6.166449,0.996076,1.527021
aaaaajnu_s001_t000,power_line,60.0,naive,0,9.555604,0.999830,0.167539
aaaaajon_s001_t000,power_line,60.0,naive,0,10.679703,0.999940,0.761212
aaaaajoo_s002_t001,power_line,60.0,naive,1,11.521718,0.999972,0.122372
aaaaajpg_s001_t001,power_line,60.0,naive,0,9.958335,0.999883,0.034206
aaaaajqh_s004_t000,power_line,60.0,naive,1,12.003193,0.999982,0.840575
aaaaajqk_s003_t001,power_line,60.0,naive,1,12.749418,0.999991,0.006796
aaaaajrf_s001_t000,power_line,60.0,naive,1,10.661798,0.999939,1.092111
aaaaajrf_s002_t000,power_line,60.0,naive,1,11.685576,0.999976,0.729593
aaaaajrf_s003_t002,power_line,60.0,naive,1,13.245093,0.999994,0.055844
aaaaajrf_s004_t000,power_line,60.0,naive,1,11.862242,0.999980,0.031916
aaaaajso_s001_t000,power_line,60.0,naive,1,11.511469,0.999972,1.145713
aaaaajtg_s001_t000,power_line,60.0,naive,0,9.761524,0.999859,1.820809
aaaaajtu_s001_t000,power_line,60.0,naive,0,10.311852,0.999915,3.174142
aaaaajuh_s001_t000,power_line,60.0,naive,1,12.901666,0.999992,2.498312
aaaaajun_s001_t000,power_line,60.0,naive,0,10.030724,0.999890,0.449147
aaaaajvh_s001_t001,power_line,60.0,naive,0,7.652817,0.999007,0.561179
aaaaajxp_s001_t000,power_line,60.0,naive,0,9.675806,0.999847,0.051793
aaaaakck_s001_t001,power_line,60.0,naive,1,11.475513,0.999971,0.139252
aaaaakcx_s001_t001,power_line,60.0,naive,1,13.172073,0.999994,0.028373
aaaaakcy_s005_t001,power_line,60.0,naive,1,11.802015,0.999979,0.036730
aaaaakdj_s001_t000,power_line,60.0,naive,1,8.327247,0.999468,0.045377
aaaaakdo_s001_t000,power_line,60.0,naive,1,8.971030,0.999707,0.385807
aaaaakeq_s001_t000,power_line,60.0,naive,1,10.973192,0.999954,0.128500
aaaaakeq_s002_t000,power_line,60.0,naive,1,10.117978,0.999899,0.671537
aaaaakeq_s003_t000,power_line,60.0,naive,1,12.723179,0.999991,0.076507
aaaaakev_s001_t001,power_line,60.0,naive,1,13.062582,0.999993,0.281337
aaaaakev_s002_t000,power_line,60.0,naive,1,12.789336,0.999991,0.906362
aaaaakft_s001_t000,power_line,60.0,naive,0,10.828754,0.999948,1.184471
aaaaakgp_s001_t001,power_line,60.0,naive,0,12.179573,0.999985,0.108015
aaaaakgu_s001_t000,power_line,60.0,naive,1,11.126464,0.999960,0.033611
aaaaakjk_s002_t002,power_line,60.0,naive,1,11.159272,0.999961,4.426089
aaaaakjk_s003_t000,power_line,60.0,naive,1,12.234383,0.999986,0.005296
aaaaakka_s001_t001,power_line,60.0,naive,0,10.007875,0.999888,0.046258
aaaaakmg_s003_t001,power_line,60.0,naive,1,8.113157,0.999352,0.032808
aaaaakmh_s001_t000,power_line,60.0,naive,1,11.805334,0.999979,0.798020
aaaaaknt_s001_t000,power_line,60.0,naive,1,11.710321,0.999977,0.051559
aaaaakoo_s001_t001,power_line,60.0,naive,1,12.191664,0.999985,0.615559
aaaaakqg_s001_t001,power_line,60.0,naive,0,10.452492,0.999926,0.379001
aaaaakqr_s001_t000,power_line,60.0,naive,0,11.349289,0.999968,0.184200
aaaaakrt_s001_t001,power_line,60.0,naive,1,9.735960,0.999856,0.020206
aaaaakrt_s002_t001,power_line,60.0,naive,1,9.566463,0.999831,0.066116
aaaaaksb_s001_t000,power_line,60.0,naive,0,12.960688,0.999993,1.014286
aaaaaksu_s001_t001,power_line,60.0,naive,0,9.875484,0.999873,0.045289
aaaaakxz_s001_t001,power_line,60.0,naive,1,11.931832,0.999981,0.667914
aaaaakxz_s002_t001,power_line,60.0,naive,1,12.594380,0.999990,0.050887
aaaaalaf_s001_t000,power_line,60.0,naive,0,10.360649,0.999919,0.126076
aaaaalau_s001_t000,power_line,60.0,naive,1,10.530222,0.999931,0.054227
aaaaalbh_s001_t000,power_line,60.0,naive,1,10.992147,0.999955,1.050636
aaaaalbt_s001_t001,power_line,60.0,naive,0,11.442343,0.999970,0.144905
aaaaalbt_s002_t000,power_line,60.0,naive,0,10.986024,0.999955,1.148227
aaaaalbz_s006_t000,power_line,60.0,naive,1,12.362410,0.999987,0.862295
aaaaalid_s001_t001,power_line,60.0,naive,0,6.648519,0.997486,0.931323
aaaaaljf_s001_t000,power_line,60.0,naive,1,11.619111,0.999975,0.912881
aaaaaljj_s001_t000,power_line,60.0,naive,0,11.031868,0.999957,0.239217
aaaaallc_s001_t001,power_line,60.0,naive,0,10.781258,0.999945,0.029830
aaaaalle_s002_t000,power_line,60.0,naive,1,10.240752,0.999910,0.973646
aaaaalox_s001_t001,power_line,60.0,naive,0,11.246716,0.999964,0.031967
aaaaalpv_s001_t000,power_line,60.0,naive,0,10.733519,0.999943,0.552551
aaaaalqa_s001_t000,power_line,60.0,naive,0,10.510417,0.999930,0.131531
aaaaalqr_s001_t001,power_line,60.0,naive,1,10.462650,0.999926,0.074406
aaaaalqs_s001_t001,power_line,60.0,naive,0,8.585672,0.999581,0.094126
aaaaalqx_s001_t000,power_line,60.0,naive,0,11.544479,0.999973,0.422746
aaaaalrc_s002_t000,power_line,60.0,naive,1,11.575503,0.999974,0.024957
aaaaalsq_s001_t000,power_line,60.0,naive,0,11.068303,0.999958,0.189501
aaaaalsx_s001_t000,power_line,60.0,naive,1,11.012125,0.999956,0.097642
aaaaalsx_s004_t001,power_line,60.0,naive,1,12.026672,0.999983,0.388261
aaaaaluz_s001_t001,power_line,60.0,naive,0,9.143272,0.999750,0.188025
aaaaalvw_s001_t000,power_line,60.0,naive,0,8.166951,0.999383,0.215189
aaaaalvz_s001_t000,power_line,60.0,naive,1,13.138433,0.999994,0.015071
aaaaalxk_s001_t000,power_line,60.0,naive,0,11.599092,0.999974,0.436636
aaaaalyr_s001_t000,power_line,60.0,naive,1,12.293896,0.999987,0.088740
aaaaalzk_s002_t001,power_line,60.0,naive,1,13.380381,0.999995,0.154063
aaaaamcb_s001_t001,power_line,60.0,naive,1,12.670404,0.999990,0.101673
aaaaamfe_s001_t001,power_line,60.0,naive,0,9.358397,0.999795,0.467683
aaaaamft_s001_t001,power_line,60.0,naive,1,12.312569,0.999987,0.122654
aaaaamfu_s001_t000,power_line,60.0,naive,0,10.098875,0.999897,0.270750
aaaaamhi_s001_t000,power_line,60.0,naive,1,12.615282,0.999990,0.712189
aaaaamhk_s001_t000,power_line,60.0,naive,1,12.243826,0.999986,0.099870
aaaaamjc_s001_t001,power_line,60.0,naive,1,10.880013,0.999950,0.045157
aaaaammh_s001_t001,power_line,60.0,naive,1,14.229809,0.999998,0.177998
aaaaamnq_s001_t000,power_line,60.0,naive,1,10.406342,0.999922,2.021160
aaaaamnq_s002_t000,power_line,60.0,naive,1,10.866407,0.999949,0.268382
aaaaamon_s001_t000,power_line,60.0,naive,0,11.380610,0.999969,0.096425
aaaaampz_s001_t000,power_line,60.0,naive,1,13.142936,0.999994,0.821444
aaaaamrj_s001_t000,power_line,60.0,naive,0,13.054254,0.999993,0.229362
aaaaamsc_s001_t000,power_line,60.0,naive,1,11.903568,0.999981,0.015475
aaaaamtb_s001_t000,power_line,60.0,naive,0,12.362462,0.999987,0.354764
aaaaamuc_s001_t000,power_line,60.0,naive,0,10.971638,0.999954,0.015135
aaaaamxn_s001_t000,power_line,60.0,naive,1,11.488842,0.999972,0.009385
aaaaamyb_s001_t001,power_line,60.0,naive,0,12.725520,0.999991,0.479466
aaaaamye_s001_t000,power_line,60.0,naive,1,12.791408,0.999991,0.025809
aaaaamzi_s001_t001,power_line,60.0,naive,1,10.201736,0.999906,0.024743
aaaaamzl_s001_t000,power_line,60.0,naive,0,10.439985,0.999925,0.188011
aaaaamzx_s001_t000,power_line,60.0,naive,0,11.397583,0.999969,0.147531
aaaaanbq_s001_t000,power_line,60.0,naive,0,9.753662,0.999858,0.094233
aaaaanek_s001_t000,power_line,60.0,naive,0,9.766865,0.999860,0.131425
aaaaangp_s001_t000,power_line,60.0,naive,0,10.373444,0.999920,0.014029
aaaaanhb_s001_t003,power_line,60.0,naive,1,8.930659,0.999696,0.412970
aaaaanhb_s003_t001,power_line,60.0,naive,1,9.595793,0.999836,0.081093
aaaaanhb_s005_t000,power_line,60.0,naive,1,11.501240,0.999972,0.492238
aaaaankf_s001_t000,power_line,60.0,naive,1,11.484699,0.999971,0.067535
aaaaanlp_s001_t000,power_line,60.0,naive,0,10.662628,0.999939,0.478951
aaaaanmc_s001_t000,power_line,60.0,naive,1,12.849753,0.999992,0.134243
aaaaanop_s001_t000,power_line,60.0,naive,0,11.051495,0.999957,0.309253
aaaaanoz_s001_t000,power_line,60.0,naive,1,13.780954,0.999997,0.211573
aaaaanpr_s001_t002,power_line,60.0,naive,1,10.532380,0.999931,0.778173
aaaaanqe_s001_t000,power_line,60.0,naive,0,9.735874,0.999856,0.412579
aaaaanro_s001_t000,power_line,60.0,naive,1,10.586279,0.999934,0.199702
aaaaansj_s001_t000,power_line,60.0,naive,1,11.573247,0.999974,2.883884
aaaaanta_s001_t000,power_line,60.0,naive,1,10.386021,0.999921,0.559223
aaaaanum_s001_t000,power_line,60.0,naive,0,8.956555,0.999703,0.245017
aaaaanvb_s002_t000,power_line,60.0,naive,0,6.300306,0.996532,0.202993
aaaaanvg_s001_t002,power_line,60.0,naive,0,11.805137,0.999979,0.066299
aaaaanvw_s001_t000,power_line,60.0,naive,0,9.843392,0.999869,0.251118
aaaaanwc_s001_t001,power_line,60.0,naive,1,11.224825,0.999964,0.446923
aaaaanxl_s001_t000,power_line,60.0,naive,1,11.239138,0.999964,1.092700
aaaaanyb_s001_t001,power_line,60.0,naive,0,13.630121,0.999996,1.888108
aaaaanyt_s002_t000,power_line,60.0,naive,1,12.320681,0.999987,3.326838
aaaaanyw_s001_t000,power_line,60.0,naive,1,11.858419,0.999980,0.023629
aaaaanyw_s002_t000,power_line,60.0,naive,1,10.153171,0.999902,0.206462
aaaaanzh_s001_t000,power_line,60.0,naive,1,10.904545,0.999951,0.951872
aaaaanzu_s001_t003,power_line,60.0,naive,1,12.735062,0.999991,0.017440
aaaaaoav_s001_t000,power_line,60.0,naive,0,11.146951,0.999961,0.026436
aaaaaoav_s002_t000,power_line,60.0,naive,0,11.707567,0.999977,0.150817
aaaaaobi_s001_t000,power_line,60.0,naive,1,10.125332,0.999899,0.697734
aaaaaobl_s001_t000,power_line,60.0,naive,0,12.194841,0.999985,0.837119
aaaaaoby_s001_t000,power_line,60.0,naive,0,10.426432,0.999924,0.218651
aaaaaoda_s001_t000,power_line,60.0,naive,1,12.174695,0.999985,0.696615
aaaaaoeg_s001_t000,power_line,60.0,naive,0,11.315665,0.999967,0.023077
aaaaaofj_s001_t000,power_line,60.0,naive,0,8.305352,0.999457,0.398908
aaaaaofr_s001_t000,power_line,60.0,naive,0,10.099329,0.999897,0.166577
aaaaaofz_s001_t000,power_line,60.0,naive,0,10.268015,0.999912,0.872108
aaaaaohb_s001_t000,power_line,60.0,naive,1,13.189062,0.999994,0.002040
aaaaaohr_s002_t001,power_line,60.0,naive,1,11.314473,0.999967,0.055930
aaaaaoiq_s001_t000,power_line,60.0,naive,1,12.279891,0.999986,0.007239
aaaaaoiv_s001_t000,power_line,60.0,naive,1,11.689092,0.999976,0.007146
aaaaaoiv_s002_t001,power_line,60.0,naive,1,12.100336,0.999984,0.023208
aaaaaoiv_s003_t003,power_line,60.0,naive,1,11.706023,0.999977,0.006862
aaaaaojd_s001_t002,power_line,60.0,naive,0,10.647129,0.999938,0.171025
aaaaaokg_s001_t000,power_line,60.0,naive,0,11.953786,0.999982,0.188809
aaaaaoly_s001_t000,power_line,60.0,naive,0,11.282417,0.999966,0.362673
aaaaaome_s001_t000,power_line,60.0,naive,0,8.210238,0.999407,0.178148
aaaaaomx_s001_t000,power_line,60.0,naive,0,10.537776,0.999931,0.502944
aaaaaomy_s001_t000,power_line,60.0,naive,1,10.716095,0.999942,0.366302
aaaaaonb_s001_t000,power_line,60.0,naive,0,11.215416,0.999963,0.027776
aaaaaons_s002_t002,power_line,60.0,naive,1,12.358232,0.999987,0.084992
aaaaaopd_s001_t000,power_line,60.0,naive,0,10.682230,0.999940,0.354289
aaaaaopo_s001_t000,power_line,60.0,naive,0,7.075648,0.998306,0.034682
aaaaaora_s002_t000,power_line,60.0,naive,1,10.188040,0.999905,0.078141
aaaaaord_s001_t000,power_line,60.0,naive,1,11.346107,0.999968,0.015287
aaaaaosh_s001_t000,power_line,60.0,naive,1,10.478206,0.999927,0.016235
aaaaaosw_s001_t000,power_line,60.0,naive,0,10.782378,0.999945,4.696709
aaaaaote_s001_t000,power_line,60.0,naive,0,11.819751,0.999979,0.186548
aaaaaout_s001_t000,power_line,60.0,naive,1,10.957867,0.999953,0.389578
aaaaaovl_s001_t000,power_line,60.0,naive,1,10.231579,0.999909,0.009821
aaaaaovo_s001_t000,power_line,60.0,naive,1,10.426943,0.999924,0.041037
aaaaaowb_s001_t000,power_line,60.0,naive,0,11.740211,0.999977,0.936315
aaaaaoxf_s001_t000,power_line,60.0,naive,0,9.643899,0.999843,0.029514
aaaaaozf_s001_t001,power_line,60.0,naive,0,9.036837,0.999724,0.068924
aaaaapag_s001_t000,power_line,60.0,naive,0,10.154369,0.999902,1.682645
aaaaapar_s001_t000,power_line,60.0,naive,1,10.605389,0.999936,0.001041
aaaaapcb_s001_t000,power_line,60.0,naive,0,11.877005,0.999980,0.046124
aaaaapcy_s001_t002,power_line,60.0,naive,0,9.392131,0.999802,0.132785
aaaaapdg_s001_t000,power_line,60.0,naive,0,10.211556,0.999907,0.119154
aaaaaphs_s001_t000,power_line,60.0,naive,1,12.123434,0.999984,1.084697
aaaaaphw_s001_t000,power_line,60.0,naive,0,11.712267,0.999977,0.011709
aaaaapij_s001_t000,power_line,60.0,naive,0,12.569479,0.999990,0.021096
aaaaapjc_s001_t001,power_line,60.0,naive,0,8.590420,0.999583,0.024381
aaaaapka_s001_t000,power_line,60.0,naive,0,11.749113,0.999978,0.031658
aaaaapkx_s001_t001,power_line,60.0,naive,1,11.688322,0.999976,0.393539
aaaaaply_s001_t001,power_line,60.0,naive,1,11.945054,0.999981,0.485538
aaaaapmb_s002_t001,power_line,60.0,naive,1,9.868887,0.999872,0.047580
aaaaapmp_s001_t000,power_line,60.0,naive,1,7.416983,0.998765,0.423927
aaaaapnr_s001_t000,power_line,60.0,naive,1,10.694822,0.999941,0.136145
aaaaapoc_s001_t000,power_line,60.0,naive,1,10.192715,0.999906,0.839644
aaaaapof_s001_t000,power_line,60.0,naive,0,9.477201,0.999817,0.762357
aaaaapoo_s001_t000,power_line,60.0,naive,0,8.772808,0.999648,1.742443
aaaaapoq_s001_t000,power_line,60.0,naive,0,10.085710,0.999896,0.573278
aaaaappb_s001_t000,power_line,60.0,naive,0,10.934490,0.999952,2.104964
aaaaapqd_s001_t000,power_line,60.0,naive,1,10.657438,0.999939,1.976148
aaaaapqv_s001_t000,power_line,60.0,naive,0,12.468738,0.999989,1.481997
aaaaapta_s001_t000,power_line,60.0,naive,1,11.496407,0.999972,0.125990
aaaaapth_s001_t000,power_line,60.0,naive,1,10.006405,0.999888,0.167482
aaaaapua_s001_t001,power_line,60.0,naive,0,11.084097,0.999959,0.043370
aaaaapuu_s001_t000,power_line,60.0,naive,0,11.671361,0.999976,0.378734
aaaaapvw_s001_t001,power_line,60.0,naive,1,11.071278,0.999958,0.543203
aaaaapvy_s001_t000,power_line,60.0,naive,1,10.612364,0.999936,6.056227
aaaaapwn_s001_t001,power_line,60.0,naive,0,10.126572,0.999900,0.248627
aaaaapwo_s001_t001,power_line,60.0,naive,1,11.847934,0.999980,0.019125
aaaaapxm_s001_t001,power_line,60.0,naive,0,11.637995,0.999975,0.102180
aaaaapys_s001_t001,power_line,60.0,naive,1,12.652766,0.999990,0.022752
aaaaapys_s002_t001,power_line,60.0,naive,1,12.977146,0.999993,0.060442
aaaaaayx_s002_t000,sampling_rate,128,canonicalized,0,0.293563,0.523869,1.097427
aaaaabdo_s003_t000,sampling_rate,128,canonicalized,1,8.028371,0.999299,1.470373
aaaaabsk_s007_t000,sampling_rate,128,canonicalized,1,1.792582,0.815234,1.220509
aaaaabuv_s002_t000,sampling_rate,128,canonicalized,1,3.006092,0.931419,1.188077
aaaaacad_s003_t000,sampling_rate,128,canonicalized,0,0.814375,0.640625,0.379730
aaaaacby_s004_t000,sampling_rate,128,canonicalized,0,0.174585,0.496329,0.192908
aaaaaddm_s006_t000,sampling_rate,128,canonicalized,1,3.554025,0.957562,4.680382
aaaaadeu_s002_t000,sampling_rate,128,canonicalized,1,2.813686,0.919119,1.062594
aaaaadjk_s002_t000,sampling_rate,128,canonicalized,0,-1.825410,0.133811,0.378053
aaaaadkb_s002_t000,sampling_rate,128,canonicalized,1,7.186045,0.998471,6.912872
aaaaadsm_s002_t001,sampling_rate,128,canonicalized,0,-1.294114,0.201744,0.615786
aaaaaeab_s003_t000,sampling_rate,128,canonicalized,0,-0.117487,0.429158,0.319840
aaaaaejc_s003_t001,sampling_rate,128,canonicalized,0,3.050250,0.933987,0.655797
aaaaaezn_s003_t001,sampling_rate,128,canonicalized,1,1.449926,0.762587,6.098136
aaaaafhl_s003_t000,sampling_rate,128,canonicalized,1,2.829062,0.920171,0.239866
aaaaagfk_s003_t000,sampling_rate,128,canonicalized,0,-0.608953,0.322866,1.211678
aaaaagsc_s003_t001,sampling_rate,128,canonicalized,1,4.622425,0.983797,6.291651
aaaaagsc_s006_t001,sampling_rate,128,canonicalized,1,1.288801,0.734511,0.900452
aaaaaguk_s002_t001,sampling_rate,128,canonicalized,0,-3.325811,0.037048,0.218517
aaaaagvx_s002_t000,sampling_rate,128,canonicalized,1,0.710174,0.618110,0.592946
aaaaagvx_s003_t001,sampling_rate,128,canonicalized,1,1.815867,0.818461,0.662253
aaaaagyr_s002_t000,sampling_rate,128,canonicalized,1,-0.349027,0.377585,0.488872
aaaaahie_s005_t001,sampling_rate,128,canonicalized,1,7.759311,0.999100,1.892597
aaaaahsv_s002_t000,sampling_rate,128,canonicalized,0,-0.518971,0.341355,2.434643
aaaaahte_s002_t000,sampling_rate,128,canonicalized,1,9.270290,0.999778,2.960804
aaaaahte_s003_t000,sampling_rate,128,canonicalized,1,9.260323,0.999776,0.203614
aaaaahuy_s002_t000,sampling_rate,128,canonicalized,1,-1.115466,0.229716,0.061129
aaaaahzi_s001_t000,sampling_rate,128,canonicalized,0,-0.686858,0.307292,0.610850
aaaaahzm_s001_t001,sampling_rate,128,canonicalized,0,-1.131098,0.227164,0.844722
aaaaahzq_s001_t000,sampling_rate,128,canonicalized,0,-3.418379,0.034107,0.092778
aaaaahzs_s001_t001,sampling_rate,128,canonicalized,0,-0.327198,0.382350,1.255598
aaaaaiae_s001_t000,sampling_rate,128,canonicalized,0,0.647735,0.604365,1.483609
aaaaaibx_s001_t000,sampling_rate,128,canonicalized,0,0.726517,0.621678,0.151354
aaaaaiby_s001_t000,sampling_rate,128,canonicalized,0,-0.790670,0.287206,0.853043
aaaaaici_s001_t000,sampling_rate,128,canonicalized,0,-1.645044,0.154391,4.222281
aaaaaicn_s001_t000,sampling_rate,128,canonicalized,0,0.643644,0.603458,1.513735
aaaaaijh_s002_t000,sampling_rate,128,canonicalized,1,-2.270756,0.092769,0.495648
aaaaaijn_s001_t001,sampling_rate,128,canonicalized,0,0.320637,0.530121,0.493911
aaaaairb_s001_t001,sampling_rate,128,canonicalized,0,0.029715,0.462842,0.724199
aaaaairo_s001_t000,sampling_rate,128,canonicalized,0,-2.020249,0.114235,1.360730
aaaaaitt_s001_t000,sampling_rate,128,canonicalized,0,-3.158911,0.042977,3.876413
aaaaaiue_s004_t000,sampling_rate,128,canonicalized,1,0.647493,0.604311,3.402785
aaaaaiuo_s002_t000,sampling_rate,128,canonicalized,0,2.852629,0.921761,0.986535
aaaaaiwz_s001_t001,sampling_rate,128,canonicalized,0,-1.053564,0.240022,0.842532
aaaaaiyy_s001_t001,sampling_rate,128,canonicalized,0,-2.196972,0.098685,0.238169
aaaaaizd_s001_t001,sampling_rate,128,canonicalized,0,0.141628,0.488697,1.866293
aaaaaizs_s001_t000,sampling_rate,128,canonicalized,0,1.089954,0.697074,1.068517
aaaaajae_s001_t001,sampling_rate,128,canonicalized,0,5.309661,0.991362,2.866730
aaaaajah_s002_t001,sampling_rate,128,canonicalized,1,0.702433,0.616416,1.408394
aaaaajah_s004_t000,sampling_rate,128,canonicalized,1,-0.628719,0.318875,2.455896
aaaaajal_s001_t001,sampling_rate,128,canonicalized,0,-2.497498,0.076537,0.221759
aaaaajam_s001_t000,sampling_rate,128,canonicalized,1,-0.789401,0.287447,0.308791
aaaaajar_s001_t001,sampling_rate,128,canonicalized,0,-0.415493,0.363226,0.100690
aaaaajbb_s001_t000,sampling_rate,128,canonicalized,0,2.114077,0.855974,0.668381
aaaaajbh_s002_t000,sampling_rate,128,canonicalized,0,-2.730386,0.062612,0.235907
aaaaajce_s001_t000,sampling_rate,128,canonicalized,0,-0.707822,0.303173,0.128186
aaaaajci_s001_t000,sampling_rate,128,canonicalized,0,-2.795863,0.059145,1.475874
aaaaajck_s001_t000,sampling_rate,128,canonicalized,0,-3.635052,0.028078,0.017262
aaaaajct_s001_t000,sampling_rate,128,canonicalized,0,1.529835,0.775729,3.194083
aaaaajcu_s001_t000,sampling_rate,128,canonicalized,0,0.595979,0.592844,0.760374
aaaaajda_s001_t000,sampling_rate,128,canonicalized,0,-3.244421,0.039834,0.238405
aaaaajdb_s001_t000,sampling_rate,128,canonicalized,0,-1.389535,0.187881,3.183636
aaaaajdv_s001_t000,sampling_rate,128,canonicalized,0,2.648616,0.906996,4.604884
aaaaajdy_s001_t000,sampling_rate,128,canonicalized,0,-2.107785,0.106282,0.614792
aaaaajdz_s001_t000,sampling_rate,128,canonicalized,0,-1.325028,0.197171,0.488836
aaaaajea_s001_t000,sampling_rate,128,canonicalized,0,2.388664,0.884592,2.699685
aaaaajen_s001_t000,sampling_rate,128,canonicalized,0,-1.251740,0.208140,1.819423
aaaaajey_s001_t000,sampling_rate,128,canonicalized,0,-0.398385,0.366900,0.516580
aaaaajfb_s001_t000,sampling_rate,128,canonicalized,0,-2.816163,0.058107,1.473903
aaaaajfe_s001_t000,sampling_rate,128,canonicalized,0,-1.296351,0.201410,0.386007
aaaaajff_s001_t000,sampling_rate,128,canonicalized,0,-3.436799,0.033549,0.476516
aaaaajfi_s001_t001,sampling_rate,128,canonicalized,0,-0.804095,0.284667,0.284790
aaaaajfn_s001_t001,sampling_rate,128,canonicalized,0,-2.382848,0.084390,0.836461
aaaaajfy_s001_t000,sampling_rate,128,canonicalized,0,-3.765435,0.024963,0.186357
aaaaajga_s001_t001,sampling_rate,128,canonicalized,0,0.752432,0.627309,5.285407
aaaaajhy_s001_t000,sampling_rate,128,canonicalized,0,-1.987024,0.117387,2.405956
aaaaajit_s001_t001,sampling_rate,128,canonicalized,0,-2.989391,0.049921,0.571787
aaaaajiu_s001_t000,sampling_rate,128,canonicalized,0,1.746279,0.808684,4.719557
aaaaajiy_s001_t001,sampling_rate,128,canonicalized,0,0.017363,0.459998,0.875891
aaaaajiz_s001_t000,sampling_rate,128,canonicalized,0,-1.077100,0.236066,0.654494
aaaaajjb_s001_t001,sampling_rate,128,canonicalized,0,2.202956,0.865831,3.510957
aaaaajje_s001_t000,sampling_rate,128,canonicalized,0,-1.631557,0.156030,4.688301
aaaaajjk_s001_t000,sampling_rate,128,canonicalized,0,-1.638173,0.155224,0.306696
aaaaajna_s001_t000,sampling_rate,128,canonicalized,0,-0.956035,0.256889,1.400881
aaaaajnu_s001_t000,sampling_rate,128,canonicalized,0,-1.891928,0.126828,3.733109
aaaaajon_s001_t000,sampling_rate,128,canonicalized,0,-0.730718,0.298710,0.258844
aaaaajoo_s002_t001,sampling_rate,128,canonicalized,1,0.482528,0.567246,1.684057
aaaaajpg_s001_t001,sampling_rate,128,canonicalized,0,-2.161892,0.101613,0.399441
aaaaajqh_s004_t000,sampling_rate,128,canonicalized,1,8.947993,0.999701,6.386708
aaaaajqk_s003_t001,sampling_rate,128,canonicalized,1,4.951856,0.988008,0.880393
aaaaajrf_s001_t000,sampling_rate,128,canonicalized,1,6.910340,0.998026,2.024251
aaaaajrf_s002_t000,sampling_rate,128,canonicalized,1,12.224958,0.999986,4.044116
aaaaajrf_s003_t002,sampling_rate,128,canonicalized,1,10.463235,0.999926,1.933380
aaaaajrf_s004_t000,sampling_rate,128,canonicalized,1,3.335608,0.948534,0.267305
aaaaajso_s001_t000,sampling_rate,128,canonicalized,1,8.917011,0.999692,5.962229
aaaaajtg_s001_t000,sampling_rate,128,canonicalized,0,-0.030043,0.449109,2.515054
aaaaajtu_s001_t000,sampling_rate,128,canonicalized,0,0.159085,0.492739,1.269084
aaaaajuh_s001_t000,sampling_rate,128,canonicalized,1,7.617168,0.998974,4.376372
aaaaajun_s001_t000,sampling_rate,128,canonicalized,0,4.502691,0.981930,1.206522
aaaaajvh_s001_t001,sampling_rate,128,canonicalized,0,-2.072435,0.109433,0.323591
aaaaajxp_s001_t000,sampling_rate,128,canonicalized,0,0.481570,0.567028,1.238644
aaaaakck_s001_t001,sampling_rate,128,canonicalized,1,2.040202,0.847329,0.162448
aaaaakcx_s001_t001,sampling_rate,128,canonicalized,1,10.002111,0.999887,1.079888
aaaaakcy_s005_t001,sampling_rate,128,canonicalized,1,9.010628,0.999718,0.449868
aaaaakdj_s001_t000,sampling_rate,128,canonicalized,1,0.525678,0.577032,0.622309
aaaaakdo_s001_t000,sampling_rate,128,canonicalized,1,0.528185,0.577599,2.673520
aaaaakeq_s001_t000,sampling_rate,128,canonicalized,1,2.050406,0.848548,1.154745
aaaaakeq_s002_t000,sampling_rate,128,canonicalized,1,2.434596,0.888866,4.501082
aaaaakeq_s003_t000,sampling_rate,128,canonicalized,1,4.085134,0.973620,2.023614
aaaaakev_s001_t001,sampling_rate,128,canonicalized,1,9.432527,0.999809,4.352628
aaaaakev_s002_t000,sampling_rate,128,canonicalized,1,9.086631,0.999737,5.394753
aaaaakft_s001_t000,sampling_rate,128,canonicalized,0,-2.121971,0.105040,0.649135
aaaaakgp_s001_t001,sampling_rate,128,canonicalized,0,0.869139,0.652221,1.587299
aaaaakgu_s001_t000,sampling_rate,128,canonicalized,1,-1.148056,0.224417,0.128150
aaaaakjk_s002_t002,sampling_rate,128,canonicalized,1,2.549392,0.898946,6.820370
aaaaakjk_s003_t000,sampling_rate,128,canonicalized,1,2.479124,0.892876,0.600644
aaaaakka_s001_t001,sampling_rate,128,canonicalized,0,-0.781615,0.288927,0.833278
aaaaakmg_s003_t001,sampling_rate,128,canonicalized,1,8.350203,0.999479,1.229249
aaaaakmh_s001_t000,sampling_rate,128,canonicalized,1,1.467113,0.765457,3.963591
aaaaaknt_s001_t000,sampling_rate,128,canonicalized,1,3.737609,0.963961,0.687673
aaaaakoo_s001_t001,sampling_rate,128,canonicalized,1,8.905046,0.999689,0.747185
aaaaakqg_s001_t001,sampling_rate,128,canonicalized,0,-0.761370,0.292796,1.150544
aaaaakqr_s001_t000,sampling_rate,128,canonicalized,0,-2.270033,0.092825,0.308545
aaaaakrt_s001_t001,sampling_rate,128,canonicalized,1,6.856920,0.997927,0.500211
aaaaakrt_s002_t001,sampling_rate,128,canonicalized,1,7.267061,0.998581,0.680160
aaaaaksb_s001_t000,sampling_rate,128,canonicalized,0,-1.797520,0.136835,0.248283
aaaaaksu_s001_t001,sampling_rate,128,canonicalized,0,1.239363,0.725484,0.583992
aaaaakxz_s001_t001,sampling_rate,128,canonicalized,1,3.905054,0.968979,1.094036
aaaaakxz_s002_t001,sampling_rate,128,canonicalized,1,4.615648,0.983697,0.484359
aaaaalaf_s001_t000,sampling_rate,128,canonicalized,0,-1.763818,0.140565,0.468809
aaaaalau_s001_t000,sampling_rate,128,canonicalized,1,5.627350,0.993551,4.278896
aaaaalbh_s001_t000,sampling_rate,128,canonicalized,1,2.623810,0.905039,2.036424
aaaaalbt_s001_t001,sampling_rate,128,canonicalized,0,-0.287478,0.391077,0.444370
aaaaalbt_s002_t000,sampling_rate,128,canonicalized,0,-0.243582,0.400804,0.809047
aaaaalbz_s006_t000,sampling_rate,128,canonicalized,1,8.213480,0.999409,16.733454
aaaaalid_s001_t001,sampling_rate,128,canonicalized,0,1.895155,0.829122,0.553944
aaaaaljf_s001_t000,sampling_rate,128,canonicalized,1,5.166682,0.990151,2.069763
aaaaaljj_s001_t000,sampling_rate,128,canonicalized,0,-2.537963,0.073929,0.843038
aaaaallc_s001_t001,sampling_rate,128,canonicalized,0,0.095002,0.477910,0.551562
aaaaalle_s002_t000,sampling_rate,128,canonicalized,1,1.167116,0.711953,1.011779
aaaaalox_s001_t001,sampling_rate,128,canonicalized,0,4.653427,0.984249,2.351827
aaaaalpv_s001_t000,sampling_rate,128,canonicalized,0,0.061411,0.470150,1.976501
aaaaalqa_s001_t000,sampling_rate,128,canonicalized,0,-0.284141,0.391814,0.609347
aaaaalqr_s001_t001,sampling_rate,128,canonicalized,1,1.834821,0.821056,0.508227
aaaaalqs_s001_t001,sampling_rate,128,canonicalized,0,-1.680997,0.150092,0.419000
aaaaalqx_s001_t000,sampling_rate,128,canonicalized,0,-2.427551,0.081245,0.463983
aaaaalrc_s002_t000,sampling_rate,128,canonicalized,1,12.906434,0.999992,0.109396
aaaaalsq_s001_t000,sampling_rate,128,canonicalized,0,0.948945,0.668799,0.663152
aaaaalsx_s001_t000,sampling_rate,128,canonicalized,1,0.758831,0.628693,0.690477
aaaaalsx_s004_t001,sampling_rate,128,canonicalized,1,-0.025263,0.450205,0.289712
aaaaaluz_s001_t001,sampling_rate,128,canonicalized,0,-3.143196,0.043580,0.273179
aaaaalvw_s001_t000,sampling_rate,128,canonicalized,0,-3.081775,0.046014,0.426929
aaaaalvz_s001_t000,sampling_rate,128,canonicalized,1,9.734218,0.999856,1.289229
aaaaalxk_s001_t000,sampling_rate,128,canonicalized,0,0.102430,0.479627,0.776732
aaaaalyr_s001_t000,sampling_rate,128,canonicalized,1,2.300784,0.876016,0.588730
aaaaalzk_s002_t001,sampling_rate,128,canonicalized,1,10.322758,0.999916,3.432633
aaaaamcb_s001_t001,sampling_rate,128,canonicalized,1,8.289278,0.999449,2.879896
aaaaamfe_s001_t001,sampling_rate,128,canonicalized,0,0.262598,0.516708,0.072810
aaaaamft_s001_t001,sampling_rate,128,canonicalized,1,1.751163,0.809383,0.105111
aaaaamfu_s001_t000,sampling_rate,128,canonicalized,0,-1.572903,0.163320,0.101767
aaaaamhi_s001_t000,sampling_rate,128,canonicalized,1,5.686869,0.993894,6.033041
aaaaamhk_s001_t000,sampling_rate,128,canonicalized,1,5.015515,0.988687,0.496967
aaaaamjc_s001_t001,sampling_rate,128,canonicalized,1,8.803867,0.999658,0.765145
aaaaammh_s001_t001,sampling_rate,128,canonicalized,1,2.978237,0.929752,0.377368
aaaaamnq_s001_t000,sampling_rate,128,canonicalized,1,7.714914,0.999063,3.067303
aaaaamnq_s002_t000,sampling_rate,128,canonicalized,1,5.666287,0.993778,0.432992
aaaaamon_s001_t000,sampling_rate,128,canonicalized,0,0.136062,0.487408,1.952496
aaaaampz_s001_t000,sampling_rate,128,canonicalized,1,1.669196,0.797391,2.253237
aaaaamrj_s001_t000,sampling_rate,128,canonicalized,0,1.794681,0.815526,0.560815
aaaaamsc_s001_t000,sampling_rate,128,canonicalized,1,6.230767,0.996302,0.252668
aaaaamtb_s001_t000,sampling_rate,128,canonicalized,0,3.131936,0.938503,0.813403
aaaaamuc_s001_t000,sampling_rate,128,canonicalized,0,-1.032025,0.243681,0.197145
aaaaamxn_s001_t000,sampling_rate,128,canonicalized,1,0.468858,0.564134,0.607793
aaaaamyb_s001_t001,sampling_rate,128,canonicalized,0,0.757055,0.628309,1.113749
aaaaamye_s001_t000,sampling_rate,128,canonicalized,1,10.502609,0.999929,0.748837
aaaaamzi_s001_t001,sampling_rate,128,canonicalized,1,6.717740,0.997642,0.888142
aaaaamzl_s001_t000,sampling_rate,128,canonicalized,0,-1.965599,0.119459,0.595769
aaaaamzx_s001_t000,sampling_rate,128,canonicalized,0,-2.351403,0.086669,2.595467
aaaaanbq_s001_t000,sampling_rate,128,canonicalized,0,-0.706313,0.303469,0.239087
aaaaanek_s001_t000,sampling_rate,128,canonicalized,0,-2.317891,0.089158,0.118475
aaaaangp_s001_t000,sampling_rate,128,canonicalized,0,0.824078,0.642692,0.149107
aaaaanhb_s001_t003,sampling_rate,128,canonicalized,1,3.286085,0.946247,1.413431
aaaaanhb_s003_t001,sampling_rate,128,canonicalized,1,5.357920,0.991737,0.516765
aaaaanhb_s005_t000,sampling_rate,128,canonicalized,1,9.254770,0.999775,0.886428
aaaaankf_s001_t000,sampling_rate,128,canonicalized,1,4.621581,0.983785,2.091396
aaaaanlp_s001_t000,sampling_rate,128,canonicalized,0,-0.679360,0.308773,0.406710
aaaaanmc_s001_t000,sampling_rate,128,canonicalized,1,8.263394,0.999436,2.939293
aaaaanop_s001_t000,sampling_rate,128,canonicalized,0,1.306592,0.737713,2.471488
aaaaanoz_s001_t000,sampling_rate,128,canonicalized,1,0.843741,0.646864,0.411071
aaaaanpr_s001_t002,sampling_rate,128,canonicalized,1,5.326828,0.991497,4.802181
aaaaanqe_s001_t000,sampling_rate,128,canonicalized,0,-2.727890,0.062748,0.715331
aaaaanro_s001_t000,sampling_rate,128,canonicalized,1,3.535074,0.956843,1.646057
aaaaansj_s001_t000,sampling_rate,128,canonicalized,1,5.775216,0.994372,3.243979
aaaaanta_s001_t000,sampling_rate,128,canonicalized,1,6.183202,0.996136,7.209644
aaaaanum_s001_t000,sampling_rate,128,canonicalized,0,0.260562,0.516237,1.154251
aaaaanvb_s002_t000,sampling_rate,128,canonicalized,0,-1.184628,0.218575,0.187176
aaaaanvg_s001_t002,sampling_rate,128,canonicalized,0,2.210004,0.866588,0.915465
aaaaanvw_s001_t000,sampling_rate,128,canonicalized,0,-2.790120,0.059442,0.619661
aaaaanwc_s001_t001,sampling_rate,128,canonicalized,1,6.574469,0.997308,15.301455
aaaaanxl_s001_t000,sampling_rate,128,canonicalized,1,6.593502,0.997355,13.243309
aaaaanyb_s001_t001,sampling_rate,128,canonicalized,0,1.766064,0.811504,0.371929
aaaaanyt_s002_t000,sampling_rate,128,canonicalized,1,6.522694,0.997176,1.793384
aaaaanyw_s001_t000,sampling_rate,128,canonicalized,1,2.796406,0.917921,0.151739
aaaaanyw_s002_t000,sampling_rate,128,canonicalized,1,4.692723,0.984803,1.411263
aaaaanzh_s001_t000,sampling_rate,128,canonicalized,1,-0.282618,0.392150,2.084177
aaaaanzu_s001_t003,sampling_rate,128,canonicalized,1,2.282997,0.874215,2.514202
aaaaaoav_s001_t000,sampling_rate,128,canonicalized,0,-2.666153,0.066198,0.110423
aaaaaoav_s002_t000,sampling_rate,128,canonicalized,0,-1.270554,0.205282,0.422800
aaaaaobi_s001_t000,sampling_rate,128,canonicalized,1,-0.146522,0.422580,9.285231
aaaaaobl_s001_t000,sampling_rate,128,canonicalized,0,0.321534,0.530328,1.215567
aaaaaoby_s001_t000,sampling_rate,128,canonicalized,0,-0.020011,0.451409,4.288524
aaaaaoda_s001_t000,sampling_rate,128,canonicalized,1,8.343387,0.999476,7.737067
aaaaaoeg_s001_t000,sampling_rate,128,canonicalized,0,1.777981,0.813187,0.685343
aaaaaofj_s001_t000,sampling_rate,128,canonicalized,0,-1.451156,0.179325,0.185476
aaaaaofr_s001_t000,sampling_rate,128,canonicalized,0,2.659964,0.907879,1.596970
aaaaaofz_s001_t000,sampling_rate,128,canonicalized,0,0.283202,0.521474,0.737205
aaaaaohb_s001_t000,sampling_rate,128,canonicalized,1,2.802560,0.918349,0.218012
aaaaaohr_s002_t001,sampling_rate,128,canonicalized,1,6.358982,0.996715,0.594854
aaaaaoiq_s001_t000,sampling_rate,128,canonicalized,1,2.208471,0.866424,0.393272
aaaaaoiv_s001_t000,sampling_rate,128,canonicalized,1,1.138643,0.706513,0.066986
aaaaaoiv_s002_t001,sampling_rate,128,canonicalized,1,9.205043,0.999764,1.363655
aaaaaoiv_s003_t003,sampling_rate,128,canonicalized,1,6.804184,0.997823,0.043163
aaaaaojd_s001_t002,sampling_rate,128,canonicalized,0,0.797606,0.637040,1.465885
aaaaaokg_s001_t000,sampling_rate,128,canonicalized,0,4.763572,0.985755,2.825500
aaaaaoly_s001_t000,sampling_rate,128,canonicalized,0,-0.062983,0.441570,5.449120
aaaaaome_s001_t000,sampling_rate,128,canonicalized,0,-0.807103,0.284100,2.215130
aaaaaomx_s001_t000,sampling_rate,128,canonicalized,0,0.271501,0.518768,0.545397
aaaaaomy_s001_t000,sampling_rate,128,canonicalized,1,4.822290,0.986499,4.560164
aaaaaonb_s001_t000,sampling_rate,128,canonicalized,0,1.624571,0.790629,1.771519
aaaaaons_s002_t002,sampling_rate,128,canonicalized,1,7.387170,0.998730,0.286276
aaaaaopd_s001_t000,sampling_rate,128,canonicalized,0,-0.188968,0.413015,3.300135
aaaaaopo_s001_t000,sampling_rate,128,canonicalized,0,-1.787936,0.137887,0.125000
aaaaaora_s002_t000,sampling_rate,128,canonicalized,1,2.158301,0.860952,0.590531
aaaaaord_s001_t000,sampling_rate,128,canonicalized,1,2.171112,0.862367,0.459422
aaaaaosh_s001_t000,sampling_rate,128,canonicalized,1,1.541804,0.777652,1.308851
aaaaaosw_s001_t000,sampling_rate,128,canonicalized,0,1.988525,0.841031,3.168559
aaaaaote_s001_t000,sampling_rate,128,canonicalized,0,-0.230580,0.403701,0.765395
aaaaaout_s001_t000,sampling_rate,128,canonicalized,1,2.797839,0.918020,2.652668
aaaaaovl_s001_t000,sampling_rate,128,canonicalized,1,4.253282,0.977340,0.108997
aaaaaovo_s001_t000,sampling_rate,128,canonicalized,1,8.796543,0.999656,0.138767
aaaaaowb_s001_t000,sampling_rate,128,canonicalized,0,0.606405,0.595173,0.547861
aaaaaoxf_s001_t000,sampling_rate,128,canonicalized,0,-1.041879,0.242002,0.727797
aaaaaozf_s001_t001,sampling_rate,128,canonicalized,0,-0.082879,0.437030,1.532335
aaaaapag_s001_t000,sampling_rate,128,canonicalized,0,-2.085222,0.108284,1.886516
aaaaapar_s001_t000,sampling_rate,128,canonicalized,1,12.210050,0.999985,0.233198
aaaaapcb_s001_t000,sampling_rate,128,canonicalized,0,3.157832,0.939873,0.198958
aaaaapcy_s001_t002,sampling_rate,128,canonicalized,0,-2.401618,0.083056,0.151682
aaaaapdg_s001_t000,sampling_rate,128,canonicalized,0,-0.757509,0.293537,0.137296
aaaaaphs_s001_t000,sampling_rate,128,canonicalized,1,3.460746,0.953908,3.259169
aaaaaphw_s001_t000,sampling_rate,128,canonicalized,0,1.743287,0.808255,0.675408
aaaaapij_s001_t000,sampling_rate,128,canonicalized,0,0.937192,0.666382,0.673814
aaaaapjc_s001_t001,sampling_rate,128,canonicalized,0,-3.730291,0.025767,0.332419
aaaaapka_s001_t000,sampling_rate,128,canonicalized,0,-0.674232,0.309788,0.349861
aaaaapkx_s001_t001,sampling_rate,128,canonicalized,1,-1.509933,0.171450,3.101431
aaaaaply_s001_t001,sampling_rate,128,canonicalized,1,3.852885,0.967493,3.222687
aaaaapmb_s002_t001,sampling_rate,128,canonicalized,1,5.483473,0.992638,1.136817
aaaaapmp_s001_t000,sampling_rate,128,canonicalized,1,-0.363259,0.374491,1.590625
aaaaapnr_s001_t000,sampling_rate,128,canonicalized,1,-1.256353,0.207437,1.517921
aaaaapoc_s001_t000,sampling_rate,128,canonicalized,1,4.995657,0.988479,5.230440
aaaaapof_s001_t000,sampling_rate,128,canonicalized,0,-3.190664,0.041783,0.218266
aaaaapoo_s001_t000,sampling_rate,128,canonicalized,0,-2.638286,0.067812,1.395020
aaaaapoq_s001_t000,sampling_rate,128,canonicalized,0,1.432597,0.759668,2.186316
aaaaappb_s001_t000,sampling_rate,128,canonicalized,0,0.482987,0.567350,3.414708
aaaaapqd_s001_t000,sampling_rate,128,canonicalized,1,0.938429,0.666637,1.978130
aaaaapqv_s001_t000,sampling_rate,128,canonicalized,0,-2.587181,0.070867,1.468892
aaaaapta_s001_t000,sampling_rate,128,canonicalized,1,6.231777,0.996306,1.603960
aaaaapth_s001_t000,sampling_rate,128,canonicalized,1,2.878065,0.923443,5.865892
aaaaapua_s001_t001,sampling_rate,128,canonicalized,0,-3.213916,0.040929,0.383934
aaaaapuu_s001_t000,sampling_rate,128,canonicalized,0,-1.411834,0.184749,1.778965
aaaaapvw_s001_t001,sampling_rate,128,canonicalized,1,5.400081,0.992051,3.374836
aaaaapvy_s001_t000,sampling_rate,128,canonicalized,1,4.064773,0.973131,7.338366
aaaaapwn_s001_t001,sampling_rate,128,canonicalized,0,-0.816105,0.282406,1.224752
aaaaapwo_s001_t001,sampling_rate,128,canonicalized,1,9.029539,0.999722,0.393556
aaaaapxm_s001_t001,sampling_rate,128,canonicalized,0,-1.373776,0.190119,0.248054
aaaaapys_s001_t001,sampling_rate,128,canonicalized,1,12.730870,0.999991,0.235945
aaaaapys_s002_t001,sampling_rate,128,canonicalized,1,9.366343,0.999797,5.803041
aaaaaayx_s002_t000,sampling_rate,128,naive,0,1.645621,0.793839,0.582139
aaaaabdo_s003_t000,sampling_rate,128,naive,1,6.623075,0.997426,2.519831
aaaaabsk_s007_t000,sampling_rate,128,naive,1,1.975914,0.839463,0.221650
aaaaabuv_s002_t000,sampling_rate,128,naive,1,-0.374423,0.372072,0.262685
aaaaacad_s003_t000,sampling_rate,128,naive,0,-0.430477,0.360021,0.252446
aaaaacby_s004_t000,sampling_rate,128,naive,0,2.752374,0.914794,0.746881
aaaaaddm_s006_t000,sampling_rate,128,naive,1,1.860318,0.824500,1.280195
aaaaadeu_s002_t000,sampling_rate,128,naive,1,0.640713,0.602808,0.907846
aaaaadjk_s002_t000,sampling_rate,128,naive,0,-0.248513,0.399707,0.175334
aaaaadkb_s002_t000,sampling_rate,128,naive,1,2.941575,0.927501,1.972677
aaaaadsm_s002_t001,sampling_rate,128,naive,0,2.334046,0.879324,0.726782
aaaaaeab_s003_t000,sampling_rate,128,naive,0,0.954445,0.669926,0.715359
aaaaaejc_s003_t001,sampling_rate,128,naive,0,1.835757,0.821183,0.097493
aaaaaezn_s003_t001,sampling_rate,128,naive,1,1.742021,0.808073,4.947637
aaaaafhl_s003_t000,sampling_rate,128,naive,1,2.466558,0.891757,1.347644
aaaaagfk_s003_t000,sampling_rate,128,naive,0,0.854378,0.649112,1.847628
aaaaagsc_s003_t001,sampling_rate,128,naive,1,2.426304,0.888104,7.749458
aaaaagsc_s006_t001,sampling_rate,128,naive,1,0.942008,0.667373,0.988321
aaaaaguk_s002_t001,sampling_rate,128,naive,0,-2.288843,0.091368,2.366433
aaaaagvx_s002_t000,sampling_rate,128,naive,1,0.090617,0.476896,0.153007
aaaaagvx_s003_t001,sampling_rate,128,naive,1,1.011633,0.681535,0.541165
aaaaagyr_s002_t000,sampling_rate,128,naive,1,-0.896204,0.267613,3.152259
aaaaahie_s005_t001,sampling_rate,128,naive,1,4.939410,0.987870,0.632510
aaaaahsv_s002_t000,sampling_rate,128,naive,0,0.405730,0.549703,0.439909
aaaaahte_s002_t000,sampling_rate,128,naive,1,5.655497,0.993715,0.808756
aaaaahte_s003_t000,sampling_rate,128,naive,1,4.678801,0.984609,1.240447
aaaaahuy_s002_t000,sampling_rate,128,naive,1,-1.155540,0.223213,0.126944
aaaaahzi_s001_t000,sampling_rate,128,naive,0,0.058993,0.469592,0.214291
aaaaahzm_s001_t001,sampling_rate,128,naive,0,1.126358,0.704148,1.440332
aaaaahzq_s001_t000,sampling_rate,128,naive,0,0.007791,0.457796,0.119248
aaaaahzs_s001_t001,sampling_rate,128,naive,0,1.230892,0.723918,0.773255
aaaaaiae_s001_t000,sampling_rate,128,naive,0,0.834673,0.644943,1.378924
aaaaaibx_s001_t000,sampling_rate,128,naive,0,-1.347452,0.193903,0.664991
aaaaaiby_s001_t000,sampling_rate,128,naive,0,3.135051,0.938669,1.046963
aaaaaici_s001_t000,sampling_rate,128,naive,0,1.573745,0.782727,4.376610
aaaaaicn_s001_t000,sampling_rate,128,naive,0,2.987802,0.930329,0.584613
aaaaaijh_s002_t000,sampling_rate,128,naive,1,0.126655,0.485231,1.802473
aaaaaijn_s001_t001,sampling_rate,128,naive,0,0.154156,0.491597,0.434803
aaaaairb_s001_t001,sampling_rate,128,naive,0,-0.619512,0.320731,2.333815
aaaaairo_s001_t000,sampling_rate,128,naive,0,1.404784,0.754932,1.203408
aaaaaitt_s001_t000,sampling_rate,128,naive,0,1.987852,0.840948,3.571319
aaaaaiue_s004_t000,sampling_rate,128,naive,1,0.084421,0.475464,2.123210
aaaaaiuo_s002_t000,sampling_rate,128,naive,0,0.587913,0.591039,4.967307
aaaaaiwz_s001_t001,sampling_rate,128,naive,0,0.219371,0.506702,0.383400
aaaaaiyy_s001_t001,sampling_rate,128,naive,0,0.023315,0.461368,0.246199
aaaaaizd_s001_t001,sampling_rate,128,naive,0,-0.016426,0.452232,0.890205
aaaaaizs_s001_t000,sampling_rate,128,naive,0,-0.372664,0.372452,0.163346
aaaaajae_s001_t001,sampling_rate,128,naive,0,1.578943,0.783545,0.339368
aaaaajah_s002_t001,sampling_rate,128,naive,1,-0.644142,0.315780,0.277416
aaaaajah_s004_t000,sampling_rate,128,naive,1,0.101891,0.479502,0.516340
aaaaajal_s001_t001,sampling_rate,128,naive,0,0.642225,0.603144,0.323286
aaaaajam_s001_t000,sampling_rate,128,naive,1,2.194642,0.864934,0.412476
aaaaajar_s001_t001,sampling_rate,128,naive,0,0.385508,0.545061,0.762631
aaaaajbb_s001_t000,sampling_rate,128,naive,0,-0.940710,0.259609,1.345583
aaaaajbh_s002_t000,sampling_rate,128,naive,0,-1.536194,0.168021,0.732313
aaaaajce_s001_t000,sampling_rate,128,naive,0,0.471314,0.564693,1.302023
aaaaajci_s001_t000,sampling_rate,128,naive,0,-0.316821,0.384623,0.094845
aaaaajck_s001_t000,sampling_rate,128,naive,0,0.469037,0.564175,0.701356
aaaaajct_s001_t000,sampling_rate,128,naive,0,0.366472,0.540684,2.339673
aaaaajcu_s001_t000,sampling_rate,128,naive,0,-0.179530,0.415136,0.470469
aaaaajda_s001_t000,sampling_rate,128,naive,0,2.228371,0.868543,2.098831
aaaaajdb_s001_t000,sampling_rate,128,naive,0,0.883378,0.655207,0.968704
aaaaajdv_s001_t000,sampling_rate,128,naive,0,0.386359,0.545256,1.435643
aaaaajdy_s001_t000,sampling_rate,128,naive,0,0.241861,0.511909,0.198718
aaaaajdz_s001_t000,sampling_rate,128,naive,0,-0.296857,0.389010,0.150184
aaaaajea_s001_t000,sampling_rate,128,naive,0,1.861260,0.824626,2.107932
aaaaajen_s001_t000,sampling_rate,128,naive,0,1.387707,0.751993,2.244539
aaaaajey_s001_t000,sampling_rate,128,naive,0,-0.830754,0.279664,0.365918
aaaaajfb_s001_t000,sampling_rate,128,naive,0,0.093530,0.477569,2.401488
aaaaajfe_s001_t000,sampling_rate,128,naive,0,0.267750,0.517900,0.604119
aaaaajff_s001_t000,sampling_rate,128,naive,0,-0.864225,0.273460,0.061064
aaaaajfi_s001_t001,sampling_rate,128,naive,0,1.359477,0.747082,0.372696
aaaaajfn_s001_t001,sampling_rate,128,naive,0,1.153375,0.709336,3.773776
aaaaajfy_s001_t000,sampling_rate,128,naive,0,-0.052624,0.443938,0.584000
aaaaajga_s001_t001,sampling_rate,128,naive,0,1.682069,0.799311,0.895181
aaaaajhy_s001_t000,sampling_rate,128,naive,0,1.768663,0.811872,0.151212
aaaaajit_s001_t001,sampling_rate,128,naive,0,1.742824,0.808189,1.103416
aaaaajiu_s001_t000,sampling_rate,128,naive,0,2.492618,0.894066,0.915983
aaaaajiy_s001_t001,sampling_rate,128,naive,0,-0.458363,0.354090,0.837124
aaaaajiz_s001_t000,sampling_rate,128,naive,0,1.152868,0.709239,3.230777
aaaaajjb_s001_t001,sampling_rate,128,naive,0,0.428856,0.555000,2.677486
aaaaajje_s001_t000,sampling_rate,128,naive,0,0.895484,0.657737,1.312153
aaaaajjk_s001_t000,sampling_rate,128,naive,0,0.171316,0.495572,0.534246
aaaaajna_s001_t000,sampling_rate,128,naive,0,-0.133232,0.425588,0.606546
aaaaajnu_s001_t000,sampling_rate,128,naive,0,2.885536,0.923931,2.101278
aaaaajon_s001_t000,sampling_rate,128,naive,0,0.158894,0.492695,0.215390
aaaaajoo_s002_t001,sampling_rate,128,naive,1,0.308055,0.527217,1.381821
aaaaajpg_s001_t001,sampling_rate,128,naive,0,-0.119816,0.428629,0.273227
aaaaajqh_s004_t000,sampling_rate,128,naive,1,3.532024,0.956726,0.218636
aaaaajqk_s003_t001,sampling_rate,128,naive,1,1.035897,0.686394,0.308076
aaaaajrf_s001_t000,sampling_rate,128,naive,1,7.365466,0.998705,2.067210
aaaaajrf_s002_t000,sampling_rate,128,naive,1,11.396299,0.999969,2.040354
aaaaajrf_s003_t002,sampling_rate,128,naive,1,6.310253,0.996564,2.346703
aaaaajrf_s004_t000,sampling_rate,128,naive,1,5.260972,0.990967,0.568958
aaaaajso_s001_t000,sampling_rate,128,naive,1,3.083865,0.935881,1.375135
aaaaajtg_s001_t000,sampling_rate,128,naive,0,0.492740,0.569567,0.888278
aaaaajtu_s001_t000,sampling_rate,128,naive,0,0.874675,0.653383,1.607000
aaaaajuh_s001_t000,sampling_rate,128,naive,1,2.451629,0.890415,0.367714
aaaaajun_s001_t000,sampling_rate,128,naive,0,-1.025347,0.244823,0.523470
aaaaajvh_s001_t001,sampling_rate,128,naive,0,0.558337,0.584399,0.726859
aaaaajxp_s001_t000,sampling_rate,128,naive,0,-1.215047,0.213799,0.244226
aaaaakck_s001_t001,sampling_rate,128,naive,1,-0.666107,0.311400,0.295153
aaaaakcx_s001_t001,sampling_rate,128,naive,1,4.551772,0.982720,1.487820
aaaaakcy_s005_t001,sampling_rate,128,naive,1,11.159628,0.999961,0.771338
aaaaakdj_s001_t000,sampling_rate,128,naive,1,-0.851710,0.275769,0.290114
aaaaakdo_s001_t000,sampling_rate,128,naive,1,-1.138397,0.225979,0.425331
aaaaakeq_s001_t000,sampling_rate,128,naive,1,2.821440,0.919651,5.426882
aaaaakeq_s002_t000,sampling_rate,128,naive,1,4.104149,0.974069,1.908069
aaaaakeq_s003_t000,sampling_rate,128,naive,1,4.132809,0.974731,2.189677
aaaaakev_s001_t001,sampling_rate,128,naive,1,9.925293,0.999879,2.776172
aaaaakev_s002_t000,sampling_rate,128,naive,1,10.153454,0.999902,3.848518
aaaaakft_s001_t000,sampling_rate,128,naive,0,1.538417,0.777109,0.651477
aaaaakgp_s001_t001,sampling_rate,128,naive,0,1.104066,0.699827,0.732086
aaaaakgu_s001_t000,sampling_rate,128,naive,1,-0.376675,0.371584,0.485270
aaaaakjk_s002_t002,sampling_rate,128,naive,1,2.757445,0.915159,4.930210
aaaaakjk_s003_t000,sampling_rate,128,naive,1,3.099955,0.936770,0.242726
aaaaakka_s001_t001,sampling_rate,128,naive,0,0.452247,0.560346,0.471014
aaaaakmg_s003_t001,sampling_rate,128,naive,1,6.273803,0.996446,0.499167
aaaaakmh_s001_t000,sampling_rate,128,naive,1,1.520213,0.774174,0.698882
aaaaaknt_s001_t000,sampling_rate,128,naive,1,-0.507639,0.343719,0.079221
aaaaakoo_s001_t001,sampling_rate,128,naive,1,7.838513,0.999164,1.464715
aaaaakqg_s001_t001,sampling_rate,128,naive,0,4.201071,0.976243,1.402937
aaaaakqr_s001_t000,sampling_rate,128,naive,0,-0.388423,0.369046,1.865427
aaaaakrt_s001_t001,sampling_rate,128,naive,1,-0.314930,0.385038,1.098565
aaaaakrt_s002_t001,sampling_rate,128,naive,1,0.490349,0.569023,1.287489
aaaaaksb_s001_t000,sampling_rate,128,naive,0,0.659937,0.607065,1.798087
aaaaaksu_s001_t001,sampling_rate,128,naive,0,2.491008,0.893925,0.382867
aaaaakxz_s001_t001,sampling_rate,128,naive,1,10.611097,0.999936,1.372024
aaaaakxz_s002_t001,sampling_rate,128,naive,1,6.919776,0.998044,0.677838
aaaaalaf_s001_t000,sampling_rate,128,naive,0,1.131628,0.705164,0.296304
aaaaalau_s001_t000,sampling_rate,128,naive,1,0.370643,0.541644,1.561935
aaaaalbh_s001_t000,sampling_rate,128,naive,1,4.366848,0.979556,2.390926
aaaaalbt_s001_t001,sampling_rate,128,naive,0,1.896837,0.829343,0.339486
aaaaalbt_s002_t000,sampling_rate,128,naive,0,1.342755,0.744144,3.209271
aaaaalbz_s006_t000,sampling_rate,128,naive,1,9.957364,0.999883,8.003191
aaaaalid_s001_t001,sampling_rate,128,naive,0,3.791387,0.965652,4.482118
aaaaaljf_s001_t000,sampling_rate,128,naive,1,-0.503044,0.344680,0.170321
aaaaaljj_s001_t000,sampling_rate,128,naive,0,0.081255,0.474733,0.394317
aaaaallc_s001_t001,sampling_rate,128,naive,0,0.308478,0.527314,0.117013
aaaaalle_s002_t000,sampling_rate,128,naive,1,-2.823788,0.057722,1.086221
aaaaalox_s001_t001,sampling_rate,128,naive,0,2.502961,0.894970,1.797978
aaaaalpv_s001_t000,sampling_rate,128,naive,0,2.086874,0.852839,3.088060
aaaaalqa_s001_t000,sampling_rate,128,naive,0,0.782934,0.633891,0.850204
aaaaalqr_s001_t001,sampling_rate,128,naive,1,-0.725551,0.299714,1.347094
aaaaalqs_s001_t001,sampling_rate,128,naive,0,-0.228460,0.404174,0.425267
aaaaalqx_s001_t000,sampling_rate,128,naive,0,1.927111,0.833276,0.579509
aaaaalrc_s002_t000,sampling_rate,128,naive,1,8.272092,0.999440,0.413282
aaaaalsq_s001_t000,sampling_rate,128,naive,0,0.500906,0.571421,0.552393
aaaaalsx_s001_t000,sampling_rate,128,naive,1,2.369680,0.882784,0.199151
aaaaalsx_s004_t001,sampling_rate,128,naive,1,5.945201,0.995188,0.415642
aaaaaluz_s001_t001,sampling_rate,128,naive,0,0.937313,0.666407,0.255015
aaaaalvw_s001_t000,sampling_rate,128,naive,0,0.080789,0.474625,0.215123
aaaaalvz_s001_t000,sampling_rate,128,naive,1,9.957726,0.999883,0.374106
aaaaalxk_s001_t000,sampling_rate,128,naive,0,-0.558954,0.333076,0.405824
aaaaalyr_s001_t000,sampling_rate,128,naive,1,5.609917,0.993446,1.220295
aaaaalzk_s002_t001,sampling_rate,128,naive,1,7.142741,0.998408,1.721778
aaaaamcb_s001_t001,sampling_rate,128,naive,1,1.718747,0.804707,0.376644
aaaaamfe_s001_t001,sampling_rate,128,naive,0,1.232652,0.724244,0.586826
aaaaamft_s001_t001,sampling_rate,128,naive,1,7.203664,0.998495,1.002796
aaaaamfu_s001_t000,sampling_rate,128,naive,0,1.064840,0.692138,1.866698
aaaaamhi_s001_t000,sampling_rate,128,naive,1,6.757136,0.997726,6.552803
aaaaamhk_s001_t000,sampling_rate,128,naive,1,-1.124811,0.228188,0.076862
aaaaamjc_s001_t001,sampling_rate,128,naive,1,8.277872,0.999443,0.588723
aaaaammh_s001_t001,sampling_rate,128,naive,1,0.993042,0.677785,0.406848
aaaaamnq_s001_t000,sampling_rate,128,naive,1,2.975144,0.929565,0.675490
aaaaamnq_s002_t000,sampling_rate,128,naive,1,1.529196,0.775626,0.952582
aaaaamon_s001_t000,sampling_rate,128,naive,0,1.383895,0.751333,1.715885
aaaaampz_s001_t000,sampling_rate,128,naive,1,4.554561,0.982764,4.281152
aaaaamrj_s001_t000,sampling_rate,128,naive,0,0.626010,0.599542,0.559064
aaaaamsc_s001_t000,sampling_rate,128,naive,1,-0.700776,0.304554,0.168819
aaaaamtb_s001_t000,sampling_rate,128,naive,0,2.274481,0.873345,1.412258
aaaaamuc_s001_t000,sampling_rate,128,naive,0,-0.635862,0.317440,0.217377
aaaaamxn_s001_t000,sampling_rate,128,naive,1,2.148826,0.859898,1.027252
aaaaamyb_s001_t001,sampling_rate,128,naive,0,1.844689,0.822395,1.510142
aaaaamye_s001_t000,sampling_rate,128,naive,1,11.209778,0.999963,0.690930
aaaaamzi_s001_t001,sampling_rate,128,naive,1,8.129075,0.999361,0.568670
aaaaamzl_s001_t000,sampling_rate,128,naive,0,1.819621,0.818977,0.485741
aaaaamzx_s001_t000,sampling_rate,128,naive,0,0.249719,0.513728,1.662390
aaaaanbq_s001_t000,sampling_rate,128,naive,0,-0.337220,0.380159,0.155658
aaaaanek_s001_t000,sampling_rate,128,naive,0,0.453273,0.560580,0.555707
aaaaangp_s001_t000,sampling_rate,128,naive,0,-0.136614,0.424822,0.455297
aaaaanhb_s001_t003,sampling_rate,128,naive,1,4.670992,0.984499,0.776278
aaaaanhb_s003_t001,sampling_rate,128,naive,1,3.440306,0.953068,0.197954
aaaaanhb_s005_t000,sampling_rate,128,naive,1,7.601988,0.998959,0.308942
aaaaankf_s001_t000,sampling_rate,128,naive,1,3.787305,0.965527,1.849391
aaaaanlp_s001_t000,sampling_rate,128,naive,0,-0.421263,0.361990,0.771722
aaaaanmc_s001_t000,sampling_rate,128,naive,1,0.792498,0.635945,6.522740
aaaaanop_s001_t000,sampling_rate,128,naive,0,0.267621,0.517870,1.694579
aaaaanoz_s001_t000,sampling_rate,128,naive,1,0.775666,0.632327,0.697417
aaaaanpr_s001_t002,sampling_rate,128,naive,1,0.949981,0.669011,1.070824
aaaaanqe_s001_t000,sampling_rate,128,naive,0,0.281027,0.520971,0.507764
aaaaanro_s001_t000,sampling_rate,128,naive,1,3.321839,0.947907,7.752184
aaaaansj_s001_t000,sampling_rate,128,naive,1,1.656206,0.795440,0.404888
aaaaanta_s001_t000,sampling_rate,128,naive,1,0.067425,0.471539,2.185495
aaaaanum_s001_t000,sampling_rate,128,naive,0,-1.440692,0.180756,0.203477
aaaaanvb_s002_t000,sampling_rate,128,naive,0,0.254218,0.514769,1.237382
aaaaanvg_s001_t002,sampling_rate,128,naive,0,-2.107745,0.106286,0.147370
aaaaanvw_s001_t000,sampling_rate,128,naive,0,-0.868825,0.272614,0.412917
aaaaanwc_s001_t001,sampling_rate,128,naive,1,6.891607,0.997992,0.542050
aaaaanxl_s001_t000,sampling_rate,128,naive,1,6.869271,0.997950,8.858655
aaaaanyb_s001_t001,sampling_rate,128,naive,0,0.321939,0.530422,0.182464
aaaaanyt_s002_t000,sampling_rate,128,naive,1,5.663046,0.993759,3.939783
aaaaanyw_s001_t000,sampling_rate,128,naive,1,1.923316,0.832787,0.104775
aaaaanyw_s002_t000,sampling_rate,128,naive,1,4.508412,0.982024,0.807220
aaaaanzh_s001_t000,sampling_rate,128,naive,1,1.372630,0.749378,2.994290
aaaaanzu_s001_t003,sampling_rate,128,naive,1,2.737665,0.913726,1.457243
aaaaaoav_s001_t000,sampling_rate,128,naive,0,-1.099934,0.232273,1.315695
aaaaaoav_s002_t000,sampling_rate,128,naive,0,0.521313,0.576045,2.971863
aaaaaobi_s001_t000,sampling_rate,128,naive,1,3.598238,0.959196,2.754221
aaaaaobl_s001_t000,sampling_rate,128,naive,0,0.685944,0.612797,3.082014
aaaaaoby_s001_t000,sampling_rate,128,naive,0,1.847222,0.822738,7.425296
aaaaaoda_s001_t000,sampling_rate,128,naive,1,0.391053,0.546334,1.275983
aaaaaoeg_s001_t000,sampling_rate,128,naive,0,1.013230,0.681856,0.981149
aaaaaofj_s001_t000,sampling_rate,128,naive,0,0.822529,0.642362,0.769962
aaaaaofr_s001_t000,sampling_rate,128,naive,0,-2.088992,0.107947,1.202747
aaaaaofz_s001_t000,sampling_rate,128,naive,0,-1.389598,0.187872,1.011704
aaaaaohb_s001_t000,sampling_rate,128,naive,1,7.393372,0.998738,0.425729
aaaaaohr_s002_t001,sampling_rate,128,naive,1,1.375431,0.749865,0.310484
aaaaaoiq_s001_t000,sampling_rate,128,naive,1,-0.790993,0.287145,0.114807
aaaaaoiv_s001_t000,sampling_rate,128,naive,1,-0.748728,0.295227,0.083696
aaaaaoiv_s002_t001,sampling_rate,128,naive,1,3.428072,0.952559,1.284569
aaaaaoiv_s003_t003,sampling_rate,128,naive,1,3.611055,0.959658,0.479033
aaaaaojd_s001_t002,sampling_rate,128,naive,0,0.897285,0.658112,0.506958
aaaaaokg_s001_t000,sampling_rate,128,naive,0,4.897340,0.987394,1.315723
aaaaaoly_s001_t000,sampling_rate,128,naive,0,2.880556,0.923606,3.223787
aaaaaome_s001_t000,sampling_rate,128,naive,0,0.317788,0.529464,1.651614
aaaaaomx_s001_t000,sampling_rate,128,naive,0,0.131265,0.486298,2.129464
aaaaaomy_s001_t000,sampling_rate,128,naive,1,4.059143,0.972995,2.839171
aaaaaonb_s001_t000,sampling_rate,128,naive,0,3.930148,0.969670,3.803517
aaaaaons_s002_t002,sampling_rate,128,naive,1,2.466691,0.891769,0.481212
aaaaaopd_s001_t000,sampling_rate,128,naive,0,4.897171,0.987392,2.368241
aaaaaopo_s001_t000,sampling_rate,128,naive,0,-0.337599,0.380077,0.131125
aaaaaora_s002_t000,sampling_rate,128,naive,1,-0.398629,0.366847,0.138394
aaaaaord_s001_t000,sampling_rate,128,naive,1,-1.485863,0.174641,0.107802
aaaaaosh_s001_t000,sampling_rate,128,naive,1,-1.055033,0.239773,0.266655
aaaaaosw_s001_t000,sampling_rate,128,naive,0,3.808334,0.966169,3.747781
aaaaaote_s001_t000,sampling_rate,128,naive,0,-0.458312,0.354100,0.809709
aaaaaout_s001_t000,sampling_rate,128,naive,1,1.906457,0.830600,1.014201
aaaaaovl_s001_t000,sampling_rate,128,naive,1,8.942198,0.999699,0.168606
aaaaaovo_s001_t000,sampling_rate,128,naive,1,5.368620,0.991818,0.881375
aaaaaowb_s001_t000,sampling_rate,128,naive,0,-0.869203,0.272544,0.503011
aaaaaoxf_s001_t000,sampling_rate,128,naive,0,-0.795554,0.286281,0.769538
aaaaaozf_s001_t001,sampling_rate,128,naive,0,2.850189,0.921597,1.744580
aaaaapag_s001_t000,sampling_rate,128,naive,0,0.367050,0.540817,1.008310
aaaaapar_s001_t000,sampling_rate,128,naive,1,8.753407,0.999642,0.052957
aaaaapcb_s001_t000,sampling_rate,128,naive,0,-0.337801,0.380033,0.248357
aaaaapcy_s001_t002,sampling_rate,128,naive,0,-0.519157,0.341316,0.928133
aaaaapdg_s001_t000,sampling_rate,128,naive,0,-0.476962,0.350159,0.617236
aaaaaphs_s001_t000,sampling_rate,128,naive,1,2.801002,0.918241,1.887096
aaaaaphw_s001_t000,sampling_rate,128,naive,0,0.698213,0.615491,0.550173
aaaaapij_s001_t000,sampling_rate,128,naive,0,1.044358,0.688079,1.580954
aaaaapjc_s001_t001,sampling_rate,128,naive,0,0.390245,0.546149,0.359619
aaaaapka_s001_t000,sampling_rate,128,naive,0,1.776174,0.812933,1.130177
aaaaapkx_s001_t001,sampling_rate,128,naive,1,1.385041,0.751532,1.442120
aaaaaply_s001_t001,sampling_rate,128,naive,1,1.502726,0.771329,1.311941
aaaaapmb_s002_t001,sampling_rate,128,naive,1,7.745565,0.999089,0.099168
aaaaapmp_s001_t000,sampling_rate,128,naive,1,-0.053898,0.443647,0.549200
aaaaapnr_s001_t000,sampling_rate,128,naive,1,0.986916,0.676544,4.014915
aaaaapoc_s001_t000,sampling_rate,128,naive,1,-0.302393,0.387792,3.244917
aaaaapof_s001_t000,sampling_rate,128,naive,0,-0.363290,0.374485,0.527594
aaaaapoo_s001_t000,sampling_rate,128,naive,0,-0.063215,0.441517,0.380547
aaaaapoq_s001_t000,sampling_rate,128,naive,0,0.296908,0.524642,0.542329
aaaaappb_s001_t000,sampling_rate,128,naive,0,0.494945,0.570067,0.783541
aaaaapqd_s001_t000,sampling_rate,128,naive,1,6.080682,0.995753,6.140907
aaaaapqv_s001_t000,sampling_rate,128,naive,0,1.639863,0.792965,4.307450
aaaaapta_s001_t000,sampling_rate,128,naive,1,1.003155,0.679828,0.969314
aaaaapth_s001_t000,sampling_rate,128,naive,1,4.477953,0.981519,1.698160
aaaaapua_s001_t001,sampling_rate,128,naive,0,-1.299110,0.201000,0.233728
aaaaapuu_s001_t000,sampling_rate,128,naive,0,1.350042,0.745427,3.206151
aaaaapvw_s001_t001,sampling_rate,128,naive,1,2.374156,0.883212,0.648688
aaaaapvy_s001_t000,sampling_rate,128,naive,1,3.992275,0.971318,7.159141
aaaaapwn_s001_t001,sampling_rate,128,naive,0,0.191460,0.500237,1.128505
aaaaapwo_s001_t001,sampling_rate,128,naive,1,0.625161,0.599353,0.609856
aaaaapxm_s001_t001,sampling_rate,128,naive,0,-0.411681,0.364043,0.126405
aaaaapys_s001_t001,sampling_rate,128,naive,1,6.260379,0.996402,0.993570
aaaaapys_s002_t001,sampling_rate,128,naive,1,3.424082,0.952391,1.069420
aaaaaayx_s002_t000,sampling_rate,200,canonicalized,0,0.110744,0.481550,1.527724
aaaaabdo_s003_t000,sampling_rate,200,canonicalized,1,7.985032,0.999270,1.657050
aaaaabsk_s007_t000,sampling_rate,200,canonicalized,1,1.638656,0.792781,1.157083
aaaaabuv_s002_t000,sampling_rate,200,canonicalized,1,2.942651,0.927568,1.301130
aaaaacad_s003_t000,sampling_rate,200,canonicalized,0,0.440504,0.557664,0.449430
aaaaacby_s004_t000,sampling_rate,200,canonicalized,0,-0.147989,0.422248,0.257205
aaaaaddm_s006_t000,sampling_rate,200,canonicalized,1,3.431650,0.952708,5.449010
aaaaadeu_s002_t000,sampling_rate,200,canonicalized,1,2.714406,0.912012,1.120845
aaaaadjk_s002_t000,sampling_rate,200,canonicalized,0,-2.220847,0.096735,0.253500
aaaaadkb_s002_t000,sampling_rate,200,canonicalized,1,7.049870,0.998265,6.737236
aaaaadsm_s002_t001,sampling_rate,200,canonicalized,0,-1.852664,0.130911,0.856378
aaaaaeab_s003_t000,sampling_rate,200,canonicalized,0,-0.339615,0.379637,0.402619
aaaaaejc_s003_t001,sampling_rate,200,canonicalized,0,2.991627,0.930558,0.818278
aaaaaezn_s003_t001,sampling_rate,200,canonicalized,1,1.143199,0.707388,6.356789
aaaaafhl_s003_t000,sampling_rate,200,canonicalized,1,2.737360,0.913703,0.353530
aaaaagfk_s003_t000,sampling_rate,200,canonicalized,0,-1.160491,0.222418,1.914595
aaaaagsc_s003_t001,sampling_rate,200,canonicalized,1,4.687180,0.984726,5.929350
aaaaagsc_s006_t001,sampling_rate,200,canonicalized,1,1.175985,0.713636,1.159038
aaaaaguk_s002_t001,sampling_rate,200,canonicalized,0,-3.656179,0.027548,0.334664
aaaaagvx_s002_t000,sampling_rate,200,canonicalized,1,0.611614,0.596336,0.713694
aaaaagvx_s003_t001,sampling_rate,200,canonicalized,1,1.898194,0.829520,0.693656
aaaaagyr_s002_t000,sampling_rate,200,canonicalized,1,-0.520098,0.341120,0.664324
aaaaahie_s005_t001,sampling_rate,200,canonicalized,1,7.742284,0.999086,1.986473
aaaaahsv_s002_t000,sampling_rate,200,canonicalized,0,-0.672203,0.310190,2.543558
aaaaahte_s002_t000,sampling_rate,200,canonicalized,1,9.070771,0.999733,3.416777
aaaaahte_s003_t000,sampling_rate,200,canonicalized,1,9.420843,0.999807,0.324762
aaaaahuy_s002_t000,sampling_rate,200,canonicalized,1,-1.321185,0.197735,0.054252
aaaaahzi_s001_t000,sampling_rate,200,canonicalized,0,-0.808886,0.283764,0.701481
aaaaahzm_s001_t001,sampling_rate,200,canonicalized,0,-1.366072,0.191220,1.500895
aaaaahzq_s001_t000,sampling_rate,200,canonicalized,0,-3.514950,0.031279,0.061421
aaaaahzs_s001_t001,sampling_rate,200,canonicalized,0,-0.908599,0.265368,1.449626
aaaaaiae_s001_t000,sampling_rate,200,canonicalized,0,0.421844,0.553395,2.284955
aaaaaibx_s001_t000,sampling_rate,200,canonicalized,0,0.286418,0.522217,0.198014
aaaaaiby_s001_t000,sampling_rate,200,canonicalized,0,-1.039072,0.242479,1.059631
aaaaaici_s001_t000,sampling_rate,200,canonicalized,0,-1.918817,0.124094,4.761096
aaaaaicn_s001_t000,sampling_rate,200,canonicalized,0,0.745511,0.625808,1.988883
aaaaaijh_s002_t000,sampling_rate,200,canonicalized,1,-2.659220,0.066596,0.437447
aaaaaijn_s001_t001,sampling_rate,200,canonicalized,0,-0.058288,0.442643,0.601339
aaaaairb_s001_t001,sampling_rate,200,canonicalized,0,-0.294810,0.389461,0.706742
aaaaairo_s001_t000,sampling_rate,200,canonicalized,0,-2.556682,0.072750,1.462944
aaaaaitt_s001_t000,sampling_rate,200,canonicalized,0,-3.273600,0.038813,3.795665
aaaaaiue_s004_t000,sampling_rate,200,canonicalized,1,0.427501,0.554690,3.712366
aaaaaiuo_s002_t000,sampling_rate,200,canonicalized,0,2.981792,0.929967,0.905196
aaaaaiwz_s001_t001,sampling_rate,200,canonicalized,0,-1.587197,0.161519,0.757964
aaaaaiyy_s001_t001,sampling_rate,200,canonicalized,0,-2.994828,0.049683,0.182846
aaaaaizd_s001_t001,sampling_rate,200,canonicalized,0,-0.005261,0.454796,2.350567
aaaaaizs_s001_t000,sampling_rate,200,canonicalized,0,1.148235,0.708353,1.117410
aaaaajae_s001_t001,sampling_rate,200,canonicalized,0,5.316893,0.991419,4.147521
aaaaajah_s002_t001,sampling_rate,200,canonicalized,1,0.579441,0.589140,1.122498
aaaaajah_s004_t000,sampling_rate,200,canonicalized,1,-0.822572,0.281194,2.674182
aaaaajal_s001_t001,sampling_rate,200,canonicalized,0,-3.021363,0.048535,0.265025
aaaaajam_s001_t000,sampling_rate,200,canonicalized,1,-0.879649,0.270630,0.319916
aaaaajar_s001_t001,sampling_rate,200,canonicalized,0,-0.691993,0.306280,0.107812
aaaaajbb_s001_t000,sampling_rate,200,canonicalized,0,1.970760,0.838819,0.583323
aaaaajbh_s002_t000,sampling_rate,200,canonicalized,0,-4.328663,0.014965,0.173210
aaaaajce_s001_t000,sampling_rate,200,canonicalized,0,-0.900623,0.266811,0.142380
aaaaajci_s001_t000,sampling_rate,200,canonicalized,0,-2.976700,0.050482,1.527886
aaaaajck_s001_t000,sampling_rate,200,canonicalized,0,-3.798284,0.024232,0.030801
aaaaajct_s001_t000,sampling_rate,200,canonicalized,0,1.527353,0.775329,4.184450
aaaaajcu_s001_t000,sampling_rate,200,canonicalized,0,0.586590,0.590742,0.702020
aaaaajda_s001_t000,sampling_rate,200,canonicalized,0,-3.602688,0.028908,0.413696
aaaaajdb_s001_t000,sampling_rate,200,canonicalized,0,-1.510584,0.171364,3.378791
aaaaajdv_s001_t000,sampling_rate,200,canonicalized,0,2.633473,0.905806,5.133056
aaaaajdy_s001_t000,sampling_rate,200,canonicalized,0,-2.551369,0.073083,0.849858
aaaaajdz_s001_t000,sampling_rate,200,canonicalized,0,-1.388919,0.187968,0.464755
aaaaajea_s001_t000,sampling_rate,200,canonicalized,0,2.403491,0.885987,2.905493
aaaaajen_s001_t000,sampling_rate,200,canonicalized,0,-1.718671,0.145694,1.827024
aaaaajey_s001_t000,sampling_rate,200,canonicalized,0,-0.452877,0.355253,0.480397
aaaaajfb_s001_t000,sampling_rate,200,canonicalized,0,-3.249993,0.039637,1.776766
aaaaajfe_s001_t000,sampling_rate,200,canonicalized,0,-1.565126,0.164307,0.505202
aaaaajff_s001_t000,sampling_rate,200,canonicalized,0,-3.653665,0.027611,0.494510
aaaaajfi_s001_t001,sampling_rate,200,canonicalized,0,-1.051976,0.240290,0.256156
aaaaajfn_s001_t001,sampling_rate,200,canonicalized,0,-2.537722,0.073944,0.996337
aaaaajfy_s001_t000,sampling_rate,200,canonicalized,0,-4.033171,0.019586,0.180696
aaaaajga_s001_t001,sampling_rate,200,canonicalized,0,0.620306,0.598273,5.445336
aaaaajhy_s001_t000,sampling_rate,200,canonicalized,0,-2.743215,0.061919,3.249244
aaaaajit_s001_t001,sampling_rate,200,canonicalized,0,-3.221878,0.040641,0.556010
aaaaajiu_s001_t000,sampling_rate,200,canonicalized,0,1.576844,0.783215,5.023355
aaaaajiy_s001_t001,sampling_rate,200,canonicalized,0,-0.254282,0.398425,1.267660
aaaaajiz_s001_t000,sampling_rate,200,canonicalized,0,-1.197918,0.216479,0.921736
aaaaajjb_s001_t001,sampling_rate,200,canonicalized,0,2.056907,0.849320,4.632670
aaaaajje_s001_t000,sampling_rate,200,canonicalized,0,-2.033835,0.112968,5.480551
aaaaajjk_s001_t000,sampling_rate,200,canonicalized,0,-2.291482,0.091165,0.333616
aaaaajna_s001_t000,sampling_rate,200,canonicalized,0,-1.313071,0.198930,1.673222
aaaaajnu_s001_t000,sampling_rate,200,canonicalized,0,-2.386154,0.084154,4.358179
aaaaajon_s001_t000,sampling_rate,200,canonicalized,0,-0.794943,0.286396,0.329134
aaaaajoo_s002_t001,sampling_rate,200,canonicalized,1,0.086554,0.475957,2.346321
aaaaajpg_s001_t001,sampling_rate,200,canonicalized,0,-2.211600,0.097486,0.495870
aaaaajqh_s004_t000,sampling_rate,200,canonicalized,1,8.989767,0.999712,6.467838
aaaaajqk_s003_t001,sampling_rate,200,canonicalized,1,4.980223,0.988315,0.866196
aaaaajrf_s001_t000,sampling_rate,200,canonicalized,1,6.862829,0.997938,2.186725
aaaaajrf_s002_t000,sampling_rate,200,canonicalized,1,11.800237,0.999979,5.100943
aaaaajrf_s003_t002,sampling_rate,200,canonicalized,1,10.416853,0.999923,1.958336
aaaaajrf_s004_t000,sampling_rate,200,canonicalized,1,3.104595,0.937024,0.363856
aaaaajso_s001_t000,sampling_rate,200,canonicalized,1,8.767912,0.999646,6.410973
aaaaajtg_s001_t000,sampling_rate,200,canonicalized,0,-0.135470,0.425081,2.733119
aaaaajtu_s001_t000,sampling_rate,200,canonicalized,0,-0.114910,0.429742,1.601767
aaaaajuh_s001_t000,sampling_rate,200,canonicalized,1,7.601315,0.998959,4.491320
aaaaajun_s001_t000,sampling_rate,200,canonicalized,0,4.546212,0.982632,1.233829
aaaaajvh_s001_t001,sampling_rate,200,canonicalized,0,-2.176075,0.100420,0.370622
aaaaajxp_s001_t000,sampling_rate,200,canonicalized,0,0.743315,0.625332,1.564806
aaaaakck_s001_t001,sampling_rate,200,canonicalized,1,1.872798,0.826167,0.120677
aaaaakcx_s001_t001,sampling_rate,200,canonicalized,1,9.878328,0.999874,1.601043
aaaaakcy_s005_t001,sampling_rate,200,canonicalized,1,8.909569,0.999690,0.425961
aaaaakdj_s001_t000,sampling_rate,200,canonicalized,1,0.506909,0.572782,0.680518
aaaaakdo_s001_t000,sampling_rate,200,canonicalized,1,0.490095,0.568966,2.688689
aaaaakeq_s001_t000,sampling_rate,200,canonicalized,1,1.994061,0.841716,1.122057
aaaaakeq_s002_t000,sampling_rate,200,canonicalized,1,2.307408,0.876681,5.453710
aaaaakeq_s003_t000,sampling_rate,200,canonicalized,1,3.979095,0.970976,2.215742
aaaaakev_s001_t001,sampling_rate,200,canonicalized,1,9.284289,0.999781,4.918867
aaaaakev_s002_t000,sampling_rate,200,canonicalized,1,8.959654,0.999704,6.043496
aaaaakft_s001_t000,sampling_rate,200,canonicalized,0,-2.664926,0.066268,0.965954
aaaaakgp_s001_t001,sampling_rate,200,canonicalized,0,0.844004,0.646920,1.675813
aaaaakgu_s001_t000,sampling_rate,200,canonicalized,1,-1.654464,0.153255,0.154988
aaaaakjk_s002_t002,sampling_rate,200,canonicalized,1,2.271746,0.873064,7.439462
aaaaakjk_s003_t000,sampling_rate,200,canonicalized,1,2.466201,0.891725,0.610907
aaaaakka_s001_t001,sampling_rate,200,canonicalized,0,-1.052015,0.240283,1.078466
aaaaakmg_s003_t001,sampling_rate,200,canonicalized,1,8.270852,0.999440,1.201220
aaaaakmh_s001_t000,sampling_rate,200,canonicalized,1,1.355054,0.746307,4.148598
aaaaaknt_s001_t000,sampling_rate,200,canonicalized,1,3.701513,0.962781,0.692324
aaaaakoo_s001_t001,sampling_rate,200,canonicalized,1,8.859112,0.999675,0.757056
aaaaakqg_s001_t001,sampling_rate,200,canonicalized,0,-1.106088,0.231257,1.193497
aaaaakqr_s001_t000,sampling_rate,200,canonicalized,0,-2.709383,0.063764,0.330811
aaaaakrt_s001_t001,sampling_rate,200,canonicalized,1,6.933261,0.998068,0.435643
aaaaakrt_s002_t001,sampling_rate,200,canonicalized,1,7.512041,0.998869,0.506068
aaaaaksb_s001_t000,sampling_rate,200,canonicalized,0,-2.145619,0.102998,0.268344
aaaaaksu_s001_t001,sampling_rate,200,canonicalized,0,0.977281,0.674588,0.550932
aaaaakxz_s001_t001,sampling_rate,200,canonicalized,1,3.988351,0.971217,1.082272
aaaaakxz_s002_t001,sampling_rate,200,canonicalized,1,4.459357,0.981204,0.524353
aaaaalaf_s001_t000,sampling_rate,200,canonicalized,0,-2.069136,0.109732,0.481611
aaaaalau_s001_t000,sampling_rate,200,canonicalized,1,5.561834,0.993150,4.882432
aaaaalbh_s001_t000,sampling_rate,200,canonicalized,1,2.461475,0.891302,2.257147
aaaaalbt_s001_t001,sampling_rate,200,canonicalized,0,-0.506031,0.344055,0.529285
aaaaalbt_s002_t000,sampling_rate,200,canonicalized,0,-0.757914,0.293459,1.337790
aaaaalbz_s006_t000,sampling_rate,200,canonicalized,1,7.798398,0.999132,18.373634
aaaaalid_s001_t001,sampling_rate,200,canonicalized,0,1.605787,0.787734,0.790468
aaaaaljf_s001_t000,sampling_rate,200,canonicalized,1,5.329096,0.991515,1.975003
aaaaaljj_s001_t000,sampling_rate,200,canonicalized,0,-2.628682,0.068376,0.876509
aaaaallc_s001_t001,sampling_rate,200,canonicalized,0,0.159114,0.492746,0.627389
aaaaalle_s002_t000,sampling_rate,200,canonicalized,1,1.106363,0.700274,1.747302
aaaaalox_s001_t001,sampling_rate,200,canonicalized,0,4.730915,0.985324,2.312566
aaaaalpv_s001_t000,sampling_rate,200,canonicalized,0,-0.040936,0.446613,2.399779
aaaaalqa_s001_t000,sampling_rate,200,canonicalized,0,-0.446705,0.356564,0.782264
aaaaalqr_s001_t001,sampling_rate,200,canonicalized,1,0.964860,0.672057,0.397488
aaaaalqs_s001_t001,sampling_rate,200,canonicalized,0,-1.950901,0.120899,0.436706
aaaaalqx_s001_t000,sampling_rate,200,canonicalized,0,-3.456124,0.032973,0.284486
aaaaalrc_s002_t000,sampling_rate,200,canonicalized,1,12.864607,0.999992,0.105860
aaaaalsq_s001_t000,sampling_rate,200,canonicalized,0,0.993717,0.677922,0.680336
aaaaalsx_s001_t000,sampling_rate,200,canonicalized,1,0.398748,0.548101,1.139446
aaaaalsx_s004_t001,sampling_rate,200,canonicalized,1,0.158898,0.492695,0.266804
aaaaaluz_s001_t001,sampling_rate,200,canonicalized,0,-3.373494,0.035504,0.260387
aaaaalvw_s001_t000,sampling_rate,200,canonicalized,0,-3.447301,0.033235,0.442579
aaaaalvz_s001_t000,sampling_rate,200,canonicalized,1,9.630139,0.999841,1.712977
aaaaalxk_s001_t000,sampling_rate,200,canonicalized,0,-0.000306,0.455934,0.555634
aaaaalyr_s001_t000,sampling_rate,200,canonicalized,1,1.738985,0.807637,0.640376
aaaaalzk_s002_t001,sampling_rate,200,canonicalized,1,10.130871,0.999900,3.827031
aaaaamcb_s001_t001,sampling_rate,200,canonicalized,1,8.337238,0.999473,2.710924
aaaaamfe_s001_t001,sampling_rate,200,canonicalized,0,0.232815,0.509815,0.085832
aaaaamft_s001_t001,sampling_rate,200,canonicalized,1,1.515648,0.773434,0.183869
aaaaamfu_s001_t000,sampling_rate,200,canonicalized,0,-1.888474,0.127183,0.110829
aaaaamhi_s001_t000,sampling_rate,200,canonicalized,1,5.539254,0.993006,6.520143
aaaaamhk_s001_t000,sampling_rate,200,canonicalized,1,5.262006,0.990976,0.505707
aaaaamjc_s001_t001,sampling_rate,200,canonicalized,1,8.719297,0.999630,0.637430
aaaaammh_s001_t001,sampling_rate,200,canonicalized,1,2.986786,0.930268,0.361481
aaaaamnq_s001_t000,sampling_rate,200,canonicalized,1,7.696244,0.999046,3.174325
aaaaamnq_s002_t000,sampling_rate,200,canonicalized,1,5.664567,0.993768,0.419273
aaaaamon_s001_t000,sampling_rate,200,canonicalized,0,-0.059066,0.442465,2.687654
aaaaampz_s001_t000,sampling_rate,200,canonicalized,1,1.394519,0.753168,2.990369
aaaaamrj_s001_t000,sampling_rate,200,canonicalized,0,1.753972,0.809785,0.546218
aaaaamsc_s001_t000,sampling_rate,200,canonicalized,1,6.403627,0.996848,0.222509
aaaaamtb_s001_t000,sampling_rate,200,canonicalized,0,3.065128,0.934832,0.833896
aaaaamuc_s001_t000,sampling_rate,200,canonicalized,0,-1.791999,0.137440,0.164171
aaaaamxn_s001_t000,sampling_rate,200,canonicalized,1,0.349554,0.536789,0.587899
aaaaamyb_s001_t001,sampling_rate,200,canonicalized,0,0.137343,0.487705,1.241397
aaaaamye_s001_t000,sampling_rate,200,canonicalized,1,10.444822,0.999925,0.784964
aaaaamzi_s001_t001,sampling_rate,200,canonicalized,1,6.428099,0.996918,1.106234
aaaaamzl_s001_t000,sampling_rate,200,canonicalized,0,-2.076878,0.109033,0.551073
aaaaamzx_s001_t000,sampling_rate,200,canonicalized,0,-2.605516,0.069756,2.271230
aaaaanbq_s001_t000,sampling_rate,200,canonicalized,0,-0.978515,0.252933,0.286174
aaaaanek_s001_t000,sampling_rate,200,canonicalized,0,-2.650937,0.067074,0.082793
aaaaangp_s001_t000,sampling_rate,200,canonicalized,0,0.257655,0.515565,0.463936
aaaaanhb_s001_t003,sampling_rate,200,canonicalized,1,2.988409,0.930365,1.664620
aaaaanhb_s003_t001,sampling_rate,200,canonicalized,1,5.307931,0.991349,0.566402
aaaaanhb_s005_t000,sampling_rate,200,canonicalized,1,9.251875,0.999774,0.834064
aaaaankf_s001_t000,sampling_rate,200,canonicalized,1,4.550332,0.982697,2.133321
aaaaanlp_s001_t000,sampling_rate,200,canonicalized,0,-1.086249,0.234541,0.341055
aaaaanmc_s001_t000,sampling_rate,200,canonicalized,1,8.454536,0.999527,3.230781
aaaaanop_s001_t000,sampling_rate,200,canonicalized,0,1.203619,0.718839,2.528366
aaaaanoz_s001_t000,sampling_rate,200,canonicalized,1,0.475025,0.565538,0.600651
aaaaanpr_s001_t002,sampling_rate,200,canonicalized,1,5.380095,0.991904,6.660752
aaaaanqe_s001_t000,sampling_rate,200,canonicalized,0,-2.899054,0.054044,0.706375
aaaaanro_s001_t000,sampling_rate,200,canonicalized,1,3.484766,0.954877,1.638336
aaaaansj_s001_t000,sampling_rate,200,canonicalized,1,5.502352,0.992764,3.460041
aaaaanta_s001_t000,sampling_rate,200,canonicalized,1,6.158003,0.996045,8.897490
aaaaanum_s001_t000,sampling_rate,200,canonicalized,0,0.045834,0.466557,1.222515
aaaaanvb_s002_t000,sampling_rate,200,canonicalized,0,-1.281134,0.203688,0.181969
aaaaanvg_s001_t002,sampling_rate,200,canonicalized,0,2.332190,0.879142,1.034221
aaaaanvw_s001_t000,sampling_rate,200,canonicalized,0,-2.827891,0.057515,0.734702
aaaaanwc_s001_t001,sampling_rate,200,canonicalized,1,6.664760,0.997524,16.391336
aaaaanxl_s001_t000,sampling_rate,200,canonicalized,1,6.416656,0.996886,14.051491
aaaaanyb_s001_t001,sampling_rate,200,canonicalized,0,1.249267,0.727307,0.799770
aaaaanyt_s002_t000,sampling_rate,200,canonicalized,1,6.006672,0.995453,2.478455
aaaaanyw_s001_t000,sampling_rate,200,canonicalized,1,2.677988,0.909266,0.160835
aaaaanyw_s002_t000,sampling_rate,200,canonicalized,1,4.417261,0.980471,1.744653
aaaaanzh_s001_t000,sampling_rate,200,canonicalized,1,-0.546561,0.335631,2.987311
aaaaanzu_s001_t003,sampling_rate,200,canonicalized,1,2.153424,0.860410,3.365012
aaaaaoav_s001_t000,sampling_rate,200,canonicalized,0,-2.759546,0.061045,0.222438
aaaaaoav_s002_t000,sampling_rate,200,canonicalized,0,-1.503690,0.172273,0.479578
aaaaaobi_s001_t000,sampling_rate,200,canonicalized,1,-0.410719,0.364249,10.625960
aaaaaobl_s001_t000,sampling_rate,200,canonicalized,0,-0.133010,0.425638,1.717742
aaaaaoby_s001_t000,sampling_rate,200,canonicalized,0,-0.002624,0.455401,4.598692
aaaaaoda_s001_t000,sampling_rate,200,canonicalized,1,8.218037,0.999412,8.971027
aaaaaoeg_s001_t000,sampling_rate,200,canonicalized,0,1.704065,0.802560,0.752677
aaaaaofj_s001_t000,sampling_rate,200,canonicalized,0,-2.423218,0.081545,0.478463
aaaaaofr_s001_t000,sampling_rate,200,canonicalized,0,3.041393,0.933479,1.539703
aaaaaofz_s001_t000,sampling_rate,200,canonicalized,0,0.158086,0.492507,0.861027
aaaaaohb_s001_t000,sampling_rate,200,canonicalized,1,2.718495,0.912315,0.292496
aaaaaohr_s002_t001,sampling_rate,200,canonicalized,1,6.369537,0.996747,0.525361
aaaaaoiq_s001_t000,sampling_rate,200,canonicalized,1,2.152627,0.860322,0.381728
aaaaaoiv_s001_t000,sampling_rate,200,canonicalized,1,0.932150,0.665343,0.124431
aaaaaoiv_s002_t001,sampling_rate,200,canonicalized,1,9.188547,0.999761,1.248190
aaaaaoiv_s003_t003,sampling_rate,200,canonicalized,1,6.774493,0.997762,0.051084
aaaaaojd_s001_t002,sampling_rate,200,canonicalized,0,0.411347,0.550990,1.967605
aaaaaokg_s001_t000,sampling_rate,200,canonicalized,0,4.622789,0.983802,3.060233
aaaaaoly_s001_t000,sampling_rate,200,canonicalized,0,-0.680278,0.308591,6.909111
aaaaaome_s001_t000,sampling_rate,200,canonicalized,0,-0.991581,0.250653,2.169053
aaaaaomx_s001_t000,sampling_rate,200,canonicalized,0,0.018336,0.460222,0.669282
aaaaaomy_s001_t000,sampling_rate,200,canonicalized,1,4.558509,0.982825,5.203463
aaaaaonb_s001_t000,sampling_rate,200,canonicalized,0,1.261697,0.729585,2.074070
aaaaaons_s002_t002,sampling_rate,200,canonicalized,1,7.430118,0.998780,0.373428
aaaaaopd_s001_t000,sampling_rate,200,canonicalized,0,-0.505479,0.344171,2.458306
aaaaaopo_s001_t000,sampling_rate,200,canonicalized,0,-1.874790,0.128597,0.105004
aaaaaora_s002_t000,sampling_rate,200,canonicalized,1,2.247513,0.870555,0.547172
aaaaaord_s001_t000,sampling_rate,200,canonicalized,1,2.125733,0.857300,0.502187
aaaaaosh_s001_t000,sampling_rate,200,canonicalized,1,1.508672,0.772299,1.332846
aaaaaosw_s001_t000,sampling_rate,200,canonicalized,0,1.435594,0.760174,3.908318
aaaaaote_s001_t000,sampling_rate,200,canonicalized,0,-0.872577,0.271925,1.038422
aaaaaout_s001_t000,sampling_rate,200,canonicalized,1,2.833812,0.920494,2.677899
aaaaaovl_s001_t000,sampling_rate,200,canonicalized,1,4.297384,0.978227,0.107610
aaaaaovo_s001_t000,sampling_rate,200,canonicalized,1,8.590298,0.999583,0.150061
aaaaaowb_s001_t000,sampling_rate,200,canonicalized,0,0.298966,0.525117,0.882827
aaaaaoxf_s001_t000,sampling_rate,200,canonicalized,0,-1.325875,0.197047,0.639569
aaaaaozf_s001_t001,sampling_rate,200,canonicalized,0,-0.207340,0.408894,1.473595
aaaaapag_s001_t000,sampling_rate,200,canonicalized,0,-2.207003,0.097861,2.156051
aaaaapar_s001_t000,sampling_rate,200,canonicalized,1,12.187384,0.999985,0.256128
aaaaapcb_s001_t000,sampling_rate,200,canonicalized,0,3.033556,0.933027,0.287138
aaaaapcy_s001_t002,sampling_rate,200,canonicalized,0,-2.897603,0.054113,0.262373
aaaaapdg_s001_t000,sampling_rate,200,canonicalized,0,-0.998974,0.249368,0.110194
aaaaaphs_s001_t000,sampling_rate,200,canonicalized,1,3.322738,0.947949,3.857998
aaaaaphw_s001_t000,sampling_rate,200,canonicalized,0,1.829572,0.820340,0.591376
aaaaapij_s001_t000,sampling_rate,200,canonicalized,0,0.522165,0.576237,0.979054
aaaaapjc_s001_t001,sampling_rate,200,canonicalized,0,-4.382246,0.014251,0.226050
aaaaapka_s001_t000,sampling_rate,200,canonicalized,0,-0.894136,0.267989,0.375044
aaaaapkx_s001_t001,sampling_rate,200,canonicalized,1,-1.774125,0.139415,3.147747
aaaaaply_s001_t001,sampling_rate,200,canonicalized,1,3.848880,0.967376,3.349217
aaaaapmb_s002_t001,sampling_rate,200,canonicalized,1,6.234356,0.996315,0.990216
aaaaapmp_s001_t000,sampling_rate,200,canonicalized,1,-0.543402,0.336284,2.110513
aaaaapnr_s001_t000,sampling_rate,200,canonicalized,1,-1.661640,0.152395,2.135171
aaaaapoc_s001_t000,sampling_rate,200,canonicalized,1,4.939309,0.987869,5.767102
aaaaapof_s001_t000,sampling_rate,200,canonicalized,0,-3.354559,0.036109,0.191980
aaaaapoo_s001_t000,sampling_rate,200,canonicalized,0,-3.014817,0.048816,1.714937
aaaaapoq_s001_t000,sampling_rate,200,canonicalized,0,1.246032,0.726712,2.280453
aaaaappb_s001_t000,sampling_rate,200,canonicalized,0,0.281355,0.521047,4.248647
aaaaapqd_s001_t000,sampling_rate,200,canonicalized,1,0.905039,0.659727,2.987769
aaaaapqv_s001_t000,sampling_rate,200,canonicalized,0,-3.138447,0.043764,2.001254
aaaaapta_s001_t000,sampling_rate,200,canonicalized,1,6.249218,0.996365,1.570904
aaaaapth_s001_t000,sampling_rate,200,canonicalized,1,2.797007,0.917962,6.332857
aaaaapua_s001_t001,sampling_rate,200,canonicalized,0,-3.534729,0.030729,0.451023
aaaaapuu_s001_t000,sampling_rate,200,canonicalized,0,-1.934212,0.122552,2.174191
aaaaapvw_s001_t001,sampling_rate,200,canonicalized,1,5.395293,0.992016,3.288827
aaaaapvy_s001_t000,sampling_rate,200,canonicalized,1,3.876676,0.968179,9.494190
aaaaapwn_s001_t001,sampling_rate,200,canonicalized,0,-1.171741,0.220621,1.582633
aaaaapwo_s001_t001,sampling_rate,200,canonicalized,1,8.890218,0.999684,0.662485
aaaaapxm_s001_t001,sampling_rate,200,canonicalized,0,-1.663976,0.152115,0.458617
aaaaapys_s001_t001,sampling_rate,200,canonicalized,1,12.694722,0.999991,0.194637
aaaaapys_s002_t001,sampling_rate,200,canonicalized,1,9.381124,0.999800,5.858734
aaaaaayx_s002_t000,sampling_rate,200,naive,0,0.176296,0.496725,2.151229
aaaaabdo_s003_t000,sampling_rate,200,naive,1,6.125200,0.995924,1.761616
aaaaabsk_s007_t000,sampling_rate,200,naive,1,-2.325841,0.088562,0.668644
aaaaabuv_s002_t000,sampling_rate,200,naive,1,-1.067239,0.237718,0.415969
aaaaacad_s003_t000,sampling_rate,200,naive,0,-2.290287,0.091257,0.250438
aaaaacby_s004_t000,sampling_rate,200,naive,0,-1.919575,0.124018,0.580538
aaaaaddm_s006_t000,sampling_rate,200,naive,1,1.427417,0.758790,2.214076
aaaaadeu_s002_t000,sampling_rate,200,naive,1,1.850879,0.823231,0.419624
aaaaadjk_s002_t000,sampling_rate,200,naive,0,-3.388531,0.035030,0.995835
aaaaadkb_s002_t000,sampling_rate,200,naive,1,4.758010,0.985682,5.605055
aaaaadsm_s002_t001,sampling_rate,200,naive,0,-2.625436,0.068568,1.350292
aaaaaeab_s003_t000,sampling_rate,200,naive,0,-3.725965,0.025868,0.367779
aaaaaejc_s003_t001,sampling_rate,200,naive,0,-1.788107,0.137868,0.100651
aaaaaezn_s003_t001,sampling_rate,200,naive,1,-1.002095,0.248827,9.383972
aaaaafhl_s003_t000,sampling_rate,200,naive,1,2.700478,0.910971,0.342009
aaaaagfk_s003_t000,sampling_rate,200,naive,0,-2.758841,0.061083,1.327490
aaaaagsc_s003_t001,sampling_rate,200,naive,1,3.489499,0.955065,7.846910
aaaaagsc_s006_t001,sampling_rate,200,naive,1,-1.783041,0.138427,0.444242
aaaaaguk_s002_t001,sampling_rate,200,naive,0,-2.976777,0.050478,0.936250
aaaaagvx_s002_t000,sampling_rate,200,naive,1,-2.564688,0.072251,0.652907
aaaaagvx_s003_t001,sampling_rate,200,naive,1,-1.262484,0.206505,0.475725
aaaaagyr_s002_t000,sampling_rate,200,naive,1,-1.050206,0.240589,1.455686
aaaaahie_s005_t001,sampling_rate,200,naive,1,5.790691,0.994451,3.305508
aaaaahsv_s002_t000,sampling_rate,200,naive,0,-3.388393,0.035034,1.418259
aaaaahte_s002_t000,sampling_rate,200,naive,1,6.953674,0.998104,3.631753
aaaaahte_s003_t000,sampling_rate,200,naive,1,5.301128,0.991294,0.761307
aaaaahuy_s002_t000,sampling_rate,200,naive,1,-4.355879,0.014598,0.154181
aaaaahzi_s001_t000,sampling_rate,200,naive,0,-2.709857,0.063738,0.492352
aaaaahzm_s001_t001,sampling_rate,200,naive,0,-2.072160,0.109458,1.543699
aaaaahzq_s001_t000,sampling_rate,200,naive,0,-4.851345,0.009274,0.646621
aaaaahzs_s001_t001,sampling_rate,200,naive,0,0.134984,0.487159,0.600630
aaaaaiae_s001_t000,sampling_rate,200,naive,0,-0.306497,0.386889,1.461336
aaaaaibx_s001_t000,sampling_rate,200,naive,0,-2.381885,0.084459,0.530783
aaaaaiby_s001_t000,sampling_rate,200,naive,0,-2.829211,0.057449,0.437260
aaaaaici_s001_t000,sampling_rate,200,naive,0,-2.772108,0.060382,11.571851
aaaaaicn_s001_t000,sampling_rate,200,naive,0,2.866329,0.922671,1.084697
aaaaaijh_s002_t000,sampling_rate,200,naive,1,-3.426598,0.033857,2.406655
aaaaaijn_s001_t001,sampling_rate,200,naive,0,-2.984554,0.050134,0.268753
aaaaairb_s001_t001,sampling_rate,200,naive,0,-2.556808,0.072742,1.078746
aaaaairo_s001_t000,sampling_rate,200,naive,0,-2.513289,0.075509,3.301487
aaaaaitt_s001_t000,sampling_rate,200,naive,0,-1.271134,0.205194,4.522775
aaaaaiue_s004_t000,sampling_rate,200,naive,1,-2.432967,0.080871,4.673747
aaaaaiuo_s002_t000,sampling_rate,200,naive,0,-0.391892,0.368298,3.608518
aaaaaiwz_s001_t001,sampling_rate,200,naive,0,-4.943964,0.008518,0.238294
aaaaaiyy_s001_t001,sampling_rate,200,naive,0,-4.818837,0.009555,0.153237
aaaaaizd_s001_t001,sampling_rate,200,naive,0,-1.703390,0.147465,2.608850
aaaaaizs_s001_t000,sampling_rate,200,naive,0,-1.933098,0.122663,0.413123
aaaaajae_s001_t001,sampling_rate,200,naive,0,0.914311,0.661653,1.213416
aaaaajah_s002_t001,sampling_rate,200,naive,1,-0.942925,0.259214,0.659140
aaaaajah_s004_t000,sampling_rate,200,naive,1,-2.560759,0.072496,1.063332
aaaaajal_s001_t001,sampling_rate,200,naive,0,-4.516335,0.012607,0.503416
aaaaajam_s001_t000,sampling_rate,200,naive,1,-1.036495,0.242918,0.500706
aaaaajar_s001_t001,sampling_rate,200,naive,0,-3.460341,0.032849,0.250827
aaaaajbb_s001_t000,sampling_rate,200,naive,0,-1.040956,0.242159,0.377566
aaaaajbh_s002_t000,sampling_rate,200,naive,0,-5.893703,0.003551,0.116236
aaaaajce_s001_t000,sampling_rate,200,naive,0,-1.528585,0.169009,0.349301
aaaaajci_s001_t000,sampling_rate,200,naive,0,-5.610092,0.004613,0.849883
aaaaajck_s001_t000,sampling_rate,200,naive,0,-5.271851,0.006301,1.070266
aaaaajct_s001_t000,sampling_rate,200,naive,0,-0.504743,0.344325,2.397059
aaaaajcu_s001_t000,sampling_rate,200,naive,0,0.009952,0.458293,0.302965
aaaaajda_s001_t000,sampling_rate,200,naive,0,-1.919887,0.123987,1.040481
aaaaajdb_s001_t000,sampling_rate,200,naive,0,-2.833343,0.057242,6.602264
aaaaajdv_s001_t000,sampling_rate,200,naive,0,0.002177,0.456505,4.227440
aaaaajdy_s001_t000,sampling_rate,200,naive,0,-4.048537,0.019315,2.141612
aaaaajdz_s001_t000,sampling_rate,200,naive,0,-3.298991,0.037945,0.210350
aaaaajea_s001_t000,sampling_rate,200,naive,0,3.032301,0.932954,4.930247
aaaaajen_s001_t000,sampling_rate,200,naive,0,-2.392566,0.083697,2.912963
aaaaajey_s001_t000,sampling_rate,200,naive,0,-3.079908,0.046090,0.168759
aaaaajfb_s001_t000,sampling_rate,200,naive,0,-3.903670,0.022028,3.214206
aaaaajfe_s001_t000,sampling_rate,200,naive,0,-3.986580,0.020432,0.428146
aaaaajff_s001_t000,sampling_rate,200,naive,0,-5.663679,0.004391,0.143896
aaaaajfi_s001_t001,sampling_rate,200,naive,0,-2.688670,0.064920,1.043195
aaaaajfn_s001_t001,sampling_rate,200,naive,0,-3.999454,0.020195,4.886039
aaaaajfy_s001_t000,sampling_rate,200,naive,0,-5.437335,0.005410,0.117265
aaaaajga_s001_t001,sampling_rate,200,naive,0,-2.118424,0.105349,3.916715
aaaaajhy_s001_t000,sampling_rate,200,naive,0,-4.802817,0.009697,2.410820
aaaaajit_s001_t001,sampling_rate,200,naive,0,-4.446847,0.013434,0.892087
aaaaajiu_s001_t000,sampling_rate,200,naive,0,2.053605,0.848928,5.083715
aaaaajiy_s001_t001,sampling_rate,200,naive,0,-3.006390,0.049180,0.320744
aaaaajiz_s001_t000,sampling_rate,200,naive,0,-1.500178,0.172738,4.220893
aaaaajjb_s001_t001,sampling_rate,200,naive,0,0.140321,0.488394,3.604702
aaaaajje_s001_t000,sampling_rate,200,naive,0,-3.440731,0.033431,3.594697
aaaaajjk_s001_t000,sampling_rate,200,naive,0,-4.126881,0.017987,0.441017
aaaaajna_s001_t000,sampling_rate,200,naive,0,-3.091924,0.045603,0.760311
aaaaajnu_s001_t000,sampling_rate,200,naive,0,-3.316782,0.037348,7.815079
aaaaajon_s001_t000,sampling_rate,200,naive,0,-1.558841,0.165108,1.124101
aaaaajoo_s002_t001,sampling_rate,200,naive,1,-0.276317,0.393543,1.450500
aaaaajpg_s001_t001,sampling_rate,200,naive,0,-4.195897,0.016891,0.100473
aaaaajqh_s004_t000,sampling_rate,200,naive,1,5.005022,0.988578,1.739888
aaaaajqk_s003_t001,sampling_rate,200,naive,1,1.235364,0.724745,0.346012
aaaaajrf_s001_t000,sampling_rate,200,naive,1,6.318860,0.996591,1.617956
aaaaajrf_s002_t000,sampling_rate,200,naive,1,11.387415,0.999969,3.340926
aaaaajrf_s003_t002,sampling_rate,200,naive,1,6.923504,0.998050,2.199958
aaaaajrf_s004_t000,sampling_rate,200,naive,1,3.654564,0.961190,0.948173
aaaaajso_s001_t000,sampling_rate,200,naive,1,5.837674,0.994686,4.171829
aaaaajtg_s001_t000,sampling_rate,200,naive,0,-1.883090,0.127737,1.905286
aaaaajtu_s001_t000,sampling_rate,200,naive,0,-0.316764,0.384635,2.788343
aaaaajuh_s001_t000,sampling_rate,200,naive,1,4.988132,0.988400,4.234600
aaaaajun_s001_t000,sampling_rate,200,naive,0,1.080649,0.695250,0.432582
aaaaajvh_s001_t001,sampling_rate,200,naive,0,-4.631640,0.011344,0.831265
aaaaajxp_s001_t000,sampling_rate,200,naive,0,-3.265992,0.039077,0.476613
aaaaakck_s001_t001,sampling_rate,200,naive,1,-0.787114,0.287881,0.083836
aaaaakcx_s001_t001,sampling_rate,200,naive,1,9.890779,0.999875,0.630284
aaaaakcy_s005_t001,sampling_rate,200,naive,1,9.818147,0.999866,0.717120
aaaaakdj_s001_t000,sampling_rate,200,naive,1,-0.555068,0.333876,0.506444
aaaaakdo_s001_t000,sampling_rate,200,naive,1,-1.969101,0.119119,1.509925
aaaaakeq_s001_t000,sampling_rate,200,naive,1,1.537435,0.776952,2.731673
aaaaakeq_s002_t000,sampling_rate,200,naive,1,1.734054,0.806926,5.906479
aaaaakeq_s003_t000,sampling_rate,200,naive,1,2.704625,0.911282,6.109819
aaaaakev_s001_t001,sampling_rate,200,naive,1,9.990437,0.999886,3.286758
aaaaakev_s002_t000,sampling_rate,200,naive,1,8.812723,0.999661,3.583694
aaaaakft_s001_t000,sampling_rate,200,naive,0,-4.084044,0.018701,1.957031
aaaaakgp_s001_t001,sampling_rate,200,naive,0,-0.552737,0.334356,3.088753
aaaaakgu_s001_t000,sampling_rate,200,naive,1,-4.448334,0.013416,0.297062
aaaaakjk_s002_t002,sampling_rate,200,naive,1,1.173647,0.713193,6.012009
aaaaakjk_s003_t000,sampling_rate,200,naive,1,0.859534,0.650200,1.012343
aaaaakka_s001_t001,sampling_rate,200,naive,0,-4.272514,0.015752,0.346194
aaaaakmg_s003_t001,sampling_rate,200,naive,1,5.881743,0.994898,0.329956
aaaaakmh_s001_t000,sampling_rate,200,naive,1,-1.499337,0.172849,1.853146
aaaaaknt_s001_t000,sampling_rate,200,naive,1,0.120127,0.483720,0.716750
aaaaakoo_s001_t001,sampling_rate,200,naive,1,7.252012,0.998561,1.896807
aaaaakqg_s001_t001,sampling_rate,200,naive,0,-0.442464,0.357466,3.965864
aaaaakqr_s001_t000,sampling_rate,200,naive,0,-3.997849,0.020224,0.589732
aaaaakrt_s001_t001,sampling_rate,200,naive,1,4.620261,0.983765,0.669067
aaaaakrt_s002_t001,sampling_rate,200,naive,1,6.050018,0.995631,0.537149
aaaaaksb_s001_t000,sampling_rate,200,naive,0,-3.143173,0.043581,1.605495
aaaaaksu_s001_t001,sampling_rate,200,naive,0,-0.971341,0.254191,0.504966
aaaaakxz_s001_t001,sampling_rate,200,naive,1,5.326065,0.991491,0.647290
aaaaakxz_s002_t001,sampling_rate,200,naive,1,6.078499,0.995744,0.711487
aaaaalaf_s001_t000,sampling_rate,200,naive,0,-5.326893,0.005989,2.047517
aaaaalau_s001_t000,sampling_rate,200,naive,1,4.710863,0.985053,8.104555
aaaaalbh_s001_t000,sampling_rate,200,naive,1,3.118304,0.937770,2.598565
aaaaalbt_s001_t001,sampling_rate,200,naive,0,-3.379360,0.035318,0.261577
aaaaalbt_s002_t000,sampling_rate,200,naive,0,-2.829343,0.057442,1.700392
aaaaalbz_s006_t000,sampling_rate,200,naive,1,8.427639,0.999515,16.485645
aaaaalid_s001_t001,sampling_rate,200,naive,0,1.744878,0.808483,1.467139
aaaaaljf_s001_t000,sampling_rate,200,naive,1,1.464369,0.765001,0.402881
aaaaaljj_s001_t000,sampling_rate,200,naive,0,-5.280095,0.006253,1.570943
aaaaallc_s001_t001,sampling_rate,200,naive,0,-2.552807,0.072992,0.291312
aaaaalle_s002_t000,sampling_rate,200,naive,1,-2.390535,0.083842,0.204991
aaaaalox_s001_t001,sampling_rate,200,naive,0,3.722962,0.963486,3.127473
aaaaalpv_s001_t000,sampling_rate,200,naive,0,1.071309,0.693413,3.933682
aaaaalqa_s001_t000,sampling_rate,200,naive,0,-2.382288,0.084430,1.586999
aaaaalqr_s001_t001,sampling_rate,200,naive,1,5.916210,0.995057,9.065453
aaaaalqs_s001_t001,sampling_rate,200,naive,0,-2.168736,0.101036,0.166447
aaaaalqx_s001_t000,sampling_rate,200,naive,0,-5.459617,0.005300,1.778480
aaaaalrc_s002_t000,sampling_rate,200,naive,1,11.875008,0.999980,0.517617
aaaaalsq_s001_t000,sampling_rate,200,naive,0,-1.407771,0.185317,0.295454
aaaaalsx_s001_t000,sampling_rate,200,naive,1,-1.528885,0.168970,0.553092
aaaaalsx_s004_t001,sampling_rate,200,naive,1,2.075683,0.851533,0.083377
aaaaaluz_s001_t001,sampling_rate,200,naive,0,-6.577516,0.001888,0.328143
aaaaalvw_s001_t000,sampling_rate,200,naive,0,-5.909941,0.003498,2.353490
aaaaalvz_s001_t000,sampling_rate,200,naive,1,7.800736,0.999134,0.825134
aaaaalxk_s001_t000,sampling_rate,200,naive,0,-2.021445,0.114123,0.194855
aaaaalyr_s001_t000,sampling_rate,200,naive,1,3.307768,0.947260,0.626795
aaaaalzk_s002_t001,sampling_rate,200,naive,1,8.873076,0.999679,1.928384
aaaaamcb_s001_t001,sampling_rate,200,naive,1,5.520362,0.992883,2.460031
aaaaamfe_s001_t001,sampling_rate,200,naive,0,-2.330646,0.088203,0.606052
aaaaamft_s001_t001,sampling_rate,200,naive,1,5.967734,0.995287,1.768751
aaaaamfu_s001_t000,sampling_rate,200,naive,0,-3.393307,0.034880,0.399400
aaaaamhi_s001_t000,sampling_rate,200,naive,1,4.805529,0.986291,8.528578
aaaaamhk_s001_t000,sampling_rate,200,naive,1,0.166230,0.494393,0.251316
aaaaamjc_s001_t001,sampling_rate,200,naive,1,9.451595,0.999812,0.278209
aaaaammh_s001_t001,sampling_rate,200,naive,1,-0.309672,0.386192,0.598721
aaaaamnq_s001_t000,sampling_rate,200,naive,1,4.925788,0.987718,1.624475
aaaaamnq_s002_t000,sampling_rate,200,naive,1,2.175112,0.862806,0.384170
aaaaamon_s001_t000,sampling_rate,200,naive,0,-2.384714,0.084257,4.056987
aaaaampz_s001_t000,sampling_rate,200,naive,1,4.012404,0.971833,4.937513
aaaaamrj_s001_t000,sampling_rate,200,naive,0,-0.529934,0.339075,0.462614
aaaaamsc_s001_t000,sampling_rate,200,naive,1,2.599620,0.903095,0.209628
aaaaamtb_s001_t000,sampling_rate,200,naive,0,0.688846,0.613435,1.449509
aaaaamuc_s001_t000,sampling_rate,200,naive,0,-4.492989,0.012879,0.237665
aaaaamxn_s001_t000,sampling_rate,200,naive,1,-1.890490,0.126975,0.761169
aaaaamyb_s001_t001,sampling_rate,200,naive,0,0.286898,0.522328,1.144806
aaaaamye_s001_t000,sampling_rate,200,naive,1,12.190174,0.999985,1.428998
aaaaamzi_s001_t001,sampling_rate,200,naive,1,7.510856,0.998868,0.930724
aaaaamzl_s001_t000,sampling_rate,200,naive,0,-0.385430,0.369692,0.971009
aaaaamzx_s001_t000,sampling_rate,200,naive,0,-4.068048,0.018975,0.946952
aaaaanbq_s001_t000,sampling_rate,200,naive,0,-4.553977,0.012180,0.133336
aaaaanek_s001_t000,sampling_rate,200,naive,0,-4.960714,0.008388,0.390314
aaaaangp_s001_t000,sampling_rate,200,naive,0,-1.791498,0.137495,0.287820
aaaaanhb_s001_t003,sampling_rate,200,naive,1,2.936112,0.927160,0.905183
aaaaanhb_s003_t001,sampling_rate,200,naive,1,4.652414,0.984234,0.219656
aaaaanhb_s005_t000,sampling_rate,200,naive,1,9.966776,0.999884,1.348773
aaaaankf_s001_t000,sampling_rate,200,naive,1,2.511149,0.895681,1.365107
aaaaanlp_s001_t000,sampling_rate,200,naive,0,-2.715015,0.063454,1.773663
aaaaanmc_s001_t000,sampling_rate,200,naive,1,4.556807,0.982799,6.064041
aaaaanop_s001_t000,sampling_rate,200,naive,0,0.828722,0.643679,3.432389
aaaaanoz_s001_t000,sampling_rate,200,naive,1,-1.874205,0.128657,0.305594
aaaaanpr_s001_t002,sampling_rate,200,naive,1,0.472569,0.564979,3.018363
aaaaanqe_s001_t000,sampling_rate,200,naive,0,-4.527475,0.012479,0.408720
aaaaanro_s001_t000,sampling_rate,200,naive,1,1.945408,0.835618,4.945265
aaaaansj_s001_t000,sampling_rate,200,naive,1,3.823848,0.966636,1.045453
aaaaanta_s001_t000,sampling_rate,200,naive,1,4.032553,0.972340,7.956648
aaaaanum_s001_t000,sampling_rate,200,naive,0,-1.957334,0.120267,0.227596
aaaaanvb_s002_t000,sampling_rate,200,naive,0,-2.487559,0.077190,0.165483
aaaaanvg_s001_t002,sampling_rate,200,naive,0,-2.257284,0.093825,0.664846
aaaaanvw_s001_t000,sampling_rate,200,naive,0,-4.541958,0.012315,0.486922
aaaaanwc_s001_t001,sampling_rate,200,naive,1,6.331262,0.996630,6.698733
aaaaanxl_s001_t000,sampling_rate,200,naive,1,7.094269,0.998335,13.756124
aaaaanyb_s001_t001,sampling_rate,200,naive,0,-0.889422,0.268846,0.211066
aaaaanyt_s002_t000,sampling_rate,200,naive,1,6.752687,0.997717,10.672640
aaaaanyw_s001_t000,sampling_rate,200,naive,1,2.322860,0.878220,0.126284
aaaaanyw_s002_t000,sampling_rate,200,naive,1,4.299745,0.978274,1.350439
aaaaanzh_s001_t000,sampling_rate,200,naive,1,-1.063795,0.238297,1.848660
aaaaanzu_s001_t003,sampling_rate,200,naive,1,0.101406,0.479390,1.737102
aaaaaoav_s001_t000,sampling_rate,200,naive,0,-1.018556,0.245988,0.441129
aaaaaoav_s002_t000,sampling_rate,200,naive,0,-1.706822,0.147066,0.180576
aaaaaobi_s001_t000,sampling_rate,200,naive,1,0.057936,0.469348,12.947786
aaaaaobl_s001_t000,sampling_rate,200,naive,0,0.211428,0.504862,4.727553
aaaaaoby_s001_t000,sampling_rate,200,naive,0,-1.729983,0.144394,3.742642
aaaaaoda_s001_t000,sampling_rate,200,naive,1,4.353600,0.979309,4.597899
aaaaaoeg_s001_t000,sampling_rate,200,naive,0,-1.764049,0.140539,1.176659
aaaaaofj_s001_t000,sampling_rate,200,naive,0,-1.373785,0.190118,0.214671
aaaaaofr_s001_t000,sampling_rate,200,naive,0,-1.677350,0.150524,1.719168
aaaaaofz_s001_t000,sampling_rate,200,naive,0,-0.941770,0.259420,1.140726
aaaaaohb_s001_t000,sampling_rate,200,naive,1,6.086548,0.995776,0.485598
aaaaaohr_s002_t001,sampling_rate,200,naive,1,0.217874,0.506355,0.090666
aaaaaoiq_s001_t000,sampling_rate,200,naive,1,-1.741418,0.143090,0.052963
aaaaaoiv_s001_t000,sampling_rate,200,naive,1,-2.661561,0.066461,0.114531
aaaaaoiv_s002_t001,sampling_rate,200,naive,1,8.866703,0.999677,2.229994
aaaaaoiv_s003_t003,sampling_rate,200,naive,1,7.034837,0.998241,0.220919
aaaaaojd_s001_t002,sampling_rate,200,naive,0,-1.769330,0.139949,0.474936
aaaaaokg_s001_t000,sampling_rate,200,naive,0,4.199729,0.976214,7.427816
aaaaaoly_s001_t000,sampling_rate,200,naive,0,-0.614868,0.321669,9.678337
aaaaaome_s001_t000,sampling_rate,200,naive,0,-3.306009,0.037708,4.577147
aaaaaomx_s001_t000,sampling_rate,200,naive,0,0.331837,0.532705,7.406794
aaaaaomy_s001_t000,sampling_rate,200,naive,1,5.174524,0.990221,4.421432
aaaaaonb_s001_t000,sampling_rate,200,naive,0,1.669805,0.797482,4.212503
aaaaaons_s002_t002,sampling_rate,200,naive,1,4.557359,0.982807,0.412318
aaaaaopd_s001_t000,sampling_rate,200,naive,0,2.945065,0.927718,0.839982
aaaaaopo_s001_t000,sampling_rate,200,naive,0,-4.280840,0.015633,0.443839
aaaaaora_s002_t000,sampling_rate,200,naive,1,-1.135502,0.226448,1.787494
aaaaaord_s001_t000,sampling_rate,200,naive,1,-0.854482,0.275257,0.158593
aaaaaosh_s001_t000,sampling_rate,200,naive,1,-1.614334,0.158143,0.349865
aaaaaosw_s001_t000,sampling_rate,200,naive,0,2.282822,0.874197,5.547897
aaaaaote_s001_t000,sampling_rate,200,naive,0,-3.209081,0.041105,1.077248
aaaaaout_s001_t000,sampling_rate,200,naive,1,-0.560516,0.332754,2.129706
aaaaaovl_s001_t000,sampling_rate,200,naive,1,5.791476,0.994455,0.063079
aaaaaovo_s001_t000,sampling_rate,200,naive,1,9.742957,0.999857,0.238215
aaaaaowb_s001_t000,sampling_rate,200,naive,0,0.282192,0.521240,1.132915
aaaaaoxf_s001_t000,sampling_rate,200,naive,0,-3.443933,0.033335,0.076509
aaaaaozf_s001_t001,sampling_rate,200,naive,0,-1.197038,0.216617,5.222417
aaaaapag_s001_t000,sampling_rate,200,naive,0,-4.181966,0.017107,5.810208
aaaaapar_s001_t000,sampling_rate,200,naive,1,12.399814,0.999988,0.153946
aaaaapcb_s001_t000,sampling_rate,200,naive,0,2.132276,0.858040,0.313157
aaaaapcy_s001_t002,sampling_rate,200,naive,0,-4.530492,0.012445,0.229706
aaaaapdg_s001_t000,sampling_rate,200,naive,0,-3.557670,0.030102,0.220155
aaaaaphs_s001_t000,sampling_rate,200,naive,1,2.784765,0.917104,3.925168
aaaaaphw_s001_t000,sampling_rate,200,naive,0,0.062982,0.470513,2.310884
aaaaapij_s001_t000,sampling_rate,200,naive,0,-1.934298,0.122544,4.058621
aaaaapjc_s001_t001,sampling_rate,200,naive,0,-6.113597,0.002898,0.870579
aaaaapka_s001_t000,sampling_rate,200,naive,0,-2.095927,0.107330,0.577383
aaaaapkx_s001_t001,sampling_rate,200,naive,1,-2.714984,0.063455,7.568369
aaaaaply_s001_t001,sampling_rate,200,naive,1,1.107173,0.700432,1.712070
aaaaapmb_s002_t001,sampling_rate,200,naive,1,8.272222,0.999440,0.552078
aaaaapmp_s001_t000,sampling_rate,200,naive,1,-2.167703,0.101123,0.834353
aaaaapnr_s001_t000,sampling_rate,200,naive,1,-0.196381,0.411351,1.739346
aaaaapoc_s001_t000,sampling_rate,200,naive,1,2.296733,0.875608,3.742689
aaaaapof_s001_t000,sampling_rate,200,naive,0,-2.794497,0.059216,1.564845
aaaaapoo_s001_t000,sampling_rate,200,naive,0,-3.503343,0.031607,0.517819
aaaaapoq_s001_t000,sampling_rate,200,naive,0,-0.034071,0.448186,0.492054
aaaaappb_s001_t000,sampling_rate,200,naive,0,-0.857868,0.274631,0.910053
aaaaapqd_s001_t000,sampling_rate,200,naive,1,2.393480,0.885047,4.406057
aaaaapqv_s001_t000,sampling_rate,200,naive,0,-2.212048,0.097449,3.194314
aaaaapta_s001_t000,sampling_rate,200,naive,1,4.826305,0.986548,3.165433
aaaaapth_s001_t000,sampling_rate,200,naive,1,2.705327,0.911334,2.534050
aaaaapua_s001_t001,sampling_rate,200,naive,0,-5.485372,0.005176,0.168094
aaaaapuu_s001_t000,sampling_rate,200,naive,0,-2.882122,0.054851,0.329915
aaaaapvw_s001_t001,sampling_rate,200,naive,1,1.868052,0.825535,0.854803
aaaaapvy_s001_t000,sampling_rate,200,naive,1,4.626657,0.983859,13.671246
aaaaapwn_s001_t001,sampling_rate,200,naive,0,-3.163084,0.042818,2.107022
aaaaapwo_s001_t001,sampling_rate,200,naive,1,6.193553,0.996173,0.585109
aaaaapxm_s001_t001,sampling_rate,200,naive,0,-4.116909,0.018150,0.336526
aaaaapys_s001_t001,sampling_rate,200,naive,1,12.191010,0.999985,0.162095
aaaaapys_s002_t001,sampling_rate,200,naive,1,7.592034,0.998950,5.587466
aaaaaayx_s002_t000,sampling_rate,250,canonicalized,0,-0.022554,0.450826,1.652800
aaaaabdo_s003_t000,sampling_rate,250,canonicalized,1,7.926970,0.999230,1.869571
aaaaabsk_s007_t000,sampling_rate,250,canonicalized,1,1.572000,0.782452,1.103525
aaaaabuv_s002_t000,sampling_rate,250,canonicalized,1,2.921728,0.926255,1.343185
aaaaacad_s003_t000,sampling_rate,250,canonicalized,0,0.364790,0.540297,0.544353
aaaaacby_s004_t000,sampling_rate,250,canonicalized,0,-0.231377,0.403523,0.264911
aaaaaddm_s006_t000,sampling_rate,250,canonicalized,1,3.462128,0.953964,4.678437
aaaaadeu_s002_t000,sampling_rate,250,canonicalized,1,2.696893,0.910701,1.185424
aaaaadjk_s002_t000,sampling_rate,250,canonicalized,0,-2.343582,0.087244,0.319146
aaaaadkb_s002_t000,sampling_rate,250,canonicalized,1,6.977986,0.998146,6.767433
aaaaadsm_s002_t001,sampling_rate,250,canonicalized,0,-2.154504,0.102240,0.951861
aaaaaeab_s003_t000,sampling_rate,250,canonicalized,0,-0.487356,0.347971,0.443799
aaaaaejc_s003_t001,sampling_rate,250,canonicalized,0,2.912425,0.925664,0.829726
aaaaaezn_s003_t001,sampling_rate,250,canonicalized,1,1.065983,0.692363,6.667205
aaaaafhl_s003_t000,sampling_rate,250,canonicalized,1,2.953397,0.928234,0.265944
aaaaagfk_s003_t000,sampling_rate,250,canonicalized,0,-1.155759,0.223177,1.235375
aaaaagsc_s003_t001,sampling_rate,250,canonicalized,1,4.641177,0.984072,5.928843
aaaaagsc_s006_t001,sampling_rate,250,canonicalized,1,1.088106,0.696712,1.341046
aaaaaguk_s002_t001,sampling_rate,250,canonicalized,0,-3.795074,0.024303,0.390571
aaaaagvx_s002_t000,sampling_rate,250,canonicalized,1,0.562857,0.585416,0.775320
aaaaagvx_s003_t001,sampling_rate,250,canonicalized,1,1.906075,0.830550,0.693810
aaaaagyr_s002_t000,sampling_rate,250,canonicalized,1,-0.564502,0.331935,0.705318
aaaaahie_s005_t001,sampling_rate,250,canonicalized,1,7.723832,0.999070,1.990954
aaaaahsv_s002_t000,sampling_rate,250,canonicalized,0,-0.675144,0.309607,2.527478
aaaaahte_s002_t000,sampling_rate,250,canonicalized,1,8.945913,0.999700,3.685500
aaaaahte_s003_t000,sampling_rate,250,canonicalized,1,9.469057,0.999815,0.419798
aaaaahuy_s002_t000,sampling_rate,250,canonicalized,1,-1.476531,0.175891,0.059438
aaaaahzi_s001_t000,sampling_rate,250,canonicalized,0,-0.860523,0.274142,0.709215
aaaaahzm_s001_t001,sampling_rate,250,canonicalized,0,-1.094328,0.233200,1.348710
aaaaahzq_s001_t000,sampling_rate,250,canonicalized,0,-3.628360,0.028247,0.060906
aaaaahzs_s001_t001,sampling_rate,250,canonicalized,0,-1.053145,0.240092,1.692696
aaaaaiae_s001_t000,sampling_rate,250,canonicalized,0,0.877159,0.653905,1.808168
aaaaaibx_s001_t000,sampling_rate,250,canonicalized,0,0.154223,0.491613,0.225827
aaaaaiby_s001_t000,sampling_rate,250,canonicalized,0,-1.221003,0.212873,1.148603
aaaaaici_s001_t000,sampling_rate,250,canonicalized,0,-2.137281,0.103714,4.614426
aaaaaicn_s001_t000,sampling_rate,250,canonicalized,0,0.737780,0.624129,2.042876
aaaaaijh_s002_t000,sampling_rate,250,canonicalized,1,-2.881360,0.054888,0.414732
aaaaaijn_s001_t001,sampling_rate,250,canonicalized,0,-0.254196,0.398445,0.626858
aaaaairb_s001_t001,sampling_rate,250,canonicalized,0,-0.382943,0.370229,0.813401
aaaaairo_s001_t000,sampling_rate,250,canonicalized,0,-2.655239,0.066825,1.296635
aaaaaitt_s001_t000,sampling_rate,250,canonicalized,0,-3.335795,0.036719,3.772701
aaaaaiue_s004_t000,sampling_rate,250,canonicalized,1,0.265033,0.517272,3.827692
aaaaaiuo_s002_t000,sampling_rate,250,canonicalized,0,3.017104,0.932068,0.823270
aaaaaiwz_s001_t001,sampling_rate,250,canonicalized,0,-1.711521,0.146520,0.824778
aaaaaiyy_s001_t001,sampling_rate,250,canonicalized,0,-3.160882,0.042902,0.224463
aaaaaizd_s001_t001,sampling_rate,250,canonicalized,0,-0.038547,0.447160,2.591040
aaaaaizs_s001_t000,sampling_rate,250,canonicalized,0,1.177731,0.713966,1.102915
aaaaajae_s001_t001,sampling_rate,250,canonicalized,0,5.349483,0.991673,3.849591
aaaaajah_s002_t001,sampling_rate,250,canonicalized,1,0.545773,0.581569,1.083018
aaaaajah_s004_t000,sampling_rate,250,canonicalized,1,-0.851958,0.275724,2.539179
aaaaajal_s001_t001,sampling_rate,250,canonicalized,0,-3.200549,0.041418,0.336014
aaaaajam_s001_t000,sampling_rate,250,canonicalized,1,-0.935311,0.260571,0.334218
aaaaajar_s001_t001,sampling_rate,250,canonicalized,0,-0.837634,0.278382,0.134036
aaaaajbb_s001_t000,sampling_rate,250,canonicalized,0,1.958593,0.837289,0.569023
aaaaajbh_s002_t000,sampling_rate,250,canonicalized,0,-4.378036,0.014306,0.262662
aaaaajce_s001_t000,sampling_rate,250,canonicalized,0,-0.978229,0.252983,0.158936
aaaaajci_s001_t000,sampling_rate,250,canonicalized,0,-3.058376,0.046976,1.473388
aaaaajck_s001_t000,sampling_rate,250,canonicalized,0,-3.919496,0.021714,0.051433
aaaaajct_s001_t000,sampling_rate,250,canonicalized,0,1.575402,0.782988,3.659361
aaaaajcu_s001_t000,sampling_rate,250,canonicalized,0,0.721322,0.620545,0.696827
aaaaajda_s001_t000,sampling_rate,250,canonicalized,0,-3.757337,0.025146,0.458023
aaaaajdb_s001_t000,sampling_rate,250,canonicalized,0,-1.574822,0.163078,3.451235
aaaaajdv_s001_t000,sampling_rate,250,canonicalized,0,2.786038,0.917194,5.046248
aaaaajdy_s001_t000,sampling_rate,250,canonicalized,0,-2.641004,0.067653,0.914217
aaaaajdz_s001_t000,sampling_rate,250,canonicalized,0,-1.417641,0.183940,0.408753
aaaaajea_s001_t000,sampling_rate,250,canonicalized,0,2.400239,0.885682,2.927727
aaaaajen_s001_t000,sampling_rate,250,canonicalized,0,-1.951801,0.120811,1.794978
aaaaajey_s001_t000,sampling_rate,250,canonicalized,0,-0.493557,0.346668,0.469443
aaaaajfb_s001_t000,sampling_rate,250,canonicalized,0,-3.418477,0.034104,1.822105
aaaaajfe_s001_t000,sampling_rate,250,canonicalized,0,-1.578438,0.162621,0.407285
aaaaajff_s001_t000,sampling_rate,250,canonicalized,0,-3.734810,0.025662,0.621854
aaaaajfi_s001_t001,sampling_rate,250,canonicalized,0,-1.184872,0.218536,0.248563
aaaaajfn_s001_t001,sampling_rate,250,canonicalized,0,-2.656633,0.066745,1.145278
aaaaajfy_s001_t000,sampling_rate,250,canonicalized,0,-4.200339,0.016823,0.195867
aaaaajga_s001_t001,sampling_rate,250,canonicalized,0,0.582520,0.589830,5.425110
aaaaajhy_s001_t000,sampling_rate,250,canonicalized,0,-2.985537,0.050091,3.473307
aaaaajit_s001_t001,sampling_rate,250,canonicalized,0,-3.364139,0.035802,0.587679
aaaaajiu_s001_t000,sampling_rate,250,canonicalized,0,1.694138,0.801099,5.765084
aaaaajiy_s001_t001,sampling_rate,250,canonicalized,0,-0.448515,0.356179,1.425773
aaaaajiz_s001_t000,sampling_rate,250,canonicalized,0,-1.251130,0.208234,1.062396
aaaaajjb_s001_t001,sampling_rate,250,canonicalized,0,1.957567,0.837159,4.562608
aaaaajje_s001_t000,sampling_rate,250,canonicalized,0,-2.063683,0.110226,5.481170
aaaaajjk_s001_t000,sampling_rate,250,canonicalized,0,-2.311266,0.089658,0.341236
aaaaajna_s001_t000,sampling_rate,250,canonicalized,0,-1.450173,0.179459,1.833338
aaaaajnu_s001_t000,sampling_rate,250,canonicalized,0,-2.565613,0.072194,4.514059
aaaaajon_s001_t000,sampling_rate,250,canonicalized,0,-0.856419,0.274899,0.341431
aaaaajoo_s002_t001,sampling_rate,250,canonicalized,1,-0.030309,0.449048,2.520011
aaaaajpg_s001_t001,sampling_rate,250,canonicalized,0,-2.260635,0.093561,0.541869
aaaaajqh_s004_t000,sampling_rate,250,canonicalized,1,9.002352,0.999715,5.989583
aaaaajqk_s003_t001,sampling_rate,250,canonicalized,1,4.988813,0.988407,0.783429
aaaaajrf_s001_t000,sampling_rate,250,canonicalized,1,6.850991,0.997915,2.093751
aaaaajrf_s002_t000,sampling_rate,250,canonicalized,1,11.602089,0.999974,5.125755
aaaaajrf_s003_t002,sampling_rate,250,canonicalized,1,10.360484,0.999919,2.075467
aaaaajrf_s004_t000,sampling_rate,250,canonicalized,1,3.125529,0.938159,0.375704
aaaaajso_s001_t000,sampling_rate,250,canonicalized,1,8.767158,0.999646,5.771150
aaaaajtg_s001_t000,sampling_rate,250,canonicalized,0,-0.183729,0.414192,2.740711
aaaaajtu_s001_t000,sampling_rate,250,canonicalized,0,-0.273634,0.394136,1.720723
aaaaajuh_s001_t000,sampling_rate,250,canonicalized,1,7.605799,0.998963,4.506998
aaaaajun_s001_t000,sampling_rate,250,canonicalized,0,4.565491,0.982934,1.298545
aaaaajvh_s001_t001,sampling_rate,250,canonicalized,0,-2.210674,0.097561,0.373441
aaaaajxp_s001_t000,sampling_rate,250,canonicalized,0,0.774751,0.632130,1.546636
aaaaakck_s001_t001,sampling_rate,250,canonicalized,1,1.799165,0.816151,0.109180
aaaaakcx_s001_t001,sampling_rate,250,canonicalized,1,9.800092,0.999864,1.631602
aaaaakcy_s005_t001,sampling_rate,250,canonicalized,1,8.816933,0.999662,0.443684
aaaaakdj_s001_t000,sampling_rate,250,canonicalized,1,0.485921,0.568017,0.717272
aaaaakdo_s001_t000,sampling_rate,250,canonicalized,1,0.469897,0.564371,2.702775
aaaaakeq_s001_t000,sampling_rate,250,canonicalized,1,1.959801,0.837441,1.081401
aaaaakeq_s002_t000,sampling_rate,250,canonicalized,1,2.324878,0.878420,5.149065
aaaaakeq_s003_t000,sampling_rate,250,canonicalized,1,3.926552,0.969572,2.351763
aaaaakev_s001_t001,sampling_rate,250,canonicalized,1,9.227114,0.999769,4.698120
aaaaakev_s002_t000,sampling_rate,250,canonicalized,1,8.999028,0.999715,5.370451
aaaaakft_s001_t000,sampling_rate,250,canonicalized,0,-2.848992,0.056465,0.995986
aaaaakgp_s001_t001,sampling_rate,250,canonicalized,0,0.777216,0.632661,1.786987
aaaaakgu_s001_t000,sampling_rate,250,canonicalized,1,-1.845834,0.131633,0.209388
aaaaakjk_s002_t002,sampling_rate,250,canonicalized,1,2.196769,0.865164,7.672108
aaaaakjk_s003_t000,sampling_rate,250,canonicalized,1,2.433522,0.888767,0.640946
aaaaakka_s001_t001,sampling_rate,250,canonicalized,0,-1.147659,0.224481,1.129812
aaaaakmg_s003_t001,sampling_rate,250,canonicalized,1,8.235785,0.999421,1.173804
aaaaakmh_s001_t000,sampling_rate,250,canonicalized,1,1.327351,0.741417,4.195727
aaaaaknt_s001_t000,sampling_rate,250,canonicalized,1,3.683660,0.962184,0.713802
aaaaakoo_s001_t001,sampling_rate,250,canonicalized,1,8.799171,0.999656,0.767317
aaaaakqg_s001_t001,sampling_rate,250,canonicalized,0,-1.243130,0.209458,1.262333
aaaaakqr_s001_t000,sampling_rate,250,canonicalized,0,-2.839344,0.056943,0.329007
aaaaakrt_s001_t001,sampling_rate,250,canonicalized,1,6.962137,0.998119,0.394993
aaaaakrt_s002_t001,sampling_rate,250,canonicalized,1,7.542199,0.998900,0.516150
aaaaaksb_s001_t000,sampling_rate,250,canonicalized,0,-2.306133,0.090047,0.293243
aaaaaksu_s001_t001,sampling_rate,250,canonicalized,0,0.890360,0.656667,0.554019
aaaaakxz_s001_t001,sampling_rate,250,canonicalized,1,4.139227,0.974877,1.020011
aaaaakxz_s002_t001,sampling_rate,250,canonicalized,1,4.494084,0.981788,0.343841
aaaaalaf_s001_t000,sampling_rate,250,canonicalized,0,-2.249810,0.094415,0.541912
aaaaalau_s001_t000,sampling_rate,250,canonicalized,1,5.512606,0.992832,4.992144
aaaaalbh_s001_t000,sampling_rate,250,canonicalized,1,2.349873,0.880872,2.229428
aaaaalbt_s001_t001,sampling_rate,250,canonicalized,0,-0.672315,0.310168,0.461908
aaaaalbt_s002_t000,sampling_rate,250,canonicalized,0,-0.866219,0.273093,0.815229
aaaaalbz_s006_t000,sampling_rate,250,canonicalized,1,7.629519,0.998985,17.657812
aaaaalid_s001_t001,sampling_rate,250,canonicalized,0,1.448144,0.762288,0.801954
aaaaaljf_s001_t000,sampling_rate,250,canonicalized,1,5.420403,0.992198,1.764884
aaaaaljj_s001_t000,sampling_rate,250,canonicalized,0,-2.679672,0.065428,0.898377
aaaaallc_s001_t001,sampling_rate,250,canonicalized,0,0.132168,0.486507,0.618265
aaaaalle_s002_t000,sampling_rate,250,canonicalized,1,1.192431,0.716739,1.480795
aaaaalox_s001_t001,sampling_rate,250,canonicalized,0,4.683436,0.984674,2.384210
aaaaalpv_s001_t000,sampling_rate,250,canonicalized,0,-0.026437,0.449935,2.740002
aaaaalqa_s001_t000,sampling_rate,250,canonicalized,0,-0.546093,0.335728,0.833122
aaaaalqr_s001_t001,sampling_rate,250,canonicalized,1,0.830847,0.644131,0.376276
aaaaalqs_s001_t001,sampling_rate,250,canonicalized,0,-2.135240,0.103890,0.469845
aaaaalqx_s001_t000,sampling_rate,250,canonicalized,0,-3.573323,0.029681,0.251280
aaaaalrc_s002_t000,sampling_rate,250,canonicalized,1,12.817328,0.999992,0.106460
aaaaalsq_s001_t000,sampling_rate,250,canonicalized,0,0.994438,0.678068,0.669368
aaaaalsx_s001_t000,sampling_rate,250,canonicalized,1,0.231382,0.509483,1.230081
aaaaalsx_s004_t001,sampling_rate,250,canonicalized,1,0.702473,0.616425,0.189300
aaaaaluz_s001_t001,sampling_rate,250,canonicalized,0,-3.496494,0.031801,0.256540
aaaaalvw_s001_t000,sampling_rate,250,canonicalized,0,-3.630843,0.028184,0.512881
aaaaalvz_s001_t000,sampling_rate,250,canonicalized,1,9.590626,0.999835,1.822764
aaaaalxk_s001_t000,sampling_rate,250,canonicalized,0,-0.018037,0.451862,0.556704
aaaaalyr_s001_t000,sampling_rate,250,canonicalized,1,1.687088,0.800056,0.566342
aaaaalzk_s002_t001,sampling_rate,250,canonicalized,1,9.931049,0.999880,3.710876
aaaaamcb_s001_t001,sampling_rate,250,canonicalized,1,8.348974,0.999479,2.637121
aaaaamfe_s001_t001,sampling_rate,250,canonicalized,0,0.204914,0.503354,0.102789
aaaaamft_s001_t001,sampling_rate,250,canonicalized,1,1.486991,0.768748,0.220940
aaaaamfu_s001_t000,sampling_rate,250,canonicalized,0,-2.037087,0.112666,0.133188
aaaaamhi_s001_t000,sampling_rate,250,canonicalized,1,5.423843,0.992223,6.743644
aaaaamhk_s001_t000,sampling_rate,250,canonicalized,1,5.356024,0.991722,0.537674
aaaaamjc_s001_t001,sampling_rate,250,canonicalized,1,8.611883,0.999591,0.592790
aaaaammh_s001_t001,sampling_rate,250,canonicalized,1,2.918511,0.926051,0.377693
aaaaamnq_s001_t000,sampling_rate,250,canonicalized,1,7.659806,0.999013,3.155356
aaaaamnq_s002_t000,sampling_rate,250,canonicalized,1,5.671903,0.993810,0.417244
aaaaamon_s001_t000,sampling_rate,250,canonicalized,0,-0.163585,0.418728,2.901719
aaaaampz_s001_t000,sampling_rate,250,canonicalized,1,1.237694,0.725176,3.267190
aaaaamrj_s001_t000,sampling_rate,250,canonicalized,0,1.704260,0.802589,0.557868
aaaaamsc_s001_t000,sampling_rate,250,canonicalized,1,6.416794,0.996886,0.207716
aaaaamtb_s001_t000,sampling_rate,250,canonicalized,0,2.961625,0.928740,0.823095
aaaaamuc_s001_t000,sampling_rate,250,canonicalized,0,-1.972526,0.118786,0.172072
aaaaamxn_s001_t000,sampling_rate,250,canonicalized,1,0.281163,0.521002,0.580952
aaaaamyb_s001_t001,sampling_rate,250,canonicalized,0,0.002141,0.456497,1.345558
aaaaamye_s001_t000,sampling_rate,250,canonicalized,1,10.404281,0.999922,0.826751
aaaaamzi_s001_t001,sampling_rate,250,canonicalized,1,6.343047,0.996666,1.104032
aaaaamzl_s001_t000,sampling_rate,250,canonicalized,0,-2.155313,0.102171,0.579614
aaaaamzx_s001_t000,sampling_rate,250,canonicalized,0,-2.699714,0.064301,2.267225
aaaaanbq_s001_t000,sampling_rate,250,canonicalized,0,-1.091176,0.233723,0.289263
aaaaanek_s001_t000,sampling_rate,250,canonicalized,0,-2.809486,0.058447,0.111515
aaaaangp_s001_t000,sampling_rate,250,canonicalized,0,0.129032,0.485781,0.531621
aaaaanhb_s001_t003,sampling_rate,250,canonicalized,1,2.881387,0.923661,1.575269
aaaaanhb_s003_t001,sampling_rate,250,canonicalized,1,5.259569,0.990956,0.579852
aaaaanhb_s005_t000,sampling_rate,250,canonicalized,1,9.094950,0.999739,0.832848
aaaaankf_s001_t000,sampling_rate,250,canonicalized,1,4.493314,0.981776,2.131465
aaaaanlp_s001_t000,sampling_rate,250,canonicalized,0,-1.272280,0.205021,0.276767
aaaaanmc_s001_t000,sampling_rate,250,canonicalized,1,8.585052,0.999581,3.350047
aaaaanop_s001_t000,sampling_rate,250,canonicalized,0,1.149191,0.708536,2.558986
aaaaanoz_s001_t000,sampling_rate,250,canonicalized,1,0.321017,0.530209,0.651194
aaaaanpr_s001_t002,sampling_rate,250,canonicalized,1,5.412543,0.992141,7.235799
aaaaanqe_s001_t000,sampling_rate,250,canonicalized,0,-2.932075,0.052501,0.636279
aaaaanro_s001_t000,sampling_rate,250,canonicalized,1,3.455228,0.953683,1.694504
aaaaansj_s001_t000,sampling_rate,250,canonicalized,1,5.344670,0.991636,3.521293
aaaaanta_s001_t000,sampling_rate,250,canonicalized,1,6.246306,0.996355,8.311026
aaaaanum_s001_t000,sampling_rate,250,canonicalized,0,-0.037411,0.447420,1.307668
aaaaanvb_s002_t000,sampling_rate,250,canonicalized,0,-1.344901,0.194272,0.187400
aaaaanvg_s001_t002,sampling_rate,250,canonicalized,0,2.471051,0.892159,1.063397
aaaaanvw_s001_t000,sampling_rate,250,canonicalized,0,-2.888341,0.054553,0.777490
aaaaanwc_s001_t001,sampling_rate,250,canonicalized,1,6.941011,0.998082,15.114196
aaaaanxl_s001_t000,sampling_rate,250,canonicalized,1,6.484978,0.997076,12.812692
aaaaanyb_s001_t001,sampling_rate,250,canonicalized,0,1.117489,0.702433,0.844835
aaaaanyt_s002_t000,sampling_rate,250,canonicalized,1,6.009018,0.995463,2.511156
aaaaanyw_s001_t000,sampling_rate,250,canonicalized,1,2.588426,0.902184,0.186786
aaaaanyw_s002_t000,sampling_rate,250,canonicalized,1,4.315338,0.978579,1.656269
aaaaanzh_s001_t000,sampling_rate,250,canonicalized,1,-0.695445,0.305601,3.082682
aaaaanzu_s001_t003,sampling_rate,250,canonicalized,1,2.108388,0.855323,3.455170
aaaaaoav_s001_t000,sampling_rate,250,canonicalized,0,-2.813856,0.058224,0.293902
aaaaaoav_s002_t000,sampling_rate,250,canonicalized,0,-1.600249,0.159888,0.449946
aaaaaobi_s001_t000,sampling_rate,250,canonicalized,1,-0.498128,0.345710,10.684360
aaaaaobl_s001_t000,sampling_rate,250,canonicalized,0,-0.260180,0.397117,2.019586
aaaaaoby_s001_t000,sampling_rate,250,canonicalized,0,-0.061288,0.441958,4.833378
aaaaaoda_s001_t000,sampling_rate,250,canonicalized,1,8.218967,0.999412,8.702627
aaaaaoeg_s001_t000,sampling_rate,250,canonicalized,0,1.660030,0.796015,0.786430
aaaaaofj_s001_t000,sampling_rate,250,canonicalized,0,-2.474169,0.078078,0.439454
aaaaaofr_s001_t000,sampling_rate,250,canonicalized,0,3.140482,0.938958,1.407310
aaaaaofz_s001_t000,sampling_rate,250,canonicalized,0,0.151136,0.490898,0.989103
aaaaaohb_s001_t000,sampling_rate,250,canonicalized,1,2.647558,0.906913,0.360260
aaaaaohr_s002_t001,sampling_rate,250,canonicalized,1,6.380638,0.996780,0.444400
aaaaaoiq_s001_t000,sampling_rate,250,canonicalized,1,2.112383,0.855781,0.354389
aaaaaoiv_s001_t000,sampling_rate,250,canonicalized,1,0.839063,0.645874,0.116959
aaaaaoiv_s002_t001,sampling_rate,250,canonicalized,1,9.136087,0.999749,1.192082
aaaaaoiv_s003_t003,sampling_rate,250,canonicalized,1,6.769082,0.997751,0.069594
aaaaaojd_s001_t002,sampling_rate,250,canonicalized,0,0.267063,0.517741,2.108229
aaaaaokg_s001_t000,sampling_rate,250,canonicalized,0,4.595971,0.983402,3.046425
aaaaaoly_s001_t000,sampling_rate,250,canonicalized,0,-0.776629,0.289877,6.702924
aaaaaome_s001_t000,sampling_rate,250,canonicalized,0,-1.087302,0.234366,2.231485
aaaaaomx_s001_t000,sampling_rate,250,canonicalized,0,-0.131588,0.425960,0.776193
aaaaaomy_s001_t000,sampling_rate,250,canonicalized,1,4.442165,0.980908,5.576884
aaaaaonb_s001_t000,sampling_rate,250,canonicalized,0,1.089848,0.697053,2.026449
aaaaaons_s002_t002,sampling_rate,250,canonicalized,1,7.404539,0.998751,0.387846
aaaaaopd_s001_t000,sampling_rate,250,canonicalized,0,-0.578515,0.329062,2.407168
aaaaaopo_s001_t000,sampling_rate,250,canonicalized,0,-1.938427,0.122133,0.108137
aaaaaora_s002_t000,sampling_rate,250,canonicalized,1,2.270927,0.872980,0.543607
aaaaaord_s001_t000,sampling_rate,250,canonicalized,1,2.105458,0.854987,0.541965
aaaaaosh_s001_t000,sampling_rate,250,canonicalized,1,1.495371,0.770125,1.336208
aaaaaosw_s001_t000,sampling_rate,250,canonicalized,0,1.330159,0.741916,4.002450
aaaaaote_s001_t000,sampling_rate,250,canonicalized,0,-1.072176,0.236890,0.979363
aaaaaout_s001_t000,sampling_rate,250,canonicalized,1,2.826006,0.919963,2.511462
aaaaaovl_s001_t000,sampling_rate,250,canonicalized,1,4.270994,0.977700,0.104067
aaaaaovo_s001_t000,sampling_rate,250,canonicalized,1,8.510006,0.999551,0.175311
aaaaaowb_s001_t000,sampling_rate,250,canonicalized,0,0.218996,0.506615,0.998004
aaaaaoxf_s001_t000,sampling_rate,250,canonicalized,0,-1.473390,0.176313,0.606409
aaaaaozf_s001_t001,sampling_rate,250,canonicalized,0,-0.263847,0.396303,1.554760
aaaaapag_s001_t000,sampling_rate,250,canonicalized,0,-2.310204,0.089738,2.336686
aaaaapar_s001_t000,sampling_rate,250,canonicalized,1,12.150313,0.999985,0.287349
aaaaapcb_s001_t000,sampling_rate,250,canonicalized,0,3.171392,0.940579,0.209626
aaaaapcy_s001_t002,sampling_rate,250,canonicalized,0,-3.066951,0.046621,0.353745
aaaaapdg_s001_t000,sampling_rate,250,canonicalized,0,-1.167970,0.221222,0.095475
aaaaaphs_s001_t000,sampling_rate,250,canonicalized,1,3.319694,0.947809,3.761623
aaaaaphw_s001_t000,sampling_rate,250,canonicalized,0,1.795957,0.815704,0.632847
aaaaapij_s001_t000,sampling_rate,250,canonicalized,0,0.370371,0.541581,1.115162
aaaaapjc_s001_t001,sampling_rate,250,canonicalized,0,-4.549000,0.012236,0.228823
aaaaapka_s001_t000,sampling_rate,250,canonicalized,0,-1.019442,0.245835,0.449441
aaaaapkx_s001_t001,sampling_rate,250,canonicalized,1,-1.870067,0.129088,3.334018
aaaaaply_s001_t001,sampling_rate,250,canonicalized,1,3.828556,0.966776,3.421045
aaaaapmb_s002_t001,sampling_rate,250,canonicalized,1,6.932059,0.998066,0.861444
aaaaapmp_s001_t000,sampling_rate,250,canonicalized,1,-0.544311,0.336096,1.899450
aaaaapnr_s001_t000,sampling_rate,250,canonicalized,1,-1.759301,0.141071,1.991794
aaaaapoc_s001_t000,sampling_rate,250,canonicalized,1,4.954304,0.988035,5.377734
aaaaapof_s001_t000,sampling_rate,250,canonicalized,0,-3.427652,0.033825,0.161465
aaaaapoo_s001_t000,sampling_rate,250,canonicalized,0,-3.067820,0.046585,1.558462
aaaaapoq_s001_t000,sampling_rate,250,canonicalized,0,1.177905,0.713999,2.101599
aaaaappb_s001_t000,sampling_rate,250,canonicalized,0,0.311460,0.528003,3.466488
aaaaapqd_s001_t000,sampling_rate,250,canonicalized,1,1.284848,0.733796,3.047111
aaaaapqv_s001_t000,sampling_rate,250,canonicalized,0,-3.156170,0.043082,2.169340
aaaaapta_s001_t000,sampling_rate,250,canonicalized,1,6.243790,0.996347,1.599029
aaaaapth_s001_t000,sampling_rate,250,canonicalized,1,2.745470,0.914294,6.330796
aaaaapua_s001_t001,sampling_rate,250,canonicalized,0,-3.692362,0.026664,0.443427
aaaaapuu_s001_t000,sampling_rate,250,canonicalized,0,-2.095899,0.107333,1.807532
aaaaapvw_s001_t001,sampling_rate,250,canonicalized,1,5.376163,0.991874,3.253197
aaaaapvy_s001_t000,sampling_rate,250,canonicalized,1,4.152763,0.975183,9.192408
aaaaapwn_s001_t001,sampling_rate,250,canonicalized,0,-1.264943,0.206132,1.691417
aaaaapwo_s001_t001,sampling_rate,250,canonicalized,1,8.856062,0.999674,0.652752
aaaaapxm_s001_t001,sampling_rate,250,canonicalized,0,-1.801472,0.136403,0.509571
aaaaapys_s001_t001,sampling_rate,250,canonicalized,1,12.608388,0.999990,0.183696
aaaaapys_s002_t001,sampling_rate,250,canonicalized,1,9.332264,0.999790,5.928578
aaaaaayx_s002_t000,sampling_rate,250,naive,0,-0.022554,0.450826,1.652800
aaaaabdo_s003_t000,sampling_rate,250,naive,1,7.926970,0.999230,1.869571
aaaaabsk_s007_t000,sampling_rate,250,naive,1,1.572000,0.782452,1.103525
aaaaabuv_s002_t000,sampling_rate,250,naive,1,2.921728,0.926255,1.343185
aaaaacad_s003_t000,sampling_rate,250,naive,0,0.364790,0.540297,0.544353
aaaaacby_s004_t000,sampling_rate,250,naive,0,-0.231377,0.403523,0.264911
aaaaaddm_s006_t000,sampling_rate,250,naive,1,3.462128,0.953964,4.678437
aaaaadeu_s002_t000,sampling_rate,250,naive,1,2.696893,0.910701,1.185424
aaaaadjk_s002_t000,sampling_rate,250,naive,0,-2.343582,0.087244,0.319146
aaaaadkb_s002_t000,sampling_rate,250,naive,1,6.977986,0.998146,6.767433
aaaaadsm_s002_t001,sampling_rate,250,naive,0,-2.154504,0.102240,0.951861
aaaaaeab_s003_t000,sampling_rate,250,naive,0,-0.487356,0.347971,0.443799
aaaaaejc_s003_t001,sampling_rate,250,naive,0,2.912425,0.925664,0.829726
aaaaaezn_s003_t001,sampling_rate,250,naive,1,1.065983,0.692363,6.667205
aaaaafhl_s003_t000,sampling_rate,250,naive,1,2.953397,0.928234,0.265944
aaaaagfk_s003_t000,sampling_rate,250,naive,0,-1.155759,0.223177,1.235375
aaaaagsc_s003_t001,sampling_rate,250,naive,1,4.641177,0.984072,5.928843
aaaaagsc_s006_t001,sampling_rate,250,naive,1,1.088106,0.696712,1.341046
aaaaaguk_s002_t001,sampling_rate,250,naive,0,-3.795074,0.024303,0.390571
aaaaagvx_s002_t000,sampling_rate,250,naive,1,0.562857,0.585416,0.775320
aaaaagvx_s003_t001,sampling_rate,250,naive,1,1.906075,0.830550,0.693810
aaaaagyr_s002_t000,sampling_rate,250,naive,1,-0.564502,0.331935,0.705318
aaaaahie_s005_t001,sampling_rate,250,naive,1,7.723832,0.999070,1.990954
aaaaahsv_s002_t000,sampling_rate,250,naive,0,-0.675144,0.309607,2.527478
aaaaahte_s002_t000,sampling_rate,250,naive,1,8.945913,0.999700,3.685500
aaaaahte_s003_t000,sampling_rate,250,naive,1,9.469057,0.999815,0.419798
aaaaahuy_s002_t000,sampling_rate,250,naive,1,-1.476531,0.175891,0.059438
aaaaahzi_s001_t000,sampling_rate,250,naive,0,-0.860523,0.274142,0.709215
aaaaahzm_s001_t001,sampling_rate,250,naive,0,-1.094328,0.233200,1.348710
aaaaahzq_s001_t000,sampling_rate,250,naive,0,-3.628360,0.028247,0.060906
aaaaahzs_s001_t001,sampling_rate,250,naive,0,-1.053145,0.240092,1.692696
aaaaaiae_s001_t000,sampling_rate,250,naive,0,0.877159,0.653905,1.808168
aaaaaibx_s001_t000,sampling_rate,250,naive,0,0.154223,0.491613,0.225827
aaaaaiby_s001_t000,sampling_rate,250,naive,0,-1.221003,0.212873,1.148603
aaaaaici_s001_t000,sampling_rate,250,naive,0,-2.137281,0.103714,4.614426
aaaaaicn_s001_t000,sampling_rate,250,naive,0,0.737780,0.624129,2.042876
aaaaaijh_s002_t000,sampling_rate,250,naive,1,-2.881360,0.054888,0.414732
aaaaaijn_s001_t001,sampling_rate,250,naive,0,-0.254196,0.398445,0.626858
aaaaairb_s001_t001,sampling_rate,250,naive,0,-0.382943,0.370229,0.813401
aaaaairo_s001_t000,sampling_rate,250,naive,0,-2.655239,0.066825,1.296635
aaaaaitt_s001_t000,sampling_rate,250,naive,0,-3.335795,0.036719,3.772701
aaaaaiue_s004_t000,sampling_rate,250,naive,1,0.265033,0.517272,3.827692
aaaaaiuo_s002_t000,sampling_rate,250,naive,0,3.017104,0.932068,0.823270
aaaaaiwz_s001_t001,sampling_rate,250,naive,0,-1.711521,0.146520,0.824778
aaaaaiyy_s001_t001,sampling_rate,250,naive,0,-3.160882,0.042902,0.224463
aaaaaizd_s001_t001,sampling_rate,250,naive,0,-0.038547,0.447160,2.591040
aaaaaizs_s001_t000,sampling_rate,250,naive,0,1.177731,0.713966,1.102915
aaaaajae_s001_t001,sampling_rate,250,naive,0,5.349483,0.991673,3.849591
aaaaajah_s002_t001,sampling_rate,250,naive,1,0.545773,0.581569,1.083018
aaaaajah_s004_t000,sampling_rate,250,naive,1,-0.851958,0.275724,2.539179
aaaaajal_s001_t001,sampling_rate,250,naive,0,-3.200549,0.041418,0.336014
aaaaajam_s001_t000,sampling_rate,250,naive,1,-0.935311,0.260571,0.334218
aaaaajar_s001_t001,sampling_rate,250,naive,0,-0.837634,0.278382,0.134036
aaaaajbb_s001_t000,sampling_rate,250,naive,0,1.958593,0.837289,0.569023
aaaaajbh_s002_t000,sampling_rate,250,naive,0,-4.378036,0.014306,0.262662
aaaaajce_s001_t000,sampling_rate,250,naive,0,-0.978229,0.252983,0.158936
aaaaajci_s001_t000,sampling_rate,250,naive,0,-3.058376,0.046976,1.473388
aaaaajck_s001_t000,sampling_rate,250,naive,0,-3.919496,0.021714,0.051433
aaaaajct_s001_t000,sampling_rate,250,naive,0,1.575402,0.782988,3.659361
aaaaajcu_s001_t000,sampling_rate,250,naive,0,0.721322,0.620545,0.696827
aaaaajda_s001_t000,sampling_rate,250,naive,0,-3.757337,0.025146,0.458023
aaaaajdb_s001_t000,sampling_rate,250,naive,0,-1.574822,0.163078,3.451235
aaaaajdv_s001_t000,sampling_rate,250,naive,0,2.786038,0.917194,5.046248
aaaaajdy_s001_t000,sampling_rate,250,naive,0,-2.641004,0.067653,0.914217
aaaaajdz_s001_t000,sampling_rate,250,naive,0,-1.417641,0.183940,0.408753
aaaaajea_s001_t000,sampling_rate,250,naive,0,2.400239,0.885682,2.927727
aaaaajen_s001_t000,sampling_rate,250,naive,0,-1.951801,0.120811,1.794978
aaaaajey_s001_t000,sampling_rate,250,naive,0,-0.493557,0.346668,0.469443
aaaaajfb_s001_t000,sampling_rate,250,naive,0,-3.418477,0.034104,1.822105
aaaaajfe_s001_t000,sampling_rate,250,naive,0,-1.578438,0.162621,0.407285
aaaaajff_s001_t000,sampling_rate,250,naive,0,-3.734810,0.025662,0.621854
aaaaajfi_s001_t001,sampling_rate,250,naive,0,-1.184872,0.218536,0.248563
aaaaajfn_s001_t001,sampling_rate,250,naive,0,-2.656633,0.066745,1.145278
aaaaajfy_s001_t000,sampling_rate,250,naive,0,-4.200339,0.016823,0.195867
aaaaajga_s001_t001,sampling_rate,250,naive,0,0.582520,0.589830,5.425110
aaaaajhy_s001_t000,sampling_rate,250,naive,0,-2.985537,0.050091,3.473307
aaaaajit_s001_t001,sampling_rate,250,naive,0,-3.364139,0.035802,0.587679
aaaaajiu_s001_t000,sampling_rate,250,naive,0,1.694138,0.801099,5.765084
aaaaajiy_s001_t001,sampling_rate,250,naive,0,-0.448515,0.356179,1.425773
aaaaajiz_s001_t000,sampling_rate,250,naive,0,-1.251130,0.208234,1.062396
aaaaajjb_s001_t001,sampling_rate,250,naive,0,1.957567,0.837159,4.562608
aaaaajje_s001_t000,sampling_rate,250,naive,0,-2.063683,0.110226,5.481170
aaaaajjk_s001_t000,sampling_rate,250,naive,0,-2.311266,0.089658,0.341236
aaaaajna_s001_t000,sampling_rate,250,naive,0,-1.450173,0.179459,1.833338
aaaaajnu_s001_t000,sampling_rate,250,naive,0,-2.565613,0.072194,4.514059
aaaaajon_s001_t000,sampling_rate,250,naive,0,-0.856419,0.274899,0.341431
aaaaajoo_s002_t001,sampling_rate,250,naive,1,-0.030309,0.449048,2.520011
aaaaajpg_s001_t001,sampling_rate,250,naive,0,-2.260635,0.093561,0.541869
aaaaajqh_s004_t000,sampling_rate,250,naive,1,9.002352,0.999715,5.989583
aaaaajqk_s003_t001,sampling_rate,250,naive,1,4.988813,0.988407,0.783429
aaaaajrf_s001_t000,sampling_rate,250,naive,1,6.850991,0.997915,2.093751
aaaaajrf_s002_t000,sampling_rate,250,naive,1,11.602089,0.999974,5.125755
aaaaajrf_s003_t002,sampling_rate,250,naive,1,10.360484,0.999919,2.075467
aaaaajrf_s004_t000,sampling_rate,250,naive,1,3.125529,0.938159,0.375704
aaaaajso_s001_t000,sampling_rate,250,naive,1,8.767158,0.999646,5.771150
aaaaajtg_s001_t000,sampling_rate,250,naive,0,-0.183729,0.414192,2.740711
aaaaajtu_s001_t000,sampling_rate,250,naive,0,-0.273634,0.394136,1.720723
aaaaajuh_s001_t000,sampling_rate,250,naive,1,7.605799,0.998963,4.506998
aaaaajun_s001_t000,sampling_rate,250,naive,0,4.565491,0.982934,1.298545
aaaaajvh_s001_t001,sampling_rate,250,naive,0,-2.210674,0.097561,0.373441
aaaaajxp_s001_t000,sampling_rate,250,naive,0,0.774751,0.632130,1.546636
aaaaakck_s001_t001,sampling_rate,250,naive,1,1.799165,0.816151,0.109180
aaaaakcx_s001_t001,sampling_rate,250,naive,1,9.800092,0.999864,1.631602
aaaaakcy_s005_t001,sampling_rate,250,naive,1,8.816933,0.999662,0.443684
aaaaakdj_s001_t000,sampling_rate,250,naive,1,0.485921,0.568017,0.717272
aaaaakdo_s001_t000,sampling_rate,250,naive,1,0.469897,0.564371,2.702775
aaaaakeq_s001_t000,sampling_rate,250,naive,1,1.959801,0.837441,1.081401
aaaaakeq_s002_t000,sampling_rate,250,naive,1,2.324878,0.878420,5.149065
aaaaakeq_s003_t000,sampling_rate,250,naive,1,3.926552,0.969572,2.351763
aaaaakev_s001_t001,sampling_rate,250,naive,1,9.227114,0.999769,4.698120
aaaaakev_s002_t000,sampling_rate,250,naive,1,8.999028,0.999715,5.370451
aaaaakft_s001_t000,sampling_rate,250,naive,0,-2.848992,0.056465,0.995986
aaaaakgp_s001_t001,sampling_rate,250,naive,0,0.777216,0.632661,1.786987
aaaaakgu_s001_t000,sampling_rate,250,naive,1,-1.845834,0.131633,0.209388
aaaaakjk_s002_t002,sampling_rate,250,naive,1,2.196769,0.865164,7.672108
aaaaakjk_s003_t000,sampling_rate,250,naive,1,2.433522,0.888767,0.640946
aaaaakka_s001_t001,sampling_rate,250,naive,0,-1.147659,0.224481,1.129812
aaaaakmg_s003_t001,sampling_rate,250,naive,1,8.235785,0.999421,1.173804
aaaaakmh_s001_t000,sampling_rate,250,naive,1,1.327351,0.741417,4.195727
aaaaaknt_s001_t000,sampling_rate,250,naive,1,3.683660,0.962184,0.713802
aaaaakoo_s001_t001,sampling_rate,250,naive,1,8.799171,0.999656,0.767317
aaaaakqg_s001_t001,sampling_rate,250,naive,0,-1.243130,0.209458,1.262333
aaaaakqr_s001_t000,sampling_rate,250,naive,0,-2.839344,0.056943,0.329007
aaaaakrt_s001_t001,sampling_rate,250,naive,1,6.962137,0.998119,0.394993
aaaaakrt_s002_t001,sampling_rate,250,naive,1,7.542199,0.998900,0.516150
aaaaaksb_s001_t000,sampling_rate,250,naive,0,-2.306133,0.090047,0.293243
aaaaaksu_s001_t001,sampling_rate,250,naive,0,0.890360,0.656667,0.554019
aaaaakxz_s001_t001,sampling_rate,250,naive,1,4.139227,0.974877,1.020011
aaaaakxz_s002_t001,sampling_rate,250,naive,1,4.494084,0.981788,0.343841
aaaaalaf_s001_t000,sampling_rate,250,naive,0,-2.249810,0.094415,0.541912
aaaaalau_s001_t000,sampling_rate,250,naive,1,5.512606,0.992832,4.992144
aaaaalbh_s001_t000,sampling_rate,250,naive,1,2.349873,0.880872,2.229428
aaaaalbt_s001_t001,sampling_rate,250,naive,0,-0.672315,0.310168,0.461908
aaaaalbt_s002_t000,sampling_rate,250,naive,0,-0.866219,0.273093,0.815229
aaaaalbz_s006_t000,sampling_rate,250,naive,1,7.629519,0.998985,17.657812
aaaaalid_s001_t001,sampling_rate,250,naive,0,1.448144,0.762288,0.801954
aaaaaljf_s001_t000,sampling_rate,250,naive,1,5.420403,0.992198,1.764884
aaaaaljj_s001_t000,sampling_rate,250,naive,0,-2.679672,0.065428,0.898377
aaaaallc_s001_t001,sampling_rate,250,naive,0,0.132168,0.486507,0.618265
aaaaalle_s002_t000,sampling_rate,250,naive,1,1.192431,0.716739,1.480795
aaaaalox_s001_t001,sampling_rate,250,naive,0,4.683436,0.984674,2.384210
aaaaalpv_s001_t000,sampling_rate,250,naive,0,-0.026437,0.449935,2.740002
aaaaalqa_s001_t000,sampling_rate,250,naive,0,-0.546093,0.335728,0.833122
aaaaalqr_s001_t001,sampling_rate,250,naive,1,0.830847,0.644131,0.376276
aaaaalqs_s001_t001,sampling_rate,250,naive,0,-2.135240,0.103890,0.469845
aaaaalqx_s001_t000,sampling_rate,250,naive,0,-3.573323,0.029681,0.251280
aaaaalrc_s002_t000,sampling_rate,250,naive,1,12.817328,0.999992,0.106460
aaaaalsq_s001_t000,sampling_rate,250,naive,0,0.994438,0.678068,0.669368
aaaaalsx_s001_t000,sampling_rate,250,naive,1,0.231382,0.509483,1.230081
aaaaalsx_s004_t001,sampling_rate,250,naive,1,0.702473,0.616425,0.189300
aaaaaluz_s001_t001,sampling_rate,250,naive,0,-3.496494,0.031801,0.256540
aaaaalvw_s001_t000,sampling_rate,250,naive,0,-3.630843,0.028184,0.512881
aaaaalvz_s001_t000,sampling_rate,250,naive,1,9.590626,0.999835,1.822764
aaaaalxk_s001_t000,sampling_rate,250,naive,0,-0.018037,0.451862,0.556704
aaaaalyr_s001_t000,sampling_rate,250,naive,1,1.687088,0.800056,0.566342
aaaaalzk_s002_t001,sampling_rate,250,naive,1,9.931049,0.999880,3.710876
aaaaamcb_s001_t001,sampling_rate,250,naive,1,8.348974,0.999479,2.637121
aaaaamfe_s001_t001,sampling_rate,250,naive,0,0.204914,0.503354,0.102789
aaaaamft_s001_t001,sampling_rate,250,naive,1,1.486991,0.768748,0.220940
aaaaamfu_s001_t000,sampling_rate,250,naive,0,-2.037087,0.112666,0.133188
aaaaamhi_s001_t000,sampling_rate,250,naive,1,5.423843,0.992223,6.743644
aaaaamhk_s001_t000,sampling_rate,250,naive,1,5.356024,0.991722,0.537674
aaaaamjc_s001_t001,sampling_rate,250,naive,1,8.611883,0.999591,0.592790
aaaaammh_s001_t001,sampling_rate,250,naive,1,2.918511,0.926051,0.377693
aaaaamnq_s001_t000,sampling_rate,250,naive,1,7.659806,0.999013,3.155356
aaaaamnq_s002_t000,sampling_rate,250,naive,1,5.671903,0.993810,0.417244
aaaaamon_s001_t000,sampling_rate,250,naive,0,-0.163585,0.418728,2.901719
aaaaampz_s001_t000,sampling_rate,250,naive,1,1.237694,0.725176,3.267190
aaaaamrj_s001_t000,sampling_rate,250,naive,0,1.704260,0.802589,0.557868
aaaaamsc_s001_t000,sampling_rate,250,naive,1,6.416794,0.996886,0.207716
aaaaamtb_s001_t000,sampling_rate,250,naive,0,2.961625,0.928740,0.823095
aaaaamuc_s001_t000,sampling_rate,250,naive,0,-1.972526,0.118786,0.172072
aaaaamxn_s001_t000,sampling_rate,250,naive,1,0.281163,0.521002,0.580952
aaaaamyb_s001_t001,sampling_rate,250,naive,0,0.002141,0.456497,1.345558
aaaaamye_s001_t000,sampling_rate,250,naive,1,10.404281,0.999922,0.826751
aaaaamzi_s001_t001,sampling_rate,250,naive,1,6.343047,0.996666,1.104032
aaaaamzl_s001_t000,sampling_rate,250,naive,0,-2.155313,0.102171,0.579614
aaaaamzx_s001_t000,sampling_rate,250,naive,0,-2.699714,0.064301,2.267225
aaaaanbq_s001_t000,sampling_rate,250,naive,0,-1.091176,0.233723,0.289263
aaaaanek_s001_t000,sampling_rate,250,naive,0,-2.809486,0.058447,0.111515
aaaaangp_s001_t000,sampling_rate,250,naive,0,0.129032,0.485781,0.531621
aaaaanhb_s001_t003,sampling_rate,250,naive,1,2.881387,0.923661,1.575269
aaaaanhb_s003_t001,sampling_rate,250,naive,1,5.259569,0.990956,0.579852
aaaaanhb_s005_t000,sampling_rate,250,naive,1,9.094950,0.999739,0.832848
aaaaankf_s001_t000,sampling_rate,250,naive,1,4.493314,0.981776,2.131465
aaaaanlp_s001_t000,sampling_rate,250,naive,0,-1.272280,0.205021,0.276767
aaaaanmc_s001_t000,sampling_rate,250,naive,1,8.585052,0.999581,3.350047
aaaaanop_s001_t000,sampling_rate,250,naive,0,1.149191,0.708536,2.558986
aaaaanoz_s001_t000,sampling_rate,250,naive,1,0.321017,0.530209,0.651194
aaaaanpr_s001_t002,sampling_rate,250,naive,1,5.412543,0.992141,7.235799
aaaaanqe_s001_t000,sampling_rate,250,naive,0,-2.932075,0.052501,0.636279
aaaaanro_s001_t000,sampling_rate,250,naive,1,3.455228,0.953683,1.694504
aaaaansj_s001_t000,sampling_rate,250,naive,1,5.344670,0.991636,3.521293
aaaaanta_s001_t000,sampling_rate,250,naive,1,6.246306,0.996355,8.311026
aaaaanum_s001_t000,sampling_rate,250,naive,0,-0.037411,0.447420,1.307668
aaaaanvb_s002_t000,sampling_rate,250,naive,0,-1.344901,0.194272,0.187400
aaaaanvg_s001_t002,sampling_rate,250,naive,0,2.471051,0.892159,1.063397
aaaaanvw_s001_t000,sampling_rate,250,naive,0,-2.888341,0.054553,0.777490
aaaaanwc_s001_t001,sampling_rate,250,naive,1,6.941011,0.998082,15.114196
aaaaanxl_s001_t000,sampling_rate,250,naive,1,6.484978,0.997076,12.812692
aaaaanyb_s001_t001,sampling_rate,250,naive,0,1.117489,0.702433,0.844835
aaaaanyt_s002_t000,sampling_rate,250,naive,1,6.009018,0.995463,2.511156
aaaaanyw_s001_t000,sampling_rate,250,naive,1,2.588426,0.902184,0.186786
aaaaanyw_s002_t000,sampling_rate,250,naive,1,4.315338,0.978579,1.656269
aaaaanzh_s001_t000,sampling_rate,250,naive,1,-0.695445,0.305601,3.082682
aaaaanzu_s001_t003,sampling_rate,250,naive,1,2.108388,0.855323,3.455170
aaaaaoav_s001_t000,sampling_rate,250,naive,0,-2.813856,0.058224,0.293902
aaaaaoav_s002_t000,sampling_rate,250,naive,0,-1.600249,0.159888,0.449946
aaaaaobi_s001_t000,sampling_rate,250,naive,1,-0.498128,0.345710,10.684360
aaaaaobl_s001_t000,sampling_rate,250,naive,0,-0.260180,0.397117,2.019586
aaaaaoby_s001_t000,sampling_rate,250,naive,0,-0.061288,0.441958,4.833378
aaaaaoda_s001_t000,sampling_rate,250,naive,1,8.218967,0.999412,8.702627
aaaaaoeg_s001_t000,sampling_rate,250,naive,0,1.660030,0.796015,0.786430
aaaaaofj_s001_t000,sampling_rate,250,naive,0,-2.474169,0.078078,0.439454
aaaaaofr_s001_t000,sampling_rate,250,naive,0,3.140482,0.938958,1.407310
aaaaaofz_s001_t000,sampling_rate,250,naive,0,0.151136,0.490898,0.989103
aaaaaohb_s001_t000,sampling_rate,250,naive,1,2.647558,0.906913,0.360260
aaaaaohr_s002_t001,sampling_rate,250,naive,1,6.380638,0.996780,0.444400
aaaaaoiq_s001_t000,sampling_rate,250,naive,1,2.112383,0.855781,0.354389
aaaaaoiv_s001_t000,sampling_rate,250,naive,1,0.839063,0.645874,0.116959
aaaaaoiv_s002_t001,sampling_rate,250,naive,1,9.136087,0.999749,1.192082
aaaaaoiv_s003_t003,sampling_rate,250,naive,1,6.769082,0.997751,0.069594
aaaaaojd_s001_t002,sampling_rate,250,naive,0,0.267063,0.517741,2.108229
aaaaaokg_s001_t000,sampling_rate,250,naive,0,4.595971,0.983402,3.046425
aaaaaoly_s001_t000,sampling_rate,250,naive,0,-0.776629,0.289877,6.702924
aaaaaome_s001_t000,sampling_rate,250,naive,0,-1.087302,0.234366,2.231485
aaaaaomx_s001_t000,sampling_rate,250,naive,0,-0.131588,0.425960,0.776193
aaaaaomy_s001_t000,sampling_rate,250,naive,1,4.442165,0.980908,5.576884
aaaaaonb_s001_t000,sampling_rate,250,naive,0,1.089848,0.697053,2.026449
aaaaaons_s002_t002,sampling_rate,250,naive,1,7.404539,0.998751,0.387846
aaaaaopd_s001_t000,sampling_rate,250,naive,0,-0.578515,0.329062,2.407168
aaaaaopo_s001_t000,sampling_rate,250,naive,0,-1.938427,0.122133,0.108137
aaaaaora_s002_t000,sampling_rate,250,naive,1,2.270927,0.872980,0.543607
aaaaaord_s001_t000,sampling_rate,250,naive,1,2.105458,0.854987,0.541965
aaaaaosh_s001_t000,sampling_rate,250,naive,1,1.495371,0.770125,1.336208
aaaaaosw_s001_t000,sampling_rate,250,naive,0,1.330159,0.741916,4.002450
aaaaaote_s001_t000,sampling_rate,250,naive,0,-1.072176,0.236890,0.979363
aaaaaout_s001_t000,sampling_rate,250,naive,1,2.826006,0.919963,2.511462
aaaaaovl_s001_t000,sampling_rate,250,naive,1,4.270994,0.977700,0.104067
aaaaaovo_s001_t000,sampling_rate,250,naive,1,8.510006,0.999551,0.175311
aaaaaowb_s001_t000,sampling_rate,250,naive,0,0.218996,0.506615,0.998004
aaaaaoxf_s001_t000,sampling_rate,250,naive,0,-1.473390,0.176313,0.606409
aaaaaozf_s001_t001,sampling_rate,250,naive,0,-0.263847,0.396303,1.554760
aaaaapag_s001_t000,sampling_rate,250,naive,0,-2.310204,0.089738,2.336686
aaaaapar_s001_t000,sampling_rate,250,naive,1,12.150313,0.999985,0.287349
aaaaapcb_s001_t000,sampling_rate,250,naive,0,3.171392,0.940579,0.209626
aaaaapcy_s001_t002,sampling_rate,250,naive,0,-3.066951,0.046621,0.353745
aaaaapdg_s001_t000,sampling_rate,250,naive,0,-1.167970,0.221222,0.095475
aaaaaphs_s001_t000,sampling_rate,250,naive,1,3.319694,0.947809,3.761623
aaaaaphw_s001_t000,sampling_rate,250,naive,0,1.795957,0.815704,0.632847
aaaaapij_s001_t000,sampling_rate,250,naive,0,0.370371,0.541581,1.115162
aaaaapjc_s001_t001,sampling_rate,250,naive,0,-4.549000,0.012236,0.228823
aaaaapka_s001_t000,sampling_rate,250,naive,0,-1.019442,0.245835,0.449441
aaaaapkx_s001_t001,sampling_rate,250,naive,1,-1.870067,0.129088,3.334018
aaaaaply_s001_t001,sampling_rate,250,naive,1,3.828556,0.966776,3.421045
aaaaapmb_s002_t001,sampling_rate,250,naive,1,6.932059,0.998066,0.861444
aaaaapmp_s001_t000,sampling_rate,250,naive,1,-0.544311,0.336096,1.899450
aaaaapnr_s001_t000,sampling_rate,250,naive,1,-1.759301,0.141071,1.991794
aaaaapoc_s001_t000,sampling_rate,250,naive,1,4.954304,0.988035,5.377734
aaaaapof_s001_t000,sampling_rate,250,naive,0,-3.427652,0.033825,0.161465
aaaaapoo_s001_t000,sampling_rate,250,naive,0,-3.067820,0.046585,1.558462
aaaaapoq_s001_t000,sampling_rate,250,naive,0,1.177905,0.713999,2.101599
aaaaappb_s001_t000,sampling_rate,250,naive,0,0.311460,0.528003,3.466488
aaaaapqd_s001_t000,sampling_rate,250,naive,1,1.284848,0.733796,3.047111
aaaaapqv_s001_t000,sampling_rate,250,naive,0,-3.156170,0.043082,2.169340
aaaaapta_s001_t000,sampling_rate,250,naive,1,6.243790,0.996347,1.599029
aaaaapth_s001_t000,sampling_rate,250,naive,1,2.745470,0.914294,6.330796
aaaaapua_s001_t001,sampling_rate,250,naive,0,-3.692362,0.026664,0.443427
aaaaapuu_s001_t000,sampling_rate,250,naive,0,-2.095899,0.107333,1.807532
aaaaapvw_s001_t001,sampling_rate,250,naive,1,5.376163,0.991874,3.253197
aaaaapvy_s001_t000,sampling_rate,250,naive,1,4.152763,0.975183,9.192408
aaaaapwn_s001_t001,sampling_rate,250,naive,0,-1.264943,0.206132,1.691417
aaaaapwo_s001_t001,sampling_rate,250,naive,1,8.856062,0.999674,0.652752
aaaaapxm_s001_t001,sampling_rate,250,naive,0,-1.801472,0.136403,0.509571
aaaaapys_s001_t001,sampling_rate,250,naive,1,12.608388,0.999990,0.183696
aaaaapys_s002_t001,sampling_rate,250,naive,1,9.332264,0.999790,5.928578
aaaaaayx_s002_t000,sampling_rate,256,canonicalized,0,-0.027130,0.449776,1.639982
aaaaabdo_s003_t000,sampling_rate,256,canonicalized,1,7.924213,0.999228,1.866737
aaaaabsk_s007_t000,sampling_rate,256,canonicalized,1,1.564615,0.781285,1.104600
aaaaabuv_s002_t000,sampling_rate,256,canonicalized,1,2.911811,0.925625,1.340652
aaaaacad_s003_t000,sampling_rate,256,canonicalized,0,0.359160,0.539001,0.542435
aaaaacby_s004_t000,sampling_rate,256,canonicalized,0,-0.239689,0.401671,0.265439
aaaaaddm_s006_t000,sampling_rate,256,canonicalized,1,3.457357,0.953770,4.673408
aaaaadeu_s002_t000,sampling_rate,256,canonicalized,1,2.689635,0.910153,1.189209
aaaaadjk_s002_t000,sampling_rate,256,canonicalized,0,-2.344037,0.087211,0.317160
aaaaadkb_s002_t000,sampling_rate,256,canonicalized,1,6.967243,0.998128,6.775978
aaaaadsm_s002_t001,sampling_rate,256,canonicalized,0,-2.154103,0.102274,0.949071
aaaaaeab_s003_t000,sampling_rate,256,canonicalized,0,-0.490298,0.347352,0.442852
aaaaaejc_s003_t001,sampling_rate,256,canonicalized,0,2.900277,0.924886,0.830394
aaaaaezn_s003_t001,sampling_rate,256,canonicalized,1,1.064365,0.692044,6.660007
aaaaafhl_s003_t000,sampling_rate,256,canonicalized,1,2.952725,0.928193,0.266986
aaaaagfk_s003_t000,sampling_rate,256,canonicalized,0,-1.158489,0.222739,1.237689
aaaaagsc_s003_t001,sampling_rate,256,canonicalized,1,4.639607,0.984049,5.925172
aaaaagsc_s006_t001,sampling_rate,256,canonicalized,1,1.082529,0.695619,1.333950
aaaaaguk_s002_t001,sampling_rate,256,canonicalized,0,-3.791657,0.024378,0.390494
aaaaagvx_s002_t000,sampling_rate,256,canonicalized,1,0.558766,0.584496,0.771960
aaaaagvx_s003_t001,sampling_rate,256,canonicalized,1,1.896261,0.829267,0.689985
aaaaagyr_s002_t000,sampling_rate,256,canonicalized,1,-0.569973,0.330812,0.699432
aaaaahie_s005_t001,sampling_rate,256,canonicalized,1,7.715724,0.999063,1.994083
aaaaahsv_s002_t000,sampling_rate,256,canonicalized,0,-0.679953,0.308656,2.530634
aaaaahte_s002_t000,sampling_rate,256,canonicalized,1,8.949360,0.999701,3.676645
aaaaahte_s003_t000,sampling_rate,256,canonicalized,1,9.470387,0.999816,0.412653
aaaaahuy_s002_t000,sampling_rate,256,canonicalized,1,-1.478341,0.175648,0.059377
aaaaahzi_s001_t000,sampling_rate,256,canonicalized,0,-0.867609,0.272837,0.704245
aaaaahzm_s001_t001,sampling_rate,256,canonicalized,0,-1.102491,0.231850,1.356531
aaaaahzq_s001_t000,sampling_rate,256,canonicalized,0,-3.630079,0.028204,0.061806
aaaaahzs_s001_t001,sampling_rate,256,canonicalized,0,-1.057955,0.239280,1.702478
aaaaaiae_s001_t000,sampling_rate,256,canonicalized,0,0.881762,0.654869,1.810053
aaaaaibx_s001_t000,sampling_rate,256,canonicalized,0,0.154191,0.491606,0.221862
aaaaaiby_s001_t000,sampling_rate,256,canonicalized,0,-1.226312,0.212050,1.141151
aaaaaici_s001_t000,sampling_rate,256,canonicalized,0,-2.138183,0.103636,4.606400
aaaaaicn_s001_t000,sampling_rate,256,canonicalized,0,0.737154,0.623993,2.044693
aaaaaijh_s002_t000,sampling_rate,256,canonicalized,1,-2.877015,0.055097,0.421640
aaaaaijn_s001_t001,sampling_rate,256,canonicalized,0,-0.256567,0.397918,0.624781
aaaaairb_s001_t001,sampling_rate,256,canonicalized,0,-0.386368,0.369490,0.810854
aaaaairo_s001_t000,sampling_rate,256,canonicalized,0,-2.655227,0.066826,1.292863
aaaaaitt_s001_t000,sampling_rate,256,canonicalized,0,-3.333199,0.036805,3.767372
aaaaaiue_s004_t000,sampling_rate,256,canonicalized,1,0.264225,0.517085,3.805490
aaaaaiuo_s002_t000,sampling_rate,256,canonicalized,0,3.013010,0.931827,0.815404
aaaaaiwz_s001_t001,sampling_rate,256,canonicalized,0,-1.713918,0.146243,0.822148
aaaaaiyy_s001_t001,sampling_rate,256,canonicalized,0,-3.163553,0.042801,0.222425
aaaaaizd_s001_t001,sampling_rate,256,canonicalized,0,-0.046213,0.445405,2.583918
aaaaaizs_s001_t000,sampling_rate,256,canonicalized,0,1.171785,0.712840,1.104050
aaaaajae_s001_t001,sampling_rate,256,canonicalized,0,5.345702,0.991644,3.840512
aaaaajah_s002_t001,sampling_rate,256,canonicalized,1,0.541275,0.580555,1.077983
aaaaajah_s004_t000,sampling_rate,256,canonicalized,1,-0.855735,0.275025,2.545702
aaaaajal_s001_t001,sampling_rate,256,canonicalized,0,-3.204047,0.041290,0.333927
aaaaajam_s001_t000,sampling_rate,256,canonicalized,1,-0.945464,0.258763,0.335071
aaaaajar_s001_t001,sampling_rate,256,canonicalized,0,-0.841206,0.277717,0.131291
aaaaajbb_s001_t000,sampling_rate,256,canonicalized,0,1.951594,0.836403,0.567422
aaaaajbh_s002_t000,sampling_rate,256,canonicalized,0,-4.376305,0.014329,0.263688
aaaaajce_s001_t000,sampling_rate,256,canonicalized,0,-0.979160,0.252820,0.157744
aaaaajci_s001_t000,sampling_rate,256,canonicalized,0,-3.061396,0.046850,1.479343
aaaaajck_s001_t000,sampling_rate,256,canonicalized,0,-3.915472,0.021793,0.048578
aaaaajct_s001_t000,sampling_rate,256,canonicalized,0,1.606004,0.787767,3.323036
aaaaajcu_s001_t000,sampling_rate,256,canonicalized,0,0.717510,0.619713,0.696100
aaaaajda_s001_t000,sampling_rate,256,canonicalized,0,-3.755704,0.025183,0.457559
aaaaajdb_s001_t000,sampling_rate,256,canonicalized,0,-1.575207,0.163029,3.451457
aaaaajdv_s001_t000,sampling_rate,256,canonicalized,0,2.779734,0.916749,5.036284
aaaaajdy_s001_t000,sampling_rate,256,canonicalized,0,-2.642103,0.067588,0.915721
aaaaajdz_s001_t000,sampling_rate,256,canonicalized,0,-1.416279,0.184130,0.408185
aaaaajea_s001_t000,sampling_rate,256,canonicalized,0,2.393286,0.885028,2.950124
aaaaajen_s001_t000,sampling_rate,256,canonicalized,0,-1.953868,0.120607,1.796488
aaaaajey_s001_t000,sampling_rate,256,canonicalized,0,-0.496460,0.346059,0.467921
aaaaajfb_s001_t000,sampling_rate,256,canonicalized,0,-3.415633,0.034191,1.825316
aaaaajfe_s001_t000,sampling_rate,256,canonicalized,0,-1.579853,0.162442,0.407160
aaaaajff_s001_t000,sampling_rate,256,canonicalized,0,-3.739741,0.025549,0.616419
aaaaajfi_s001_t001,sampling_rate,256,canonicalized,0,-1.185488,0.218439,0.247296
aaaaajfn_s001_t001,sampling_rate,256,canonicalized,0,-2.653521,0.066925,1.138123
aaaaajfy_s001_t000,sampling_rate,256,canonicalized,0,-4.199121,0.016842,0.196744
aaaaajga_s001_t001,sampling_rate,256,canonicalized,0,0.577384,0.588679,5.430187
aaaaajhy_s001_t000,sampling_rate,256,canonicalized,0,-2.987009,0.050026,3.466733
aaaaajit_s001_t001,sampling_rate,256,canonicalized,0,-3.361615,0.035883,0.585436
aaaaajiu_s001_t000,sampling_rate,256,canonicalized,0,1.691221,0.800668,5.758916
aaaaajiy_s001_t001,sampling_rate,256,canonicalized,0,-0.449851,0.355895,1.425564
aaaaajiz_s001_t000,sampling_rate,256,canonicalized,0,-1.253744,0.207835,1.056885
aaaaajjb_s001_t001,sampling_rate,256,canonicalized,0,1.953506,0.836646,4.549459
aaaaajje_s001_t000,sampling_rate,256,canonicalized,0,-2.063812,0.110214,5.481215
aaaaajjk_s001_t000,sampling_rate,256,canonicalized,0,-2.314735,0.089396,0.340755
aaaaajna_s001_t000,sampling_rate,256,canonicalized,0,-1.449521,0.179548,1.832035
aaaaajnu_s001_t000,sampling_rate,256,canonicalized,0,-2.565879,0.072177,4.507463
aaaaajon_s001_t000,sampling_rate,256,canonicalized,0,-0.855609,0.275049,0.340180
aaaaajoo_s002_t001,sampling_rate,256,canonicalized,1,-0.031332,0.448813,2.521702
aaaaajpg_s001_t001,sampling_rate,256,canonicalized,0,-2.264544,0.093254,0.540674
aaaaajqh_s004_t000,sampling_rate,256,canonicalized,1,8.988282,0.999712,5.974029
aaaaajqk_s003_t001,sampling_rate,256,canonicalized,1,4.980594,0.988319,0.784611
aaaaajrf_s001_t000,sampling_rate,256,canonicalized,1,6.850127,0.997914,2.096020
aaaaajrf_s002_t000,sampling_rate,256,canonicalized,1,11.601632,0.999974,5.109399
aaaaajrf_s003_t002,sampling_rate,256,canonicalized,1,10.358500,0.999919,2.061987
aaaaajrf_s004_t000,sampling_rate,256,canonicalized,1,3.116983,0.937698,0.374744
aaaaajso_s001_t000,sampling_rate,256,canonicalized,1,8.772350,0.999648,5.746749
aaaaajtg_s001_t000,sampling_rate,256,canonicalized,0,-0.185759,0.413736,2.736777
aaaaajtu_s001_t000,sampling_rate,256,canonicalized,0,-0.273114,0.394251,1.717066
aaaaajuh_s001_t000,sampling_rate,256,canonicalized,1,7.593966,0.998951,4.485095
aaaaajun_s001_t000,sampling_rate,256,canonicalized,0,4.557621,0.982812,1.297359
aaaaajvh_s001_t001,sampling_rate,256,canonicalized,0,-2.215604,0.097160,0.371614
aaaaajxp_s001_t000,sampling_rate,256,canonicalized,0,0.769390,0.630974,1.546583
aaaaakck_s001_t001,sampling_rate,256,canonicalized,1,1.791410,0.815070,0.107897
aaaaakcx_s001_t001,sampling_rate,256,canonicalized,1,9.798984,0.999864,1.636745
aaaaakcy_s005_t001,sampling_rate,256,canonicalized,1,8.813360,0.999661,0.443167
aaaaakdj_s001_t000,sampling_rate,256,canonicalized,1,0.481128,0.566927,0.715949
aaaaakdo_s001_t000,sampling_rate,256,canonicalized,1,0.463936,0.563012,2.698913
aaaaakeq_s001_t000,sampling_rate,256,canonicalized,1,1.953544,0.836650,1.075813
aaaaakeq_s002_t000,sampling_rate,256,canonicalized,1,2.318111,0.877749,5.138715
aaaaakeq_s003_t000,sampling_rate,256,canonicalized,1,3.920768,0.969414,2.348735
aaaaakev_s001_t001,sampling_rate,256,canonicalized,1,9.225580,0.999769,4.677491
aaaaakev_s002_t000,sampling_rate,256,canonicalized,1,8.996948,0.999714,5.358525
aaaaakft_s001_t000,sampling_rate,256,canonicalized,0,-2.850324,0.056399,0.990630
aaaaakgp_s001_t001,sampling_rate,256,canonicalized,0,0.771117,0.631347,1.781413
aaaaakgu_s001_t000,sampling_rate,256,canonicalized,1,-1.849608,0.131234,0.207418
aaaaakjk_s002_t002,sampling_rate,256,canonicalized,1,2.192755,0.864730,7.684594
aaaaakjk_s003_t000,sampling_rate,256,canonicalized,1,2.423838,0.887877,0.636408
aaaaakka_s001_t001,sampling_rate,256,canonicalized,0,-1.152044,0.223775,1.129030
aaaaakmg_s003_t001,sampling_rate,256,canonicalized,1,8.230071,0.999418,1.146976
aaaaakmh_s001_t000,sampling_rate,256,canonicalized,1,1.329065,0.741722,4.177715
aaaaaknt_s001_t000,sampling_rate,256,canonicalized,1,3.674770,0.961883,0.716648
aaaaakoo_s001_t001,sampling_rate,256,canonicalized,1,8.799173,0.999656,0.760629
aaaaakqg_s001_t001,sampling_rate,256,canonicalized,0,-1.245747,0.209057,1.259406
aaaaakqr_s001_t000,sampling_rate,256,canonicalized,0,-2.839921,0.056914,0.329573
aaaaakrt_s001_t001,sampling_rate,256,canonicalized,1,6.950691,0.998099,0.395199
aaaaakrt_s002_t001,sampling_rate,256,canonicalized,1,7.538672,0.998896,0.516492
aaaaaksb_s001_t000,sampling_rate,256,canonicalized,0,-2.306041,0.090054,0.290794
aaaaaksu_s001_t001,sampling_rate,256,canonicalized,0,0.883927,0.655322,0.553278
aaaaakxz_s001_t001,sampling_rate,256,canonicalized,1,4.135883,0.974801,1.016097
aaaaakxz_s002_t001,sampling_rate,256,canonicalized,1,4.497380,0.981843,0.347615
aaaaalaf_s001_t000,sampling_rate,256,canonicalized,0,-2.253429,0.094129,0.542411
aaaaalau_s001_t000,sampling_rate,256,canonicalized,1,5.516934,0.992861,4.989815
aaaaalbh_s001_t000,sampling_rate,256,canonicalized,1,2.346740,0.880567,2.231454
aaaaalbt_s001_t001,sampling_rate,256,canonicalized,0,-0.673171,0.309998,0.464458
aaaaalbt_s002_t000,sampling_rate,256,canonicalized,0,-0.866487,0.273043,0.810711
aaaaalbz_s006_t000,sampling_rate,256,canonicalized,1,7.627667,0.998984,17.642660
aaaaalid_s001_t001,sampling_rate,256,canonicalized,0,1.451918,0.762921,0.806966
aaaaaljf_s001_t000,sampling_rate,256,canonicalized,1,5.411417,0.992133,1.762175
aaaaaljj_s001_t000,sampling_rate,256,canonicalized,0,-2.679508,0.065437,0.896648
aaaaallc_s001_t001,sampling_rate,256,canonicalized,0,0.124689,0.484776,0.617862
aaaaalle_s002_t000,sampling_rate,256,canonicalized,1,1.208807,0.719810,1.371945
aaaaalox_s001_t001,sampling_rate,256,canonicalized,0,4.680677,0.984635,2.383735
aaaaalpv_s001_t000,sampling_rate,256,canonicalized,0,-0.028587,0.449442,2.727620
aaaaalqa_s001_t000,sampling_rate,256,canonicalized,0,-0.549477,0.335029,0.831567
aaaaalqr_s001_t001,sampling_rate,256,canonicalized,1,0.833660,0.644728,0.371918
aaaaalqs_s001_t001,sampling_rate,256,canonicalized,0,-2.138249,0.103631,0.467001
aaaaalqx_s001_t000,sampling_rate,256,canonicalized,0,-3.575905,0.029612,0.249811
aaaaalrc_s002_t000,sampling_rate,256,canonicalized,1,12.816269,0.999992,0.106679
aaaaalsq_s001_t000,sampling_rate,256,canonicalized,0,0.993693,0.677917,0.662818
aaaaalsx_s001_t000,sampling_rate,256,canonicalized,1,0.227224,0.508520,1.231494
aaaaalsx_s004_t001,sampling_rate,256,canonicalized,1,0.693558,0.614470,0.189166
aaaaaluz_s001_t001,sampling_rate,256,canonicalized,0,-3.498603,0.031741,0.255086
aaaaalvw_s001_t000,sampling_rate,256,canonicalized,0,-3.632088,0.028153,0.510999
aaaaalvz_s001_t000,sampling_rate,256,canonicalized,1,9.588602,0.999835,1.822932
aaaaalxk_s001_t000,sampling_rate,256,canonicalized,0,-0.025552,0.450138,0.555604
aaaaalyr_s001_t000,sampling_rate,256,canonicalized,1,1.692866,0.800911,0.546562
aaaaalzk_s002_t001,sampling_rate,256,canonicalized,1,9.938652,0.999880,3.697729
aaaaamcb_s001_t001,sampling_rate,256,canonicalized,1,8.337524,0.999473,2.627500
aaaaamfe_s001_t001,sampling_rate,256,canonicalized,0,0.201086,0.502467,0.102600
aaaaamft_s001_t001,sampling_rate,256,canonicalized,1,1.486410,0.768652,0.218844
aaaaamfu_s001_t000,sampling_rate,256,canonicalized,0,-2.035772,0.112788,0.133508
aaaaamhi_s001_t000,sampling_rate,256,canonicalized,1,5.420679,0.992200,6.758968
aaaaamhk_s001_t000,sampling_rate,256,canonicalized,1,5.346409,0.991649,0.533296
aaaaamjc_s001_t001,sampling_rate,256,canonicalized,1,8.608942,0.999590,0.596863
aaaaammh_s001_t001,sampling_rate,256,canonicalized,1,2.911998,0.925637,0.376369
aaaaamnq_s001_t000,sampling_rate,256,canonicalized,1,7.653719,0.999008,3.148329
aaaaamnq_s002_t000,sampling_rate,256,canonicalized,1,5.664740,0.993769,0.415590
aaaaamon_s001_t000,sampling_rate,256,canonicalized,0,-0.164666,0.418484,2.892469
aaaaampz_s001_t000,sampling_rate,256,canonicalized,1,1.235425,0.724756,3.259406
aaaaamrj_s001_t000,sampling_rate,256,canonicalized,0,1.701143,0.802131,0.555333
aaaaamsc_s001_t000,sampling_rate,256,canonicalized,1,6.409943,0.996866,0.207615
aaaaamtb_s001_t000,sampling_rate,256,canonicalized,0,2.958757,0.928564,0.825886
aaaaamuc_s001_t000,sampling_rate,256,canonicalized,0,-1.973721,0.118670,0.170481
aaaaamxn_s001_t000,sampling_rate,256,canonicalized,1,0.277672,0.520195,0.579885
aaaaamyb_s001_t001,sampling_rate,256,canonicalized,0,0.002723,0.456630,1.340777
aaaaamye_s001_t000,sampling_rate,256,canonicalized,1,10.404010,0.999922,0.824399
aaaaamzi_s001_t001,sampling_rate,256,canonicalized,1,6.341686,0.996662,1.102169
aaaaamzl_s001_t000,sampling_rate,256,canonicalized,0,-2.157419,0.101992,0.580747
aaaaamzx_s001_t000,sampling_rate,256,canonicalized,0,-2.702154,0.064165,2.264819
aaaaanbq_s001_t000,sampling_rate,256,canonicalized,0,-1.093789,0.233289,0.288715
aaaaanek_s001_t000,sampling_rate,256,canonicalized,0,-2.810632,0.058388,0.110356
aaaaangp_s001_t000,sampling_rate,256,canonicalized,0,0.128904,0.485751,0.524146
aaaaanhb_s001_t003,sampling_rate,256,canonicalized,1,2.881732,0.923683,1.576728
aaaaanhb_s003_t001,sampling_rate,256,canonicalized,1,5.252131,0.990894,0.577203
aaaaanhb_s005_t000,sampling_rate,256,canonicalized,1,9.092469,0.999738,0.832047
aaaaankf_s001_t000,sampling_rate,256,canonicalized,1,4.494404,0.981794,2.133622
aaaaanlp_s001_t000,sampling_rate,256,canonicalized,0,-1.274513,0.204684,0.276226
aaaaanmc_s001_t000,sampling_rate,256,canonicalized,1,8.575559,0.999577,3.356380
aaaaanop_s001_t000,sampling_rate,256,canonicalized,0,1.142896,0.707330,2.556882
aaaaanoz_s001_t000,sampling_rate,256,canonicalized,1,0.315312,0.528892,0.650272
aaaaanpr_s001_t002,sampling_rate,256,canonicalized,1,5.408754,0.992114,7.213315
aaaaanqe_s001_t000,sampling_rate,256,canonicalized,0,-2.931661,0.052520,0.632403
aaaaanro_s001_t000,sampling_rate,256,canonicalized,1,3.450528,0.953490,1.693686
aaaaansj_s001_t000,sampling_rate,256,canonicalized,1,5.349912,0.991676,3.498633
aaaaanta_s001_t000,sampling_rate,256,canonicalized,1,6.244040,0.996347,8.310246
aaaaanum_s001_t000,sampling_rate,256,canonicalized,0,-0.041412,0.446504,1.305974
aaaaanvb_s002_t000,sampling_rate,256,canonicalized,0,-1.346773,0.194001,0.186834
aaaaanvg_s001_t002,sampling_rate,256,canonicalized,0,2.466638,0.891765,1.056591
aaaaanvw_s001_t000,sampling_rate,256,canonicalized,0,-2.888874,0.054528,0.778308
aaaaanwc_s001_t001,sampling_rate,256,canonicalized,1,6.933199,0.998068,15.054350
aaaaanxl_s001_t000,sampling_rate,256,canonicalized,1,6.488338,0.997085,12.793008
aaaaanyb_s001_t001,sampling_rate,256,canonicalized,0,1.112385,0.701444,0.845722
aaaaanyt_s002_t000,sampling_rate,256,canonicalized,1,6.022959,0.995521,2.435124
aaaaanyw_s001_t000,sampling_rate,256,canonicalized,1,2.581224,0.901594,0.185307
aaaaanyw_s002_t000,sampling_rate,256,canonicalized,1,4.315898,0.978589,1.653227
aaaaanzh_s001_t000,sampling_rate,256,canonicalized,1,-0.695623,0.305566,3.076268
aaaaanzu_s001_t003,sampling_rate,256,canonicalized,1,2.104188,0.854841,3.438363
aaaaaoav_s001_t000,sampling_rate,256,canonicalized,0,-2.818547,0.057986,0.293936
aaaaaoav_s002_t000,sampling_rate,256,canonicalized,0,-1.600250,0.159888,0.449937
aaaaaobi_s001_t000,sampling_rate,256,canonicalized,1,-0.498288,0.345676,10.657377
aaaaaobl_s001_t000,sampling_rate,256,canonicalized,0,-0.260919,0.396953,2.013745
aaaaaoby_s001_t000,sampling_rate,256,canonicalized,0,-0.061294,0.441956,4.833374
aaaaaoda_s001_t000,sampling_rate,256,canonicalized,1,8.209831,0.999407,8.695332
aaaaaoeg_s001_t000,sampling_rate,256,canonicalized,0,1.653788,0.795075,0.787449
aaaaaofj_s001_t000,sampling_rate,256,canonicalized,0,-2.469255,0.078407,0.431714
aaaaaofr_s001_t000,sampling_rate,256,canonicalized,0,3.134696,0.938650,1.407604
aaaaaofz_s001_t000,sampling_rate,256,canonicalized,0,0.147356,0.490023,0.987914
aaaaaohb_s001_t000,sampling_rate,256,canonicalized,1,2.638410,0.906195,0.358636
aaaaaohr_s002_t001,sampling_rate,256,canonicalized,1,6.373380,0.996759,0.442039
aaaaaoiq_s001_t000,sampling_rate,256,canonicalized,1,2.108010,0.855280,0.352433
aaaaaoiv_s001_t000,sampling_rate,256,canonicalized,1,0.833965,0.644793,0.115811
aaaaaoiv_s002_t001,sampling_rate,256,canonicalized,1,9.134166,0.999748,1.192855
aaaaaoiv_s003_t003,sampling_rate,256,canonicalized,1,6.765585,0.997744,0.070018
aaaaaojd_s001_t002,sampling_rate,256,canonicalized,0,0.262268,0.516632,2.097063
aaaaaokg_s001_t000,sampling_rate,256,canonicalized,0,4.590912,0.983325,3.049181
aaaaaoly_s001_t000,sampling_rate,256,canonicalized,0,-0.778123,0.289592,6.684238
aaaaaome_s001_t000,sampling_rate,256,canonicalized,0,-1.089486,0.234003,2.233723
aaaaaomx_s001_t000,sampling_rate,256,canonicalized,0,-0.126141,0.427194,0.771988
aaaaaomy_s001_t000,sampling_rate,256,canonicalized,1,4.440284,0.980875,5.560534
aaaaaonb_s001_t000,sampling_rate,256,canonicalized,0,1.087454,0.696584,2.016361
aaaaaons_s002_t002,sampling_rate,256,canonicalized,1,7.399780,0.998745,0.388618
aaaaaopd_s001_t000,sampling_rate,256,canonicalized,0,-0.586104,0.327512,2.407243
aaaaaopo_s001_t000,sampling_rate,256,canonicalized,0,-1.941375,0.121841,0.107320
aaaaaora_s002_t000,sampling_rate,256,canonicalized,1,2.270925,0.872980,0.543607
aaaaaord_s001_t000,sampling_rate,256,canonicalized,1,2.098113,0.854141,0.539857
aaaaaosh_s001_t000,sampling_rate,256,canonicalized,1,1.486354,0.768643,1.334509
aaaaaosw_s001_t000,sampling_rate,256,canonicalized,0,1.331183,0.742097,3.990112
aaaaaote_s001_t000,sampling_rate,256,canonicalized,0,-1.079076,0.235736,0.969493
aaaaaout_s001_t000,sampling_rate,256,canonicalized,1,2.815538,0.919246,2.500840
aaaaaovl_s001_t000,sampling_rate,256,canonicalized,1,4.270993,0.977700,0.104068
aaaaaovo_s001_t000,sampling_rate,256,canonicalized,1,8.508476,0.999550,0.173527
aaaaaowb_s001_t000,sampling_rate,256,canonicalized,0,0.212670,0.505150,0.995810
aaaaaoxf_s001_t000,sampling_rate,256,canonicalized,0,-1.472795,0.176393,0.602606
aaaaaozf_s001_t001,sampling_rate,256,canonicalized,0,-0.268573,0.395256,1.548289
aaaaapag_s001_t000,sampling_rate,256,canonicalized,0,-2.308867,0.089840,2.324261
aaaaapar_s001_t000,sampling_rate,256,canonicalized,1,12.147420,0.999985,0.287102
aaaaapcb_s001_t000,sampling_rate,256,canonicalized,0,3.169144,0.940462,0.207998
aaaaapcy_s001_t002,sampling_rate,256,canonicalized,0,-3.067525,0.046598,0.352208
aaaaapdg_s001_t000,sampling_rate,256,canonicalized,0,-1.165452,0.221624,0.095024
aaaaaphs_s001_t000,sampling_rate,256,canonicalized,1,3.312784,0.947492,3.744868
aaaaaphw_s001_t000,sampling_rate,256,canonicalized,0,1.791820,0.815127,0.629720
aaaaapij_s001_t000,sampling_rate,256,canonicalized,0,0.366625,0.540719,1.112708
aaaaapjc_s001_t001,sampling_rate,256,canonicalized,0,-4.548080,0.012246,0.228959
aaaaapka_s001_t000,sampling_rate,256,canonicalized,0,-1.020872,0.245590,0.447029
aaaaapkx_s001_t001,sampling_rate,256,canonicalized,1,-1.867400,0.129366,3.328935
aaaaaply_s001_t001,sampling_rate,256,canonicalized,1,3.828553,0.966776,3.421063
aaaaapmb_s002_t001,sampling_rate,256,canonicalized,1,6.928856,0.998060,0.862019
aaaaapmp_s001_t000,sampling_rate,256,canonicalized,1,-0.548239,0.335285,1.897463
aaaaapnr_s001_t000,sampling_rate,256,canonicalized,1,-1.757904,0.141228,1.971065
aaaaapoc_s001_t000,sampling_rate,256,canonicalized,1,4.948675,0.987973,5.357497
aaaaapof_s001_t000,sampling_rate,256,canonicalized,0,-3.429185,0.033779,0.161612
aaaaapoo_s001_t000,sampling_rate,256,canonicalized,0,-3.068084,0.046575,1.557594
aaaaapoq_s001_t000,sampling_rate,256,canonicalized,0,1.175294,0.713505,2.104618
aaaaappb_s001_t000,sampling_rate,256,canonicalized,0,0.310029,0.527672,3.443024
aaaaapqd_s001_t000,sampling_rate,256,canonicalized,1,1.276081,0.732207,3.050627
aaaaapqv_s001_t000,sampling_rate,256,canonicalized,0,-3.154341,0.043152,2.149231
aaaaapta_s001_t000,sampling_rate,256,canonicalized,1,6.243790,0.996347,1.599038
aaaaapth_s001_t000,sampling_rate,256,canonicalized,1,2.745472,0.914294,6.330779
aaaaapua_s001_t001,sampling_rate,256,canonicalized,0,-3.691151,0.026694,0.443954
aaaaapuu_s001_t000,sampling_rate,256,canonicalized,0,-2.092323,0.107650,1.793128
aaaaapvw_s001_t001,sampling_rate,256,canonicalized,1,5.370357,0.991831,3.248167
aaaaapvy_s001_t000,sampling_rate,256,canonicalized,1,4.160272,0.975350,9.135252
aaaaapwn_s001_t001,sampling_rate,256,canonicalized,0,-1.266108,0.205955,1.687244
aaaaapwo_s001_t001,sampling_rate,256,canonicalized,1,8.848499,0.999672,0.652168
aaaaapxm_s001_t001,sampling_rate,256,canonicalized,0,-1.803157,0.136219,0.509029
aaaaapys_s001_t001,sampling_rate,256,canonicalized,1,12.603662,0.999990,0.181996
aaaaapys_s002_t001,sampling_rate,256,canonicalized,1,9.332268,0.999790,5.928584
aaaaaayx_s002_t000,sampling_rate,256,naive,0,-0.046984,0.445228,1.371837
aaaaabdo_s003_t000,sampling_rate,256,naive,1,10.015785,0.999889,2.723475
aaaaabsk_s007_t000,sampling_rate,256,naive,1,2.456702,0.890873,1.860186
aaaaabuv_s002_t000,sampling_rate,256,naive,1,3.529557,0.956631,1.077106
aaaaacad_s003_t000,sampling_rate,256,naive,0,1.180024,0.714400,1.001677
aaaaacby_s004_t000,sampling_rate,256,naive,0,0.411623,0.551054,0.275563
aaaaaddm_s006_t000,sampling_rate,256,naive,1,3.562509,0.957881,4.938783
aaaaadeu_s002_t000,sampling_rate,256,naive,1,2.739714,0.913875,0.961120
aaaaadjk_s002_t000,sampling_rate,256,naive,0,-1.937053,0.122270,0.232579
aaaaadkb_s002_t000,sampling_rate,256,naive,1,7.146782,0.998414,5.532020
aaaaadsm_s002_t001,sampling_rate,256,naive,0,-2.012126,0.114999,0.636371
aaaaaeab_s003_t000,sampling_rate,256,naive,0,-0.068059,0.440411,0.641516
aaaaaejc_s003_t001,sampling_rate,256,naive,0,3.897478,0.968767,0.688521
aaaaaezn_s003_t001,sampling_rate,256,naive,1,1.696403,0.801433,6.642741
aaaaafhl_s003_t000,sampling_rate,256,naive,1,2.975019,0.929557,0.504986
aaaaagfk_s003_t000,sampling_rate,256,naive,0,-0.879988,0.270568,1.112221
aaaaagsc_s003_t001,sampling_rate,256,naive,1,4.759058,0.985696,4.679269
aaaaagsc_s006_t001,sampling_rate,256,naive,1,1.592697,0.785699,0.710626
aaaaaguk_s002_t001,sampling_rate,256,naive,0,-3.948801,0.021145,0.471853
aaaaagvx_s002_t000,sampling_rate,256,naive,1,0.945584,0.668108,0.709710
aaaaagvx_s003_t001,sampling_rate,256,naive,1,2.012834,0.844020,0.474980
aaaaagyr_s002_t000,sampling_rate,256,naive,1,-0.465566,0.352565,1.123659
aaaaahie_s005_t001,sampling_rate,256,naive,1,8.046987,0.999311,1.951020
aaaaahsv_s002_t000,sampling_rate,256,naive,0,0.452309,0.560360,2.266184
aaaaahte_s002_t000,sampling_rate,256,naive,1,9.118752,0.999745,3.342187
aaaaahte_s003_t000,sampling_rate,256,naive,1,9.981253,0.999885,0.480283
aaaaahuy_s002_t000,sampling_rate,256,naive,1,-1.128705,0.227553,0.052444
aaaaahzi_s001_t000,sampling_rate,256,naive,0,-0.126039,0.427218,0.848711
aaaaahzm_s001_t001,sampling_rate,256,naive,0,-0.914223,0.264353,0.868562
aaaaahzq_s001_t000,sampling_rate,256,naive,0,-3.186904,0.041923,0.306510
aaaaahzs_s001_t001,sampling_rate,256,naive,0,-0.721819,0.300440,1.660614
aaaaaiae_s001_t000,sampling_rate,256,naive,0,0.854394,0.649116,1.630690
aaaaaibx_s001_t000,sampling_rate,256,naive,0,0.449641,0.559751,0.253025
aaaaaiby_s001_t000,sampling_rate,256,naive,0,-0.850860,0.275927,1.697193
aaaaaici_s001_t000,sampling_rate,256,naive,0,-1.929116,0.123061,5.986686
aaaaaicn_s001_t000,sampling_rate,256,naive,0,1.390815,0.752529,3.113574
aaaaaijh_s002_t000,sampling_rate,256,naive,1,-2.836673,0.057076,0.367685
aaaaaijn_s001_t001,sampling_rate,256,naive,0,0.190052,0.499911,0.746103
aaaaairb_s001_t001,sampling_rate,256,naive,0,-0.152922,0.421134,0.469309
aaaaairo_s001_t000,sampling_rate,256,naive,0,-2.364585,0.085707,1.953895
aaaaaitt_s001_t000,sampling_rate,256,naive,0,-3.333896,0.036782,4.081290
aaaaaiue_s004_t000,sampling_rate,256,naive,1,0.825864,0.643072,3.845196
aaaaaiuo_s002_t000,sampling_rate,256,naive,0,3.297081,0.946763,1.316192
aaaaaiwz_s001_t001,sampling_rate,256,naive,0,-0.994040,0.250225,0.756891
aaaaaiyy_s001_t001,sampling_rate,256,naive,0,-2.528086,0.074557,0.354370
aaaaaizd_s001_t001,sampling_rate,256,naive,0,0.169921,0.495248,2.399416
aaaaaizs_s001_t000,sampling_rate,256,naive,0,1.437726,0.760534,1.439383
aaaaajae_s001_t001,sampling_rate,256,naive,0,6.014842,0.995487,3.684584
aaaaajah_s002_t001,sampling_rate,256,naive,1,1.892715,0.828801,2.080240
aaaaajah_s004_t000,sampling_rate,256,naive,1,0.130340,0.486084,3.193075
aaaaajal_s001_t001,sampling_rate,256,naive,0,-3.106456,0.045021,0.548974
aaaaajam_s001_t000,sampling_rate,256,naive,1,-0.198860,0.410795,0.227701
aaaaajar_s001_t001,sampling_rate,256,naive,0,0.141858,0.488750,0.193177
aaaaajbb_s001_t000,sampling_rate,256,naive,0,2.375317,0.883323,0.850398
aaaaajbh_s002_t000,sampling_rate,256,naive,0,-3.871224,0.022685,0.213150
aaaaajce_s001_t000,sampling_rate,256,naive,0,-0.667111,0.311200,0.227460
aaaaajci_s001_t000,sampling_rate,256,naive,0,-2.846487,0.056588,1.643942
aaaaajck_s001_t000,sampling_rate,256,naive,0,-3.991918,0.020334,0.082978
aaaaajct_s001_t000,sampling_rate,256,naive,0,2.530103,0.897311,5.117912
aaaaajcu_s001_t000,sampling_rate,256,naive,0,1.220217,0.721937,0.890984
aaaaajda_s001_t000,sampling_rate,256,naive,0,-3.524655,0.031008,0.579614
aaaaajdb_s001_t000,sampling_rate,256,naive,0,-1.017907,0.246099,4.487862
aaaaajdv_s001_t000,sampling_rate,256,naive,0,3.104344,0.937010,4.970181
aaaaajdy_s001_t000,sampling_rate,256,naive,0,-2.313101,0.089519,0.865100
aaaaajdz_s001_t000,sampling_rate,256,naive,0,-1.295754,0.201499,0.558229
aaaaajea_s001_t000,sampling_rate,256,naive,0,2.466825,0.891781,2.859700
aaaaajen_s001_t000,sampling_rate,256,naive,0,-1.657521,0.152888,1.353728
aaaaajey_s001_t000,sampling_rate,256,naive,0,-0.223225,0.405342,0.479206
aaaaajfb_s001_t000,sampling_rate,256,naive,0,-3.103069,0.045156,3.924802
aaaaajfe_s001_t000,sampling_rate,256,naive,0,-0.288501,0.390852,1.051848
aaaaajff_s001_t000,sampling_rate,256,naive,0,-2.828878,0.057466,0.544902
aaaaajfi_s001_t001,sampling_rate,256,naive,0,-0.598731,0.324940,0.526083
aaaaajfn_s001_t001,sampling_rate,256,naive,0,-2.447093,0.079903,1.062576
aaaaajfy_s001_t000,sampling_rate,256,naive,0,-3.733453,0.025694,0.232604
aaaaajga_s001_t001,sampling_rate,256,naive,0,1.508312,0.772241,6.753799
aaaaajhy_s001_t000,sampling_rate,256,naive,0,-2.626290,0.068518,4.573718
aaaaajit_s001_t001,sampling_rate,256,naive,0,-3.208880,0.041113,0.396291
aaaaajiu_s001_t000,sampling_rate,256,naive,0,5.714352,0.994047,6.031799
aaaaajiy_s001_t001,sampling_rate,256,naive,0,-0.230099,0.403808,1.366345
aaaaajiz_s001_t000,sampling_rate,256,naive,0,-1.017987,0.246086,1.035818
aaaaajjb_s001_t001,sampling_rate,256,naive,0,3.177672,0.940903,5.759020
aaaaajje_s001_t000,sampling_rate,256,naive,0,-1.227019,0.211941,5.613612
aaaaajjk_s001_t000,sampling_rate,256,naive,0,-1.648180,0.154012,0.574806
aaaaajna_s001_t000,sampling_rate,256,naive,0,-1.348222,0.193791,1.833457
aaaaajnu_s001_t000,sampling_rate,256,naive,0,-2.222972,0.096563,5.576832
aaaaajon_s001_t000,sampling_rate,256,naive,0,-0.355093,0.376265,1.288652
aaaaajoo_s002_t001,sampling_rate,256,naive,1,-0.042332,0.446293,1.255221
aaaaajpg_s001_t001,sampling_rate,256,naive,0,-1.109709,0.230662,0.492106
aaaaajqh_s004_t000,sampling_rate,256,naive,1,9.536039,0.999826,5.589987
aaaaajqk_s003_t001,sampling_rate,256,naive,1,5.596382,0.993364,0.793376
aaaaajrf_s001_t000,sampling_rate,256,naive,1,7.742909,0.999087,2.940285
aaaaajrf_s002_t000,sampling_rate,256,naive,1,11.854761,0.999980,4.339443
aaaaajrf_s003_t002,sampling_rate,256,naive,1,13.388160,0.999995,2.017432
aaaaajrf_s004_t000,sampling_rate,256,naive,1,3.856986,0.967612,0.573490
aaaaajso_s001_t000,sampling_rate,256,naive,1,8.727492,0.999633,7.960844
aaaaajtg_s001_t000,sampling_rate,256,naive,0,-0.099892,0.433156,2.459627
aaaaajtu_s001_t000,sampling_rate,256,naive,0,0.050499,0.467633,1.398471
aaaaajuh_s001_t000,sampling_rate,256,naive,1,9.469868,0.999815,6.986734
aaaaajun_s001_t000,sampling_rate,256,naive,0,5.227435,0.990685,1.113567
aaaaajvh_s001_t001,sampling_rate,256,naive,0,-2.001994,0.115958,0.858243
aaaaajxp_s001_t000,sampling_rate,256,naive,0,1.384538,0.751445,1.067041
aaaaakck_s001_t001,sampling_rate,256,naive,1,2.826429,0.919992,1.996439
aaaaakcx_s001_t001,sampling_rate,256,naive,1,9.220435,0.999767,1.443721
aaaaakcy_s005_t001,sampling_rate,256,naive,1,9.005172,0.999716,0.394249
aaaaakdj_s001_t000,sampling_rate,256,naive,1,0.902163,0.659128,0.746642
aaaaakdo_s001_t000,sampling_rate,256,naive,1,0.968575,0.672815,2.662494
aaaaakeq_s001_t000,sampling_rate,256,naive,1,2.030203,0.846127,1.278254
aaaaakeq_s002_t000,sampling_rate,256,naive,1,2.522042,0.896620,4.109616
aaaaakeq_s003_t000,sampling_rate,256,naive,1,4.049439,0.972757,2.223975
aaaaakev_s001_t001,sampling_rate,256,naive,1,10.025249,0.999890,5.715982
aaaaakev_s002_t000,sampling_rate,256,naive,1,9.512279,0.999823,3.499837
aaaaakft_s001_t000,sampling_rate,256,naive,0,-2.296647,0.090770,1.626298
aaaaakgp_s001_t001,sampling_rate,256,naive,0,0.901826,0.659058,1.463886
aaaaakgu_s001_t000,sampling_rate,256,naive,1,-1.382759,0.188841,0.354306
aaaaakjk_s002_t002,sampling_rate,256,naive,1,2.701678,0.911061,1.360417
aaaaakjk_s003_t000,sampling_rate,256,naive,1,2.885303,0.923916,0.661563
aaaaakka_s001_t001,sampling_rate,256,naive,0,0.020632,0.460750,1.876116
aaaaakmg_s003_t001,sampling_rate,256,naive,1,11.259958,0.999965,1.574172
aaaaakmh_s001_t000,sampling_rate,256,naive,1,4.234051,0.976942,5.675325
aaaaaknt_s001_t000,sampling_rate,256,naive,1,4.544067,0.982598,0.816232
aaaaakoo_s001_t001,sampling_rate,256,naive,1,10.705512,0.999941,0.495422
aaaaakqg_s001_t001,sampling_rate,256,naive,0,-0.979432,0.252773,2.119656
aaaaakqr_s001_t000,sampling_rate,256,naive,0,-2.518760,0.075156,0.195117
aaaaakrt_s001_t001,sampling_rate,256,naive,1,7.006809,0.998195,0.524531
aaaaakrt_s002_t001,sampling_rate,256,naive,1,7.762083,0.999103,1.332777
aaaaaksb_s001_t000,sampling_rate,256,naive,0,-2.065944,0.110021,0.529759
aaaaaksu_s001_t001,sampling_rate,256,naive,0,1.007055,0.680614,0.859341
aaaaakxz_s001_t001,sampling_rate,256,naive,1,4.435637,0.980794,1.420677
aaaaakxz_s002_t001,sampling_rate,256,naive,1,5.479469,0.992610,0.536415
aaaaalaf_s001_t000,sampling_rate,256,naive,0,-2.034617,0.112895,0.597598
aaaaalau_s001_t000,sampling_rate,256,naive,1,5.095563,0.989487,4.150150
aaaaalbh_s001_t000,sampling_rate,256,naive,1,2.635674,0.905980,1.797660
aaaaalbt_s001_t001,sampling_rate,256,naive,0,-0.254810,0.398308,0.869555
aaaaalbt_s002_t000,sampling_rate,256,naive,0,0.072229,0.472648,1.595303
aaaaalbz_s006_t000,sampling_rate,256,naive,1,7.548935,0.998907,17.361763
aaaaalid_s001_t001,sampling_rate,256,naive,0,1.106259,0.700254,3.347998
aaaaaljf_s001_t000,sampling_rate,256,naive,1,5.611350,0.993455,1.674735
aaaaaljj_s001_t000,sampling_rate,256,naive,0,-2.719331,0.063216,0.989432
aaaaallc_s001_t001,sampling_rate,256,naive,0,0.432193,0.555764,0.533423
aaaaalle_s002_t000,sampling_rate,256,naive,1,1.789503,0.814804,1.512609
aaaaalox_s001_t001,sampling_rate,256,naive,0,4.905442,0.987488,2.596584
aaaaalpv_s001_t000,sampling_rate,256,naive,0,0.654459,0.605854,6.099272
aaaaalqa_s001_t000,sampling_rate,256,naive,0,-0.234220,0.402889,1.314294
aaaaalqr_s001_t001,sampling_rate,256,naive,1,8.498187,0.999546,1.401375
aaaaalqs_s001_t001,sampling_rate,256,naive,0,-1.930823,0.122890,0.480873
aaaaalqx_s001_t000,sampling_rate,256,naive,0,-3.421934,0.033999,0.440423
aaaaalrc_s002_t000,sampling_rate,256,naive,1,14.340845,0.999998,0.107869
aaaaalsq_s001_t000,sampling_rate,256,naive,0,1.512197,0.772873,0.712242
aaaaalsx_s001_t000,sampling_rate,256,naive,1,0.681531,0.611827,1.074534
aaaaalsx_s004_t001,sampling_rate,256,naive,1,0.902803,0.659262,0.377748
aaaaaluz_s001_t001,sampling_rate,256,naive,0,-3.443140,0.033359,0.233460
aaaaalvw_s001_t000,sampling_rate,256,naive,0,-3.380938,0.035268,0.737072
aaaaalvz_s001_t000,sampling_rate,256,naive,1,10.449375,0.999926,1.588293
aaaaalxk_s001_t000,sampling_rate,256,naive,0,1.064510,0.692073,1.656976
aaaaalyr_s001_t000,sampling_rate,256,naive,1,2.748291,0.914499,0.259953
aaaaalzk_s002_t001,sampling_rate,256,naive,1,10.092084,0.999896,3.341657
aaaaamcb_s001_t001,sampling_rate,256,naive,1,8.853739,0.999673,3.021616
aaaaamfe_s001_t001,sampling_rate,256,naive,0,1.424803,0.758347,0.711002
aaaaamft_s001_t001,sampling_rate,256,naive,1,3.161451,0.940062,0.158382
aaaaamfu_s001_t000,sampling_rate,256,naive,0,-1.876498,0.128419,0.167906
aaaaamhi_s001_t000,sampling_rate,256,naive,1,6.397433,0.996830,4.654682
aaaaamhk_s001_t000,sampling_rate,256,naive,1,5.712408,0.994036,0.771480
aaaaamjc_s001_t001,sampling_rate,256,naive,1,9.766576,0.999860,0.746162
aaaaammh_s001_t001,sampling_rate,256,naive,1,4.882671,0.987224,0.347318
aaaaamnq_s001_t000,sampling_rate,256,naive,1,9.362404,0.999796,3.405254
aaaaamnq_s002_t000,sampling_rate,256,naive,1,7.467487,0.998821,0.781814
aaaaamon_s001_t000,sampling_rate,256,naive,0,0.550054,0.582534,3.469881
aaaaampz_s001_t000,sampling_rate,256,naive,1,4.292652,0.978133,2.878376
aaaaamrj_s001_t000,sampling_rate,256,naive,0,2.802780,0.918364,0.638018
aaaaamsc_s001_t000,sampling_rate,256,naive,1,7.001669,0.998186,0.225794
aaaaamtb_s001_t000,sampling_rate,256,naive,0,3.217240,0.942909,0.816311
aaaaamuc_s001_t000,sampling_rate,256,naive,0,-1.316266,0.198459,0.210061
aaaaamxn_s001_t000,sampling_rate,256,naive,1,0.461211,0.562391,0.780325
aaaaamyb_s001_t001,sampling_rate,256,naive,0,0.214710,0.505622,1.762567
aaaaamye_s001_t000,sampling_rate,256,naive,1,9.891043,0.999875,1.777390
aaaaamzi_s001_t001,sampling_rate,256,naive,1,9.040893,0.999725,2.016875
aaaaamzl_s001_t000,sampling_rate,256,naive,0,-2.121395,0.105090,0.732741
aaaaamzx_s001_t000,sampling_rate,256,naive,0,-2.252189,0.094227,2.225805
aaaaanbq_s001_t000,sampling_rate,256,naive,0,-0.355157,0.376251,0.388294
aaaaanek_s001_t000,sampling_rate,256,naive,0,-2.632298,0.068163,0.146062
aaaaangp_s001_t000,sampling_rate,256,naive,0,0.685870,0.612781,0.600209
aaaaanhb_s001_t003,sampling_rate,256,naive,1,4.483775,0.981617,2.049387
aaaaanhb_s003_t001,sampling_rate,256,naive,1,5.190137,0.990361,0.613832
aaaaanhb_s005_t000,sampling_rate,256,naive,1,8.860180,0.999675,1.280059
aaaaankf_s001_t000,sampling_rate,256,naive,1,5.980829,0.995343,2.352775
aaaaanlp_s001_t000,sampling_rate,256,naive,0,-0.920742,0.263181,0.501867
aaaaanmc_s001_t000,sampling_rate,256,naive,1,8.774594,0.999649,2.728774
aaaaanop_s001_t000,sampling_rate,256,naive,0,5.371770,0.991841,3.166065
aaaaanoz_s001_t000,sampling_rate,256,naive,1,1.154827,0.709613,0.589800
aaaaanpr_s001_t002,sampling_rate,256,naive,1,8.174704,0.999388,8.184422
aaaaanqe_s001_t000,sampling_rate,256,naive,0,-2.331287,0.088155,0.752883
aaaaanro_s001_t000,sampling_rate,256,naive,1,5.713777,0.994044,1.873944
aaaaansj_s001_t000,sampling_rate,256,naive,1,5.244184,0.990827,2.363542
aaaaanta_s001_t000,sampling_rate,256,naive,1,7.012796,0.998205,8.990091
aaaaanum_s001_t000,sampling_rate,256,naive,0,0.430635,0.555407,0.912505
aaaaanvb_s002_t000,sampling_rate,256,naive,0,-1.030313,0.243973,0.125129
aaaaanvg_s001_t002,sampling_rate,256,naive,0,4.328488,0.978832,2.093868
aaaaanvw_s001_t000,sampling_rate,256,naive,0,-2.824339,0.057694,0.667071
aaaaanwc_s001_t001,sampling_rate,256,naive,1,7.371972,0.998712,19.387047
aaaaanxl_s001_t000,sampling_rate,256,naive,1,6.850929,0.997915,13.520277
aaaaanyb_s001_t001,sampling_rate,256,naive,0,1.679368,0.798909,0.599778
aaaaanyt_s002_t000,sampling_rate,256,naive,1,8.070938,0.999326,3.274874
aaaaanyw_s001_t000,sampling_rate,256,naive,1,2.618491,0.904615,0.066601
aaaaanyw_s002_t000,sampling_rate,256,naive,1,4.148413,0.975085,1.486781
aaaaanzh_s001_t000,sampling_rate,256,naive,1,-0.549914,0.334939,2.922403
aaaaanzu_s001_t003,sampling_rate,256,naive,1,2.625278,0.905156,3.800053
aaaaaoav_s001_t000,sampling_rate,256,naive,0,-2.987570,0.050001,0.230378
aaaaaoav_s002_t000,sampling_rate,256,naive,0,-1.658689,0.152748,0.246299
aaaaaobi_s001_t000,sampling_rate,256,naive,1,0.249181,0.513603,10.490997
aaaaaobl_s001_t000,sampling_rate,256,naive,0,-0.355178,0.376247,1.738069
aaaaaoby_s001_t000,sampling_rate,256,naive,0,0.447310,0.559219,5.509524
aaaaaoda_s001_t000,sampling_rate,256,naive,1,8.338476,0.999474,9.615224
aaaaaoeg_s001_t000,sampling_rate,256,naive,0,2.422998,0.887800,0.654538
aaaaaofj_s001_t000,sampling_rate,256,naive,0,-2.252835,0.094176,0.403702
aaaaaofr_s001_t000,sampling_rate,256,naive,0,3.941198,0.969970,1.222080
aaaaaofz_s001_t000,sampling_rate,256,naive,0,0.362441,0.539756,0.633563
aaaaaohb_s001_t000,sampling_rate,256,naive,1,2.169072,0.862142,0.234227
aaaaaohr_s002_t001,sampling_rate,256,naive,1,7.143867,0.998410,0.428924
aaaaaoiq_s001_t000,sampling_rate,256,naive,1,2.878757,0.923489,0.512774
aaaaaoiv_s001_t000,sampling_rate,256,naive,1,1.606199,0.787797,0.094596
aaaaaoiv_s002_t001,sampling_rate,256,naive,1,9.241297,0.999772,0.790401
aaaaaoiv_s003_t003,sampling_rate,256,naive,1,8.569887,0.999575,0.509062
aaaaaojd_s001_t002,sampling_rate,256,naive,0,0.937295,0.666403,2.179719
aaaaaokg_s001_t000,sampling_rate,256,naive,0,4.614217,0.983675,3.220890
aaaaaoly_s001_t000,sampling_rate,256,naive,0,-0.734577,0.297962,7.662611
aaaaaome_s001_t000,sampling_rate,256,naive,0,-0.983858,0.251999,1.273993
aaaaaomx_s001_t000,sampling_rate,256,naive,0,5.597897,0.993373,3.349517
aaaaaomy_s001_t000,sampling_rate,256,naive,1,4.480777,0.981567,4.151872
aaaaaonb_s001_t000,sampling_rate,256,naive,0,1.778900,0.813317,3.014560
aaaaaons_s002_t002,sampling_rate,256,naive,1,7.825379,0.999154,0.514081
aaaaaopd_s001_t000,sampling_rate,256,naive,0,-1.192494,0.217332,3.979852
aaaaaopo_s001_t000,sampling_rate,256,naive,0,-1.663538,0.152168,0.153572
aaaaaora_s002_t000,sampling_rate,256,naive,1,2.681650,0.909546,0.404916
aaaaaord_s001_t000,sampling_rate,256,naive,1,2.454572,0.890681,0.407047
aaaaaosh_s001_t000,sampling_rate,256,naive,1,1.951078,0.836338,1.047557
aaaaaosw_s001_t000,sampling_rate,256,naive,0,1.510674,0.772626,4.626914
aaaaaote_s001_t000,sampling_rate,256,naive,0,-0.682646,0.308123,1.372103
aaaaaout_s001_t000,sampling_rate,256,naive,1,2.978433,0.929764,2.154209
aaaaaovl_s001_t000,sampling_rate,256,naive,1,3.845436,0.967275,0.145138
aaaaaovo_s001_t000,sampling_rate,256,naive,1,8.641079,0.999602,0.318518
aaaaaowb_s001_t000,sampling_rate,256,naive,0,0.278770,0.520449,1.110508
aaaaaoxf_s001_t000,sampling_rate,256,naive,0,-1.158976,0.222661,0.492462
aaaaaozf_s001_t001,sampling_rate,256,naive,0,0.032526,0.463489,1.578324
aaaaapag_s001_t000,sampling_rate,256,naive,0,-2.339925,0.087514,2.850393
aaaaapar_s001_t000,sampling_rate,256,naive,1,13.706303,0.999996,0.368246
aaaaapcb_s001_t000,sampling_rate,256,naive,0,2.692123,0.910341,0.174182
aaaaapcy_s001_t002,sampling_rate,256,naive,0,-2.805265,0.058662,0.639983
aaaaapdg_s001_t000,sampling_rate,256,naive,0,-0.895141,0.267806,0.207936
aaaaaphs_s001_t000,sampling_rate,256,naive,1,3.345585,0.948983,3.601847
aaaaaphw_s001_t000,sampling_rate,256,naive,0,2.246020,0.870399,1.093724
aaaaapij_s001_t000,sampling_rate,256,naive,0,0.709396,0.617940,0.909385
aaaaapjc_s001_t001,sampling_rate,256,naive,0,-4.600923,0.011668,0.199963
aaaaapka_s001_t000,sampling_rate,256,naive,0,-0.835684,0.278745,0.511298
aaaaapkx_s001_t001,sampling_rate,256,naive,1,-1.710349,0.146656,3.418685
aaaaaply_s001_t001,sampling_rate,256,naive,1,6.245592,0.996353,4.773894
aaaaapmb_s002_t001,sampling_rate,256,naive,1,6.943033,0.998085,0.530906
aaaaapmp_s001_t000,sampling_rate,256,naive,1,-0.273053,0.394265,1.887798
aaaaapnr_s001_t000,sampling_rate,256,naive,1,-1.732285,0.144131,2.208929
aaaaapoc_s001_t000,sampling_rate,256,naive,1,5.392741,0.991997,5.084129
aaaaapof_s001_t000,sampling_rate,256,naive,0,-3.109457,0.044902,0.238063
aaaaapoo_s001_t000,sampling_rate,256,naive,0,-3.175896,0.042335,1.428681
aaaaapoq_s001_t000,sampling_rate,256,naive,0,2.053834,0.848955,2.366933
aaaaappb_s001_t000,sampling_rate,256,naive,0,1.546606,0.778421,5.052169
aaaaapqd_s001_t000,sampling_rate,256,naive,1,1.292256,0.735135,4.307074
aaaaapqv_s001_t000,sampling_rate,256,naive,0,-3.044910,0.047537,2.777417
aaaaapta_s001_t000,sampling_rate,256,naive,1,8.244017,0.999426,1.695499
aaaaapth_s001_t000,sampling_rate,256,naive,1,3.598713,0.959213,2.951809
aaaaapua_s001_t001,sampling_rate,256,naive,0,-3.516335,0.031240,0.327389
aaaaapuu_s001_t000,sampling_rate,256,naive,0,-1.506503,0.171902,1.631071
aaaaapvw_s001_t001,sampling_rate,256,naive,1,5.510472,0.992818,4.393265
aaaaapvy_s001_t000,sampling_rate,256,naive,1,6.222747,0.996275,5.942804
aaaaapwn_s001_t001,sampling_rate,256,naive,0,-1.136991,0.226207,1.580596
aaaaapwo_s001_t001,sampling_rate,256,naive,1,8.938663,0.999698,1.133816
aaaaapxm_s001_t001,sampling_rate,256,naive,0,-1.650615,0.153719,0.431702
aaaaapys_s001_t001,sampling_rate,256,naive,1,13.090827,0.999994,0.293525
aaaaapys_s002_t001,sampling_rate,256,naive,1,10.870522,0.999950,7.678355
aaaaaayx_s002_t000,sampling_rate,512,canonicalized,0,-0.025167,0.450226,1.641812
aaaaabdo_s003_t000,sampling_rate,512,canonicalized,1,7.925582,0.999229,1.866248
aaaaabsk_s007_t000,sampling_rate,512,canonicalized,1,1.569736,0.782095,1.104986
aaaaabuv_s002_t000,sampling_rate,512,canonicalized,1,2.915375,0.925852,1.344094
aaaaacad_s003_t000,sampling_rate,512,canonicalized,0,0.355874,0.538245,0.559417
aaaaacby_s004_t000,sampling_rate,512,canonicalized,0,-0.235335,0.402641,0.265328
aaaaaddm_s006_t000,sampling_rate,512,canonicalized,1,3.460087,0.953881,4.741818
aaaaadeu_s002_t000,sampling_rate,512,canonicalized,1,2.695608,0.910604,1.185351
aaaaadjk_s002_t000,sampling_rate,512,canonicalized,0,-2.343678,0.087237,0.318470
aaaaadkb_s002_t000,sampling_rate,512,canonicalized,1,6.973660,0.998139,6.770427
aaaaadsm_s002_t001,sampling_rate,512,canonicalized,0,-2.153424,0.102332,0.950535
aaaaaeab_s003_t000,sampling_rate,512,canonicalized,0,-0.482244,0.349046,0.453897
aaaaaejc_s003_t001,sampling_rate,512,canonicalized,0,2.904649,0.925167,0.830712
aaaaaezn_s003_t001,sampling_rate,512,canonicalized,1,1.064213,0.692014,6.669955
aaaaafhl_s003_t000,sampling_rate,512,canonicalized,1,2.954268,0.928288,0.267657
aaaaagfk_s003_t000,sampling_rate,512,canonicalized,0,-1.194630,0.216996,1.440758
aaaaagsc_s003_t001,sampling_rate,512,canonicalized,1,4.638496,0.984033,5.926310
aaaaagsc_s006_t001,sampling_rate,512,canonicalized,1,1.085396,0.696181,1.336509
aaaaaguk_s002_t001,sampling_rate,512,canonicalized,0,-3.794851,0.024308,0.389040
aaaaagvx_s002_t000,sampling_rate,512,canonicalized,1,0.562020,0.585228,0.771555
aaaaagvx_s003_t001,sampling_rate,512,canonicalized,1,1.901416,0.829942,0.692535
aaaaagyr_s002_t000,sampling_rate,512,canonicalized,1,-0.573745,0.330039,0.724180
aaaaahie_s005_t001,sampling_rate,512,canonicalized,1,7.720230,0.999067,1.994582
aaaaahsv_s002_t000,sampling_rate,512,canonicalized,0,-0.677385,0.309163,2.529431
aaaaahte_s002_t000,sampling_rate,512,canonicalized,1,8.930375,0.999696,3.599977
aaaaahte_s003_t000,sampling_rate,512,canonicalized,1,9.464327,0.999814,0.420241
aaaaahuy_s002_t000,sampling_rate,512,canonicalized,1,-1.478965,0.175564,0.058987
aaaaahzi_s001_t000,sampling_rate,512,canonicalized,0,-0.862329,0.273809,0.706518
aaaaahzm_s001_t001,sampling_rate,512,canonicalized,0,-1.099265,0.232383,1.353821
aaaaahzq_s001_t000,sampling_rate,512,canonicalized,0,-3.629276,0.028224,0.061083
aaaaahzs_s001_t001,sampling_rate,512,canonicalized,0,-1.058305,0.239221,1.696783
aaaaaiae_s001_t000,sampling_rate,512,canonicalized,0,0.782215,0.633737,2.176034
aaaaaibx_s001_t000,sampling_rate,512,canonicalized,0,0.153545,0.491456,0.223058
aaaaaiby_s001_t000,sampling_rate,512,canonicalized,0,-1.224440,0.212340,1.143064
aaaaaici_s001_t000,sampling_rate,512,canonicalized,0,-2.138328,0.103624,4.614141
aaaaaicn_s001_t000,sampling_rate,512,canonicalized,0,0.737859,0.624146,2.042100
aaaaaijh_s002_t000,sampling_rate,512,canonicalized,1,-2.879160,0.054994,0.419104
aaaaaijn_s001_t001,sampling_rate,512,canonicalized,0,-0.256024,0.398039,0.626204
aaaaairb_s001_t001,sampling_rate,512,canonicalized,0,-0.384362,0.369923,0.813411
aaaaairo_s001_t000,sampling_rate,512,canonicalized,0,-2.604432,0.069821,1.125600
aaaaaitt_s001_t000,sampling_rate,512,canonicalized,0,-3.339164,0.036609,3.795034
aaaaaiue_s004_t000,sampling_rate,512,canonicalized,1,0.265789,0.517447,3.818455
aaaaaiuo_s002_t000,sampling_rate,512,canonicalized,0,3.015133,0.931952,0.820506
aaaaaiwz_s001_t001,sampling_rate,512,canonicalized,0,-1.711664,0.146504,0.823310
aaaaaiyy_s001_t001,sampling_rate,512,canonicalized,0,-3.160811,0.042905,0.223820
aaaaaizd_s001_t001,sampling_rate,512,canonicalized,0,-0.066177,0.440841,2.655722
aaaaaizs_s001_t000,sampling_rate,512,canonicalized,0,1.174196,0.713297,1.105123
aaaaajae_s001_t001,sampling_rate,512,canonicalized,0,5.347911,0.991661,3.859607
aaaaajah_s002_t001,sampling_rate,512,canonicalized,1,0.543674,0.581096,1.081371
aaaaajah_s004_t000,sampling_rate,512,canonicalized,1,-0.905252,0.265973,2.921319
aaaaajal_s001_t001,sampling_rate,512,canonicalized,0,-3.203092,0.041325,0.334738
aaaaajam_s001_t000,sampling_rate,512,canonicalized,1,-0.940922,0.259571,0.334821
aaaaajar_s001_t001,sampling_rate,512,canonicalized,0,-0.848438,0.276375,0.129451
aaaaajbb_s001_t000,sampling_rate,512,canonicalized,0,1.955078,0.836845,0.570171
aaaaajbh_s002_t000,sampling_rate,512,canonicalized,0,-4.378828,0.014296,0.263272
aaaaajce_s001_t000,sampling_rate,512,canonicalized,0,-0.977216,0.253161,0.158300
aaaaajci_s001_t000,sampling_rate,512,canonicalized,0,-3.060266,0.046897,1.476330
aaaaajck_s001_t000,sampling_rate,512,canonicalized,0,-3.931990,0.021470,0.060671
aaaaajct_s001_t000,sampling_rate,512,canonicalized,0,1.568768,0.781942,3.682568
aaaaajcu_s001_t000,sampling_rate,512,canonicalized,0,0.625597,0.599450,0.732895
aaaaajda_s001_t000,sampling_rate,512,canonicalized,0,-3.743379,0.025465,0.412591
aaaaajdb_s001_t000,sampling_rate,512,canonicalized,0,-1.574505,0.163118,3.449113
aaaaajdv_s001_t000,sampling_rate,512,canonicalized,0,2.760727,0.915395,4.487709
aaaaajdy_s001_t000,sampling_rate,512,canonicalized,0,-2.679765,0.065422,0.928951
aaaaajdz_s001_t000,sampling_rate,512,canonicalized,0,-1.400666,0.186313,0.401961
aaaaajea_s001_t000,sampling_rate,512,canonicalized,0,2.397772,0.885450,2.933878
aaaaajen_s001_t000,sampling_rate,512,canonicalized,0,-1.961308,0.119878,1.827162
aaaaajey_s001_t000,sampling_rate,512,canonicalized,0,-0.494807,0.346406,0.468591
aaaaajfb_s001_t000,sampling_rate,512,canonicalized,0,-3.417688,0.034128,1.823423
aaaaajfe_s001_t000,sampling_rate,512,canonicalized,0,-1.594375,0.160620,0.370246
aaaaajff_s001_t000,sampling_rate,512,canonicalized,0,-3.738941,0.025567,0.616951
aaaaajfi_s001_t001,sampling_rate,512,canonicalized,0,-1.185907,0.218372,0.249010
aaaaajfn_s001_t001,sampling_rate,512,canonicalized,0,-2.655187,0.066828,1.141131
aaaaajfy_s001_t000,sampling_rate,512,canonicalized,0,-4.199050,0.016843,0.196124
aaaaajga_s001_t001,sampling_rate,512,canonicalized,0,0.579476,0.589148,5.431821
aaaaajhy_s001_t000,sampling_rate,512,canonicalized,0,-2.983782,0.050168,3.462798
aaaaajit_s001_t001,sampling_rate,512,canonicalized,0,-3.364377,0.035794,0.586950
aaaaajiu_s001_t000,sampling_rate,512,canonicalized,0,1.545867,0.778303,5.255726
aaaaajiy_s001_t001,sampling_rate,512,canonicalized,0,-0.450807,0.355692,1.433308
aaaaajiz_s001_t000,sampling_rate,512,canonicalized,0,-1.259111,0.207017,1.074203
aaaaajjb_s001_t001,sampling_rate,512,canonicalized,0,1.955047,0.836841,4.563411
aaaaajje_s001_t000,sampling_rate,512,canonicalized,0,-2.055294,0.110991,5.392805
aaaaajjk_s001_t000,sampling_rate,512,canonicalized,0,-2.336449,0.087772,0.364042
aaaaajna_s001_t000,sampling_rate,512,canonicalized,0,-1.456283,0.178627,1.811454
aaaaajnu_s001_t000,sampling_rate,512,canonicalized,0,-2.565740,0.072186,4.502586
aaaaajon_s001_t000,sampling_rate,512,canonicalized,0,-0.854219,0.275305,0.337570
aaaaajoo_s002_t001,sampling_rate,512,canonicalized,1,-0.030635,0.448973,2.534363
aaaaajpg_s001_t001,sampling_rate,512,canonicalized,0,-2.263002,0.093375,0.541615
aaaaajqh_s004_t000,sampling_rate,512,canonicalized,1,8.928158,0.999695,6.610029
aaaaajqk_s003_t001,sampling_rate,512,canonicalized,1,4.985246,0.988369,0.783632
aaaaajrf_s001_t000,sampling_rate,512,canonicalized,1,6.837253,0.997889,2.179897
aaaaajrf_s002_t000,sampling_rate,512,canonicalized,1,11.580376,0.999974,5.004047
aaaaajrf_s003_t002,sampling_rate,512,canonicalized,1,10.358933,0.999919,2.070800
aaaaajrf_s004_t000,sampling_rate,512,canonicalized,1,3.122461,0.937994,0.374747
aaaaajso_s001_t000,sampling_rate,512,canonicalized,1,8.739441,0.999637,5.987203
aaaaajtg_s001_t000,sampling_rate,512,canonicalized,0,-0.179351,0.415176,2.759265
aaaaajtu_s001_t000,sampling_rate,512,canonicalized,0,-0.269067,0.395147,1.712315
aaaaajuh_s001_t000,sampling_rate,512,canonicalized,1,7.598644,0.998956,4.500744
aaaaajun_s001_t000,sampling_rate,512,canonicalized,0,4.561239,0.982868,1.297682
aaaaajvh_s001_t001,sampling_rate,512,canonicalized,0,-2.210221,0.097598,0.371018
aaaaajxp_s001_t000,sampling_rate,512,canonicalized,0,0.774035,0.631976,1.543933
aaaaakck_s001_t001,sampling_rate,512,canonicalized,1,1.794584,0.815513,0.108523
aaaaakcx_s001_t001,sampling_rate,512,canonicalized,1,9.797846,0.999864,1.625243
aaaaakcy_s005_t001,sampling_rate,512,canonicalized,1,8.814533,0.999661,0.445038
aaaaakdj_s001_t000,sampling_rate,512,canonicalized,1,0.483761,0.567526,0.716949
aaaaakdo_s001_t000,sampling_rate,512,canonicalized,1,0.463354,0.562880,2.701247
aaaaakeq_s001_t000,sampling_rate,512,canonicalized,1,1.956905,0.837076,1.079316
aaaaakeq_s002_t000,sampling_rate,512,canonicalized,1,2.274193,0.873315,5.403133
aaaaakeq_s003_t000,sampling_rate,512,canonicalized,1,3.923963,0.969501,2.351089
aaaaakev_s001_t001,sampling_rate,512,canonicalized,1,9.226360,0.999769,4.685142
aaaaakev_s002_t000,sampling_rate,512,canonicalized,1,8.931937,0.999696,5.474911
aaaaakft_s001_t000,sampling_rate,512,canonicalized,0,-2.864676,0.055695,0.921781
aaaaakgp_s001_t001,sampling_rate,512,canonicalized,0,0.773351,0.631828,1.785137
aaaaakgu_s001_t000,sampling_rate,512,canonicalized,1,-1.847287,0.131479,0.206726
aaaaakjk_s002_t002,sampling_rate,512,canonicalized,1,2.177217,0.863037,7.622928
aaaaakjk_s003_t000,sampling_rate,512,canonicalized,1,2.421625,0.887673,0.654609
aaaaakka_s001_t001,sampling_rate,512,canonicalized,0,-1.151194,0.223911,1.134882
aaaaakmg_s003_t001,sampling_rate,512,canonicalized,1,8.228145,0.999417,1.171125
aaaaakmh_s001_t000,sampling_rate,512,canonicalized,1,1.319834,0.740080,4.216348
aaaaaknt_s001_t000,sampling_rate,512,canonicalized,1,3.679085,0.962029,0.715975
aaaaakoo_s001_t001,sampling_rate,512,canonicalized,1,8.797462,0.999656,0.767023
aaaaakqg_s001_t001,sampling_rate,512,canonicalized,0,-1.245019,0.209169,1.261556
aaaaakqr_s001_t000,sampling_rate,512,canonicalized,0,-2.839931,0.056914,0.327498
aaaaakrt_s001_t001,sampling_rate,512,canonicalized,1,6.956543,0.998109,0.396339
aaaaakrt_s002_t001,sampling_rate,512,canonicalized,1,7.539743,0.998898,0.514476
aaaaaksb_s001_t000,sampling_rate,512,canonicalized,0,-2.303503,0.090247,0.292948
aaaaaksu_s001_t001,sampling_rate,512,canonicalized,0,0.887222,0.656012,0.554762
aaaaakxz_s001_t001,sampling_rate,512,canonicalized,1,4.138093,0.974852,1.016232
aaaaakxz_s002_t001,sampling_rate,512,canonicalized,1,4.492867,0.981768,0.345798
aaaaalaf_s001_t000,sampling_rate,512,canonicalized,0,-2.251429,0.094287,0.541747
aaaaalau_s001_t000,sampling_rate,512,canonicalized,1,5.502170,0.992763,5.032142
aaaaalbh_s001_t000,sampling_rate,512,canonicalized,1,2.348001,0.880690,2.232535
aaaaalbt_s001_t001,sampling_rate,512,canonicalized,0,-0.672555,0.310120,0.463934
aaaaalbt_s002_t000,sampling_rate,512,canonicalized,0,-0.868588,0.272657,0.815106
aaaaalbz_s006_t000,sampling_rate,512,canonicalized,1,7.641249,0.998996,17.273558
aaaaalid_s001_t001,sampling_rate,512,canonicalized,0,1.461671,0.764551,0.835852
aaaaaljf_s001_t000,sampling_rate,512,canonicalized,1,5.354307,0.991709,1.744060
aaaaaljj_s001_t000,sampling_rate,512,canonicalized,0,-2.679065,0.065462,0.897622
aaaaallc_s001_t001,sampling_rate,512,canonicalized,0,0.126772,0.485258,0.619158
aaaaalle_s002_t000,sampling_rate,512,canonicalized,1,1.174182,0.713294,1.555040
aaaaalox_s001_t001,sampling_rate,512,canonicalized,0,4.681336,0.984644,2.378644
aaaaalpv_s001_t000,sampling_rate,512,canonicalized,0,-0.070866,0.439770,2.636393
aaaaalqa_s001_t000,sampling_rate,512,canonicalized,0,-0.548389,0.335253,0.830955
aaaaalqr_s001_t001,sampling_rate,512,canonicalized,1,0.829057,0.643750,0.376479
aaaaalqs_s001_t001,sampling_rate,512,canonicalized,0,-2.136269,0.103801,0.467546
aaaaalqx_s001_t000,sampling_rate,512,canonicalized,0,-3.582328,0.029442,0.265114
aaaaalrc_s002_t000,sampling_rate,512,canonicalized,1,12.817748,0.999992,0.106466
aaaaalsq_s001_t000,sampling_rate,512,canonicalized,0,0.992005,0.677575,0.667729
aaaaalsx_s001_t000,sampling_rate,512,canonicalized,1,0.230046,0.509174,1.231797
aaaaalsx_s004_t001,sampling_rate,512,canonicalized,1,0.697868,0.615416,0.188700
aaaaaluz_s001_t001,sampling_rate,512,canonicalized,0,-3.497464,0.031774,0.255954
aaaaalvw_s001_t000,sampling_rate,512,canonicalized,0,-3.586967,0.029319,0.505368
aaaaalvz_s001_t000,sampling_rate,512,canonicalized,1,9.586695,0.999834,1.822032
aaaaalxk_s001_t000,sampling_rate,512,canonicalized,0,-0.022521,0.450833,0.557266
aaaaalyr_s001_t000,sampling_rate,512,canonicalized,1,1.684186,0.799625,0.568411
aaaaalzk_s002_t001,sampling_rate,512,canonicalized,1,9.933331,0.999880,3.701631
aaaaamcb_s001_t001,sampling_rate,512,canonicalized,1,8.343650,0.999476,2.634768
aaaaamfe_s001_t001,sampling_rate,512,canonicalized,0,0.202956,0.502900,0.102772
aaaaamft_s001_t001,sampling_rate,512,canonicalized,1,1.486940,0.768739,0.219795
aaaaamfu_s001_t000,sampling_rate,512,canonicalized,0,-2.040608,0.112340,0.137240
aaaaamhi_s001_t000,sampling_rate,512,canonicalized,1,5.421068,0.992203,6.749561
aaaaamhk_s001_t000,sampling_rate,512,canonicalized,1,5.353238,0.991701,0.540057
aaaaamjc_s001_t001,sampling_rate,512,canonicalized,1,8.609938,0.999591,0.594937
aaaaammh_s001_t001,sampling_rate,512,canonicalized,1,2.914324,0.925785,0.377554
aaaaamnq_s001_t000,sampling_rate,512,canonicalized,1,7.656445,0.999010,3.144136
aaaaamnq_s002_t000,sampling_rate,512,canonicalized,1,5.668691,0.993791,0.414764
aaaaamon_s001_t000,sampling_rate,512,canonicalized,0,-0.164793,0.418455,2.897730
aaaaampz_s001_t000,sampling_rate,512,canonicalized,1,1.237461,0.725133,3.259908
aaaaamrj_s001_t000,sampling_rate,512,canonicalized,0,1.698511,0.801743,0.556991
aaaaamsc_s001_t000,sampling_rate,512,canonicalized,1,6.413770,0.996877,0.208373
aaaaamtb_s001_t000,sampling_rate,512,canonicalized,0,2.962154,0.928773,0.825172
aaaaamuc_s001_t000,sampling_rate,512,canonicalized,0,-1.972302,0.118808,0.171942
aaaaamxn_s001_t000,sampling_rate,512,canonicalized,1,0.283411,0.521522,0.584945
aaaaamyb_s001_t001,sampling_rate,512,canonicalized,0,0.003086,0.456714,1.342126
aaaaamye_s001_t000,sampling_rate,512,canonicalized,1,10.403961,0.999922,0.824622
aaaaamzi_s001_t001,sampling_rate,512,canonicalized,1,6.341418,0.996661,1.102973
aaaaamzl_s001_t000,sampling_rate,512,canonicalized,0,-2.156067,0.102107,0.580347
aaaaamzx_s001_t000,sampling_rate,512,canonicalized,0,-2.699697,0.064302,2.262969
aaaaanbq_s001_t000,sampling_rate,512,canonicalized,0,-1.097326,0.232704,0.291510
aaaaanek_s001_t000,sampling_rate,512,canonicalized,0,-2.810046,0.058418,0.111198
aaaaangp_s001_t000,sampling_rate,512,canonicalized,0,0.130174,0.486045,0.528491
aaaaanhb_s001_t003,sampling_rate,512,canonicalized,1,2.871416,0.923007,1.573009
aaaaanhb_s003_t001,sampling_rate,512,canonicalized,1,5.256614,0.990931,0.577802
aaaaanhb_s005_t000,sampling_rate,512,canonicalized,1,9.092866,0.999738,0.830538
aaaaankf_s001_t000,sampling_rate,512,canonicalized,1,4.499221,0.981873,2.168289
aaaaanlp_s001_t000,sampling_rate,512,canonicalized,0,-1.273490,0.204839,0.276207
aaaaanmc_s001_t000,sampling_rate,512,canonicalized,1,8.578250,0.999579,3.356281
aaaaanop_s001_t000,sampling_rate,512,canonicalized,0,1.152694,0.709205,2.546091
aaaaanoz_s001_t000,sampling_rate,512,canonicalized,1,0.319149,0.529778,0.648669
aaaaanpr_s001_t002,sampling_rate,512,canonicalized,1,5.410761,0.992129,7.223303
aaaaanqe_s001_t000,sampling_rate,512,canonicalized,0,-2.938228,0.052218,0.534301
aaaaanro_s001_t000,sampling_rate,512,canonicalized,1,3.452126,0.953556,1.692983
aaaaansj_s001_t000,sampling_rate,512,canonicalized,1,5.332843,0.991544,3.566718
aaaaanta_s001_t000,sampling_rate,512,canonicalized,1,6.244699,0.996350,8.311305
aaaaanum_s001_t000,sampling_rate,512,canonicalized,0,-0.038292,0.447219,1.306436
aaaaanvb_s002_t000,sampling_rate,512,canonicalized,0,-1.346317,0.194067,0.187179
aaaaanvg_s001_t002,sampling_rate,512,canonicalized,0,2.467614,0.891852,1.066079
aaaaanvw_s001_t000,sampling_rate,512,canonicalized,0,-2.888721,0.054535,0.777083
aaaaanwc_s001_t001,sampling_rate,512,canonicalized,1,6.938640,0.998077,15.070379
aaaaanxl_s001_t000,sampling_rate,512,canonicalized,1,6.447832,0.996974,12.764810
aaaaanyb_s001_t001,sampling_rate,512,canonicalized,0,1.114722,0.701897,0.843776
aaaaanyt_s002_t000,sampling_rate,512,canonicalized,1,6.023864,0.995524,2.525411
aaaaanyw_s001_t000,sampling_rate,512,canonicalized,1,2.583227,0.901758,0.189341
aaaaanyw_s002_t000,sampling_rate,512,canonicalized,1,4.317518,0.978621,1.652541
aaaaanzh_s001_t000,sampling_rate,512,canonicalized,1,-0.692199,0.306240,3.062341
aaaaanzu_s001_t003,sampling_rate,512,canonicalized,1,2.106474,0.855104,3.453212
aaaaaoav_s001_t000,sampling_rate,512,canonicalized,0,-2.816634,0.058083,0.293288
aaaaaoav_s002_t000,sampling_rate,512,canonicalized,0,-1.601268,0.159761,0.447168
aaaaaobi_s001_t000,sampling_rate,512,canonicalized,1,-0.475832,0.350397,10.480361
aaaaaobl_s001_t000,sampling_rate,512,canonicalized,0,-0.261892,0.396737,2.012850
aaaaaoby_s001_t000,sampling_rate,512,canonicalized,0,-0.059876,0.442280,4.814158
aaaaaoda_s001_t000,sampling_rate,512,canonicalized,1,8.209935,0.999407,8.729358
aaaaaoeg_s001_t000,sampling_rate,512,canonicalized,0,1.657380,0.795616,0.786181
aaaaaofj_s001_t000,sampling_rate,512,canonicalized,0,-2.467110,0.078550,0.438165
aaaaaofr_s001_t000,sampling_rate,512,canonicalized,0,3.137514,0.938800,1.409268
aaaaaofz_s001_t000,sampling_rate,512,canonicalized,0,0.148240,0.490228,0.986954
aaaaaohb_s001_t000,sampling_rate,512,canonicalized,1,2.642069,0.906483,0.358702
aaaaaohr_s002_t001,sampling_rate,512,canonicalized,1,6.370704,0.996750,0.453380
aaaaaoiq_s001_t000,sampling_rate,512,canonicalized,1,2.109079,0.855402,0.352912
aaaaaoiv_s001_t000,sampling_rate,512,canonicalized,1,0.836112,0.645248,0.116339
aaaaaoiv_s002_t001,sampling_rate,512,canonicalized,1,9.132602,0.999748,1.197540
aaaaaoiv_s003_t003,sampling_rate,512,canonicalized,1,6.776756,0.997767,0.069028
aaaaaojd_s001_t002,sampling_rate,512,canonicalized,0,0.263621,0.516945,2.103500
aaaaaokg_s001_t000,sampling_rate,512,canonicalized,0,4.596554,0.983410,3.043201
aaaaaoly_s001_t000,sampling_rate,512,canonicalized,0,-0.812869,0.283014,6.798567
aaaaaome_s001_t000,sampling_rate,512,canonicalized,0,-1.090485,0.233837,2.226401
aaaaaomx_s001_t000,sampling_rate,512,canonicalized,0,-0.127325,0.426926,0.782286
aaaaaomy_s001_t000,sampling_rate,512,canonicalized,1,4.435234,0.980787,5.569699
aaaaaonb_s001_t000,sampling_rate,512,canonicalized,0,1.089014,0.696889,2.022367
aaaaaons_s002_t002,sampling_rate,512,canonicalized,1,7.403234,0.998749,0.384826
aaaaaopd_s001_t000,sampling_rate,512,canonicalized,0,-0.581690,0.328413,2.413692
aaaaaopo_s001_t000,sampling_rate,512,canonicalized,0,-1.940338,0.121943,0.107787
aaaaaora_s002_t000,sampling_rate,512,canonicalized,1,2.271893,0.873079,0.544675
aaaaaord_s001_t000,sampling_rate,512,canonicalized,1,2.100962,0.854470,0.541814
aaaaaosh_s001_t000,sampling_rate,512,canonicalized,1,1.490952,0.769400,1.336193
aaaaaosw_s001_t000,sampling_rate,512,canonicalized,0,1.327491,0.741442,3.998472
aaaaaote_s001_t000,sampling_rate,512,canonicalized,0,-1.075720,0.236297,0.974874
aaaaaout_s001_t000,sampling_rate,512,canonicalized,1,2.822318,0.919711,2.508492
aaaaaovl_s001_t000,sampling_rate,512,canonicalized,1,4.270566,0.977692,0.104365
aaaaaovo_s001_t000,sampling_rate,512,canonicalized,1,8.511721,0.999552,0.175738
aaaaaowb_s001_t000,sampling_rate,512,canonicalized,0,0.214505,0.505575,0.999647
aaaaaoxf_s001_t000,sampling_rate,512,canonicalized,0,-1.474365,0.176182,0.608623
aaaaaozf_s001_t001,sampling_rate,512,canonicalized,0,-0.266068,0.395811,1.551877
aaaaapag_s001_t000,sampling_rate,512,canonicalized,0,-2.309664,0.089779,2.329529
aaaaapar_s001_t000,sampling_rate,512,canonicalized,1,12.147375,0.999985,0.285819
aaaaapcb_s001_t000,sampling_rate,512,canonicalized,0,3.172024,0.940612,0.207684
aaaaapcy_s001_t002,sampling_rate,512,canonicalized,0,-3.068471,0.046559,0.351617
aaaaapdg_s001_t000,sampling_rate,512,canonicalized,0,-1.166427,0.221468,0.095308
aaaaaphs_s001_t000,sampling_rate,512,canonicalized,1,3.345072,0.948960,3.499892
aaaaaphw_s001_t000,sampling_rate,512,canonicalized,0,1.790494,0.814942,0.633103
aaaaapij_s001_t000,sampling_rate,512,canonicalized,0,0.369678,0.541422,1.115369
aaaaapjc_s001_t001,sampling_rate,512,canonicalized,0,-4.549049,0.012235,0.229388
aaaaapka_s001_t000,sampling_rate,512,canonicalized,0,-1.019735,0.245785,0.448219
aaaaapkx_s001_t001,sampling_rate,512,canonicalized,1,-1.869296,0.129168,3.328372
aaaaaply_s001_t001,sampling_rate,512,canonicalized,1,3.828978,0.966789,3.417973
aaaaapmb_s002_t001,sampling_rate,512,canonicalized,1,6.928244,0.998059,0.861749
aaaaapmp_s001_t000,sampling_rate,512,canonicalized,1,-0.586727,0.327384,1.983363
aaaaapnr_s001_t000,sampling_rate,512,canonicalized,1,-1.749917,0.142128,1.942849
aaaaapoc_s001_t000,sampling_rate,512,canonicalized,1,4.955039,0.988043,5.339946
aaaaapof_s001_t000,sampling_rate,512,canonicalized,0,-3.438114,0.033510,0.165169
aaaaapoo_s001_t000,sampling_rate,512,canonicalized,0,-3.074628,0.046306,1.601361
aaaaapoq_s001_t000,sampling_rate,512,canonicalized,0,1.177125,0.713851,2.098930
aaaaappb_s001_t000,sampling_rate,512,canonicalized,0,0.317890,0.529487,3.426345
aaaaapqd_s001_t000,sampling_rate,512,canonicalized,1,1.122361,0.703376,3.250249
aaaaapqv_s001_t000,sampling_rate,512,canonicalized,0,-3.154909,0.043130,2.161733
aaaaapta_s001_t000,sampling_rate,512,canonicalized,1,6.244861,0.996350,1.599174
aaaaapth_s001_t000,sampling_rate,512,canonicalized,1,2.739643,0.913870,6.319567
aaaaapua_s001_t001,sampling_rate,512,canonicalized,0,-3.691950,0.026674,0.443968
aaaaapuu_s001_t000,sampling_rate,512,canonicalized,0,-2.102124,0.106781,1.806382
aaaaapvw_s001_t001,sampling_rate,512,canonicalized,1,5.373899,0.991857,3.248297
aaaaapvy_s001_t000,sampling_rate,512,canonicalized,1,4.108696,0.974175,9.223779
aaaaapwn_s001_t001,sampling_rate,512,canonicalized,0,-1.265169,0.206097,1.690806
aaaaapwo_s001_t001,sampling_rate,512,canonicalized,1,8.852822,0.999673,0.651880
aaaaapxm_s001_t001,sampling_rate,512,canonicalized,0,-1.801082,0.136445,0.509562
aaaaapys_s001_t001,sampling_rate,512,canonicalized,1,12.597994,0.999990,0.186615
aaaaapys_s002_t001,sampling_rate,512,canonicalized,1,9.338442,0.999792,5.865139
aaaaaayx_s002_t000,sampling_rate,512,naive,0,3.778521,0.965255,12.037420
aaaaabdo_s003_t000,sampling_rate,512,naive,1,6.625964,0.997433,11.632528
aaaaabsk_s007_t000,sampling_rate,512,naive,1,4.013300,0.971856,1.559768
aaaaabuv_s002_t000,sampling_rate,512,naive,1,6.359502,0.996717,3.158982
aaaaacad_s003_t000,sampling_rate,512,naive,0,1.845167,0.822460,1.082167
aaaaacby_s004_t000,sampling_rate,512,naive,0,3.079741,0.935652,0.356886
aaaaaddm_s006_t000,sampling_rate,512,naive,1,4.397365,0.980115,7.842513
aaaaadeu_s002_t000,sampling_rate,512,naive,1,6.245909,0.996354,0.955172
aaaaadjk_s002_t000,sampling_rate,512,naive,0,1.200613,0.718276,0.111090
aaaaadkb_s002_t000,sampling_rate,512,naive,1,8.530836,0.999560,5.478829
aaaaadsm_s002_t001,sampling_rate,512,naive,0,-0.205283,0.409355,0.406017
aaaaaeab_s003_t000,sampling_rate,512,naive,0,5.046850,0.989007,1.472397
aaaaaejc_s003_t001,sampling_rate,512,naive,0,4.205761,0.976344,5.336046
aaaaaezn_s003_t001,sampling_rate,512,naive,1,2.697223,0.910726,3.165386
aaaaafhl_s003_t000,sampling_rate,512,naive,1,-1.393905,0.187264,0.819540
aaaaagfk_s003_t000,sampling_rate,512,naive,0,0.745045,0.625707,0.614794
aaaaagsc_s003_t001,sampling_rate,512,naive,1,4.762681,0.985743,4.336896
aaaaagsc_s006_t001,sampling_rate,512,naive,1,2.497805,0.894520,1.030918
aaaaaguk_s002_t001,sampling_rate,512,naive,0,-0.661278,0.312360,0.380975
aaaaagvx_s002_t000,sampling_rate,512,naive,1,3.213020,0.942698,0.881205
aaaaagvx_s003_t001,sampling_rate,512,naive,1,4.873172,0.987113,1.005990
aaaaagyr_s002_t000,sampling_rate,512,naive,1,3.761663,0.964727,2.688198
aaaaahie_s005_t001,sampling_rate,512,naive,1,8.174198,0.999387,1.665671
aaaaahsv_s002_t000,sampling_rate,512,naive,0,2.256270,0.871467,4.900896
aaaaahte_s002_t000,sampling_rate,512,naive,1,3.219636,0.943028,8.956832
aaaaahte_s003_t000,sampling_rate,512,naive,1,4.037412,0.972461,0.808702
aaaaahuy_s002_t000,sampling_rate,512,naive,1,4.695084,0.984836,0.228343
aaaaahzi_s001_t000,sampling_rate,512,naive,0,2.669567,0.908621,5.172199
aaaaahzm_s001_t001,sampling_rate,512,naive,0,-0.402974,0.365913,0.501482
aaaaahzq_s001_t000,sampling_rate,512,naive,0,1.236796,0.725010,5.586285
aaaaahzs_s001_t001,sampling_rate,512,naive,0,2.295065,0.875439,1.037336
aaaaaiae_s001_t000,sampling_rate,512,naive,0,-0.671586,0.310312,0.379997
aaaaaibx_s001_t000,sampling_rate,512,naive,0,0.816260,0.641027,0.409965
aaaaaiby_s001_t000,sampling_rate,512,naive,0,4.705686,0.984982,1.050880
aaaaaici_s001_t000,sampling_rate,512,naive,0,3.036817,0.933215,5.002725
aaaaaicn_s001_t000,sampling_rate,512,naive,0,2.847335,0.921406,2.544151
aaaaaijh_s002_t000,sampling_rate,512,naive,1,2.565934,0.900329,2.824468
aaaaaijn_s001_t001,sampling_rate,512,naive,0,1.178673,0.714144,0.450360
aaaaairb_s001_t001,sampling_rate,512,naive,0,1.354506,0.746211,1.457598
aaaaairo_s001_t000,sampling_rate,512,naive,0,2.225419,0.868231,8.418558
aaaaaitt_s001_t000,sampling_rate,512,naive,0,3.580053,0.958532,3.172760
aaaaaiue_s004_t000,sampling_rate,512,naive,1,2.453599,0.890593,1.248046
aaaaaiuo_s002_t000,sampling_rate,512,naive,0,2.809246,0.918812,4.801599
aaaaaiwz_s001_t001,sampling_rate,512,naive,0,1.277047,0.732382,1.271817
aaaaaiyy_s001_t001,sampling_rate,512,naive,0,1.678418,0.798768,0.573079
aaaaaizd_s001_t001,sampling_rate,512,naive,0,3.446067,0.953306,2.847867
aaaaaizs_s001_t000,sampling_rate,512,naive,0,3.044481,0.933656,0.925854
aaaaajae_s001_t001,sampling_rate,512,naive,0,1.721170,0.805059,3.215622
aaaaajah_s002_t001,sampling_rate,512,naive,1,1.407300,0.755363,1.182949
aaaaajah_s004_t000,sampling_rate,512,naive,1,0.363954,0.540105,1.833656
aaaaajal_s001_t001,sampling_rate,512,naive,0,2.095803,0.853874,2.999753
aaaaajam_s001_t000,sampling_rate,512,naive,1,3.479897,0.954682,0.644785
aaaaajar_s001_t001,sampling_rate,512,naive,0,1.824014,0.819580,0.294386
aaaaajbb_s001_t000,sampling_rate,512,naive,0,4.429766,0.980692,0.911890
aaaaajbh_s002_t000,sampling_rate,512,naive,0,-0.326910,0.382413,0.080469
aaaaajce_s001_t000,sampling_rate,512,naive,0,4.187637,0.975953,4.825312
aaaaajci_s001_t000,sampling_rate,512,naive,0,4.767651,0.985808,5.374271
aaaaajck_s001_t000,sampling_rate,512,naive,0,2.306094,0.876549,1.820511
aaaaajct_s001_t000,sampling_rate,512,naive,0,2.472016,0.892245,1.955200
aaaaajcu_s001_t000,sampling_rate,512,naive,0,1.500317,0.770935,0.312929
aaaaajda_s001_t000,sampling_rate,512,naive,0,1.281774,0.733240,1.214474
aaaaajdb_s001_t000,sampling_rate,512,naive,0,2.064929,0.850269,3.615348
aaaaajdv_s001_t000,sampling_rate,512,naive,0,5.063190,0.989170,10.044897
aaaaajdy_s001_t000,sampling_rate,512,naive,0,0.435965,0.556626,0.994431
aaaaajdz_s001_t000,sampling_rate,512,naive,0,3.752136,0.964425,4.325118
aaaaajea_s001_t000,sampling_rate,512,naive,0,3.249469,0.944495,2.379122
aaaaajen_s001_t000,sampling_rate,512,naive,0,3.613467,0.959745,5.614557
aaaaajey_s001_t000,sampling_rate,512,naive,0,4.955302,0.988046,3.799810
aaaaajfb_s001_t000,sampling_rate,512,naive,0,1.934611,0.834239,3.082855
aaaaajfe_s001_t000,sampling_rate,512,naive,0,1.322448,0.740546,1.665804
aaaaajff_s001_t000,sampling_rate,512,naive,0,2.280674,0.873978,1.578489
aaaaajfi_s001_t001,sampling_rate,512,naive,0,3.766559,0.964881,2.370598
aaaaajfn_s001_t001,sampling_rate,512,naive,0,1.019803,0.683176,0.488157
aaaaajfy_s001_t000,sampling_rate,512,naive,0,-0.544938,0.335967,1.101994
aaaaajga_s001_t001,sampling_rate,512,naive,0,4.292251,0.978126,1.322702
aaaaajhy_s001_t000,sampling_rate,512,naive,0,1.513550,0.773093,1.381422
aaaaajit_s001_t001,sampling_rate,512,naive,0,3.700921,0.962761,3.126369
aaaaajiu_s001_t000,sampling_rate,512,naive,0,0.069546,0.472028,5.174426
aaaaajiy_s001_t001,sampling_rate,512,naive,0,1.210598,0.720144,1.082367
aaaaajiz_s001_t000,sampling_rate,512,naive,0,4.990220,0.988422,7.466864
aaaaajjb_s001_t001,sampling_rate,512,naive,0,1.367076,0.748410,4.001005
aaaaajje_s001_t000,sampling_rate,512,naive,0,-0.302703,0.387724,0.517965
aaaaajjk_s001_t000,sampling_rate,512,naive,0,1.270939,0.731271,4.123372
aaaaajna_s001_t000,sampling_rate,512,naive,0,0.519781,0.575698,1.148824
aaaaajnu_s001_t000,sampling_rate,512,naive,0,0.695618,0.614922,2.101400
aaaaajon_s001_t000,sampling_rate,512,naive,0,1.844638,0.822388,3.614053
aaaaajoo_s002_t001,sampling_rate,512,naive,1,1.213245,0.720638,0.298130
aaaaajpg_s001_t001,sampling_rate,512,naive,0,1.343968,0.744358,2.628843
aaaaajqh_s004_t000,sampling_rate,512,naive,1,4.891952,0.987332,6.218628
aaaaajqk_s003_t001,sampling_rate,512,naive,1,5.274468,0.991079,0.218308
aaaaajrf_s001_t000,sampling_rate,512,naive,1,7.408376,0.998755,5.604925
aaaaajrf_s002_t000,sampling_rate,512,naive,1,6.303772,0.996543,7.586933
aaaaajrf_s003_t002,sampling_rate,512,naive,1,7.369676,0.998710,5.544287
aaaaajrf_s004_t000,sampling_rate,512,naive,1,2.662563,0.908080,0.620579
aaaaajso_s001_t000,sampling_rate,512,naive,1,1.776507,0.812980,4.328467
aaaaajtg_s001_t000,sampling_rate,512,naive,0,3.137167,0.938782,5.398068
aaaaajtu_s001_t000,sampling_rate,512,naive,0,2.244495,0.870240,3.961042
aaaaajuh_s001_t000,sampling_rate,512,naive,1,7.246119,0.998553,17.774750
aaaaajun_s001_t000,sampling_rate,512,naive,0,4.484939,0.981636,2.273427
aaaaajvh_s001_t001,sampling_rate,512,naive,0,4.759988,0.985708,3.382827
aaaaajxp_s001_t000,sampling_rate,512,naive,0,-0.084148,0.436741,2.536841
aaaaakck_s001_t001,sampling_rate,512,naive,1,4.538557,0.982511,2.067578
aaaaakcx_s001_t001,sampling_rate,512,naive,1,2.851755,0.921702,0.257637
aaaaakcy_s005_t001,sampling_rate,512,naive,1,6.829521,0.997873,0.462762
aaaaakdj_s001_t000,sampling_rate,512,naive,1,7.493937,0.998850,0.400343
aaaaakdo_s001_t000,sampling_rate,512,naive,1,4.981090,0.988325,1.035272
aaaaakeq_s001_t000,sampling_rate,512,naive,1,7.495258,0.998851,6.390778
aaaaakeq_s002_t000,sampling_rate,512,naive,1,6.005973,0.995450,9.000011
aaaaakeq_s003_t000,sampling_rate,512,naive,1,8.063071,0.999321,4.823254
aaaaakev_s001_t001,sampling_rate,512,naive,1,8.580286,0.999579,14.004292
aaaaakev_s002_t000,sampling_rate,512,naive,1,4.384201,0.979876,6.642758
aaaaakft_s001_t000,sampling_rate,512,naive,0,0.436448,0.556737,1.139428
aaaaakgp_s001_t001,sampling_rate,512,naive,0,4.282908,0.977940,1.734160
aaaaakgu_s001_t000,sampling_rate,512,naive,1,2.710479,0.911719,0.656472
aaaaakjk_s002_t002,sampling_rate,512,naive,1,3.511901,0.955948,3.068989
aaaaakjk_s003_t000,sampling_rate,512,naive,1,4.587175,0.983268,1.374438
aaaaakka_s001_t001,sampling_rate,512,naive,0,1.213150,0.720620,2.977109
aaaaakmg_s003_t001,sampling_rate,512,naive,1,5.130723,0.989821,1.695216
aaaaakmh_s001_t000,sampling_rate,512,naive,1,0.609676,0.595903,5.944505
aaaaaknt_s001_t000,sampling_rate,512,naive,1,4.403773,0.980230,3.918180
aaaaakoo_s001_t001,sampling_rate,512,naive,1,6.027572,0.995540,2.897616
aaaaakqg_s001_t001,sampling_rate,512,naive,0,3.663454,0.961496,1.399242
aaaaakqr_s001_t000,sampling_rate,512,naive,0,1.162769,0.711127,0.176736
aaaaakrt_s001_t001,sampling_rate,512,naive,1,5.166876,0.990153,4.724032
aaaaakrt_s002_t001,sampling_rate,512,naive,1,2.514441,0.895966,3.670397
aaaaaksb_s001_t000,sampling_rate,512,naive,0,2.037782,0.847039,0.205676
aaaaaksu_s001_t001,sampling_rate,512,naive,0,4.043770,0.972618,4.072697
aaaaakxz_s001_t001,sampling_rate,512,naive,1,1.568584,0.781913,0.960839
aaaaakxz_s002_t001,sampling_rate,512,naive,1,0.323523,0.530787,0.150384
aaaaalaf_s001_t000,sampling_rate,512,naive,0,4.769084,0.985826,1.025646
aaaaalau_s001_t000,sampling_rate,512,naive,1,0.881360,0.654785,0.343331
aaaaalbh_s001_t000,sampling_rate,512,naive,1,2.549711,0.898973,1.142685
aaaaalbt_s001_t001,sampling_rate,512,naive,0,-0.239213,0.401777,0.823422
aaaaalbt_s002_t000,sampling_rate,512,naive,0,0.964888,0.672062,1.296089
aaaaalbz_s006_t000,sampling_rate,512,naive,1,5.611017,0.993453,10.570787
aaaaalid_s001_t001,sampling_rate,512,naive,0,4.261809,0.977514,4.203243
aaaaaljf_s001_t000,sampling_rate,512,naive,1,2.624472,0.905092,8.727544
aaaaaljj_s001_t000,sampling_rate,512,naive,0,4.357190,0.979376,0.879410
aaaaallc_s001_t001,sampling_rate,512,naive,0,3.132558,0.938536,3.482467
aaaaalle_s002_t000,sampling_rate,512,naive,1,1.597987,0.786523,5.508130
aaaaalox_s001_t001,sampling_rate,512,naive,0,4.733111,0.985353,2.591906
aaaaalpv_s001_t000,sampling_rate,512,naive,0,4.159658,0.975337,3.276869
aaaaalqa_s001_t000,sampling_rate,512,naive,0,4.712163,0.985070,1.945029
aaaaalqr_s001_t001,sampling_rate,512,naive,1,1.225654,0.722947,1.688102
aaaaalqs_s001_t001,sampling_rate,512,naive,0,2.408768,0.886480,0.231312
aaaaalqx_s001_t000,sampling_rate,512,naive,0,0.403527,0.549197,2.165939
aaaaalrc_s002_t000,sampling_rate,512,naive,1,8.958167,0.999704,0.472129
aaaaalsq_s001_t000,sampling_rate,512,naive,0,2.758509,0.915236,2.149372
aaaaalsx_s001_t000,sampling_rate,512,naive,1,2.283326,0.874248,2.792332
aaaaalsx_s004_t001,sampling_rate,512,naive,1,-0.647591,0.315090,0.678174
aaaaaluz_s001_t001,sampling_rate,512,naive,0,3.877834,0.968212,1.147681
aaaaalvw_s001_t000,sampling_rate,512,naive,0,2.516358,0.896131,3.763707
aaaaalvz_s001_t000,sampling_rate,512,naive,1,11.551814,0.999973,0.964716
aaaaalxk_s001_t000,sampling_rate,512,naive,0,2.173967,0.862681,2.575397
aaaaalyr_s001_t000,sampling_rate,512,naive,1,1.639467,0.792904,0.445030
aaaaalzk_s002_t001,sampling_rate,512,naive,1,4.477572,0.981513,11.454030
aaaaamcb_s001_t001,sampling_rate,512,naive,1,6.786765,0.997788,13.032377
aaaaamfe_s001_t001,sampling_rate,512,naive,0,3.324636,0.948035,0.826570
aaaaamft_s001_t001,sampling_rate,512,naive,1,3.439013,0.953015,1.799833
aaaaamfu_s001_t000,sampling_rate,512,naive,0,-1.117416,0.229397,0.370583
aaaaamhi_s001_t000,sampling_rate,512,naive,1,6.478199,0.997058,1.467448
aaaaamhk_s001_t000,sampling_rate,512,naive,1,3.269222,0.945447,1.102101
aaaaamjc_s001_t001,sampling_rate,512,naive,1,5.549029,0.993068,2.686476
aaaaammh_s001_t001,sampling_rate,512,naive,1,1.854962,0.823781,1.417488
aaaaamnq_s001_t000,sampling_rate,512,naive,1,6.426821,0.996915,2.825201
aaaaamnq_s002_t000,sampling_rate,512,naive,1,5.437335,0.992319,1.441051
aaaaamon_s001_t000,sampling_rate,512,naive,0,3.494328,0.955257,4.303896
aaaaampz_s001_t000,sampling_rate,512,naive,1,1.397049,0.753603,1.067298
aaaaamrj_s001_t000,sampling_rate,512,naive,0,3.174104,0.940719,1.398202
aaaaamsc_s001_t000,sampling_rate,512,naive,1,6.681836,0.997562,5.018286
aaaaamtb_s001_t000,sampling_rate,512,naive,0,2.537982,0.897981,2.164380
aaaaamuc_s001_t000,sampling_rate,512,naive,0,0.041349,0.465523,0.392695
aaaaamxn_s001_t000,sampling_rate,512,naive,1,4.133954,0.974757,0.331334
aaaaamyb_s001_t001,sampling_rate,512,naive,0,1.206384,0.719357,0.498459
aaaaamye_s001_t000,sampling_rate,512,naive,1,4.411401,0.980367,2.482353
aaaaamzi_s001_t001,sampling_rate,512,naive,1,3.257491,0.944884,4.734051
aaaaamzl_s001_t000,sampling_rate,512,naive,0,5.050133,0.989040,3.668795
aaaaamzx_s001_t000,sampling_rate,512,naive,0,0.600687,0.593896,2.997634
aaaaanbq_s001_t000,sampling_rate,512,naive,0,-0.210725,0.408136,0.931220
aaaaanek_s001_t000,sampling_rate,512,naive,0,2.241201,0.869895,2.596872
aaaaangp_s001_t000,sampling_rate,512,naive,0,1.127424,0.704353,0.906395
aaaaanhb_s001_t003,sampling_rate,512,naive,1,2.479861,0.892941,1.988172
aaaaanhb_s003_t001,sampling_rate,512,naive,1,0.843524,0.646819,1.324366
aaaaanhb_s005_t000,sampling_rate,512,naive,1,1.920148,0.832378,1.649098
aaaaankf_s001_t000,sampling_rate,512,naive,1,4.556529,0.982794,0.866131
aaaaanlp_s001_t000,sampling_rate,512,naive,0,3.046047,0.933746,0.801220
aaaaanmc_s001_t000,sampling_rate,512,naive,1,5.395354,0.992016,2.703297
aaaaanop_s001_t000,sampling_rate,512,naive,0,1.472049,0.766278,1.835141
aaaaanoz_s001_t000,sampling_rate,512,naive,1,-0.691709,0.306336,3.486988
aaaaanpr_s001_t002,sampling_rate,512,naive,1,-0.026402,0.449943,4.338359
aaaaanqe_s001_t000,sampling_rate,512,naive,0,0.298806,0.525080,0.736783
aaaaanro_s001_t000,sampling_rate,512,naive,1,5.644155,0.993650,0.447340
aaaaansj_s001_t000,sampling_rate,512,naive,1,0.777255,0.632669,1.140962
aaaaanta_s001_t000,sampling_rate,512,naive,1,3.119752,0.937848,5.899777
aaaaanum_s001_t000,sampling_rate,512,naive,0,3.189658,0.941518,1.009068
aaaaanvb_s002_t000,sampling_rate,512,naive,0,6.176884,0.996114,0.888303
aaaaanvg_s001_t002,sampling_rate,512,naive,0,1.413807,0.756475,3.643948
aaaaanvw_s001_t000,sampling_rate,512,naive,0,1.463344,0.764830,2.006309
aaaaanwc_s001_t001,sampling_rate,512,naive,1,6.001054,0.995429,51.056702
aaaaanxl_s001_t000,sampling_rate,512,naive,1,3.925286,0.969538,5.460857
aaaaanyb_s001_t001,sampling_rate,512,naive,0,1.910855,0.831173,0.476961
aaaaanyt_s002_t000,sampling_rate,512,naive,1,2.723517,0.912687,8.043441
aaaaanyw_s001_t000,sampling_rate,512,naive,1,4.588771,0.983292,0.760050
aaaaanyw_s002_t000,sampling_rate,512,naive,1,2.260793,0.871935,0.695661
aaaaanzh_s001_t000,sampling_rate,512,naive,1,3.920745,0.969413,3.204643
aaaaanzu_s001_t003,sampling_rate,512,naive,1,5.054714,0.989086,6.937563
aaaaaoav_s001_t000,sampling_rate,512,naive,0,4.802248,0.986249,1.172744
aaaaaoav_s002_t000,sampling_rate,512,naive,0,1.397727,0.753720,2.431843
aaaaaobi_s001_t000,sampling_rate,512,naive,1,2.773279,0.916292,9.897949
aaaaaobl_s001_t000,sampling_rate,512,naive,0,2.779647,0.916743,1.742558
aaaaaoby_s001_t000,sampling_rate,512,naive,0,2.193495,0.864810,11.958302
aaaaaoda_s001_t000,sampling_rate,512,naive,1,3.355383,0.949421,7.309121
aaaaaoeg_s001_t000,sampling_rate,512,naive,0,4.322185,0.978711,1.603508
aaaaaofj_s001_t000,sampling_rate,512,naive,0,0.813493,0.640437,0.382559
aaaaaofr_s001_t000,sampling_rate,512,naive,0,3.348898,0.949132,1.391292
aaaaaofz_s001_t000,sampling_rate,512,naive,0,2.734802,0.913516,1.053352
aaaaaohb_s001_t000,sampling_rate,512,naive,1,6.935336,0.998072,1.418691
aaaaaohr_s002_t001,sampling_rate,512,naive,1,5.496431,0.992725,3.021281
aaaaaoiq_s001_t000,sampling_rate,512,naive,1,3.891727,0.968606,10.588030
aaaaaoiv_s001_t000,sampling_rate,512,naive,1,0.283140,0.521459,0.363916
aaaaaoiv_s002_t001,sampling_rate,512,naive,1,10.499321,0.999929,3.386790
aaaaaoiv_s003_t003,sampling_rate,512,naive,1,7.854213,0.999176,0.397108
aaaaaojd_s001_t002,sampling_rate,512,naive,0,0.976293,0.674387,2.486958
aaaaaokg_s001_t000,sampling_rate,512,naive,0,4.414248,0.980418,1.175750
aaaaaoly_s001_t000,sampling_rate,512,naive,0,2.328619,0.878790,8.718374
aaaaaome_s001_t000,sampling_rate,512,naive,0,3.402843,0.951491,2.228912
aaaaaomx_s001_t000,sampling_rate,512,naive,0,0.051527,0.467870,3.063744
aaaaaomy_s001_t000,sampling_rate,512,naive,1,5.385880,0.991946,6.214537
aaaaaonb_s001_t000,sampling_rate,512,naive,0,3.889732,0.968550,6.849212
aaaaaons_s002_t002,sampling_rate,512,naive,1,5.467816,0.992531,2.391658
aaaaaopd_s001_t000,sampling_rate,512,naive,0,5.459254,0.992472,8.886230
aaaaaopo_s001_t000,sampling_rate,512,naive,0,4.027344,0.972210,1.297382
aaaaaora_s002_t000,sampling_rate,512,naive,1,3.604149,0.959410,1.839073
aaaaaord_s001_t000,sampling_rate,512,naive,1,5.504974,0.992782,2.955332
aaaaaosh_s001_t000,sampling_rate,512,naive,1,3.361050,0.949672,5.455783
aaaaaosw_s001_t000,sampling_rate,512,naive,0,1.823364,0.819491,0.891339
aaaaaote_s001_t000,sampling_rate,512,naive,0,0.064963,0.470970,1.337495
aaaaaout_s001_t000,sampling_rate,512,naive,1,4.437226,0.980822,5.579550
aaaaaovl_s001_t000,sampling_rate,512,naive,1,4.782773,0.986003,0.185312
aaaaaovo_s001_t000,sampling_rate,512,naive,1,4.585249,0.983239,1.536896
aaaaaowb_s001_t000,sampling_rate,512,naive,0,2.917082,0.925960,1.680266
aaaaaoxf_s001_t000,sampling_rate,512,naive,0,1.165881,0.711719,0.342551
aaaaaozf_s001_t001,sampling_rate,512,naive,0,3.084055,0.935892,2.823096
aaaaapag_s001_t000,sampling_rate,512,naive,0,3.656750,0.961266,7.647524
aaaaapar_s001_t000,sampling_rate,512,naive,1,8.681052,0.999617,0.482529
aaaaapcb_s001_t000,sampling_rate,512,naive,0,-0.744526,0.296037,0.204700
aaaaapcy_s001_t002,sampling_rate,512,naive,0,2.574193,0.901014,4.902005
aaaaapdg_s001_t000,sampling_rate,512,naive,0,4.408456,0.980314,4.339113
aaaaaphs_s001_t000,sampling_rate,512,naive,1,5.014729,0.988679,5.671741
aaaaaphw_s001_t000,sampling_rate,512,naive,0,1.993688,0.841670,3.648083
aaaaapij_s001_t000,sampling_rate,512,naive,0,0.645004,0.603760,0.997756
aaaaapjc_s001_t001,sampling_rate,512,naive,0,0.726009,0.621567,1.213190
aaaaapka_s001_t000,sampling_rate,512,naive,0,3.154223,0.939684,0.591660
aaaaapkx_s001_t001,sampling_rate,512,naive,1,3.308736,0.947305,1.697925
aaaaaply_s001_t001,sampling_rate,512,naive,1,3.332641,0.948399,1.040616
aaaaapmb_s002_t001,sampling_rate,512,naive,1,1.552062,0.779291,0.629208
aaaaapmp_s001_t000,sampling_rate,512,naive,1,2.957813,0.928506,2.728695
aaaaapnr_s001_t000,sampling_rate,512,naive,1,0.554885,0.583622,0.692379
aaaaapoc_s001_t000,sampling_rate,512,naive,1,2.799613,0.918144,8.956647
aaaaapof_s001_t000,sampling_rate,512,naive,0,2.855948,0.921982,0.954158
aaaaapoo_s001_t000,sampling_rate,512,naive,0,-0.120400,0.428496,0.895015
aaaaapoq_s001_t000,sampling_rate,512,naive,0,4.479964,0.981553,4.254036
aaaaappb_s001_t000,sampling_rate,512,naive,0,1.574390,0.782829,2.007550
aaaaapqd_s001_t000,sampling_rate,512,naive,1,-0.474982,0.350576,0.601929
aaaaapqv_s001_t000,sampling_rate,512,naive,0,0.014450,0.459328,0.631222
aaaaapta_s001_t000,sampling_rate,512,naive,1,3.831595,0.966867,3.026332
aaaaapth_s001_t000,sampling_rate,512,naive,1,-0.134795,0.425234,0.777115
aaaaapua_s001_t001,sampling_rate,512,naive,0,0.122848,0.484350,1.775674
aaaaapuu_s001_t000,sampling_rate,512,naive,0,1.528522,0.775517,2.969643
aaaaapvw_s001_t001,sampling_rate,512,naive,1,5.041610,0.988954,3.672018
aaaaapvy_s001_t000,sampling_rate,512,naive,1,-0.109363,0.431002,1.931820
aaaaapwn_s001_t001,sampling_rate,512,naive,0,2.696814,0.910695,1.693689
aaaaapwo_s001_t001,sampling_rate,512,naive,1,8.278481,0.999444,10.345134
aaaaapxm_s001_t001,sampling_rate,512,naive,0,2.985026,0.930162,0.437135
aaaaapys_s001_t001,sampling_rate,512,naive,1,8.117655,0.999354,0.364645
aaaaapys_s002_t001,sampling_rate,512,naive,1,4.105513,0.974101,3.732418
